date,ret,wealth
2000-06-01,0.01458867273,1.014588673
2000-06-02,0.01127249026,1.026025614
2000-06-05,-0.004796883614,1.021103888
2000-06-06,0.005591746682,1.026813642
2000-06-07,0.001100605254,1.027943759
2000-06-08,-0.002506116363,1.025367612
2000-06-09,0.003578186118,1.029036568
2000-06-12,-0.002554422102,1.026407975
2000-06-13,0.002489837309,1.028963564
2000-06-14,-0.0009261728044,1.028010566
2000-06-15,0.01141462294,1.039744918
2000-06-16,0.003008044777,1.042872518
2000-06-19,0.009822322247,1.053115948
2000-06-20,-0.001406590696,1.051634645
2000-06-21,0.007402239234,1.059419096
2000-06-22,-0.01979396561,1.038448991
2000-06-23,-0.009143130541,1.028954316
2000-06-26,-0.00360475732,1.025245185
2000-06-27,-0.006319779407,1.018765862
2000-06-28,-0.0009896149359,1.017757676
2000-06-29,-0.0008339019888,1.016908966
2000-06-30,0.00332341064,1.020288572
2000-07-03,0.00366184828,1.024024714
2000-07-05,-0.0215147173,1.001993112
2000-07-06,0.01106531264,1.013080479
2000-07-07,0.01273178688,1.025978804
2000-07-10,-0.001222083454,1.024724972
2000-07-11,0.01082027891,1.035812782
2000-07-12,0.008934882692,1.045067647
2000-07-13,-0.001919350349,1.043061797
2000-07-14,0.0113471222,1.054897546
2000-07-17,-0.0078588299,1.046607286
2000-07-18,-0.003105847961,1.043356683
2000-07-19,-0.009511959997,1.033432316
2000-07-20,0.01214351045,1.045981812
2000-07-21,-0.01459607013,1.030714588
2000-07-24,-0.009555045023,1.020866064
2000-07-25,0.00314669003,1.024078413
2000-07-26,-0.00324429885,1.020755996
2000-07-27,0.002790520785,1.023604437
2000-07-28,-0.02205202712,1.001031884
2000-07-31,0.01044892421,1.011491591
2000-08-01,0.004605647385,1.016150164
2000-08-02,0.00561975366,1.021860678
2000-08-03,0.003518231315,1.02545582
2000-08-04,0.008244016119,1.033909694
2000-08-07,0.008640153655,1.042842833
2000-08-08,0.002321140694,1.045263418
2000-08-09,0.004061484491,1.049508739
2000-08-10,-0.003378057212,1.045963439
2000-08-11,0.002965950738,1.049065715
2000-08-14,0.01530148739,1.06511798
2000-08-15,-0.002239017592,1.062733162
2000-08-16,0.0001968396706,1.06294235
2000-08-17,0.01722855027,1.081255306
2000-08-18,-0.00343177204,1.077544684
2000-08-21,0.003861960593,1.08170612
2000-08-22,-0.005098102093,1.076191471
2000-08-23,0.01228110344,1.08940829
2000-08-24,-0.004950292043,1.084015401
2000-08-25,0.005427247536,1.089898621
2000-08-28,0.0007427208451,1.090708111
2000-08-29,0.002254123702,1.093166702
2000-08-30,-0.002853141877,1.090047743
2000-08-31,0.003235000808,1.093574048
2000-09-01,0.003216951056,1.097092022
2000-09-05,-0.01069501398,1.085358608
2000-09-06,-0.007317752465,1.077416222
2000-09-07,2.204449379e-05,1.077439973
2000-09-08,-0.002937772633,1.074274699
2000-09-11,-0.000746373594,1.073472889
2000-09-12,-0.005549323358,1.067515841
2000-09-13,0.00471470417,1.072548862
2000-09-14,-0.002938822724,1.069396831
2000-09-15,-0.01260234167,1.055919927
2000-09-18,-0.01911846771,1.035732356
2000-09-19,0.01801538723,1.054391476
2000-09-20,-0.01005909118,1.043785256
2000-09-21,-0.007458614944,1.036000063
2000-09-22,-0.005939637735,1.029846598
2000-09-25,0.003352463631,1.033299121
2000-09-26,-0.009210526951,1.023781892
2000-09-27,-0.007740107646,1.01585771
2000-09-28,0.02974924123,1.046078706
2000-09-29,-0.01657279554,1.028742258
2000-10-02,0.006499937939,1.035429018
2000-10-03,-0.01000246059,1.02507218
2000-10-04,-0.005123482951,1.019820241
2000-10-05,-0.002002541977,1.017778008
2000-10-06,-0.02221093003,0.9951722116
2000-10-09,-0.001904641946,0.9932767649
2000-10-10,-0.01192739991,0.9814295557
2000-10-11,-0.006996791366,0.9745626979
2000-10-12,-0.02584029215,0.949379713
2000-10-13,0.03261449691,0.9803432547
2000-10-16,-0.00549808731,0.9749532419
2000-10-17,-0.01772655938,0.9576706754
2000-10-18,-0.01350242558,0.9447397984
2000-10-19,0.04696421577,0.9891087621
2000-10-20,0.01295478389,1.001922452
2000-10-23,-0.01298807499,0.9889094084
2000-10-24,-0.003698295792,0.9852521289
2000-10-25,-0.02972862958,0.9559619333
2000-10-26,-0.001280988973,0.9547373566
2000-10-27,0.01147436656,0.965692363
2000-10-30,0.0132542944,0.9784919339
2000-10-31,0.02050036443,0.9985513752
2000-11-01,0.002902128372,1.001449299
2000-11-02,-0.01058812352,0.9908458306
2000-11-03,-0.003751114969,0.9871290539
2000-11-06,0.004315958633,0.9913894621
2000-11-07,0.002014541447,0.9933866573
2000-11-08,-0.0009750714357,0.9924180343
2000-11-09,0.0006776396366,0.9930905361
2000-11-10,-0.0020441615,0.9910604987
2000-11-13,-0.008970061056,0.9821706255
2000-11-14,-0.001927769874,0.9802772265
2000-11-15,0.003582784652,0.9837893487
2000-11-16,0.004014624704,0.9877388938
2000-11-17,-0.01040031685,0.9774660963
2000-11-20,-0.008257618245,0.9693945544
2000-11-21,0.005128062703,0.9743656705
2000-11-22,-0.01091023469,0.9637351123
2000-11-24,0.006597768415,0.9700936134
2000-11-27,-0.0004121709356,0.969693769
2000-11-28,0.008045498926,0.9774954392
2000-11-29,-0.00432760193,0.9732652281
2000-11-30,-0.01330525149,0.9603156894
2000-12-01,-0.0009013517657,0.9594501072
2000-12-04,0.007777013497,0.9669117636
2000-12-05,0.009078198019,0.9756895801
2000-12-06,-0.002968285695,0.9727934547
2000-12-07,0.006056452431,0.9786851319
2000-12-08,0.001404756938,0.9800599467
2000-12-11,0.004651562539,0.9846187568
2000-12-12,0.0008530929835,0.9854587282
2000-12-13,0.009075650583,0.9944024072
2000-12-14,-0.02181262348,0.9727118819
2000-12-15,-0.0003622942249,0.972359474
2000-12-18,0.01949706977,0.9913176346
2000-12-19,-0.009477215687,0.9819227035
2000-12-20,-0.01605057103,0.9661622834
2000-12-21,0.008351992794,0.9742316639
2000-12-22,0.01244477857,0.9863557612
2000-12-26,0.02934292106,1.01529832
2000-12-27,0.001815047315,1.017141135
2000-12-28,0.006143384138,1.023389824
2000-12-29,-0.006817281007,1.016413088
2001-01-02,-0.01359443387,1.002595527
2001-01-03,0.0007959689267,1.003393562
2001-01-04,-0.02140441528,0.9819165095
2001-01-05,-0.003157587312,0.9788160224
2001-01-08,0.0004627268025,0.9792689468
2001-01-09,-0.01084432943,0.9686494317
2001-01-10,0.006877739143,0.9753115499
2001-01-11,-0.003341016033,0.9720530183
2001-01-12,-0.005939905544,0.9662791152
2001-01-16,0.0003924348426,0.9666583168
2001-01-17,-0.000262629212,0.9664044441
2001-01-18,-0.005276002489,0.9613056919
2001-01-19,-0.004905873809,0.9565896474
2001-01-22,0.00881918534,0.9650259888
2001-01-23,0.008152701141,0.9728935573
2001-01-24,0.002148062692,0.9749833937
2001-01-25,0.01533034106,0.9899302216
2001-01-26,-0.007548520791,0.9824577128
2001-01-29,0.002729323832,0.985139158
2001-01-30,0.005789198622,0.9908423243
2001-01-31,-0.00363159533,0.9872439859
2001-02-01,0.0002437298179,0.9874846067
2001-02-02,0.00792930453,0.9953146729
2001-02-05,0.008726309742,1.004000097
2001-02-06,-0.002881525606,1.001107045
2001-02-07,0.0007238521539,1.001831698
2001-02-08,-9.572063333e-05,1.001735803
2001-02-09,0.00949185468,1.011244133
2001-02-12,0.003089445744,1.014368317
2001-02-13,-0.007116105277,1.007149965
2001-02-14,-0.009335371386,0.9977478464
2001-02-15,-0.0073098029,0.9904545063
2001-02-16,0.004198415264,0.9946128456
2001-02-20,-0.01256826834,0.9821122845
2001-02-21,-0.01311814279,0.9692287953
2001-02-22,-0.00180188224,0.9674823591
2001-02-23,-0.008314258415,0.9594384608
2001-02-26,0.0141624738,0.9730264828
2001-02-27,0.001788901473,0.9747671314
2001-02-28,-0.01135629177,0.9636973914
2001-03-01,0.001016935548,0.9646774095
2001-03-02,0.008242889145,0.9726291385
2001-03-05,-0.0004994257929,0.9721433824
2001-03-06,0.002269132525,0.9743493046
2001-03-07,0.01259108751,0.9866174219
2001-03-08,0.01090515206,0.9973766349
2001-03-09,-0.01508075298,0.9823354443
2001-03-12,-0.02360763154,0.9591448311
2001-03-13,-0.00277083456,0.9564871994
2001-03-14,-0.03187995806,0.9259944276
2001-03-15,0.01611259414,0.9409146
2001-03-16,-0.01259462831,0.9290641303
2001-03-19,0.01230132849,0.9404928534
2001-03-20,-0.01115119538,0.9300052338
2001-03-21,-0.0266449923,0.9052252515
2001-03-22,-0.02263418879,0.8847362123
2001-03-23,0.01615087967,0.8990254804
2001-03-26,0.02072024587,0.9176535094
2001-03-27,0.02348056027,0.9392005279
2001-03-28,-0.01369305745,0.9263400011
2001-03-29,-3.643444961e-05,0.9263062505
2001-03-30,0.01612549263,0.9412433951
2001-04-02,-0.003616555986,0.9378393356
2001-04-03,-0.019662317,0.9193992413
2001-04-04,-0.002555217334,0.9170499764
2001-04-05,0.01340740691,0.9293452386
2001-04-06,-0.01471654508,0.9156684875
2001-04-09,0.01004120689,0.9248629043
2001-04-10,0.01621781122,0.9398621562
2001-04-11,-0.008064057453,0.9322830538
2001-04-12,0.006731964891,0.9385591506
2001-04-16,0.00292215044,0.9413017616
2001-04-17,0.01785933548,0.9581127856
2001-04-18,0.003871491253,0.9618221109
2001-04-19,0.001078539682,0.9628594742
2001-04-20,-0.01333251894,0.950022132
2001-04-23,-0.001753122388,0.9483566269
2001-04-24,-0.006269552277,0.9424108555
2001-04-25,0.01830738811,0.9596639368
2001-04-26,0.00742872015,0.9667930116
2001-04-27,0.009264552619,0.9757499163
2001-04-30,-0.003199516298,0.9726279886
2001-05-01,0.009642047418,0.9820061137
2001-05-02,-0.003546105905,0.9785238161
2001-05-03,-0.005874249753,0.9727757228
2001-05-04,0.01037240988,0.9828657513
2001-05-07,-0.0005129647368,0.9823615758
2001-05-08,-0.009399162365,0.9731281999
2001-05-09,0.001868206002,0.9749462038
2001-05-10,-0.001376970898,0.9736037313
2001-05-11,-0.004753501941,0.968975704
2001-05-14,0.01012040533,0.9787821309
2001-05-15,-0.002163139542,0.9766648886
2001-05-16,0.0262668904,1.002318838
2001-05-17,-0.002078885515,1.000235132
2001-05-18,-0.001638396389,0.9985963504
2001-05-21,0.005641598799,1.00423003
2001-05-22,-0.001174066066,1.003050998
2001-05-23,-0.004454982751,0.9985824231
2001-05-24,0.001802811485,1.000382679
2001-05-25,-0.012426189,0.9879517347
2001-05-29,0.002784323177,0.9907025116
2001-05-30,-0.002394044539,0.9883307257
2001-05-31,0.005825528753,0.9940882748
2001-06-01,0.001025729276,0.9951079402
2001-06-04,0.003393461849,0.998484801
2001-06-05,8.569302964e-05,0.9985703642
2001-06-06,-0.0105504413,0.9880350062
2001-06-07,-0.002683503523,0.9853836108
2001-06-08,-0.00264547895,0.9827767992
2001-06-11,-0.004673784631,0.9781835121
2001-06-12,0.007891454254,0.9859028025
2001-06-13,-0.01217997701,0.9738945291
2001-06-14,-0.01594407787,0.9583666789
2001-06-15,0.00181924781,0.9601101853
2001-06-18,0.002331772166,0.9623489435
2001-06-19,0.005359849018,0.9675069886
2001-06-20,0.00448435071,0.9718456292
2001-06-21,0.007598290417,0.9792299946
2001-06-22,-0.009882463699,0.9695527897
2001-06-25,-0.008309926478,0.9614958773
2001-06-26,0.0007619187093,0.962228459
2001-06-27,-0.001655869926,0.9606351338
2001-06-28,0.007279809484,0.9676283746
2001-06-29,-0.007326501354,0.960539044
2001-07-02,0.01274975047,0.9727856771
2001-07-03,-0.001091959159,0.9717234349
2001-07-05,-0.0006713833073,0.971071036
2001-07-06,-0.01100445773,0.9603849258
2001-07-09,0.007184660073,0.9672849651
2001-07-10,-0.01117910988,0.9564715802
2001-07-11,0.002027745987,0.9584110616
2001-07-12,0.009575115871,0.9675879585
2001-07-13,0.003412336217,0.970889694
2001-07-16,-0.007779350601,0.9633368026
2001-07-17,0.006011047276,0.9691274657
2001-07-18,0.002871823131,0.9719106284
2001-07-19,0.0006036408056,0.9724973133
2001-07-20,-0.01079896123,0.9619953525
2001-07-23,-0.01746056,0.9451983749
2001-07-24,-0.02394943606,0.9225614069
2001-07-25,0.02436054553,0.945035506
2001-07-26,0.002017825916,0.9469424232
2001-07-27,0.002630931244,0.9494337636
2001-07-30,0.000409423415,0.949822484
2001-07-31,0.008471629123,0.9578690278
2001-08-01,0.003794058668,0.9615032391
2001-08-02,-0.003288825106,0.9583410231
2001-08-03,-0.0003104756966,0.9580434815
2001-08-06,-0.01079625037,0.9477002042
2001-08-07,0.003751152289,0.951255172
2001-08-08,-0.01628605276,0.9357629801
2001-08-09,-0.0008412190829,0.9349757984
2001-08-10,0.01525308129,0.9492370603
2001-08-13,-0.002970363968,0.9464174807
2001-08-14,-0.001409024091,0.9450839557
2001-08-15,-0.003640701627,0.941643187
2001-08-16,-0.0009680915988,0.9407315901
2001-08-17,-0.007006552389,0.934140305
2001-08-20,0.006284955648,0.9400113353
2001-08-21,-0.0024841441,0.9376762117
2001-08-22,0.0001606520041,0.9378268513
2001-08-23,0.001951564484,0.9396570809
2001-08-24,0.007735756177,0.9469260389
2001-08-27,-0.001817465973,0.9452050331
2001-08-28,-0.009975176455,0.9357764461
2001-08-29,-0.009215006333,0.9271532602
2001-08-30,-0.007374312228,0.9203161426
2001-08-31,0.004157917547,0.9241427412
2001-09-04,0.002075363654,0.9260606735
2001-09-05,0.001724579083,0.9276577384
2001-09-06,-0.0228928239,0.9064210331
2001-09-07,-0.02305207913,0.8855261437
2001-09-10,-0.003850046936,0.8821168265
2001-09-17,-0.05862879694,0.8303993782
2001-09-18,0.003776137802,0.8335350807
2001-09-19,-0.01544411567,0.8206618685
2001-09-20,-0.01989330348,0.8043361929
2001-09-21,-0.01230393344,0.7944396939
2001-09-24,0.03537744014,0.8225449366
2001-09-25,0.006819793909,0.8281545236
2001-09-26,-0.009625865227,0.8201828197
2001-09-27,0.0003766649848,0.8204917539
2001-09-28,0.02711229148,0.8427371655
2001-10-01,0.003599290045,0.845770421
2001-10-02,0.0067068768,0.851442899
2001-10-03,0.004961919136,0.8556676898
2001-10-04,-0.01029338306,0.8468599745
2001-10-05,0.0101391477,0.8554464129
2001-10-08,-0.004515486042,0.8515836565
2001-10-09,-0.0002342423942,0.8513841795
2001-10-10,0.01389001325,0.8632099171
2001-10-11,0.003677581926,0.8663844423
2001-10-12,-0.007868417586,0.8595673677
2001-10-15,0.001045829343,0.8604663284
2001-10-16,0.003464315841,0.8634472556
2001-10-17,-0.009480726399,0.8552611484
2001-10-18,-0.004397266985,0.8515003368
2001-10-19,0.00551888698,0.8561996709
2001-10-22,0.004713477371,0.8602353487
2001-10-23,-0.008473164988,0.8529464326
2001-10-24,-0.004583928214,0.8490365874
2001-10-25,0.004749725612,0.8530692782
2001-10-26,0.005637276491,0.8578782656
2001-10-29,-0.01073096303,0.8486724057
2001-10-30,-0.01097551016,0.8393577931
2001-10-31,-0.009836280432,0.8311016344
2001-11-01,0.0177988715,0.8458943056
2001-11-02,0.005916544107,0.8508990766
2001-11-05,0.005166015976,0.8552948348
2001-11-06,0.009044311087,0.8630303874
2001-11-07,-0.004102817955,0.8594895308
2001-11-08,0.001700371207,0.860950982
2001-11-09,0.003851011233,0.8642665139
2001-11-12,-0.005233098007,0.8597437226
2001-11-13,0.00876232897,0.8672770799
2001-11-14,0.0002645604927,0.8675065272
2001-11-15,0.002770588169,0.8699100305
2001-11-16,0.008248184715,0.8770852091
2001-11-19,0.003596222478,0.8802394026
2001-11-20,-0.001042030018,0.8793221668
2001-11-21,-0.0004556101655,0.8789215386
2001-11-23,0.007076981714,0.8851416503
2001-11-26,-0.003431631768,0.8821041701
2001-11-27,-0.005604730495,0.8771602139
2001-11-28,-0.0117290006,0.8668720013
2001-11-29,0.006119407458,0.8721767443
2001-11-30,0.002286982119,0.8741713969
2001-12-03,-0.007619991011,0.8675102187
2001-12-04,0.01332669131,0.8790712596
2001-12-05,0.01436773375,0.8917015214
2001-12-06,-0.003792018111,0.8883201731
2001-12-07,-0.005388759545,0.8835332293
2001-12-10,-0.01655614035,0.8689053291
2001-12-11,-0.003237126492,0.8660925727
2001-12-12,-0.001310020869,0.8649579733
2001-12-13,-0.01501899608,0.8519671729
2001-12-14,0.0002490964973,0.8521793949
2001-12-17,0.01778001668,0.8673311588
2001-12-18,0.01215057989,0.8778697353
2001-12-19,-0.0002399480478,0.8776590922
2001-12-20,-0.004690198773,0.8735426966
2001-12-21,0.007195736603,0.8798284798
2001-12-24,0.001665226584,0.8812935935
2001-12-26,0.001576782123,0.8826832015
2001-12-27,0.001722857045,0.8842039385
2001-12-28,0.003476043601,0.8872774699
2001-12-31,-0.01115665408,0.8773784221
2002-01-02,0.002357651548,0.8794469747
2002-01-03,0.006750068648,0.8853833022
2002-01-04,0.0162580045,0.8997778679
2002-01-07,-0.002819991167,0.8972405023
2002-01-08,-0.009115207041,0.8890619693
2002-01-09,-0.004795350806,0.8847986053
2002-01-10,-0.004713116608,0.8806284463
2002-01-11,-0.01217324549,0.86990834
2002-01-14,-0.01599692812,0.8559924788
2002-01-15,0.01105440901,0.8654549698
2002-01-16,-0.0177093445,0.8501283296
2002-01-17,0.00862171487,0.8574578936
2002-01-18,-0.005168439861,0.8530261741
2002-01-22,0.003499793892,0.8560115899
2002-01-23,0.01417331346,0.8681441105
2002-01-24,0.007306403092,0.8744871213
2002-01-25,0.008521347362,0.8819389298
2002-01-28,0.002047939861,0.8837450877
2002-01-29,-0.02586119581,0.8608903829
2002-01-30,0.01534242649,0.8740985304
2002-01-31,0.01779078444,0.8896494289
2002-02-01,-0.009008505502,0.8816350171
2002-02-04,-0.01567490408,0.8678154728
2002-02-05,-0.002882973733,0.8653135836
2002-02-06,-0.003504492228,0.8622810988
2002-02-07,0.001734184354,0.8637764532
2002-02-08,0.01654017273,0.878063465
2002-02-11,0.02206404654,0.8974370981
2002-02-12,-0.008114359059,0.8901549713
2002-02-13,0.01404777319,0.9026596664
2002-02-14,0.001466430222,0.9039833538
2002-02-15,-0.007657641417,0.8970609735
2002-02-19,-0.01573612359,0.8829447111
2002-02-20,0.01947104886,0.9001365707
2002-02-21,-0.002464811835,0.8979179035
2002-02-22,0.006454451817,0.9037134713
2002-02-25,0.01314661838,0.9155942474
2002-02-26,0.003226275627,0.9185482068
2002-02-27,0.0001412878544,0.9186779865
2002-02-28,-0.001970993807,0.9168672779
2002-03-01,0.01436685011,0.9300397727
2002-03-04,0.01357286595,0.9426630778
2002-03-05,-0.0251474535,0.9189575019
2002-03-06,0.01347263481,0.9313382807
2002-03-07,0.000190722696,0.9315159081
2002-03-08,-0.0006863382553,0.9308765731
2002-03-11,-0.001962504573,0.9290497236
2002-03-12,0.00110061559,0.9300722502
2002-03-13,-0.002443134476,0.9277999586
2002-03-14,0.003694088802,0.931227334
2002-03-15,0.01349576799,0.9437949621
2002-03-18,0.0003652873063,0.9441397184
2002-03-19,0.005764520621,0.9495822313
2002-03-20,-0.009383233093,0.9406720799
2002-03-21,-0.007009495385,0.9340784433
2002-03-22,-0.003855911149,0.9304767198
2002-03-25,-0.01370002937,0.9177291614
2002-03-26,0.01331730763,0.9299508429
2002-03-27,0.008170058475,0.9375485957
2002-03-28,-0.002979780554,0.9347549066
2002-04-01,-0.008680071488,0.9266411672
2002-04-02,-0.01000571186,0.9173694627
2002-04-03,-0.01156358389,0.906761384
2002-04-04,0.005099904258,0.9113857802
2002-04-05,0.01057894194,0.9210272775
2002-04-08,0.007798836239,0.9282102184
2002-04-09,0.002517070816,0.9305465892
2002-04-10,0.01409507979,0.9436627177
2002-04-11,-0.01441307033,0.9300616405
2002-04-12,0.006242025645,0.9358671091
2002-04-15,-0.006117205372,0.9301422178
2002-04-16,0.01301267904,0.94224586
2002-04-17,-0.001064589962,0.9412427545
2002-04-18,-0.002385383469,0.9389975296
2002-04-19,0.004670277483,0.9433829086
2002-04-22,-0.01308728928,0.9310365836
2002-04-23,-0.00592268642,0.9255223458
2002-04-24,-0.002738312276,0.9229879766
2002-04-25,0.001157656791,0.9240564799
2002-04-26,-0.00638166673,0.9181594594
2002-04-29,-0.01683049456,0.9027063817
2002-04-30,0.009518585218,0.9112988693
2002-05-01,0.008276265006,0.9188410202
2002-05-02,0.009172775439,0.9272693426
2002-05-03,-0.004458586146,0.9231350323
2002-05-06,-0.01434621221,0.9098915412
2002-05-07,0.008160680858,0.9173168757
2002-05-08,0.0159315456,0.9319311514
2002-05-09,-0.008595901659,0.9239203628
2002-05-10,-0.01104249104,0.9137179805
2002-05-13,0.009921154063,0.9227831174
2002-05-14,0.02294709883,0.9439583127
2002-05-15,0.00172430286,0.9455859828
2002-05-16,0.002238292793,0.9477024811
2002-05-17,0.004195150791,0.9516782359
2002-05-20,-0.005733959643,0.9462213513
2002-05-21,-0.01173689092,0.9351156545
2002-05-22,-0.002377582418,0.9328923399
2002-05-23,0.01164325579,0.9437542441
2002-05-24,-0.008439901344,0.9357890514
2002-05-28,-0.007503884965,0.928766998
2002-05-29,-0.003144084531,0.925846876
2002-05-30,-0.006510567241,0.9198190877
2002-05-31,0.01015306187,0.9291580678
2002-06-03,-0.01973780174,0.9108185301
2002-06-04,-0.004678145656,0.9065575883
2002-06-05,0.01330813037,0.9186221749
2002-06-06,-0.01782880905,0.9022442355
2002-06-07,0.0004985906618,0.9026940861
2002-06-10,0.01001654378,0.9117359609
2002-06-11,-0.01442595915,0.8985832952
2002-06-12,0.005287710445,0.9033347435
2002-06-13,-0.01455226286,0.8901891788
2002-06-14,-0.0005640928725,0.8896870295
2002-06-17,0.02061285825,0.9080260221
2002-06-18,-0.0004255013584,0.9076396558
2002-06-19,-0.003367867439,0.9045828457
2002-06-20,-0.007545797721,0.8977570466
2002-06-21,-0.01835446211,0.8812791989
2002-06-24,0.0005801770904,0.8817904969
2002-06-25,-0.01029115613,0.8727158532
2002-06-26,-0.006552781819,0.8669971366
2002-06-27,0.007157933226,0.8732030442
2002-06-28,0.004216970494,0.8768853157
2002-07-01,-0.00878771814,0.8691794947
2002-07-02,-0.01350711065,0.8574393911
2002-07-03,-0.001172201991,0.8564342989
2002-07-05,0.02600645709,0.8787071208
2002-07-08,-0.004301087476,0.8749277246
2002-07-09,-0.01655505135,0.8604432512
2002-07-10,-0.02749302039,0.8367870673
2002-07-11,-0.01079378973,0.8277549637
2002-07-12,-0.01470060071,0.8155864685
2002-07-15,-0.01750297005,0.8013112829
2002-07-16,-0.02027157404,0.7850674419
2002-07-17,0.002127961762,0.7867380354
2002-07-18,-0.01803225473,0.7725513748
2002-07-19,-0.04649676837,0.7366302324
2002-07-22,-0.01808915462,0.7233052143
2002-07-23,-0.005943403999,0.7190063192
2002-07-24,0.05659090861,0.7596955401
2002-07-25,0.007839611998,0.7656512583
2002-07-26,0.006894411242,0.770929973
2002-07-29,0.04449531689,0.8052327464
2002-07-30,-0.0170641565,0.7914921288
2002-07-31,0.006525705603,0.7966571734
2002-08-01,-0.01543464844,0.78436105
2002-08-02,-0.03216037361,0.7591357056
2002-08-05,-0.03342166638,0.7337641253
2002-08-06,0.03220306417,0.7573935786
2002-08-07,0.02416941767,0.7756993403
2002-08-08,0.02357849501,0.7939891633
2002-08-09,0.004689345061,0.7977124525
2002-08-12,-0.005840529398,0.7930533894
2002-08-13,-0.01719677405,0.7794154295
2002-08-14,0.03088498097,0.8034876602
2002-08-15,0.01582907609,0.8162061275
2002-08-16,-0.009045014998,0.8088235308
2002-08-19,0.01933347455,0.8244609
2002-08-20,-0.01205825599,0.8145193394
2002-08-21,0.01526018766,0.8269490574
2002-08-22,0.01891837736,0.8425935917
2002-08-23,-0.02247691449,0.8236546876
2002-08-26,0.009416835636,0.8314109084
2002-08-27,-0.01482170914,0.8190879777
2002-08-28,-0.01566345835,0.8062582273
2002-08-29,0.0029797963,0.8086607126
2002-08-30,0.002945978352,0.8110430096
2002-09-03,-0.03556330325,0.7821996411
2002-09-04,0.01362748432,0.7928590544
2002-09-05,-0.01304359466,0.7825173223
2002-09-06,0.0067046673,0.7877638406
2002-09-09,0.01527686079,0.7997983991
2002-09-10,0.002916297722,0.8021308493
2002-09-11,0.001983558331,0.8037219227
2002-09-12,-0.01704687179,0.7900209781
2002-09-13,0.00239458639,0.7919127516
2002-09-16,0.002140691807,0.7936079927
2002-09-17,-0.01974439427,0.7779386836
2002-09-18,-0.0007057755607,0.7773896335
2002-09-19,-0.02818992325,0.7554750794
2002-09-20,0.009122463228,0.762366873
2002-09-23,-0.01137353533,0.7536960665
2002-09-24,-0.01967007496,0.7388708084
2002-09-25,0.02039383278,0.7539392161
2002-09-26,0.01825395941,0.7677015919
2002-09-27,-0.03175157975,0.7433258536
2002-09-30,-0.01026262985,0.7356973755
2002-10-01,0.04104055974,0.7658908076
2002-10-02,-0.02310718481,0.7481932272
2002-10-03,-0.005857130592,0.7438109617
2002-10-04,-0.01886753039,0.7297770858
2002-10-07,-0.02362570298,0.7125355891
2002-10-08,0.02498687869,0.7303396295
2002-10-09,-0.02841689636,0.7095856439
2002-10-10,0.02532039528,0.7275526329
2002-10-11,0.03349874611,0.7519247338
2002-10-14,0.01082302972,0.7600628375
2002-10-15,0.04001031786,0.7904731933
2002-10-16,-0.01321819497,0.7800245645
2002-10-17,0.01730280013,0.7935211736
2002-10-18,0.002618553129,0.795599051
2002-10-21,0.0199283396,0.811454019
2002-10-22,-0.01589554064,0.7985555187
2002-10-23,0.001079134728,0.7994172677
2002-10-24,-0.02062684507,0.7829278116
2002-10-25,0.02259013652,0.8006142577
2002-10-28,-0.01185135938,0.7911258904
2002-10-29,-0.006169096412,0.7862453585
2002-10-30,-0.003750232731,0.7832967555
2002-10-31,-0.002172450623,0.7815950819
2002-11-01,0.01543952204,0.7936625364
2002-11-04,-0.002048408737,0.7920367912
2002-11-05,0.01147113068,0.8011223487
2002-11-06,0.01923244191,0.8165298877
2002-11-07,-0.01647585459,0.80307686
2002-11-08,-0.01152084042,0.7938247397
2002-11-11,-0.0195977794,0.7782675375
2002-11-12,0.009814622044,0.7859059393
2002-11-13,-0.003279679553,0.7833284196
2002-11-14,0.02484030522,0.8027865367
2002-11-15,0.006697546051,0.8081632365
2002-11-18,-0.01105513961,0.7992288791
2002-11-19,-0.007261128669,0.7934255753
2002-11-20,0.009865305564,0.8012529611
2002-11-21,0.02403137366,0.8205081704
2002-11-22,-0.005434050741,0.8160494873
2002-11-25,0.004362074785,0.8196091562
2002-11-26,-0.01757064652,0.8052080935
2002-11-27,0.03130309568,0.8304135995
2002-11-29,0.003034565622,0.832933544
2002-12-02,-0.006844765617,0.8272323091
2002-12-03,-0.01653534838,0.8135537347
2002-12-04,0.001252460695,0.8145726788
2002-12-05,-0.006871807797,0.8089750919
2002-12-06,0.003049868953,0.8114423599
2002-12-09,-0.01994245248,0.7952602092
2002-12-10,0.009634082446,0.8029218116
2002-12-11,0.002794217324,0.8051653497
2002-12-12,-0.008635240108,0.7982125535
2002-12-13,-0.009839787437,0.7903583117
2002-12-16,0.02252028475,0.8081574059
2002-12-17,-0.01169409434,0.798706737
2002-12-18,-0.008657242311,0.7917921392
2002-12-19,-0.01037409756,0.7835780103
2002-12-20,0.01284842142,0.7936457508
2002-12-23,-0.004228575126,0.7902897601
2002-12-24,0.0003020600304,0.7905284751
2002-12-26,-0.001580772489,0.7892788294
2002-12-27,-0.01580588432,0.7768035795
2002-12-30,0.007293155618,0.7824689289
2002-12-31,0.004894836939,0.7862989868
2003-01-02,0.03032484234,0.8101433796
2003-01-03,-0.006023759422,0.8052632707
2003-01-06,0.01616675231,0.8182817626
2003-01-07,-0.00773392574,0.8119532322
2003-01-08,-0.01422894157,0.8003999971
2003-01-09,0.01779838231,0.8146458222
2003-01-10,0.004310250782,0.81815715
2003-01-13,0.0004355310365,0.8185134829
2003-01-14,0.001796152815,0.8199836582
2003-01-15,-0.0132294132,0.8091357555
2003-01-16,-0.0004148338838,0.8088000986
2003-01-17,-0.006201213099,0.8037845568
2003-01-21,-0.01912798317,0.7884097794
2003-01-22,-0.009684060335,0.7807747715
2003-01-23,0.01371414291,0.7914824283
2003-01-24,-0.02402270172,0.772468882
2003-01-27,-0.02297869845,0.7547185525
2003-01-28,0.01348022231,0.7648923264
2003-01-29,0.008775638305,0.7716047448
2003-01-30,-0.02302417629,0.7538391811
2003-01-31,0.01311623203,0.7637267107
2003-02-03,0.0006921160729,0.7642552982
2003-02-04,-0.01396100355,0.7535855273
2003-02-05,-0.006454855953,0.7487212413
2003-02-06,-0.00851086858,0.7423489732
2003-02-07,-0.004506669279,0.7390034519
2003-02-10,0.006343577633,0.7436913777
2003-02-11,-0.01227599984,0.7345618224
2003-02-12,-0.008722947657,0.7281542781
2003-02-13,-0.0005647242141,0.7277430717
2003-02-14,0.01129070209,0.735959802
2003-02-18,0.02087932384,0.751326145
2003-02-19,-0.005347772219,0.7473082239
2003-02-20,-0.01030211775,0.7396093666
2003-02-21,0.01376082203,0.7497869995
2003-02-24,-0.02137393301,0.7337611024
2003-02-25,0.004718040471,0.7372230169
2003-02-26,-0.004186476462,0.7341366501
2003-02-27,0.009393344389,0.7410326485
2003-02-28,0.003223692924,0.7434215102
2003-03-03,-0.006588711123,0.7385233206
2003-03-04,-0.0139462257,0.7282237077
2003-03-05,0.007428518313,0.7336333309
2003-03-06,-0.004825473853,0.7300932024
2003-03-07,0.005129942139,0.7338385383
2003-03-10,-0.01543637989,0.7225107279
2003-03-11,-0.01020820038,0.7151351936
2003-03-12,-0.003822614999,0.7124015071
2003-03-13,0.02099832579,0.727360746
2003-03-14,-0.002248605401,0.7257251987
2003-03-17,0.02493293109,0.7438196551
2003-03-18,0.01649177445,0.756086561
2003-03-19,0.003003772112,0.7583576728
2003-03-20,0.003406569245,0.7609410707
2003-03-21,0.01701039316,0.7738849775
2003-03-24,-0.02735837342,0.7527127433
2003-03-25,0.01002574451,0.7602592489
2003-03-26,-0.00271546514,0.7581947914
2003-03-27,4.211121473e-05,0.75822672
2003-03-28,0.004174882888,0.7613922277
2003-03-31,-0.0144675783,0.750376726
2003-04-01,0.01451530867,0.7612686758
2003-04-02,0.01228188685,0.7706184916
2003-04-03,-0.008543204199,0.7640349404
2003-04-04,0.006502184157,0.7690028363
2003-04-07,-0.004224428218,0.7657542391
2003-04-08,-0.003683786522,0.7629333639
2003-04-09,-0.009226099105,0.7558944651
2003-04-10,0.006696926063,0.7609566344
2003-04-11,-0.003710729645,0.7581329301
2003-04-14,0.01382298079,0.768612587
2003-04-15,0.002680574102,0.77067291
2003-04-16,-0.01694112321,0.7576168453
2003-04-17,0.01593234359,0.7696874572
2003-04-21,-0.0004423064212,0.7693470195
2003-04-22,0.02049771508,0.7851168755
2003-04-23,0.005235010201,0.7892269703
2003-04-24,-0.006025565135,0.7844714318
2003-04-25,-0.01233665132,0.7747936813
2003-04-28,0.01001901582,0.7825563514
2003-04-29,-0.002130372693,0.7808892148
2003-04-30,0.002227722328,0.7826288191
2003-05-01,0.00248054664,0.7845701664
2003-05-02,0.01125933914,0.793403908
2003-05-05,-0.001533188205,0.7921874705
2003-05-06,0.007093104459,0.7978065389
2003-05-07,-0.005403668352,0.793495457
2003-05-08,-0.007631845505,0.7874396222
2003-05-09,0.0137168597,0.7982408211
2003-05-12,0.01314746168,0.8087356617
2003-05-13,-0.001950160828,0.8071584971
2003-05-14,-0.005105064682,0.8030379007
2003-05-15,0.005908200417,0.8077824096
2003-05-16,-0.001766458146,0.8063554958
2003-05-19,-0.02754298475,0.7841460587
2003-05-20,-0.004964586299,0.7802530979
2003-05-21,0.00607412917,0.784992456
2003-05-22,0.01225513685,0.7946126459
2003-05-23,-0.001988510925,0.79303255
2003-05-27,0.01842042738,0.8076405485
2003-05-28,-0.001436964457,0.8064799978
2003-05-29,-0.005872312395,0.8017440953
2003-05-30,0.01591720625,0.8145056214
2003-06-02,0.003739745482,0.8175516651
2003-06-03,0.004000443295,0.8208222342
2003-06-04,0.01620360557,0.8341225139
2003-06-05,0.006035465824,0.8391568318
2003-06-06,0.002106575679,0.8409245792
2003-06-09,-0.01602816489,0.8274461014
2003-06-10,0.007746980028,0.8338563098
2003-06-11,0.01199685346,0.8438599618
2003-06-12,0.002852640936,0.8462671912
2003-06-13,-0.007575301594,0.839856462
2003-06-16,0.02506091779,0.8609040358
2003-06-17,0.007728789078,0.8675577815
2003-06-18,-0.007466780775,0.8610799177
2003-06-19,-0.01662788605,0.846761979
2003-06-20,0.001827128517,0.8483091219
2003-06-23,-0.01687259472,0.8339959459
2003-06-24,0.00292212595,0.8364329871
2003-06-25,-0.006194005001,0.831252117
2003-06-26,0.01259057472,0.8417180589
2003-06-27,-0.01079911249,0.8326282509
2003-06-30,-0.003523898531,0.8296941534
2003-07-01,0.004952052586,0.8338028425
2003-07-02,0.009740994856,0.8419249117
2003-07-03,-0.003972404696,0.8385804452
2003-07-07,0.01481980802,0.8510080464
2003-07-08,0.007013713023,0.8569767727
2003-07-09,-0.006671426942,0.8512595147
2003-07-10,-0.01272985688,0.8404231029
2003-07-11,0.01346581297,0.8517400833
2003-07-14,0.007712961071,0.8583095214
2003-07-15,-0.005050008493,0.853975051
2003-07-16,-0.004549876513,0.85008957
2003-07-17,-0.0115567078,0.8402653332
2003-07-18,0.009348070803,0.848120193
2003-07-21,-0.01284635123,0.8372249431
2003-07-22,0.005148968871,0.8415357883
2003-07-23,-7.238938816e-05,0.8414748701
2003-07-24,-0.004433758023,0.8377439741
2003-07-25,0.014902567,0.8502285098
2003-07-28,-0.0004004152787,0.8498880653
2003-07-29,-0.00724412873,0.8437313668
2003-07-30,-0.0006515680071,0.8431816184
2003-07-31,-0.001385609764,0.8420132977
2003-08-01,-0.01194448973,0.8319558785
2003-08-04,0.003172962403,0.8345956433
2003-08-05,-0.01923626485,0.8185411404
2003-08-06,0.001245998251,0.8195610413
2003-08-07,0.005973172687,0.8244564209
2003-08-08,0.002483690952,0.8265041158
2003-08-11,0.0002114456715,0.8266788765
2003-08-12,0.009969386085,0.8349203574
2003-08-13,-0.007833651144,0.8283798826
2003-08-14,0.005805474565,0.833189021
2003-08-15,-0.002498637512,0.8311071836
2003-08-18,0.01243137585,0.8414389894
2003-08-19,0.002316552274,0.8433882268
2003-08-20,-0.003568158745,0.8403788837
2003-08-21,0.001243896665,0.8414242282
2003-08-22,-0.01196267314,0.8313585452
2003-08-25,0.00160425047,0.8326922525
2003-08-26,0.002750610454,0.8349826646
2003-08-27,0.001121081969,0.8359187486
2003-08-28,0.003709050452,0.8390192134
2003-08-29,0.003636563135,0.8420703597
2003-09-02,0.0181875712,0.8573855743
2003-09-03,0.003405068243,0.8603050307
2003-09-04,0.002751909843,0.8626725126
2003-09-05,-0.006569241906,0.8570054082
2003-09-08,0.00947257441,0.8651234557
2003-09-09,-0.01177899487,0.8549331709
2003-09-10,-0.01950153258,0.8382606639
2003-09-11,0.00808528239,0.845038238
2003-09-12,-0.0002919489499,0.84479153
2003-09-15,-0.0007634158346,0.8441466028
2003-09-16,0.01734430784,0.8587877413
2003-09-17,-0.0001148679007,0.8586890942
2003-09-18,0.01487749305,0.8714642352
2003-09-19,-0.002151980348,0.8695888613
2003-09-22,-0.01621319439,0.8554900481
2003-09-23,0.007278760781,0.8617169555
2003-09-24,-0.02366562364,0.8413238863
2003-09-25,-0.005369996005,0.8368059804
2003-09-26,-0.007320941222,0.830679773
2003-09-29,0.008509902477,0.8377487769
2003-09-30,-0.01102579313,0.8285119322
2003-10-01,0.0248745953,0.8491208312
2003-10-02,0.002786387829,0.8514868111
2003-10-03,0.0179621596,0.8667813531
2003-10-06,0.004017762638,0.8702638749
2003-10-07,0.005095811756,0.8746985757
2003-10-08,-0.003628995021,0.871524299
2003-10-09,0.006960633188,0.8775906599
2003-10-10,0.002415265546,0.8797102744
2003-10-13,0.007935255201,0.8866909999
2003-10-14,0.003116105506,0.8894540226
2003-10-15,0.0004171867053,0.889825091
2003-10-16,0.003795397295,0.8932023308
2003-10-17,-0.01324826676,0.881368948
2003-10-20,0.004909093402,0.8856956705
2003-10-21,0.003751570383,0.8890184202
2003-10-22,-0.01513291382,0.875564981
2003-10-23,-0.001106881638,0.8745958342
2003-10-24,-0.005241102129,0.8700119881
2003-10-27,0.007750367881,0.8767549011
2003-10-28,0.01839025863,0.8928786505
2003-10-29,0.004293898563,0.8967125808
2003-10-30,0.00657664175,0.9026099382
2003-10-31,-0.0004380063425,0.9022145894
2003-11-03,0.01106005394,0.9121931314
2003-11-04,-0.00574424231,0.906953273
2003-11-05,-0.0009817944837,0.9060628313
2003-11-06,0.005239504534,0.9108101516
2003-11-07,-0.003598650976,0.9075324638
2003-11-10,-0.008677754067,0.8996571202
2003-11-11,-0.002793663546,0.8971437809
2003-11-12,0.01490914075,0.9105194238
2003-11-13,-0.004190139834,0.9067042201
2003-11-14,-0.01074700962,0.8969598612
2003-11-17,-0.007674835411,0.8900758418
2003-11-18,-0.008964459866,0.8820967927
2003-11-19,0.006307416791,0.8876605448
2003-11-20,-0.01057323777,0.8782750988
2003-11-21,0.005538349814,0.8831392935
2003-11-24,0.01601513038,0.8972828845
2003-11-25,0.006296324926,0.9029324691
2003-11-26,0.007338488079,0.9095586282
2003-11-28,0.001368116585,0.9108030105
2003-12-01,0.01711989759,0.9263958647
2003-12-02,-0.00195463771,0.9245850964
2003-12-03,0.001016515541,0.9255249516
2003-12-04,0.007165636563,0.932156927
2003-12-05,-0.007145601131,0.9254961054
2003-12-08,0.007269713832,0.9322241972
2003-12-09,-0.01055673946,0.9223829493
2003-12-10,-0.0005073458424,0.9219149821
2003-12-11,0.01108365407,0.9321331689
2003-12-12,0.003939493356,0.9358053013
2003-12-15,-0.005751656644,0.9304228705
2003-12-16,0.003778229518,0.9339382217
2003-12-17,0.002912224608,0.9366580595
2003-12-18,0.01266320475,0.9485191523
2003-12-19,-0.0002221030695,0.9483084833
2003-12-22,0.006908156457,0.9548595467
2003-12-23,0.005180292989,0.9598059989
2003-12-24,-0.001349925849,0.958510332
2003-12-26,0.003762746299,0.9621169632
2003-12-29,0.01371184315,0.97530936
2003-12-30,-0.001613883706,0.9737353242
2003-12-31,-0.001683943225,0.9720956092
2004-01-02,-0.0008451907592,0.9712740029
2004-01-05,0.009565940154,0.9805651519
2004-01-06,-0.002396599018,0.9782151304
2004-01-07,0.001458475419,0.9796418332
2004-01-08,0.002550271396,0.9821401857
2004-01-09,-0.008308539332,0.9739800353
2004-01-12,-0.00151103952,0.972508313
2004-01-13,-0.006381735369,0.9663020223
2004-01-14,0.008083852352,0.9741134652
2004-01-15,-0.002726965444,0.9714570914
2004-01-16,-0.0006985560413,0.9707784742
2004-01-20,0.001292344908,0.9720330548
2004-01-21,0.01019638291,0.9819442761
2004-01-22,0.0004293535724,0.9823658773
2004-01-23,-0.0103859948,0.9721630305
2004-01-26,0.001810695265,0.9739233215
2004-01-27,-0.004321141246,0.9697148612
2004-01-28,-0.009407502947,0.9605922658
2004-01-29,0.002715916982,0.9632011546
2004-01-30,0.003195148722,0.9662787256
2004-02-02,-0.004486359949,0.9619436514
2004-02-03,-0.003849039541,0.9582410923
2004-02-04,-0.01081899659,0.9478738852
2004-02-05,0.007314531101,0.9548071382
2004-02-06,0.01726764806,0.9712944118
2004-02-09,-0.001832811642,0.9695142121
2004-02-10,0.007335730716,0.9766263073
2004-02-11,0.01419587746,0.9904903747
2004-02-12,-0.005768352226,0.9847768773
2004-02-13,-0.007999775482,0.9768988834
2004-02-17,0.01274189397,0.9893464254
2004-02-18,-0.004902243821,0.984496408
2004-02-19,-0.002565973404,0.9819702164
2004-02-20,-0.006956022924,0.975139609
2004-02-23,-0.006762093171,0.9685456241
2004-02-24,0.002465727513,0.9709337937
2004-02-25,0.004882883317,0.9756747502
2004-02-26,0.002902982812,0.9785071172
2004-02-27,0.0005082714263,0.9790044644
2004-03-01,0.01157234865,0.9903338454
2004-03-02,-0.003983110523,0.9863892362
2004-03-03,-0.001408884659,0.9849995276
2004-03-04,0.005476444202,0.9903938225
2004-03-05,0.0005735978759,0.9909619103
2004-03-08,-0.01750118624,0.9736189014
2004-03-09,-0.004442997563,0.969293115
2004-03-10,-0.01616987518,0.9536197663
2004-03-11,-0.01483708534,0.9394708284
2004-03-12,0.017617543,0.9560219961
2004-03-15,-0.01698572265,0.9397832717
2004-03-16,0.00872254766,0.9479805761
2004-03-17,0.0130343455,0.9603368824
2004-03-18,-0.002617825698,0.9578228878
2004-03-19,-0.01057922455,0.9476898644
2004-03-22,-0.01505214893,0.9334250954
2004-03-23,-0.002082188565,0.9314815284
2004-03-24,0.003352501984,0.9346043221
2004-03-25,0.02195680474,0.9551252467
2004-03-26,-0.0005019081403,0.9546458615
2004-03-29,0.01140143992,0.965530199
2004-03-30,0.005057184227,0.9704130631
2004-03-31,-0.003184777132,0.9673225137
2004-04-01,0.006834852743,0.9739340207
2004-04-02,0.006036148098,0.9798128307
2004-04-05,0.003198184575,0.9829464529
2004-04-06,0.0006821302898,0.9836169505
2004-04-07,-0.007220676427,0.9765145708
2004-04-08,-0.004521152559,0.9720995994
2004-04-12,0.008640712021,0.9804992321
2004-04-13,-0.02052351203,0.9603759443
2004-04-14,-0.003386810193,0.9571233333
2004-04-15,-0.0003765456073,0.9567629327
2004-04-16,0.009698771525,0.9660423578
2004-04-19,-0.0008710021797,0.9652009328
2004-04-20,-0.01514030307,0.9505874981
2004-04-21,-0.00290949699,0.9478217667
2004-04-22,0.02365361342,0.9702411763
2004-04-23,-0.005586768514,0.9648206635
2004-04-26,-0.005030038992,0.9599675779
2004-04-27,0.003744330086,0.9635620134
2004-04-28,-0.01999800211,0.9442926982
2004-04-29,-0.007332823768,0.9373683663
2004-04-30,-0.004641884196,0.9330172109
2004-05-03,0.005021106406,0.9377019896
2004-05-04,0.004873019027,0.9422714292
2004-05-05,-0.003807230687,0.9386839845
2004-05-06,-0.005814861792,0.9332256669
2004-05-07,-0.02913441884,0.9060366794
2004-05-10,-0.008037784129,0.8987541522
2004-05-11,0.004993614283,0.9032421838
2004-05-12,0.002928266305,0.9058871174
2004-05-13,0.00455841439,0.9100165263
2004-05-14,0.0007950848885,0.9107400667
2004-05-17,-0.01417394518,0.8978312869
2004-05-18,0.01166042467,0.908300381
2004-05-19,-0.001443070759,0.9069896393
2004-05-20,0.003817007104,0.9104516251
2004-05-21,0.00516676474,0.9151557145
2004-05-24,0.008319948299,0.9227697627
2004-05-25,0.01733882455,0.9387695057
2004-05-26,0.003065708129,0.941647499
2004-05-27,0.007410683526,0.9486257507
2004-05-28,0.001202701892,0.9497666646
2004-06-01,-0.002487046893,0.9474045504
2004-06-02,0.001736509397,0.9490497273
2004-06-03,-0.01167960688,0.9379651996
2004-06-04,0.003219721128,0.940985186
2004-06-07,0.01876101663,0.9586390247
2004-06-08,-0.0004540018273,0.9582038008
2004-06-09,-0.009398633316,0.9491979946
2004-06-10,0.008104013231,0.9568903077
2004-06-14,-0.009003912793,0.9482745509
2004-06-15,0.01121510092,0.9589095457
2004-06-16,0.007429493723,0.9660337581
2004-06-17,0.004009946026,0.9699075013
2004-06-18,0.007345394883,0.9770318549
2004-06-21,-0.003340161648,0.9737684106
2004-06-22,0.006512634655,0.9801102085
2004-06-23,0.01447697457,0.9942992391
2004-06-24,-0.00293963731,0.9913763599
2004-06-25,-0.00147168043,0.9899173707
2004-06-28,-0.008357740257,0.9816438985
2004-06-29,0.008993987428,0.9904727914
2004-06-30,0.007049466884,0.9974550965
2004-07-01,-0.0105522496,0.9869297014
2004-07-02,-0.003592566656,0.9833840906
2004-07-06,-0.002422213591,0.9810021243
2004-07-07,0.006448465307,0.9873280825
2004-07-08,-0.00637229731,0.9810365344
2004-07-09,0.005926842083,0.986850983
2004-07-12,-0.001148643953,0.9857174426
2004-07-13,0.001019451456,0.9867223337
2004-07-14,0.003407721799,0.9900848089
2004-07-15,0.004480475235,0.9945208593
2004-07-16,0.003492053889,0.9979937798
2004-07-19,-0.004063169875,0.9939387615
2004-07-20,0.000489837518,0.99442563
2004-07-21,-0.01670217001,0.9778165641
2004-07-22,-0.002419663785,0.9754505767
2004-07-23,-0.004513510615,0.9710478702
2004-07-26,-0.006904873228,0.9643429078
2004-07-27,0.01246706212,0.9763654307
2004-07-28,0.007334798298,0.9835268742
2004-07-29,0.00712650805,0.9905359864
2004-07-30,0.0001235101568,0.9906583276
2004-08-02,0.003182758232,0.9938113536
2004-08-03,-0.001067092632,0.9927508648
2004-08-04,-0.007212041178,0.9855911047
2004-08-05,-0.0189676172,0.9668967899
2004-08-06,-0.01950036387,0.9480419507
2004-08-09,0.008262878674,0.9558755063
2004-08-10,0.009743305082,0.965188893
2004-08-11,-0.003240139125,0.9620615467
2004-08-12,-0.01374670109,0.9488363742
2004-08-13,0.002307581885,0.9510258918
2004-08-16,0.01755254172,0.9677188134
2004-08-17,-0.006100920228,0.9618148382
2004-08-18,0.01257498718,0.9739096474
2004-08-19,-0.002394298481,0.971577817
2004-08-20,0.009392128743,0.980703001
2004-08-23,-0.007030977922,0.9738076998
2004-08-24,0.0002719296234,0.974072507
2004-08-25,0.009452771052,0.9832801914
2004-08-26,0.00422862548,0.987438115
2004-08-27,0.00238006423,0.9897882812
2004-08-30,-0.006135486645,0.9837154484
2004-08-31,0.008081792942,0.991665633
2004-09-01,0.00733990374,0.9989443633
2004-09-02,0.009605325745,1.008539549
2004-09-03,-0.001419198058,1.007108232
2004-09-07,0.004461662448,1.011601609
2004-09-08,-0.003439074281,1.008122636
2004-09-09,0.005409731825,1.013576309
2004-09-10,-0.0001973974775,1.013376232
2004-09-13,2.793767674e-05,1.013404543
2004-09-14,0.001788819288,1.01521734
2004-09-15,-0.003473631803,1.011690849
2004-09-16,0.005120348523,1.016871059
2004-09-17,0.01125410554,1.028315033
2004-09-20,-0.002843186572,1.025391342
2004-09-21,0.01140341782,1.037084308
2004-09-22,-0.008234047793,1.028544906
2004-09-23,-0.009604385259,1.018666364
2004-09-24,0.005127694438,1.023889774
2004-09-27,-0.00241133348,1.021420834
2004-09-28,0.01118888589,1.032849396
2004-09-29,-0.003928332966,1.028792019
2004-09-30,0.005525459998,1.034476568
2004-10-01,0.01213136602,1.047026182
2004-10-04,0.0009986011703,1.048071744
2004-10-05,0.004545430146,1.052835681
2004-10-06,0.01287114389,1.06638688
2004-10-07,-0.00864766793,1.057165121
2004-10-08,-0.0001063051048,1.057052739
2004-10-11,-0.003769457548,1.053068223
2004-10-12,-0.00467616215,1.048143905
2004-10-13,-0.01892547521,1.028307284
2004-10-14,0.002721717702,1.031106046
2004-10-15,0.007178306874,1.038507642
2004-10-18,-0.007667872063,1.030544498
2004-10-19,-0.009428507278,1.020828002
2004-10-20,0.0100070269,1.031043455
2004-10-21,0.005728660657,1.036949953
2004-10-22,-0.0006960892142,1.036228143
2004-10-25,0.008628792281,1.045169541
2004-10-26,0.0102363389,1.05586825
2004-10-27,-0.002301267241,1.053438415
2004-10-28,-0.01204197145,1.04075294
2004-10-29,0.01123506601,1.052445868
2004-11-01,0.001038871333,1.053539224
2004-11-02,-0.006867487155,1.046304057
2004-11-03,0.01529295363,1.062305136
2004-11-04,0.01745870487,1.080851608
2004-11-05,0.005977887247,1.087312817
2004-11-08,-0.00449279017,1.082427749
2004-11-09,0.001597175424,1.084156576
2004-11-10,0.004808436786,1.089369674
2004-11-11,0.005772257292,1.095657796
2004-11-12,0.01168237625,1.108457683
2004-11-15,-0.009516546495,1.097908994
2004-11-16,-0.004136980809,1.093366965
2004-11-17,0.01018089624,1.104498421
2004-11-18,0.005503437213,1.110576959
2004-11-19,-0.002314548587,1.108006474
2004-11-22,0.009999241463,1.119085699
2004-11-23,-6.726352132e-05,1.119010425
2004-11-24,0.007517580156,1.127422676
2004-11-26,0.004708020429,1.132730605
2004-11-29,-0.003978407698,1.12822414
2004-11-30,-0.0001376570066,1.128068832
2004-12-01,0.0006314311367,1.12878113
2004-12-02,-0.01474118397,1.11214156
2004-12-03,0.005863394488,1.118662485
2004-12-06,0.001430240378,1.120262441
2004-12-07,-0.01221825996,1.106574783
2004-12-08,0.001422123325,1.108148469
2004-12-09,0.005013422786,1.113704086
2004-12-10,0.0001010085765,1.113816579
2004-12-13,0.01450616486,1.129973786
2004-12-14,0.002868565882,1.133215191
2004-12-15,0.004478291254,1.138290058
2004-12-16,-0.005170441409,1.132404596
2004-12-17,0.0004249063153,1.132885762
2004-12-20,0.006100952019,1.139797444
2004-12-21,0.008156817711,1.149094564
2004-12-22,-0.002742382164,1.145943307
2004-12-23,0.002237090704,1.148506886
2004-12-27,-0.009905884845,1.137129909
2004-12-28,0.004986017483,1.142799659
2004-12-29,0.002593741289,1.145763786
2004-12-30,-0.001132427355,1.144466291
2004-12-31,-0.002015288848,1.142159861
2005-01-03,-0.01902494426,1.120430334
2005-01-04,-0.00812824405,1.111323202
2005-01-05,-0.008980473325,1.101342994
2005-01-06,0.008609469043,1.110824972
2005-01-07,-0.004187363051,1.106173545
2005-01-10,0.005418941451,1.112167835
2005-01-11,-0.002048823778,1.109889199
2005-01-12,0.007283974769,1.117973604
2005-01-13,0.0006188523597,1.118665464
2005-01-14,0.00798818272,1.127601568
2005-01-18,0.007524318044,1.136086001
2005-01-19,-0.005264017722,1.130105624
2005-01-20,-0.007448757472,1.121687742
2005-01-21,-0.002727808098,1.118627993
2005-01-24,0.004825935959,1.12402642
2005-01-25,0.00260929826,1.12695934
2005-01-26,0.008768002152,1.136840522
2005-01-27,0.005520299178,1.143116222
2005-01-28,-0.003972758582,1.138574897
2005-01-31,0.01210655811,1.15235912
2005-02-01,0.008901447302,1.162616784
2005-02-02,0.005906745418,1.169484065
2005-02-03,0.001572971559,1.171323631
2005-02-04,0.007197272683,1.179753966
2005-02-07,-0.003125466517,1.176066685
2005-02-08,0.006219459791,1.183381184
2005-02-09,-0.006022746247,1.17625398
2005-02-10,0.01103081641,1.189229021
2005-02-11,0.005332423709,1.195570494
2005-02-14,0.003065040887,1.199234967
2005-02-15,0.001263006216,1.200749608
2005-02-16,0.01125655238,1.214265909
2005-02-17,-0.008189782436,1.204321335
2005-02-18,0.003849374612,1.208957219
2005-02-22,-0.01566173662,1.19002285
2005-02-23,0.006441058158,1.197687856
2005-02-24,0.01388952726,1.214323174
2005-02-25,0.01743627912,1.235496452
2005-02-28,-0.006646415062,1.22728483
2005-03-01,-0.004452472155,1.221820378
2005-03-02,0.002910048866,1.225375935
2005-03-03,0.0068967871,1.233827092
2005-03-04,0.01995305372,1.25844571
2005-03-07,-0.003592331711,1.253924956
2005-03-08,-0.003444870107,1.249605347
2005-03-09,-0.01440595157,1.231603593
2005-03-10,-0.008816678848,1.22074494
2005-03-11,0.003301960171,1.224775791
2005-03-14,0.007436521733,1.233883863
2005-03-15,-0.00769106966,1.224393976
2005-03-16,-0.009092198203,1.213261543
2005-03-17,0.01164165511,1.227385916
2005-03-18,0.003069850135,1.231153807
2005-03-21,-0.004953671992,1.225055074
2005-03-22,-0.01182818315,1.210564899
2005-03-23,-0.01128168975,1.196907681
2005-03-24,0.003280929432,1.200834651
2005-03-28,-0.0008966159343,1.199757963
2005-03-29,-0.01698191159,1.17938378
2005-03-30,0.01605599378,1.198319958
2005-03-31,0.01276158035,1.213612415
2005-04-01,0.008391038781,1.223795883
2005-04-04,-0.003967216662,1.21894082
2005-04-05,-0.001608212488,1.216980504
2005-04-06,0.005923570817,1.224189374
2005-04-07,0.005417341013,1.230821226
2005-04-08,-0.01345502574,1.214260494
2005-04-11,0.004667589357,1.219928164
2005-04-12,-0.002462598784,1.21692397
2005-04-13,-0.01978107078,1.192851911
2005-04-14,-0.01259291154,1.177830432
2005-04-15,-0.02680959944,1.14625327
2005-04-18,0.0126340814,1.160735127
2005-04-19,0.01657519139,1.179974534
2005-04-20,-0.01531447394,1.161903845
2005-04-21,0.0206974861,1.185952334
2005-04-22,-0.000314504866,1.185579346
2005-04-25,0.01024477336,1.197725338
2005-04-26,-0.01605403082,1.178497018
2005-04-27,-0.009338301416,1.167491858
2005-04-28,-0.01080896765,1.154872476
2005-04-29,0.01734898395,1.17490834
2005-05-02,0.009625237326,1.186217112
2005-05-03,-0.007367226689,1.177477981
2005-05-04,0.009380520603,1.188523338
2005-05-05,0.0002999284899,1.18887981
2005-05-06,-0.0009375012149,1.187765234
2005-05-09,0.006791412414,1.195831837
2005-05-10,-0.01303168107,1.180248138
2005-05-11,0.003952055512,1.184912544
2005-05-12,-0.02740532221,1.152439634
2005-05-13,-0.01700599364,1.132841253
2005-05-16,0.002191480462,1.135323853
2005-05-17,0.01448318485,1.151766958
2005-05-18,0.007915652739,1.160883945
2005-05-19,0.006284355592,1.168179353
2005-05-20,-0.004752121898,1.162628022
2005-05-23,0.006950254394,1.170708582
2005-05-24,0.000338347575,1.171104689
2005-05-25,0.002551561267,1.174092834
2005-05-26,0.005121537335,1.180105994
2005-05-27,0.007978071864,1.189520965
2005-05-31,-0.005028920907,1.183538958
2005-06-01,0.01567732433,1.202093682
2005-06-02,-0.002128168366,1.199535424
2005-06-03,0.002274180016,1.202263384
2005-06-06,-0.0002603149238,1.201950417
2005-06-07,-0.000407522866,1.201460594
2005-06-08,-0.000647186259,1.200683026
2005-06-09,0.008552510861,1.21095188
2005-06-10,0.003805703366,1.215560404
2005-06-13,0.004841467857,1.221445501
2005-06-14,0.003506914255,1.225729005
2005-06-15,0.005563940948,1.232548889
2005-06-16,0.007657729462,1.241987415
2005-06-17,0.009783334785,1.254138194
2005-06-20,-0.002461211309,1.251051495
2005-06-21,-0.008368759543,1.240581745
2005-06-22,0.004590343551,1.246276442
2005-06-23,-0.006631076884,1.238012287
2005-06-24,-0.008140954981,1.227933685
2005-06-27,0.006299580409,1.235669152
2005-06-28,0.002347198374,1.238569512
2005-06-29,-0.002690833346,1.235236728
2005-06-30,-0.007161289318,1.22639084
2005-07-01,0.01024133065,1.238950715
2005-07-05,0.01095564553,1.252524219
2005-07-06,-0.0153437959,1.233305743
2005-07-07,0.007733355624,1.242843335
2005-07-08,0.007480842189,1.25214085
2005-07-11,0.004885414887,1.258258078
2005-07-12,0.002152444524,1.260966408
2005-07-13,2.469313727e-05,1.260997546
2005-07-14,-0.008266003099,1.250574136
2005-07-15,-0.002301508663,1.247695929
2005-07-18,-0.00226996468,1.244863703
2005-07-19,0.01024948061,1.25762291
2005-07-20,0.005990946982,1.265157262
2005-07-21,-0.01099543706,1.251246305
2005-07-22,0.01483297504,1.26980601
2005-07-25,0.0007951878243,1.270815744
2005-07-26,0.002037395709,1.273404899
2005-07-27,0.004453084256,1.279075478
2005-07-28,0.004907036164,1.285351948
2005-07-29,-0.005748743105,1.27796279
2005-08-01,-0.001055467679,1.276613941
2005-08-02,0.01507188016,1.295854913
2005-08-03,-0.0002731319363,1.295500974
2005-08-04,-0.003775583839,1.290609702
2005-08-05,-0.01205834353,1.275047086
2005-08-08,-0.003317775486,1.270816766
2005-08-09,0.004917472651,1.277065973
2005-08-10,0.005002194485,1.283454105
2005-08-11,0.006455158417,1.291739005
2005-08-12,-0.001806901625,1.28940496
2005-08-15,-0.0004247726605,1.288857256
2005-08-16,-0.01477775155,1.269810843
2005-08-17,-0.007215457522,1.260648577
2005-08-18,0.0003503588223,1.261090257
2005-08-19,0.008274463133,1.271525101
2005-08-22,0.003939229568,1.276533931
2005-08-23,-2.308413192e-05,1.276504463
2005-08-24,-0.002200566072,1.273695431
2005-08-25,0.003319415441,1.277923355
2005-08-26,-0.007803350846,1.267951271
2005-08-29,0.006687729951,1.276430986
2005-08-30,0.002733723008,1.279920395
2005-08-31,0.01556342605,1.299840341
2005-09-01,0.01471557986,1.318968246
2005-09-02,-0.008250602181,1.308085964
2005-09-06,0.01123530072,1.322782703
2005-09-07,0.003099455668,1.326882609
2005-09-08,-0.005596692124,1.319456456
2005-09-09,0.01539723176,1.339772432
2005-09-12,-0.006230288967,1.331425263
2005-09-13,-0.01054659088,1.317383266
2005-09-14,0.00227627189,1.320381988
2005-09-15,0.003713673525,1.325285456
2005-09-16,0.006576764265,1.334001546
2005-09-19,0.003782945275,1.339048001
2005-09-20,-0.01026522065,1.325302377
2005-09-21,-0.006376118878,1.316852092
2005-09-22,0.001065491665,1.318255187
2005-09-23,-0.003795354765,1.313251941
2005-09-26,0.008429536217,1.324322045
2005-09-27,0.0002468049304,1.324648895
2005-09-28,0.003178318869,1.328859051
2005-09-29,0.009851865929,1.341950792
2005-09-30,-0.003221593769,1.337627572
2005-10-03,0.00197677956,1.340271767
2005-10-04,-0.02150730139,1.311446138
2005-10-05,-0.02714862029,1.275842185
2005-10-06,-0.01610792024,1.255291021
2005-10-07,0.01124493529,1.269406687
2005-10-10,-0.01324455726,1.252593958
2005-10-11,0.006239861802,1.260409971
2005-10-12,-0.01487685137,1.241659039
2005-10-13,-0.01374953991,1.224586798
2005-10-14,0.009917808214,1.236732015
2005-10-17,0.007476718616,1.245978713
2005-10-18,-0.0216836073,1.2189614
2005-10-19,0.0125458127,1.234254261
2005-10-20,-0.02641081861,1.201656596
2005-10-21,0.00988597822,1.213536147
2005-10-24,0.02474302944,1.243562707
2005-10-25,0.005067865673,1.249864916
2005-10-26,-0.006872209115,1.241275583
2005-10-27,-0.01685531208,1.220353495
2005-10-28,0.01892324936,1.243446549
2005-10-31,0.01155595443,1.257815761
2005-11-01,-0.005176285142,1.251304948
2005-11-02,0.007145734936,1.260246441
2005-11-03,0.008197752333,1.270577629
2005-11-04,-0.008675769364,1.259554391
2005-11-07,-0.006002051203,1.251994481
2005-11-08,0.001941721327,1.254425505
2005-11-09,0.0001905698045,1.254664561
2005-11-10,-0.007618604416,1.245105768
2005-11-11,-0.0002213244007,1.244830196
2005-11-14,-0.002672730268,1.2415031
2005-11-15,0.002943574916,1.245157558
2005-11-16,0.01106288118,1.258932588
2005-11-17,0.00645929497,1.267064405
2005-11-18,0.0008876536722,1.268189119
2005-11-21,0.009680718103,1.2804661
2005-11-22,0.00339020665,1.284807145
2005-11-23,0.003777010451,1.289659875
2005-11-25,0.002543861593,1.292940591
2005-11-28,-0.01602076688,1.272226692
2005-11-29,0.001707535983,1.274399064
2005-11-30,-0.00412864968,1.269137517
2005-12-01,0.01519495409,1.288422003
2005-12-02,0.002034635498,1.291043473
2005-12-05,0.002775545176,1.294626822
2005-12-06,-0.0001679808521,1.29440935
2005-12-07,-0.004203113335,1.2889688
2005-12-08,0.01057748741,1.302602852
2005-12-09,9.117351547e-05,1.302721614
2005-12-12,0.001291400917,1.30440395
2005-12-13,0.007176798633,1.313765395
2005-12-14,0.008698347842,1.325192983
2005-12-15,-0.0009806743848,1.3238934
2005-12-16,-0.007347629831,1.314165922
2005-12-19,-0.004233335079,1.308602617
2005-12-20,0.004647109729,1.314683837
2005-12-21,-0.001270057457,1.313014113
2005-12-22,0.003271091835,1.317309103
2005-12-23,0.0001346071326,1.317486422
2005-12-27,-0.01313344033,1.300183293
2005-12-28,0.003348213572,1.304536584
2005-12-29,-0.004352083536,1.298859132
2005-12-30,-0.002486931098,1.295628959
2006-01-03,0.02641126074,1.329848153
2006-01-04,0.0004926329473,1.33050328
2006-01-05,-0.005270601233,1.323490728
2006-01-06,0.01369848689,1.341620548
2006-01-09,-0.00152196233,1.339578652
2006-01-10,0.004448968237,1.345538395
2006-01-11,0.00274086852,1.349226339
2006-01-12,-0.004737760619,1.342834027
2006-01-13,0.006052330175,1.350961302
2006-01-17,0.007379468964,1.360930679
2006-01-18,-0.002969865116,1.356888899
2006-01-19,0.00772239355,1.367367329
2006-01-20,-0.007422266611,1.357218364
2006-01-23,0.004005254727,1.362654369
2006-01-24,0.002458903639,1.366005005
2006-01-25,-0.0109154261,1.351094478
2006-01-26,0.003802728687,1.356232324
2006-01-27,0.007981300108,1.367056821
2006-01-30,0.004348912013,1.373002031
2006-01-31,-0.003122337639,1.368715055
2006-02-01,-0.007195725664,1.358866157
2006-02-02,-0.01100595002,1.343910544
2006-02-03,-0.005350109136,1.336720476
2006-02-06,0.005499758132,1.344072115
2006-02-07,-0.01642742934,1.321992466
2006-02-08,0.004272135369,1.327640196
2006-02-09,-0.006128015515,1.319504397
2006-02-10,-0.001718148648,1.317237292
2006-02-13,-0.002167978355,1.31438155
2006-02-14,-0.0008440500592,1.313272146
2006-02-15,0.0006819698056,1.314167758
2006-02-16,0.01242108876,1.330491153
2006-02-17,0.005159111334,1.337355305
2006-02-21,0.005322266671,1.344473066
2006-02-22,-0.002122291236,1.341619703
2006-02-23,-0.002007476073,1.338926433
2006-02-24,0.005117608445,1.345778534
2006-02-27,-0.0005661020685,1.345016686
2006-02-28,-0.008866292364,1.333091375
2006-03-01,0.005054895529,1.339830013
2006-03-02,0.006708978327,1.348818903
2006-03-03,-0.001476233821,1.346827731
2006-03-06,-0.02145942485,1.317925583
2006-03-07,-0.009679300467,1.305168985
2006-03-08,-0.00235857268,1.302090649
2006-03-09,-0.003994079827,1.296889995
2006-03-10,0.009902145505,1.309731989
2006-03-13,0.007716709502,1.31983881
2006-03-14,0.01590132345,1.340825994
2006-03-15,0.007893319624,1.351409562
2006-03-16,0.007551133824,1.361614236
2006-03-17,-0.005467814668,1.354169182
2006-03-20,-0.01299153661,1.336576444
2006-03-21,-0.007974635476,1.325917734
2006-03-22,0.007293593866,1.335588439
2006-03-23,0.005447457207,1.342864
2006-03-24,0.001401363049,1.34474584
2006-03-27,0.00179836264,1.347164181
2006-03-28,-0.001588452634,1.345024274
2006-03-29,0.01156807708,1.360583619
2006-03-30,-0.001929953795,1.357957755
2006-03-31,-0.01028453054,1.343991797
2006-04-03,0.006392196144,1.352582856
2006-04-04,0.01086301986,1.367275991
2006-04-05,0.009285351892,1.379971629
2006-04-06,-0.004628913129,1.373583861
2006-04-07,-0.01435135442,1.353871072
2006-04-10,0.006828569474,1.363116074
2006-04-11,-0.009028740615,1.350808853
2006-04-12,-0.0007116194636,1.349847591
2006-04-13,5.6272619e-05,1.349923551
2006-04-17,0.00551326519,1.357366037
2006-04-18,0.02071467587,1.385483435
2006-04-19,0.006638034939,1.394680322
2006-04-20,-0.0003596822651,1.39417868
2006-04-21,0.008047415452,1.405398215
2006-04-24,-0.001883634161,1.402750959
2006-04-25,-0.01107447623,1.387216227
2006-04-26,-0.006681552716,1.377947469
2006-04-27,0.005882588485,1.386053367
2006-04-28,0.008335995193,1.397607501
2006-05-01,-0.002804690856,1.393687644
2006-05-02,0.01036885398,1.408138588
2006-05-03,-0.006228261527,1.399368332
2006-05-04,0.0003821426707,1.399903091
2006-05-05,0.01048149711,1.414576171
2006-05-08,-0.002382575129,1.411205837
2006-05-09,0.001212331246,1.412916686
2006-05-10,-0.0002017364078,1.412631649
2006-05-11,-0.01672230956,1.389009185
2006-05-12,-0.01782168328,1.364254703
2006-05-15,-0.004363780159,1.358301396
2006-05-16,-0.002373490683,1.35507748
2006-05-17,-0.01966609072,1.328428403
2006-05-18,-0.008140572184,1.317614236
2006-05-19,0.006366055757,1.326002242
2006-05-22,-0.005643491655,1.318518959
2006-05-23,-0.004026400535,1.313210074
2006-05-24,-0.000600608261,1.312421349
2006-05-25,0.0177641712,1.335735426
2006-05-26,0.005461156518,1.343030087
2006-05-30,-0.01680520941,1.320460185
2006-05-31,0.01178659578,1.336023915
2006-06-01,0.01048699029,1.350034785
2006-06-02,0.009395592441,1.362719162
2006-06-05,-0.02586572374,1.327471444
2006-06-06,-0.00394717626,1.322231681
2006-06-07,-0.01927791018,1.296741817
2006-06-08,0.004219410487,1.302213303
2006-06-09,-0.006227294945,1.294104037
2006-06-12,-0.01572136184,1.273758959
2006-06-13,-0.02200402668,1.245731133
2006-06-14,0.01096262714,1.259387619
2006-06-15,0.03121461787,1.298698922
2006-06-16,-0.004990665159,1.292217551
2006-06-19,-0.02150637224,1.264426639
2006-06-20,0.0008290633077,1.265474929
2006-06-21,0.01828822304,1.288618216
2006-06-22,-0.001571305138,1.286593404
2006-06-23,0.008030086178,1.29692486
2006-06-26,0.007605529568,1.30678866
2006-06-27,-0.006811095326,1.297887998
2006-06-28,0.008397605902,1.30878715
2006-06-29,0.02983289994,1.347832066
2006-06-30,0.001759397504,1.350203438
2006-07-03,0.0114458946,1.365657725
2006-07-05,-0.005649714936,1.357942148
2006-07-06,-0.0001507207335,1.357737478
2006-07-07,-0.008763969892,1.345838307
2006-07-10,0.00410476658,1.35136266
2006-07-11,0.005780777068,1.359174586
2006-07-12,-0.00683221917,1.349888407
2006-07-13,-0.01782954608,1.32582051
2006-07-14,0.003085482682,1.329911306
2006-07-17,-0.01458789338,1.310510701
2006-07-18,0.002580166211,1.313892037
2006-07-19,0.02123197667,1.341788562
2006-07-20,-0.01865731963,1.316754384
2006-07-21,-0.01075403334,1.302593963
2006-07-24,0.01936312562,1.327816254
2006-07-25,0.01177302853,1.343448673
2006-07-26,0.005553225885,1.350909147
2006-07-27,-0.01213116903,1.334521039
2006-07-28,0.01212171156,1.350697718
2006-07-31,0.00598270956,1.358778551
2006-08-01,-0.003306607515,1.354285603
2006-08-02,0.00744709154,1.364371092
2006-08-03,0.001862190015,1.36691181
2006-08-04,-0.005329222179,1.359627234
2006-08-07,0.003767639422,1.364749819
2006-08-08,-0.008373201215,1.353322494
2006-08-09,-0.002027356601,1.350578827
2006-08-10,0.0008035851179,1.351664132
2006-08-11,-0.005488492395,1.344245533
2006-08-14,-0.007104932973,1.334694759
2006-08-15,0.01483153331,1.354490329
2006-08-16,0.01188236426,1.370584876
2006-08-17,-0.004020761054,1.365074082
2006-08-18,0.004364677911,1.371032191
2006-08-21,-0.0007678685734,1.369979418
2006-08-22,0.004227431248,1.375770912
2006-08-23,-0.009979774863,1.362041028
2006-08-24,-6.715341527e-05,1.361949562
2006-08-25,0.003760209504,1.367070778
2006-08-28,-0.003769350074,1.36191781
2006-08-29,0.0001141062109,1.362073213
2006-08-30,-0.005195937822,1.354995965
2006-08-31,-1.534211214e-05,1.354975177
2006-09-01,0.01111671237,1.370038046
2006-09-05,0.006859986263,1.379436488
2006-09-06,-0.01650505525,1.356668813
2006-09-07,-0.005931656522,1.348621519
2006-09-08,-0.00526312333,1.341523558
2006-09-11,-0.01904264646,1.315977399
2006-09-12,0.006060498756,1.323952878
2006-09-13,0.01173327695,1.339487184
2006-09-14,-0.007695380293,1.329179321
2006-09-15,0.001871498447,1.331666878
2006-09-18,0.01170939851,1.347259896
2006-09-19,-0.008661553056,1.335590533
2006-09-20,-0.003790277691,1.330528274
2006-09-21,-0.001039232262,1.329145546
2006-09-22,-0.001158207768,1.327606119
2006-09-25,0.00568531563,1.335153979
2006-09-26,0.01576678855,1.35620507
2006-09-27,0.003255506171,1.360620204
2006-09-28,0.00103727223,1.362031537
2006-09-29,-0.002506437501,1.35861769
2006-10-02,-0.003942496773,1.353261344
2006-10-03,-0.001405283273,1.351359629
2006-10-04,0.008112343952,1.362322323
2006-10-05,0.003824871077,1.36753303
2006-10-06,-0.001400080289,1.365618374
2006-10-09,0.004845485254,1.372235458
2006-10-10,0.0003679146266,1.372740323
2006-10-11,-0.003307852486,1.368199501
2006-10-12,0.005754236051,1.376072444
2006-10-13,0.003857073483,1.381380056
2006-10-16,0.001185523431,1.383017715
2006-10-17,-0.00298183128,1.378893789
2006-10-18,0.001041505104,1.380329914
2006-10-19,0.0008685763234,1.381528836
2006-10-20,-0.001026282544,1.380110997
2006-10-23,0.007587269947,1.390582272
2006-10-24,0.002723156432,1.394369045
2006-10-25,0.003317918115,1.398995447
2006-10-26,0.005238792862,1.406324495
2006-10-27,-0.002868455093,1.402290516
2006-10-30,-0.0004202569079,1.401701194
2006-10-31,-0.0002234338146,1.401388006
2006-11-01,-0.007235308781,1.391248531
2006-11-02,-0.001684368373,1.388905156
2006-11-03,-0.001784685915,1.386426397
2006-11-06,0.0109471753,1.40160385
2006-11-07,0.003461605231,1.406455649
2006-11-08,0.002679896843,1.410224805
2006-11-09,-0.000593261308,1.409388173
2006-11-10,-2.622865609e-05,1.409351207
2006-11-13,0.005500276398,1.417103028
2006-11-14,0.002913991757,1.421232454
2006-11-15,0.004157761679,1.4271416
2006-11-16,0.003005689927,1.431431145
2006-11-17,-0.003764229703,1.42604291
2006-11-20,0.007404080161,1.436601446
2006-11-21,0.001452012761,1.438687409
2006-11-22,0.006315144667,1.447772929
2006-11-24,-0.002028361575,1.444836322
2006-11-27,-0.01604876481,1.421648483
2006-11-28,0.001534424454,1.423829895
2006-11-29,0.007532169905,1.434554424
2006-11-30,-0.0001745140425,1.434304074
2006-12-01,-0.006526783324,1.424942682
2006-12-04,0.01156097786,1.441416413
2006-12-05,0.003805372253,1.446901539
2006-12-06,-0.002475287264,1.443320042
2006-12-07,0.0008909653133,1.44460599
2006-12-08,0.0008673597488,1.445858983
2006-12-11,0.002435344924,1.449380149
2006-12-12,-0.00222738004,1.446151828
2006-12-13,0.003622268452,1.451390178
2006-12-14,0.005829503765,1.459851063
2006-12-15,0.003031049847,1.464275944
2006-12-18,-0.004099443651,1.458273228
2006-12-19,0.00365756799,1.463606961
2006-12-20,-0.001604043009,1.461259273
2006-12-21,-0.005616543494,1.453052046
2006-12-22,-0.004641505278,1.446307698
2006-12-26,0.007551215961,1.457229079
2006-12-27,0.007423149185,1.468046308
2006-12-28,-0.003985826907,1.46219493
2006-12-29,-0.00426565085,1.455957717
2007-01-03,0.0003404953145,1.456453463
2007-01-04,-0.008728455187,1.443740875
2007-01-05,-0.005988483553,1.435095056
2007-01-08,-0.0001845139883,1.434830261
2007-01-09,-0.002486564334,1.431262463
2007-01-10,-0.004004185923,1.425531422
2007-01-11,0.002046503072,1.428448777
2007-01-12,0.00947584313,1.441984533
2007-01-16,-0.001553552063,1.439744335
2007-01-17,0.005579301348,1.447777103
2007-01-18,-0.00462326245,1.441083649
2007-01-19,0.01434163108,1.461751139
2007-01-22,-0.005837987422,1.453217454
2007-01-23,0.01484060779,1.474784085
2007-01-24,0.005989128862,1.483616757
2007-01-25,-0.008230333362,1.471406096
2007-01-26,-0.000187118812,1.471130768
2007-01-29,-0.001831974465,1.468435694
2007-01-30,0.008712001874,1.481228709
2007-01-31,0.005084274655,1.488759683
2007-02-01,0.008075284428,1.50078184
2007-02-02,0.003652178368,1.506262963
2007-02-05,0.003163410253,1.511027891
2007-02-06,0.002269248124,1.514456788
2007-02-07,0.0004824637148,1.515187459
2007-02-08,0.002944049267,1.519648245
2007-02-09,-0.003770510105,1.513918396
2007-02-12,-0.006657796825,1.503839035
2007-02-13,0.01019219498,1.519166456
2007-02-14,0.005624192561,1.52771054
2007-02-15,-0.004837014131,1.520320983
2007-02-16,0.0005803854917,1.521203355
2007-02-20,-0.001098180643,1.519532799
2007-02-21,0.0008656321234,1.520848156
2007-02-22,0.002103419981,1.524047138
2007-02-23,0.001592522371,1.526474217
2007-02-26,0.007506595327,1.537932841
2007-02-27,-0.04097426185,1.474917178
2007-02-28,0.01092913418,1.491036746
2007-03-01,-0.0003869926294,1.490459726
2007-03-02,-0.01307779148,1.470967804
2007-03-05,-0.01405936701,1.450286928
2007-03-06,0.01945133961,1.478496952
2007-03-07,-0.003948948432,1.472658444
2007-03-08,0.008934083715,1.485815297
2007-03-09,0.005423510187,1.493873632
2007-03-12,0.0006363549999,1.494824266
2007-03-13,-0.02415409733,1.458718135
2007-03-14,0.00224372683,1.4619911
2007-03-15,0.01107526723,1.478183042
2007-03-16,-0.005118119468,1.470617525
2007-03-19,0.01204331571,1.488328636
2007-03-20,0.006907241855,1.498608882
2007-03-21,0.01662390794,1.523521618
2007-03-22,-0.004530937591,1.516618636
2007-03-23,0.001942746737,1.519565042
2007-03-26,-0.0009414537251,1.518134442
2007-03-27,-0.007752328659,1.506365365
2007-03-28,-0.01126656749,1.489393798
2007-03-29,0.005408504953,1.497449192
2007-03-30,0.00243129976,1.501089939
2007-04-02,-0.002035554536,1.498034389
2007-04-03,0.007616464276,1.509444114
2007-04-04,-0.001902732859,1.506572046
2007-04-05,0.003729071539,1.51219016
2007-04-09,0.007313179603,1.523249079
2007-04-10,-0.00290241265,1.518827981
2007-04-11,-0.004850873776,1.511460338
2007-04-12,0.003812720345,1.517223114
2007-04-13,0.0009487314388,1.518662551
2007-04-16,0.009764892626,1.533492128
2007-04-17,-0.00022658427,1.533144663
2007-04-18,0.000382749073,1.533731473
2007-04-19,-0.005431525488,1.525400971
2007-04-20,0.009953592095,1.54058419
2007-04-23,0.001726479919,1.543243978
2007-04-24,-0.0001594214772,1.542997951
2007-04-25,0.009648373119,1.557885371
2007-04-26,-0.002955603596,1.55328088
2007-04-27,-0.005204796068,1.54519637
2007-04-30,-0.01160309003,1.527267317
2007-05-01,0.002281959492,1.530752479
2007-05-02,0.005268317088,1.538816969
2007-05-03,0.001939392669,1.541801339
2007-05-04,0.002355636302,1.545433262
2007-05-07,0.008967249891,1.559291548
2007-05-08,-0.003543750155,1.553765809
2007-05-09,0.002143286721,1.557095974
2007-05-10,-0.01185153136,1.538642003
2007-05-11,0.006344306372,1.548403619
2007-05-14,-0.0003014931892,1.547936786
2007-05-15,0.006119143535,1.557408833
2007-05-16,0.005370417443,1.565772769
2007-05-17,-0.001793302406,1.562964865
2007-05-18,0.005470806032,1.571515542
2007-05-21,-0.002498421374,1.567589234
2007-05-22,-0.00200021568,1.564453718
2007-05-23,-0.004703838433,1.55709478
2007-05-24,-0.01247256177,1.537673819
2007-05-25,0.006167260738,1.547157055
2007-05-29,0.00111057709,1.548875292
2007-05-30,0.009924057177,1.564246419
2007-05-31,0.002997795515,1.56893571
2007-06-01,0.00437327707,1.5757971
2007-06-04,-0.004592222146,1.56856069
2007-06-05,-0.00637260308,1.558564875
2007-06-06,-0.01269386375,1.538780665
2007-06-07,-0.02279527817,1.503703732
2007-06-08,0.009903788895,1.518596096
2007-06-11,0.001617915015,1.521053055
2007-06-12,-0.0119389815,1.502893231
2007-06-13,0.0171925597,1.528731813
2007-06-14,0.005567844662,1.537243554
2007-06-15,0.01098327306,1.55412752
2007-06-18,-0.005567198831,1.545475383
2007-06-19,0.003788791715,1.551330867
2007-06-20,-0.01707340493,1.524844367
2007-06-21,0.004946428812,1.532386901
2007-06-22,-0.01237980051,1.513416257
2007-06-25,-0.003980736407,1.507391746
2007-06-26,-0.004220694601,1.501029506
2007-06-27,0.01059822406,1.516937753
2007-06-28,0.001444628676,1.519129164
2007-06-29,0.003760138942,1.524841301
2007-07-02,0.01203837437,1.543197912
2007-07-03,0.001738275336,1.545880414
2007-07-05,0.001346586982,1.547962077
2007-07-06,0.001719792951,1.550624251
2007-07-09,0.00321532115,1.555610006
2007-07-10,-0.01168796197,1.537428096
2007-07-11,0.005198712435,1.545420742
2007-07-12,0.01826659726,1.57365032
2007-07-13,0.009266830108,1.588233071
2007-07-16,-0.005612734883,1.579318739
2007-07-17,0.004423096206,1.586304218
2007-07-18,0.001289530517,1.588349806
2007-07-19,0.008871666867,1.602441116
2007-07-20,-0.008123810671,1.589423188
2007-07-23,0.0004359429216,1.590116086
2007-07-24,-0.01996294307,1.558372689
2007-07-25,-0.004518070092,1.551331852
2007-07-26,-0.02367208077,1.514608599
2007-07-27,-0.02464572672,1.477279969
2007-07-30,0.0141793101,1.49822678
2007-07-31,-0.006954965489,1.487806665
2007-08-01,0.01275052572,1.506776982
2007-08-02,0.005089289168,1.514445405
2007-08-03,-0.02888678248,1.47069795
2007-08-06,0.01961605032,1.499547235
2007-08-07,0.009094913214,1.513185487
2007-08-08,0.0186190175,1.541359514
2007-08-09,-0.02203550486,1.507394879
2007-08-10,-0.01448242913,1.48556414
2007-08-13,0.00779640377,1.497146198
2007-08-14,-0.0209647681,1.465758875
2007-08-15,-0.01711720095,1.440669186
2007-08-16,-0.004305329303,1.43446663
2007-08-17,0.01070464937,1.449822093
2007-08-20,0.009253209969,1.463237601
2007-08-21,0.00276630779,1.467285367
2007-08-22,0.02086953048,1.497906923
2007-08-23,-0.004429122978,1.491272509
2007-08-24,0.01454853635,1.512968342
2007-08-27,-0.01327190439,1.49288837
2007-08-28,-0.01884878751,1.464749235
2007-08-29,0.02108078746,1.495627302
2007-08-30,-3.541093499e-05,1.49557434
2007-08-31,0.004507862371,1.502316184
2007-09-04,0.01627990443,1.526773748
2007-09-05,-0.01050262504,1.510738615
2007-09-06,0.00607184798,1.519911591
2007-09-07,-0.02151697713,1.487207688
2007-09-10,-0.002459999154,1.483549158
2007-09-11,0.01215267468,1.501578248
2007-09-12,0.0007355518107,1.502682737
2007-09-13,0.004607323152,1.509606082
2007-09-14,0.001218304513,1.511445242
2007-09-17,-0.00333274107,1.506407986
2007-09-18,0.03291641137,1.555993531
2007-09-19,0.008599191049,1.569373817
2007-09-20,-0.00254923237,1.565373118
2007-09-21,0.005780291617,1.574421431
2007-09-24,-0.003671942906,1.568640246
2007-09-25,0.00358114621,1.574257776
2007-09-26,0.008593902156,1.587786793
2007-09-27,0.005117769235,1.59591272
2007-09-28,-0.002417660597,1.592054344
2007-10-01,0.01413786332,1.614562591
2007-10-02,-0.003831564582,1.60837629
2007-10-03,-0.01046389335,1.591546412
2007-10-04,0.003428335498,1.597002767
2007-10-05,0.01289578703,1.617597375
2007-10-08,-0.001893114152,1.614535078
2007-10-09,0.01180570472,1.633595803
2007-10-10,-0.004566941078,1.626135267
2007-10-11,-0.007868093605,1.613340682
2007-10-12,0.007451526634,1.625362534
2007-10-15,-0.006909735095,1.614131709
2007-10-16,-0.007341164619,1.602282102
2007-10-17,0.003527599016,1.607934311
2007-10-18,0.004336111959,1.614906494
2007-10-19,-0.02443859228,1.575440453
2007-10-22,0.0008637397784,1.576801224
2007-10-23,0.01122002901,1.594492979
2007-10-24,-0.003737175631,1.588534079
2007-10-25,0.005994042474,1.598055819
2007-10-26,0.0109993158,1.61563334
2007-10-29,0.006801765844,1.6266225
2007-10-30,-0.01020921404,1.610015962
2007-10-31,0.01563591985,1.635190043
2007-11-01,-0.02086258522,1.601075751
2007-11-02,0.009305206285,1.615974092
2007-11-05,-0.007055693993,1.604572273
2007-11-06,0.02071516204,1.637811248
2007-11-07,-0.03201804885,1.585371727
2007-11-08,-0.002891477344,1.580787661
2007-11-09,-0.01990528587,1.54932163
2007-11-12,-0.03483271899,1.495354545
2007-11-13,0.03197425387,1.543167391
2007-11-14,-0.0006820042961,1.542114944
2007-11-15,-0.02237656985,1.507607702
2007-11-16,0.01284732087,1.526976422
2007-11-19,-0.02084959855,1.495139576
2007-11-20,0.01868494667,1.523076179
2007-11-21,-0.02005461138,1.492531478
2007-11-23,0.01700703275,1.51791501
2007-11-26,-0.02550660681,1.479198149
2007-11-27,0.002684967396,1.483169748
2007-11-28,0.03385896223,1.533388336
2007-11-29,0.008675992115,1.546692001
2007-11-30,0.002384289266,1.550379762
2007-12-03,-0.002441281336,1.546594849
2007-12-04,-0.00667785975,1.536266906
2007-12-05,0.02119426814,1.568826958
2007-12-06,0.01782140172,1.596785654
2007-12-07,0.001456536245,1.59911143
2007-12-10,0.009706630094,1.614633413
2007-12-11,-0.02723832073,1.57065351
2007-12-12,0.02110733088,1.603805814
2007-12-13,0.001689017726,1.60651467
2007-12-14,-0.01327800353,1.585183363
2007-12-17,-0.02416282781,1.54688085
2007-12-18,0.00690310182,1.557559126
2007-12-19,0.004880054524,1.5651601
2007-12-20,0.01513772921,1.588853069
2007-12-21,0.0201194028,1.620819844
2007-12-24,0.007067811871,1.632275494
2007-12-26,0.007286597195,1.644169228
2007-12-27,-0.0143873553,1.620513981
2007-12-28,0.001434924733,1.622839297
2007-12-31,-0.008699148307,1.608721977
2008-01-02,-0.009318696869,1.593730785
2008-01-03,0.008852302479,1.607838972
2008-01-04,-0.01971223766,1.576144868
2008-01-07,0.001058658326,1.577813467
2008-01-08,-0.01089044478,1.560630376
2008-01-09,0.01012223379,1.576427442
2008-01-10,0.001070064539,1.578114321
2008-01-11,-0.007511267753,1.566260682
2008-01-14,0.01824682453,1.594839965
2008-01-15,-0.02643357296,1.552682647
2008-01-16,-0.02817290699,1.508939063
2008-01-17,-0.04192698364,1.4456738
2008-01-18,-0.0004042615898,1.445089369
2008-01-22,-0.02395977527,1.410465353
2008-01-23,0.01773447078,1.435479209
2008-01-24,0.00798007523,1.446934441
2008-01-25,-0.007927563583,1.435463777
2008-01-28,0.01939770082,1.463308473
2008-01-29,0.00656615567,1.472916785
2008-01-30,-0.007157826616,1.462373902
2008-01-31,0.007675775289,1.473598755
2008-02-01,0.02514406796,1.510651022
2008-02-04,-0.0001757861401,1.510385471
2008-02-05,-0.03341517646,1.459915674
2008-02-06,-0.007467741594,1.449013401
2008-02-07,0.006082184897,1.457826568
2008-02-08,0.009356323712,1.471466466
2008-02-11,0.01249662225,1.489854826
2008-02-12,0.01149833039,1.506985669
2008-02-13,0.00512270495,1.514705512
2008-02-14,-0.01132810456,1.49754677
2008-02-15,0.007344206337,1.508545062
2008-02-19,0.01658640051,1.533566395
2008-02-20,0.00660063252,1.543688903
2008-02-21,-0.02096913975,1.511319075
2008-02-22,0.01280789183,1.530675886
2008-02-25,0.01752568659,1.557502032
2008-02-26,0.0115537725,1.575497056
2008-02-27,-0.01242430157,1.555922605
2008-02-28,0.001705720652,1.558576575
2008-02-29,-0.0316016052,1.509323053
2008-03-03,0.01476181123,1.531603395
2008-03-04,-0.008753790766,1.518196059
2008-03-05,0.01681568341,1.543725564
2008-03-06,-0.01643281859,1.518357802
2008-03-07,-0.02524939677,1.480020183
2008-03-10,-0.01171127661,1.462687257
2008-03-11,0.04321916505,1.525903379
2008-03-12,-0.01218281086,1.507313587
2008-03-13,0.01266491553,1.526403586
2008-03-14,-0.01439236949,1.504435022
2008-03-17,-0.01816586531,1.477105658
2008-03-18,0.03212409186,1.524556336
2008-03-19,-0.0494990904,1.449092184
2008-03-20,-0.0006150113386,1.448200976
2008-03-24,0.01874136166,1.475342234
2008-03-25,0.01235713152,1.493573232
2008-03-26,0.007014195967,1.504049447
2008-03-27,-0.0008953077951,1.50270286
2008-03-28,-0.006771396704,1.492527463
2008-03-31,0.005328500749,1.500480397
2008-04-01,0.02548793604,1.538724545
2008-04-02,0.006342026225,1.548483176
2008-04-03,0.00590947596,1.5576339
2008-04-04,0.008877867426,1.571462368
2008-04-07,-0.002133780185,1.568109212
2008-04-08,0.006779938903,1.578740897
2008-04-09,-0.006234998764,1.56889745
2008-04-10,0.001061462067,1.570562775
2008-04-11,-0.01110045986,1.553128806
2008-04-14,0.005876485006,1.562255744
2008-04-15,0.005632366184,1.57105494
2008-04-16,0.02915622205,1.616860967
2008-04-17,-0.001467421427,1.61448835
2008-04-18,0.004669825233,1.622027729
2008-04-21,0.005570809161,1.631063736
2008-04-22,-0.004493544448,1.623734478
2008-04-23,-0.005675771301,1.614518533
2008-04-24,-0.0131117102,1.593349434
2008-04-25,0.01236116625,1.613045091
2008-04-28,0.0006937372944,1.614164121
2008-04-29,-0.01814906319,1.584868554
2008-04-30,-0.002433368962,1.581011984
2008-05-01,-0.003634767211,1.575265373
2008-05-02,0.01033072315,1.591539004
2008-05-05,0.01151083752,1.609858951
2008-05-06,0.01280951626,1.630480465
2008-05-07,-0.01507630131,1.60589885
2008-05-08,0.0135179006,1.627607231
2008-05-09,-0.00687363711,1.61641965
2008-05-12,0.01029713593,1.633064143
2008-05-13,0.009566622192,1.648687051
2008-05-14,-0.001602750921,1.646044616
2008-05-15,0.01015725643,1.662763913
2008-05-16,0.01542717106,1.688415656
2008-05-19,0.00492366756,1.696728854
2008-05-20,-0.0002254986422,1.696346244
2008-05-21,-0.0203456064,1.661833051
2008-05-22,-0.007138791052,1.649969572
2008-05-23,-0.01501359167,1.625197602
2008-05-27,-0.0001553750216,1.624945087
2008-05-28,0.01762979181,1.653592531
2008-05-29,-0.01003751459,1.636994572
2008-05-30,0.005893419676,1.646642068
2008-06-02,-0.003401730371,1.641040635
2008-06-03,-0.005685446072,1.631710587
2008-06-04,-0.006628829698,1.620894256
2008-06-05,0.03200010267,1.672763038
2008-06-06,-0.02460693093,1.631601474
2008-06-09,0.01605256485,1.657792862
2008-06-10,-0.01184914646,1.638149432
2008-06-11,-0.005682512469,1.628840627
2008-06-12,-0.002950475625,1.624034773
2008-06-13,0.01201961733,1.643555049
2008-06-16,-0.002662629298,1.639178871
2008-06-17,0.00624249886,1.649411444
2008-06-18,-0.004679244845,1.641693444
2008-06-19,-0.006310831629,1.631332993
2008-06-20,-0.01277859883,1.610486843
2008-06-23,0.01409622107,1.633188621
2008-06-24,-0.01153861534,1.614343886
2008-06-25,0.007264544539,1.626071359
2008-06-26,-0.02074327882,1.592341308
2008-06-27,-0.0008662123794,1.590962002
2008-06-30,0.005731434042,1.600080496
2008-07-01,-0.005130684977,1.591870987
2008-07-02,-0.02467034299,1.552598983
2008-07-03,-0.003122259655,1.547751366
2008-07-07,-0.003298223544,1.542646536
2008-07-08,-0.004717677169,1.535368828
2008-07-09,-0.009050304389,1.521473273
2008-07-10,0.01396715242,1.542723922
2008-07-11,-0.005829832058,1.5337301
2008-07-14,0.006168482871,1.543190888
2008-07-15,-0.01792715595,1.515525865
2008-07-16,-0.003099978778,1.510827767
2008-07-17,-0.002750479698,1.506672265
2008-07-18,-0.002054271357,1.503577152
2008-07-21,0.01612657445,1.527824701
2008-07-22,-0.004721887518,1.520610484
2008-07-23,-0.01397651907,1.499357643
2008-07-24,-0.01130242489,1.482411266
2008-07-25,-0.0004150498018,1.481795991
2008-07-28,-0.001945220605,1.478913571
2008-07-29,0.01043987582,1.494353245
2008-07-30,0.03161092182,1.541591129
2008-07-31,-0.02127179265,1.508798722
2008-08-01,-0.006679142976,1.49872124
2008-08-04,-0.01690742083,1.473381729
2008-08-05,0.01102226837,1.489621738
2008-08-06,0.01297607959,1.508951188
2008-08-07,-0.01060815413,1.492944001
2008-08-08,0.002303684088,1.496383272
2008-08-11,0.006469051072,1.506063452
2008-08-12,-0.001388584711,1.503972156
2008-08-13,0.008436100546,1.516659816
2008-08-14,-0.007477740283,1.505318628
2008-08-15,-0.001808035484,1.502596958
2008-08-18,-0.005166160725,1.494834301
2008-08-19,0.009266442887,1.508686097
2008-08-20,0.01099247906,1.525270298
2008-08-21,0.007952624528,1.5374002
2008-08-22,-0.0002772479077,1.536973959
2008-08-25,-0.01320208146,1.516682703
2008-08-26,0.009138795499,1.530543356
2008-08-27,0.009197269129,1.544620176
2008-08-28,-0.003201933493,1.539674405
2008-08-29,-0.009465891592,1.525100014
2008-09-02,-0.01870683382,1.496570221
2008-09-03,-0.006123038162,1.487406664
2008-09-04,-0.02146484392,1.455479713
2008-09-05,0.002088283919,1.458519167
2008-09-08,0.004146071918,1.464566293
2008-09-09,-0.0353728843,1.412760359
2008-09-10,0.01831239193,1.43863138
2008-09-11,0.01184361878,1.455669982
2008-09-12,0.02259465478,1.488560343
2008-09-15,-0.04336605321,1.424007355
2008-09-16,0.01774046778,1.449269912
2008-09-17,-0.02513851711,1.412837416
2008-09-18,0.0120249309,1.429826688
2008-09-19,0.04337882736,1.491850893
2008-09-22,-0.01192002835,1.474067988
2008-09-23,-0.02323882043,1.439812387
2008-09-24,-0.006220876947,1.430855491
2008-09-25,0.01546112802,1.452978131
2008-09-26,-0.01782596593,1.427077392
2008-09-29,-0.07617650106,1.31836763
2008-09-30,0.03928532395,1.370160129
2008-10-01,-0.008550141706,1.358445066
2008-10-02,-0.04715042279,1.294393807
2008-10-03,-0.009925354485,1.281546489
2008-10-06,-0.04405033216,1.225093941
2008-10-07,-0.04605818649,1.168668336
2008-10-08,0.007958558361,1.177969251
2008-10-09,-0.08942127593,1.072633737
2008-10-10,-0.018636824,1.052643251
2008-10-13,0.1173106988,1.176129567
2008-10-14,-0.008602878751,1.166011467
2008-10-15,-0.1009672048,1.048282548
2008-10-16,0.01818435339,1.067344888
2008-10-17,0.01873302877,1.087339491
2008-10-20,0.05838969307,1.15082891
2008-10-21,-0.03231857025,1.113635765
2008-10-22,-0.05589270962,1.051391645
2008-10-23,0.01149479681,1.063477178
2008-10-24,-0.05178004364,1.008410283
2008-10-27,-0.05453068534,0.9534209794
2008-10-28,0.1157571778,1.063786301
2008-10-29,0.0145910044,1.079308012
2008-10-30,0.03986399235,1.122333538
2008-10-31,0.008662828011,1.132056121
2008-11-03,-0.006741038321,1.124424887
2008-11-04,0.01419639011,1.140387661
2008-11-05,-0.01697346804,1.121031328
2008-11-06,-0.02728406963,1.090445031
2008-11-07,0.02033980801,1.112624473
2008-11-10,-0.009463713299,1.102094914
2008-11-11,-0.01350582426,1.087210214
2008-11-12,-0.02556999669,1.059410253
2008-11-13,0.0564647313,1.119229568
2008-11-14,-0.0305074787,1.085084696
2008-11-17,-0.01072218512,1.073450217
2008-11-18,0.000965197609,1.074486308
2008-11-19,-0.02917685876,1.043136173
2008-11-20,-0.04047342804,1.000916876
2008-11-21,0.04969773521,1.050660178
2008-11-24,0.01419867733,1.065578163
2008-11-25,0.01071763969,1.076998646
2008-11-26,0.008379063429,1.086022886
2008-11-28,0.01525300305,1.102587996
2008-12-01,-0.05767340522,1.038997992
2008-12-02,0.02209166396,1.061951186
2008-12-03,0.01779532016,1.080848948
2008-12-04,-0.02263078731,1.056388485
2008-12-05,0.02287802069,1.080556563
2008-12-08,0.01000133913,1.091363575
2008-12-09,-0.0164073149,1.073457229
2008-12-10,0.003949811008,1.077697183
2008-12-11,-0.004350637197,1.073008513
2008-12-12,0.003186860777,1.076428042
2008-12-15,-0.006142091523,1.069816522
2008-12-16,0.03231346967,1.104386006
2008-12-17,-0.01382069647,1.089122622
2008-12-18,0.00638199836,1.096073401
2008-12-19,0.00130947607,1.097508683
2008-12-22,-0.005870675968,1.091065565
2008-12-23,-0.006373382311,1.084111787
2008-12-24,0.003402632322,1.087800621
2008-12-26,0.001257868008,1.089168931
2008-12-29,-0.0005180968399,1.088604636
2008-12-30,0.01685097858,1.106948689
2008-12-31,0.01165082002,1.119845549
2009-01-02,0.01933565078,1.141498491
2009-01-05,0.004489459141,1.146623202
2009-01-06,-0.01513357977,1.129270688
2009-01-07,-0.009050641215,1.119050065
2009-01-08,-0.004152691664,1.114402995
2009-01-09,-0.01184524456,1.101202619
2009-01-12,-0.004074290394,1.096716
2009-01-13,-0.001432770548,1.095144657
2009-01-14,-0.01616937445,1.077436853
2009-01-15,0.005583962582,1.08345322
2009-01-16,0.01250325746,1.096999915
2009-01-20,-0.01774717662,1.077531263
2009-01-21,0.01245090062,1.090947498
2009-01-22,0.001003566649,1.092042337
2009-01-23,-0.002524222393,1.089285779
2009-01-26,0.008422299505,1.09846007
2009-01-27,0.01028536015,1.109758127
2009-01-28,0.01066030197,1.121588484
2009-01-29,-0.0100641378,1.110300663
2009-01-30,-0.02038312927,1.087669261
2009-02-02,0.001141300081,1.088910618
2009-02-03,0.01735882421,1.107812826
2009-02-04,-0.008032900215,1.098913876
2009-02-05,0.009951208672,1.109849398
2009-02-06,0.01055039159,1.121558743
2009-02-09,-0.006124914369,1.114689292
2009-02-10,-0.03128237134,1.079819168
2009-02-11,0.004978144324,1.085194663
2009-02-12,0.004040531253,1.089579426
2009-02-13,-0.01221118515,1.07627437
2009-02-17,-0.02499813559,1.049369518
2009-02-18,-0.003437671807,1.04576213
2009-02-19,0.005073389622,1.051067688
2009-02-20,-0.01610280905,1.034142546
2009-02-23,-0.02318407931,1.010166903
2009-02-24,0.0209225941,1.031302215
2009-02-25,-0.01204193024,1.018883346
2009-02-26,-0.02946052112,0.9888665117
2009-02-27,-0.02065960823,0.968436917
2009-03-02,-0.03126469698,0.9381590302
2009-03-03,-0.01671232779,0.922480209
2009-03-04,0.01908983583,0.9400902047
2009-03-05,-0.02597410952,0.9156721988
2009-03-06,0.005442348835,0.9206556063
2009-03-09,-0.01753238053,0.9045143219
2009-03-10,0.02261527808,0.9249701648
2009-03-11,-0.006944431528,0.9185467728
2009-03-12,0.02927769272,0.945439703
2009-03-13,0.02064850142,0.9649616161
2009-03-16,0.01062823769,0.9752174575
2009-03-17,0.01661414431,0.991419861
2009-03-18,0.009648949197,1.000986021
2009-03-19,-0.007505402898,0.9934732175
2009-03-20,-0.005401551018,0.9881069213
2009-03-23,0.03964375433,1.027279189
2009-03-24,-0.01313845042,1.013782333
2009-03-25,0.005359770476,1.019215973
2009-03-26,0.01143174755,1.030867393
2009-03-27,-0.01006846103,1.020488145
2009-03-30,-0.01576240098,1.004402801
2009-03-31,0.004039956687,1.008460545
2009-04-01,0.006854010405,1.015372544
2009-04-02,0.01265567702,1.028222771
2009-04-03,-0.004674955751,1.023415875
2009-04-06,0.001320113196,1.0247669
2009-04-07,-0.01136627543,1.013119117
2009-04-08,0.008257241921,1.021484687
2009-04-09,0.001808210042,1.023331746
2009-04-13,-0.002645272717,1.020624754
2009-04-14,-0.01041062425,1.009999413
2009-04-15,0.01102139634,1.021131017
2009-04-16,0.008302575949,1.029609035
2009-04-17,0.004967452849,1.034723569
2009-04-20,-0.01670559225,1.017437899
2009-04-21,0.001402529694,1.018864886
2009-04-22,-0.01154284381,1.007104288
2009-04-23,0.00146561319,1.008580313
2009-04-24,-0.002335006164,1.006225272
2009-04-27,0.008029451832,1.014304709
2009-04-28,0.004095019911,1.018458307
2009-04-29,0.009236395665,1.027865191
2009-04-30,-0.001375546961,1.026451314
2009-05-01,0.009580854608,1.036285595
2009-05-04,0.01608993384,1.052959362
2009-05-05,-0.001080446559,1.051821696
2009-05-06,0.001968242096,1.053891935
2009-05-07,-0.004644883618,1.04899673
2009-05-08,0.009474482341,1.058935431
2009-05-11,-0.006367549303,1.052192607
2009-05-12,0.007657768334,1.060250055
2009-05-13,-0.01529738107,1.044031006
2009-05-14,0.005187458534,1.049446873
2009-05-15,-0.005711532351,1.043452923
2009-05-18,0.01942040833,1.063717205
2009-05-19,0.00135257584,1.065155963
2009-05-20,-0.001707901644,1.063336782
2009-05-21,-0.0118720288,1.050712817
2009-05-22,0.003628547894,1.054525379
2009-05-26,0.0159051018,1.071297712
2009-05-27,-0.01512623426,1.055093012
2009-05-28,0.01009288387,1.065741943
2009-05-29,0.01304756692,1.079647283
2009-06-01,0.01826902863,1.09937139
2009-06-02,0.007528744594,1.107648276
2009-06-03,-0.006810144924,1.100105031
2009-06-04,-0.003343654319,1.09642666
2009-06-05,-0.003107192313,1.093019851
2009-06-08,0.000705381116,1.093790847
2009-06-09,-0.002724830561,1.090810452
2009-06-10,-0.01005679412,1.079840396
2009-06-11,0.003329685178,1.083435925
2009-06-12,0.003326896954,1.087040404
2009-06-15,-0.02505856108,1.059800736
2009-06-16,-0.01142714921,1.047690235
2009-06-17,0.01568347296,1.064121656
2009-06-18,0.01151212613,1.076371959
2009-06-19,0.002078451219,1.078609146
2009-06-22,-0.01726163059,1.059990593
2009-06-23,-0.006504389365,1.053096001
2009-06-24,0.004530751762,1.057867318
2009-06-25,0.0265833988,1.085989027
2009-06-26,-0.003460597771,1.082230856
2009-06-29,0.008259178747,1.091169194
2009-06-30,-0.007791159946,1.08266772
2009-07-01,0.008707957879,1.092095545
2009-07-02,-0.02843493683,1.061041877
2009-07-06,0.01107835904,1.07279648
2009-07-07,-0.01435136332,1.057400388
2009-07-08,0.007292006173,1.065110958
2009-07-09,-0.004235318195,1.060599874
2009-07-10,-0.003749287153,1.056623381
2009-07-13,0.01725053232,1.074850696
2009-07-14,0.00772906264,1.083158285
2009-07-15,0.01755166616,1.102169517
2009-07-16,0.008512967365,1.111552251
2009-07-17,-0.0001613186854,1.111372936
2009-07-20,0.008740428001,1.121086812
2009-07-21,0.004472357396,1.126100712
2009-07-22,0.001238585423,1.127495484
2009-07-23,0.01905752558,1.148982758
2009-07-24,0.008585427529,1.158847267
2009-07-27,-0.000128225377,1.158698673
2009-07-28,0.001617874491,1.160573302
2009-07-29,-0.0001991417603,1.160342183
2009-07-30,0.005293824158,1.166484831
2009-07-31,-0.003288708053,1.162648603
2009-08-03,0.009299952685,1.17346118
2009-08-04,0.002797235959,1.176743628
2009-08-05,-0.009743530791,1.16527799
2009-08-06,-0.006076988423,1.158196609
2009-08-07,0.01374479071,1.174115779
2009-08-10,-9.021221011e-05,1.174009859
2009-08-11,-0.004032909996,1.169275183
2009-08-12,0.004098448437,1.174067397
2009-08-13,0.002455059424,1.176949803
2009-08-14,-0.004982464608,1.171085692
2009-08-17,-0.01528986856,1.153179946
2009-08-18,0.004036938561,1.157835262
2009-08-19,0.0103013082,1.16976248
2009-08-20,0.00648156538,1.177344372
2009-08-21,0.01393315076,1.193748489
2009-08-24,5.312857106e-05,1.193811911
2009-08-25,0.003982955006,1.19856681
2009-08-26,0.003085001604,1.20226439
2009-08-27,0.0005124675212,1.202880512
2009-08-28,-0.003638760669,1.198503518
2009-08-31,-0.005545624652,1.191857067
2009-09-01,-0.0144352518,1.17465231
2009-09-02,-0.001402330342,1.173005059
2009-09-03,0.005725236892,1.179720791
2009-09-04,0.01440833963,1.196718609
2009-09-08,0.008222062951,1.206558105
2009-09-09,0.005855458265,1.213623056
2009-09-10,0.01144937126,1.227518276
2009-09-11,0.0006721695197,1.228343377
2009-09-14,-0.0008093744671,1.227349187
2009-09-15,0.002143113355,1.229979536
2009-09-16,0.01157004553,1.244210455
2009-09-17,-0.002818003899,1.240704265
2009-09-18,0.007616660557,1.250154288
2009-09-21,-0.003805142576,1.245397273
2009-09-22,0.003745468374,1.250061869
2009-09-23,-0.004796240236,1.244066272
2009-09-24,-0.008059407022,1.234039835
2009-09-25,-0.004057479767,1.229032744
2009-09-28,0.01246843814,1.244356862
2009-09-29,0.001405148106,1.246105368
2009-09-30,-0.0001932801542,1.245864521
2009-10-01,-0.02019472419,1.22070463
2009-10-02,-0.0009071811229,1.21959723
2009-10-05,0.005720132856,1.226573488
2009-10-06,0.01176792118,1.241007708
2009-10-07,0.001024563082,1.242279199
2009-10-08,0.00438297932,1.247724083
2009-10-09,0.006154118559,1.255402725
2009-10-12,0.003189083937,1.25940631
2009-10-13,-0.003100813057,1.255501126
2009-10-14,0.01020743681,1.268316575
2009-10-15,0.002851083713,1.271932651
2009-10-16,-0.001575987127,1.269928102
2009-10-19,0.008376259948,1.28056535
2009-10-20,-0.004635074661,1.274629834
2009-10-21,-0.006696309523,1.266094518
2009-10-22,0.004154158858,1.271354076
2009-10-23,-0.007673718808,1.261598062
2009-10-26,-0.008344449386,1.251070721
2009-10-27,-6.440334898e-05,1.250990148
2009-10-28,-0.009192363762,1.239490591
2009-10-29,0.01479342081,1.257826897
2009-10-30,-0.01882453801,1.234148887
2009-11-02,0.006592093552,1.242284512
2009-11-03,0.00100477786,1.243532732
2009-11-04,0.002060077145,1.246094505
2009-11-05,0.02222919834,1.273794187
2009-11-06,0.006311530204,1.281833777
2009-11-09,0.02578368945,1.314884182
2009-11-10,0.001428307655,1.316762241
2009-11-11,0.005598401146,1.324134004
2009-11-12,-0.007699252242,1.313939162
2009-11-13,0.01017023999,1.327302239
2009-11-16,0.01592474585,1.34843919
2009-11-17,0.002669703807,1.352039123
2009-11-18,-0.002710306503,1.348374682
2009-11-19,-0.01363598813,1.329988261
2009-11-20,-0.00454209236,1.323947332
2009-11-23,0.0121353692,1.340013921
2009-11-24,-0.001356616513,1.338196036
2009-11-25,0.009231359148,1.350549405
2009-11-27,-0.02106651613,1.322098034
2009-11-30,0.002159808014,1.324953512
2009-12-01,0.01706675147,1.347566164
2009-12-02,0.003799077809,1.352685673
2009-12-03,-0.007516364957,1.342518394
2009-12-04,0.0006543607784,1.343396885
2009-12-07,0.0008384004084,1.344523189
2009-12-08,-0.01083235152,1.329958842
2009-12-09,0.007342441919,1.339723987
2009-12-10,0.005439265746,1.347011102
2009-12-11,0.003459802749,1.351671495
2009-12-14,0.01010330294,1.365327841
2009-12-15,-0.00576712066,1.357453831
2009-12-16,0.004756327495,1.363910326
2009-12-17,-0.01542133354,1.34287701
2009-12-18,0.006454041742,1.351543994
2009-12-21,0.01216066714,1.367979671
2009-12-22,0.004391806897,1.373987573
2009-12-23,0.008538893261,1.385719906
2009-12-24,0.005905699686,1.393903552
2009-12-28,0.00109241993,1.39542628
2009-12-29,0.001170313792,1.397059367
2009-12-30,-0.001554548907,1.39488757
2009-12-31,-0.01057214935,1.38014061
2010-01-04,0.01792517263,1.404879869
2010-01-05,0.00187022551,1.407507311
2010-01-06,0.002378266822,1.410854739
2010-01-07,-0.001134614867,1.409253962
2010-01-08,0.006720463806,1.418724802
2010-01-11,-0.003773722348,1.413370929
2010-01-12,-0.01425161838,1.393228106
2010-01-13,0.01092912484,1.408454869
2010-01-14,-0.00318886173,1.403963502
2010-01-15,-0.01039165302,1.389374
2010-01-19,0.01550986167,1.410922999
2010-01-20,-0.01577043533,1.388672129
2010-01-21,-0.02218204814,1.357868537
2010-01-22,-0.02461830711,1.324440112
2010-01-25,0.007443545949,1.334298643
2010-01-26,-0.005159434405,1.327414417
2010-01-27,0.0004647478419,1.32803133
2010-01-28,-0.01748438415,1.30481152
2010-01-29,-0.01317702801,1.287617982
2010-02-01,0.02135425571,1.315114105
2010-02-02,0.009032862967,1.326993351
2010-02-03,-0.002813588508,1.323259738
2010-02-04,-0.03140959061,1.281696691
2010-02-05,0.008670434507,1.292809558
2010-02-08,-0.008868193894,1.281344672
2010-02-09,0.01610372777,1.301979098
2010-02-10,-0.004601790733,1.295987663
2010-02-11,0.01307707472,1.31293539
2010-02-12,-1.924211151e-05,1.312910127
2010-02-16,0.0187450831,1.337520736
2010-02-17,0.003824424726,1.342635983
2010-02-18,0.007827764219,1.353145821
2010-02-19,0.001728418594,1.355484624
2010-02-22,-0.002166819699,1.352547533
2010-02-23,-0.01140584292,1.337120588
2010-02-24,0.006740539752,1.346133503
2010-02-25,-0.001112237398,1.344636283
2010-02-26,0.001114363839,1.346134697
2010-03-01,0.01462477838,1.365821618
2010-03-02,-0.001710015291,1.363486042
2010-03-03,0.001350636443,1.365327616
2010-03-04,0.007767102218,1.375932256
2010-03-05,0.01675273068,1.398982878
2010-03-08,0.003288897655,1.40358399
2010-03-09,0.002056068131,1.406469854
2010-03-10,0.006656279213,1.41583171
2010-03-11,0.006527857702,1.425074058
2010-03-12,-0.0006408671018,1.424160775
2010-03-15,-0.0007069540531,1.423153959
2010-03-16,0.009055343185,1.436041106
2010-03-17,0.006690836178,1.445649422
2010-03-18,-0.001551635692,1.443406301
2010-03-19,-0.005191824469,1.435912388
2010-03-22,0.007683863313,1.446945743
2010-03-23,0.007265518482,1.457458554
2010-03-24,-0.002690440683,1.453537348
2010-03-25,0.003978849426,1.459320755
2010-03-26,0.0001464198129,1.459534428
2010-03-29,0.001935504569,1.462359364
2010-03-30,-0.0009380081479,1.460987659
2010-03-31,-0.002797176403,1.456901018
2010-04-01,0.004474123835,1.463419374
2010-04-05,0.009120364834,1.476766292
2010-04-06,0.004092570089,1.482810062
2010-04-07,-0.004306185449,1.476424807
2010-04-08,0.006902546416,1.486615898
2010-04-09,0.005583512397,1.494916436
2010-04-12,0.002145086529,1.498123161
2010-04-13,0.002489895163,1.501853331
2010-04-14,0.01808162529,1.52900928
2010-04-15,0.003271714204,1.534011761
2010-04-16,-0.02198954033,1.500279548
2010-04-19,0.003218654393,1.505108429
2010-04-20,0.01235580756,1.523705259
2010-04-21,0.001802522205,1.526451772
2010-04-22,0.01086672683,1.543039306
2010-04-23,0.003301725927,1.548133999
2010-04-26,-0.001843619423,1.545279829
2010-04-27,-0.02897697841,1.500502289
2010-04-28,0.006025023046,1.50954285
2010-04-29,0.02255716478,1.543593857
2010-04-30,-0.0228820245,1.508273304
2010-05-03,0.01974805065,1.538058762
2010-05-04,-0.02940306944,1.492835113
2010-05-05,-0.01085798775,1.476625928
2010-05-06,-0.03690595353,1.42212964
2010-05-07,-0.01719562741,1.397675229
2010-05-10,0.05504933847,1.474616325
2010-05-11,-0.002298693168,1.471226635
2010-05-12,0.0159757464,1.494730578
2010-05-13,-0.01864737402,1.466857778
2010-05-14,-0.0212420993,1.43569864
2010-05-17,0.001886669433,1.438407328
2010-05-18,-0.01994108746,1.409723922
2010-05-19,-0.0058275036,1.401508751
2010-05-20,-0.04284884609,1.341455718
2010-05-21,0.02228654064,1.371352125
2010-05-24,-0.01678771689,1.348330254
2010-05-25,0.006179125511,1.356661756
2010-05-26,-0.002661909006,1.353050446
2010-05-27,0.038320996,1.404900687
2010-05-28,-0.01684350494,1.381237235
2010-06-01,-0.01951740287,1.354279071
2010-06-02,0.02744174906,1.391442858
2010-06-03,0.0008943715867,1.392687325
2010-06-04,-0.04189693931,1.334337989
2010-06-07,-0.02150037085,1.305649227
2010-06-08,0.01326238047,1.322965244
2010-06-09,-0.003103550816,1.318859354
2010-06-10,0.03512384514,1.365182766
2010-06-11,0.001758180996,1.367583004
2010-06-14,-0.0007907960658,1.366501525
2010-06-15,0.02584586376,1.401819937
2010-06-16,-0.002978289082,1.397644912
2010-06-17,-0.001475811777,1.395582251
2010-06-18,0.002060995046,1.398458539
2010-06-21,-0.002563094297,1.394874158
2010-06-22,-0.0207251218,1.365965221
2010-06-23,-0.003062993056,1.361781279
2010-06-24,-0.01973679033,1.334904088
2010-06-25,0.01265444411,1.351796557
2010-06-28,-0.007981170853,1.341007638
2010-06-29,-0.03671832858,1.291768079
2010-06-30,-0.01029568739,1.278468438
2010-07-01,-0.001363741927,1.276724937
2010-07-02,-0.01178790983,1.261675019
2010-07-06,0.002589505518,1.264942133
2010-07-07,0.0356975342,1.310097448
2010-07-08,0.009770179833,1.322897336
2010-07-09,0.01115917764,1.337659782
2010-07-12,-0.0008477313321,1.336525806
2010-07-13,0.02242809888,1.366501539
2010-07-14,-0.003908403284,1.3611607
2010-07-15,0.0002835225684,1.36154662
2010-07-16,-0.03682448571,1.311408366
2010-07-19,0.004884239159,1.317813598
2010-07-20,0.01346545811,1.335558562
2010-07-21,-0.01215041795,1.319330967
2010-07-22,0.03003800674,1.358961039
2010-07-23,0.01403164182,1.378029494
2010-07-26,0.01497629358,1.398667268
2010-07-27,-0.005655265087,1.390757434
2010-07-28,-0.006126672896,1.382236718
2010-07-29,-0.00166413235,1.379936493
2010-07-30,0.003340854831,1.384546661
2010-08-02,0.02209071767,1.41513229
2010-08-03,-0.01057101313,1.400172908
2010-08-04,0.009857116619,1.413974576
2010-08-05,-8.3931582e-05,1.413855899
2010-08-06,-0.007006815454,1.403949271
2010-08-09,0.006758704028,1.413438149
2010-08-10,-0.008059319263,1.4020468
2010-08-11,-0.03294674733,1.355853918
2010-08-12,-0.005988090651,1.347734942
2010-08-13,-0.005148951069,1.340795521
2010-08-16,-0.001736319724,1.338467471
2010-08-17,0.01382935786,1.356977616
2010-08-18,0.005736865153,1.364762414
2010-08-19,-0.0213156993,1.335671549
2010-08-20,-0.002882119394,1.331821984
2010-08-23,-0.008846423472,1.320040123
2010-08-24,-0.01805760194,1.296203364
2010-08-25,0.003830248154,1.301168144
2010-08-26,-0.005480657575,1.294036887
2010-08-27,0.01934568644,1.319070919
2010-08-30,-0.01800901576,1.29531575
2010-08-31,0.002122791162,1.298065435
2010-09-01,0.03750910591,1.346754709
2010-09-02,0.01183438525,1.362692723
2010-09-03,0.01206862004,1.379138544
2010-09-07,-0.009810954151,1.365607878
2010-09-08,0.007347316533,1.375641432
2010-09-09,0.001079832687,1.377126894
2010-09-10,0.00738000927,1.387290104
2010-09-13,0.00767879095,1.397942814
2010-09-14,-6.609124359e-05,1.397850423
2010-09-15,0.002905929819,1.401912478
2010-09-16,-7.57437692e-05,1.401806292
2010-09-17,0.003109937808,1.406165822
2010-09-20,0.01503655973,1.427309718
2010-09-21,-0.001354531885,1.425376382
2010-09-22,-0.003315038315,1.420651205
2010-09-23,-0.008807143106,1.408139326
2010-09-24,0.02223273097,1.439446109
2010-09-27,-0.006198587813,1.430523576
2010-09-28,0.006554709236,1.439900242
2010-09-29,-0.003427599025,1.434964841
2010-09-30,-0.003360846084,1.430142145
2010-10-01,0.001316560486,1.432025014
2010-10-04,-0.00551127569,1.424132729
2010-10-05,0.01962568347,1.452082307
2010-10-06,-0.001829133648,1.449426255
2010-10-07,0.00147770378,1.451568077
2010-10-08,0.007298783533,1.462162759
2010-10-11,-0.0007298584473,1.461095587
2010-10-12,-0.0007918893667,1.459938561
2010-10-13,0.007249715725,1.4705227
2010-10-14,-0.002851647828,1.466329287
2010-10-15,0.001411137841,1.46839848
2010-10-18,0.0002731515391,1.468799575
2010-10-19,-0.009864451926,1.454310673
2010-10-20,0.01172896181,1.471368227
2010-10-21,0.003169139141,1.476031198
2010-10-22,-0.0004631993286,1.475347501
2010-10-25,0.002494502299,1.479027759
2010-10-26,-0.0009514939058,1.477620473
2010-10-27,-0.005907838294,1.46889093
2010-10-28,0.001638481618,1.471297681
2010-10-29,0.0009505910244,1.472696283
2010-11-01,-0.003919592934,1.466923913
2010-11-02,0.00978361172,1.481275727
2010-11-03,0.0012503734,1.483127875
2010-11-04,0.02322649012,1.51757573
2010-11-05,0.004854956931,1.524943495
2010-11-08,-0.001117733357,1.523239015
2010-11-09,-0.01188057281,1.505142063
2010-11-10,0.004529004708,1.511958858
2010-11-11,0.001053033683,1.513551002
2010-11-12,-0.01477749308,1.491184512
2010-11-15,-0.00224789404,1.487832487
2010-11-16,-0.01706729736,1.462439208
2010-11-17,0.003026693134,1.466865563
2010-11-18,0.01594581897,1.490255935
2010-11-19,0.005249723577,1.498079367
2010-11-22,0.001699508378,1.500625365
2010-11-23,-0.01592102368,1.476733873
2010-11-24,0.02084202597,1.507511999
2010-11-26,-0.0110999183,1.490778739
2010-11-29,0.002031261108,1.4938069
2010-11-30,-0.0013621251,1.491772148
2010-12-01,0.02477998982,1.528738247
2010-12-02,0.01458687606,1.551037762
2010-12-03,0.003680950318,1.556747055
2010-12-06,0.0007006078923,1.557837724
2010-12-07,0.001509422079,1.560189159
2010-12-08,-0.005563781215,1.551508608
2010-12-09,0.003241035034,1.556537102
2010-12-10,0.007077640068,1.567553711
2010-12-13,0.0003858254996,1.568158513
2010-12-14,0.001193466271,1.570030058
2010-12-15,-0.004201396155,1.563433739
2010-12-16,0.009228295346,1.577861568
2010-12-17,0.002165986473,1.581279194
2010-12-20,0.002931127549,1.585914125
2010-12-21,0.007484054181,1.597783193
2010-12-22,0.001032590098,1.599433048
2010-12-23,-0.001203748439,1.597507733
2010-12-27,0.0001241260537,1.597706025
2010-12-28,-0.0002038095302,1.597380397
2010-12-29,0.00274846709,1.601770745
2010-12-30,-0.00119443876,1.599857528
2010-12-31,-0.0005887220342,1.598915656
2011-01-03,0.009000635121,1.613306913
2011-01-04,-0.005850692229,1.603867951
2011-01-05,0.005776255139,1.613132301
2011-01-06,-0.005753123849,1.603851751
2011-01-07,0.002895553968,1.60849579
2011-01-10,-0.001110538824,1.606709493
2011-01-11,0.00667698656,1.617437471
2011-01-12,0.008104615223,1.630546179
2011-01-13,-0.00110827556,1.628739085
2011-01-14,0.00696374568,1.64008121
2011-01-18,0.005456282727,1.649029957
2011-01-19,-0.0108652293,1.631112868
2011-01-20,-0.003341105982,1.625663147
2011-01-21,0.005278069555,1.63424351
2011-01-24,0.005715672346,1.643584311
2011-01-25,-0.001140021166,1.64171059
2011-01-26,0.01044217069,1.658853612
2011-01-27,0.001869173634,1.661954297
2011-01-28,-0.01878855798,1.630728573
2011-01-31,0.01409573894,1.653714897
2011-02-01,0.01405870551,1.676963988
2011-02-02,-0.002332363466,1.673052698
2011-02-03,0.004271462715,1.68019908
2011-02-04,0.002614026901,1.684591166
2011-02-07,0.006850136481,1.696130845
2011-02-08,0.005118848559,1.704813082
2011-02-09,-0.002076343051,1.701273305
2011-02-10,0.005617596422,1.710830372
2011-02-11,0.005842328555,1.720825605
2011-02-14,0.005631491686,1.73051642
2011-02-15,-0.004288188506,1.72309564
2011-02-16,0.008742895124,1.738160484
2011-02-17,0.004168113631,1.745405335
2011-02-18,0.004027843705,1.752435555
2011-02-22,-0.02088284055,1.715839722
2011-02-23,-0.003956676402,1.7090507
2011-02-24,-0.000790521471,1.707699659
2011-02-25,0.01175900443,1.727780506
2011-02-28,0.006751875164,1.739446265
2011-03-01,-0.0196975751,1.705183391
2011-03-02,0.004852795471,1.713458297
2011-03-03,0.01970474648,1.747221559
2011-03-04,-0.008495603943,1.732377856
2011-03-07,-0.008731954705,1.717250811
2011-03-08,0.005124821053,1.726051415
2011-03-09,-0.00224256976,1.722180624
2011-03-10,-0.02272091919,1.683051097
2011-03-11,0.01179748087,1.70290686
2011-03-14,-0.005099946367,1.694222127
2011-03-15,-0.008401133882,1.67998874
2011-03-16,-0.01720756031,1.651080232
2011-03-17,0.01686447339,1.678924831
2011-03-18,0.0003419490397,1.679498937
2011-03-21,0.02259058776,1.717439806
2011-03-22,-0.005979676884,1.70717007
2011-03-23,0.004862281679,1.715470812
2011-03-24,0.00955059886,1.731854586
2011-03-25,0.004766357462,1.740109224
2011-03-28,-0.004509139024,1.732262829
2011-03-29,0.009810624597,1.74925741
2011-03-30,0.007256048102,1.761950106
2011-03-31,-0.0009413821193,1.760291437
2011-04-01,0.005880586638,1.770642984
2011-04-04,0.00141040963,1.773140316
2011-04-05,0.000872341125,1.774687099
2011-04-06,-0.00372615132,1.768074346
2011-04-07,-0.002933737312,1.76288728
2011-04-08,-0.003690433632,1.756381462
2011-04-11,-0.006746384523,1.744532237
2011-04-12,-0.01324492627,1.721426036
2011-04-13,0.001486775479,1.72398541
2011-04-14,0.001513315236,1.726594344
2011-04-15,0.005535437179,1.736151798
2011-04-18,-0.01269618649,1.714109291
2011-04-19,0.007060634031,1.72621199
2011-04-20,0.01925669909,1.759453135
2011-04-21,0.004351402447,1.767109223
2011-04-25,-0.003039038372,1.76173891
2011-04-26,0.01029081855,1.779868646
2011-04-27,0.005319964846,1.789337485
2011-04-28,0.002405687247,1.793642071
2011-04-29,0.006097736086,1.804579227
2011-05-02,-0.00379798592,1.79772546
2011-05-03,-0.01343943153,1.773565052
2011-05-04,-0.01663541226,1.744061066
2011-05-05,-0.01247364181,1.722306273
2011-05-06,0.00712438356,1.734576644
2011-05-09,0.01206738923,1.755508455
2011-05-10,0.007467407332,1.768617552
2011-05-11,-0.02298547931,1.72796503
2011-05-12,-0.0001333713762,1.727734569
2011-05-13,-0.009895551244,1.710637683
2011-05-16,-0.004975614353,1.702126209
2011-05-17,-0.008423444114,1.687788444
2011-05-18,0.01868186195,1.719319475
2011-05-19,0.002090395673,1.722913533
2011-05-20,-0.007273474372,1.710381966
2011-05-23,-0.01337100543,1.687512439
2011-05-24,0.004661514261,1.695378803
2011-05-25,0.01315582637,1.717682912
2011-05-26,0.003796911317,1.724204801
2011-05-27,0.006044648728,1.734627014
2011-05-31,0.009789837325,1.75160873
2011-06-01,-0.02924802335,1.700377637
2011-06-02,0.002126620045,1.703993694
2011-06-03,-0.008609891515,1.689322493
2011-06-06,-0.01325665444,1.666927729
2011-06-07,0.001051734583,1.668680894
2011-06-08,-0.005323266868,1.659798061
2011-06-09,0.01257089123,1.680663201
2011-06-10,-0.01597657349,1.653811962
2011-06-13,-0.007129002145,1.642021933
2011-06-14,0.01987607089,1.674658878
2011-06-15,-0.02035894121,1.640564596
2011-06-16,-0.001584196759,1.637965619
2011-06-17,0.0005601461159,1.638883119
2011-06-20,0.006665414057,1.649806954
2011-06-21,0.02042152512,1.683498528
2011-06-22,-0.004197779026,1.676431573
2011-06-23,-0.004651042911,1.668634418
2011-06-24,-0.01223004235,1.648226948
2011-06-27,0.00511719631,1.656661249
2011-06-28,0.02140121267,1.692115809
2011-06-29,0.01095435308,1.710651843
2011-06-30,0.01432601062,1.735158659
2011-07-01,0.01218627173,1.756303774
2011-07-05,0.0006328573437,1.757415264
2011-07-06,0.00249938417,1.76180772
2011-07-07,0.01354345996,1.785668692
2011-07-08,-0.009520780246,1.768667733
2011-07-11,-0.02077097472,1.73193078
2011-07-12,-0.005829069795,1.721835235
2011-07-13,0.006742805882,1.733445235
2011-07-14,-0.009022826264,1.71780466
2011-07-15,0.01219969615,1.738761355
2011-07-18,-0.00882684366,1.72341358
2011-07-19,0.01545834426,1.750054701
2011-07-20,-0.0004694173991,1.749233195
2011-07-21,0.01558925735,1.776502441
2011-07-22,-0.003390016405,1.770480069
2011-07-25,-0.00235318211,1.766313807
2011-07-26,-0.01134932218,1.746267342
2011-07-27,-0.02293668477,1.706213759
2011-07-28,-0.004912859022,1.697831371
2011-07-29,-0.008678536843,1.683096679
2011-08-01,-0.003734221896,1.676811622
2011-08-02,-0.03285615011,1.621718048
2011-08-03,0.00229818683,1.625445059
2011-08-04,-0.06165866064,1.525222294
2011-08-05,-0.004251044056,1.518738507
2011-08-08,-0.07364532344,1.406890518
2011-08-09,0.05296789929,1.481410553
2011-08-10,-0.03717642134,1.426337011
2011-08-11,0.04851149417,1.49553075
2011-08-12,0.00871634924,1.508566318
2011-08-15,0.02147181398,1.540957974
2011-08-16,-0.01269416178,1.521396804
2011-08-17,0.001832374988,1.524184573
2011-08-18,-0.05522498323,1.440011506
2011-08-19,-0.01605638796,1.416890123
2011-08-22,-0.001709081353,1.414468542
2011-08-23,0.03969319744,1.470613321
2011-08-24,0.01263213104,1.489190301
2011-08-25,-0.01734402709,1.463361744
2011-08-26,0.02044731809,1.493283567
2011-08-29,0.02953364533,1.537385675
2011-08-30,0.006258713833,1.547007732
2011-08-31,0.00539902907,1.555360071
2011-09-01,-0.0111338527,1.538042921
2011-09-02,-0.02723913915,1.496147956
2011-09-06,-0.006407004468,1.48656213
2011-09-07,0.03040560097,1.531761945
2011-09-08,-0.01280870863,1.512142052
2011-09-09,-0.0308043512,1.465561497
2011-09-12,0.003334254074,1.470448052
2011-09-13,0.01028936833,1.485578033
2011-09-14,0.01482125901,1.50759617
2011-09-15,0.01788828199,1.534564476
2011-09-16,0.004101330945,1.540858232
2011-09-19,-0.01080913693,1.524202885
2011-09-20,-0.007758318601,1.512377633
2011-09-21,-0.03969826027,1.452338872
2011-09-22,-0.04752517692,1.38331621
2011-09-23,0.0008735562238,1.384524615
2011-09-26,0.03068074412,1.42700286
2011-09-27,0.01409731863,1.447119774
2011-09-28,-0.0313631834,1.401733491
2011-09-29,0.0007471919565,1.402780855
2011-09-30,-0.03160251944,1.358449446
2011-10-03,-0.03051350472,1.316998393
2011-10-04,0.02436442285,1.349086298
2011-10-05,0.02375682626,1.381136307
2011-10-06,0.01807619701,1.406101999
2011-10-07,-0.004696690544,1.399497973
2011-10-10,0.03401390079,1.447100358
2011-10-11,0.001588913975,1.449399676
2011-10-12,0.004984531539,1.456624255
2011-10-13,-0.001037301806,1.455113296
2011-10-14,0.02192920775,1.487022778
2011-10-17,-0.01864456539,1.459297884
2011-10-18,0.01995698916,1.488421076
2011-10-19,-0.00907397079,1.474915187
2011-10-20,0.003951069535,1.480742679
2011-10-21,0.02205068422,1.513394068
2011-10-24,0.01432695002,1.53507639
2011-10-25,-0.02097158165,1.50288341
2011-10-26,0.01037884724,1.518481607
2011-10-27,0.03195745765,1.567008419
2011-10-28,-4.334965262e-05,1.56694049
2011-10-31,-0.02666148197,1.525163534
2011-11-01,-0.02429144666,1.488115105
2011-11-02,0.009925224549,1.502884982
2011-11-03,0.0117673119,1.520569898
2011-11-04,-0.00652716104,1.510644894
2011-11-07,0.008524163039,1.523521877
2011-11-08,0.009556226563,1.538080997
2011-11-09,-0.02467685692,1.500125992
2011-11-10,0.01020426745,1.515433679
2011-11-11,0.01451137923,1.537424712
2011-11-14,-0.009068437891,1.523482672
2011-11-15,0.002962300854,1.527995686
2011-11-16,-0.01336354786,1.507576242
2011-11-17,-0.00642149219,1.497895353
2011-11-18,0.002585470579,1.501768117
2011-11-21,-0.01589653671,1.477895205
2011-11-22,-0.002937601498,1.473553738
2011-11-23,-0.01367471722,1.453403308
2011-11-25,0.001658963821,1.455814451
2011-11-28,0.01839159763,1.482589205
2011-11-29,0.008533953135,1.495241552
2011-11-30,0.02947877184,1.539319436
2011-12-01,-0.0009773400576,1.537814997
2011-12-02,-0.002455710141,1.53403857
2011-12-05,0.009779748149,1.54904108
2011-12-06,-0.000194012038,1.548740548
2011-12-07,-0.001534142781,1.546364559
2011-12-08,-0.02122817101,1.513538067
2011-12-09,0.01733160382,1.53977011
2011-12-12,-0.011662084,1.521813181
2011-12-13,-0.008405884905,1.509020995
2011-12-14,-0.01494735079,1.486465129
2011-12-15,0.00315639915,1.491157006
2011-12-16,0.002568678347,1.494987309
2011-12-19,-0.0120492493,1.476973834
2011-12-20,0.02995531485,1.52121705
2011-12-21,0.009771879044,1.536082199
2011-12-22,0.0052227325,1.544104745
2011-12-23,0.007780881809,1.556119242
2011-12-27,0.00458336201,1.5632515
2011-12-28,-0.01120106303,1.545741421
2011-12-29,0.009483049915,1.560399764
2011-12-30,-0.004658228059,1.553131066
2012-01-03,0.006147887365,1.562679541
2012-01-04,-0.005551168638,1.554004843
2012-01-05,0.001411452477,1.556198247
2012-01-06,-0.003390713317,1.550921625
2012-01-09,0.001563173801,1.553345985
2012-01-10,0.004076519109,1.55967823
2012-01-11,-0.002680595319,1.555497364
2012-01-12,0.000453355752,1.556202558
2012-01-13,-0.002000458122,1.553089439
2012-01-17,0.003027640105,1.557791635
2012-01-18,0.002497697643,1.561682528
2012-01-19,-0.002155139083,1.558316885
2012-01-20,0.0005851404089,1.559228719
2012-01-23,-0.0004478089227,1.558530482
2012-01-24,-0.00444618244,1.551600972
2012-01-25,0.01177120847,1.56986519
2012-01-26,-0.001570270741,1.567400077
2012-01-27,-0.006150754186,1.557759384
2012-01-30,-0.004749370439,1.550361008
2012-01-31,0.002129705226,1.55366282
2012-02-01,0.006806086355,1.564237183
2012-02-02,-0.0006258977327,1.56325813
2012-02-03,0.003836976916,1.569256316
2012-02-06,-0.003481457153,1.563793017
2012-02-07,0.003914295188,1.569914165
2012-02-08,0.0004841908192,1.570674303
2012-02-09,-0.0008592042632,1.569324773
2012-02-10,-0.002773522213,1.564972216
2012-02-13,0.003561220869,1.570545427
2012-02-14,0.00229598061,1.574151369
2012-02-15,-0.00141665195,1.571921345
2012-02-16,0.007530652123,1.583758937
2012-02-17,-0.0009872632537,1.58219535
2012-02-21,-0.005543546544,1.573424377
2012-02-22,-0.0005309208357,1.572589013
2012-02-23,0.001720784088,1.575295099
2012-02-24,0.004210404306,1.581927728
2012-02-27,0.000549662797,1.582797255
2012-02-28,0.0007802239668,1.584032192
2012-02-29,-0.001507256786,1.581644648
2012-03-01,0.00210861171,1.584979723
2012-03-02,-0.0004389484913,1.584283998
2012-03-05,0.001534015659,1.586714315
2012-03-06,-0.008453876761,1.573300427
2012-03-07,0.002186386197,1.57674027
2012-03-08,0.007075955528,1.587897214
2012-03-09,0.003808187421,1.593944224
2012-03-12,0.004986037332,1.601891689
2012-03-13,0.008358044475,1.615280371
2012-03-14,-0.006024835442,1.605548573
2012-03-15,0.0008490553436,1.606911773
2012-03-16,-0.0005226566327,1.606071909
2012-03-19,-0.002192033331,1.602551346
2012-03-20,-0.001531455153,1.600097111
2012-03-21,-0.000360644445,1.599520045
2012-03-22,-2.196347813e-05,1.599484914
2012-03-23,0.001892252931,1.602511544
2012-03-26,0.01040865759,1.619191538
2012-03-27,0.002056639061,1.62252163
2012-03-28,-0.004260413395,1.615609017
2012-03-29,0.001961479378,1.618778001
2012-03-30,0.006189268408,1.628797053
2012-04-02,0.005505376756,1.637764194
2012-04-03,-0.003363563262,1.632255471
2012-04-04,-0.00464962115,1.624666101
2012-04-05,-0.0001538573433,1.624416134
2012-04-09,-0.00779087667,1.611760508
2012-04-10,-0.01543186384,1.58688804
2012-04-11,0.007069714054,1.598106884
2012-04-12,0.005497979695,1.606893244
2012-04-13,-0.002056645664,1.603588434
2012-04-16,0.00329747863,1.608876232
2012-04-17,0.008616932441,1.62273981
2012-04-18,-5.401379781e-05,1.62265216
2012-04-19,-0.004608361634,1.615174392
2012-04-20,0.00683078212,1.626207296
2012-04-23,-0.01016132225,1.60968288
2012-04-24,0.001260592775,1.611712034
2012-04-25,0.009483959063,1.626997445
2012-04-26,0.009098862347,1.641801271
2012-04-27,0.004761089243,1.649618033
2012-04-30,-0.0022967094,1.64582934
2012-05-01,0.004752658166,1.653651404
2012-05-02,0.001663477622,1.656402216
2012-05-03,-0.004897026124,1.648290772
2012-05-04,-0.01605845108,1.621821775
2012-05-07,-0.000576749916,1.620886389
2012-05-08,-0.005940965287,1.611256759
2012-05-09,-0.002941898212,1.606516606
2012-05-10,0.0009547343792,1.608050403
2012-05-11,-0.001323685974,1.605921849
2012-05-14,-0.008947311584,1.591553166
2012-05-15,-0.001866070003,1.588583216
2012-05-16,-0.002155708354,1.585158694
2012-05-17,-0.01591198049,1.55993568
2012-05-18,-0.007622315028,1.548045359
2012-05-21,0.01541577363,1.571909676
2012-05-22,0.0006561761735,1.572941125
2012-05-23,0.001252005171,1.574910456
2012-05-24,0.002820855202,1.57935305
2012-05-25,-0.00154907722,1.57690651
2012-05-29,0.0114070756,1.594894402
2012-05-30,-0.01010097632,1.578784411
2012-05-31,-0.002928125365,1.574161533
2012-06-01,-0.02534854143,1.534258834
2012-06-04,0.004264345147,1.540801443
2012-06-05,0.003500562926,1.546195115
2012-06-06,0.01934386638,1.576104507
2012-06-07,-0.0004696076827,1.575364356
2012-06-08,0.00949142703,1.590316812
2012-06-11,-0.01133892239,1.572284333
2012-06-12,0.008500415859,1.585649404
2012-06-13,-0.007357674892,1.573982711
2012-06-14,0.01072897466,1.590869932
2012-06-15,0.007366661251,1.602589332
2012-06-18,0.005720969345,1.611757696
2012-06-19,0.005324264813,1.620339121
2012-06-20,-0.001543654246,1.617837878
2012-06-21,-0.01901361417,1.587076932
2012-06-22,0.006122885384,1.596794423
2012-06-25,-0.01400921478,1.574424586
2012-06-26,0.006248533446,1.584262431
2012-06-27,0.003533413744,1.589860286
2012-06-28,-0.003104651719,1.584924323
2012-06-29,0.02262845217,1.620788708
2012-07-02,0.004763428253,1.628509218
2012-07-03,-0.0002512269518,1.628100093
2012-07-05,-0.00237265543,1.624237172
2012-07-06,-0.002695085516,1.619859714
2012-07-09,-0.003295417531,1.6145216
2012-07-10,-0.001064028215,1.612803704
2012-07-11,-0.000680202398,1.611706671
2012-07-12,-3.753445926e-05,1.611646176
2012-07-13,0.01212916193,1.631194094
2012-07-16,-0.004016334749,1.624642672
2012-07-17,0.005444158903,1.633487485
2012-07-18,0.002915515452,1.638249943
2012-07-19,0.002346840975,1.642094655
2012-07-20,-0.005434459727,1.633170758
2012-07-23,-0.009942209573,1.616933432
2012-07-24,-0.006237475388,1.606847849
2012-07-25,-0.0007839496122,1.605588162
2012-07-26,0.01608300195,1.631410839
2012-07-27,0.0142843718,1.654714518
2012-07-30,0.001630298847,1.657412197
2012-07-31,-0.008500508824,1.64332335
2012-08-01,-0.005611282712,1.634102198
2012-08-02,-0.007425518195,1.621968143
2012-08-03,0.01607136668,1.648035388
2012-08-06,0.001390898966,1.650327638
2012-08-07,-0.002973704483,1.645420052
2012-08-08,0.002901931006,1.650194947
2012-08-09,-0.0002844852073,1.649725491
2012-08-10,0.001662464099,1.6524681
2012-08-13,0.0005468582566,1.653371766
2012-08-14,0.0002928266314,1.653855918
2012-08-15,-0.00130477406,1.651698009
2012-08-16,0.004563649407,1.65923578
2012-08-17,0.00123553818,1.661285829
2012-08-20,0.0009541762062,1.662870988
2012-08-21,-0.00663057429,1.651845199
2012-08-22,-0.001024749774,1.650152471
2012-08-23,-0.008783753169,1.635657939
2012-08-24,0.006567406599,1.64639997
2012-08-27,0.001523436865,1.648908156
2012-08-28,-0.001211073339,1.646911207
2012-08-29,-0.0006384876495,1.645859675
2012-08-30,-0.006656929293,1.634903303
2012-08-31,0.002371833471,1.638781022
2012-09-04,0.0032581444,1.644120407
2012-09-05,-0.002603232372,1.639840379
2012-09-06,0.0131889241,1.66146811
2012-09-07,-0.00393865405,1.654924162
2012-09-10,-0.001917457498,1.651750915
2012-09-11,-0.001677301469,1.648980431
2012-09-12,-0.003527740522,1.643163256
2012-09-13,0.013996226,1.66616134
2012-09-14,-0.006100741831,1.65599652
2012-09-17,0.0007663233425,1.657265548
2012-09-18,0.001933997498,1.660470696
2012-09-19,0.001625291987,1.663169446
2012-09-20,0.004636553655,1.67088082
2012-09-21,-8.764377829e-05,1.670734378
2012-09-24,0.00517025426,1.679372499
2012-09-25,-0.003291113385,1.673845494
2012-09-26,-0.001003443439,1.672165885
2012-09-27,0.001655441015,1.674934057
2012-09-28,-0.0009545146003,1.673335308
2012-10-01,0.002576309726,1.677646338
2012-10-02,-5.484573296e-05,1.677554326
2012-10-03,0.007170022714,1.689582428
2012-10-04,0.006054456541,1.699811932
2012-10-05,-0.000410011696,1.699114989
2012-10-08,-0.004326531495,1.691763715
2012-10-09,-0.01363454635,1.668697284
2012-10-10,-0.005853485231,1.658929589
2012-10-11,-0.002589290476,1.654634138
2012-10-12,-0.000790081452,1.653326843
2012-10-15,0.009782647609,1.669500756
2012-10-16,0.01112900023,1.688080631
2012-10-17,0.0001598470223,1.688350465
2012-10-18,-0.003556152902,1.682346433
2012-10-19,-0.01950357595,1.649534662
2012-10-22,0.001448976175,1.651924798
2012-10-23,-0.01070371874,1.63424306
2012-10-24,-0.002663190322,1.629890759
2012-10-25,0.001167265238,1.631793274
2012-10-26,0.0003504983833,1.632365215
2012-10-31,-0.002688180043,1.627977123
2012-11-01,0.01200908772,1.647527643
2012-11-02,-0.007268592585,1.635552436
2012-11-05,0.002075625863,1.638947231
2012-11-06,0.007029739872,1.650468604
2012-11-07,-0.02337012459,1.611896947
2012-11-08,-0.01295717177,1.591011321
2012-11-09,0.0003655126114,1.591592856
2012-11-12,0.0004663230095,1.592335052
2012-11-13,-0.003062268796,1.587458895
2012-11-14,-0.01413460014,1.565020798
2012-11-15,-0.001482629691,1.562700452
2012-11-16,0.0049068217,1.570368344
2012-11-19,0.02264142916,1.605923728
2012-11-20,0.001966918195,1.609082448
2012-11-21,0.002209823359,1.612638236
2012-11-23,0.01388840553,1.63503521
2012-11-26,-0.001315516915,1.632884294
2012-11-27,-0.005801968364,1.62341035
2012-11-28,0.0075926322,1.635736308
2012-11-29,0.004221429042,1.642641453
2012-11-30,-0.0004847300482,1.641845215
2012-12-03,-0.003479969981,1.636131643
2012-12-04,-0.002178646504,1.632567091
2012-12-05,0.004129758594,1.639309199
2012-12-06,0.00301703455,1.644255051
2012-12-07,0.005069117285,1.652589973
2012-12-10,-0.001329523937,1.650392815
2012-12-11,0.006253863628,1.660714147
2012-12-12,0.001388127977,1.66301943
2012-12-13,-0.006678437779,1.651913059
2012-12-14,-0.003973527068,1.645349137
2012-12-17,0.01548450163,1.670826549
2012-12-18,0.01142575597,1.689917005
2012-12-19,-0.007924799146,1.676524752
2012-12-20,0.005842107843,1.686319191
2012-12-21,-0.009702472834,1.669957725
2012-12-24,-0.001654316993,1.667195085
2012-12-26,-0.004616847603,1.659497899
2012-12-27,-0.001295670362,1.657347737
2012-12-28,-0.00862052452,1.64306053
2012-12-31,0.0145394734,1.666949765
2013-01-02,0.02332118124,1.705825003
2013-01-03,0.0008407452193,1.707259167
2013-01-04,0.006665782854,1.718639386
2013-01-07,-0.0005431755338,1.717705863
2013-01-08,-0.001858610241,1.714513317
2013-01-09,0.00381180454,1.721048707
2013-01-10,0.008384470257,1.735478789
2013-01-11,-0.0005840802865,1.73446513
2013-01-14,0.0001637753597,1.734749192
2013-01-15,0.003418429001,1.740679309
2013-01-16,-0.001266691767,1.738474405
2013-01-17,0.006285195399,1.749401057
2013-01-18,0.001901421834,1.752727406
2013-01-22,0.004927696707,1.761364315
2013-01-23,-0.0003195651685,1.760801444
2013-01-24,0.006398126239,1.772067274
2013-01-25,0.007627986151,1.785584579
2013-01-28,-0.004074251536,1.778309658
2013-01-29,0.003616012379,1.784740048
2013-01-30,-0.003125019701,1.7791627
2013-01-31,-0.002709517941,1.774342027
2013-02-01,0.008980542098,1.79027658
2013-02-04,-0.01158386582,1.769538256
2013-02-05,0.01046532627,1.788057052
2013-02-06,0.001220253259,1.790238934
2013-02-07,-0.002906974559,1.785034755
2013-02-08,0.005818600643,1.795421159
2013-02-11,-0.0002931598299,1.794894814
2013-02-12,0.003573182799,1.801308301
2013-02-13,-0.0002567870612,1.800845749
2013-02-14,0.001950063737,1.804357513
2013-02-15,-0.0003322424052,1.803758029
2013-02-19,0.006507347925,1.81549571
2013-02-20,-0.01224134634,1.793271598
2013-02-21,-0.006959272169,1.780791733
2013-02-22,0.007521101652,1.794185248
2013-02-25,-0.01788479249,1.762096618
2013-02-26,0.005896982685,1.772487671
2013-02-27,0.01390365022,1.797131719
2013-02-28,0.0007701712025,1.798515818
2013-03-01,0.004264542533,1.806185666
2013-03-04,0.007600239124,1.819913109
2013-03-05,0.009053621287,1.836389913
2013-03-06,0.002648993161,1.841254497
2013-03-07,0.002751744735,1.846321159
2013-03-08,0.005036913829,1.85562092
2013-03-11,0.005103474599,1.865091034
2013-03-12,-0.001272446198,1.862717806
2013-03-13,0.002823799581,1.867977748
2013-03-14,0.002856638375,1.873313885
2013-03-15,-0.0008653537607,1.871692806
2013-03-18,-0.007948184736,1.856816245
2013-03-19,-0.003963201347,1.849457309
2013-03-20,0.008834515269,1.865796368
2013-03-21,-0.008665857083,1.849627643
2013-03-22,0.008674989289,1.865673143
2013-03-25,-0.002451369297,1.861099689
2013-03-26,0.007725288653,1.875477221
2013-03-27,0.0001741436606,1.875803824
2013-03-28,0.005044067321,1.885265505
2013-04-01,-0.003292508239,1.879058252
2013-04-02,0.009659640262,1.897209279
2013-04-03,-0.01056194251,1.877171064
2013-04-04,0.006384403576,1.889155682
2013-04-05,-0.004602679765,1.880460503
2013-04-08,0.007417934856,1.894409636
2013-04-09,0.001114774498,1.896521476
2013-04-10,0.01403851586,1.923145823
2013-04-11,0.006751524217,1.936129988
2013-04-12,0.0009759013764,1.93801946
2013-04-15,-0.02184985054,1.895674025
2013-04-16,0.01476041428,1.923654959
2013-04-17,-0.01112034271,1.902263256
2013-04-18,-0.01121774022,1.880924161
2013-04-19,0.01335205934,1.906038372
2013-04-22,0.003839615731,1.913356827
2013-04-23,0.01153200062,1.935421659
2013-04-24,-0.003504874068,1.92863825
2013-04-25,0.006151588687,1.940502439
2013-04-26,-0.002967231318,1.93474452
2013-04-29,0.003654777952,1.941815581
2013-04-30,-0.0007048717396,1.94044685
2013-05-01,-0.00903444404,1.922915992
2013-05-02,0.007509329995,1.937355803
2013-05-03,0.007907768199,1.952675963
2013-05-06,-0.003512809464,1.945816585
2013-05-07,0.006392021239,1.958254286
2013-05-08,0.001623639505,1.961433785
2013-05-09,-0.001328820526,1.958827391
2013-05-10,0.007188415735,1.972908257
2013-05-13,0.003393186022,1.979602702
2013-05-14,0.01072849098,2.000840851
2013-05-15,0.006843389936,2.014533385
2013-05-16,-0.00929653203,1.995805211
2013-05-17,0.005605381805,2.006992462
2013-05-20,-0.006710515344,1.993524508
2013-05-21,0.005455026546,2.004399237
2013-05-22,-0.003742022123,1.996898731
2013-05-23,-0.002202261339,1.992501038
2013-05-24,0.001137338016,1.994767185
2013-05-28,0.007180435462,2.009090482
2013-05-29,-0.0150531895,1.978847262
2013-05-30,0.001086898389,1.980998068
2013-05-31,-0.01728464792,1.946757214
2013-06-03,0.006948192964,1.960283659
2013-06-04,-0.005672736639,1.949163486
2013-06-05,-0.01430706375,1.92127668
2013-06-06,0.0109207886,1.942258536
2013-06-07,0.01297298326,1.967455424
2013-06-10,0.0006479664643,1.968730269
2013-06-11,-0.007697496009,1.953575975
2013-06-12,-0.008581944703,1.936810494
2013-06-13,0.01496322152,1.965791419
2013-06-14,-0.005740474512,1.954506843
2013-06-17,0.006943486724,1.968077936
2013-06-18,0.006222082336,1.980323478
2013-06-19,-0.0164618059,1.947723778
2013-06-20,-0.02577255095,1.897525967
2013-06-21,0.00798800943,1.912683423
2013-06-24,-0.010099425,1.89336642
2013-06-25,0.008427441644,1.909322655
2013-06-26,0.01159511052,1.931461462
2013-06-27,0.007008287448,1.944997699
2013-06-28,-0.006702076272,1.931962176
2013-07-01,0.004375304894,1.9404151
2013-07-02,-0.0004361798937,1.93956873
2013-07-03,9.496992322e-06,1.93958715
2013-07-05,0.01416310676,1.96705773
2013-07-08,0.007504793834,1.981820093
2013-07-09,0.005115087747,1.991957276
2013-07-10,0.0005488873544,1.993050636
2013-07-11,0.01223181684,2.017429267
2013-07-12,0.005896246206,2.029324526
2013-07-15,0.0009710818359,2.031295167
2013-07-16,-0.005031274695,2.021075163
2013-07-17,0.002515209245,2.02615859
2013-07-18,0.00725042278,2.040849096
2013-07-19,0.004289172752,2.04960265
2013-07-22,0.003675297043,2.057135549
2013-07-23,-0.002906324967,2.051156844
2013-07-24,-0.004052953116,2.042843602
2013-07-25,0.002420996492,2.047789319
2013-07-26,0.002909977195,2.053748339
2013-07-29,-0.005136312211,2.043199647
2013-07-30,-0.0009418886956,2.04127518
2013-07-31,0.002043318182,2.045446155
2013-08-01,0.01262418322,2.071268242
2013-08-02,0.002347238918,2.076130003
2013-08-05,-0.001808839093,2.072374618
2013-08-06,-0.005984200366,2.059973113
2013-08-07,-0.004934230402,2.049808731
2013-08-08,0.003044621784,2.056049623
2013-08-09,-0.003032843527,2.049813947
2013-08-12,-0.003124821079,2.043408645
2013-08-13,0.002888078169,2.049310169
2013-08-14,-0.007591291733,2.033753257
2013-08-15,-0.01636519266,2.000470493
2013-08-16,-0.003410015684,1.993648858
2013-08-19,-0.005156204439,1.983369197
2013-08-20,0.007548055356,1.998339777
2013-08-21,-0.007206074673,1.983939591
2013-08-22,0.009369175876,2.00252747
2013-08-23,0.001262378914,2.005055419
2013-08-26,-0.002375232918,2.000292945
2013-08-27,-0.01886558951,1.96255624
2013-08-28,0.003739839323,1.969895885
2013-08-29,0.003486529456,1.976763985
2013-08-30,-0.004885446777,1.967106609
2013-09-03,0.00728012051,1.981427383
2013-09-04,0.009886646015,2.001017054
2013-09-05,0.001423010402,2.003864522
2013-09-06,-0.0002643599454,2.00333478
2013-09-09,0.008885867281,2.021136147
2013-09-10,0.009316845403,2.03996676
2013-09-11,0.005013575852,2.050194288
2013-09-12,-0.003760902507,2.042483708
2013-09-13,0.002719595823,2.048038438
2013-09-16,0.008119574138,2.064667638
2013-09-17,0.003754888638,2.072420235
2013-09-18,0.00882306583,2.090705335
2013-09-19,-0.002486002546,2.085507836
2013-09-20,-0.004406085624,2.07631891
2013-09-23,-0.009629703796,2.056324574
2013-09-24,-0.002963399521,2.050230863
2013-09-25,-0.002819636848,2.044449956
2013-09-26,0.004339497633,2.053321842
2013-09-27,-0.001104803712,2.051053324
2013-09-30,-0.004310596817,2.04221206
2013-10-01,0.009254806798,2.061112338
2013-10-02,-0.001056022677,2.058935757
2013-10-03,-0.009194334225,2.040005214
2013-10-04,0.009511369733,2.059408457
2013-10-07,-0.01223425655,2.034213126
2013-10-08,-0.01427592149,2.005172859
2013-10-09,-0.0009296319164,2.003308786
2013-10-10,0.02501723611,2.053426035
2013-10-11,0.006259963375,2.066280407
2013-10-14,0.005419671598,2.077478968
2013-10-15,-0.007748833318,2.06138093
2013-10-16,0.01803616584,2.098560338
2013-10-17,0.008153777074,2.115671532
2013-10-18,0.001366422016,2.118562432
2013-10-21,-0.001490720697,2.115404247
2013-10-22,0.006014032265,2.128126356
2013-10-23,-0.005471044846,2.116483282
2013-10-24,0.003803848303,2.124534063
2013-10-25,0.004380488223,2.133840559
2013-10-28,-0.0002933400683,2.133214618
2013-10-29,0.005117642035,2.144131647
2013-10-30,-0.004718241853,2.134015115
2013-10-31,-0.00400533682,2.125467666
2013-11-01,0.00380950797,2.133564652
2013-11-04,0.001874209881,2.1375634
2013-11-05,-0.002116626389,2.133038977
2013-11-06,0.001738576212,2.136747428
2013-11-07,-0.01415429627,2.106503272
2013-11-08,0.01749634685,2.143359384
2013-11-11,0.0004162110756,2.144251473
2013-11-12,-0.003637560823,2.136451628
2013-11-13,0.01012863667,2.158090971
2013-11-14,0.006486876628,2.172090241
2013-11-15,0.003854893892,2.180463418
2013-11-18,-0.002242089788,2.175574623
2013-11-19,-0.003370434089,2.168241992
2013-11-20,-0.004134769818,2.159276811
2013-11-21,0.01088132541,2.182772604
2013-11-22,0.006357797439,2.19665023
2013-11-25,4.551327358e-05,2.196750207
2013-11-26,0.002305150672,2.201814047
2013-11-27,0.003530980876,2.209588611
2013-11-29,-0.001854999587,2.205489825
2013-12-02,-0.003119509282,2.198609779
2013-12-03,-0.009582082804,2.177542518
2013-12-04,-0.003268574519,2.170425058
2013-12-05,-0.0001142708966,2.170177041
2013-12-06,0.01223816574,2.196736028
2013-12-09,0.001268841063,2.199523337
2013-12-10,-0.001846801242,2.195461254
2013-12-11,-0.01404654849,2.164622601
2013-12-12,-0.003097526891,2.157917624
2013-12-13,0.002084962975,2.162416803
2013-12-16,0.005938425703,2.175258154
2013-12-17,-0.002613336635,2.169573473
2013-12-18,0.01878235053,2.210323162
2013-12-19,-0.0006039229454,2.208988297
2013-12-20,0.005745522016,2.221680088
2013-12-23,0.004047489865,2.230672316
2013-12-24,0.001657531237,2.234369725
2013-12-26,0.007276355917,2.250627794
2013-12-27,-0.002236932169,2.245593292
2013-12-30,0.001730145085,2.249478495
2013-12-31,0.003110764365,2.256476092
2014-01-02,-0.008066154575,2.238275007
2014-01-03,0.001517098528,2.241670691
2014-01-06,-0.00314289714,2.23462535
2014-01-07,0.005687829376,2.247335518
2014-01-08,0.003097151015,2.254295856
2014-01-09,0.003657535337,2.262541022
2014-01-10,0.001701402892,2.266390516
2014-01-13,-0.01437826081,2.233803762
2014-01-14,0.009841408456,2.255787538
2014-01-15,0.004481996949,2.26589797
2014-01-16,-0.003063229771,2.258957004
2014-01-17,-0.002889455331,2.252429849
2014-01-21,0.001925804509,2.256767588
2014-01-22,0.001313940803,2.259732847
2014-01-23,-0.0101390657,2.236821268
2014-01-24,-0.02178232544,2.188098099
2014-01-27,-0.006060180183,2.17483783
2014-01-28,0.01123520686,2.199272583
2014-01-29,-0.01229651006,2.172229206
2014-01-30,0.0164173009,2.207891346
2014-01-31,-0.0115120922,2.182473897
2014-02-03,-0.02369620573,2.130757547
2014-02-04,0.008825814623,2.149563218
2014-02-05,-0.001570676544,2.146186949
2014-02-06,0.01355104277,2.175270021
2014-02-07,0.01560129,2.209207039
2014-02-10,0.000458706444,2.210220417
2014-02-11,0.01068547542,2.233837672
2014-02-12,0.002216229989,2.23878837
2014-02-13,0.003666847338,2.246997666
2014-02-14,0.005368816803,2.259061384
2014-02-18,0.003241981167,2.266385219
2014-02-19,-0.007867293317,2.248554902
2014-02-20,0.007974808791,2.266486697
2014-02-21,0.0004333646699,2.267468912
2014-02-24,0.006403791503,2.28198931
2014-02-25,0.000403695037,2.282910538
2014-02-26,0.00219378681,2.287918757
2014-02-27,0.005210721629,2.299840465
2014-02-28,0.001993474176,2.304425138
2014-03-03,-0.007850352506,2.286334588
2014-03-04,0.01534120724,2.321409721
2014-03-05,0.00100502918,2.323742805
2014-03-06,0.0006890100036,2.325343887
2014-03-07,-0.0002601076016,2.324739048
2014-03-10,-0.0009351827295,2.322564992
2014-03-11,-0.005004601454,2.31094148
2014-03-12,-0.001191178555,2.308188736
2014-03-13,-0.01329643784,2.277498048
2014-03-14,-0.003412054243,2.269727101
2014-03-17,0.009568080904,2.291444033
2014-03-18,0.006812572341,2.307054662
2014-03-19,-0.006653245045,2.291705262
2014-03-20,0.001823608127,2.295884434
2014-03-21,-0.008143045445,2.277188943
2014-03-24,-0.008170930108,2.258582191
2014-03-25,0.003998882044,2.267613995
2014-03-26,-0.005967913688,2.25408107
2014-03-27,-0.002811862252,2.247742905
2014-03-28,0.003708859567,2.256079467
2014-03-31,0.01065308352,2.28011367
2014-04-01,0.00910073342,2.300864377
2014-04-02,0.006047888135,2.314779747
2014-04-03,-0.001845165222,2.310508596
2014-04-04,-0.01489006964,2.276104962
2014-04-07,-0.01458769104,2.242901847
2014-04-08,0.000637497504,2.244331691
2014-04-09,0.01497937637,2.27795038
2014-04-10,-0.02601638702,2.218686341
2014-04-11,-0.01104337001,2.194184567
2014-04-14,0.006378372053,2.208179893
2014-04-15,0.006339479748,2.222178604
2014-04-16,0.01142694843,2.247571325
2014-04-17,0.002971204935,2.25424932
2014-04-21,0.005820689054,2.267370604
2014-04-22,0.006703963496,2.282570974
2014-04-23,-0.001951738594,2.278115992
2014-04-24,0.0006719265375,2.279646718
2014-04-25,-0.01142884617,2.253592987
2014-04-28,0.001324669233,2.256578252
2014-04-29,0.004378913612,2.266459613
2014-04-30,0.00391742027,2.275338288
2014-05-01,0.001233601095,2.278145148
2014-05-02,-0.002765111935,2.271845822
2014-05-05,0.004710165418,2.282546591
2014-05-06,-0.007116962341,2.266301793
2014-05-07,0.006373930128,2.280747042
2014-05-08,-0.00317248988,2.273511395
2014-05-09,0.002281611484,2.278698665
2014-05-12,0.01262747136,2.307472867
2014-05-13,0.00134674234,2.310580439
2014-05-14,-0.002177255467,2.305549715
2014-05-15,-0.01097083103,2.280255918
2014-05-16,0.002778038422,2.286590557
2014-05-19,0.004773824436,2.297506339
2014-05-20,-0.008349873348,2.278322452
2014-05-21,0.007638091528,2.295724487
2014-05-22,0.00338049153,2.303485164
2014-05-23,0.005136672672,2.315317414
2014-05-27,0.003550416745,2.323537755
2014-05-28,-0.0005702676931,2.322212717
2014-05-29,0.007370322148,2.339328173
2014-05-30,0.0005802570519,2.340685584
2014-06-02,0.003222518253,2.348228486
2014-06-03,-0.0005002024611,2.347053897
2014-06-04,0.001425819483,2.350400372
2014-06-05,0.005326536831,2.362919866
2014-06-06,0.00463272933,2.373866634
2014-06-09,-0.000901964984,2.37172549
2014-06-10,0.0008048951777,2.37363448
2014-06-11,-0.004732345167,2.362401622
2014-06-12,-0.008982973512,2.341180231
2014-06-13,0.002180557372,2.346285309
2014-06-16,-0.0004422283462,2.345247715
2014-06-17,0.001430767061,2.348603218
2014-06-18,0.008167184977,2.367784695
2014-06-19,0.001286355176,2.370830507
2014-06-20,0.006235815407,2.385614569
2014-06-23,-0.002731979765,2.379097118
2014-06-24,-0.006282760212,2.364149821
2014-06-25,0.006584827174,2.379717339
2014-06-26,0.0001230901735,2.380010259
2014-06-27,-0.001078676897,2.377442997
2014-06-30,-0.001576648269,2.373694606
2014-07-01,0.007059913086,2.390452683
2014-07-02,0.002393666402,2.39617463
2014-07-03,0.006246075906,2.411141318
2014-07-07,-0.007680583344,2.392622346
2014-07-08,-0.006266147575,2.377629822
2014-07-09,0.003112846853,2.385031019
2014-07-10,-0.003663120234,2.376294364
2014-07-11,0.00323252931,2.383975805
2014-07-14,0.00279168596,2.390631117
2014-07-15,-0.003345703274,2.382632774
2014-07-16,0.002610747888,2.388853228
2014-07-17,-0.01024599916,2.36437704
2014-07-18,0.010332646,2.388807311
2014-07-21,-0.00247579486,2.382893114
2014-07-22,0.004587079937,2.393823635
2014-07-23,0.002757376525,2.400424308
2014-07-24,-0.002695409486,2.393954182
2014-07-25,-0.001501062534,2.390360707
2014-07-28,-0.0004849025465,2.389201615
2014-07-29,-0.006292079639,2.374168568
2014-07-30,-7.681046261e-05,2.373986207
2014-07-31,-0.02011921117,2.326223477
2014-08-01,0.0002261820533,2.326749627
2014-08-04,0.006551126007,2.341992457
2014-08-05,-0.008651490751,2.321730731
2014-08-06,0.0006180576065,2.323165694
2014-08-07,-0.006883939847,2.307173161
2014-08-08,0.01217791104,2.335269711
2014-08-11,0.0008379484471,2.337226547
2014-08-12,4.589673807e-05,2.337333818
2014-08-13,0.009103510416,2.35861176
2014-08-14,0.005375668834,2.371290876
2014-08-15,0.0006400389,2.372808595
2014-08-18,0.01090856627,2.398692534
2014-08-19,0.003991321951,2.408266489
2014-08-20,0.003940729674,2.417756816
2014-08-21,-0.0002917865966,2.417051347
2014-08-22,-0.002171117733,2.411803644
2014-08-25,0.005094991296,2.424091762
2014-08-26,0.0004351369724,2.425146574
2014-08-27,-0.0004459002807,2.424065201
2014-08-28,-0.0003329147168,2.423258194
2014-08-29,0.001425040971,2.426711436
2014-09-02,-0.000167051143,2.426306051
2014-09-03,-0.0004428258535,2.42523162
2014-09-04,-0.001829923011,2.420793633
2014-09-05,0.005384257216,2.433827808
2014-09-08,-0.0007676215486,2.43195955
2014-09-09,-0.005986941492,2.41739955
2014-09-10,0.004340426996,2.427892096
2014-09-11,-0.000652595595,2.426307665
2014-09-12,-0.005374107522,2.413268426
2014-09-15,-0.00240833081,2.407456478
2014-09-16,0.00859714895,2.42815374
2014-09-17,0.002918248531,2.435239696
2014-09-18,0.006711530649,2.451583882
2014-09-19,-0.0004497199725,2.450481355
2014-09-22,-0.004161345955,2.440284055
2014-09-23,-0.004430609335,2.429472109
2014-09-24,0.01144327598,2.457273229
2014-09-25,-0.01781856996,2.413488134
2014-09-26,0.007952701919,2.432681886
2014-09-29,-0.002197575392,2.427335884
2014-09-30,-0.004794954257,2.41569692
2014-10-01,-0.01653843912,2.375745063
2014-10-02,-0.001680994432,2.371751449
2014-10-03,0.01054955101,2.396772362
2014-10-06,-0.001537444956,2.393087456
2014-10-07,-0.01637376538,2.353903604
2014-10-08,0.01917951708,2.399050338
2014-10-09,-0.020604334,2.349619504
2014-10-10,-0.0156919744,2.312749335
2014-10-13,-0.02013402951,2.266184371
2014-10-14,-0.0009280050572,2.264081341
2014-10-15,-0.002747098565,2.257861686
2014-10-16,-0.0003745523625,2.257015999
2014-10-17,0.01367570872,2.287882292
2014-10-20,0.01149953377,2.314191872
2014-10-21,0.02251859287,2.366304216
2014-10-22,-0.005919179929,2.352297636
2014-10-23,0.009140185612,2.373798073
2014-10-24,0.01008185833,2.397730369
2014-10-27,-0.006275426772,2.382683587
2014-10-28,0.01034642218,2.407335838
2014-10-29,-0.004302128315,2.39697917
2014-10-30,0.009764636993,2.420384801
2014-10-31,0.01276465533,2.451280179
2014-11-03,-0.000547474797,2.449938165
2014-11-04,-0.0005599647302,2.448566286
2014-11-05,0.002782411851,2.455379206
2014-11-06,0.002421057934,2.461323821
2014-11-07,-0.002752185467,2.454549802
2014-11-10,0.006073769233,2.469458171
2014-11-11,0.0002950583182,2.470186805
2014-11-12,-0.0001214204878,2.469886874
2014-11-13,0.001400517679,2.473345994
2014-11-14,-0.001517904949,2.46959169
2014-11-17,0.0009949059267,2.472048701
2014-11-18,0.007608312014,2.490856819
2014-11-19,-0.004694765556,2.47916283
2014-11-20,0.0002751292217,2.47984492
2014-11-21,0.003709695656,2.48904439
2014-11-24,0.005670621787,2.50315882
2014-11-25,0.0003224063532,2.503965854
2014-11-26,0.005469191235,2.517660522
2014-11-28,0.003921499319,2.527533526
2014-12-01,-0.006901928547,2.51008867
2014-12-02,0.00535085152,2.523519782
2014-12-03,0.0007784043098,2.525484101
2014-12-04,-0.0007149085208,2.523678611
2014-12-05,-0.0003329586158,2.52283833
2014-12-08,0.0004630117793,2.524006434
2014-12-09,0.0001707028684,2.524437289
2014-12-10,-0.0143350065,2.488249464
2014-12-11,0.005759653125,2.502580918
2014-12-12,-0.01320204683,2.469541727
2014-12-15,-0.007936382911,2.449942499
2014-12-16,-0.008615698991,2.428834532
2014-12-17,0.01844874858,2.473643489
2014-12-18,0.02521353651,2.53601279
2014-12-19,0.001724778715,2.54038685
2014-12-22,0.001690869942,2.544682314
2014-12-23,-0.005924361482,2.529606696
2014-12-24,0.008286773515,2.550568974
2014-12-26,0.007833903191,2.570549885
2014-12-29,0.003348060867,2.579156242
2014-12-30,-0.01073949367,2.55145741
2014-12-31,-0.01302764647,2.518217925
2015-01-02,0.002126443588,2.523572773
2015-01-05,-0.01086342099,2.49615814
2015-01-06,-0.004928587961,2.483855605
2015-01-07,0.01393036276,2.518456614
2015-01-08,0.01534500615,2.557102347
2015-01-09,-0.006109104794,2.54148074
2015-01-12,-0.004509976232,2.530018723
2015-01-13,-0.0007997728581,2.527995282
2015-01-14,0.0004771625533,2.529201547
2015-01-15,-0.005210019426,2.516024358
2015-01-16,0.01249895529,2.547472034
2015-01-20,0.00362919925,2.556717317
2015-01-21,0.004450350501,2.568095606
2015-01-22,0.008023966556,2.588701919
2015-01-23,-0.001043348324,2.586001001
2015-01-26,0.0001677108357,2.586434701
2015-01-27,-0.01151781908,2.556644614
2015-01-28,-0.00823094541,2.535601012
2015-01-29,0.01042690289,2.562039478
2015-01-30,-0.01668940297,2.519280568
2015-02-02,0.006750812462,2.536287759
2015-02-03,0.00728911574,2.554775054
2015-02-04,-0.007566107225,2.535445352
2015-02-05,0.0117805217,2.565314221
2015-02-06,-0.0178094385,2.519627415
2015-02-09,-0.007338922465,2.501136065
2015-02-10,0.01742340344,2.544714368
2015-02-11,-0.00560522424,2.530450673
2015-02-12,0.004212446532,2.541110061
2015-02-13,-0.001638220083,2.536947164
2015-02-17,0.002265066889,2.542693519
2015-02-18,0.008589825116,2.564534811
2015-02-19,-0.002020169858,2.559354015
2015-02-20,0.005283723403,2.572876934
2015-02-23,0.004017901055,2.583214499
2015-02-24,0.003055067012,2.591106393
2015-02-25,-0.007686208465,2.571190609
2015-02-26,0.0008214369164,2.57330268
2015-02-27,-0.003131608859,2.565244102
2015-03-02,-0.0007822596794,2.563237415
2015-03-03,-0.002920130727,2.555752427
2015-03-04,-0.002589524767,2.549134243
2015-03-05,0.004966288949,2.56179398
2015-03-06,-0.02303180923,2.502791229
2015-03-09,0.004514427794,2.5140899
2015-03-10,-0.00908404756,2.491251788
2015-03-11,-0.004890313733,2.479068785
2015-03-12,0.01561776752,2.517786305
2015-03-13,-0.00666602379,2.501002681
2015-03-16,0.01720384076,2.544029533
2015-03-17,-0.003868379109,2.534188262
2015-03-18,0.01557595827,2.573660673
2015-03-19,-0.002655031199,2.566827524
2015-03-20,0.009589390587,2.591441835
2015-03-23,-0.0001673605038,2.59100813
2015-03-24,-0.008507807946,2.568964331
2015-03-25,-0.01079277672,2.541238072
2015-03-26,-0.005022976174,2.528473494
2015-03-27,0.006442910416,2.544764222
2015-03-30,0.01083225559,2.572329759
2015-03-31,-0.008824470641,2.54963031
2015-04-01,-0.002645797351,2.542884505
2015-04-02,0.002528801175,2.549314955
2015-04-06,0.006378190413,2.565574971
2015-04-07,-0.001480443991,2.561776781
2015-04-08,0.00439408181,2.573033437
2015-04-09,0.004337927755,2.584195071
2015-04-10,0.0047380032,2.596438995
2015-04-13,-0.004296589581,2.585283162
2015-04-14,0.0002529398361,2.585937084
2015-04-15,0.00286366957,2.593342353
2015-04-16,-0.0001490599369,2.592955789
2015-04-17,-0.01057948097,2.565523663
2015-04-20,0.008908444836,2.588378489
2015-04-21,0.00266634463,2.595279998
2015-04-22,0.004141338376,2.606027931
2015-04-23,0.001437584394,2.609774316
2015-04-24,0.001880287033,2.614681441
2015-04-27,-0.006951441631,2.596505635
2015-04-28,0.003062667015,2.604457867
2015-04-29,-0.0076512115,2.584530609
2015-04-30,-0.01040527284,2.557637863
2015-05-01,0.01161173121,2.587336467
2015-05-04,0.002619579241,2.5941142
2015-05-05,-0.01033778046,2.567296816
2015-05-06,-0.001626102799,2.563122128
2015-05-07,0.004121785007,2.573686766
2015-05-08,0.01176111336,2.603956188
2015-05-11,-0.002653781406,2.597045858
2015-05-12,-0.003492502471,2.587975669
2015-05-13,-0.001873321172,2.583127559
2015-05-14,0.01122262379,2.612117028
2015-05-15,0.004426313992,2.623679078
2015-05-18,0.002165046833,2.629359466
2015-05-19,0.0006014985181,2.630941022
2015-05-20,-0.0006875140203,2.629132213
2015-05-21,0.002089978233,2.634627042
2015-05-22,-0.002775980126,2.62731337
2015-05-26,-0.00840084914,2.605241706
2015-05-27,0.008464517298,2.62729382
2015-05-28,-0.0008156920245,2.625150757
2015-05-29,-0.005247099249,2.611376331
2015-06-01,0.002295629938,2.617371084
2015-06-02,-0.002786632668,2.610077433
2015-06-03,0.003923380111,2.620317759
2015-06-04,-0.007752506372,2.600003728
2015-06-05,-0.002172885445,2.594354218
2015-06-08,-0.007736779253,2.574282272
2015-06-09,-0.001225824805,2.571126653
2015-06-10,0.01271962453,2.603830419
2015-06-11,0.003556282378,2.613090375
2015-06-12,-0.008571844668,2.59069137
2015-06-15,-0.003194708443,2.582414867
2015-06-16,0.005866809926,2.597565404
2015-06-17,0.001988972631,2.60273189
2015-06-18,0.01170272167,2.633190937
2015-06-19,-0.004204626389,2.622119353
2015-06-22,0.007190745568,2.640974346
2015-06-23,0.002215399794,2.64682516
2015-06-24,-0.007212612157,2.627734637
2015-06-25,0.0008120159219,2.629868399
2015-06-26,-0.001965442193,2.624699545
2015-06-29,-0.02278916254,2.56488484
2015-06-30,0.00298014456,2.572528568
2015-07-01,0.009630964892,2.5973045
2015-07-02,-0.00171812238,2.592842013
2015-07-06,-0.002139098665,2.587295668
2015-07-07,0.004983785731,2.600190196
2015-07-08,-0.01751277302,2.554653655
2015-07-09,0.001901495002,2.559511316
2015-07-10,0.01463231197,2.596962884
2015-07-13,0.01270806947,2.629965269
2015-07-14,0.005027296917,2.643186885
2015-07-15,0.0001757278707,2.643651367
2015-07-16,0.007854439987,2.664415768
2015-07-17,0.003819630154,2.674592851
2015-07-20,0.003015824884,2.682658954
2015-07-21,-0.004733435684,2.669960761
2015-07-22,-0.003037071737,2.661851898
2015-07-23,-0.003889538771,2.651498522
2015-07-24,-0.01013683422,2.624620721
2015-07-27,-0.00579589945,2.609408683
2015-07-28,0.01163302701,2.639764005
2015-07-29,0.006195737964,2.656119291
2015-07-30,0.001357934215,2.659726126
2015-07-31,0.001875690563,2.66471495
2015-08-03,-0.003183808472,2.656231008
2015-08-04,0.0005769235294,2.65776345
2015-08-05,0.002088560158,2.663314349
2015-08-06,-0.0142861647,2.625265801
2015-08-07,-0.002679786631,2.618230649
2015-08-10,0.006644780174,2.635628216
2015-08-11,-0.007000337774,2.617177928
2015-08-12,-0.001028882885,2.614485159
2015-08-13,-0.0001537930108,2.614083069
2015-08-14,0.002211059283,2.619862962
2015-08-17,0.006883250303,2.637896134
2015-08-18,-0.001846342053,2.633025676
2015-08-19,-0.00501729261,2.619815016
2015-08-20,-0.02014063813,2.567050269
2015-08-21,-0.029966476,2.490124819
2015-08-24,-0.03909071354,2.392784063
2015-08-25,-0.007238096533,2.375464861
2015-08-26,0.03658217757,2.462364538
2015-08-27,0.01919663318,2.509633647
2015-08-28,-0.002458449899,2.503463839
2015-08-31,-0.01094936556,2.476052498
2015-09-01,-0.02402929727,2.416554696
2015-09-02,0.01840330458,2.461027289
2015-09-03,2.57398481e-05,2.461090635
2015-09-04,-0.0131695111,2.428679275
2015-09-08,0.0239873148,2.486936769
2015-09-09,-0.01419436714,2.451636275
2015-09-10,0.004720005526,2.463208012
2015-09-11,0.006836441064,2.480047589
2015-09-14,-0.003865407923,2.470461193
2015-09-15,0.0122628056,2.500755978
2015-09-16,0.008498477132,2.522008596
2015-09-17,0.003893397169,2.531827777
2015-09-18,-0.01424867863,2.495752577
2015-09-21,0.0009689185803,2.498170758
2015-09-22,-0.01011726893,2.472896092
2015-09-23,-0.0006563795301,2.471272934
2015-09-24,-0.003730196889,2.462054599
2015-09-25,-0.007039388798,2.44472324
2015-09-28,-0.02741682231,2.377696697
2015-09-29,0.001814131662,2.382010152
2015-09-30,0.01899018819,2.427244973
2015-10-01,0.005840901418,2.441422272
2015-10-02,0.01628454759,2.481179729
2015-10-05,0.0115123619,2.509743968
2015-10-06,-0.01256621588,2.478205983
2015-10-07,0.009503175029,2.501756808
2015-10-08,0.009031245623,2.524350789
2015-10-09,0.002646252689,2.531030859
2015-10-12,0.003339785954,2.53948396
2015-10-13,-0.007987046211,2.519200984
2015-10-14,-0.007884678899,2.499337893
2015-10-15,0.01478854031,2.536299453
2015-10-16,0.007931001784,2.556414848
2015-10-19,0.004247459929,2.567273118
2015-10-20,-0.005861536224,2.552224953
2015-10-21,-0.004417470786,2.540950574
2015-10-22,0.009011048823,2.563847204
2015-10-23,0.008236379706,2.584964023
2015-10-26,0.002985350374,2.592681046
2015-10-27,0.005011325985,2.605673816
2015-10-28,0.004042555314,2.616207397
2015-10-29,0.002576391372,2.622947771
2015-10-30,-0.005088880878,2.609599902
2015-11-02,0.01063035047,2.637340864
2015-11-03,-0.001513594642,2.633348999
2015-11-04,-0.00503477066,2.62009069
2015-11-05,6.415935961e-05,2.620258794
2015-11-06,-0.004967209719,2.607243419
2015-11-09,-0.009377242079,2.582794666
2015-11-10,0.006289148516,2.599038245
2015-11-11,-0.005752139574,2.584088215
2015-11-12,-0.01337746798,2.549519657
2015-11-13,-0.01248284943,2.517694387
2015-11-16,0.0139143098,2.552726367
2015-11-17,0.001917976205,2.557622435
2015-11-18,0.01680449475,2.600601988
2015-11-19,-0.004297560757,2.589425743
2015-11-20,0.004493604636,2.601061599
2015-11-23,0.003312502593,2.609677622
2015-11-24,0.001208154357,2.612830515
2015-11-25,0.004369520737,2.624247332
2015-11-27,0.000698225012,2.626079647
2015-11-30,-0.01095739061,2.597304667
2015-12-01,0.01188273609,2.628167753
2015-12-02,-0.007342691895,2.608869927
2015-12-03,-0.01108619332,2.57994749
2015-12-04,0.02214227198,2.63707339
2015-12-07,-0.002115473206,2.631494731
2015-12-08,-0.002672587786,2.624461831
2015-12-09,-0.01232667489,2.592110943
2015-12-10,0.002448487801,2.598457695
2015-12-11,-0.01819890834,2.551168602
2015-12-14,0.007579232251,2.570504501
2015-12-15,0.005429989829,2.584462314
2015-12-16,0.01654651146,2.62722615
2015-12-17,-0.01501552364,2.587776973
2015-12-18,-0.01761037508,2.54220525
2015-12-21,0.008863358815,2.564737727
2015-12-22,0.009212257905,2.588364753
2015-12-23,0.006939342182,2.606326301
2015-12-24,-0.001370896704,2.602753297
2015-12-28,0.0001595738327,2.603168629
2015-12-29,0.01129275292,2.632565569
2015-12-30,-0.006666636937,2.61501521
2015-12-31,-0.01173729305,2.58432201
2016-01-04,-0.01429822865,2.547370783
2016-01-05,0.0008383530163,2.549506379
2016-01-06,-0.008499347598,2.527837238
2016-01-07,-0.02069092467,2.475533948
2016-01-08,-0.008787634975,2.45377986
2016-01-11,0.007916159974,2.473204373
2016-01-12,0.009468352237,2.496621544
2016-01-13,-0.02632027373,2.430909781
2016-01-14,0.01025359512,2.455835346
2016-01-15,-0.02146742916,2.403114875
2016-01-19,0.005600508744,2.41657354
2016-01-20,-0.009709794828,2.393109107
2016-01-21,0.007452959154,2.410944852
2016-01-22,0.02078586353,2.461058422
2016-01-25,-0.01067471553,2.434787324
2016-01-26,0.01120355628,2.462065601
2016-01-27,-0.01241659243,2.431495135
2016-01-28,0.01197416749,2.460610265
2016-01-29,0.02090984851,2.512061253
2016-02-01,0.004352977429,2.522996199
2016-02-02,-0.0162102296,2.482097852
2016-02-03,0.0005889927334,2.483559789
2016-02-04,-0.006793341101,2.46668812
2016-02-05,-0.01779121128,2.422802751
2016-02-08,-0.01188931598,2.393997283
2016-02-09,0.004155701555,2.403946022
2016-02-10,0.00198542889,2.408718886
2016-02-11,-0.008243170109,2.388863406
2016-02-12,0.01531539221,2.425449786
2016-02-16,0.01700087032,2.466684543
2016-02-17,0.01483464479,2.503276932
2016-02-18,-0.005752818329,2.488876035
2016-02-19,0.00109102839,2.491591469
2016-02-22,0.01285293056,2.523615721
2016-02-23,-0.004400707381,2.512510027
2016-02-24,0.004092704171,2.522792987
2016-02-25,0.01125377859,2.551183941
2016-02-26,-0.005645084234,2.536782293
2016-02-29,-0.00814611252,2.516117379
2016-03-01,0.01917584982,2.564366068
2016-03-02,0.0009486490435,2.566798751
2016-03-03,0.003645891962,2.576157022
2016-03-04,0.001977726358,2.581251956
2016-03-07,-0.005526282632,2.566987228
2016-03-08,-0.003707268889,2.557470716
2016-03-09,0.00603008676,2.572892486
2016-03-10,0.0006459606455,2.574554474
2016-03-11,0.01133868091,2.603746525
2016-03-14,0.001448466763,2.607517966
2016-03-15,0.00198351107,2.612690006
2016-03-16,0.007337139524,2.631859677
2016-03-17,0.003717790606,2.641644381
2016-03-18,0.0005316221304,2.643048737
2016-03-21,0.001507711532,2.647033692
2016-03-22,-0.002439793103,2.640575478
2016-03-23,-0.004191668481,2.629507061
2016-03-24,0.0009680536325,2.632052565
2016-03-28,0.002447823224,2.638495364
2016-03-29,0.0110613772,2.667680756
2016-03-30,0.006280767276,2.684435838
2016-03-31,-0.002803407108,2.676910272
2016-04-01,0.007463539194,2.696889497
2016-04-04,-0.004549636765,2.684619629
2016-04-05,-0.01132102193,2.654226991
2016-04-06,0.005373441685,2.668489325
2016-04-07,-0.007498341941,2.64848008
2016-04-08,0.003090609806,2.656665498
2016-04-11,-0.005045850938,2.64326036
2016-04-12,0.006939188651,2.661602443
2016-04-13,8.784408297e-05,2.661836249
2016-04-14,-0.00192176081,2.656720836
2016-04-15,0.004863010149,2.669640496
2016-04-18,0.006325913431,2.686528411
2016-04-19,-0.001471946694,2.682573985
2016-04-20,-0.01167405258,2.651257475
2016-04-21,-0.01406728929,2.613961469
2016-04-22,0.003536713379,2.623206301
2016-04-25,0.003320550777,2.631916791
2016-04-26,-4.988242775e-05,2.631785505
2016-04-27,0.006106001389,2.647855191
2016-04-28,-0.003764410062,2.637887578
2016-04-29,0.003000865201,2.645803523
2016-05-02,0.01118058996,2.675385167
2016-05-03,-0.00463312504,2.662989773
2016-05-04,0.003875452,2.673310062
2016-05-05,-0.001061595422,2.670472089
2016-05-06,0.001992714201,2.675793576
2016-05-09,0.003727140552,2.685766635
2016-05-10,0.007978877514,2.707196038
2016-05-11,-0.00384531464,2.696786017
2016-05-12,0.002820336924,2.704391863
2016-05-13,-0.007074511573,2.685259611
2016-05-16,0.007193032295,2.70457477
2016-05-17,-0.01554373084,2.662535588
2016-05-18,-0.009481356607,2.637291139
2016-05-19,0.004822540834,2.650009583
2016-05-20,0.003070965097,2.65814767
2016-05-23,-0.003272664553,2.649448444
2016-05-24,0.01240454059,2.682313635
2016-05-25,0.001842712532,2.687256368
2016-05-26,0.006197647429,2.703911035
2016-05-27,0.00251983049,2.710724433
2016-05-31,0.0007262766523,2.712693169
2016-06-01,0.003470067875,2.722106398
2016-06-02,0.001446002691,2.726042571
2016-06-03,0.005226779919,2.740290996
2016-06-06,0.0007502801621,2.742346982
2016-06-07,-0.0002193453469,2.741745461
2016-06-08,0.004370549705,2.753728396
2016-06-09,0.003395727763,2.763079307
2016-06-10,-0.004096369231,2.751760714
2016-06-13,-0.004992587866,2.738022307
2016-06-14,0.002231736725,2.744132852
2016-06-15,-0.002148553091,2.738236937
2016-06-16,0.00491839923,2.75170468
2016-06-17,-0.0006681004009,2.749866265
2016-06-20,0.002800951931,2.757568508
2016-06-21,0.0005704361018,2.759141524
2016-06-22,-0.001867889854,2.753987752
2016-06-23,0.006250313491,2.771201039
2016-06-24,-0.01826096377,2.720596237
2016-06-27,-0.002717616402,2.7132027
2016-06-28,0.009959511812,2.740224874
2016-06-29,0.01016338175,2.768074826
2016-06-30,0.01713363542,2.815502011
2016-07-01,0.001950850372,2.820994634
2016-07-05,0.001654865701,2.825663001
2016-07-06,0.003850306519,2.83654267
2016-07-07,-0.005392991729,2.821245219
2016-07-08,0.01259139197,2.856768623
2016-07-11,0.001749307804,2.861765991
2016-07-12,-0.005051179213,2.847310698
2016-07-13,0.002866675043,2.855473012
2016-07-14,-0.0008736323839,2.852978379
2016-07-15,-0.0005107456487,2.851521232
2016-07-18,0.001878246136,2.856877091
2016-07-19,-0.00142978843,2.852792361
2016-07-20,-0.001723178391,2.847876491
2016-07-21,0.0001337216427,2.848257314
2016-07-22,0.007380466495,2.869278781
2016-07-25,-0.0003977090017,2.868137643
2016-07-26,-0.005904432962,2.851202917
2016-07-27,-0.009820563777,2.823202497
2016-07-28,0.003382697174,2.832752536
2016-07-29,0.004015946053,2.844128717
2016-08-01,0.001088224559,2.847223768
2016-08-02,-0.005833577649,2.830614267
2016-08-03,-0.002668730551,2.82306012
2016-08-04,0.00233927881,2.829664045
2016-08-05,-0.001022928423,2.826769501
2016-08-08,-0.0005687181634,2.825161866
2016-08-09,0.001682182584,2.829914304
2016-08-10,0.0002237827946,2.83054759
2016-08-11,0.00199461769,2.836193451
2016-08-12,0.001259295649,2.839765057
2016-08-15,-0.004327608096,2.827475667
2016-08-16,-0.007844261728,2.805296207
2016-08-17,0.005752225147,2.821432903
2016-08-18,0.005407493062,2.836689782
2016-08-19,-0.004635482829,2.823540355
2016-08-22,0.001347617807,2.827345408
2016-08-23,-0.0009168131492,2.824753261
2016-08-24,-0.002515679194,2.817647088
2016-08-25,-0.0003678865602,2.816610513
2016-08-26,-0.008474883829,2.792740066
2016-08-29,0.005951907424,2.809362197
2016-08-30,-0.006579660197,2.790877548
2016-08-31,0.001222731088,2.794290041
2016-09-01,-0.0005061993582,2.792875573
2016-09-02,0.008482090213,2.816564995
2016-09-06,0.006046031451,2.833594036
2016-09-07,-0.002005399978,2.827911547
2016-09-08,-0.003431615017,2.818207243
2016-09-09,-0.02973095814,2.734419241
2016-09-12,0.01773894849,2.782924963
2016-09-13,-0.01110924298,2.752008774
2016-09-14,0.001870299892,2.757155856
2016-09-15,0.01072037399,2.786713597
2016-09-16,0.0009460100366,2.789349856
2016-09-19,0.001985541791,2.794888227
2016-09-20,7.053602561e-05,2.795085367
2016-09-21,0.01236140832,2.829636559
2016-09-22,0.007019056447,2.849497938
2016-09-23,-0.004676746589,2.836171558
2016-09-26,-0.005628178927,2.820209077
2016-09-27,0.0007282865072,2.822262997
2016-09-28,0.0007280065976,2.824317623
2016-09-29,-0.01027156039,2.795307474
2016-09-30,0.002809505981,2.803160907
2016-10-03,-0.007801832015,2.781291117
2016-10-04,-0.01099668059,2.750706147
2016-10-05,0.0001707437166,2.751175813
2016-10-06,0.001335589809,2.754850255
2016-10-07,-0.002220600964,2.748732832
2016-10-10,0.005068950934,2.762666024
2016-10-11,-0.009262610193,2.737076525
2016-10-12,0.005683803211,2.75263353
2016-10-13,0.002104493744,2.75842643
2016-10-14,-0.0005392432311,2.756938967
2016-10-17,-0.0004798560813,2.755616033
2016-10-18,0.005703329134,2.771332218
2016-10-19,-0.002039001036,2.765681469
2016-10-20,-0.001939181544,2.76031831
2016-10-21,0.0007775970074,2.762464726
2016-10-24,0.006645975027,2.780823997
2016-10-25,0.002099459892,2.786662226
2016-10-26,-0.001499188145,2.782484495
2016-10-27,-0.003928094037,2.771554634
2016-10-28,0.002082426677,2.777326193
2016-10-31,0.007354377145,2.797751697
2016-11-01,-0.01040336266,2.768645672
2016-11-02,-0.006487508535,2.75068406
2016-11-03,-0.003670068375,2.740588861
2016-11-04,0.0008722838306,2.742979432
2016-11-07,0.02052385965,2.799275957
2016-11-08,0.004702542516,2.812439671
2016-11-09,0.01499171076,2.854602953
2016-11-10,0.005612484668,2.870624369
2016-11-11,-0.002971368703,2.862094685
2016-11-14,-0.002883534306,2.853841737
2016-11-15,0.007340058312,2.874789102
2016-11-16,0.000556266689,2.876388251
2016-11-17,0.002969132514,2.884928629
2016-11-18,-0.000872128706,2.8824126
2016-11-21,0.009104892643,2.908656657
2016-11-22,0.004605094848,2.922051297
2016-11-23,0.002647893004,2.929788576
2016-11-25,0.004223530842,2.942162629
2016-11-28,-0.00335290239,2.932297845
2016-11-29,0.0008134973865,2.934683261
2016-11-30,5.072740285e-05,2.93483213
2016-12-01,-0.00455377411,2.921467568
2016-12-02,0.005026011112,2.936150896
2016-12-05,0.004035643746,2.948000155
2016-12-06,0.001337290278,2.951942487
2016-12-07,0.01548458248,2.997652084
2016-12-08,3.406731051e-05,2.997754206
2016-12-09,0.01073545431,3.029936459
2016-12-12,0.003792477396,3.041427425
2016-12-13,0.009162926769,3.069295801
2016-12-14,-0.01165008107,3.033538257
2016-12-15,0.00527465841,3.049539135
2016-12-16,0.003558565085,3.060391118
2016-12-19,0.00428078616,3.073491998
2016-12-20,0.0009984337428,3.076560676
2016-12-21,-0.002113127321,3.070059512
2016-12-22,-2.271828848e-05,3.069989765
2016-12-23,0.0009135484872,3.07279435
2016-12-27,0.001571749074,3.077624011
2016-12-28,-0.008183978492,3.052436803
2016-12-29,0.006111138445,3.071090667
2016-12-30,-0.006109288948,3.052328486
2017-01-03,0.003365177223,3.062600113
2017-01-04,0.001964261577,3.06861586
2017-01-05,-0.005161823799,3.052776206
2017-01-06,0.003355812427,3.06302075
2017-01-09,-0.009684095139,3.033358166
2017-01-10,-0.0009344409297,3.030523672
2017-01-11,0.007480868533,3.053194621
2017-01-12,-0.005577254691,3.036166177
2017-01-13,0.002140743182,3.042665829
2017-01-17,-0.008461860058,3.016919217
2017-01-18,0.003277574066,3.026807393
2017-01-19,-0.0008355965928,3.024278203
2017-01-20,0.002900731549,3.033050822
2017-01-23,-0.007531610474,3.010207065
2017-01-24,0.01119256057,3.04389899
2017-01-25,0.01083022168,3.076865091
2017-01-26,0.001887915233,3.082673951
2017-01-27,-0.004987946785,3.067297737
2017-01-30,-0.01162800233,3.031631192
2017-01-31,-0.00491339732,3.016735584
2017-02-01,-0.002618510804,3.008836229
2017-02-02,-2.897709386e-05,3.008749042
2017-02-03,0.01210493824,3.045169763
2017-02-06,-0.003889865364,3.033324462
2017-02-07,-0.004989060733,3.018191022
2017-02-08,-0.001944943351,3.012320812
2017-02-09,0.01087742817,3.045087115
2017-02-10,0.006152101369,3.0638208
2017-02-13,0.007768541479,3.087622219
2017-02-14,0.005123404382,3.103441356
2017-02-15,0.003074417234,3.11298263
2017-02-16,-0.005257290923,3.096616774
2017-02-17,-0.001148878651,3.093059137
2017-02-21,0.005573614866,3.110298658
2017-02-22,-0.005695168271,3.092584984
2017-02-23,-0.0007690632728,3.09020659
2017-02-24,-0.004267517544,3.077019079
2017-02-27,0.005852938572,3.095028683
2017-02-28,-0.002520896749,3.087226435
2017-03-01,0.02180411809,3.154540685
2017-03-02,-0.01296755722,3.113633998
2017-03-03,0.00170869599,3.118954252
2017-03-06,-0.005492782819,3.101822514
2017-03-07,-0.003746526285,3.090201454
2017-03-08,-0.001027203353,3.087027189
2017-03-09,-0.001332477434,3.082913795
2017-03-10,0.003311187667,3.093121901
2017-03-13,0.001563702559,3.097958623
2017-03-14,-0.006950163178,3.076427305
2017-03-15,0.008586373904,3.102842661
2017-03-16,-0.003257660323,3.092734653
2017-03-17,-1.248771718e-05,3.092696032
2017-03-20,-0.001488698211,3.088091941
2017-03-21,-0.0200051576,3.026314175
2017-03-22,0.00144687785,3.030692882
2017-03-23,0.001658316836,3.035718731
2017-03-24,-0.004241955318,3.022841348
2017-03-27,-0.001752793566,3.017542931
2017-03-28,0.01193710515,3.053563658
2017-03-29,-0.001900042066,3.047761759
2017-03-30,0.006285355977,3.066918026
2017-03-31,-0.00422707321,3.053953939
2017-04-03,-0.002691761635,3.045733423
2017-04-04,3.417608637e-05,3.045837514
2017-04-05,-0.004988271023,3.030644051
2017-04-06,0.003118107174,3.040093924
2017-04-07,-0.001241124471,3.036320789
2017-04-10,-0.0006597127569,3.03431769
2017-04-11,-0.001793939369,3.028874308
2017-04-12,-0.008433404387,3.003330586
2017-04-13,-0.008019784586,2.979244522
2017-04-17,0.01252226291,3.016551405
2017-04-18,-0.004291976181,3.003604438
2017-04-19,-0.0009531746768,3.000741478
2017-04-20,0.0127066788,3.038870937
2017-04-21,-0.003800897943,3.027320498
2017-04-24,0.01617312124,3.07628172
2017-04-25,0.006298679095,3.095658231
2017-04-26,-0.0005988044295,3.093804537
2017-04-27,-0.0002785323493,3.092942813
2017-04-28,-0.003916883567,3.080828116
2017-05-01,0.00363331382,3.092021731
2017-05-02,0.001920452728,3.097959813
2017-05-03,0.002321664286,3.105152235
2017-05-04,0.0006668315572,3.107222849
2017-05-05,0.002361043983,3.114559139
2017-05-08,0.0002792172717,3.115428777
2017-05-09,-0.0003872600493,3.114222296
2017-05-10,0.001691494695,3.119489987
2017-05-11,-0.002620272053,3.111316074
2017-05-12,-0.00241670477,3.103796942
2017-05-15,0.005965134021,3.122311507
2017-05-16,0.002183615165,3.129129433
2017-05-17,-0.02624831292,3.046995065
2017-05-18,0.003714458033,3.058313
2017-05-19,0.009212080476,3.086486426
2017-05-22,0.006081169501,3.105255873
2017-05-23,0.003861508236,3.117246844
2017-05-24,0.001632358587,3.122335308
2017-05-25,0.005138706081,3.138380072
2017-05-26,7.759367938e-05,3.13862359
2017-05-30,-0.0009389087479,3.135676709
2017-05-31,-0.00272975467,3.127117081
2017-06-01,0.007056646819,3.149184042
2017-06-02,0.003109098312,3.158975165
2017-06-05,-0.0003128771093,3.157986794
2017-06-06,-0.004315668729,3.144357969
2017-06-07,0.003220609868,3.154484719
2017-06-08,0.005662099253,3.172345725
2017-06-09,-0.0006675055443,3.170228166
2017-06-12,-5.020651822e-05,3.170069
2017-06-13,0.005543740533,3.18764304
2017-06-14,-0.001400712761,3.183178068
2017-06-15,-0.0008537783351,3.180460339
2017-06-16,0.0001363048637,3.180893852
2017-06-19,0.01041642094,3.214027381
2017-06-20,-0.009097379926,3.184788153
2017-06-21,-0.003125464608,3.17483421
2017-06-22,-0.002640043656,3.166452509
2017-06-23,0.002064132493,3.172988487
2017-06-26,0.0001354817922,3.173418369
2017-06-27,-0.006309465744,3.153395794
2017-06-28,0.01243399526,3.192605103
2017-06-29,-0.006503496437,3.171842007
2017-06-30,0.002189073804,3.178785403
2017-07-03,0.004604764261,3.193422961
2017-07-05,0.004818104721,3.208809207
2017-07-06,-0.008473212952,3.181620283
2017-07-07,0.00873245778,3.209403648
2017-07-10,0.002995565083,3.219017625
2017-07-11,-0.002499434754,3.210971901
2017-07-12,0.007238375112,3.23421412
2017-07-13,0.002420486322,3.242042491
2017-07-14,0.002938872757,3.251570441
2017-07-17,-0.001203675926,3.247656604
2017-07-18,0.0002188045796,3.248367206
2017-07-19,0.002163438803,3.25539485
2017-07-20,-0.00131356378,3.251118681
2017-07-21,-0.001034419824,3.24775566
2017-07-24,0.001563395409,3.252833186
2017-07-25,0.003074955906,3.262835505
2017-07-26,-0.0005340211289,3.261093081
2017-07-27,-0.005027696988,3.244697294
2017-07-28,0.0004337261895,3.246104604
2017-07-31,0.00034514679,3.247224986
2017-08-01,0.003106675857,3.257313062
2017-08-02,0.002924123052,3.266837846
2017-08-03,-0.0002806135701,3.265921127
2017-08-04,0.00363099133,3.277779658
2017-08-07,0.001500058452,3.282696519
2017-08-08,-0.002396987646,3.274827936
2017-08-09,-7.545921541e-05,3.27458082
2017-08-10,-0.01672424356,3.219815933
2017-08-11,0.00114653773,3.223507574
2017-08-14,0.01338266311,3.26664669
2017-08-15,5.385157647e-05,3.266822604
2017-08-16,0.001236757282,3.27086287
2017-08-17,-0.0180269107,3.211899317
2017-08-18,-0.001549746028,3.206921689
2017-08-21,-0.0005183555415,3.205259364
2017-08-22,0.01244825195,3.24515924
2017-08-23,-0.005016294462,3.228880565
2017-08-24,-0.001327266862,3.224594979
2017-08-25,0.002473200419,3.232570049
2017-08-28,-0.001711667137,3.227036965
2017-08-29,0.002780815885,3.236010761
2017-08-30,0.005141850261,3.252649843
2017-08-31,0.003523736341,3.264111324
2017-09-01,0.0009534096916,3.267223359
2017-09-05,-0.01343780164,3.22331906
2017-09-06,0.001455230781,3.228009733
2017-09-07,-0.003930678884,3.215321463
2017-09-08,0.001463121714,3.22002587
2017-09-11,0.01339993123,3.263173995
2017-09-12,0.006332886365,3.283839305
2017-09-13,-0.000396433542,3.282537481
2017-09-14,-0.0002102248236,3.28184741
2017-09-15,0.003726510479,3.294077249
2017-09-18,0.00606001284,3.314039399
2017-09-19,0.004335621602,3.32840782
2017-09-20,0.003059313314,3.338590463
2017-09-21,-3.141546511e-05,3.338485579
2017-09-22,0.0006283923655,3.340583458
2017-09-25,-0.004323574497,3.326140197
2017-09-26,0.001079145701,3.329729587
2017-09-27,0.007835334806,3.355819133
2017-09-28,0.000728464538,3.358263728
2017-09-29,0.00481430118,3.374431421
2017-10-02,0.005643867361,3.393476264
2017-10-03,0.003384095725,3.404960113
2017-10-04,-0.001846316831,3.398673478
2017-10-05,0.00744917717,3.423990799
2017-10-06,0.0008348422355,3.426849291
2017-10-09,-0.001357679441,3.422196728
2017-10-10,0.002367718048,3.430299525
2017-10-11,0.0002904977591,3.431296019
2017-10-12,-0.001597122748,3.425815818
2017-10-13,0.001132614089,3.429695945
2017-10-16,0.003750821405,3.442560122
2017-10-17,-0.002525573794,3.433865683
2017-10-18,0.002745806609,3.443294414
2017-10-19,0.0001938268972,3.443961817
2017-10-20,0.00977842509,3.47763834
2017-10-23,-0.003933903636,3.463957645
2017-10-24,0.005196168809,3.481956954
2017-10-25,-0.007084898913,3.457287641
2017-10-26,0.003711866595,3.470120632
2017-10-27,0.008865964122,3.500886597
2017-10-30,-0.002927485175,3.490637803
2017-10-31,-0.0007850578089,3.487897451
2017-11-01,0.0003678325245,3.489180413
2017-11-02,0.005198555741,3.507319112
2017-11-03,0.0009578587888,3.510678628
2017-11-06,0.0005473718888,3.512600275
2017-11-07,-0.003943297591,3.498749047
2017-11-08,-0.0003657307421,3.497469447
2017-11-09,-0.007973662998,3.469581804
2017-11-10,-0.0005495743821,3.467675011
2017-11-13,-0.0007193124591,3.465180669
2017-11-14,-0.001704660378,3.459273712
2017-11-15,-0.003467216699,3.447279661
2017-11-16,0.007924994399,3.474599333
2017-11-17,-0.004359258605,3.459452656
2017-11-20,0.004305137721,3.474346076
2017-11-21,0.006926939829,3.498412662
2017-11-22,-0.001892596956,3.491791577
2017-11-24,0.001744069021,3.497881503
2017-11-27,0.0003058249951,3.498951242
2017-11-28,0.01481625801,3.550792607
2017-11-29,0.001275765342,3.555322585
2017-11-30,0.01083187174,3.593833383
2017-12-01,-0.005112082105,3.575461412
2017-12-04,0.002498198893,3.584393625
2017-12-05,-0.003354653411,3.572369227
2017-12-06,-0.001028613866,3.568694638
2017-12-07,0.005406204351,3.587987731
2017-12-08,0.003615165026,3.600958899
2017-12-11,0.002498552852,3.609956085
2017-12-12,0.003292431849,3.621841619
2017-12-13,-0.003134173548,3.610490139
2017-12-14,-0.00625486838,3.587906998
2017-12-15,0.00877594787,3.619394283
2017-12-18,0.01084808578,3.658657783
2017-12-19,-0.003861903186,3.644528401
2017-12-20,-0.0005882574536,3.64238448
2017-12-21,0.00336757058,3.654650467
2017-12-22,0.0001209884337,3.655092637
2017-12-26,-0.00344783844,3.642490468
2017-12-27,0.001163845623,3.646729765
2017-12-28,0.003371650583,3.659025263
2017-12-29,-0.004739202102,3.641684403
2018-01-02,0.008973237904,3.674362104
2018-01-03,0.001285858377,3.679086813
2018-01-04,0.002004310404,3.686460845
2018-01-05,0.004317200258,3.702376034
2018-01-08,0.003904653998,3.716832532
2018-01-09,-0.001547824057,3.711079529
2018-01-10,-0.001995422374,3.703674358
2018-01-11,0.001730940421,3.710085198
2018-01-12,0.003036525341,3.721350965
2018-01-16,-0.002939009462,3.71041388
2018-01-17,0.009584910936,3.745977866
2018-01-18,-0.001975700566,3.738576936
2018-01-19,0.002029933893,3.746166
2018-01-22,0.006419592892,3.77021486
2018-01-23,0.00499287113,3.789039057
2018-01-24,-0.002377643684,3.780030072
2018-01-25,0.003923608587,3.794861431
2018-01-26,0.007930077214,3.824954975
2018-01-29,-0.008606060305,3.792037182
2018-01-30,-0.006745047561,3.766459711
2018-01-31,0.007099009593,3.793197844
2018-02-01,-0.00179399209,3.786392877
2018-02-02,-0.02666198087,3.685440143
2018-02-05,-0.04180485576,3.531370849
2018-02-06,0.02655671719,3.625152466
2018-02-07,-0.00665492629,3.601027344
2018-02-08,-0.0383757524,3.46283521
2018-02-09,0.01758253715,3.523720639
2018-02-12,0.0180883444,3.587458911
2018-02-13,0.0007413430681,3.590118449
2018-02-14,0.01481682963,3.643312623
2018-02-15,0.01388724876,3.693908211
2018-02-16,-0.001617209288,3.687934389
2018-02-20,-0.004554488474,3.671137734
2018-02-21,-0.003207136766,3.659363893
2018-02-22,0.00484270329,3.677085107
2018-02-23,0.01465761065,3.730982389
2018-02-26,0.01128270214,3.773077951
2018-02-27,-0.01215722341,3.7272078
2018-02-28,-0.0130668743,3.678504844
2018-03-01,-0.01545834484,3.621641248
2018-03-02,0.005554029758,3.641755951
2018-03-05,0.01040585656,3.679651541
2018-03-06,0.002558822444,3.689067116
2018-03-07,0.001295255615,3.693845401
2018-03-08,0.004749108484,3.711387873
2018-03-09,0.0162795484,3.771807592
2018-03-12,0.0007126250253,3.774495476
2018-03-13,-0.005737361306,3.752839832
2018-03-14,-0.002318572795,3.7441386
2018-03-15,-0.0006997071242,3.741518799
2018-03-16,-0.0006925992892,3.738927426
2018-03-19,-0.0161467517,3.678555893
2018-03-20,0.002318987382,3.687086418
2018-03-21,-0.003685210267,3.673498729
2018-03-22,-0.02528232723,3.580624132
2018-03-23,-0.02236397819,3.500547132
2018-03-26,0.02940553843,3.603482606
2018-03-27,-0.0211548394,3.52725151
2018-03-28,-0.004490550997,3.511412207
2018-03-29,0.01378765817,3.559826358
2018-04-02,-0.02493620176,3.47105781
2018-04-03,0.01148201367,3.510912543
2018-04-04,0.01221727338,3.553806321
2018-04-05,0.009216590403,3.586560299
2018-04-06,-0.02448930953,3.498727913
2018-04-09,0.0007999345502,3.501526667
2018-04-10,0.01735936277,3.562310938
2018-04-11,-0.005425758019,3.542982701
2018-04-12,0.01023891342,3.579258994
2018-04-13,-0.00377763643,3.565737855
2018-04-16,0.008399918177,3.595689761
2018-04-17,0.01520525354,3.650363136
2018-04-18,0.004141196709,3.665480008
2018-04-19,-0.005655892534,3.644748447
2018-04-20,-0.009462077741,3.610261554
2018-04-23,-0.0008930565487,3.607037386
2018-04-24,-0.02038991788,3.53349019
2018-04-25,0.002383445967,3.541912073
2018-04-26,0.01023720148,3.57817134
2018-04-27,0.0002238891163,3.578972454
2018-04-30,-0.007905799015,3.550677817
2018-05-01,0.003102506132,3.561693817
2018-05-02,-0.007702894427,3.534258465
2018-05-03,-0.001273444007,3.529757785
2018-05-04,0.01453616236,3.581066917
2018-05-07,0.006731319888,3.605172224
2018-05-08,0.005424503724,3.624728494
2018-05-09,0.01264238683,3.670553714
2018-05-10,0.009326661066,3.704787724
2018-05-11,3.199637937e-06,3.704799578
2018-05-14,-0.0008633741002,3.70160095
2018-05-15,-0.004856351656,3.683624674
2018-05-16,0.00329498362,3.695762157
2018-05-17,-0.001138484587,3.691554589
2018-05-18,-0.002160116621,3.683580401
2018-05-21,0.01033382866,3.721645889
2018-05-22,-0.002327399605,3.712984132
2018-05-23,2.447012192e-05,3.713074989
2018-05-24,-0.00135136753,3.708057261
2018-05-25,-0.001927929586,3.700908387
2018-05-29,-0.01827590565,3.633270935
2018-05-30,0.01321736708,3.68129321
2018-05-31,-0.007512042751,3.653639178
2018-06-01,0.01302582154,3.70123083
2018-06-04,0.006820874329,3.726476461
2018-06-05,0.001661390741,3.732667594
2018-06-06,0.01135724729,3.775060423
2018-06-07,-0.0006225169127,3.772710384
2018-06-08,0.0006173667563,3.77503953
2018-06-11,0.0009940023275,3.778791928
2018-06-12,0.002393883873,3.787837917
2018-06-13,-0.002391983262,3.778777472
2018-06-14,0.002739460082,3.789129282
2018-06-15,-0.0007376102078,3.786334382
2018-06-18,-0.0007996464232,3.783306653
2018-06-19,-0.002985716704,3.772010771
2018-06-20,0.001427557892,3.777395535
2018-06-21,-0.005913222732,3.755058954
2018-06-22,-0.003240559782,3.742890461
2018-06-25,-0.01773823425,3.676498193
2018-06-26,0.002613465389,3.686106594
2018-06-27,-0.01298608147,3.638238513
2018-06-28,0.00960359257,3.673178674
2018-06-29,0.0004365842666,3.674782326
2018-07-02,0.005062128025,3.693384544
2018-07-03,-0.005514014926,3.673019167
2018-07-05,0.005117623297,3.691816295
2018-07-06,0.007562899485,3.719737131
2018-07-09,0.01513475118,3.776034427
2018-07-10,0.002043503968,3.783750768
2018-07-11,-0.009960171822,3.74606396
2018-07-12,0.0064572104,3.770253083
2018-07-13,-8.576182927e-05,3.76992974
2018-07-16,0.001302637232,3.77484059
2018-07-17,0.001524840277,3.780596619
2018-07-18,0.005008528069,3.799531844
2018-07-19,-0.00611425099,3.776300552
2018-07-20,-0.0004557241619,3.774579601
2018-07-23,0.004827216786,3.792800315
2018-07-24,0.006985242228,3.819293944
2018-07-25,0.007677903587,3.848618115
2018-07-26,-0.001603016576,3.842448716
2018-07-27,-0.006416797572,3.8177925
2018-07-30,-0.002218459683,3.809322882
2018-07-31,-0.002076978948,3.801410998
2018-08-01,-0.001616816246,3.795264815
2018-08-02,0.003972785063,3.810342587
2018-08-03,0.0006134446791,3.812680021
2018-08-06,0.005263165165,3.832746786
2018-08-07,0.005287442708,3.853012215
2018-08-08,-0.001147740244,3.848589957
2018-08-09,-0.001717260109,3.841980927
2018-08-10,-0.00340817665,3.828886778
2018-08-13,-0.006391957063,3.804412698
2018-08-14,0.006103610946,3.827633353
2018-08-15,-0.01869183279,3.75608787
2018-08-16,0.00551602813,3.776806557
2018-08-17,0.001627019806,3.782951496
2018-08-20,0.004118174674,3.798530351
2018-08-21,0.004882702757,3.817077445
2018-08-22,0.005345138831,3.837480254
2018-08-23,-0.001163048428,3.833017079
2018-08-24,0.007741720419,3.862691225
2018-08-27,0.00765806118,3.892271951
2018-08-28,-0.0001791778003,3.891574542
2018-08-29,0.008809523731,3.925857461
2018-08-30,-0.003848692,3.910748044
2018-08-31,-0.0009962516523,3.906851955
2018-09-04,-0.001368011689,3.901507336
2018-09-05,-0.008193850861,3.869538967
2018-09-06,-0.009496633325,3.832791374
2018-09-07,-0.001203334203,3.828179245
2018-09-10,0.002144569014,3.83638904
2018-09-11,0.008678132206,3.869681731
2018-09-12,0.000963200845,3.873409012
2018-09-13,0.004616451507,3.891290417
2018-09-14,0.0002436127042,3.892238384
2018-09-17,-0.007776483553,3.861970457
2018-09-18,0.008556679017,3.895016098
2018-09-19,0.0003158913388,3.8962465
2018-09-20,0.006317218852,3.920859942
2018-09-21,-0.0005875433492,3.918556267
2018-09-24,0.004368506244,3.935674504
2018-09-25,0.003149740511,3.948070858
2018-09-26,-0.003691290771,3.93349738
2018-09-27,0.003106150653,3.945715416
2018-09-28,3.7909876e-05,3.945864997
2018-10-01,0.005190266072,3.966345086
2018-10-02,-0.00411547462,3.950021694
2018-10-03,0.002573697747,3.960187856
2018-10-04,-0.01261348664,3.910236079
2018-10-05,-0.006750680517,3.883839325
2018-10-08,-0.003156212963,3.871581101
2018-10-09,0.003196269337,3.883955717
2018-10-10,-0.0378386414,3.736992109
2018-10-11,-0.02137301383,3.657121325
2018-10-12,0.01776641385,3.722095256
2018-10-15,-0.009012517475,3.688549807
2018-10-16,0.01949324088,3.760451597
2018-10-17,-0.006380954478,3.736456327
2018-10-18,-0.01457999877,3.681978798
2018-10-19,-0.006357892183,3.658569174
2018-10-22,0.0004278252959,3.660134402
2018-10-23,-0.009929831949,3.623789883
2018-10-24,-0.03805002932,3.485904572
2018-10-25,0.02561462526,3.575194711
2018-10-26,-0.01952562925,3.505386784
2018-10-29,-0.01478061081,3.453575027
2018-10-30,0.01645801883,3.510414029
2018-10-31,0.01426879703,3.560503415
2018-11-01,0.01352590845,3.608662458
2018-11-02,-0.007894513481,3.580173824
2018-11-05,0.003073970268,3.591179171
2018-11-06,0.005269680574,3.610103539
2018-11-07,0.02861288854,3.713399029
2018-11-08,-1.269169133e-05,3.713351899
2018-11-09,-0.01136524169,3.671148758
2018-11-12,-0.02295545553,3.586875866
2018-11-13,-0.002085337842,3.579396018
2018-11-14,-0.009180576733,3.546535098
2018-11-15,0.01080583314,3.584858364
2018-11-16,0.001517992315,3.590300152
2018-11-19,-0.02509086378,3.50021642
2018-11-20,-0.01783030899,3.437806479
2018-11-21,0.004035764181,3.451680656
2018-11-23,-0.004053216951,3.437690245
2018-11-26,0.01825996144,3.500462336
2018-11-27,0.005113754081,3.51836284
2018-11-28,0.02954035899,3.622296541
2018-11-29,-0.003680912047,3.608963186
2018-11-30,0.0123708335,3.653609069
2018-12-03,0.01199514707,3.697434647
2018-12-04,-0.03206527244,3.578875398
2018-12-06,0.001100744237,3.582814824
2018-12-07,-0.03022818021,3.474512852
2018-12-10,0.00613864796,3.495841663
2018-12-11,0.001562684059,3.501304559
2018-12-12,0.008954798382,3.532658036
2018-12-13,-0.0007763041257,3.529915619
2018-12-14,-0.02492461387,3.441933835
2018-12-17,-0.02217387703,3.365612817
2018-12-18,0.002338558841,3.373483501
2018-12-19,-0.01755122358,3.314274738
2018-12-20,-0.01814569824,3.254134909
2018-12-21,-0.02182212463,3.183122771
2018-12-24,-0.02320709217,3.109251748
2018-12-26,0.05442199616,3.278463434
2018-12-27,0.007860207232,3.304232836
2018-12-28,-0.0003326829473,3.303133574
2018-12-31,0.01164832681,3.341609554
2019-01-02,-0.002307596476,3.333898467
2019-01-03,-0.03080814433,3.231187242
2019-01-04,0.03574835026,3.346696855
2019-01-07,0.01179817742,3.386181779
2019-01-08,0.009066934724,3.416884068
2019-01-09,0.007504724577,3.442526842
2019-01-10,0.001166907625,3.446543952
2019-01-11,0.0007953737675,3.449285243
2019-01-14,-0.008817274891,3.418871947
2019-01-15,0.01403292536,3.466848722
2019-01-16,-0.001053072694,3.463197878
2019-01-17,0.007344948055,3.488634887
2019-01-18,0.01366350972,3.536301883
2019-01-22,-0.01289835563,3.490689404
2019-01-23,0.002179357141,3.498296863
2019-01-24,0.001391817513,3.503165854
2019-01-25,0.008814191156,3.534043427
2019-01-28,-0.01016611094,3.49811595
2019-01-29,-0.00411796272,3.483710839
2019-01-30,0.02148371601,3.558553893
2019-01-31,0.006847652625,3.582921634
2019-02-01,-0.002616734364,3.57354608
2019-02-04,0.001105240794,3.577495708
2019-02-05,0.00331262729,3.589346618
2019-02-06,-4.768410667e-05,3.589175464
2019-02-07,-0.0020217747,3.581918959
2019-02-08,0.0007416268873,3.584575407
2019-02-11,6.373273948e-05,3.584803862
2019-02-12,0.0104676347,3.622328279
2019-02-13,0.002039702115,3.62971675
2019-02-14,-0.0009873295409,3.626133023
2019-02-15,0.00833618847,3.656361151
2019-02-19,0.002547662416,3.665676325
2019-02-20,0.001754740098,3.672108634
2019-02-21,-0.001152774854,3.66787552
2019-02-22,0.006920529298,3.69325916
2019-02-25,-0.002803538108,3.682904967
2019-02-26,-0.001147097298,3.678680317
2019-02-27,-0.001380353236,3.673602439
2019-02-28,-0.0008433035795,3.670504476
2019-03-01,0.008121643357,3.700315005
2019-03-04,0.0002126220849,3.701101773
2019-03-05,0.001392662192,3.706256158
2019-03-06,-0.002420520221,3.69728509
2019-03-07,-0.003221024222,3.685376045
2019-03-08,-0.000870707977,3.682167159
2019-03-11,0.0121255276,3.726815378
2019-03-12,0.005031894187,3.745568319
2019-03-13,0.003116119127,3.757239956
2019-03-14,-0.0002116431087,3.756444762
2019-03-15,0.00197888692,3.763878342
2019-03-18,0.0002726415143,3.764904531
2019-03-19,-0.003068381453,3.753352368
2019-03-20,0.00286359512,3.764100449
2019-03-21,0.01404851195,3.816980459
2019-03-22,-0.005776859602,3.794930299
2019-03-25,0.002534424064,3.804548262
2019-03-26,0.005862637717,3.82685295
2019-03-27,-0.004107182272,3.811135367
2019-03-28,0.0008683254988,3.814444673
2019-03-29,0.003430382817,3.827529679
2019-04-01,0.0003552331403,3.828889344
2019-04-02,0.001894669494,3.836143824
2019-04-03,-0.001320960488,3.83107643
2019-04-04,-0.002853717452,3.82014362
2019-04-05,0.007998710529,3.850699843
2019-04-08,-0.004066221321,3.835042045
2019-04-09,-0.00106901466,3.830942329
2019-04-10,0.001737343767,3.837597993
2019-04-11,-0.002883657612,3.826531674
2019-04-12,0.0003274532196,3.827784684
2019-04-15,-0.000719327883,3.825031252
2019-04-16,-0.01882085716,3.753040885
2019-04-17,-0.01432461135,3.699280033
2019-04-18,0.003366368085,3.711733171
2019-04-22,-0.003755716911,3.697792952
2019-04-23,0.00999933803,3.734768434
2019-04-24,0.004111711951,3.750124726
2019-04-25,0.00445144518,3.766818201
2019-04-26,0.006083330091,3.789732999
2019-04-29,-0.005976754843,3.767082694
2019-04-30,0.01085746355,3.807983657
2019-05-01,-0.00400418121,3.792735801
2019-05-02,-0.002505608786,3.783232688
2019-05-03,0.007306397164,3.810874489
2019-05-06,-0.005784112089,3.788831964
2019-05-07,-0.01390234419,3.736158318
2019-05-08,-0.004947726178,3.71767283
2019-05-09,-0.001551933847,3.711903247
2019-05-10,0.01085271467,3.752187474
2019-05-13,-0.008992241342,3.718446899
2019-05-14,0.004346068612,3.734607524
2019-05-15,0.0052593293,3.754249055
2019-05-16,0.007211367419,3.781322324
2019-05-17,-0.001420232682,3.775951967
2019-05-20,-0.01070674908,3.735523796
2019-05-21,0.007492185151,3.763511032
2019-05-22,0.0023122113,3.772213065
2019-05-23,-0.001349788867,3.767121374
2019-05-24,4.443846745e-05,3.767288779
2019-05-28,-0.009861766128,3.730136658
2019-05-29,-0.01022810927,3.691984413
2019-05-30,0.003587510198,3.705229444
2019-05-31,-0.001245376489,3.700615039
2019-06-03,-0.001243545607,3.696013155
2019-06-04,0.01166898518,3.739141878
2019-06-05,0.01575053089,3.798035348
2019-06-06,0.007983625393,3.828357439
2019-06-07,0.01048074886,3.868481492
2019-06-10,0.002368599309,3.877644375
2019-06-11,0.001705402485,3.884257319
2019-06-12,-0.0001036738266,3.883854623
2019-06-13,0.002181457558,3.892327087
2019-06-14,-0.001319908323,3.887189572
2019-06-17,0.002927039359,3.898567529
2019-06-18,0.003267848208,3.911307456
2019-06-19,0.00476084111,3.929928569
2019-06-20,0.009832161388,3.968568261
2019-06-21,-0.006382942943,3.943237116
2019-06-24,-0.0001868491628,3.942500326
2019-06-25,-0.01081125628,3.899876945
2019-06-26,-0.00764089927,3.870078378
2019-06-27,0.004239746805,3.88648653
2019-06-28,0.0008192615374,3.889670579
2019-07-01,0.00667084342,3.915617962
2019-07-02,0.01295878395,3.96635961
2019-07-03,0.01126687238,4.011048077
2019-07-05,-0.003463296924,3.997156627
2019-07-08,0.0021806433,4.005872999
2019-07-09,0.0002388800009,4.006829922
2019-07-10,0.004748671454,4.025857041
2019-07-11,-0.003319435177,4.01249347
2019-07-12,-0.002559487585,4.002223543
2019-07-15,0.002542924143,4.012400893
2019-07-16,-0.002337170464,4.003023229
2019-07-17,-0.0008056354117,3.999798251
2019-07-18,0.005045137256,4.019977782
2019-07-19,-0.01237788029,3.970218979
2019-07-22,-0.003026483181,3.958203178
2019-07-23,0.003567083304,3.972322418
2019-07-24,-0.002212500692,3.963533652
2019-07-25,-0.001825295238,3.956299033
2019-07-26,0.006051197698,3.980239381
2019-07-29,0.003589587564,3.994526798
2019-07-30,0.001765323376,4.00157843
2019-07-31,-0.009650236985,3.96296225
2019-08-01,0.003038511914,3.975003758
2019-08-02,0.002578779798,3.985254417
2019-08-05,-0.01978351988,3.906412057
2019-08-06,0.01130124422,3.950559374
2019-08-07,0.007835465363,3.981513845
2019-08-08,0.01301566192,4.033335883
2019-08-09,-0.001546672512,4.027097633
2019-08-12,-0.003164870515,4.014352391
2019-08-13,0.004183241836,4.031145398
2019-08-14,-0.01320000379,3.977934263
2019-08-15,0.01398026908,4.033546855
2019-08-16,0.007844014633,4.065186055
2019-08-19,0.008457352424,4.099566766
2019-08-20,-0.006635320003,4.072364829
2019-08-21,0.00448003093,4.090609149
2019-08-22,0.003719734338,4.105825129
2019-08-23,-0.01327367119,4.051325756
2019-08-26,0.01109717904,4.096284043
2019-08-27,-0.001461885342,4.090295746
2019-08-28,0.0032470926,4.103577315
2019-08-29,0.004869664055,4.123560358
2019-08-30,-0.0002470651467,4.122541569
2019-09-03,0.01259443514,4.174462652
2019-09-04,0.006082029087,4.199851855
2019-09-05,-0.008572757544,4.163847544
2019-09-06,0.0001861271741,4.164622549
2019-09-09,-0.004917092334,4.144144715
2019-09-10,-0.006534233288,4.117065907
2019-09-11,0.003735539035,4.132445367
2019-09-12,0.004075775696,4.149288288
2019-09-13,-0.008016481439,4.116025595
2019-09-16,0.0004982086465,4.118076235
2019-09-17,0.009432050066,4.156918136
2019-09-18,0.0009533351515,4.160881072
2019-09-19,0.002611608917,4.171747666
2019-09-20,-0.001154141366,4.166932879
2019-09-23,0.002571337677,4.177647471
2019-09-24,0.004864959112,4.197971555
2019-09-25,-0.0003269299013,4.196599113
2019-09-26,0.006850839759,4.225349341
2019-09-27,-0.003753106985,4.209491153
2019-09-30,0.002266158781,4.219030528
2019-10-01,-0.004521442716,4.199954423
2019-10-02,-0.01318244842,4.144588741
2019-10-03,0.007072787381,4.173902536
2019-10-04,0.01141237784,4.221536688
2019-10-07,-0.00459321588,4.202146259
2019-10-08,-0.007884699668,4.169013598
2019-10-09,0.005180520496,4.190611258
2019-10-10,0.001144000411,4.195405319
2019-10-11,-0.002676324458,4.184177053
2019-10-14,-0.003271813179,4.170487208
2019-10-15,-0.002226879716,4.161200034
2019-10-16,0.0006451900134,4.163884799
2019-10-17,0.004594101911,4.18301411
2019-10-18,0.004964628263,4.20378122
2019-10-21,0.004658329519,4.223363818
2019-10-22,0.0005185975591,4.225554044
2019-10-23,0.003460706824,4.240177448
2019-10-24,0.001032271347,4.244554462
2019-10-25,-0.009432318739,4.204518471
2019-10-28,-0.008771909906,4.167636814
2019-10-29,0.001169437453,4.172510605
2019-10-30,0.006945602628,4.201491205
2019-10-31,0.0002377277722,4.202490016
2019-11-01,-0.00173210222,4.195210874
2019-11-04,-0.01121958902,4.148142332
2019-11-05,-0.00808118965,4.114620407
2019-11-06,0.003873419466,4.130558058
2019-11-07,-0.009226843019,4.092446047
2019-11-08,-0.002233360482,4.08330614
2019-11-11,-0.00192744385,4.075435797
2019-11-12,-0.0002881541858,4.074261443
2019-11-13,0.01081865041,4.118339453
2019-11-14,0.004400862462,4.136463699
2019-11-15,0.002823971395,4.148144954
2019-11-18,0.004244455889,4.165751572
2019-11-19,-0.0005913264665,4.163288253
2019-11-20,0.00294589921,4.175552881
2019-11-21,-0.007295113308,4.145091749
2019-11-22,-0.002349944588,4.135351013
2019-11-25,-0.000467961494,4.133415828
2019-11-26,0.008461336825,4.168390052
2019-11-27,0.002424393262,4.178495868
2019-11-29,-0.001713176507,4.171337368
2019-12-02,-0.007538298676,4.139892581
2019-12-03,8.009174257e-06,4.139925738
2019-12-04,0.005644737516,4.163294532
2019-12-05,0.002332982752,4.173007426
2019-12-06,0.002774374892,4.184584913
2019-12-09,-0.002474763518,4.174229055
2019-12-10,-0.002118966039,4.165384005
2019-12-11,0.0006268564051,4.167995103
2019-12-12,-0.001897068323,4.160088132
2019-12-13,0.00516478471,4.181574091
2019-12-16,0.009706983405,4.222164562
2019-12-17,-0.003292154205,4.208264545
2019-12-18,0.006024261818,4.233616232
2019-12-19,0.005666654715,4.257606674
2019-12-20,0.006800549031,4.286560736
2019-12-23,-0.004148483737,4.268778009
2019-12-24,0.001016943616,4.273119115
2019-12-26,0.005070906074,4.294787701
2019-12-27,0.002169096233,4.304103509
2019-12-30,-0.002234037562,4.29448798
2019-12-31,0.00469607042,4.314655198
2020-01-02,-0.001802835921,4.306876583
2020-01-03,-0.0006265035304,4.304178309
2020-01-06,0.001193293806,4.309314459
2020-01-07,-0.004248114891,4.291007996
2020-01-08,0.005073176178,4.312777035
2020-01-09,0.005517813411,4.336574134
2020-01-10,0.003329360096,4.351012151
2020-01-13,0.01024226462,4.395576369
2020-01-14,-0.002212150487,4.385852692
2020-01-15,0.007366042448,4.41815907
2020-01-16,0.009533550871,4.460279814
2020-01-17,0.004980039155,4.482492182
2020-01-21,0.006276449204,4.510626316
2020-01-22,-0.0004267371388,4.508701465
2020-01-23,0.007726319497,4.543537133
2020-01-24,-0.00118578184,4.538149489
2020-01-27,-0.0101832764,4.491936258
2020-01-28,0.008584527848,4.53049741
2020-01-29,-1.757087278e-05,4.530417805
2020-01-30,0.006744186769,4.560971789
2020-01-31,-0.01541276468,4.490674604
2020-02-03,0.005808579682,4.516759046
2020-02-04,0.01689183932,4.593055414
2020-02-05,0.01419422549,4.658250278
2020-02-06,0.003684911428,4.675415518
2020-02-07,-0.006642922769,4.644357093
2020-02-10,0.00735723599,4.678526724
2020-02-11,0.001328616265,4.684742691
2020-02-12,0.006940899306,4.717259018
2020-02-13,-0.002868415214,4.703727961
2020-02-14,0.001440338178,4.71050292
2020-02-18,-0.006020038902,4.682145509
2020-02-19,0.006332879594,4.711796973
2020-02-20,-0.004587755503,4.6901804
2020-02-21,-0.01235644703,4.632226435
2020-02-24,-0.03410091625,4.474263269
2020-02-25,-0.03555997217,4.315158592
2020-02-26,-0.003441322125,4.300308741
2020-02-27,-0.04459760975,4.10852525
2020-02-28,-0.01256890619,4.056885581
2020-03-02,0.04804630295,4.251803935
2020-03-03,-0.02262171565,4.155620835
2020-03-04,0.0495954424,4.361720689
2020-03-05,-0.02193600414,4.266041966
2020-03-06,-0.01238895755,4.213190153
2020-03-09,-0.05795226423,3.969026244
2020-03-10,0.03490285905,4.107556608
2020-03-11,-0.0488541186,3.90688555
2020-03-12,-0.09749936164,3.525966703
2020-03-13,0.08563829191,3.827924469
2020-03-16,-0.1065166742,3.420186686
2020-03-17,0.09344809384,3.739796612
2020-03-18,-0.03563302531,3.606536345
2020-03-19,-0.02931577885,3.500807923
2020-03-20,-0.06330299464,3.279196298
2020-03-23,-0.02991895659,3.181086166
2020-03-24,0.08697103153,3.457748511
2020-03-25,0.007164947387,3.482523097
2020-03-26,0.0673032059,3.716908066
2020-03-27,-0.01480934039,3.66186311
2020-03-30,0.03939088967,3.806107155
2020-03-31,-0.02645288234,3.70542465
2020-04-01,-0.04154731669,3.551474199
2020-04-02,0.02248355641,3.63132397
2020-04-03,-0.01988499619,3.559115106
2020-04-06,0.07830384059,3.837807488
2020-04-07,-0.007063088851,3.810700713
2020-04-08,0.05214236929,4.009399677
2020-04-09,0.03296574712,4.141572533
2020-04-13,-0.02512460204,4.037517171
2020-04-14,0.03487668814,4.178332398
2020-04-15,-0.0311100919,4.048344093
2020-04-16,0.001939404578,4.05619547
2020-04-17,0.02592993701,4.161372363
2020-04-20,-0.03030388038,4.035266633
2020-04-21,-0.02437166978,3.936920447
2020-04-22,0.02835052172,4.048534196
2020-04-23,-0.011685819,4.001223758
2020-04-24,0.01035095731,4.042640254
2020-04-27,0.01601820122,4.107396079
2020-04-28,-0.002899160133,4.09548808
2020-04-29,0.0115184751,4.142661858
2020-04-30,-0.01150832879,4.094986743
2020-05-01,-0.02740660309,3.982757067
2020-05-04,0.00274726743,3.993698765
2020-05-05,0.01210484731,4.042041879
2020-05-06,-0.004354949809,4.02443899
2020-05-07,0.004029260846,4.040654504
2020-05-08,0.01405420059,4.097442673
2020-05-11,0.007490765663,4.128135656
2020-05-12,-0.01477325231,4.067149666
2020-05-13,-0.01237048917,4.016837035
2020-05-14,0.007083509126,4.045290337
2020-05-15,0.007425966527,4.075330528
2020-05-18,0.01620720792,4.141380257
2020-05-19,-0.01135250699,4.094365209
2020-05-20,0.01166213329,4.142114242
2020-05-21,-0.01079635384,4.097394511
2020-05-22,0.003081795076,4.110021841
2020-05-26,0.0008503425515,4.113516767
2020-05-27,0.01037383787,4.156189723
2020-05-28,0.006648026938,4.183820185
2020-05-29,0.008569618648,4.219673928
2020-06-01,-0.001095190104,4.215052583
2020-06-02,0.005953583012,4.240147248
2020-06-03,0.002392323304,4.250291051
2020-06-04,-0.006994909292,4.220560651
2020-06-05,0.01879601827,4.299890386
2020-06-08,0.007555320198,4.332377435
2020-06-09,-0.004623438591,4.312346954
2020-06-10,0.004112262856,4.330080458
2020-06-11,-0.05028889537,4.112325495
2020-06-12,0.006536460059,4.139205546
2020-06-15,0.007813077453,4.17154548
2020-06-16,0.02053566382,4.257210935
2020-06-17,-0.0009000659975,4.253379165
2020-06-18,0.002097487301,4.262300573
2020-06-19,-0.0008163868563,4.258820887
2020-06-22,0.004048908376,4.276064463
2020-06-23,0.003332235714,4.290313317
2020-06-24,-0.02182243538,4.196688232
2020-06-25,0.009903352958,4.238249517
2020-06-26,-0.01741863974,4.164424976
2020-06-29,0.0129533687,4.218368308
2020-06-30,0.01412903981,4.277969802
2020-07-01,0.003391453204,4.292478336
2020-07-02,0.002704842703,4.304088815
2020-07-06,0.01590843804,4.372560145
2020-07-07,-0.007323203258,4.340538998
2020-07-08,0.008441747897,4.377180734
2020-07-09,-0.001002135013,4.372794208
2020-07-10,0.004874243673,4.394108273
2020-07-13,-0.01172311344,4.342595643
2020-07-14,0.01375904192,4.402345598
2020-07-15,0.008115035462,4.438070789
2020-07-16,-0.004079857841,4.419964091
2020-07-17,0.005440520846,4.444010998
2020-07-20,0.01246162064,4.499390577
2020-07-21,-0.005173719833,4.476111991
2020-07-22,0.006012791898,4.503025921
2020-07-23,-0.01557102491,4.432909192
2020-07-24,-0.008234746495,4.396405308
2020-07-27,0.01005203726,4.440598138
2020-07-28,-0.007712620791,4.406349489
2020-07-29,0.0113867985,4.456523703
2020-07-30,0.000491744287,4.458715173
2020-07-31,0.01105830702,4.508021014
2020-08-03,0.01193999805,4.561846776
2020-08-04,0.001504718868,4.568711073
2020-08-05,0.002260384664,4.579038117
2020-08-06,0.01168341742,4.632536931
2020-08-07,-0.004285998281,4.612681886
2020-08-10,-0.003177910165,4.598023197
2020-08-11,-0.01306813542,4.537935607
2020-08-12,0.01713607699,4.615698021
2020-08-13,0.001390123352,4.622114411
2020-08-14,-0.0009437293106,4.617752386
2020-08-17,0.004580801064,4.638905391
2020-08-18,0.004162177793,4.65821334
2020-08-19,-0.002429381797,4.646896761
2020-08-20,0.007526828976,4.681873159
2020-08-21,0.003104699035,4.696408966
2020-08-24,0.005414142852,4.721835995
2020-08-25,0.007082496795,4.755278383
2020-08-26,0.01775507429,4.839708704
2020-08-27,-0.00115851638,4.834101822
2020-08-28,0.004452333335,4.855624855
2020-08-31,0.0002847004458,4.857007253
2020-09-01,0.006120627769,4.886735187
2020-09-02,0.01359364159,4.953163714
2020-09-03,-0.03865407401,4.761703757
2020-09-04,-0.01087743714,4.709908623
2020-09-08,-0.02492833404,4.592498448
2020-09-09,0.02306525025,4.698425574
2020-09-10,-0.01740737453,4.61663832
2020-09-11,-0.0007329881604,4.613254379
2020-09-14,0.01531137217,4.683889634
2020-09-15,0.006466846984,4.714179631
2020-09-16,-0.007575208348,4.678468738
2020-09-17,-0.008546466996,4.63848436
2020-09-18,-0.01088680243,4.587986097
2020-09-21,-0.008201932991,4.550355743
2020-09-22,0.0116093467,4.6031824
2020-09-23,-0.01928826689,4.514394989
2020-09-24,5.862486965e-05,4.514659645
2020-09-25,0.01766733491,4.594421649
2020-09-28,0.01635827826,4.669578477
2020-09-29,-0.004122699084,4.65032721
2020-09-30,0.01084433883,4.700756934
2020-10-01,0.00673009387,4.732393469
2020-10-02,-0.01711205972,4.65141247
2020-10-05,0.01718919818,4.73136652
2020-10-06,-0.01832964664,4.644642244
2020-10-07,0.01616830791,4.71973825
2020-10-08,0.00825018473,4.758676962
2020-10-09,0.01056713216,4.808962531
2020-10-12,0.02231560269,4.916277428
2020-10-13,-0.001874291137,4.907062893
2020-10-14,-0.009435341647,4.860763078
2020-10-15,-0.002824315321,4.84703475
2020-10-16,-0.00393101492,4.827980984
2020-10-19,-0.01618743601,4.749828351
2020-10-20,0.006222387557,4.779383624
2020-10-21,0.003278954286,4.795055004
2020-10-22,0.001297008534,4.801274231
2020-10-23,0.005699803212,4.82864055
2020-10-26,-0.0209373761,4.727541487
2020-10-27,0.003652840385,4.744810441
2020-10-28,-0.03775990849,4.565646833
2020-10-29,0.01606997076,4.639016644
2020-10-30,-0.02030089198,4.544840468
2020-11-02,0.003051135101,4.55870739
2020-11-03,0.01817427596,4.641558597
2020-11-04,0.03443456458,4.801388646
2020-11-05,0.0232921854,4.91322348
2020-11-06,-0.0006007982546,4.910271624
2020-11-09,-0.006329515502,4.879191984
2020-11-10,-0.008451424249,4.837955862
2020-11-11,0.01384742837,4.90494911
2020-11-12,-0.009322405176,4.859223187
2020-11-13,0.01319764862,4.923353507
2020-11-16,0.009715898667,4.971188311
2020-11-17,-0.004455834472,4.949037519
2020-11-18,-0.009213542349,4.903439352
2020-11-19,0.006376247337,4.934704894
2020-11-20,-0.005961732846,4.905285502
2020-11-23,0.003738671982,4.923624755
2020-11-24,0.01642382195,5.004489491
2020-11-25,0.001062295871,5.00980574
2020-11-27,0.004640722682,5.033054859
2020-11-30,-0.0009623639764,5.028211228
2020-12-01,0.01286155066,5.092881822
2020-12-02,0.0005136881329,5.095497975
2020-12-03,-0.0007697266698,5.091575834
2020-12-04,0.00395442725,5.1117101
2020-12-07,0.002283129752,5.123380798
2020-12-08,-0.0001110472329,5.12281186
2020-12-09,-0.01066774486,5.068163011
2020-12-10,0.0003860335302,5.070119491
2020-12-11,-0.000283950336,5.068679829
2020-12-14,0.0006515762794,5.071982461
2020-12-15,0.01279854286,5.136896446
2020-12-16,0.004148174042,5.158205186
2020-12-17,0.004069009146,5.17919397
2020-12-18,-0.002484334705,5.166327119
2020-12-21,-0.006282823329,5.133867999
2020-12-22,-0.001657726842,5.125357448
2020-12-23,0.0001170094227,5.125957163
2020-12-24,0.003260633895,5.142671033
2020-12-28,0.01355771953,5.212393924
2020-12-29,-0.0017756102,5.203138744
2020-12-30,-0.0004020209697,5.201046973
2020-12-31,0.003363530559,5.218540854
2021-01-04,-0.01319438848,5.149685398
2021-01-05,0.005854730101,5.179835417
2021-01-06,-0.003943472945,5.159408876
2021-01-07,0.01983276979,5.261734244
2021-01-08,0.01006873473,5.31471325
2021-01-11,-0.01490077196,5.23551992
2021-01-12,-0.001882731218,5.225662844
2021-01-13,0.003273562435,5.242769377
2021-01-14,-0.006931040037,5.206431533
2021-01-15,-0.004915542459,5.180839097
2021-01-19,0.01225668081,5.244338989
2021-01-20,0.02338918167,5.366999786
2021-01-21,0.007070083887,5.404944925
2021-01-22,-0.002262355233,5.392717019
2021-01-25,0.005956873729,5.424840753
2021-01-26,0.004534570408,5.449440076
2021-01-27,-0.02735008579,5.300397422
2021-01-28,0.003595021892,5.319452467
2021-01-29,-0.02183975004,5.203276955
2021-02-01,0.02324303119,5.324216883
2021-02-02,0.01668191047,5.413034993
2021-02-03,0.001471628448,5.421000969
2021-02-04,0.01087033569,5.479929069
2021-02-05,0.006654384808,5.516394626
2021-02-08,0.006701534043,5.553362932
2021-02-09,-0.001121532017,5.547134658
2021-02-10,-0.0006268127599,5.543657643
2021-02-11,0.003114949717,5.560925858
2021-02-12,0.003608392673,5.580991862
2021-02-16,-0.000932408851,5.575788096
2021-02-17,-6.327726476e-05,5.575435275
2021-02-18,-0.003164766304,5.557790326
2021-02-19,-0.00570215728,5.526098931
2021-02-22,-0.01571928942,5.439232583
2021-02-23,-0.0005295575548,5.436352196
2021-02-24,0.009191680058,5.486321406
2021-02-25,-0.03132575937,5.314458222
2021-02-26,0.004470010151,5.338213904
2021-03-01,0.0270798867,5.482772132
2021-03-02,-0.007938017202,5.439249792
2021-03-03,-0.01951389293,5.333108854
2021-03-04,-0.02090430533,5.221623918
2021-03-05,0.01606433764,5.305505848
2021-03-08,-0.003190902027,5.288576499
2021-03-09,0.02598026193,5.425975101
2021-03-10,0.005878694725,5.457872752
2021-03-11,0.0140273187,5.534432073
2021-03-12,-0.0005181602916,5.53156435
2021-03-15,0.008409690788,5.578083096
2021-03-16,-0.003691998462,5.557488822
2021-03-17,0.007395947434,5.598591717
2021-03-18,-0.01926606383,5.490728891
2021-03-19,-0.0006641660107,5.487082136
2021-03-22,0.008954736559,5.536217511
2021-03-23,-0.01214903276,5.468957823
2021-03-24,-0.006563711644,5.433061161
2021-03-25,0.007540976177,5.474031746
2021-03-26,0.01952242883,5.580898141
2021-03-29,-0.004689540167,5.554726295
2021-03-30,-0.0008525788786,5.549990452
2021-03-31,0.006260231703,5.584734679
2021-04-01,0.01229759438,5.65341348
2021-04-05,0.01734917676,5.75149555
2021-04-06,0.000154942351,5.7523867
2021-04-07,-0.001401553777,5.744324421
2021-04-08,0.005280298712,5.77465617
2021-04-09,0.00601602722,5.809396659
2021-04-12,-0.001776147375,5.799078314
2021-04-13,0.002788769222,5.815250605
2021-04-14,-0.004554623972,5.788764325
2021-04-15,0.01390671921,5.869267045
2021-04-16,0.003753997377,5.891300259
2021-04-19,-0.006165693284,5.854976308
2021-04-20,-0.007944697588,5.808460292
2021-04-21,0.009984777104,5.866456473
2021-04-22,-0.01198911467,5.796122854
2021-04-23,0.01433606183,5.87921643
2021-04-26,0.004372811988,5.904925138
2021-04-27,-0.003041434579,5.886965694
2021-04-28,0.0008812170258,5.892153389
2021-04-29,0.01101674318,5.957065729
2021-04-30,-0.01262659823,5.881848254
2021-05-03,0.002296094343,5.895353532
2021-05-04,-0.0009794156027,5.889579531
2021-05-05,0.01395033625,5.971741146
2021-05-06,0.005258189264,6.003141691
2021-05-07,0.01223324188,6.076579575
2021-05-10,-0.007285270195,6.032310051
2021-05-11,-0.01123321548,5.964547813
2021-05-12,-0.01808454312,5.85668169
2021-05-13,0.003401959124,5.876605882
2021-05-14,0.02011478427,5.994812542
2021-05-17,0.01004157276,6.055009888
2021-05-18,-0.01401988687,5.970119334
2021-05-19,-0.01618498599,5.873493037
2021-05-20,0.003100526415,5.891703957
2021-05-21,-0.0002351466501,5.890318542
2021-05-24,0.009589699862,5.946804929
2021-05-25,-0.008536241419,5.896041567
2021-05-26,0.006268397785,5.933000301
2021-05-27,0.004244213116,5.958181218
2021-05-28,-0.0001661343765,5.95719136
2021-06-01,0.01685688988,6.057611078
2021-06-02,-0.004545408193,6.030076763
2021-06-03,-2.084920595e-05,6.029951041
2021-06-04,0.002670256484,6.046052557
2021-06-07,-0.008533453878,5.994458846
2021-06-08,0.000602252489,5.998069024
2021-06-09,-0.00915408599,5.943162184
2021-06-10,-0.007529773397,5.89841152
2021-06-11,0.004064613596,5.922386284
2021-06-14,-0.009077611511,5.868625162
2021-06-15,0.001345701262,5.876522578
2021-06-16,-0.007206178435,5.834175308
2021-06-17,-0.02242084006,5.703368196
2021-06-18,-0.01776205471,5.602064658
2021-06-21,0.02203190818,5.725488832
2021-06-22,0.00225864605,5.738420685
2021-06-23,-0.002250122784,5.725508534
2021-06-24,0.007818719695,5.77027468
2021-06-25,0.00471258364,5.797467582
2021-06-28,-0.004195780066,5.773142684
2021-06-29,-0.001999230685,5.76160084
2021-06-30,0.00494500352,5.790091976
2021-07-01,0.006833367057,5.8296578
2021-07-02,0.0006399325887,5.833388388
2021-07-06,-0.01337556684,5.755363511
2021-07-07,0.007252128753,5.797102149
2021-07-08,-0.01585411721,5.705194212
2021-07-09,0.02144369496,5.827534656
2021-07-12,0.004804361593,5.85553224
2021-07-13,-0.009856325523,5.797818208
2021-07-14,-0.002264702201,5.784687876
2021-07-15,0.001785924822,5.795018894
2021-07-16,-0.0125217268,5.722455251
2021-07-19,-0.02344034033,5.588318952
2021-07-20,0.0213609464,5.707690734
2021-07-21,0.01258407873,5.779516763
2021-07-22,-0.004742954047,5.752104781
2021-07-23,0.004315204502,5.776926289
2021-07-26,0.004583561589,5.803405187
2021-07-27,-0.001481197043,5.7948092
2021-07-28,-0.0002643974491,5.793277067
2021-07-29,0.009954404266,5.850945689
2021-07-30,-0.001915514923,5.839738115
2021-08-02,-0.006245011166,5.803268886
2021-08-03,0.01313778175,5.879510966
2021-08-04,-0.01634225356,5.783426507
2021-08-05,0.009707116902,5.839566904
2021-08-06,0.01134669103,5.905826665
2021-08-09,-0.005152435227,5.875397276
2021-08-10,0.01277946765,5.950481725
2021-08-11,0.01076021662,6.014510198
2021-08-12,-0.000363355507,6.012324792
2021-08-13,-0.007463737867,5.967450376
2021-08-16,-0.005859303921,5.932485271
2021-08-17,-0.009381198659,5.876831448
2021-08-18,-0.01468912269,5.79050595
2021-08-19,-0.01345219783,5.712610918
2021-08-20,0.003653958858,5.733484563
2021-08-23,0.0179636033,5.836478606
2021-08-24,0.009223731125,5.890312715
2021-08-25,0.008619459223,5.941084025
2021-08-26,-0.008160189842,5.892603652
2021-08-27,0.01560350542,5.984548925
2021-08-30,-0.009002932971,5.930670432
2021-08-31,-0.003613174045,5.909241887
2021-09-01,-0.008075459511,5.861522044
2021-09-02,0.01317862209,5.938768828
2021-09-03,-0.006024433678,5.902991109
2021-09-07,-0.009770483778,5.84531603
2021-09-08,-0.004614919443,5.818340367
2021-09-09,5.060875248e-05,5.818634826
2021-09-10,-0.004101781253,5.794768059
2021-09-13,0.01425241948,5.877357524
2021-09-14,-0.01329732272,5.799204404
2021-09-15,0.01931602584,5.911221987
2021-09-16,-0.007033804193,5.869643609
2021-09-17,-0.00753318028,5.825426525
2021-09-20,-0.02173451698,5.698813693
2021-09-21,-0.001433253719,5.690645847
2021-09-22,0.01849297348,5.79588281
2021-09-23,0.02496329817,5.940567161
2021-09-24,0.004956350517,5.970010694
2021-09-27,0.01671902905,6.069823476
2021-09-28,-0.008231831892,6.01985771
2021-09-29,0.0006300122129,6.023650294
2021-09-30,-0.01712807042,5.920476787
2021-10-01,0.02127050106,6.046408295
2021-10-04,0.002269239484,6.060129043
2021-10-05,0.005877816494,6.09574937
2021-10-06,4.455527088e-05,6.096020968
2021-10-07,0.004926724289,6.126054382
2021-10-08,0.008275214594,6.176748797
2021-10-11,-0.004120970008,6.1512946
2021-10-12,0.003736603025,6.174279546
2021-10-13,-0.0002856595546,6.172515804
2021-10-14,0.01433692218,6.261010683
2021-10-15,0.00674651629,6.303250694
2021-10-18,0.0008941351202,6.308886651
2021-10-19,0.008578701968,6.36300871
2021-10-20,0.01046360598,6.429588726
2021-10-21,-0.006504211694,6.38776932
2021-10-22,0.01018858075,6.452851623
2021-10-25,0.005457515355,6.48806816
2021-10-26,0.003707089384,6.512120009
2021-10-27,-0.01751044172,6.398089911
2021-10-28,0.01136128641,6.470780443
2021-10-29,-0.007503530942,6.422226741
2021-11-01,0.006674433563,6.465091467
2021-11-02,-0.002933700094,6.446124828
2021-11-03,-0.0003229578838,6.444043001
2021-11-04,-0.002573268352,6.427460749
2021-11-05,0.007186902842,6.473654285
2021-11-08,0.003395963936,6.495638581
2021-11-09,-0.001281247179,6.487316063
2021-11-10,-0.01317155275,6.401868037
2021-11-11,0.001528949312,6.411656169
2021-11-12,0.004811381362,6.442505092
2021-11-15,0.003723925034,6.466496498
2021-11-16,-0.002311154699,6.451551424
2021-11-17,-0.01020525788,6.385711678
2021-11-18,-0.006062145489,6.347000565
2021-11-19,-0.01776630969,6.234237787
2021-11-22,0.006555161326,6.275104221
2021-11-23,0.01457807241,6.366583145
2021-11-24,0.002975418263,6.385526393
2021-11-26,-0.03057263963,6.190303996
2021-11-29,0.005801360724,6.226216182
2021-11-30,-0.02636002705,6.062092955
2021-12-01,-0.01492495835,5.97161647
2021-12-02,0.02203259916,6.103186702
2021-12-03,-0.01364835289,6.019888256
2021-12-06,0.01321013156,6.099411772
2021-12-07,0.02539784912,6.254323712
2021-12-08,-0.0003130469098,6.252365815
2021-12-09,-0.006840263541,6.209597986
2021-12-10,0.009494260282,6.268553525
2021-12-13,-0.01780019201,6.156972069
2021-12-14,-0.004868502901,6.126996832
2021-12-15,0.008152010609,6.176944175
2021-12-16,-0.003141172116,6.157541331
2021-12-17,-0.01636460282,6.056775612
2021-12-20,-0.01456919447,5.968533271
2021-12-21,0.02483451382,6.116758893
2021-12-22,0.008059917099,6.166059462
2021-12-23,0.003769126388,6.18930012
2021-12-27,0.01787136181,6.299911341
2021-12-28,-0.001803576773,6.288548968
2021-12-29,-0.002280867394,6.274205621
2021-12-30,-0.004828548715,6.243910314
2021-12-31,-0.001375128725,6.235324133
2022-01-03,0.01759096375,6.345009494
2022-01-04,0.01833859789,6.461368072
2022-01-05,-0.01473995506,6.366127797
2022-01-06,0.01274232881,6.447247091
2022-01-07,0.006754603374,6.490795688
2022-01-10,-0.004127912615,6.46400225
2022-01-11,0.01371840318,6.552678039
2022-01-12,0.001760428712,6.564213562
2022-01-13,-0.004127143579,6.53712211
2022-01-14,0.0004643366724,6.540157535
2022-01-18,-0.008363699738,6.485457622
2022-01-19,-0.01232223256,6.405542305
2022-01-20,-0.008139121368,6.353406818
2022-01-21,-0.01364312678,6.266726484
2022-01-24,0.003912646099,6.291245967
2022-01-25,0.01340660156,6.375590195
2022-01-26,-0.00524332391,6.34216091
2022-01-27,-0.005398976902,6.30791973
2022-01-28,0.01450982305,6.399446529
2022-01-31,0.008102238865,6.451296373
2022-02-01,0.01423799136,6.543149875
2022-02-02,0.009089254926,6.602622232
2022-02-03,-0.01025704497,6.534898839
2022-02-04,0.006295614864,6.576040046
2022-02-07,0.005326229664,6.611065545
2022-02-08,-0.005522135736,6.574558344
2022-02-09,0.01297465114,6.659860945
2022-02-10,-0.01449933792,6.56329737
2022-02-11,0.0004641510223,6.566343732
2022-02-14,-0.015194441,6.466571809
2022-02-15,0.002679868998,6.483901374
2022-02-16,0.003829424438,6.508730985
2022-02-17,-0.01169199339,6.432630945
2022-02-18,-0.003615277748,6.409375198
2022-02-22,-0.007983078835,6.35820865
2022-02-23,-0.006712305037,6.315530414
2022-02-24,-0.0008508610798,6.310156775
2022-02-25,0.02787146572,6.486030093
2022-02-28,-0.002459656699,6.470076686
2022-03-01,-0.009600653752,6.40795972
2022-03-02,0.02217546026,6.550059176
2022-03-03,0.003503923122,6.57301008
2022-03-04,0.006189973826,6.61369684
2022-03-07,-0.0133295174,6.525539453
2022-03-08,0.0003059671015,6.527536054
2022-03-09,0.007635640396,6.577377972
2022-03-10,0.008559092579,6.633674359
2022-03-11,-0.008341177414,6.578341704
2022-03-14,-0.007798596066,6.527039874
2022-03-15,-0.004871943481,6.495240505
2022-03-16,0.0115313439,6.570139357
2022-03-17,0.02036890874,6.703965926
2022-03-18,0.001233637416,6.712236189
2022-03-21,0.01140057019,6.788759509
2022-03-22,0.003172994288,6.810300204
2022-03-23,-0.004214344422,6.781599253
2022-03-24,0.006089505097,6.822895836
2022-03-25,0.01551741755,6.92876956
2022-03-28,-0.004938141711,6.894554314
2022-03-29,0.009670443283,6.96122771
2022-03-30,-0.0003218953184,6.958986924
2022-03-31,-0.01584998848,6.848687061
2022-04-01,0.008456414967,6.906602401
2022-04-04,-0.002292252877,6.890770722
2022-04-05,-0.004650629915,6.858724297
2022-04-06,0.01115140996,6.935208744
2022-04-07,0.005669895557,6.974530653
2022-04-08,0.01178877458,7.056751823
2022-04-11,-0.01593575269,6.944297171
2022-04-12,0.004595419032,6.976209126
2022-04-13,0.008208642312,7.033474332
2022-04-14,-0.0008988251758,7.027152468
2022-04-18,0.001315489613,7.036396614
2022-04-19,0.009347959288,7.102172563
2022-04-20,0.01259260579,7.191607422
2022-04-21,-0.01304165102,7.097816988
2022-04-22,-0.01933614667,6.960572558
2022-04-25,-0.01110416582,6.883281206
2022-04-26,-0.009922143927,6.814984299
2022-04-27,0.004114544691,6.843024856
2022-04-28,0.02112510087,6.987584447
2022-04-29,-0.03368788192,6.752187527
2022-05-02,-0.007711601113,6.70011735
2022-05-03,0.01399139163,6.793861316
2022-05-04,0.02520152263,6.965076966
2022-05-05,-0.01695730912,6.846968003
2022-05-06,0.009202046644,6.909974122
2022-05-09,-0.04560972642,6.594812092
2022-05-10,-0.00843157722,6.539207425
2022-05-11,0.006396019295,6.581032322
2022-05-12,0.0005247177461,6.584485506
2022-05-13,0.02368626056,6.740447346
2022-05-16,0.007108481499,6.788361691
2022-05-17,0.01088983043,6.862285799
2022-05-18,-0.0214905304,6.714811637
2022-05-19,-0.002556821115,6.697643065
2022-05-20,0.006266613898,6.739614608
2022-05-23,0.01712999845,6.855064196
2022-05-24,0.01181362866,6.936047378
2022-05-25,0.00850246795,6.995020899
2022-05-26,0.004246574632,7.024725777
2022-05-27,0.02071227212,7.170223809
2022-05-31,-0.01406942611,7.069342875
2022-06-01,0.001271788195,7.078333582
2022-06-02,0.008162401455,7.136109782
2022-06-03,-0.003141940014,7.113688553
2022-06-06,-0.001225373042,7.104971631
2022-06-07,0.01560374816,7.215835819
2022-06-08,-0.01135218361,7.133920326
2022-06-09,-0.02001507342,6.991134387
2022-06-10,-0.01498668783,6.886360438
2022-06-13,-0.04061246782,6.606688347
2022-06-14,-0.00567893948,6.569169363
2022-06-15,0.0006001018314,6.573111534
2022-06-16,-0.02926921378,6.380721727
2022-06-17,-0.01745607495,6.269339371
2022-06-21,0.0323712392,6.472285655
2022-06-22,-0.008179163123,6.419347775
2022-06-23,0.0006742058761,6.423675737
2022-06-24,0.01816831448,6.540383098
2022-06-27,0.007667126026,6.590529039
2022-06-28,-9.801072782e-06,6.590464445
2022-06-29,-0.01160026408,6.514013317
2022-06-30,-0.006551249815,6.471338388
2022-07-01,0.01574583546,6.573235018
2022-07-05,-0.02785426566,6.390142383
2022-07-06,1.658563818e-05,6.390248368
2022-07-07,0.01309732542,6.47394353
2022-07-08,-0.0002380680019,6.472402292
2022-07-11,-0.001935403716,6.45987558
2022-07-12,-0.01235499349,6.380063859
2022-07-13,-0.005150890776,6.347200847
2022-07-14,-0.00726669397,6.301077681
2022-07-15,0.01410473729,6.389952727
2022-07-18,-0.00404551131,6.364102101
2022-07-19,0.01806984777,6.479100457
2022-07-20,-0.004495008103,6.449976848
2022-07-21,0.0003078256002,6.451962316
2022-07-22,0.000452730156,6.454883314
2022-07-25,0.01815043523,6.572042255
2022-07-26,0.0006747264055,6.576476586
2022-07-27,0.009891625047,6.641528626
2022-07-28,0.01595619943,6.747502181
2022-07-29,0.01621810001,6.856933847
2022-08-01,-0.008992681174,6.795271627
2022-08-02,-0.004775097979,6.762823539
2022-08-03,-0.005312657141,6.726894976
2022-08-04,-0.01385786443,6.633674577
2022-08-05,0.004639833869,6.664453725
2022-08-08,0.002048384391,6.678105088
2022-08-09,0.009083738902,6.738767251
2022-08-10,0.006332597156,6.78144115
2022-08-11,0.01062310951,6.853481142
2022-08-12,0.01085077149,6.9278467
2022-08-15,-0.0004077650528,6.925021766
2022-08-16,0.003927169913,6.952217503
2022-08-17,0.001269527544,6.961043534
2022-08-18,0.0113330624,7.039933475
2022-08-19,-0.001335496552,7.030531668
2022-08-22,-0.008557179863,6.970370144
2022-08-23,0.008574791336,7.030139614
2022-08-24,0.005982850963,7.072199891
2022-08-25,0.006150022313,7.115694079
2022-08-26,-0.01726522353,6.99284003
2022-08-29,0.00550501728,7.031335735
2022-08-30,-0.01962257478,6.893362824
2022-08-31,-0.007258427506,6.843327849
2022-09-01,-0.001531498623,6.832847302
2022-09-02,-0.001819829256,6.820412687
2022-09-06,-0.004119371326,6.792316874
2022-09-07,0.01256407294,6.877656039
2022-09-08,0.0003258885377,6.879897388
2022-09-09,0.01292474092,6.968818279
2022-09-12,0.01061504496,7.042792599
2022-09-13,-0.0284122018,6.842691354
2022-09-14,0.01199398775,6.924762511
2022-09-15,-0.0196815891,6.78847218
2022-09-16,-0.007564083892,6.737123607
2022-09-19,0.006878803382,6.783466956
2022-09-20,-0.008987642822,6.722499578
2022-09-21,-0.01071141299,6.650492108
2022-09-22,-0.002845898375,6.631565484
2022-09-23,-0.03250955499,6.415976241
2022-09-26,-0.0159777986,6.313463065
2022-09-27,-0.007644505865,6.265199759
2022-09-28,0.02235654012,6.405267949
2022-09-29,-0.01886714057,6.284418858
2022-09-30,-0.01489198412,6.190831393
2022-10-03,0.03435136269,6.403494887
2022-10-04,0.02645209621,6.57288075
2022-10-05,-0.002452736373,6.556759206
2022-10-06,-0.00993028212,6.491648738
2022-10-07,-0.01448598094,6.397610838
2022-10-10,-0.005067885139,6.365188481
2022-10-11,-0.001115991402,6.358084985
2022-10-12,-0.006636647326,6.315888617
2022-10-13,0.02746724671,6.489368688
2022-10-14,-0.02325216646,6.338476807
2022-10-17,0.01472788874,6.431829189
2022-10-18,0.01335187155,6.517706146
2022-10-19,0.00396239307,6.543531859
2022-10-20,-0.0127488978,6.460109041
2022-10-21,0.02090099243,6.595131731
2022-10-24,0.01036088144,6.663463109
2022-10-25,0.01139840528,6.739415962
2022-10-26,0.006587894129,6.783814521
2022-10-27,0.004146189827,6.811941503
2022-10-28,0.01761590768,6.931940036
2022-10-31,-0.002273063971,6.916183293
2022-11-01,0.003465996352,6.940154759
2022-11-02,-0.01705764721,6.821772047
2022-11-03,0.006497643066,6.866097487
2022-11-04,0.01005240458,6.935118277
2022-11-07,0.002333943633,6.951304452
2022-11-08,0.003618280763,6.976456223
2022-11-09,-0.02253190094,6.819263403
2022-11-10,0.03096743122,7.030438473
2022-11-11,0.005596614571,7.069785128
2022-11-14,-0.00670302996,7.022396146
2022-11-15,0.009963336349,7.092362641
2022-11-16,-0.002181289946,7.076892142
2022-11-17,-0.005196234652,7.040118949
2022-11-18,0.007999419918,7.096435817
2022-11-21,0.000158935377,7.097563692
2022-11-22,0.015711822,7.209079349
2022-11-23,0.00125731535,7.218143435
2022-11-25,0.0009273358565,7.224837079
2022-11-28,-0.01384126645,7.124836184
2022-11-29,0.001294980904,7.13406271
2022-11-30,0.01667217353,7.253003042
2022-12-01,-0.00288855829,7.23205232
2022-12-02,-0.002050812907,7.217220733
2022-12-05,-0.01595790712,7.102048995
2022-12-06,-0.008765836431,7.039793596
2022-12-07,-0.0009209234068,7.033310485
2022-12-08,0.002475974943,7.050724785
2022-12-09,-0.01240689792,6.963247163
2022-12-12,0.01988628864,7.101720306
2022-12-13,0.006859044832,7.150431324
2022-12-14,-0.002673868966,7.131312007
2022-12-15,-0.01172092367,7.047726444
2022-12-16,-0.01140907585,6.967318398
2022-12-19,-0.001576312425,6.956335727
2022-12-20,0.004857114076,6.990123444
2022-12-21,0.01429800314,7.090068251
2022-12-22,-0.01046648717,7.015860142
2022-12-23,0.01578512525,7.126606373
2022-12-27,0.007225362373,7.178098687
2022-12-28,-0.0147877556,7.071950718
2022-12-29,0.007323003108,7.123738635
2022-12-30,-0.002721412133,7.104352006
2023-01-03,-0.01295127203,7.012341611
2023-01-04,0.004288013712,7.042410628
2023-01-05,-0.004485841216,7.010819492
2023-01-06,0.02192463193,7.164529129
2023-01-09,-0.002181575915,7.148899164
2023-01-10,0.002017702125,7.163323514
2023-01-11,0.003906208885,7.191304951
2023-01-12,0.001464631773,7.201837565
2023-01-13,0.0008399838024,7.207886992
2023-01-17,0.0004599117623,7.211201984
2023-01-18,-0.02319606282,7.04393049
2023-01-19,-0.002374276708,7.02720625
2023-01-20,0.007887583317,7.082633925
2023-01-23,0.001594153972,7.093924734
2023-01-24,0.001769680125,7.106478711
2023-01-25,-0.003644550353,7.080578792
2023-01-26,0.0104597669,7.154639995
2023-01-27,-0.007688332665,7.099632743
2023-01-30,-0.008724757864,7.037690166
2023-01-31,0.00904292419,7.101331465
2023-02-01,-0.003314689422,7.077792757
2023-02-02,-0.009747549619,7.008801621
2023-02-03,-0.009015286435,6.945615266
2023-02-06,0.001743322342,6.957723713
2023-02-07,0.009277251339,7.022272264
2023-02-08,-0.01113083186,6.944108532
2023-02-09,-0.008880050567,6.882444498
2023-02-10,0.02277195722,7.039171229
2023-02-13,0.00495989372,7.07408477
2023-02-14,-0.004334158865,7.043424563
2023-02-15,-0.002865688277,7.023240304
2023-02-16,-0.008227734011,6.965454951
2023-02-17,-0.003971423217,6.937792181
2023-02-21,-0.009154306422,6.874281506
2023-02-22,-0.004009577845,6.846718539
2023-02-23,0.002877120824,6.866417375
2023-02-24,-0.002563795099,6.848813288
2023-02-27,-0.001634301687,6.837620261
2023-02-28,-0.01338749814,6.746081633
2023-03-01,-0.001367937207,6.736853417
2023-03-02,0.01061962829,6.808396296
2023-03-03,0.01394185627,6.903317978
2023-03-06,0.001608010688,6.914418587
2023-03-07,-0.01663177604,6.799419526
2023-03-08,-0.002658596959,6.78134261
2023-03-09,-0.01076591849,6.708335228
2023-03-10,-0.01195899276,6.628110296
2023-03-13,0.001459941837,6.637786951
2023-03-14,0.01065604815,6.708519529
2023-03-15,-0.01366300518,6.616860991
2023-03-16,0.008966322803,6.676189903
2023-03-17,-0.01273482887,6.591169767
2023-03-20,0.01350540019,6.680186153
2023-03-21,0.006845319878,6.725914164
2023-03-22,-0.018677007,6.600294218
2023-03-23,-0.008672122939,6.543055655
2023-03-24,0.01632165828,6.649849173
2023-03-27,0.008871575526,6.708843812
2023-03-28,0.00405818772,6.73606956
2023-03-29,0.01039215137,6.806071815
2023-03-30,0.004715042227,6.838162731
2023-03-31,0.008305751218,6.894958809
2023-04-03,0.01655932715,7.009134688
2023-04-04,-0.01964768972,6.871421384
2023-04-05,-7.051011168e-05,6.870936879
2023-04-06,-0.005956202061,6.830012191
2023-04-10,0.007292488757,6.879819978
2023-04-11,0.007728318286,6.932989417
2023-04-12,0.001587601224,6.943996239
2023-04-13,0.006747528751,6.990851053
2023-04-14,-0.002200151494,6.975470122
2023-04-17,0.0006376211935,6.97991783
2023-04-18,0.004297244075,7.00991224
2023-04-19,-0.002357171039,6.993388678
2023-04-20,-0.003899612679,6.966117171
2023-04-21,-0.005657721881,6.926704817
2023-04-24,0.008166229109,6.983269876
2023-04-25,-0.01962700342,6.846209214
2023-04-26,-0.01468777827,6.745653611
2023-04-27,0.01232756819,6.828811116
2023-04-28,0.01229361085,6.912761862
2023-05-01,-0.002124401894,6.898076378
2023-05-02,-0.01954554932,6.763249686
2023-05-03,-0.01028338038,6.693700617
2023-05-04,-0.008172250857,6.638998016
2023-05-05,0.01717464711,6.753020464
2023-05-08,-0.002199366058,6.7381681
2023-05-09,-0.0001753655923,6.736986457
2023-05-10,-0.005508432652,6.699876221
2023-05-11,-0.005009738862,6.666311591
2023-05-12,0.002049057292,6.679971245
2023-05-15,0.002501506475,6.696681237
2023-05-16,-0.01552393849,6.592722369
2023-05-17,0.01197041647,6.671640002
2023-05-18,0.003220868305,6.693128475
2023-05-19,0.001992550813,6.706464874
2023-05-22,-0.006497263552,6.662891204
2023-05-23,-0.002888991868,6.643642166
2023-05-24,-0.004995436109,6.610454276
2023-05-25,-0.00735575048,6.561829423
2023-05-26,0.002324958888,6.577085407
2023-05-30,-0.007749383474,6.52611705
2023-05-31,-0.01003921408,6.460599964
2023-06-01,0.008127099204,6.513105901
2023-06-02,0.02107171479,6.650348211
2023-06-05,-0.006440000871,6.607519962
2023-06-06,0.004702509336,6.638591887
2023-06-07,0.00920275874,6.699685246
2023-06-08,0.002775149724,6.718277876
2023-06-09,-0.001056089113,6.711182776
2023-06-12,0.006428003534,6.754322282
2023-06-13,0.00747533071,6.804813075
2023-06-14,-0.0008754216624,6.798855994
2023-06-15,0.01298387327,6.887131479
2023-06-16,-0.003779176733,6.861103792
2023-06-20,-0.01218884308,6.777474874
2023-06-21,-0.0004403919699,6.774490129
2023-06-22,-0.004170275155,6.746238641
2023-06-23,-0.008542766778,6.688607098
2023-06-26,0.006373453,6.731236621
2023-06-27,0.01133234699,6.80751733
2023-06-28,0.003573770224,6.831845832
2023-06-29,0.00765792292,6.884163581
2023-06-30,0.01029747574,6.955053089
2023-07-03,0.0001329931078,6.955978063
2023-07-05,-0.00197134096,6.942265458
2023-07-06,-0.006021342257,6.900463702
2023-07-07,-0.001873215106,6.887537649
2023-07-10,0.004744375735,6.920214716
2023-07-11,0.01045439086,6.992561345
2023-07-12,0.007237019998,7.043166651
2023-07-13,0.009667668881,7.111257655
2023-07-14,-0.004617984666,7.078417976
2023-07-17,0.004328653708,7.109057996
2023-07-18,0.00793436659,7.165463868
2023-07-19,-4.409614175e-05,7.165147899
2023-07-20,-0.01177606993,7.080770616
2023-07-21,-0.00506719002,7.044891006
2023-07-24,0.001957566008,7.058681845
2023-07-25,0.004456931097,7.090141904
2023-07-26,0.003068447573,7.111897632
2023-07-27,-0.001043722195,7.104474787
2023-07-28,0.01317835177,7.198100055
2023-07-31,0.001457969444,7.208594665
2023-08-01,0.001120559927,7.216672327
2023-08-02,-0.01838202856,7.08401525
2023-08-03,-0.002666705015,7.065124271
2023-08-04,-0.0017042335,7.05308365
2023-08-07,0.008450356371,7.11268472
2023-08-08,-0.006738768091,7.064753987
2023-08-09,-0.008444067281,7.005098729
2023-08-10,-7.319001045e-05,7.004586026
2023-08-11,-0.003041664282,6.983280427
2023-08-14,0.006456387731,7.028367193
2023-08-15,-0.0120792475,6.943469806
2023-08-16,-0.009165366582,6.87983036
2023-08-17,-0.01162035317,6.799884302
2023-08-18,0.0003781432464,6.802455632
2023-08-21,0.009789270586,6.869046711
2023-08-22,-0.0006758433829,6.864404311
2023-08-23,0.01211731111,6.947582434
2023-08-24,-0.01825677686,6.820741971
2023-08-25,0.009926508038,6.888448121
2023-08-28,0.006784698101,6.935184162
2023-08-29,0.01755476453,7.056929687
2023-08-30,0.005461956352,7.095474329
2023-08-31,0.001156701613,7.103681676
2023-09-01,0.0007493855543,7.109005072
2023-09-05,0.001572114147,7.12018124
2023-09-06,-0.004422293357,7.088693709
2023-09-07,-0.005746975161,7.047955163
2023-09-08,0.004912027279,7.082574911
2023-09-11,0.002382324491,7.099447902
2023-09-12,-0.001674384658,7.087560696
2023-09-13,-0.0005787426534,7.083458822
2023-09-14,0.01096200779,7.161107753
2023-09-15,-0.01566025832,7.048962956
2023-09-18,0.004664169441,7.081840513
2023-09-19,-0.00304190616,7.060298219
2023-09-20,-0.0128908115,6.969285245
2023-09-21,-0.01376339474,6.873364222
2023-09-22,0.0008660568483,6.879316946
2023-09-25,0.006067542678,6.921057495
2023-09-26,-0.01161807391,6.840648137
2023-09-27,0.009690102097,6.906934716
2023-09-28,0.006404618711,6.951171
2023-09-29,-0.007448689269,6.899393887
2023-10-02,-0.0005682090229,6.895473589
2023-10-03,-0.01313490169,6.804902221
2023-10-04,0.008395634908,6.862033696
2023-10-05,-0.001977792429,6.848462017
2023-10-06,0.01693638317,6.964450194
2023-10-09,0.0105366346,7.037832061
2023-10-10,0.004453823998,7.069177327
2023-10-11,0.008135447452,7.126688247
2023-10-12,-0.006645946212,7.07932466
2023-10-13,-0.01146309455,6.998173692
2023-10-16,0.01210782483,7.082906354
2023-10-17,0.000664416987,7.087612357
2023-10-18,-0.01722047925,6.965560275
2023-10-19,-0.005334736245,6.928400849
2023-10-20,-0.01215776143,6.844167004
2023-10-23,0.0005868664154,6.848183616
2023-10-24,0.008743799779,6.908062762
2023-10-25,-0.02264520092,6.751628293
2023-10-26,-0.01502790553,6.650165461
2023-10-27,-0.002221834225,6.635389895
2023-10-30,0.01459527527,6.732235238
2023-10-31,0.006540772505,6.776269257
2023-11-01,0.01241991091,6.860429917
2023-11-02,0.01947167581,6.994013984
2023-11-03,0.005190690027,7.030317743
2023-11-06,-0.002463755057,7.012996762
2023-11-07,-0.001965221555,6.99921467
2023-11-08,-0.003863181136,6.972175436
2023-11-09,-0.002660969232,6.953622691
2023-11-10,0.01767583092,7.07653375
2023-11-13,-0.0002820388304,7.074537893
2023-11-14,0.01505925298,7.181075149
2023-11-15,0.00142423926,7.191302718
2023-11-16,-0.003355868679,7.16716965
2023-11-17,0.006253092541,7.211986626
2023-11-20,0.009062528021,7.277345456
2023-11-21,-0.004571839772,7.244074599
2023-11-22,0.004066048809,7.27352936
2023-11-24,-0.0003936939179,7.270665816
2023-11-27,-0.003262468969,7.246945494
2023-11-28,0.001515076703,7.257925172
2023-11-29,-0.004633050254,7.22429884
2023-11-30,0.0007610196272,7.229796673
2023-12-01,0.003159106834,7.252636374
2023-12-04,-0.00932989197,7.18497006
2023-12-05,0.001045578341,7.192482509
2023-12-06,-0.003202580874,7.169448002
2023-12-07,0.01378139952,7.268253029
2023-12-08,0.005941184119,7.311435059
2023-12-11,0.001242297112,7.320518033
2023-12-12,0.004631486605,7.354422914
2023-12-13,0.01043260821,7.431148727
2023-12-14,0.00511504843,7.469159413
2023-12-15,0.001524578421,7.480546732
2023-12-18,0.007177377797,7.534237442
2023-12-19,0.007272194517,7.589027882
2023-12-20,-0.01369540742,7.485093054
2023-12-21,0.01210748034,7.575718671
2023-12-22,-0.001971475149,7.560783329
2023-12-26,0.004085341072,7.591671708
2023-12-27,0.001175160056,7.600593137
2023-12-28,-0.0004204189088,7.597397704
2023-12-29,-0.005081464302,7.558791799
2024-01-02,-0.01370371282,7.455208287
2024-01-03,-0.0113785698,7.370378679
2024-01-04,-0.005897748158,7.326910042
2024-01-05,0.001825586259,7.340285948
2024-01-08,0.01922359321,7.481392619
2024-01-09,-0.001387761487,7.471010231
2024-01-10,0.008611626057,7.535347777
2024-01-11,0.0001753892862,7.536669396
2024-01-12,-0.001301009373,7.526864119
2024-01-16,-0.001447702777,7.515967457
2024-01-17,-0.006602838451,7.466340738
2024-01-18,0.01272545885,7.56135335
2024-01-19,0.01541191901,7.677888315
2024-01-22,0.0006658363358,7.683000532
2024-01-23,0.00382883608,7.712417482
2024-01-24,0.003097693867,7.73630819
2024-01-25,0.002696764559,7.757171192
2024-01-26,-0.001240520861,7.747548259
2024-01-29,0.01071928924,7.83059647
2024-01-30,-0.005197261819,7.78989881
2024-01-31,-0.02129537875,7.624009964
2024-02-01,0.01404153883,7.731062796
2024-02-02,0.02279011562,7.907254611
2024-02-05,-0.008623351034,7.839067579
2024-02-06,-0.0005256958137,7.834946614
2024-02-07,0.009845723444,7.912087331
2024-02-08,0.003774709773,7.941953165
2024-02-09,0.007235188053,7.999414689
2024-02-12,-0.00175924772,7.985341737
2024-02-13,-0.01699590233,7.849623649
2024-02-14,0.01232600172,7.946378124
2024-02-15,0.005880937758,7.993110279
2024-02-16,-0.01024090634,7.911253585
2024-02-20,-0.007043124788,7.855533639
2024-02-21,-1.27752459e-05,7.855433283
2024-02-22,0.02237772377,8.031219999
2024-02-23,-0.003112664735,8.006221503
2024-02-26,-0.003495922976,7.97823237
2024-02-27,0.004107417425,8.0110023
2024-02-28,-0.002529405101,7.99073923
2024-02-29,0.00893568978,8.062141997
2024-03-01,0.009962248949,8.142459063
2024-03-04,-0.008877933101,8.070170856
2024-03-05,-0.01503957096,7.948798949
2024-03-06,0.001927485465,7.964120143
2024-03-07,0.01319973172,8.069244392
2024-03-08,-0.00669276159,8.015238864
2024-03-11,-0.00245035324,7.995598697
2024-03-12,0.01264544619,8.09670661
2024-03-13,-0.003717766649,8.066604944
2024-03-14,-0.002842844749,8.043672839
2024-03-15,-0.0116766324,7.949749828
2024-03-18,0.01103007966,8.037436202
2024-03-19,0.004491035938,8.073532617
2024-03-20,0.01262053296,8.175424901
2024-03-21,0.00230713059,8.194286674
2024-03-22,-0.002106198003,8.177027884
2024-03-25,-0.004442640579,8.140700288
2024-03-26,-0.00164868455,8.127278841
2024-03-27,0.007279153039,8.186438547
2024-03-28,-0.002278574796,8.167785135
2024-04-01,0.001016525645,8.176087898
2024-04-02,-0.008647368051,8.105386257
2024-04-03,0.003764377143,8.135897987
2024-04-04,-0.01368831722,8.024531235
2024-04-05,0.009063729415,8.097263415
2024-04-08,0.002821395054,8.120108994
2024-04-09,0.003614045708,8.149455439
2024-04-10,-0.01185317752,8.052858497
2024-04-11,0.01227545818,8.151711024
2024-04-12,-0.01628476123,8.018962357
2024-04-15,-0.01610205497,7.889840584
2024-04-16,-0.002618774071,7.869178874
2024-04-17,-0.006715947985,7.816329878
2024-04-18,-0.004249179861,7.783116887
2024-04-19,-0.01343761909,7.678530327
2024-04-22,0.004911875395,7.716246311
2024-04-23,0.01397890402,7.824110977
2024-04-24,0.004915851285,7.862573143
2024-04-25,-0.01231208035,7.765768511
2024-04-26,0.01595639761,7.889682201
2024-04-29,0.005314984346,7.931615739
2024-04-30,-0.02100942156,7.76497708
2024-05-01,-0.002419018523,7.746193457
2024-05-02,0.008314893728,7.810602232
2024-05-03,0.01355589386,7.916481927
2024-05-06,0.01272096967,8.017187253
2024-05-07,0.0004154523622,8.020518013
2024-05-08,0.001627402791,8.033570626
2024-05-09,0.004082671343,8.066369055
2024-05-10,0.003006753588,8.090622639
2024-05-13,-0.0003928912668,8.087443904
2024-05-14,0.006144787877,8.137139531
2024-05-15,0.01208522201,8.235478669
2024-05-16,-0.001400159826,8.223947682
2024-05-17,0.002277730798,8.242679621
2024-05-20,0.0003367134615,8.245455042
2024-05-21,0.002249269043,8.264001289
2024-05-22,-0.0007485304793,8.257815432
2024-05-23,-0.01110350854,8.166124708
2024-05-24,0.00910018412,8.240437947
2024-05-28,-0.00171286449,8.226323193
2024-05-29,-0.006551531822,8.172428175
2024-05-30,-0.006898901646,8.116047397
2024-05-31,0.008958331572,8.18875364
2024-06-03,8.039210389e-05,8.189411951
2024-06-04,0.0004415910661,8.193028323
2024-06-05,0.01242778546,8.294849521
2024-06-06,-0.001077150853,8.285914717
2024-06-07,3.361020688e-05,8.286193208
2024-06-10,0.0003940007961,8.289457975
2024-06-11,0.003038093522,8.314642123
2024-06-12,0.006338891957,8.367347741
2024-06-13,-0.0004849359073,8.363290114
2024-06-14,0.001259758713,8.373825842
2024-06-17,0.00958792885,8.454113488
2024-06-18,0.0005599430536,8.45884731
2024-06-20,-0.0005401548823,8.454278222
2024-06-21,0.0003042298338,8.456850266
2024-06-24,-0.003629642167,8.426154926
2024-06-25,0.007355482806,8.488133363
2024-06-26,-0.00244337738,8.46739365
2024-06-27,0.001655959384,8.48141531
2024-06-28,-0.002083767253,8.463742015
2024-07-01,0.001848452552,8.47938684
2024-07-02,0.008520454646,8.551635071
2024-07-03,0.003572806899,8.582188412
2024-07-05,0.007405225853,8.645741456
2024-07-08,-0.001607377796,8.631844483
2024-07-09,0.00333931958,8.66066897
2024-07-10,0.008216359179,8.731828137
2024-07-11,-0.01027624744,8.642097711
2024-07-12,0.003004575705,8.668063547
2024-07-15,0.006672553796,8.725901668
2024-07-16,0.003573443069,8.757083181
2024-07-17,-0.01546396402,8.621663961
2024-07-18,-0.004196784482,8.585480696
2024-07-19,-0.01008397879,8.498904891
2024-07-22,0.01117000667,8.593837715
2024-07-23,-0.001176150153,8.583730071
2024-07-24,-0.02705992362,8.351454991
2024-07-25,-0.006164122845,8.299975597
2024-07-26,0.01570298079,8.430309954
2024-07-29,0.001006870373,8.438798183
2024-07-30,-0.003188361031,8.411892248
2024-07-31,0.01725205475,8.557014674
2024-08-01,-0.01579642752,8.421844412
2024-08-02,-0.02298000787,8.228310361
2024-08-05,-0.03033197085,7.978729491
2024-08-06,0.01384608953,8.089203694
2024-08-07,-0.006760321895,8.034518073
2024-08-08,0.02446321993,8.231068255
2024-08-09,0.00575977561,8.278477362
2024-08-12,-0.001314147792,8.267598219
2024-08-13,0.01734128786,8.410969019
2024-08-14,0.003995308908,8.444573439
2024-08-15,0.01569667945,8.577125201
2024-08-16,0.004020646849,8.611610793
2024-08-19,0.01111014072,8.707287
2024-08-20,-0.002459784355,8.685868952
2024-08-21,0.002844880236,8.710579209
2024-08-22,-0.008279424426,8.638460627
2024-08-23,0.0106151572,8.730159244
2024-08-26,-0.002370019034,8.709468601
2024-08-27,0.002979713161,8.735420319
2024-08-28,-0.005990589328,8.683090003
2024-08-29,-0.0007291892789,8.676758387
2024-08-30,0.009822568337,8.761986439
2024-09-03,-0.02389589544,8.552610927
2024-09-04,-0.002083567136,8.534790988
2024-09-05,-0.003198906541,8.50748899
2024-09-06,-0.02051390103,8.332967202
2024-09-09,0.01185943621,8.431791495
2024-09-10,0.001495306073,8.444399604
2024-09-11,0.01119093772,8.538900355
2024-09-12,0.009746645197,8.622125987
2024-09-13,0.00586365986,8.672683201
2024-09-16,0.006565152516,8.729620689
2024-09-17,0.001121634749,8.739412135
2024-09-18,-0.004337201199,8.701507546
2024-09-19,0.01811077821,8.859098619
2024-09-20,-0.001843690816,8.84276518
2024-09-23,0.000283888746,8.845275542
2024-09-24,0.001069911501,8.854739204
2024-09-25,-0.002089064725,8.836241081
2024-09-26,0.007999642732,8.906927852
2024-09-27,-0.0001356040104,8.905720037
2024-09-30,0.003676718384,8.938463862
2024-10-01,-0.00962781625,8.852405974
2024-10-02,0.001804723727,8.868382121
2024-10-03,-0.00153623261,8.854758223
2024-10-04,0.01306227646,8.970421523
2024-10-07,-0.01085719795,8.873027881
2024-10-08,0.01108655373,8.971399182
2024-10-09,0.006926937642,9.033543504
2024-10-10,-0.003574553661,9.001252618
2024-10-11,0.009308179965,9.085037897
2024-10-14,0.007973677321,9.157479058
2024-10-15,-0.005881458137,9.103619728
2024-10-16,0.004937473782,9.148568612
2024-10-17,0.0003546027278,9.15181272
2024-10-18,0.00372409201,9.185894912
2024-10-21,-0.00241623358,9.163699644
2024-10-22,-0.0005030451327,9.15908989
2024-10-23,-0.007585567863,9.089612992
2024-10-24,0.002404962723,9.111473172
2024-10-25,-0.001098818611,9.101461316
2024-10-28,0.006172904536,9.157643768
2024-10-29,0.005576198833,9.20870861
2024-10-30,-0.001785768795,9.192263986
2024-10-31,-0.01820436072,9.024924696
2024-11-01,0.004955996893,9.069652195
2024-11-04,-0.008325701116,8.994140982
2024-11-05,0.01179773253,9.100251451
2024-11-06,0.025019487,9.327935074
2024-11-07,-0.0004122998272,9.324089168
2024-11-08,0.007780371642,9.396634047
2024-11-11,0.007541173213,9.467495692
2024-11-12,-0.003306075167,9.43619544
2024-11-13,-0.0002562531913,9.433777385
2024-11-14,-0.002396605889,9.411168338
2024-11-15,-0.0001212732626,9.410027015
2024-11-18,0.007197945485,9.477759877
2024-11-19,0.002112857002,9.497785028
2024-11-20,0.001296232993,9.51009637
2024-11-21,0.009180777975,9.597406454
2024-11-22,0.001208695486,9.609006795
2024-11-25,0.004502534109,9.652271676
2024-11-26,0.007195638966,9.721725938
2024-11-27,0.00109485832,9.732369851
2024-11-29,0.002445974242,9.756174977
2024-12-02,-0.007721959664,9.680838187
2024-12-03,-0.00267948966,9.654898481
2024-12-04,-0.0005301840783,9.649779608
2024-12-05,0.001266052693,9.661996737
2024-12-06,-0.001130835229,9.651070611
2024-12-09,-0.01584697923,9.498130296
2024-12-10,0.002748892702,9.524239637
2024-12-11,0.004028499561,9.562608032
2024-12-12,-0.001023144396,9.552824103
2024-12-13,-0.004034899249,9.51427942
2024-12-16,-0.001979483927,9.495446057
2024-12-17,-0.006244273389,9.436153896
2024-12-18,-0.02735823638,9.177997367
2024-12-19,0.001781939949,9.194352007
2024-12-20,0.01208142016,9.305432837
2024-12-23,0.003756722444,9.340390765
2024-12-24,0.00892027551,9.423709624
2024-12-26,-0.0004049506547,9.419893487
2024-12-27,-0.006366419299,9.359922495
2024-12-30,-0.008113384311,9.283981847
2024-12-31,-0.001060919704,9.274132288
2025-01-02,0.003344858729,9.30515295
2025-01-03,0.007621584282,9.376072958
2025-01-06,0.001852448994,9.393441654
2025-01-07,-0.004790037872,9.348446713
2025-01-08,0.0004376964396,9.352538495
2025-01-10,-0.01675186676,9.195866016
2025-01-13,0.006442981677,9.255114813
2025-01-14,0.006952286758,9.319459025
2025-01-15,0.0160830574,9.469344419
2025-01-16,0.004375867986,9.51078102
2025-01-17,0.007706768008,9.584078403
2025-01-21,0.01264730893,9.705291204
2025-01-22,0.0009622741921,9.714630355
2025-01-23,0.006165716408,9.774528011
2025-01-24,0.002589345438,9.79983764
2025-01-27,0.0009312249063,9.808963493
2025-01-28,-0.001168618254,9.797500559
2025-01-29,8.607281732e-05,9.798343858
2025-01-30,0.00723779253,9.869262238
2025-01-31,-0.002935888691,9.840287182
2025-02-03,-0.003944576525,9.801471416
2025-02-04,0.005470339845,9.855088796
2025-02-05,-0.003482270758,9.820770709
2025-02-06,0.005527732178,9.875057299
2025-02-07,-0.009086790751,9.785324719
2025-02-10,-7.080086863e-06,9.785255439
2025-02-11,-0.002392655709,9.761842691
2025-02-12,-0.0008690247908,9.753359408
2025-02-13,0.01104575243,9.861092601
2025-02-14,0.00253605137,9.886100839
2025-02-18,-9.513350785e-05,9.885160339
2025-02-19,0.0003180754489,9.888304566
2025-02-20,-0.009539150509,9.79397854
2025-02-21,-0.017483246,9.622748004
2025-02-24,0.000840567538,9.630836574
2025-02-25,-0.006752892968,9.565800565
2025-02-26,-0.002680232323,9.540161998
2025-02-27,-0.0061923339,9.481086129
2025-02-28,0.01725858889,9.644716297
2025-03-03,-0.01228722981,9.526209451
2025-03-04,-0.0202471253,9.333331095
2025-03-05,0.01130301142,9.438825843
2025-03-06,-0.01994016585,9.25061409
2025-03-07,-0.0002289988885,9.24849571
2025-03-10,-0.02767009325,8.992588971
2025-03-11,-0.01101501444,8.893535474
2025-03-12,0.004085623501,8.929871111
2025-03-13,-0.0169875932,8.778174093
2025-03-14,0.02094373195,8.962021819
2025-03-17,0.006822658838,9.023166636
2025-03-18,-0.01100670424,8.923851309
2025-03-19,0.01402434977,9.049002522
2025-03-20,-0.001045043885,9.039545917
2025-03-21,0.002610197524,9.063140917
2025-03-24,0.02309467321,9.272451195
2025-03-25,0.008742693643,9.353517395
2025-03-26,-0.008181024029,9.276996044
2025-03-27,-0.001929839669,9.259092929
2025-03-28,-0.02663553058,9.012472077
2025-03-31,0.007246739862,9.077783117
2025-04-01,0.003283371474,9.107588851
2025-04-02,0.004814871629,9.151440723
2025-04-03,-0.03338106169,8.845955915
2025-04-04,-0.06202850156,8.297254525
2025-04-07,-0.005469699541,8.251871036
2025-04-08,-0.007303491894,8.191603562
2025-04-09,0.06770756526,8.746237095
2025-04-10,-0.02333827526,8.542115006
2025-04-11,0.01242130045,8.648219183
2025-04-14,0.01163978982,8.748882637
2025-04-15,0.001639884754,8.763229796
2025-04-16,-0.01719687929,8.612529591
2025-04-17,0.006437552008,8.667973198
2025-04-21,-0.02253295606,8.472658139
2025-04-22,0.02880753093,8.716734501
2025-04-23,0.01071034524,8.810093736
2025-04-24,0.01088453829,8.905987539
2025-04-25,-0.0005113899399,8.901433107
2025-04-28,0.004358792093,8.940232603
2025-04-29,0.008472160376,9.015975687
2025-04-30,-0.0009602691696,9.007317924
2025-05-01,0.002614737288,9.030869694
2025-05-02,0.01469512183,9.163579424
2025-05-05,-0.002192552368,9.143487797
2025-05-06,0.002108377228,9.162765718
2025-05-07,0.002303851666,9.183875371
2025-05-08,0.0008674199852,9.191841648
2025-05-09,-0.001123669101,9.18151306
2025-05-12,0.01168699564,9.288817363
2025-05-13,0.004175672768,9.327604424
2025-05-14,-0.0006478888442,9.321561174
2025-05-15,0.0106528382,9.420862257
2025-05-16,0.009187946723,9.507420637
2025-05-19,0.001940991315,9.525874458
2025-05-20,-0.001656646742,9.510093449
2025-05-21,-0.01539110997,9.363722555
2025-05-22,-0.005883066604,9.308635151
2025-05-23,0.001277008537,9.320522358
2025-05-27,0.01379233419,9.449074117
2025-05-28,-0.006943670113,9.383462864
2025-05-29,0.001346034699,9.39609333
2025-05-30,0.005519433104,9.447954439
2025-06-02,0.002832390216,9.474714733
2025-06-03,0.0005976519224,9.480377314
2025-06-04,-0.005585411058,9.42742551
2025-06-05,-0.0009976914767,9.418019848
2025-06-06,0.009894995894,9.511211115
2025-06-09,-0.004919238856,9.464423196
2025-06-10,0.005399966787,9.515530767
2025-06-11,-0.0009494973342,9.506495796
2025-06-12,0.001325533045,9.51909697
2025-06-13,-0.01208792383,9.404030851
2025-06-16,0.007884493164,9.478176868
2025-06-17,-0.007608618605,9.406061035
2025-06-18,0.0008995809486,9.414522549
2025-06-20,-0.0001899613742,9.412734153
2025-06-23,0.01264385343,9.531747384
2025-06-24,0.01072044599,9.633931967
2025-06-25,-0.005615164389,9.579835855
2025-06-26,0.009103468877,9.667045593
2025-06-27,0.005537457277,9.720576445
2025-06-30,0.006743331969,9.786125519
2025-07-01,0.0006239090879,9.792231171
2025-07-02,0.0007938305619,9.800004544
2025-07-03,0.007259260077,9.871145325
2025-07-07,-0.01063907315,9.766125488
2025-07-08,-0.00478873182,9.719358132
2025-07-09,0.004062674795,9.758844724
2025-07-10,0.004535361992,9.803104617
2025-07-11,-0.005543344906,9.748762627
2025-07-14,0.006996865236,9.816973405
2025-07-15,-0.0137788501,9.6817068
2025-07-16,0.003938248204,9.719835765
2025-07-17,0.005503764413,9.773331451
2025-07-18,0.001611036747,9.789076647
2025-07-21,0.005081079362,9.838815722
2025-07-22,0.005994421591,9.897793732
2025-07-23,0.006062695386,9.95780104
2025-07-24,-0.00515260651,9.90649241
2025-07-25,0.002321687698,9.929492191
2025-07-28,-0.002162432416,9.908020335
2025-07-29,-0.006859835784,9.840052943
2025-07-30,-0.001702062051,9.823304562
2025-07-31,-0.001724606447,9.806363228
2025-08-01,-0.01821595726,9.627730935
2025-08-04,0.01212051682,9.744424009
2025-08-05,-0.004621020095,9.69939483
2025-08-06,0.00315052471,9.729953013
2025-08-07,-0.005630666217,9.675166895
2025-08-08,0.004498729167,9.718692851
2025-08-11,0.0004919074436,9.723473548
2025-08-12,0.01388871676,9.858520118
2025-08-13,0.005779151911,9.915494004
2025-08-14,-0.001101624823,9.904570849
2025-08-15,-0.004141093026,9.8635551
2025-08-18,-0.0004717748235,9.858901723
2025-08-19,-0.0005019706232,9.853952844
2025-08-20,0.000404292934,9.857936728
2025-08-21,-0.002626238709,9.832047433
2025-08-22,0.01574450942,9.986848196
2025-08-25,-0.004720171874,9.939708556
2025-08-26,0.004530875841,9.984744141
2025-08-27,0.001210211215,9.996827791
2025-08-28,0.002280617958,10.01962674
2025-08-29,-0.002853920247,9.99103152
2025-09-02,-0.006217741045,9.928909873
2025-09-03,0.005398036325,9.98250649
2025-09-04,0.004254912651,10.02498118
2025-09-05,0.001026512987,10.03527196
2025-09-08,-0.0005184376499,10.03006929
2025-09-09,0.004828627607,10.07850076
2025-09-10,0.009318681604,10.1724191
2025-09-11,0.008013813639,10.25393897
2025-09-12,0.004241762048,10.29743374
2025-09-15,0.008469123405,10.38464398
2025-09-16,-0.008570773044,10.29563955
2025-09-17,0.0005533561782,10.30133671
2025-09-18,0.006249235365,10.36571219
2025-09-19,0.006886104473,10.43709156
2025-09-22,0.006972610349,10.50986534
2025-09-23,-0.001633917045,10.49269309
2025-09-24,-0.002442416219,10.46706556
2025-09-25,-0.004929657099,10.41546652
2025-09-26,0.009678417959,10.51627176
2025-09-29,0.003813044825,10.55637077
2025-09-30,0.001887433933,10.57629523
2025-10-01,0.001800139007,10.59533403
2025-10-02,-0.004730883155,10.54520874
2025-10-03,-4.213492854e-06,10.54516431
2025-10-06,0.003078387443,10.57762641
2025-10-07,-0.006688746776,10.50687535
2025-10-08,-0.002000400722,10.48585738
2025-10-09,-0.00475084115,10.43604074
2025-10-10,-0.0225697517,10.20050189
2025-10-13,0.01371483653,10.34040011
2025-10-14,0.006565820762,10.40829332
2025-10-15,0.002839838049,10.43785119
2025-10-16,-0.01604321838,10.27039446
2025-10-17,0.007821310081,10.3507224
2025-10-20,0.01031167129,10.45745565
2025-10-21,0.0048739923,10.50842521
2025-10-22,-0.007388887129,10.43077964
2025-10-23,0.001078209608,10.44202621
2025-10-24,0.003491150579,10.47848089
2025-10-27,0.01082206079,10.59187965
2025-10-28,-0.003692391525,10.55277028
2025-10-29,-0.009241473581,10.45524714
2025-10-30,-0.01227756995,10.32688211
2025-10-31,0.01113501334,10.44187208
2025-11-03,-0.001816429048,10.42290516
2025-11-04,-0.0100293416,10.31837028
2025-11-05,0.004251126577,10.36223498
2025-11-06,-0.01090025041,10.24928403
2025-11-07,0.0003404149355,10.25277303
2025-11-10,0.01320405356,10.3881512
2025-11-11,0.001375112297,10.40243607
2025-11-12,0.001990466002,10.42314177
2025-11-13,-0.01732504718,10.24256035
2025-11-14,-0.00330694831,10.20868873
2025-11-17,-0.01202158041,10.08596416
2025-11-18,-0.004047228946,10.04514395
2025-11-19,0.001702175542,10.06224255
2025-11-20,-0.01703047639,9.890877764
2025-11-21,0.01078843422,9.997584848
2025-11-24,0.01266868663,10.12424112
2025-11-25,0.008874207597,10.21408573
2025-11-26,0.007013721724,10.28572449
2025-11-28,0.007966660604,10.36766737
2025-12-01,-0.004158706614,10.32455128
2025-12-02,0.00364481225,10.36218233
2025-12-03,0.004100760415,10.40467516
2025-12-04,0.001966776483,10.42513883
2025-12-05,0.008144475351,10.51004611
2025-12-08,-0.004978134616,10.45772569
2025-12-09,0.001225078934,10.47053723
2025-12-10,0.008434140096,10.55884721
2025-12-11,-0.001134886232,10.54686412
2025-12-12,-0.008941233704,10.45256214
2025-12-15,-0.0003228298399,10.44918774
2025-12-16,0.001385481449,10.4636649
2025-12-17,-0.01366709076,10.32065704
2025-12-18,0.01207481089,10.44527702
2025-12-19,0.006014472354,10.50809985
2025-12-22,0.005283111425,10.56361531
2025-12-23,0.00343669099,10.59991919
2025-12-24,0.003933004111,10.64160872
2025-12-26,-0.001282987852,10.62795567
2025-12-29,-0.00500478737,10.57476501
2025-12-30,-0.001271723954,10.56131683
2025-12-31,-0.007538190784,10.4817036
2026-01-02,-0.004516866245,10.43435915
2026-01-05,-0.001209203709,10.42174189
2026-01-06,0.005129337956,10.47519852
2026-01-07,-0.009033535519,10.38057044
2026-01-08,-0.003143758933,10.34793643
2026-01-09,0.009761911705,10.44895207
2026-01-12,0.0009909045658,10.45930599
2026-01-13,-0.0004618917833,10.45447492
2026-01-14,-0.002274214266,10.4306992
2026-01-15,0.003919399798,10.47158129
2026-01-16,-0.004298100336,10.42657338
2026-01-20,-0.01687629343,10.25061147
2026-01-21,0.008502846231,10.33777084
2026-01-22,0.004788982798,10.38727825
2026-01-23,0.001348297672,10.40128339
2026-01-26,0.007010838456,10.47420511
2026-01-27,0.006387178168,10.54110572
2026-01-28,0.001461438825,10.5565109
2026-01-29,0.003408046198,10.59248798
2026-01-30,-0.006594501968,10.5226358
2026-02-02,-0.002796600737,10.49320819
2026-02-03,-0.01053428292,10.38266976
2026-02-04,-0.01106387618,10.26779719
2026-02-05,-0.009700258721,10.1681969
2026-02-06,0.02174906189,10.38934564
2026-02-09,0.00946928836,10.48772535
2026-02-10,0.0005391728535,10.49338005
2026-02-11,0.0003832432144,10.49740157
2026-02-12,-0.01874722516,10.30060442
2026-02-13,0.003403574067,10.33566329
2026-02-17,0.001026810534,10.34627605
2026-02-18,0.003894981968,10.38657461
2026-02-19,0.002419632835,10.41170631
2026-02-20,0.008080947707,10.49584276
2026-02-23,-0.01420745405,10.34672356
2026-02-24,0.01074234795,10.45787166
2026-02-25,0.004766629461,10.50772046
2026-02-26,-0.001944112421,10.48729227
2026-02-27,-0.0006904575236,10.48005124
2026-03-02,0.004677332965,10.52906993
2026-03-03,-0.01106542374,10.41256131
2026-03-04,0.009025096551,10.50653568
2026-03-05,-0.007578212333,10.42691493
2026-03-06,-0.01373731138,10.28367715
2026-03-09,0.008242311241,10.36843842
2026-03-10,-0.002304393406,10.34454546
2026-03-11,-0.0005202209361,10.33916401
2026-03-12,-0.01943495644,10.1382228
2026-03-13,-0.006076417971,10.07661872
2026-03-16,0.01024208361,10.1798243
2026-03-17,0.002824248823,10.20857465
2026-03-18,-0.01135754206,10.09263034
2026-03-19,-0.002649634564,10.06588855
2026-03-20,-0.01509793869,9.913914386
2026-03-23,0.01079331949,10.02091843
2026-03-24,-0.00467779318,9.974042648
2026-03-25,0.004659102288,10.02051273
2026-03-26,-0.02598256649,9.760154095
2026-03-27,-0.01619138395,9.602123692
2026-03-30,-0.008766954076,9.517942315
2026-03-31,0.033969117,9.841258411
2026-04-01,0.01174878545,9.956881244
2026-04-02,0.002246619622,9.979250569
2026-04-06,0.006065230136,10.03977702
2026-04-07,0.003596736663,10.07588745
2026-04-08,0.01114050383,10.18813792
2026-04-09,0.0001821066964,10.18999325
2026-04-10,-0.002274164635,10.16681952
2026-04-13,0.01033498032,10.2718934
2026-04-14,-0.0002401474918,10.26942663
2026-04-15,1.278502483e-05,10.26955793
2026-04-16,0.007061407828,10.34207547
2026-04-17,0.002141653092,10.3642246
2026-04-20,0.001505615367,10.37982914
2026-04-21,0.0004073842513,10.38405772
2026-04-22,0.01054610353,10.49356907
2026-04-23,0.003754991841,10.53297233
2026-04-24,0.005661173317,10.59260131
2026-04-27,0.0002193480687,10.59492478
2026-04-28,-0.003083557353,10.56225472
2026-04-29,0.008238036022,10.64926696
2026-04-30,0.01343953094,10.79238811
2026-05-01,-0.002610729935,10.7642121
2026-05-04,-0.0003865896334,10.76005077
2026-05-05,0.01048859045,10.87290853
2026-05-06,0.003740899788,10.91358299
2026-05-07,-0.01221574828,10.78026541
2026-05-08,0.008430266064,10.87114592
2026-05-11,0.01682019066,11.05400066
2026-05-12,-0.004003834105,11.00974228
2026-05-13,0.002090989949,11.03276354
2026-05-14,0.009248498204,11.13480003
2026-05-15,-0.004093116726,11.089224
2026-05-18,0.001535766366,11.10625445
2026-05-19,-0.002158341392,11.08228336
2026-05-20,0.003331545742,11.1192045
2026-05-21,-0.001377763646,11.10388486
2026-05-22,0.007794041997,11.19042901
2026-05-26,0.004497718763,11.24076041
2026-05-27,-0.006233643824,11.17068951
2026-05-28,0.003183673344,11.20625334
2026-05-29,0.002291107779,11.23192807
2026-06-01,0.01284678404,11.37622223
2026-06-02,0.01147219548,11.50673247
2026-06-03,0.0007155592536,11.51496622
2026-06-04,-0.0009298650493,11.50425886
2026-06-05,-0.03208272419,11.13517089
2026-06-08,0.009935548112,11.24580492
2026-06-09,-0.007761231199,11.15852363
2026-06-10,-0.01391458354,11.00325742
2026-06-11,0.01673753611,11.18742484
2026-06-12,0.007362434282,11.26979152
2026-06-15,0.005754079689,11.3346388
2026-06-16,-0.008255780425,11.24106251
2026-06-17,-0.005762241099,11.17628879
2026-06-18,0.007062316015,11.25521928
2026-06-22,0.008313815566,11.3487931
2026-06-23,-0.01803461343,11.144122
2026-06-24,-0.003656051537,11.10337851
2026-06-25,0.01323584782,11.25034114
2026-06-26,-0.01307581663,11.10323374
2026-06-29,0.009174219924,11.20509725
2026-06-30,0.01076786379,11.32575221
2026-07-01,-0.01382110071,11.16921785
2026-07-02,-0.005445036265,11.10840106
2026-07-06,0.00792739283,11.19646171
2026-07-07,-0.004210371441,11.14932045
2026-07-08,0.006404161196,11.2207225
2026-07-09,0.00385693953,11.26400015
2026-07-10,0.00384504528,11.30731074
2026-07-13,-0.0008681555483,11.29749423
2026-07-14,0.005684269181,11.36171223
2026-07-15,-0.007057602066,11.28152579
2026-07-16,-0.004218638673,11.23393311
2026-07-17,-0.00113493653,11.2211833
2026-07-20,-0.0006664045484,11.21370546
2026-07-21,0.01385040765,11.36901985
2026-07-22,0.003402744335,11.40770572
2026-07-23,0.003407188282,11.44657392
2026-07-24,-0.002134221638,11.42214439
2026-07-27,-0.009053650801,11.31873229
2026-07-28,-0.01194291507,11.18355363
2026-07-29,-0.0132019809,11.03590857
2026-07-30,0.02335672399,11.29367124
2026-07-31,0.005324226329,11.3538013
2026-08-03,0.007013070705,11.43342631
2026-08-04,0.02095362531,11.67299804
2026-08-05,-0.00874724965,11.57089141
2026-08-06,0.00105979934,11.58315423
2026-08-07,0.001723354548,11.60311612
2026-08-10,0.01156624056,11.73732055
2026-08-11,0.005728965971,11.80456326
2026-08-12,0.005831948161,11.87340686
2026-08-13,0.003373563042,11.91346255
2026-08-14,0.004604050745,11.96831273
