date,ret,wealth
2003-06-02,0,1
2003-06-03,0,1
2003-06-04,0,1
2003-06-05,0,1
2003-06-06,0,1
2003-06-09,0,1
2003-06-10,0,1
2003-06-11,0,1
2003-06-12,0,1
2003-06-13,0,1
2003-06-16,0,1
2003-06-17,0,1
2003-06-18,0,1
2003-06-19,0,1
2003-06-20,0,1
2003-06-23,0,1
2003-06-24,0,1
2003-06-25,0,1
2003-06-26,0,1
2003-06-27,0,1
2003-06-30,0,1
2003-07-01,0,1
2003-07-02,0,1
2003-07-03,0,1
2003-07-07,0,1
2003-07-08,0,1
2003-07-09,0,1
2003-07-10,0,1
2003-07-11,0,1
2003-07-14,0,1
2003-07-15,0,1
2003-07-16,0,1
2003-07-17,0,1
2003-07-18,0,1
2003-07-21,0,1
2003-07-22,0,1
2003-07-23,0,1
2003-07-24,0,1
2003-07-25,0,1
2003-07-28,0,1
2003-07-29,0,1
2003-07-30,0,1
2003-07-31,0,1
2003-08-01,0,1
2003-08-04,0,1
2003-08-05,0,1
2003-08-06,0,1
2003-08-07,0,1
2003-08-08,0,1
2003-08-11,0,1
2003-08-12,0,1
2003-08-13,0,1
2003-08-14,0,1
2003-08-15,0,1
2003-08-18,0,1
2003-08-19,0,1
2003-08-20,0,1
2003-08-21,0,1
2003-08-22,0,1
2003-08-25,0,1
2003-08-26,0,1
2003-08-27,0,1
2003-08-28,0,1
2003-08-29,0,1
2003-09-02,0,1
2003-09-03,0.002031153486,1.002031153
2003-09-04,0.004587237341,1.006627708
2003-09-05,-0.006133239432,1.000453819
2003-09-08,0.0128768068,1.01333647
2003-09-09,-0.008604758332,1.004616955
2003-09-10,-0.01796211065,0.9865719137
2003-09-11,0.00757826098,0.9940484131
2003-09-12,0.003878827423,0.9979041554
2003-09-15,-0.00524557866,0.9926695706
2003-09-16,0.01889806409,1.011429104
2003-09-17,-0.002097866778,1.00930726
2003-09-18,0.01246824497,1.02189155
2003-09-19,-0.003965661742,1.017839074
2003-09-22,-0.01453254199,1.003047285
2003-09-23,0.01169856472,1.014781499
2003-09-24,-0.02671825952,0.9876683033
2003-09-25,-0.01605997677,0.9718063733
2003-09-26,-0.008929664432,0.9631284685
2003-09-29,0.01496745009,0.9775440457
2003-09-30,-0.01481762096,0.9630591686
2003-10-01,0.02360804073,0.9857951087
2003-10-02,0.005524837318,0.9912414663
2003-10-03,0.01764562746,1.008732544
2003-10-06,0.006822416954,1.015614538
2003-10-07,0.005191582986,1.020887185
2003-10-08,-0.0055521734,1.015219042
2003-10-09,0.006914276521,1.022238548
2003-10-10,0.003585300376,1.02590358
2003-10-13,0.008475173949,1.034598291
2003-10-14,0.004207860368,1.038951736
2003-10-15,-0.0064785812,1.032220803
2003-10-16,0.006976048716,1.039421626
2003-10-17,-0.01808868227,1.020619858
2003-10-20,0.008306671568,1.029097812
2003-10-21,0.002929711856,1.032112772
2003-10-22,-0.01791778336,1.013619599
2003-10-23,-0.007398406984,1.006120429
2003-10-24,0.0002136539539,1.00633539
2003-10-27,0.005130997852,1.011498895
2003-10-28,0.02375530748,1.035527362
2003-10-29,0.002285057216,1.037893602
2003-10-30,0.002301921178,1.040282751
2003-10-31,-0.004491198685,1.035610634
2003-11-03,0.01333551456,1.049421035
2003-11-04,-0.0006013916586,1.048789922
2003-11-05,0.002741124372,1.051664786
2003-11-06,0.0006256953021,1.052322807
2003-11-07,-0.002328387954,1.049872592
2003-11-10,-0.01225518151,1.037006212
2003-11-11,-0.004782968679,1.032046244
2003-11-12,0.02178858225,1.054533069
2003-11-13,0.002423172843,1.057088385
2003-11-14,-0.01537193057,1.040838895
2003-11-17,-0.0132062362,1.027093331
2003-11-18,-0.01002598086,1.016795713
2003-11-19,0.007551647371,1.024474196
2003-11-20,-0.007609423892,1.016678537
2003-11-21,0.01072631056,1.027583747
2003-11-24,0.01938114237,1.047499494
2003-11-25,0.002539468646,1.050159586
2003-11-26,0.006120241441,1.056586816
2003-11-28,0.002491247207,1.059219035
2003-12-01,0.01579506698,1.075949471
2003-12-02,-0.001575403989,1.074254416
2003-12-03,-0.009530560198,1.064016169
2003-12-04,0.005124316314,1.069468525
2003-12-05,-0.01203927412,1.0565929
2003-12-08,0.007171311301,1.064170057
2003-12-09,-0.01468537,1.048542326
2003-12-10,-0.004140488307,1.044200848
2003-12-11,0.02014613645,1.065237461
2003-12-12,0.002913381745,1.068340904
2003-12-15,-0.01437957215,1.052978619
2003-12-16,0.007892606923,1.061289366
2003-12-17,-0.0002711110491,1.061001638
2003-12-18,0.01630310277,1.078299257
2003-12-19,-0.003880699826,1.074114701
2003-12-22,0.006957721251,1.081588092
2003-12-23,0.005060825978,1.087061821
2003-12-24,0.001100690636,1.08825834
2003-12-26,0.00011430017,1.088382728
2003-12-29,0.01616252547,1.105973742
2003-12-30,0.002602709975,1.108852271
2003-12-31,-0.001503538529,1.107185068
2004-01-02,0.003567363968,1.111134801
2004-01-05,0.01700788829,1.130032857
2004-01-06,0.002306058301,1.132638779
2004-01-07,0.003236993246,1.136305123
2004-01-08,0.00997625299,1.14764119
2004-01-09,-0.006966166728,1.13964653
2004-01-12,0.01144640996,1.152691392
2004-01-13,-0.006640853382,1.145036537
2004-01-14,0.005747692283,1.151617855
2004-01-15,-0.0002896769371,1.151284258
2004-01-16,0.004061525192,1.155960228
2004-01-20,0.00734608405,1.164452009
2004-01-21,0.002209474307,1.167024836
2004-01-22,-0.003667166589,1.162745161
2004-01-23,-0.002984680608,1.159274738
2004-01-26,0.00946711241,1.170249722
2004-01-27,-0.0129788595,1.155061216
2004-01-28,-0.01513751269,1.137576462
2004-01-29,-0.001454610516,1.135921731
2004-01-30,-0.001954253702,1.133701852
2004-02-02,-0.0008051083341,1.132789099
2004-02-03,-0.001626150429,1.130947014
2004-02-04,-0.01727509115,1.111409801
2004-02-05,0.005787417704,1.117841994
2004-02-06,0.02075197442,1.141039422
2004-02-09,0.002665647218,1.144081031
2004-02-10,0.005987283917,1.150930969
2004-02-11,0.009392633064,1.161741241
2004-02-12,-0.008116161854,1.152312361
2004-02-13,-0.006619205738,1.144684968
2004-02-17,0.01679759565,1.163912924
2004-02-18,-0.006083709202,1.156832016
2004-02-19,-0.008718817477,1.146745809
2004-02-20,-0.005729475196,1.140175557
2004-02-23,-0.00778504639,1.131299237
2004-02-24,-0.002144377034,1.128873305
2004-02-25,0.004227011427,1.133645066
2004-02-26,0.002961082119,1.137001882
2004-02-27,0.003544902094,1.141032442
2004-03-01,0.01413527031,1.157161244
2004-03-02,-0.01185794136,1.143439694
2004-03-03,-0.002189474984,1.140936161
2004-03-04,0.008396199317,1.150515689
2004-03-05,0.003469907372,1.154507872
2004-03-08,-0.01468657407,1.137552106
2004-03-09,-0.006155553431,1.130549843
2004-03-10,-0.01672808508,1.11163791
2004-03-11,-0.01178937474,1.098532394
2004-03-12,0.0180296756,1.118338576
2004-03-15,-0.02008700753,1.095874501
2004-03-16,0.003799198047,1.100037945
2004-03-17,0.0183782242,1.120254689
2004-03-18,-0.003643913135,1.116172578
2004-03-19,-0.01277513622,1.101913322
2004-03-22,-0.0149773894,1.085409537
2004-03-23,0.0004003892728,1.085844123
2004-03-24,0.002057187349,1.088077908
2004-03-25,0.02292279997,1.1130197
2004-03-26,-0.001726188377,1.111098418
2004-03-29,0.01660752213,1.12955101
2004-03-30,0.004551472081,1.13469213
2004-03-31,0.002459445371,1.137482843
2004-04-01,0.01105831315,1.150061485
2004-04-02,0.01385121144,1.165991229
2004-04-05,0.004113476546,1.170787507
2004-04-06,-0.009260423207,1.159945519
2004-04-07,0.002665814999,1.163037719
2004-04-08,-0.00366393006,1.158776431
2004-04-12,0.005105134549,1.16469214
2004-04-13,-0.01687573982,1.145037099
2004-04-14,-0.002830808477,1.141795718
2004-04-15,-0.01087375674,1.129380109
2004-04-16,0.005560747736,1.135660307
2004-04-19,0.006883186853,1.143477269
2004-04-20,-0.01971664705,1.120931731
2004-04-21,0.01060530939,1.132819559
2004-04-22,0.01556539071,1.150452338
2004-04-23,0.00144160096,1.152110831
2004-04-26,-0.001805404743,1.150030805
2004-04-27,-0.001149292248,1.148709083
2004-04-28,-0.01917026943,1.126688021
2004-04-29,-0.0153550536,1.109387666
2004-04-30,-0.01514320779,1.092587978
2004-05-03,0.0109546056,1.104556848
2004-05-04,0.007535355336,1.112880077
2004-05-05,0.007787900082,1.121547076
2004-05-06,-0.01446687644,1.105321793
2004-05-07,-0.02125727008,1.081825669
2004-05-10,-0.01730429519,1.063105438
2004-05-11,0.01467521559,1.078706739
2004-05-12,0.005338085302,1.084464968
2004-05-13,-0.01044205816,1.073140922
2004-05-14,-0.004043290907,1.068801901
2004-05-17,-0.009988077616,1.058126625
2004-05-18,0.01030172948,1.069027159
2004-05-19,0.0005414744587,1.06960601
2004-05-20,0.002645647771,1.07243581
2004-05-21,0.007205697914,1.080163459
2004-05-24,0.008744569651,1.089609024
2004-05-25,0.01854330207,1.109813973
2004-05-26,0.003804547953,1.114036313
2004-05-27,0.008551205405,1.123562667
2004-05-28,-0.0002330419335,1.123300829
2004-06-01,0.003510836295,1.127244555
2004-06-02,-0.000810868178,1.126330508
2004-06-03,-0.01703119794,1.10714775
2004-06-04,0.01306780607,1.121615742
2004-06-07,0.02490328921,1.149547663
2004-06-08,-0.006824060029,1.141703081
2004-06-09,-0.01929436297,1.119674648
2004-06-10,0.005655498104,1.126006965
2004-06-14,-0.02740254545,1.095151508
2004-06-15,0.01843387721,1.115339397
2004-06-16,-0.003942298778,1.110942396
2004-06-17,0.00295753816,1.11422805
2004-06-18,-0.0001567856793,1.114053355
2004-06-21,-0.0009663193016,1.112976824
2004-06-22,0.006261565391,1.119945801
2004-06-23,0.01306044123,1.134572787
2004-06-24,0.001423761407,1.136188148
2004-06-25,0.006076447872,1.143092136
2004-06-28,-0.001479194108,1.141401281
2004-06-29,0.004626855106,1.14668238
2004-06-30,0.008755752444,1.156722447
2004-07-01,-0.0144357359,1.140024307
2004-07-02,0.002880076124,1.143307664
2004-07-06,-0.01503152464,1.126122006
2004-07-07,0.007878636353,1.134994312
2004-07-08,-0.01292843901,1.120320607
2004-07-09,0.006805150069,1.127944557
2004-07-12,-0.001820334816,1.12589132
2004-07-13,0.0003212466099,1.126253009
2004-07-14,-0.007009072842,1.11835902
2004-07-15,-0.005142274927,1.11260811
2004-07-16,0.00262604445,1.115529869
2004-07-19,-0.0006660437184,1.114786877
2004-07-20,0.008195693861,1.123923329
2004-07-21,-0.02153578642,1.099718756
2004-07-22,0.002350825864,1.102304003
2004-07-23,-0.01664824968,1.083952571
2004-07-26,-0.007459704251,1.075866606
2004-07-27,0.01463749539,1.091614598
2004-07-28,5.683181267e-05,1.091676636
2004-07-29,0.006440977809,1.098708101
2004-07-30,0.001452561083,1.100304042
2004-08-02,-0.001298822396,1.098874943
2004-08-03,-0.002847752232,1.095745619
2004-08-04,-4.878721317e-05,1.095692161
2004-08-05,-0.004952442384,1.090265808
2004-08-06,-0.0004954095104,1.08972568
2004-08-09,-0.0003719761088,1.089320328
2004-08-10,0.002731185423,1.092295464
2004-08-11,-0.001108149018,1.091085038
2004-08-12,-0.00370648043,1.087040953
2004-08-13,0.001998923872,1.089213865
2004-08-16,0.00335336507,1.092866397
2004-08-17,0.0002458091808,1.093135033
2004-08-18,0.002531063407,1.095901827
2004-08-19,-0.0007804238893,1.095046559
2004-08-20,0.001564457868,1.096759713
2004-08-23,-0.002700746247,1.093797644
2004-08-24,-7.364313518e-05,1.093717093
2004-08-25,0.003533105236,1.097581311
2004-08-26,0.0002427024757,1.097847696
2004-08-27,0.0008491684617,1.098779954
2004-08-30,-0.001209966697,1.097450467
2004-08-31,0.003108705905,1.100862118
2004-09-01,0.0002887767305,1.101180021
2004-09-02,0.007294275032,1.109212331
2004-09-03,-0.00796931569,1.100372668
2004-09-07,0.007212375122,1.108308968
2004-09-08,-0.0003696382638,1.107899295
2004-09-09,-5.437136877e-05,1.107839057
2004-09-10,0.005667368007,1.114117588
2004-09-13,0.004235630277,1.118836579
2004-09-14,0.0007069173045,1.119627503
2004-09-15,-0.006252740566,1.112626763
2004-09-16,0.006375145377,1.119719921
2004-09-17,0.003322223369,1.12343988
2004-09-20,-0.001748386242,1.121475673
2004-09-21,0.008700118767,1.131232645
2004-09-22,-0.01045461875,1.119406039
2004-09-23,0.0005705709098,1.120044739
2004-09-24,-0.0005105335966,1.119472919
2004-09-27,-0.003654958078,1.115381292
2004-09-28,0.007393155491,1.12362748
2004-09-29,0.003039880989,1.127043174
2004-09-30,0.002931093444,1.130346642
2004-10-01,0.01156312342,1.14341698
2004-10-04,0.006361492992,1.150690819
2004-10-05,-0.002275692991,1.1480722
2004-10-06,0.00357887833,1.152181011
2004-10-07,-0.006578001314,1.144601963
2004-10-08,0.004304919151,1.149529382
2004-10-11,0.002884241666,1.152844902
2004-10-12,-0.008295452448,1.143281532
2004-10-13,-0.005638534888,1.136835099
2004-10-14,-0.004720640641,1.131468509
2004-10-15,0.007082489474,1.139482123
2004-10-18,0.005017862152,1.145199887
2004-10-19,-0.001392773425,1.143604883
2004-10-20,0.001469504347,1.145285416
2004-10-21,0.006968313615,1.153266124
2004-10-22,-0.003653351937,1.149052837
2004-10-25,0.0008148686518,1.149989164
2004-10-26,0.002062076427,1.152360529
2004-10-27,0.005916183186,1.159178105
2004-10-28,0.0003508860959,1.159584845
2004-10-29,0.002836852635,1.162874416
2004-11-01,0.0009762353527,1.164009655
2004-11-02,0.00138073302,1.165616842
2004-11-03,0.01417723239,1.182142063
2004-11-04,0.01378141093,1.198433648
2004-11-05,0.004326266391,1.203618391
2004-11-08,-0.007243440468,1.194900053
2004-11-09,0.002503810672,1.197891857
2004-11-10,0.002145105454,1.200461461
2004-11-11,0.01071994275,1.213330339
2004-11-12,0.01296757217,1.229064288
2004-11-15,0.002525010431,1.232167688
2004-11-16,-0.009563591148,1.22038374
2004-11-17,0.01356192013,1.236934487
2004-11-18,-0.0006560885925,1.236122948
2004-11-19,-0.01047448875,1.223175192
2004-11-22,0.005812866462,1.230285346
2004-11-23,0.003299363305,1.234344505
2004-11-24,0.007067413131,1.243068127
2004-11-26,0.007684565069,1.252620565
2004-11-29,0.0002230372791,1.252899946
2004-11-30,0.0008385119422,1.253950518
2004-12-01,0.01144339217,1.268299965
2004-12-02,-0.00148780067,1.266412988
2004-12-03,0.002872652899,1.270050953
2004-12-06,-0.004078470098,1.264871088
2004-12-07,-0.01278267446,1.248702653
2004-12-08,0.001724644592,1.250856221
2004-12-09,-0.009346231263,1.239165429
2004-12-10,-0.001046913271,1.237868131
2004-12-13,0.01373725674,1.254873043
2004-12-14,0.004976015043,1.26111731
2004-12-15,0.009417324824,1.272993661
2004-12-16,-0.006391442608,1.264857396
2004-12-17,-0.003072923326,1.260970586
2004-12-20,0.00700661446,1.269805721
2004-12-21,0.009069013025,1.281321605
2004-12-22,0.001065702237,1.282687112
2004-12-23,0.005312277327,1.289501102
2004-12-27,0.0002259729706,1.289792494
2004-12-28,0.008365570967,1.300582345
2004-12-29,0.00020821879,1.300853151
2004-12-30,-0.001984543511,1.298271551
2004-12-31,0.004424525828,1.304015787
2005-01-03,-0.01018457089,1.290734946
2005-01-04,-0.02379840246,1.260017516
2005-01-05,-0.01095643265,1.246212219
2005-01-06,0.001540700166,1.248132259
2005-01-07,-0.004556829435,1.242444733
2005-01-10,0.005312808924,1.249045604
2005-01-11,-0.005328897954,1.242389568
2005-01-12,0.008141217479,1.252504131
2005-01-13,-0.005254782244,1.245922495
2005-01-14,0.01074557621,1.25931065
2005-01-18,0.003621823089,1.26387165
2005-01-19,-0.01281559846,1.247674379
2005-01-20,-0.008341972164,1.237266314
2005-01-21,0.005096034674,1.243571466
2005-01-24,-0.002483953594,1.240482492
2005-01-25,0.003983865248,1.245424407
2005-01-26,0.01333986388,1.262038199
2005-01-27,0.001761694519,1.264261525
2005-01-28,-0.0007122866547,1.263361008
2005-01-31,0.009897035053,1.275864537
2005-02-01,0.006811626194,1.284555249
2005-02-02,0.00405163314,1.289759795
2005-02-03,-0.003981257683,1.284624929
2005-02-04,0.01112737396,1.298919431
2005-02-07,-0.00113251119,1.297448391
2005-02-08,0.001460164688,1.299342879
2005-02-09,-0.009035009007,1.287603304
2005-02-10,0.005665712402,1.294898494
2005-02-11,0.0109896554,1.309128983
2005-02-14,0.004685435888,1.315262822
2005-02-15,0.003316959709,1.319625496
2005-02-16,-0.002966353119,1.315711021
2005-02-17,-0.002808383062,1.312016
2005-02-18,0.004937777438,1.318494443
2005-02-22,-0.008508038055,1.307276643
2005-02-23,0.003680590725,1.312088193
2005-02-24,0.008811645043,1.323649848
2005-02-25,0.01556425957,1.344251478
2005-02-28,-0.003406284199,1.339672576
2005-03-01,0.005337970887,1.346823709
2005-03-02,-0.009105930122,1.334559626
2005-03-03,0.0008982510368,1.335758396
2005-03-04,0.0134222059,1.35368722
2005-03-07,0.002111140605,1.356545044
2005-03-08,-0.004785267863,1.350053613
2005-03-09,-0.008862109127,1.33808929
2005-03-10,-7.227468721e-05,1.33799258
2005-03-11,-0.004388559399,1.33212072
2005-03-14,-0.001622873518,1.329958857
2005-03-15,-0.01246704552,1.313378199
2005-03-16,-0.0004052771113,1.312845917
2005-03-17,0.006776321163,1.321742183
2005-03-18,-0.004267608821,1.316101504
2005-03-21,-0.008022317803,1.30554332
2005-03-22,-0.01281092878,1.288818097
2005-03-23,-0.004850776245,1.282566329
2005-03-24,0.0002519405903,1.282889459
2005-03-28,0.0002606511237,1.283223846
2005-03-29,-0.01010025196,1.270262962
2005-03-30,0.0119845648,1.285486511
2005-03-31,0.00583029517,1.292981276
2005-04-01,0.002319747647,1.295980667
2005-04-04,0.001406927245,1.297804017
2005-04-05,0.002306034363,1.300796798
2005-04-06,0.006543139046,1.309308092
2005-04-07,0.006021714978,1.317192372
2005-04-08,-0.006637556792,1.308449433
2005-04-11,-0.003603155041,1.303734887
2005-04-12,0.008149058,1.314359098
2005-04-13,-0.01611109999,1.293183327
2005-04-14,-0.01959782545,1.267839746
2005-04-15,-0.0156740653,1.247967543
2005-04-18,0.004855894413,1.254027542
2005-04-19,0.01550698201,1.273473724
2005-04-20,-0.01733701859,1.251395487
2005-04-21,0.02379121217,1.281167702
2005-04-22,-0.01025641919,1.268027509
2005-04-25,0.0111364586,1.282148845
2005-04-26,-0.012277028,1.266407868
2005-04-27,-0.004051944998,1.261276453
2005-04-28,-0.01831267131,1.238179112
2005-04-29,0.01645985576,1.258559361
2005-05-02,0.00552017913,1.265506834
2005-05-03,0.000317298929,1.265908378
2005-05-04,0.01561808444,1.285679442
2005-05-05,0.002126445564,1.28841337
2005-05-06,-0.001601845531,1.28634953
2005-05-09,0.003141233056,1.290390254
2005-05-10,-0.01557187606,1.270296457
2005-05-11,0.004875561935,1.276489866
2005-05-12,-0.01350247282,1.259254096
2005-05-13,-0.006022378037,1.251670392
2005-05-16,0.008414171622,1.262202162
2005-05-17,0.002265635672,1.265061852
2005-05-18,0.01384215966,1.28257304
2005-05-19,0.002851610485,1.286230439
2005-05-20,-0.002719933462,1.282731977
2005-05-23,0.005706692492,1.290052134
2005-05-24,-0.002616512022,1.286676698
2005-05-25,-0.003558479083,1.282098085
2005-05-26,0.005745417541,1.289464274
2005-05-27,0.004195213666,1.294873852
2005-05-31,-0.009365793657,1.282746331
2005-06-01,0.00880432453,1.294040046
2005-06-02,0.00551278374,1.301173809
2005-06-03,-0.007583682348,1.29130612
2005-06-06,0.007310750988,1.300746538
2005-06-07,0.002693002491,1.304249451
2005-06-08,-0.004081847808,1.298925704
2005-06-09,0.002786213626,1.302544788
2005-06-10,-0.004071836073,1.297241039
2005-06-13,-0.001824552677,1.294874155
2005-06-14,-0.001208848855,1.293308847
2005-06-15,0.005073888959,1.299870953
2005-06-16,0.005729690267,1.307318811
2005-06-17,0.008987497393,1.319068335
2005-06-20,-0.006697833491,1.310233435
2005-06-21,0.003354423509,1.314628513
2005-06-22,0.006183388876,1.322757372
2005-06-23,-0.009975145066,1.309562676
2005-06-24,0.0004392317085,1.310137877
2005-06-27,0.002242612234,1.313076008
2005-06-28,0.00214291448,1.315889818
2005-06-29,-0.00385044635,1.310823055
2005-06-30,0.001524883872,1.312821908
2005-07-01,-0.003274900563,1.308522547
2005-07-05,-0.001284595416,1.306841624
2005-07-06,-0.0006691905835,1.305967098
2005-07-07,-0.0001727362146,1.305741511
2005-07-08,0.006593324143,1.314350688
2005-07-11,0.007489216749,1.324194145
2005-07-12,0.005559914004,1.33155655
2005-07-13,-0.003394294383,1.327036855
2005-07-14,0.002007312365,1.329700633
2005-07-15,-0.001804398896,1.327301323
2005-07-18,-0.00444945234,1.321395559
2005-07-19,0.00573578515,1.3289748
2005-07-20,0.004119244821,1.334449172
2005-07-21,-0.0002221812372,1.334152683
2005-07-22,0.001487081015,1.336136676
2005-07-25,-0.005039236412,1.329403567
2005-07-26,0.001439249657,1.331316911
2005-07-27,0.005087217219,1.338089609
2005-07-28,0.009414409687,1.350686933
2005-07-29,-0.005110996887,1.343783576
2005-08-01,0.007481748985,1.353837428
2005-08-02,0.007216437796,1.363607311
2005-08-03,0.003283002936,1.368084038
2005-08-04,-0.006330407717,1.359423508
2005-08-05,-0.009943424896,1.345906183
2005-08-08,0.002457313205,1.349213496
2005-08-09,0.01221456567,1.365693552
2005-08-10,0.005484571506,1.373183796
2005-08-11,0.005830260873,1.381189816
2005-08-12,-0.002209715701,1.378137779
2005-08-15,0.002052567437,1.3809665
2005-08-16,-0.007049698781,1.371231102
2005-08-17,-0.002826722385,1.367355013
2005-08-18,-0.007250003117,1.357441684
2005-08-19,0.0002949910114,1.357842118
2005-08-22,0.007451727963,1.367960388
2005-08-23,-0.003038766456,1.363803476
2005-08-24,-0.007549087929,1.353508003
2005-08-25,0.006069620858,1.361723284
2005-08-26,-0.001623574008,1.359512425
2005-08-29,0.003902347098,1.364817714
2005-08-30,-0.002342644682,1.361620431
2005-08-31,0.0157221433,1.383028023
2005-09-01,0.006587053596,1.392138103
2005-09-02,0.001651478711,1.394437189
2005-09-06,0.01325981519,1.412927169
2005-09-07,0.0004785102983,1.413603269
2005-09-08,-0.004968549203,1.406579711
2005-09-09,0.01133137084,1.422518188
2005-09-12,-0.001600988565,1.420240752
2005-09-13,-0.008571969777,1.408066492
2005-09-14,-0.004780054894,1.401335856
2005-09-15,0.001020184567,1.402765478
2005-09-16,0.01275353736,1.4206557
2005-09-19,-0.004276467937,1.414580311
2005-09-20,-0.005135338486,1.407315962
2005-09-21,-0.001881017878,1.404668776
2005-09-22,-0.001967771078,1.401904709
2005-09-23,0.0006217011598,1.402776275
2005-09-26,0.008840872013,1.41517804
2005-09-27,-0.004599465272,1.408668978
2005-09-28,0.006772568099,1.418209285
2005-09-29,0.01351933458,1.437382531
2005-09-30,-0.0008976418084,1.436092276
2005-10-03,0.002981685832,1.440374252
2005-10-04,-0.01035023681,1.425466037
2005-10-05,-0.02153457546,1.394769231
2005-10-06,-0.01620196637,1.372171227
2005-10-07,0.01241657862,1.389208899
2005-10-10,-0.006492001277,1.380190153
2005-10-11,-0.002773652396,1.376361985
2005-10-12,-0.0171450695,1.352764164
2005-10-13,-0.001431942248,1.350827083
2005-10-14,0.007466253829,1.360912701
2005-10-17,0.0009140251814,1.36215661
2005-10-18,-0.01681146909,1.339256756
2005-10-19,0.01639519551,1.361214132
2005-10-20,-0.02722204139,1.324159105
2005-10-21,0.01402329778,1.342728182
2005-10-24,0.02150200121,1.371599525
2005-10-25,-0.009051722478,1.359184187
2005-10-26,-0.001117722923,1.357664996
2005-10-27,-0.01554768301,1.336556451
2005-10-28,0.01629769971,1.358339247
2005-10-31,0.01037445909,1.372431281
2005-11-01,0.010386908,1.386686599
2005-11-02,0.01214411889,1.403526686
2005-11-03,-0.000787008366,1.402422099
2005-11-04,-0.005666838474,1.394474799
2005-11-07,0.003742197702,1.399693199
2005-11-08,-0.004863715649,1.39288549
2005-11-09,0.00852972563,1.404766421
2005-11-10,0.008019897712,1.416032504
2005-11-11,0.003821797131,1.421444293
2005-11-14,-0.003140316345,1.416980508
2005-11-15,-0.003875553121,1.411488925
2005-11-16,0.0003532904587,1.41198759
2005-11-17,0.01611954797,1.434748192
2005-11-18,0.004442616058,1.441122227
2005-11-21,0.002308207103,1.444448636
2005-11-22,0.005202443633,1.451963299
2005-11-23,0.006579157275,1.461515994
2005-11-25,-0.002295576992,1.458160971
2005-11-28,-0.004896535629,1.451021034
2005-11-29,-0.003252919905,1.446300979
2005-11-30,-0.003796246575,1.440810464
2005-12-01,0.01982673412,1.46937703
2005-12-02,-0.000800996695,1.468200063
2005-12-05,0.002937494653,1.472512893
2005-12-06,0.002999586454,1.476929823
2005-12-07,-0.007087494322,1.466462091
2005-12-08,-3.62433988e-05,1.466408942
2005-12-09,0.00760981933,1.477568049
2005-12-12,0.006333073167,1.486925595
2005-12-13,0.007603343953,1.498231202
2005-12-14,-0.001735453475,1.495631091
2005-12-15,-0.006971511258,1.485204282
2005-12-16,0.002666032808,1.489163886
2005-12-19,-0.00573749702,1.480619812
2005-12-20,0.003356253065,1.485589147
2005-12-21,0.009035920395,1.499012813
2005-12-22,0.003898486875,1.504856694
2005-12-23,0.002953998392,1.509302039
2005-12-27,-0.008278935111,1.496806625
2005-12-28,0.002939615434,1.501206661
2005-12-29,-0.001571870618,1.498846958
2005-12-30,-0.002644905344,1.49488265
2006-01-03,0.03034194787,1.540240301
2006-01-04,0.008258686933,1.552960664
2006-01-05,0.002586953555,1.556978101
2006-01-06,0.01458897111,1.579692809
2006-01-09,0.006268126331,1.589594523
2006-01-10,-0.004975179773,1.581686005
2006-01-11,0.007293181506,1.593221528
2006-01-12,-0.008303895919,1.579991582
2006-01-13,-0.002475978634,1.576079557
2006-01-17,-0.01134248812,1.558202893
2006-01-18,-0.004738953276,1.550818643
2006-01-19,0.01876899715,1.579925953
2006-01-20,-0.01821822964,1.551142499
2006-01-23,0.01582891421,1.575695401
2006-01-24,0.009426221092,1.590548254
2006-01-25,0.001521791204,1.592968736
2006-01-26,0.01294715395,1.613593148
2006-01-27,0.009326808803,1.628642823
2006-01-30,-0.001552704593,1.626114022
2006-01-31,0.003403124252,1.63164789
2006-02-01,0.002403227508,1.635569111
2006-02-02,-0.01134486949,1.617013793
2006-02-03,-0.008214887698,1.603730206
2006-02-06,0.008735663892,1.617739854
2006-02-07,-0.02367384659,1.579441729
2006-02-08,0.003630315988,1.585175601
2006-02-09,0.009714892975,1.600575413
2006-02-10,-0.009515771382,1.585344703
2006-02-13,-0.01704944378,1.558315458
2006-02-14,0.01689906631,1.584649534
2006-02-15,-0.009192504875,1.570082635
2006-02-16,0.0165537511,1.596073392
2006-02-17,0.001285835715,1.598125681
2006-02-21,-0.001911918555,1.595070194
2006-02-22,0.005664491673,1.604105456
2006-02-23,-0.003463483791,1.598549663
2006-02-24,0.007863043152,1.611119128
2006-02-27,0.001694712102,1.613849511
2006-02-28,-0.006615469548,1.603173139
2006-03-01,0.01281526221,1.623718223
2006-03-02,0.002997630603,1.62858553
2006-03-03,-0.01008574623,1.61216003
2006-03-06,-0.005286496485,1.603637352
2006-03-07,-0.01745275299,1.575649465
2006-03-08,-0.002247014214,1.572108958
2006-03-09,0.001017932398,1.573709259
2006-03-10,0.007502302402,1.585515702
2006-03-13,0.0004325000492,1.586201437
2006-03-14,0.01623929801,1.611960235
2006-03-15,0.01169291256,1.630808745
2006-03-16,0.001819078327,1.633775314
2006-03-17,0.004020294248,1.640343572
2006-03-20,-0.003411717006,1.634747184
2006-03-21,-0.01265453006,1.614060226
2006-03-22,0.003933271129,1.620408763
2006-03-23,-0.002507934934,1.616344883
2006-03-24,0.008543706948,1.63015446
2006-03-27,0.002260440635,1.633839327
2006-03-28,-0.0043416075,1.626745838
2006-03-29,0.01859728868,1.6569989
2006-03-30,0.005827311592,1.666654749
2006-03-31,-0.002659975901,1.662221488
2006-04-03,0.005808502923,1.671876506
2006-04-04,-0.001130638952,1.669986217
2006-04-05,0.007113898834,1.68186633
2006-04-06,0.0004649938927,1.682648388
2006-04-07,-0.0139863315,1.65911431
2006-04-10,0.001434135382,1.661493704
2006-04-11,-0.006961649571,1.649926967
2006-04-12,0.004303045925,1.657026679
2006-04-13,-0.002404834515,1.653041804
2006-04-17,0.01191916604,1.672744684
2006-04-18,0.02334194826,1.711789803
2006-04-19,0.01638275873,1.739833643
2006-04-20,-0.01542411891,1.712998242
2006-04-21,0.0149074304,1.738534644
2006-04-24,-0.01425797246,1.713746665
2006-04-25,-0.001009595463,1.712016474
2006-04-26,0.01016338352,1.729416354
2006-04-27,-0.006756335764,1.717731836
2006-04-28,0.01575644997,1.744797192
2006-05-01,-0.003749860862,1.738254445
2006-05-02,0.009598137464,1.754938451
2006-05-03,0.0005452948556,1.755895409
2006-05-04,0.01309376414,1.77888669
2006-05-05,0.01219302078,1.800576692
2006-05-08,0.001775632388,1.803773854
2006-05-09,0.01060950903,1.822911009
2006-05-10,-0.0014584677,1.820252353
2006-05-11,-0.01157110199,1.799190027
2006-05-12,-0.01250839842,1.776685041
2006-05-15,-0.02079559723,1.739737815
2006-05-16,0.006319320002,1.750731775
2006-05-17,-0.01991028025,1.715874215
2006-05-18,-0.01236015006,1.694665752
2006-05-19,-0.001305499365,1.692453367
2006-05-22,-0.01801299021,1.661967221
2006-05-23,-0.001782212771,1.659005242
2006-05-24,-0.01343671841,1.636713655
2006-05-25,0.02376246684,1.675606009
2006-05-26,0.005049473215,1.684066937
2006-05-30,-0.01706290341,1.655331865
2006-05-31,0.001677017984,1.658107887
2006-06-01,0.004272502748,1.665192157
2006-06-02,0.01099780847,1.683505622
2006-06-05,-0.02246913192,1.645678712
2006-06-06,-0.0103959605,1.628570301
2006-06-07,-0.01333694989,1.60685014
2006-06-08,-0.02063463936,1.573693367
2006-06-09,-0.007239835662,1.562300086
2006-06-12,-0.01757626077,1.534840692
2006-06-13,-0.0406465545,1.472454706
2006-06-14,0.01259167725,1.490995381
2006-06-15,0.04109723733,1.552271172
2006-06-16,-0.002483138522,1.548416667
2006-06-19,-0.02169899517,1.514817582
2006-06-20,0.01166040513,1.532480968
2006-06-21,0.02109183711,1.564803807
2006-06-22,-0.01115725473,1.547344893
2006-06-23,-3.01262845e-05,1.547298277
2006-06-26,0.004290734823,1.553937323
2006-06-27,-0.0158804476,1.529260103
2006-06-28,0.01342458426,1.549789784
2006-06-29,0.04358317327,1.617334541
2006-06-30,0.01411269992,1.640159498
2006-07-03,0.01428878616,1.663595386
2006-07-05,-0.01497315999,1.638686107
2006-07-06,0.01309879379,1.660150918
2006-07-07,-0.009920009382,1.643682205
2006-07-10,0.002213968556,1.647321266
2006-07-11,0.0121360802,1.667313289
2006-07-12,-0.007876364358,1.654180922
2006-07-13,-0.01581448007,1.628020911
2006-07-14,0.0003721954172,1.628626853
2006-07-17,-0.01954116962,1.596801579
2006-07-18,-0.001369965097,1.594614017
2006-07-19,0.0347660023,1.650052371
2006-07-20,-0.01912887829,1.61848872
2006-07-21,-0.01090203063,1.600843907
2006-07-24,0.01795903531,1.629593519
2006-07-25,0.003019129931,1.634513473
2006-07-26,0.003363780178,1.640011618
2006-07-27,0.01149655034,1.658866094
2006-07-28,0.01495374005,1.683672346
2006-07-31,-0.004089766233,1.67678652
2006-08-01,-0.00158042014,1.674136492
2006-08-02,0.0103016686,1.691382892
2006-08-03,-0.004145287832,1.684371623
2006-08-04,0.001780652796,1.687370904
2006-08-07,-0.003011471347,1.682289435
2006-08-08,-0.003905736052,1.675718856
2006-08-09,0.006327253377,1.686321554
2006-08-10,-0.002942860118,1.681358946
2006-08-11,-0.00976246112,1.664944744
2006-08-14,3.363277422e-06,1.664950344
2006-08-15,0.01410273627,1.6884307
2006-08-16,0.008872946134,1.703412054
2006-08-17,-0.008549428356,1.688848855
2006-08-18,-0.001715609758,1.685951449
2006-08-21,0.0048822268,1.694182647
2006-08-22,-0.003123197683,1.688891379
2006-08-23,-0.008402741062,1.674700062
2006-08-24,-0.002278534434,1.670884201
2006-08-25,0.0007981361838,1.672217794
2006-08-28,0.001024781914,1.673931452
2006-08-29,0.003488461753,1.679770898
2006-08-30,0.00406167243,1.686593577
2006-08-31,0.003768303385,1.692949174
2006-09-01,0.00538458149,1.702064996
2006-09-05,0.01013030807,1.719307439
2006-09-06,-0.01780176944,1.688700725
2006-09-07,-0.01635235725,1.661086487
2006-09-08,-0.0004912631106,1.660270457
2006-09-11,-0.02094935376,1.625488863
2006-09-12,0.00851447889,1.639329054
2006-09-13,0.006051713134,1.649249803
2006-09-14,-0.01042978309,1.632048485
2006-09-15,0.002499830442,1.63612833
2006-09-18,0.009971855316,1.652443565
2006-09-19,-0.01572523934,1.626458494
2006-09-20,0.01210264689,1.646142947
2006-09-21,-0.003319084019,1.64067926
2006-09-22,-0.00271091429,1.63623152
2006-09-25,0.005265745867,1.644847499
2006-09-26,0.006091509781,1.654867104
2006-09-27,0.007446146207,1.667189486
2006-09-28,0.003510617454,1.673042351
2006-09-29,-0.005185560506,1.664366688
2006-10-02,-0.001409902172,1.662020094
2006-10-03,-0.01343571416,1.639689667
2006-10-04,0.008458950105,1.65355972
2006-10-05,0.009860633076,1.669864866
2006-10-06,-0.002505838163,1.665680455
2006-10-09,0.001888041874,1.668825329
2006-10-10,0.001890406842,1.671980088
2006-10-11,-0.003742519192,1.66572267
2006-10-12,0.01473402389,1.690265468
2006-10-13,0.01205279369,1.710637889
2006-10-16,0.005040761937,1.719260807
2006-10-17,-0.008407972432,1.70480531
2006-10-18,0.00462007294,1.712681635
2006-10-19,0.005342540669,1.721831706
2006-10-20,-0.005542469711,1.712288506
2006-10-23,-0.004081583227,1.705299658
2006-10-24,0.002546250265,1.709641778
2006-10-25,0.008943898086,1.724932639
2006-10-26,0.007121437718,1.73721664
2006-10-27,-0.007169133006,1.724762303
2006-10-30,0.003553412122,1.730891094
2006-10-31,0.008855244066,1.746218557
2006-11-01,0.0002749344303,1.746698653
2006-11-02,-0.00272628942,1.741936647
2006-11-03,-0.002910167756,1.736867319
2006-11-06,0.005831795758,1.746996374
2006-11-07,-0.002457948521,1.742702347
2006-11-08,-0.003767139401,1.736137344
2006-11-09,0.00885141387,1.751504615
2006-11-10,0.0002363106033,1.751918514
2006-11-13,-0.002895754503,1.746845388
2006-11-14,0.004895176884,1.755396505
2006-11-15,0.001441735778,1.757927323
2006-11-16,-0.001295958225,1.755649122
2006-11-17,0.000298075908,1.756172439
2006-11-20,0.008948020253,1.771886706
2006-11-21,0.009730451913,1.789127964
2006-11-22,0.005942236433,1.799759385
2006-11-24,0.00498859208,1.808737651
2006-11-27,-0.0107078268,1.789370001
2006-11-28,0.003189339798,1.79507691
2006-11-29,0.00633254451,1.806444315
2006-11-30,0.01141872923,1.827071613
2006-12-01,-0.002436818075,1.822619372
2006-12-04,0.01016619828,1.841148482
2006-12-05,0.001652464692,1.844190915
2006-12-06,-0.01001135948,1.825728057
2006-12-07,-0.003018597624,1.820216918
2006-12-08,-0.004001908947,1.812932576
2006-12-11,0.003697125651,1.819635216
2006-12-12,-0.005792484942,1.809095006
2006-12-13,-0.0001285134779,1.808862513
2006-12-14,0.004028324728,1.816149198
2006-12-15,-0.007027578248,1.803386068
2006-12-18,-0.00418420296,1.795840335
2006-12-19,-0.0007730596261,1.794452043
2006-12-20,0.006214708557,1.805604039
2006-12-21,-0.004629305852,1.797245346
2006-12-22,-0.0002644854639,1.796770001
2006-12-26,0.007274233726,1.809840126
2006-12-27,0.0090328447,1.82618813
2006-12-28,0.003918930629,1.833344835
2006-12-29,0.002596610426,1.838105317
2007-01-03,-0.001552714564,1.835251264
2007-01-04,-0.007542922523,1.821408106
2007-01-05,-0.02392092305,1.777838343
2007-01-08,0.004620233989,1.786052372
2007-01-09,-0.001190124304,1.783926748
2007-01-10,0.002101582152,1.787675817
2007-01-11,0.00876131466,1.803338207
2007-01-12,0.01630131371,1.832734989
2007-01-16,0.004838358758,1.841602418
2007-01-17,0.002084030245,1.845440373
2007-01-18,-0.005954926767,1.834450911
2007-01-19,0.01328595129,1.858823337
2007-01-22,-0.004667946149,1.850146449
2007-01-23,0.01718867509,1.881948015
2007-01-24,0.007757916564,1.896548011
2007-01-25,-0.009610035327,1.878322118
2007-01-26,0.003712329211,1.885295068
2007-01-29,-0.005403253995,1.87510834
2007-01-30,0.00916802421,1.892299378
2007-01-31,0.008399864247,1.908194436
2007-02-01,0.007401294323,1.922317545
2007-02-02,-0.001748277375,1.918956801
2007-02-05,-0.0007529959464,1.917511834
2007-02-06,0.0107939771,1.938209413
2007-02-07,0.00662659818,1.951053148
2007-02-08,-0.005667241773,1.939996058
2007-02-09,-0.009253898052,1.922043532
2007-02-12,-0.009608513904,1.90357555
2007-02-13,0.01601603131,1.934063276
2007-02-14,0.009319901498,1.952088555
2007-02-15,0.003060142335,1.958062224
2007-02-16,-0.0002222844888,1.957626977
2007-02-20,0.003929638335,1.965319743
2007-02-21,-0.001796999306,1.961788065
2007-02-22,-0.001139272515,1.959553053
2007-02-23,-0.007163149776,1.945516481
2007-02-26,-0.001636425235,1.942332789
2007-02-27,-0.05086982879,1.843526653
2007-02-28,0.01316747989,1.867801253
2007-03-01,-0.01156236584,1.846205051
2007-03-02,-0.0211373959,1.807181084
2007-03-05,-0.02395932187,1.763882251
2007-03-06,0.02903624468,1.815098768
2007-03-07,-0.003806289958,1.808189976
2007-03-08,0.0101953756,1.826625152
2007-03-09,0.003767962445,1.833507806
2007-03-12,0.004442311593,1.841652819
2007-03-13,-0.01916964434,1.80634899
2007-03-14,0.002895733454,1.811579695
2007-03-15,0.004707814556,1.820108276
2007-03-16,3.122510425e-05,1.820165109
2007-03-19,0.00909457308,1.836718734
2007-03-20,0.006888885312,1.849371679
2007-03-21,0.013955062,1.875179775
2007-03-22,-0.001236720947,1.872860701
2007-03-23,-0.002100500696,1.868926756
2007-03-26,-0.001676971206,1.86579262
2007-03-27,-0.005672055745,1.85520974
2007-03-28,-0.003360104206,1.848976042
2007-03-29,0.001449451546,1.851656043
2007-03-30,0.005754203933,1.862310849
2007-04-02,0.003531916333,1.868888376
2007-04-03,0.005609500151,1.879371905
2007-04-04,0.004689693455,1.888185583
2007-04-05,0.001121840041,1.890303825
2007-04-09,-0.001278096198,1.887887835
2007-04-10,0.007016626241,1.901134439
2007-04-11,-0.006981540229,1.887861592
2007-04-12,-0.0004901036193,1.886936344
2007-04-13,0.009099281655,1.90410611
2007-04-16,0.006687234365,1.916839313
2007-04-17,0.002436707432,1.92151009
2007-04-18,-0.0003248049484,1.920885974
2007-04-19,-0.007642256155,1.906206071
2007-04-20,0.01211288166,1.92929572
2007-04-23,-0.00165027407,1.926111853
2007-04-24,-0.005053425108,1.916378391
2007-04-25,0.003693646376,1.923456815
2007-04-26,-0.006343440738,1.911255481
2007-04-27,0.001902224869,1.914891119
2007-04-30,-0.008915397406,1.897819103
2007-05-01,-0.00522628848,1.887900553
2007-05-02,0.01111447916,1.908883585
2007-05-03,0.004146036353,1.916797885
2007-05-04,0.0001295267419,1.917046162
2007-05-07,0.003592996082,1.923934101
2007-05-08,-0.009251720425,1.906134401
2007-05-09,0.01082752451,1.926773118
2007-05-10,-0.01920128583,1.889776596
2007-05-11,0.01860825883,1.924942048
2007-05-14,-0.00644819398,1.912529649
2007-05-15,-0.004090656064,1.904706148
2007-05-16,0.001208541873,1.907008065
2007-05-17,-0.008700515947,1.890416111
2007-05-18,0.0009032961949,1.892123716
2007-05-21,0.0004104917152,1.892900418
2007-05-22,0.005287626345,1.902909368
2007-05-23,-0.001362472244,1.900316706
2007-05-24,-0.01677368026,1.868441402
2007-05-25,0.009136212638,1.88551188
2007-05-29,0.01117099527,1.906574924
2007-05-30,0.01375400998,1.932797974
2007-05-31,0.001255836758,1.935225253
2007-06-01,0.010967585,1.956450001
2007-06-04,0.0007626277925,1.957942044
2007-06-05,-0.008160920564,1.941963434
2007-06-06,-0.01544648292,1.911966929
2007-06-07,-0.02131553095,1.871212339
2007-06-08,0.01352032122,1.896511731
2007-06-11,-0.00101233711,1.894591822
2007-06-12,-0.01749712937,1.861441903
2007-06-13,0.01837902792,1.895653396
2007-06-14,0.004113614631,1.903451384
2007-06-15,0.01397095786,1.930044423
2007-06-18,-0.002979575926,1.924293709
2007-06-19,0.001335183605,1.926862994
2007-06-20,-0.01678763438,1.894515523
2007-06-21,0.009035269359,1.911632981
2007-06-22,-0.01025146653,1.892035939
2007-06-25,-0.008084806353,1.876739195
2007-06-26,-0.005865414834,1.865731341
2007-06-27,0.01568023552,1.894986448
2007-06-28,-0.001396913059,1.892339317
2007-06-29,0.002358183096,1.896801799
2007-07-02,0.01929478385,1.93340018
2007-07-03,0.003909048473,1.940957935
2007-07-05,-0.000182595291,1.940603525
2007-07-06,0.008112889768,1.956347428
2007-07-09,0.004037340096,1.964245868
2007-07-10,-0.01063489295,1.943356323
2007-07-11,0.005893334447,1.954809172
2007-07-12,0.01196587061,1.978200166
2007-07-13,0.003896455323,1.985908134
2007-07-16,-0.004025998561,1.977912871
2007-07-17,-0.00137886779,1.975185591
2007-07-18,-0.005244699436,1.964826336
2007-07-19,0.005212072283,1.975067153
2007-07-20,-0.005736639395,1.963736905
2007-07-23,0.01166661928,1.986647076
2007-07-24,-0.01643515746,1.953996218
2007-07-25,0.001019095902,1.955987528
2007-07-26,-0.02808025178,1.901062905
2007-07-27,-0.008933228724,1.884080276
2007-07-30,0.01683662397,1.915801827
2007-07-31,-0.007244279601,1.901923223
2007-08-01,-0.0007582609792,1.900481068
2007-08-02,0.007426214937,1.914594449
2007-08-03,-0.02673660671,1.863404691
2007-08-06,0.01345407868,1.888475084
2007-08-07,0.005992739089,1.899792222
2007-08-08,0.02025485542,1.938272239
2007-08-09,-0.0310092358,1.878167898
2007-08-10,-0.01451086018,1.850914066
2007-08-13,0.006201248985,1.862392045
2007-08-14,-0.01750230198,1.829795897
2007-08-15,-0.02723953424,1.779953109
2007-08-16,-0.01037302279,1.761489615
2007-08-17,0.01992143442,1.796581015
2007-08-20,0.003337119829,1.802576421
2007-08-21,0.002063362505,1.80629579
2007-08-22,0.02676222456,1.854636283
2007-08-23,0.002272691733,1.8588513
2007-08-24,0.01845143993,1.893149783
2007-08-27,-0.004221493423,1.885157864
2007-08-28,-0.02820353498,1.831989748
2007-08-29,0.03040249527,1.887686808
2007-08-30,-0.002287669502,1.883368404
2007-08-31,0.01816586699,1.917581424
2007-09-04,0.01420922678,1.944828773
2007-09-05,-0.01323977383,1.91907968
2007-09-06,0.003577256057,1.92594472
2007-09-07,-0.01773783544,1.891782629
2007-09-10,-0.001334307794,1.889258409
2007-09-11,0.01753506067,1.92238667
2007-09-12,0.001594251794,1.925451438
2007-09-13,0.006730054309,1.938409831
2007-09-14,-0.001018433615,1.936435689
2007-09-17,-0.009574368694,1.91789554
2007-09-18,0.03538001997,1.985750722
2007-09-19,0.005393381738,1.996460634
2007-09-20,-0.002265102763,1.991938445
2007-09-21,0.008250965392,2.008373861
2007-09-24,0.006403529951,2.021234543
2007-09-25,0.002326066964,2.02593607
2007-09-26,0.007722469458,2.041581299
2007-09-27,0.01106104482,2.064163321
2007-09-28,-0.002678813506,2.058633813
2007-10-01,0.01858650549,2.096896621
2007-10-02,0.001497939559,2.100037646
2007-10-03,-0.01391995716,2.070805212
2007-10-04,0.005260423045,2.081698523
2007-10-05,0.02127864449,2.125994246
2007-10-08,-0.004549313358,2.116322432
2007-10-09,0.0103493611,2.138225017
2007-10-10,0.0006229981551,2.139557127
2007-10-11,-0.006682825864,2.12525884
2007-10-12,0.0130513862,2.152996414
2007-10-15,-0.009335751949,2.132896573
2007-10-16,-0.01288956102,2.105404473
2007-10-17,0.0155189787,2.1380782
2007-10-18,0.003912299379,2.146443002
2007-10-19,-0.02989903923,2.082266418
2007-10-22,0.006008302888,2.094777306
2007-10-23,0.02092347275,2.138607321
2007-10-24,-0.005422478815,2.127010768
2007-10-25,0.001299400811,2.129774608
2007-10-26,0.02100318055,2.174506649
2007-10-29,0.01146072091,2.199428062
2007-10-30,-0.008268109662,2.18124295
2007-10-31,0.01675629259,2.217792495
2007-11-01,-0.02670410374,2.158568334
2007-11-02,0.006341790826,2.172257523
2007-11-05,-0.01904260238,2.130892087
2007-11-06,0.02144507794,2.176589234
2007-11-07,-0.02451447438,2.123231293
2007-11-08,-0.007817146028,2.106633684
2007-11-09,-0.02546666108,2.052984758
2007-11-12,-0.03237796609,1.986513287
2007-11-13,0.04625245689,2.078394407
2007-11-14,-0.004473311338,2.069097102
2007-11-15,-0.01497124261,2.038120147
2007-11-16,0.008271938319,2.054979351
2007-11-19,-0.02802424636,1.997390103
2007-11-20,0.01794980121,2.033242859
2007-11-21,-0.02826139249,1.975780584
2007-11-23,0.02181757507,2.018887326
2007-11-26,-0.02420285952,1.970024479
2007-11-27,0.0239443985,2.01719553
2007-11-28,0.03787713146,2.093601111
2007-11-29,-0.005385689056,2.082325626
2007-11-30,0.002133594292,2.086768464
2007-12-03,-0.006931759365,2.072303487
2007-12-04,-0.003564316905,2.064917141
2007-12-05,0.008161356382,2.081769666
2007-12-06,0.01969143443,2.122762697
2007-12-07,-0.01464838394,2.091667654
2007-12-10,0.005705257105,2.103601155
2007-12-11,-0.0146259116,2.072834071
2007-12-12,0.03424748002,2.143823414
2007-12-13,-0.02069584002,2.099455188
2007-12-14,-0.01200543051,2.074250324
2007-12-17,-0.01757187324,2.037801861
2007-12-18,0.01031328634,2.058818295
2007-12-19,0.0070030963,2.073236397
2007-12-20,-0.0008094813256,2.071558151
2007-12-21,0.02397086956,2.121215202
2007-12-24,0.006481704869,2.134964292
2007-12-26,0.01630257113,2.1697697
2007-12-27,-0.006035391421,2.15667429
2007-12-28,0.005565098373,2.168676395
2007-12-31,-0.006749509908,2.154038892
2008-01-02,0.01612528422,2.188773381
2008-01-03,0.005363338429,2.200512514
2008-01-04,-0.01623494027,2.164787325
2008-01-07,-0.006771324786,2.150128846
2008-01-08,0.007791409825,2.166881381
2008-01-09,0.006493534677,2.180952101
2008-01-10,0.00502699848,2.191915744
2008-01-11,-0.01231721298,2.164917451
2008-01-14,0.0138058082,2.194805886
2008-01-15,-0.02744685998,2.134565356
2008-01-16,-0.02301657705,2.085434968
2008-01-17,-0.01427859375,2.055657889
2008-01-18,0.01354287919,2.083497416
2008-01-22,-0.01012334311,2.062405457
2008-01-23,-0.003898358251,2.054365461
2008-01-24,0.02163838691,2.098818616
2008-01-25,0.0003488624148,2.099550815
2008-01-28,0.01564041757,2.132388666
2008-01-29,-0.0009113656688,2.130445281
2008-01-30,-0.0006030838372,2.129160443
2008-01-31,0.0009621665632,2.13120905
2008-02-01,-0.009490246649,2.110983351
2008-02-04,0.008507622194,2.1289428
2008-02-05,-0.01378217136,2.099601345
2008-02-06,-0.002094145466,2.095204475
2008-02-07,0.0111959339,2.118662245
2008-02-08,0.02903766299,2.180183246
2008-02-11,0.01094836848,2.204052695
2008-02-12,-0.01833203652,2.163647921
2008-02-13,0.005497329715,2.175542207
2008-02-14,0.01515047379,2.208502702
2008-02-15,-0.002906489284,2.202083712
2008-02-19,0.03259967707,2.27387093
2008-02-20,0.009921770169,2.296431755
2008-02-21,-0.010135957,2.273155222
2008-02-22,0.01056981597,2.297182054
2008-02-25,0.001484310336,2.300591785
2008-02-26,0.01635198109,2.338211018
2008-02-27,-0.001562410075,2.334557774
2008-02-28,0.01827766349,2.377228035
2008-02-29,-0.009126260865,2.355532832
2008-03-03,0.01229794186,2.384501038
2008-03-04,-0.01611468847,2.346075547
2008-03-05,0.03257416689,2.422497003
2008-03-06,0.0007016104684,2.424196652
2008-03-07,-0.005422570322,2.411051275
2008-03-10,0.01307320246,2.442571437
2008-03-11,0.008370173545,2.463016184
2008-03-12,0.009418536663,2.486214192
2008-03-13,0.006024747298,2.501193004
2008-03-14,-0.001849209663,2.496567774
2008-03-17,-0.02418274416,2.436193914
2008-03-18,0.008438844818,2.456752576
2008-03-19,-0.03999720021,2.358489352
2008-03-20,-0.02864131428,2.290939117
2008-03-24,0.002526828711,2.296727928
2008-03-25,0.01811759399,2.338339112
2008-03-26,0.02749801181,2.402638788
2008-03-27,0.006088364425,2.417266929
2008-03-28,-0.01882577136,2.371760014
2008-03-31,-0.02522871439,2.311923558
2008-04-01,-0.01618142626,2.274513338
2008-04-02,0.03036721614,2.343583976
2008-04-03,0.001862884036,2.347949801
2008-04-04,0.01034847946,2.372247511
2008-04-07,0.01504344591,2.407934289
2008-04-08,-0.000667407253,2.406327216
2008-04-09,0.0192740177,2.452706809
2008-04-10,-0.006058565058,2.437846925
2008-04-11,-0.00188545004,2.433250487
2008-04-14,0.005960111103,2.44775293
2008-04-15,0.0127185786,2.478884868
2008-04-16,0.01163259299,2.507720727
2008-04-17,-0.003278493659,2.49949918
2008-04-18,-0.001690600643,2.495273525
2008-04-21,0.001164523744,2.498179331
2008-04-22,0.004601136135,2.509673794
2008-04-23,-0.006675344354,2.492920857
2008-04-24,-0.01999059415,2.443085888
2008-04-25,0.01510552819,2.479989991
2008-04-28,0.002481023439,2.486142904
2008-04-29,-0.02459834094,2.424987913
2008-04-30,0.0008925092862,2.427152237
2008-05-01,-0.02560593137,2.365002744
2008-05-02,0.02193677888,2.416883286
2008-05-05,0.02551202747,2.478542879
2008-05-06,0.01142558404,2.506861679
2008-05-07,0.002288437841,2.512598476
2008-05-08,0.01380788894,2.547292157
2008-05-09,0.01068921526,2.574520711
2008-05-12,-0.01386274338,2.538830791
2008-05-13,0.001033016036,2.541453444
2008-05-14,-0.0110212677,2.513443405
2008-05-15,0.01080648501,2.540604894
2008-05-16,0.01973759706,2.590750329
2008-05-19,0.00330585764,2.599314981
2008-05-20,0.01509348899,2.638547713
2008-05-21,0.02642305533,2.708266205
2008-05-22,-0.01660140066,2.663305193
2008-05-23,0.005720279093,2.678540042
2008-05-27,-0.02055678316,2.623477875
2008-05-28,0.006592645421,2.640773535
2008-05-29,-0.03044889849,2.560364889
2008-05-30,0.008464021979,2.582035874
2008-06-02,0.00635060568,2.598433366
2008-06-03,-0.0197249439,2.547179413
2008-06-04,-0.01139813094,2.518146329
2008-06-05,0.02861981301,2.590215206
2008-06-06,0.04495484317,2.706657924
2008-06-09,-0.009869353612,2.67994496
2008-06-10,-0.01678189252,2.634970412
2008-06-11,0.03037725057,2.715013568
2008-06-12,-0.004674325685,2.702322711
2008-06-13,-0.007432528517,2.68223762
2008-06-16,0.003635919991,2.691990021
2008-06-17,0.003338313852,2.700976729
2008-06-18,0.01525876102,2.742190287
2008-06-19,-0.01920790214,2.689518565
2008-06-20,0.01124656998,2.719766423
2008-06-23,0.0008221555431,2.722002494
2008-06-24,0.001620144419,2.726412532
2008-06-25,-0.008833967755,2.702327491
2008-06-26,0.03741523282,2.803435703
2008-06-27,0.005899897068,2.819975686
2008-06-30,-0.006441223425,2.801811592
2008-07-01,0.01320325334,2.83880462
2008-07-02,0.01474353774,2.880658643
2008-07-03,-0.004171817122,2.868641062
2008-07-07,-0.01286503149,2.831735905
2008-07-08,-0.02802210064,2.752384716
2008-07-09,0.001302547031,2.755969827
2008-07-10,0.0307229985,2.840641484
2008-07-11,0.01933658813,2.895569798
2008-07-14,0.003027915078,2.904337337
2008-07-15,-0.02412983421,2.834256159
2008-07-16,-0.02040382075,2.776426504
2008-07-17,-0.01996359731,2.720999044
2008-07-18,-0.009307792096,2.69567255
2008-07-21,0.01452285744,2.734821418
2008-07-22,-0.02497127084,2.666529452
2008-07-23,-0.02709212051,2.594287515
2008-07-24,0.007841970579,2.614631841
2008-07-25,-0.01005590744,2.588339345
2008-07-28,0.006067818693,2.604044919
2008-07-29,-0.01622561841,2.56179268
2008-07-30,0.01656031061,2.604216763
2008-07-31,-0.007681247687,2.584213129
2008-08-01,-0.002099710254,2.57878703
2008-08-04,-0.03370969315,2.49185691
2008-08-05,-0.01928119886,2.443810922
2008-08-06,-0.001072932252,2.441188878
2008-08-07,-0.0007009756823,2.439477664
2008-08-08,-0.04059612074,2.340444334
2008-08-11,-0.01830685098,2.297598169
2008-08-12,-0.006554269661,2.282539091
2008-08-13,0.02842436921,2.347418825
2008-08-14,-0.02294140317,2.293565743
2008-08-15,-0.04013913116,2.201504007
2008-08-18,0.00596180952,2.214628954
2008-08-19,0.01470956128,2.247205175
2008-08-20,0.009386552874,2.268298685
2008-08-21,0.04220837338,2.364039883
2008-08-22,-0.04100670904,2.267098387
2008-08-25,0.001872038972,2.271342483
2008-08-26,0.006039188858,2.28505955
2008-08-27,0.006902734776,2.30083271
2008-08-28,-0.009469090732,2.279045916
2008-08-29,-0.00751540698,2.261917958
2008-09-02,-0.03258006852,2.188224516
2008-09-03,-0.005039505653,2.177196947
2008-09-04,-0.01009185825,2.155224984
2008-09-05,-0.007006051044,2.140125367
2008-09-08,-0.001250609695,2.137448906
2008-09-09,-0.02605619561,2.081755119
2008-09-10,0.002995401388,2.087990811
2008-09-11,-0.008759316247,2.069701439
2008-09-12,0.002250283012,2.074358853
2008-09-15,-0.03434913045,2.00310643
2008-09-16,-0.01250097567,1.978065646
2008-09-17,0.02117359675,2.01994841
2008-09-18,0.007784308241,2.035672311
2008-09-19,0.02557550045,2.087735649
2008-09-22,0.03165758034,2.153828308
2008-09-23,-0.008945592161,2.134561039
2008-09-24,-0.007657383748,2.118215886
2008-09-25,0.01300450025,2.145762225
2008-09-26,-0.005781551062,2.133356391
2008-09-29,-0.0559360386,2.014024885
2008-09-30,0.0305751873,2.075604073
2008-10-01,-0.01760645358,2.039060047
2008-10-02,-0.0006666666667,2.037700673
2008-10-03,0,2.037700673
2008-10-06,0,2.037700673
2008-10-07,0,2.037700673
2008-10-08,0,2.037700673
2008-10-09,0,2.037700673
2008-10-10,0,2.037700673
2008-10-13,0,2.037700673
2008-10-14,0,2.037700673
2008-10-15,0,2.037700673
2008-10-16,0,2.037700673
2008-10-17,0,2.037700673
2008-10-20,0,2.037700673
2008-10-21,0,2.037700673
2008-10-22,0,2.037700673
2008-10-23,0,2.037700673
2008-10-24,0,2.037700673
2008-10-27,0,2.037700673
2008-10-28,0,2.037700673
2008-10-29,0,2.037700673
2008-10-30,0,2.037700673
2008-10-31,0,2.037700673
2008-11-03,0,2.037700673
2008-11-04,0.005922436512,2.049768826
2008-11-05,0.003952555978,2.057870652
2008-11-06,-0.002406326829,2.052918743
2008-11-07,-0.002178010275,2.048447465
2008-11-10,0.001626739643,2.051779755
2008-11-11,0.0009853041628,2.053801383
2008-11-12,0.002140303032,2.05819714
2008-11-13,-0.007983759863,2.041764988
2008-11-14,0.006607809092,2.055256581
2008-11-17,0.001471479735,2.05828085
2008-11-18,0.004288922425,2.067108657
2008-11-19,0.008538298823,2.084758248
2008-11-20,0.01722048014,2.120658786
2008-11-21,-0.004820177206,2.110436835
2008-11-24,-0.005214225387,2.099432542
2008-11-25,0.00980477405,2.120017003
2008-11-26,0.0004477660453,2.120966275
2008-11-28,0.004117527166,2.129699411
2008-12-01,0.01276496063,2.15688494
2008-12-02,0.0004890893979,2.15793985
2008-12-03,0.001964883681,2.162179951
2008-12-04,0.007774482662,2.178989781
2008-12-05,-0.007540309653,2.162559524
2008-12-08,-0.00761277712,2.14609644
2008-12-09,0.01031944404,2.168242962
2008-12-10,-0.003018104742,2.161698978
2008-12-11,-0.004737556217,2.151457807
2008-12-12,0.0001490855601,2.151778559
2008-12-15,-0.001278920749,2.149026604
2008-12-16,0.005486876002,2.160818047
2008-12-17,0.007325605864,2.176647348
2008-12-18,0.01494994904,2.209188115
2008-12-19,0.004314352962,2.218719332
2008-12-22,-0.003568775774,2.210801221
2008-12-23,-0.000876924471,2.208862515
2008-12-24,-0.001185965809,2.20624288
2008-12-26,0.001130648076,2.208737364
2008-12-29,0.001963527417,2.21307428
2008-12-30,0.00215880393,2.217851874
2008-12-31,-0.009161548887,2.197532915
2009-01-02,-0.01004365475,2.175461653
2009-01-05,-0.005566575528,2.163351782
2009-01-06,-0.004088086493,2.154507813
2009-01-07,-0.0007445470661,2.15290368
2009-01-08,-0.002706817759,2.147076162
2009-01-09,0.007167360912,2.162465032
2009-01-12,0.007134500961,2.177893141
2009-01-13,0.004418575959,2.187516327
2009-01-14,0.008667002633,2.206475537
2009-01-15,0.0001463155306,2.206798378
2009-01-16,-0.01107287625,2.182362773
2009-01-20,0.009010589653,2.202027149
2009-01-21,-0.01643157357,2.165844377
2009-01-22,-0.008875792557,2.146620792
2009-01-23,-0.002670075318,2.140889153
2009-01-26,-0.00812206034,2.123500722
2009-01-27,0.009634180018,2.14395891
2009-01-28,-0.009291529865,2.124038252
2009-01-29,-0.009401775435,2.104068521
2009-01-30,0.0008705376853,2.105900192
2009-02-02,0.008648696823,2.124113485
2009-02-03,-0.01492343798,2.092414409
2009-02-04,0.0002619565518,2.09296253
2009-02-05,0.002105284313,2.097368812
2009-02-06,-0.005886323783,2.08502302
2009-02-09,-0.001805686054,2.081258123
2009-02-10,0.01562168708,2.113770886
2009-02-11,0.007412030584,2.12943822
2009-02-12,-0.001955686227,2.125273707
2009-02-13,-0.01252054459,2.098664123
2009-02-17,0.02255164759,2.145992457
2009-02-18,-0.003752857177,2.137938853
2009-02-19,-0.009402812029,2.117836216
2009-02-20,-0.0004882320761,2.116802221
2009-02-23,0.006470300708,2.130498568
2009-02-24,-0.003387006103,2.123282556
2009-02-25,-0.002784515941,2.117370242
2009-02-26,-0.004611230003,2.107606561
2009-02-27,-0.001319608874,2.104825344
2009-03-02,0.01226147665,2.130633611
2009-03-03,-0.002775105428,2.124720878
2009-03-04,-0.005093461696,2.113898694
2009-03-05,0.01493265839,2.145464821
2009-03-06,-0.005423896073,2.133828043
2009-03-09,7.03847965e-05,2.133978232
2009-03-10,-0.01070234944,2.111139651
2009-03-11,0.002352892841,2.116106936
2009-03-12,0.0008946103207,2.118000027
2009-03-13,-0.001543221185,2.114731485
2009-03-16,-0.008174288247,2.09744506
2009-03-17,-0.002960894252,2.091234747
2009-03-18,0.01331824599,2.119086326
2009-03-19,-0.004676984763,2.109175392
2009-03-20,0.0009554382684,2.111190578
2009-03-23,-0.005744295113,2.099063277
2009-03-24,0.006416021161,2.112530911
2009-03-25,-0.009126403024,2.093251103
2009-03-26,0.006859585848,2.107609938
2009-03-27,0.006221969128,2.120723422
2009-03-30,0.004784700882,2.130870449
2009-03-31,0.001803555969,2.134713594
2009-04-01,0.00411867474,2.143505785
2009-04-02,-0.01066544898,2.120644333
2009-04-03,-0.01169653506,2.095840142
2009-04-06,-0.0006141466101,2.094552989
2009-04-07,0.004189208811,2.103327509
2009-04-08,0.004734759297,2.113286258
2009-04-09,-0.004835198562,2.1030681
2009-04-13,0.0006145470782,2.104360534
2009-04-14,0.004246410536,2.113296513
2009-04-15,0.0002606890043,2.113847426
2009-04-16,-0.002778084739,2.107974979
2009-04-17,-0.00295298322,2.101750164
2009-04-20,0.009956852776,2.122676981
2009-04-21,-0.005356301489,2.111307283
2009-04-22,-0.003729113192,2.103433979
2009-04-23,-0.003843901971,2.095348585
2009-04-24,-0.007257532852,2.080141524
2009-04-27,0.006747122859,2.094176494
2009-04-28,-0.009142610335,2.075030255
2009-04-29,-0.007108013711,2.060280911
2009-04-30,-0.001493445575,2.057203994
2009-05-01,-0.004154496025,2.048657348
2009-05-04,-0.003043537191,2.042422183
2009-05-05,0.0009928294194,2.04444996
2009-05-06,-0.0005200043455,2.043386837
2009-05-07,-0.002789709407,2.037686382
2009-05-08,-0.005584346384,2.026307235
2009-05-11,0.004893724007,2.036223423
2009-05-12,-0.001964504243,2.032223254
2009-05-13,0.002753626341,2.037819237
2009-05-14,-0.001042817121,2.035694165
2009-05-15,0.001482144357,2.038711357
2009-05-18,-0.003706451629,2.031154972
2009-05-19,-0.002221766579,2.02664222
2009-05-20,-0.003032376124,2.020496678
2009-05-21,-0.005848760478,2.008679277
2009-05-22,-0.004306040947,2.000029822
2009-05-26,-0.001523290208,1.996983196
2009-05-27,-0.002660632241,1.991669958
2009-05-28,0.002018406297,1.995689958
2009-05-29,-0.0009484763897,1.993797093
2009-06-01,-0.006282381815,1.981271298
2009-06-02,-0.0006666666667,1.979950451
2009-06-03,0,1.979950451
2009-06-04,0,1.979950451
2009-06-05,0,1.979950451
2009-06-08,0,1.979950451
2009-06-09,0,1.979950451
2009-06-10,0,1.979950451
2009-06-11,0,1.979950451
2009-06-12,0,1.979950451
2009-06-15,0,1.979950451
2009-06-16,0,1.979950451
2009-06-17,0,1.979950451
2009-06-18,0,1.979950451
2009-06-19,0,1.979950451
2009-06-22,0,1.979950451
2009-06-23,0,1.979950451
2009-06-24,0,1.979950451
2009-06-25,0,1.979950451
2009-06-26,0,1.979950451
2009-06-29,0,1.979950451
2009-06-30,0,1.979950451
2009-07-01,0,1.979950451
2009-07-02,-0.004446330401,1.971146937
2009-07-06,-0.001789946534,1.967618689
2009-07-07,-0.0001836456977,1.967257344
2009-07-08,-0.005291597604,1.95684741
2009-07-09,0.0008961782689,1.958601094
2009-07-10,0.0002606773662,1.959111657
2009-07-13,0.002269854126,1.963558555
2009-07-14,0.002291440664,1.968057933
2009-07-15,0.005249056064,1.978388379
2009-07-16,-0.0009395580835,1.976529569
2009-07-17,-0.0001812098642,1.976171402
2009-07-20,0.004895023277,1.985844807
2009-07-21,-0.0005360260429,1.984780342
2009-07-22,0.001109578715,1.986982612
2009-07-23,-0.0006421243596,1.985706722
2009-07-24,0.0005361409766,1.986771341
2009-07-27,0.001070532814,1.988898245
2009-07-28,-0.005691311812,1.977578805
2009-07-29,-0.003293177201,1.971066288
2009-07-30,0.001535108963,1.974092089
2009-07-31,0.006294097634,1.986517217
2009-08-03,0.00185682657,1.990205835
2009-08-04,-0.0003333333333,1.989542433
2009-08-05,0,1.989542433
2009-08-06,0,1.989542433
2009-08-07,0,1.989542433
2009-08-10,0,1.989542433
2009-08-11,0,1.989542433
2009-08-12,0,1.989542433
2009-08-13,0,1.989542433
2009-08-14,0,1.989542433
2009-08-17,0,1.989542433
2009-08-18,0,1.989542433
2009-08-19,0,1.989542433
2009-08-20,0,1.989542433
2009-08-21,0,1.989542433
2009-08-24,0,1.989542433
2009-08-25,0,1.989542433
2009-08-26,0,1.989542433
2009-08-27,0,1.989542433
2009-08-28,0,1.989542433
2009-08-31,0,1.989542433
2009-09-01,0,1.989542433
2009-09-02,0.0006572682594,1.990850097
2009-09-03,0.000573461015,1.991991771
2009-09-04,0.0002227291742,1.992435446
2009-09-08,-0.0008583561774,1.990725227
2009-09-09,-9.564438907e-05,1.990534825
2009-09-10,0.00219945196,1.994912911
2009-09-11,0.003008612026,2.00091483
2009-09-14,-0.001694695468,1.997523889
2009-09-15,-0.0001896217036,1.997145115
2009-09-16,0.001041914648,1.999225969
2009-09-17,0.001635773681,2.002496251
2009-09-18,-0.002097407013,1.998296201
2009-09-21,0.0007872464369,1.999869353
2009-09-22,0.0007862883685,2.001441827
2009-09-23,0.0001566415515,2.001755336
2009-09-24,0.000533064438,2.0028224
2009-09-25,0.001283066484,2.005392154
2009-09-28,0.0008418099131,2.007080313
2009-09-29,-0.001306089764,2.004458886
2009-09-30,-0.0002811904519,2.003895252
2009-10-01,-0.003414507931,1.997052935
2009-10-02,-0.005760607741,1.985548697
2009-10-05,0.01850033236,2.022282008
2009-10-06,0.02176151799,2.066289934
2009-10-07,0.005709632961,2.078087691
2009-10-08,0.00752065729,2.093716276
2009-10-09,-0.007019469412,2.079019499
2009-10-12,0.004252629428,2.087860798
2009-10-13,0.002892532113,2.093900003
2009-10-14,-0.000325369481,2.093218712
2009-10-15,-0.01377865724,2.064376969
2009-10-16,0.003637984245,2.071887139
2009-10-19,0.01013448945,2.092884658
2009-10-20,-0.005042152121,2.082332015
2009-10-21,0.002771146921,2.088102463
2009-10-22,0.001749872211,2.091756375
2009-10-23,-0.00167356088,2.088255694
2009-10-26,-0.01833439772,2.049968783
2009-10-27,-0.006093651307,2.037476988
2009-10-28,-0.01570455863,2.005479312
2009-10-29,0.01845955203,2.042499561
2009-10-30,-0.004434162728,2.033442786
2009-11-02,0.005989055092,2.045621187
2009-11-03,0.01566133099,2.077658337
2009-11-04,0.01024948285,2.098953261
2009-11-05,0.006688496798,2.112992103
2009-11-06,-0.0001153328606,2.112748405
2009-11-09,0.01636475893,2.147323024
2009-11-10,-0.006774582006,2.132775808
2009-11-11,0.009174677237,2.152343338
2009-11-12,-0.01456396577,2.120996683
2009-11-13,0.01120871488,2.14477033
2009-11-16,0.02665322923,2.201935385
2009-11-17,0.001533152735,2.205311288
2009-11-18,-0.001878888766,2.201167754
2009-11-19,-0.005215316091,2.189687968
2009-11-20,-0.003684272295,2.181620561
2009-11-23,0.007884995495,2.19882263
2009-11-24,-0.0009226722416,2.196793837
2009-11-25,0.01003113417,2.218830171
2009-11-27,-0.02328689577,2.167160504
2009-11-30,0.008608633875,2.185816795
2009-12-01,0.01944622412,2.228322679
2009-12-02,0.007756958163,2.245607684
2009-12-03,-0.009213242438,2.224918356
2009-12-04,-0.01925933084,2.182067918
2009-12-07,-0.01080423868,2.158492335
2009-12-08,-0.02228012979,2.110400846
2009-12-09,-0.001173567784,2.107924147
2009-12-10,0.000726781652,2.109456148
2009-12-11,-0.007589237864,2.093446983
2009-12-14,0.009211690312,2.112731169
2009-12-15,-0.003338521606,2.10567777
2009-12-16,0.01138186584,2.129644312
2009-12-17,-0.03321201921,2.058914524
2009-12-18,0.009087052935,2.077623989
2009-12-21,-0.01164502733,2.053430001
2009-12-22,-7.02461219e-05,2.053285756
2009-12-23,0.007899630222,2.069505954
2009-12-24,0.01615156899,2.102931722
2009-12-28,0.00268784561,2.108584078
2009-12-29,-0.01244670427,2.082339155
2009-12-30,-0.005770005088,2.070324048
2009-12-31,0.002514494435,2.075529866
2010-01-04,0.03135908862,2.140616591
2010-01-05,0.006795650693,2.155163474
2010-01-06,0.006760938391,2.169734401
2010-01-07,0.002228899474,2.174570521
2010-01-08,0.005038673551,2.185527472
2010-01-11,0.002352089085,2.190668028
2010-01-12,-0.01640323077,2.154733994
2010-01-13,0.01445179974,2.185873779
2010-01-14,-0.0004282956532,2.184937578
2010-01-15,-0.0111042158,2.16067556
2010-01-19,0.02094335989,2.205927366
2010-01-20,-0.02765667048,2.144918759
2010-01-21,-0.0290985441,2.082504746
2010-01-22,-0.02145928678,2.03781568
2010-01-25,0.00578113386,2.049596565
2010-01-26,-0.01796432442,2.012776947
2010-01-27,-0.001321684311,2.010116692
2010-01-28,-0.01215582041,1.985682074
2010-01-29,-0.005918202809,1.973930405
2010-02-01,0.02468476944,2.022656422
2010-02-02,0.004847992303,2.032462245
2010-02-03,-0.005810202154,2.020653228
2010-02-04,-0.04606930081,1.927563147
2010-02-05,-0.004008854351,1.919835827
2010-02-08,-0.009075420759,1.902412509
2010-02-09,0.02265965869,1.945520527
2010-02-10,-0.005320194944,1.935169979
2010-02-11,0.02318888556,1.980044414
2010-02-12,-0.006328053502,1.967514587
2010-02-16,0.02553649852,2.01775802
2010-02-17,0.001378376629,2.020539251
2010-02-18,0.006322529624,2.03331417
2010-02-19,-0.00111281166,2.031051474
2010-02-22,-0.001707175025,2.027584114
2010-02-23,-0.01893241091,1.989197058
2010-02-24,0.007669033504,2.004452277
2010-02-25,0.0003837070838,2.0052214
2010-02-26,0.01090718422,2.027092719
2010-03-01,0.01131717805,2.050033688
2010-03-02,0.01412474681,2.078989895
2010-03-03,0.006015375604,2.0914958
2010-03-04,-0.001242995504,2.08889608
2010-03-05,0.0180811642,2.126665753
2010-03-08,-0.001461251713,2.123558159
2010-03-09,0.004325437791,2.132743478
2010-03-10,-6.913840502e-05,2.132596023
2010-03-11,0.00435347098,2.141880218
2010-03-12,-0.002045367371,2.137499286
2010-03-15,-0.003659563188,2.129676973
2010-03-16,0.01259113914,2.156492032
2010-03-17,0.005104014605,2.167498799
2010-03-18,-0.00141779858,2.164425722
2010-03-19,-0.01472173141,2.132561628
2010-03-22,0.003231258259,2.139452485
2010-03-23,0.007043254102,2.154521193
2010-03-24,-0.01512572319,2.121932501
2010-03-25,-0.0007661136931,2.12030686
2010-03-26,0.007900553552,2.137058458
2010-03-29,0.0162283811,2.171739457
2010-03-30,0.0006197338873,2.173085357
2010-03-31,0.003104664361,2.179832058
2010-04-01,0.01648448084,2.215765458
2010-04-05,0.01524751396,2.249550373
2010-04-06,0.01059958181,2.273394666
2010-04-07,-0.01128587485,2.247737418
2010-04-08,0.001218317413,2.250475876
2010-04-09,0.008785944005,2.270248431
2010-04-12,-0.003383151591,2.262567836
2010-04-13,0.008232243183,2.281193845
2010-04-14,0.01255608235,2.309836703
2010-04-15,-0.009918328737,2.286926983
2010-04-16,-0.02187415081,2.236902397
2010-04-19,-0.001481280002,2.233588918
2010-04-20,0.01413672983,2.265164561
2010-04-21,0.007040673391,2.281112845
2010-04-22,0.01007714062,2.30409994
2010-04-23,0.009750991468,2.326567199
2010-04-26,0.001393963554,2.329810349
2010-04-27,-0.03020296569,2.259443167
2010-04-28,0.004399913042,2.26938452
2010-04-29,0.02758641393,2.331988701
2010-04-30,-0.02412343672,2.275733119
2010-05-03,0.02040310682,2.322165145
2010-05-04,-0.03334683074,2.244728297
2010-05-05,-0.01539880687,2.21016216
2010-05-06,-0.0398151463,2.12216423
2010-05-07,-0.01345807994,2.093603974
2010-05-10,0.0647063833,2.229073515
2010-05-11,-0.001830256319,2.224993739
2010-05-12,0.01974263761,2.268920984
2010-05-13,-0.01174222439,2.242278805
2010-05-14,-0.02387286368,2.188749189
2010-05-17,-0.0009450855141,2.186680634
2010-05-18,-0.02179648615,2.13901868
2010-05-19,-0.01024094456,2.117113108
2010-05-20,-0.05053778843,2.010118894
2010-05-21,0.02691047099,2.06421214
2010-05-24,-0.01538552932,2.032453143
2010-05-25,-0.0009801448693,2.030461045
2010-05-26,-5.140797633e-05,2.030356663
2010-05-27,0.05276350728,2.137485401
2010-05-28,-0.01403252051,2.107491094
2010-06-01,-0.02317194459,2.058656427
2010-06-02,0.01462085768,2.08875575
2010-06-03,-0.002958870055,2.082575393
2010-06-04,-0.04675336573,1.985207984
2010-06-07,0.004465303412,1.99407254
2010-06-08,0.007317842005,2.008664847
2010-06-09,-0.000224302149,2.0082143
2010-06-10,0.02782370953,2.064090271
2010-06-11,0.008319790675,2.08126307
2010-06-14,0.006424675509,2.09463451
2010-06-15,0.02196561917,2.140644454
2010-06-16,-0.006585930953,2.126546317
2010-06-17,0.005724246199,2.138719192
2010-06-18,0.006799653996,2.153261742
2010-06-21,-0.01351250271,2.124165787
2010-06-22,-0.01512294527,2.092042144
2010-06-23,-0.0043912044,2.08285556
2010-06-24,-0.01090654507,2.060138802
2010-06-25,0.02161419021,2.104667034
2010-06-28,-0.01101860424,2.08147654
2010-06-29,-0.02804895259,2.023093304
2010-06-30,-0.005903776965,2.011149412
2010-07-01,-0.01764169384,1.97566933
2010-07-02,-0.00706995528,1.961701436
2010-07-06,-0.007408864117,1.947167457
2010-07-07,0.01620529954,1.978721888
2010-07-08,0.004149708324,1.986933007
2010-07-09,0.004239950062,1.995357504
2010-07-12,0.001046567849,1.997445781
2010-07-13,0.008208227884,2.013841271
2010-07-14,-0.001968872385,2.009876275
2010-07-15,-0.001092577898,2.007680328
2010-07-16,-0.01082569557,1.985945792
2010-07-19,0.004107341796,1.99410275
2010-07-20,0.006226027094,2.006518088
2010-07-21,-0.006935866514,1.992601146
2010-07-22,0.01248328888,2.017475362
2010-07-23,0.004258573835,2.02606693
2010-07-26,0.008343517443,2.042971455
2010-07-27,-6.508650248e-05,2.042838485
2010-07-28,-0.000651341757,2.041507899
2010-07-29,-0.002805937771,2.035779555
2010-07-30,0.001974212625,2.039798616
2010-08-02,0.0111874171,2.062618694
2010-08-03,-0.001483194373,2.05955943
2010-08-04,0.002798292175,2.065322679
2010-08-05,-0.00288872085,2.059356538
2010-08-06,0.002949610607,2.065430838
2010-08-09,0.0005360559148,2.066538025
2010-08-10,-0.002133471964,2.062129124
2010-08-11,-0.01758326795,2.025870155
2010-08-12,0.002938833714,2.03182385
2010-08-13,0.000857944548,2.033567042
2010-08-16,0.007396790567,2.048608912
2010-08-17,0.009917523671,2.068926039
2010-08-18,-0.0002037542964,2.068504487
2010-08-19,-0.009886827736,2.048053539
2010-08-20,-0.008375871923,2.030899305
2010-08-23,-0.00190071425,2.027039146
2010-08-24,0.00745220599,2.042145059
2010-08-25,0.0182653591,2.079445572
2010-08-26,-0.00220808085,2.074853988
2010-08-27,0.007633121427,2.0906916
2010-08-30,-0.004107261629,2.082104583
2010-08-31,0.01113062165,2.105279701
2010-09-01,0.01033137622,2.127030138
2010-09-02,0.011505218,2.151502084
2010-09-03,0.006127943671,2.164686367
2010-09-07,-0.003853561973,2.156344614
2010-09-08,0.003135256818,2.163105308
2010-09-09,-0.01006195233,2.141340246
2010-09-10,0.003984602158,2.149872635
2010-09-13,0.007236561687,2.165430321
2010-09-14,0.01402453278,2.195799469
2010-09-15,0.004673921594,2.206062464
2010-09-16,0.003084007175,2.212865976
2010-09-17,-0.0002203750136,2.212378316
2010-09-20,0.009008795786,2.23230918
2010-09-21,0.003090502548,2.239208137
2010-09-22,-0.002075264672,2.234561188
2010-09-23,-0.008764174823,2.214977103
2010-09-24,0.01610576765,2.25065101
2010-09-27,-0.004343397782,2.240875537
2010-09-28,0.009079401216,2.261221345
2010-09-29,-0.0006280131728,2.259801268
2010-09-30,-0.0005432689469,2.258573588
2010-10-01,0.0095882918,2.280229451
2010-10-04,-0.0002620601849,2.279631894
2010-10-05,0.02472812727,2.336002921
2010-10-06,0.005507540839,2.348868553
2010-10-07,-0.01254749527,2.319396136
2010-10-08,0.0149802189,2.354141197
2010-10-11,0.002266177404,2.359476099
2010-10-12,0.002406973536,2.365155296
2010-10-13,0.01827054923,2.408367982
2010-10-14,0.008498688329,2.428835951
2010-10-15,-0.00695938328,2.41193275
2010-10-18,0.008733357765,2.432997022
2010-10-19,-0.03004742783,2.35989172
2010-10-20,0.01754156269,2.401287908
2010-10-21,-0.01562851333,2.363759348
2010-10-22,0.003357888583,2.371696589
2010-10-25,0.008457086567,2.391754232
2010-10-26,0.0002787017582,2.392420818
2010-10-27,-0.008822566802,2.371313526
2010-10-28,0.007563050619,2.38924789
2010-10-29,0.01409385472,2.422921602
2010-11-01,-0.000266512921,2.422275862
2010-11-02,0.007066086651,2.439391874
2010-11-03,-0.003137334796,2.431738685
2010-11-04,0.037970032,2.52407188
2010-11-05,0.01185835717,2.554003226
2010-11-08,0.01370460957,2.589004843
2010-11-09,-0.03072103583,2.509467933
2010-11-10,0.01507785838,2.547305335
2010-11-11,0.003235587942,2.555547365
2010-11-12,-0.03225890546,2.473108204
2010-11-15,-0.01405924064,2.438338181
2010-11-16,-0.01509519872,2.401530982
2010-11-17,0.001997030741,2.406326913
2010-11-18,0.02535989845,2.467351119
2010-11-19,0.006975598794,2.48456237
2010-11-22,0.009464985286,2.508078717
2010-11-23,-0.003983577073,2.498087592
2010-11-24,0.00672511993,2.51488753
2010-11-26,-0.01336029993,2.481287879
2010-11-29,0.006173636962,2.496606449
2010-11-30,0.01445496206,2.532694801
2010-12-01,0.006326350701,2.548717516
2010-12-02,0.006132724892,2.5643481
2010-12-03,0.0150112151,2.602842081
2010-12-06,0.01378768806,2.638729255
2010-12-07,-0.02167666807,2.581530397
2010-12-08,-0.01360485103,2.546409061
2010-12-09,0.002447394564,2.552641128
2010-12-10,0.001680048346,2.556929689
2010-12-13,0.01273436276,2.589490559
2010-12-14,-0.003642779662,2.580057615
2010-12-15,-0.0152453359,2.540723771
2010-12-16,0.0007378394523,2.542598417
2010-12-17,0.006444476647,2.558984133
2010-12-20,0.008583310082,2.580948687
2010-12-21,0.003212177484,2.589239152
2010-12-22,0.001077223282,2.592028341
2010-12-23,-0.002006336104,2.586827861
2010-12-27,0.004799814343,2.599244155
2010-12-28,0.0177242246,2.645313742
2010-12-29,0.005692387924,2.660371894
2010-12-30,-0.001969891955,2.655131249
2010-12-31,0.008154256171,2.676781869
2011-01-03,0.002261530464,2.682835493
2011-01-04,-0.02199775947,2.623819123
2011-01-05,-0.0002717431345,2.623106118
2011-01-06,-0.006890042291,2.605032806
2011-01-07,-0.005531395286,2.59062334
2011-01-10,0.004103563376,2.601254127
2011-01-11,0.007693242096,2.621266204
2011-01-12,0.00552455777,2.635747541
2011-01-13,-0.01053080775,2.60799099
2011-01-14,0.001637092848,2.612260514
2011-01-18,0.008048955245,2.633286482
2011-01-19,-0.01378254124,2.596993102
2011-01-20,-0.01802160348,2.550191122
2011-01-21,-0.002238343641,2.544482918
2011-01-24,-0.001694965687,2.540170107
2011-01-25,0.002757600379,2.547174881
2011-01-26,0.01422669868,2.583412771
2011-01-27,-0.001216052525,2.580271205
2011-01-28,-0.000863410808,2.578043371
2011-01-31,0.007855167949,2.598294335
2011-02-01,0.01435516407,2.635593276
2011-02-02,-0.003711485308,2.62581131
2011-02-03,0.0126251124,2.658962473
2011-02-04,-0.00250160474,2.6523108
2011-02-07,0.006374344466,2.669217543
2011-02-08,0.01654021793,2.713366983
2011-02-09,-0.001294234661,2.709855249
2011-02-10,0.0001530373909,2.710269958
2011-02-11,-0.001979817113,2.704904119
2011-02-14,0.01020278229,2.732501667
2011-02-15,0.001749500392,2.73728218
2011-02-16,0.0006220596945,2.738984933
2011-02-17,0.01458336388,2.778928547
2011-02-18,0.01038828742,2.807796855
2011-02-22,0.004199762523,2.819588935
2011-02-23,0.004828044118,2.833202035
2011-02-24,-0.02042500583,2.775333867
2011-02-25,0.02324460768,2.839845414
2011-02-28,0.01458482504,2.881264062
2011-03-01,0.00347806786,2.891285294
2011-03-02,-0.002244427016,2.884796016
2011-03-03,0.007262326875,2.905746347
2011-03-04,0.007753322412,2.928275535
2011-03-07,-0.001717602567,2.923245922
2011-03-08,0.005571480226,2.939532729
2011-03-09,-0.00175486662,2.934374241
2011-03-10,-0.01890410377,2.878902526
2011-03-11,0.01195439929,2.913318076
2011-03-14,-0.004713050658,2.89958746
2011-03-15,-0.01981322624,2.842137278
2011-03-16,-0.01534555371,2.798523108
2011-03-17,0.007030462484,2.818198019
2011-03-18,0.01016841989,2.84685464
2011-03-21,0.02006447039,2.903975271
2011-03-22,-0.0004701335861,2.902610015
2011-03-23,0.00692718748,2.922716938
2011-03-24,0.004134484818,2.934800867
2011-03-25,0.00591934167,2.952172956
2011-03-28,-0.004059239686,2.940189379
2011-03-29,0.004405201033,2.953141504
2011-03-30,0.009733750867,2.981886648
2011-03-31,0.005356301913,2.997858533
2011-04-01,0.001503108612,3.00236464
2011-04-04,0.005181274726,3.017920716
2011-04-05,0.00620981575,3.036661447
2011-04-06,0.003422188006,3.047053474
2011-04-07,-0.002980447823,3.03797189
2011-04-08,0.005737254836,3.055401509
2011-04-11,-0.006316141965,3.036103159
2011-04-12,-0.003889335543,3.024294735
2011-04-13,0.006409479665,3.043678891
2011-04-14,0.01687040093,3.095026974
2011-04-15,0.0099560018,3.125841068
2011-04-18,-0.0007285312484,3.123563795
2011-04-19,0.009255414128,3.152473672
2011-04-20,0.02012520159,3.21591784
2011-04-21,0.01561488773,3.266134036
2011-04-25,0.005202531793,3.283126202
2011-04-26,-0.008285682847,3.255923259
2011-04-27,0.02721372023,3.344529044
2011-04-28,0.00579113775,3.363897673
2011-04-29,-0.004891716412,3.347442439
2011-05-02,-0.02893232757,3.250593138
2011-05-03,-0.0235022183,3.174196988
2011-05-04,-0.02908986999,3.081860011
2011-05-05,-0.07157338788,2.861280849
2011-05-06,0.01071893124,2.891950721
2011-05-09,0.04117809196,3.011035734
2011-05-10,0.009079009582,3.038372956
2011-05-11,-0.04156775633,2.91207461
2011-05-12,-0.009912146971,2.883209698
2011-05-13,0.009096233132,2.909436046
2011-05-16,-0.01988376502,2.851585503
2011-05-17,0.001804887822,2.856732295
2011-05-18,0.02019371924,2.914420345
2011-05-19,-0.002209143041,2.907981974
2011-05-20,0.006527648347,2.926964257
2011-05-23,-0.003691792888,2.916158511
2011-05-24,0.02080505753,2.976829357
2011-05-25,0.01672990713,3.026631436
2011-05-26,-0.003278887971,3.01670745
2011-05-27,0.009970486344,3.046785491
2011-05-31,0.006881293229,3.067751315
2011-06-01,-0.01998656936,3.006437491
2011-06-02,-0.002299283783,2.999524838
2011-06-03,0.003405246097,3.009738958
2011-06-06,0.000210030024,3.010371094
2011-06-07,0.006815743739,3.030889011
2011-06-08,0.0005788674515,3.032643494
2011-06-09,0.009451964886,3.061307934
2011-06-10,-0.01931612383,3.002175331
2011-06-13,-0.01853466916,2.946531005
2011-06-14,0.01223055245,2.982568707
2011-06-15,-0.005885859973,2.965013725
2011-06-16,-0.003890087261,2.953479563
2011-06-17,0.003580497531,2.964054489
2011-06-20,-0.0002893168122,2.963196938
2011-06-21,0.005840967554,2.980504875
2011-06-22,0.001904311869,2.986180686
2011-06-23,-0.02353339843,2.915905706
2011-06-24,-0.01843200492,2.862159718
2011-06-27,-0.00862001675,2.837487853
2011-06-28,0.01084602625,2.868263321
2011-06-29,0.01837354418,2.920963484
2011-06-30,-0.007868972832,2.897978502
2011-07-01,-0.01025674399,2.868254678
2011-07-05,0.01830704782,2.920763954
2011-07-06,0.00231480581,2.927524955
2011-07-07,0.01371892623,2.967687454
2011-07-08,-0.002112613996,2.961417876
2011-07-11,-0.02056770926,2.900508294
2011-07-12,0.003538858476,2.910772782
2011-07-13,0.02875347521,2.994467615
2011-07-14,-0.003158435499,2.985009782
2011-07-15,0.01152155435,3.019401735
2011-07-18,0.003937181711,3.031289668
2011-07-19,-0.00502174888,3.016067293
2011-07-20,0.01477868693,3.060640807
2011-07-21,-0.001455395285,3.056186365
2011-07-22,0.009677553674,3.085762772
2011-07-25,-0.001683157243,3.080568948
2011-07-26,0.00953922632,3.109955193
2011-07-27,-0.01637584593,3.059027046
2011-07-28,-0.005372204098,3.042593328
2011-07-29,-0.0011019159,3.039240646
2011-08-01,-0.009006107551,3.011868918
2011-08-02,0.002259834599,3.018675244
2011-08-03,0.003371834737,3.028853718
2011-08-04,-0.0568999805,2.856512
2011-08-05,-0.007007569438,2.836494794
2011-08-08,-0.03559000087,2.735543942
2011-08-09,0.01097352668,2.765562506
2011-08-10,0.004567829146,2.778195123
2011-08-11,0.01832756413,2.829112672
2011-08-12,0.0044245011,2.841630085
2011-08-15,0.01828218441,2.89358129
2011-08-16,-0.003028467482,2.884818173
2011-08-17,0.005524476947,2.900755284
2011-08-18,-0.0243620088,2.830087059
2011-08-19,0.01705476166,2.878353519
2011-08-22,0.006995827711,2.898489984
2011-08-23,0.003882356056,2.909742954
2011-08-24,-0.01322589447,2.871259001
2011-08-25,0.003341469941,2.880853227
2011-08-26,0.01512418249,2.924423777
2011-08-29,0.01120601042,2.9571949
2011-08-30,0.01212870722,2.993061851
2011-08-31,0.0002793382696,2.993897928
2011-09-01,-0.008901844462,2.967246714
2011-09-02,0.02127195453,3.030365851
2011-09-06,-0.01066747064,2.998039513
2011-09-07,-0.01179805425,2.96266848
2011-09-08,0.01235334268,2.999267339
2011-09-09,-0.01296009767,2.960396541
2011-09-12,-0.01958314269,2.902422673
2011-09-13,0.008718520654,2.927727505
2011-09-14,-0.006342397104,2.909158695
2011-09-15,-0.01072406498,2.877960688
2011-09-16,0.006782823434,2.897481387
2011-09-19,-0.01704886048,2.848082631
2011-09-20,0.005718080459,2.864368197
2011-09-21,-0.01139341428,2.831733263
2011-09-22,-0.05196130928,2.684592696
2011-09-23,-0.07131391148,2.49314389
2011-09-26,-0.005835720118,2.4785946
2011-09-27,0.0277580969,2.547395669
2011-09-28,-0.04273012755,2.438545127
2011-09-29,0.01966310356,2.486494492
2011-09-30,-0.02241984265,2.430747677
2011-10-03,0.01112043753,2.457778655
2011-10-04,-0.007542095729,2.439241853
2011-10-05,0.003848446526,2.448629145
2011-10-06,0.002153097404,2.453901282
2011-10-07,-0.00272086064,2.447224558
2011-10-10,0.00856475224,2.46818443
2011-10-11,-0.002388677525,2.462288734
2011-10-12,0.002385334895,2.468162117
2011-10-13,-0.001960046322,2.463324405
2011-10-14,0.002259171953,2.468889478
2011-10-17,-0.00159118484,2.464961019
2011-10-18,-0.001598816879,2.461019997
2011-10-19,-0.004057507961,2.451034389
2011-10-20,-0.004378538623,2.44030244
2011-10-21,0.003697365263,2.44932513
2011-10-24,0.003134403126,2.457002302
2011-10-25,0.009460505826,2.480246787
2011-10-26,0.003643532417,2.489283646
2011-10-27,0.00428118127,2.499940721
2011-10-28,0.0001376035863,2.500284722
2011-10-31,-0.004480601432,2.489081943
2011-11-01,7.96951233e-05,2.48928031
2011-11-02,-0.001145424075,2.486429029
2011-11-03,0.0006667493083,2.488086853
2011-11-04,-0.001287566802,2.484883275
2011-11-07,0.010175154,2.510167345
2011-11-08,-0.00702761129,2.492526865
2011-11-09,0.004108946777,2.502768525
2011-11-10,-0.006768361449,2.485828883
2011-11-11,0.003458715609,2.494426658
2011-11-14,0.003904801396,2.504166899
2011-11-15,-0.0001461651057,2.503800877
2011-11-16,-0.0005178379776,2.502504314
2011-11-17,-0.005896749634,2.487747673
2011-11-18,0.0009534878106,2.49011971
2011-11-21,-0.006210098982,2.47465582
2011-11-22,0.007410906396,2.492995263
2011-11-23,0.002299923581,2.498728961
2011-11-25,-0.007732419523,2.479407741
2011-11-28,0.006423503739,2.495334225
2011-11-29,-0.002232866767,2.489762477
2011-11-30,0.001286690237,2.49296603
2011-12-01,-0.002652343545,2.486353827
2011-12-02,0.005045625729,2.498899038
2011-12-05,-0.005581580837,2.484951231
2011-12-06,-0.001467873589,2.481303637
2011-12-07,0.00361170204,2.490265366
2011-12-08,-0.002565996083,2.483875355
2011-12-09,-0.006009902709,2.468947506
2011-12-12,-0.005121352317,2.456303156
2011-12-13,-0.004177328419,2.446042371
2011-12-14,-0.005400073779,2.432833562
2011-12-15,-0.002456844348,2.426856468
2011-12-16,0.01023308863,2.451690706
2011-12-19,0.00345085251,2.460151129
2011-12-20,-0.003773735296,2.450867169
2011-12-21,-0.004254173603,2.440440755
2011-12-22,-0.0009763521002,2.438058026
2011-12-23,-0.00313007359,2.430426724
2011-12-27,-0.00140209405,2.427019038
2011-12-28,-0.002185822399,2.421714005
2011-12-29,-0.0009149908144,2.419498159
2011-12-30,0.004733832483,2.430951658
2012-01-03,0.003615594526,2.439740993
2012-01-04,-0.004296563046,2.429258492
2012-01-05,-0.0005932809893,2.42781726
2012-01-06,0.002631711046,2.434206573
2012-01-09,-0.0005896831918,2.432771162
2012-01-10,-0.0005624021059,2.431402967
2012-01-11,0.004338704916,2.441952107
2012-01-12,-0.0004729771236,2.440797119
2012-01-13,0.003314014438,2.448885956
2012-01-17,0.001544467906,2.452668182
2012-01-18,-0.004035039159,2.44277157
2012-01-19,-0.004584469179,2.431572759
2012-01-20,-0.003775158859,2.422393185
2012-01-23,-0.002108562378,2.417285418
2012-01-24,0.0006022493537,2.418741227
2012-01-25,-0.000801561858,2.416802456
2012-01-26,0.004418806548,2.427481839
2012-01-27,0.001047888627,2.430025569
2012-01-30,0.003923858744,2.439560646
2012-01-31,0.003850328814,2.448953757
2012-02-01,-0.003818231208,2.439603085
2012-02-02,0.0003535645753,2.440465643
2012-02-03,-0.01028894054,2.415355837
2012-02-06,0.005095082947,2.427662275
2012-02-07,-0.006910575707,2.410885731
2012-02-08,0.0007603637322,2.412718881
2012-02-09,-0.004313190254,2.402312366
2012-02-10,0.005892800546,2.416468713
2012-02-13,0.00135471899,2.419742349
2012-02-14,0.002719183097,2.426322072
2012-02-15,-0.000799132482,2.424383119
2012-02-16,-0.004755386298,2.412854241
2012-02-17,-0.0009511038795,2.410559366
2012-02-21,-0.005442348305,2.397440262
2012-02-22,0.007572230803,2.415594233
2012-02-23,0.0009342673441,2.417851044
2012-02-24,0.002681095022,2.424333532
2012-02-27,0.005287450943,2.437152077
2012-02-28,0.0001134253776,2.437428512
2012-02-29,-0.003045900214,2.430004348
2012-03-01,-0.005005303518,2.417841438
2012-03-02,-0.005324315204,2.404968088
2012-03-05,-0.01123668528,2.377944219
2012-03-06,-0.01218573839,2.348967213
2012-03-07,0.004030380792,2.358434445
2012-03-08,0.004550645459,2.369166844
2012-03-09,0.006635370192,2.384887143
2012-03-12,-0.008602201587,2.364371863
2012-03-13,-0.01523785386,2.32834391
2012-03-14,-0.02423460897,2.271917406
2012-03-15,0.006436285109,2.286540114
2012-03-16,0.001748737216,2.290538672
2012-03-19,0.0007358744786,2.292224221
2012-03-20,-0.01033065064,2.268544053
2012-03-21,0.00457792424,2.278929276
2012-03-22,-0.007413948073,2.262033413
2012-03-23,0.01488506168,2.29570392
2012-03-26,0.01168412316,2.322527207
2012-03-27,-0.003607839048,2.314147903
2012-03-28,-0.00864541303,2.294141138
2012-03-29,0.004166664961,2.303700056
2012-03-30,-0.00358192457,2.295448376
2012-04-02,0.0106499071,2.319894688
2012-04-03,-0.009227335297,2.298488242
2012-04-04,0.006271061337,2.312902202
2012-04-05,0.003895932893,2.321913114
2012-04-09,0.01120563938,2.347931635
2012-04-10,0.005339787726,2.360469092
2012-04-11,-0.005293376632,2.34797424
2012-04-12,-0.002054406845,2.343150546
2012-04-13,0.007401702536,2.360493849
2012-04-16,-0.0005799267106,2.359124935
2012-04-17,-0.0005488602018,2.357830106
2012-04-18,0.001638701924,2.361693886
2012-04-19,0.0006934799268,2.363331674
2012-04-20,8.868601706e-05,2.363541268
2012-04-23,0.003085081465,2.370832986
2012-04-24,-0.003198796764,2.363249173
2012-04-25,-0.002119770393,2.358239627
2012-04-26,0.003112534697,2.36557973
2012-04-27,0.0006318053831,2.367074316
2012-04-30,0.0003696060747,2.367949201
2012-05-01,-0.002335406991,2.362419076
2012-05-02,0.002627949975,2.368627395
2012-05-03,-0.00361453203,2.360065915
2012-05-04,-0.005673113155,2.346676994
2012-05-07,0.0003657284144,2.347535241
2012-05-08,0.0005416677939,2.348806825
2012-05-09,-0.0008087561951,2.346907213
2012-05-10,-0.001655377204,2.343022196
2012-05-11,0.00270451244,2.349358929
2012-05-14,0.001542219447,2.352982156
2012-05-15,0.0002469646398,2.353563259
2012-05-16,-0.001302981779,2.350496609
2012-05-17,-0.001142641339,2.347810835
2012-05-18,-0.004247836116,2.337837719
2012-05-21,0.008621093175,2.357992436
2012-05-22,-0.004084923638,2.348360217
2012-05-23,0.002952516342,2.355293789
2012-05-24,-0.003454062159,2.347158457
2012-05-25,0.0008181347818,2.349078749
2012-05-29,0.003216020412,2.356633435
2012-05-30,0.005643450412,2.369932979
2012-05-31,0.002414138993,2.375654326
2012-06-01,-0.0009488502657,2.373400186
2012-06-04,-0.002350151879,2.367822335
2012-06-05,-0.004194155041,2.357891321
2012-06-06,-0.001211045084,2.355035808
2012-06-07,-2.076527463e-05,2.354986905
2012-06-08,0.003379100456,2.362944643
2012-06-11,-0.003207357937,2.355365833
2012-06-12,-0.000789015127,2.353507414
2012-06-13,0.002763462454,2.360011244
2012-06-14,-8.31260553e-05,2.359815065
2012-06-15,0.007541820309,2.377612366
2012-06-18,0.004823412678,2.389080572
2012-06-19,-0.00203183515,2.384226354
2012-06-20,0.001228160447,2.387154567
2012-06-21,-0.00581248188,2.373279274
2012-06-22,-0.002386159891,2.36761625
2012-06-25,0.0002611720643,2.368234605
2012-06-26,3.876716221e-05,2.368326415
2012-06-27,0.003016983768,2.375471617
2012-06-28,-0.001813569442,2.371163535
2012-06-29,0.004630611755,2.382143472
2012-07-02,0.005972653929,2.396371191
2012-07-03,-0.003776378122,2.387321587
2012-07-05,0.003446145928,2.395548646
2012-07-06,0.005113842974,2.407799105
2012-07-09,0.004083057757,2.417630288
2012-07-10,0.0007448475991,2.419431054
2012-07-11,0.0006720102709,2.421056937
2012-07-12,0.004807429234,2.432695997
2012-07-13,-0.001037980102,2.430170907
2012-07-16,0.003202870556,2.43795443
2012-07-17,-0.003473749308,2.429485587
2012-07-18,0.002354619091,2.4352061
2012-07-19,-0.000760770518,2.433353467
2012-07-20,0.00563672014,2.4470696
2012-07-23,0.001341873544,2.450353258
2012-07-24,0.003790565455,2.459641482
2012-07-25,0.001678186904,2.46376922
2012-07-26,-0.003559124967,2.455000358
2012-07-27,-0.01026293104,2.429804858
2012-07-30,0.004422305669,2.440550198
2012-07-31,0.002963165538,2.447781952
2012-08-01,-0.003254445265,2.43981578
2012-08-02,0.002973507566,2.447070591
2012-08-03,-0.004520685942,2.436008153
2012-08-06,-9.190468617e-07,2.436005914
2012-08-07,-0.009967127376,2.411725933
2012-08-08,-0.004501822167,2.400868772
2012-08-09,-0.001550866475,2.397145345
2012-08-10,0.003095902789,2.404566674
2012-08-13,-0.001026538295,2.402098294
2012-08-14,-0.006863448024,2.385611617
2012-08-15,-0.004834803392,2.374077654
2012-08-16,-0.001119010704,2.371421036
2012-08-17,0.002132274549,2.376477556
2012-08-20,-8.230914238e-05,2.376281951
2012-08-21,0.002463673869,2.382136334
2012-08-22,0.007889693272,2.400930659
2012-08-23,0.0009748895056,2.403271301
2012-08-24,0.0006352992534,2.404798098
2012-08-27,0.003821719505,2.413988562
2012-08-28,0.002073139518,2.418993097
2012-08-29,-0.001772718969,2.414704902
2012-08-30,0.001596551401,2.418560102
2012-08-31,0.007917946499,2.437710132
2012-09-04,0.001250585263,2.440758696
2012-09-05,-0.003175688153,2.433007608
2012-09-06,0.004831053302,2.444761597
2012-09-07,-0.001735133542,2.440519609
2012-09-10,-0.006074803623,2.425693932
2012-09-11,-0.001634038919,2.421730254
2012-09-12,-0.002488511418,2.41570375
2012-09-13,0.00730136979,2.433341697
2012-09-14,-0.004035954137,2.423520841
2012-09-17,0.003174343384,2.431213929
2012-09-18,-0.001205159765,2.428283927
2012-09-19,0.000940255088,2.430567134
2012-09-20,-0.004441904903,2.419770786
2012-09-21,0.0005294596749,2.421051957
2012-09-24,-0.0005801890036,2.419647289
2012-09-25,-0.006307537674,2.404385272
2012-09-26,0.000817514575,2.406350892
2012-09-27,0.003662336301,2.415163759
2012-09-28,-0.003072397001,2.407743417
2012-10-01,-0.001711847583,2.403621727
2012-10-02,0.003050979351,2.410955127
2012-10-03,0.002910052481,2.417971133
2012-10-04,-0.00310173654,2.410471224
2012-10-05,-0.005686921635,2.396763063
2012-10-08,-0.0009541261731,2.394476249
2012-10-09,-0.007146023052,2.377365266
2012-10-10,0.002003239944,2.382127699
2012-10-11,0.001005104063,2.384521985
2012-10-12,-0.0004942280664,2.383343488
2012-10-15,0.00390972615,2.392661708
2012-10-16,0.002151346071,2.397809151
2012-10-17,-0.004198533993,2.387741868
2012-10-18,-0.002495101844,2.381784209
2012-10-19,-0.006225864736,2.366955543
2012-10-22,-0.002088471309,2.362012224
2012-10-23,-0.001787253055,2.35779071
2012-10-24,-0.004717980618,2.3466667
2012-10-25,-0.002631414464,2.340491647
2012-10-26,0.00297889299,2.347463721
2012-10-31,0.003158042339,2.354877111
2012-11-01,0.003597391241,2.363348525
2012-11-02,-0.007246499954,2.34622252
2012-11-05,0.002215050027,2.35141952
2012-11-06,0.004540441314,2.362096003
2012-11-07,-0.01744601164,2.320886848
2012-11-08,-0.01390296613,2.288619637
2012-11-09,0.001253908457,2.291489357
2012-11-12,-0.001802944816,2.287357928
2012-11-13,-0.00447004978,2.277133324
2012-11-14,-0.01634319198,2.239917697
2012-11-15,-0.004401006117,2.230059805
2012-11-16,0.006268112825,2.244038072
2012-11-19,0.01908487613,2.28686526
2012-11-20,0.003172993983,2.29412147
2012-11-21,0.001869700435,2.29841079
2012-11-23,0.01082684395,2.323295325
2012-11-26,0.003191859652,2.330710958
2012-11-27,-0.003408075075,2.32276772
2012-11-28,0.005266610048,2.335000832
2012-11-29,0.007627612985,2.352811314
2012-11-30,-0.0005285920117,2.351567637
2012-12-03,0.0003257451021,2.352333649
2012-12-04,-0.000824177596,2.350394908
2012-12-05,-0.004150014595,2.340640735
2012-12-06,0.00639482253,2.355608717
2012-12-07,0.0002505144801,2.356198831
2012-12-10,0.00096274908,2.358467259
2012-12-11,0.007438490915,2.376010696
2012-12-12,-0.001463031452,2.372534518
2012-12-13,-0.007234618704,2.355370135
2012-12-14,-0.004454653865,2.344877777
2012-12-17,0.01010202085,2.368565781
2012-12-18,0.01223110632,2.397535961
2012-12-19,-0.004385656141,2.387021193
2012-12-20,0.006289118483,2.402033452
2012-12-21,-0.007083542584,2.385018545
2012-12-24,-0.001248900272,2.382039895
2012-12-26,-0.005900046905,2.367985748
2012-12-27,0.0002613085513,2.368604523
2012-12-28,-0.008998558975,2.347290495
2012-12-31,0.01625342162,2.385441998
2013-01-02,0.02329158763,2.441002729
2013-01-03,-0.002539401926,2.434804042
2013-01-04,0.001918388179,2.439474941
2013-01-07,-6.358022154e-05,2.439319839
2013-01-08,-0.002255581107,2.433817755
2013-01-09,0.003046479298,2.44123233
2013-01-10,0.004994238374,2.453424427
2013-01-11,0.0002256293766,2.453977991
2013-01-14,-0.0007705037686,2.452087192
2013-01-15,0.0001678299316,2.452498726
2013-01-16,0.0009112674635,2.454733608
2013-01-17,0.004783747546,2.466476434
2013-01-18,0.001424982392,2.469991119
2013-01-22,0.004057859153,2.480013995
2013-01-23,0.002473478342,2.486148256
2013-01-24,-0.003814985744,2.476663636
2013-01-25,0.005470171923,2.490211412
2013-01-28,0.001217075596,2.493242187
2013-01-29,0.002324593445,2.499037962
2013-01-30,-0.005173534617,2.486109102
2013-01-31,-0.003558078359,2.477263331
2013-02-01,0.009320326724,2.500352235
2013-02-04,-0.01756469815,2.456434303
2013-02-05,0.006834840933,2.473223641
2013-02-06,-0.001522923731,2.46945711
2013-02-07,-0.005390788133,2.45614479
2013-02-08,0.00798837543,2.475765396
2013-02-11,-0.0003957402166,2.474785636
2013-02-12,0.001193542555,2.477739398
2013-02-13,0.00364372052,2.486767588
2013-02-14,-0.00205991548,2.481645057
2013-02-15,-0.003042437386,2.474094807
2013-02-19,0.00702915536,2.491485604
2013-02-20,-0.0113483276,2.463211409
2013-02-21,-0.01316051567,2.430794277
2013-02-22,0.00962776521,2.454197394
2013-02-25,-0.01656614077,2.413540814
2013-02-26,0.005816094487,2.427578195
2013-02-27,0.01128210833,2.454966396
2013-02-28,-0.002573083086,2.448649563
2013-03-01,0.001475452151,2.452262428
2013-03-04,0.004376540717,2.462994855
2013-03-05,0.008924692932,2.484976328
2013-03-06,0.0003076746979,2.485740892
2013-03-07,-4.173144261e-06,2.485730519
2013-03-08,0.002725413384,2.492505162
2013-03-11,0.002561741987,2.498890317
2013-03-12,-0.003664273759,2.489733699
2013-03-13,0.0002990147866,2.490478166
2013-03-14,0.007142218647,2.508265705
2013-03-15,0.0009880652382,2.510744036
2013-03-18,-0.007359620631,2.492265912
2013-03-19,-0.003405662821,2.483778095
2013-03-20,0.005413224647,2.497223343
2013-03-21,-0.006879192234,2.480044464
2013-03-22,0.007320208115,2.498198906
2013-03-25,-0.005500127854,2.484458492
2013-03-26,0.007646692915,2.503456383
2013-03-27,-0.001021029677,2.50090028
2013-03-28,0.003752535578,2.510284997
2013-04-01,-0.004791523306,2.498256908
2013-04-02,-6.05131134e-05,2.498105731
2013-04-03,-0.009774871491,2.473687069
2013-04-04,0.009627378349,2.49750219
2013-04-05,-0.0003408056782,2.496651027
2013-04-08,0.007693059837,2.515857913
2013-04-09,0.0002249868119,2.516423948
2013-04-10,0.01217863751,2.547070563
2013-04-11,0.00350957839,2.556009706
2013-04-12,-0.001349735076,2.55255977
2013-04-15,-0.02719190584,2.483150806
2013-04-16,0.01621892767,2.523424849
2013-04-17,-0.01418607824,2.487627347
2013-04-18,-0.004438589344,2.47658579
2013-04-19,0.01186731667,2.505976218
2013-04-22,0.001983993988,2.51094806
2013-04-23,0.01057308017,2.537496515
2013-04-24,0.002664179632,2.544256862
2013-04-25,0.002420532148,2.550415317
2013-04-26,-0.003453911845,2.541606407
2013-04-29,0.007483245231,2.560625871
2013-04-30,0.006580202586,2.577475308
2013-05-01,-0.01365564765,2.542278214
2013-05-02,0.01058299267,2.569183125
2013-05-03,0.00999952551,2.594873738
2013-05-06,0.00471522187,2.607109143
2013-05-07,0.00626138409,2.623433255
2013-05-08,0.002662341041,2.630417729
2013-05-09,-0.004262945149,2.619204402
2013-05-10,0.00484746661,2.631900908
2013-05-13,0.001600907389,2.636114338
2013-05-14,0.008937110358,2.659673583
2013-05-15,0.005776892007,2.67503823
2013-05-16,-0.004134042551,2.663979508
2013-05-17,0.008828144709,2.687497504
2013-05-20,0.001292375207,2.690970759
2013-05-21,0.00243412398,2.697520916
2013-05-22,-0.0154478355,2.655850057
2013-05-23,-0.006806347662,2.637773418
2013-05-24,-0.001196634678,2.634616967
2013-05-28,0.003462673472,2.643739785
2013-05-29,-0.01233079669,2.611140367
2013-05-30,0.0003404682728,2.612029378
2013-05-31,-0.01291877963,2.578285146
2013-06-03,0.006889015044,2.596046991
2013-06-04,-0.007631698691,2.576234742
2013-06-05,-0.0144556749,2.53899353
2013-06-06,0.01074824894,2.566283265
2013-06-07,0.007094123131,2.584488794
2013-06-10,-0.0005059861218,2.583181079
2013-06-11,-0.01263961865,2.550530655
2013-06-12,-0.00823509023,2.529526805
2013-06-13,0.01964198802,2.57921174
2013-06-14,-0.004971961454,2.566387999
2013-06-17,0.007927106994,2.586732031
2013-06-18,0.007999496555,2.607424585
2013-06-19,-0.02053215378,2.553888543
2013-06-20,-0.0349045176,2.464746295
2013-06-21,0.006586120971,2.480979412
2013-06-24,-0.01112234326,2.453385108
2013-06-25,0.01305240419,2.485407682
2013-06-26,0.007937463479,2.505135514
2013-06-27,0.01521170361,2.543242893
2013-06-28,-0.004624975429,2.531480457
2013-07-01,0.007843546526,2.551336242
2013-07-02,-0.002885539774,2.54397426
2013-07-03,0.0009402053472,2.546366118
2013-07-05,0.009874207556,2.571509466
2013-07-08,0.005313969707,2.585174389
2013-07-09,0.007329634324,2.604122772
2013-07-10,0.002013703884,2.609366704
2013-07-11,0.01708964938,2.653959866
2013-07-12,-0.001392074558,2.650265356
2013-07-15,0.00625729389,2.666848846
2013-07-16,-0.003143950816,2.658464404
2013-07-17,0.003147125619,2.666830925
2013-07-18,0.006259359302,2.683523578
2013-07-19,0.0008298605301,2.685750529
2013-07-22,0.003221407647,2.694402426
2013-07-23,-0.0002210463328,2.693806838
2013-07-24,-0.004434192951,2.681861979
2013-07-25,0.004522829764,2.693991584
2013-07-26,-0.003054161959,2.685763697
2013-07-29,-0.006541955475,2.668193551
2013-07-30,0.0002347250169,2.668819843
2013-07-31,0.001592391468,2.673069649
2013-08-01,0.01291596007,2.70759491
2013-08-02,0.003576430802,2.717278435
2013-08-05,-4.914328225e-05,2.717144899
2013-08-06,-0.005729852263,2.701576061
2013-08-07,-0.004906342293,2.688321204
2013-08-08,0.005600127218,2.703376144
2013-08-09,-0.000719935046,2.701429889
2013-08-12,0.0004522030036,2.702651484
2013-08-13,0.002701307479,2.709952177
2013-08-14,-0.002856929909,2.702210033
2013-08-15,-0.01363676843,2.665360621
2013-08-16,-0.001910274143,2.660269051
2013-08-19,-0.007884807448,2.639293342
2013-08-20,0.006005214449,2.655142864
2013-08-21,-0.008001162366,2.633898635
2013-08-22,0.01098936936,2.66284352
2013-08-23,0.00486037659,2.675785943
2013-08-26,-0.003644441933,2.666034196
2013-08-27,-0.01885122655,2.615776181
2013-08-28,0.001457051549,2.619587502
2013-08-29,0.003307875051,2.62825277
2013-08-30,-0.0103709979,2.600995166
2013-09-03,0.01018777039,2.627493508
2013-09-04,0.008677655906,2.650293992
2013-09-05,0.0006717014377,2.652074199
2013-09-06,0.002883941683,2.659722626
2013-09-09,0.01281838449,2.693815973
2013-09-10,0.009502159036,2.719413041
2013-09-11,0.002375073006,2.725871846
2013-09-12,-0.005237693007,2.711594566
2013-09-13,0.004171632001,2.72290634
2013-09-16,0.005260134464,2.737229194
2013-09-17,0.004998454195,2.750911109
2013-09-18,0.01592292107,2.794713649
2013-09-19,-0.002489674417,2.787755722
2013-09-20,-0.005965563234,2.771125189
2013-09-23,-0.001615023457,2.766649757
2013-09-24,-0.0001964831954,2.766106157
2013-09-25,-0.001224809561,2.762718203
2013-09-26,0.004530170881,2.775233789
2013-09-27,-0.004215389551,2.763535097
2013-09-30,-0.004068447926,2.752291799
2013-10-01,0.008292245727,2.775114479
2013-10-02,-0.001778832801,2.770178014
2013-10-03,-0.008670761355,2.746158462
2013-10-04,0.005536611881,2.761362875
2013-10-07,-0.01022032484,2.733140849
2013-10-08,-0.01185609015,2.700736485
2013-10-09,0.0003316984342,2.701632315
2013-10-10,0.02120848994,2.758929857
2013-10-11,0.008752083875,2.783076243
2013-10-14,0.004140995314,2.794600948
2013-10-15,-0.007281038769,2.77425335
2013-10-16,0.01127865209,2.805543189
2013-10-17,0.009568459405,2.832387915
2013-10-18,0.008037680513,2.855153744
2013-10-21,-0.0001389186752,2.85475711
2013-10-22,0.006129763942,2.872256097
2013-10-23,-0.005951268683,2.855162529
2013-10-24,0.005205638649,2.870025474
2013-10-25,0.0008726166719,2.872529906
2013-10-28,-0.0001713033184,2.872037832
2013-10-29,0.003442011297,2.881923418
2013-10-30,-0.007409005397,2.860571232
2013-10-31,-0.004749695064,2.846984391
2013-11-01,-0.002257360516,2.840557721
2013-11-04,0.006632228894,2.85939695
2013-11-05,-0.005091486212,2.84483837
2013-11-06,0.003181586861,2.85388947
2013-11-07,-0.01509741539,2.810803115
2013-11-08,0.0125097214,2.845965479
2013-11-11,0.001229520445,2.849464652
2013-11-12,-0.001524183912,2.845121544
2013-11-13,0.006946458356,2.864885062
2013-11-14,0.00286168695,2.873083466
2013-11-15,0.00540937765,2.88862506
2013-11-18,-0.003512401048,2.87847905
2013-11-19,-0.003640294828,2.868000538
2013-11-20,-0.003487512335,2.857998351
2013-11-21,0.01078068789,2.888809539
2013-11-22,0.004274764256,2.901158519
2013-11-25,-0.0009221851408,2.898483113
2013-11-26,0.002562602544,2.905910774
2013-11-27,0.003481740597,2.916028401
2013-11-29,0.0006108373489,2.91780962
2013-12-02,-0.0066788978,2.898321868
2013-12-03,-0.003981592994,2.88678193
2013-12-04,-0.0006192465416,2.8849943
2013-12-05,-0.001654741808,2.880220379
2013-12-06,0.00874439297,2.905406158
2013-12-09,0.002115184608,2.911551629
2013-12-10,-0.004449659743,2.898596215
2013-12-11,-0.01350582513,2.859448281
2013-12-12,-0.001231219641,2.855927672
2013-12-13,0.0006232852076,2.85770773
2013-12-16,0.007886393249,2.880244736
2013-12-17,-0.002202700483,2.87390042
2013-12-18,0.01414647168,2.914555971
2013-12-19,-0.003794331907,2.903497178
2013-12-20,0.0109563569,2.93530893
2013-12-23,0.009067517393,2.961924894
2013-12-24,0.002160903101,2.968325327
2013-12-26,0.002828955984,2.976722589
2013-12-27,-0.001056533728,2.973577581
2013-12-30,-0.0007519971804,2.971341459
2013-12-31,0.004533823392,2.984812996
2014-01-02,-0.009421362962,2.95669199
2014-01-03,-0.0007667531146,2.954424937
2014-01-06,-0.004899995712,2.939948267
2014-01-07,0.007920147199,2.96323309
2014-01-08,0.00123551245,2.966894202
2014-01-09,-0.0008022182521,2.964514105
2014-01-10,0.003807936583,2.975802787
2014-01-13,-0.01391952164,2.934381036
2014-01-14,0.0140839649,2.975708755
2014-01-15,0.007020380449,2.996599363
2014-01-16,5.952937513e-06,2.996617201
2014-01-17,-0.004470146856,2.983221882
2014-01-21,0.005505419166,2.999645769
2014-01-22,0.002769509971,3.007953318
2014-01-23,-0.006104153715,2.989592309
2014-01-24,-0.02217091354,2.923310316
2014-01-27,-0.009745051798,2.894822506
2014-01-28,0.005309353215,2.910192141
2014-01-29,-0.01158330589,2.876482495
2014-01-30,0.01466511276,2.918666435
2014-01-31,-0.005316942838,2.903148053
2014-02-03,-0.02558374632,2.828874649
2014-02-04,0.007302328766,2.849532022
2014-02-05,-0.003778344827,2.838765507
2014-02-06,0.01128473891,2.870800235
2014-02-07,0.01385242455,2.910567779
2014-02-10,0.003394319087,2.920447174
2014-02-11,0.01041611727,2.950866895
2014-02-12,0.00211209275,2.957099399
2014-02-13,0.008431963634,2.982033554
2014-02-14,0.002977329296,2.99091205
2014-02-18,0.005509328298,3.007389966
2014-02-19,-0.007910105214,2.983601195
2014-02-20,0.007123222117,3.004854049
2014-02-21,0.0002166447634,3.005505035
2014-02-24,0.006077709901,3.023771623
2014-02-25,-0.0001517245617,3.023312842
2014-02-26,0.001780501649,3.028695856
2014-02-27,0.005729926334,3.04605006
2014-02-28,-0.0008533272669,3.043450782
2014-03-03,-0.00660302697,3.023354795
2014-03-04,0.01730675568,3.075679257
2014-03-05,0.001025126198,3.078832217
2014-03-06,0.0004148778369,3.080109556
2014-03-07,-0.001618536431,3.075124287
2014-03-10,-0.0009962138741,3.072060805
2014-03-11,-0.006546919646,3.05194827
2014-03-12,0.002361793273,3.059156341
2014-03-13,-0.01230547242,3.021511977
2014-03-14,-0.001818343463,3.01601783
2014-03-17,0.007421635298,3.038401615
2014-03-18,0.01126019354,3.072614605
2014-03-19,-0.005751104481,3.054943677
2014-03-20,0.003320040505,3.065086214
2014-03-21,-0.006842456673,3.044113494
2014-03-24,-0.008093962636,3.019474553
2014-03-25,0.002598446372,3.027320496
2014-03-26,-0.01307656497,2.987733543
2014-03-27,-0.003415249749,2.977529687
2014-03-28,0.001975288797,2.983411168
2014-03-31,0.01108436747,3.016480393
2014-04-01,0.01244937922,3.054033702
2014-04-02,0.003473654484,3.06464236
2014-04-03,-0.006465633659,3.044827505
2014-04-04,-0.02051415388,2.982365445
2014-04-07,-0.01171065259,2.947439999
2014-04-08,0.006786507476,2.967442823
2014-04-09,0.01410943607,3.009311768
2014-04-10,-0.02684204682,2.92853568
2014-04-11,-0.01149528998,2.894871313
2014-04-14,0.006177716015,2.912755006
2014-04-15,0.004691481691,2.926420143
2014-04-16,0.0115501959,2.960220869
2014-04-17,0.002204197214,2.96674578
2014-04-21,0.005201562311,2.982177493
2014-04-22,0.007601302438,3.004845926
2014-04-23,-0.005806818066,2.987397332
2014-04-24,0.003015945676,2.99640716
2014-04-25,-0.01392888551,2.954670548
2014-04-28,0.00019716021,2.955253091
2014-04-29,0.005052833733,2.970185494
2014-04-30,0.004091510436,2.982338039
2014-05-01,0.0009077956914,2.985045392
2014-05-02,-0.0008182920488,2.982602754
2014-05-05,0.001974144203,2.988490841
2014-05-06,-0.01264398857,2.950704397
2014-05-07,0.001215118797,2.954289854
2014-05-08,-0.004022134664,2.942407302
2014-05-09,0.004787739936,2.956494783
2014-05-12,0.01631079305,3.004717558
2014-05-13,-0.002733288013,2.996504799
2014-05-14,-0.00873033448,2.97034431
2014-05-15,-0.007795702211,2.94718839
2014-05-16,0.005449091437,2.963247889
2014-05-19,0.00713106891,2.984379014
2014-05-20,-0.008396019689,2.959322109
2014-05-21,0.007701794676,2.982114201
2014-05-22,0.00574026847,2.999232337
2014-05-23,0.007405995843,3.021444639
2014-05-27,0.01099557084,3.054667147
2014-05-28,-0.003000837706,3.045500587
2014-05-29,0.004976587546,3.060656787
2014-05-30,-0.0009260101707,3.057822588
2014-06-02,-0.001749555021,3.052472759
2014-06-03,-0.001120632774,3.049052058
2014-06-04,0.003226876623,3.058890973
2014-06-05,0.01197600337,3.095524262
2014-06-06,0.006703156726,3.116274046
2014-06-09,0.003023882353,3.125697292
2014-06-10,-4.677025821e-05,3.125551102
2014-06-11,-0.002859247212,3.116614379
2014-06-12,-0.007412497709,3.093512482
2014-06-13,0.002571427849,3.101467226
2014-06-16,0.002178582197,3.108224028
2014-06-17,0.00346015133,3.118978953
2014-06-18,0.006572716673,3.139479118
2014-06-19,0.0004416325602,3.140865614
2014-06-20,0.002171869255,3.147687164
2014-06-23,-0.0006788001864,3.145550513
2014-06-24,-0.005889896676,3.127023545
2014-06-25,0.006454532271,3.14720702
2014-06-26,-0.0006261154618,3.145236505
2014-06-27,0.004352486247,3.158926104
2014-06-30,0.001722458825,3.164367224
2014-07-01,0.009281908995,3.193738592
2014-07-02,0.0007650706748,3.196182028
2014-07-03,0.004417918658,3.2103025
2014-07-07,-0.004771110704,3.194985792
2014-07-08,-0.009655338961,3.164137121
2014-07-09,0.005049337304,3.180113916
2014-07-10,-0.006039024932,3.160909129
2014-07-11,0.002804297647,3.169773259
2014-07-14,0.006142960526,3.189245051
2014-07-15,-0.0026054839,3.180935525
2014-07-16,0.00462452495,3.19564584
2014-07-17,-0.01245421304,3.155846586
2014-07-18,0.01131370562,3.191550905
2014-07-21,-0.002267550955,3.184313901
2014-07-22,0.00504948394,3.200393043
2014-07-23,0.003566075536,3.211805886
2014-07-24,0.0004230379006,3.213164602
2014-07-25,-0.004232746151,3.199564092
2014-07-28,0.0002874377332,3.200483767
2014-07-29,-0.002704559686,3.191827868
2014-07-30,0.0008704166238,3.194606088
2014-07-31,-0.01888162503,3.134286734
2014-08-01,-0.004548982629,3.120028918
2014-08-04,0.006258147835,3.13955452
2014-08-05,-0.01004938874,3.108003916
2014-08-06,-0.0009556312272,3.105033811
2014-08-07,-0.005562895716,3.087760831
2014-08-08,0.008213868769,3.113123294
2014-08-11,0.004209447244,3.126227822
2014-08-12,-0.0008584479939,3.123544118
2014-08-13,0.007667999289,3.147495452
2014-08-14,0.005074016072,3.163465894
2014-08-15,0.00119586718,3.167248979
2014-08-18,0.007527190368,3.191089465
2014-08-19,0.004408724207,3.205158099
2014-08-20,-0.0001586116099,3.204649724
2014-08-21,0.003050751424,3.214426313
2014-08-22,-0.001609462707,3.209252814
2014-08-25,0.005024534389,3.225377815
2014-08-26,0.0006014639754,3.227317764
2014-08-27,0.0005814836761,3.229194396
2014-08-28,-0.00204307669,3.222596904
2014-08-29,0.002040047759,3.229171156
2014-09-02,0.00145206089,3.233860109
2014-09-03,0.001556907378,3.23889493
2014-09-04,-0.001661392734,3.233513853
2014-09-05,0.006034848413,3.253027619
2014-09-08,-0.004153734447,3.239515406
2014-09-09,-0.008994513196,3.210377542
2014-09-10,0.002592978638,3.218701983
2014-09-11,-0.002127456609,3.211854334
2014-09-12,-0.007187026452,3.188770652
2014-09-15,-0.005142393056,3.17237274
2014-09-16,0.009783216208,3.203408748
2014-09-17,-0.002144095726,3.196540333
2014-09-18,0.004745767402,3.21171037
2014-09-19,-0.003018912077,3.202014499
2014-09-22,-0.01073685275,3.167634941
2014-09-23,-0.004686054,3.152791232
2014-09-24,0.01096392844,3.18735821
2014-09-25,-0.0196480075,3.124732972
2014-09-26,0.007695153656,3.148778272
2014-09-29,-0.007802911687,3.124208633
2014-09-30,-0.0004043077566,3.122945492
2014-10-01,-0.01666579817,3.070899112
2014-10-02,-0.001171502341,3.067301547
2014-10-03,0.009050936798,3.095063499
2014-10-06,-0.0002265801458,3.094362219
2014-10-07,-0.01249860417,3.055687011
2014-10-08,0.01955551252,3.115442536
2014-10-09,-0.01199437095,3.078074763
2014-10-10,-0.01181532488,3.04170631
2014-10-13,-0.01038210051,3.010127009
2014-10-14,0.005944217848,3.02801986
2014-10-15,-0.00569973096,3.010760961
2014-10-16,-0.001842109279,3.00521481
2014-10-17,0.00873357406,3.031461077
2014-10-20,0.01330753815,3.07180236
2014-10-21,0.01839564977,3.128310161
2014-10-22,-0.004003628758,3.115785568
2014-10-23,0.01146027606,3.151493331
2014-10-24,0.005032001659,3.167351651
2014-10-27,0.002244477128,3.174460699
2014-10-28,0.01031582323,3.207207875
2014-10-29,-0.003616551137,3.195608843
2014-10-30,0.004945358638,3.211412275
2014-10-31,0.01259839326,3.25187091
2014-11-03,0.004079679308,3.2651375
2014-11-04,-0.001900583858,3.258931833
2014-11-05,0.001663484358,3.264353015
2014-11-06,0.0002325745662,3.26511222
2014-11-07,0.003845747639,3.277669018
2014-11-10,-0.000831444004,3.27494382
2014-11-11,0.001597635311,3.280175986
2014-11-12,-5.324570045e-05,3.28000133
2014-11-13,0.002594125683,3.288510066
2014-11-14,0.002744070793,3.29753397
2014-11-17,-0.001625719184,3.292173106
2014-11-18,0.005341639525,3.309758708
2014-11-19,-0.00416584804,3.295970756
2014-11-20,0.003810425394,3.308529807
2014-11-21,0.004437104464,3.323210099
2014-11-24,0.003812314094,3.33587922
2014-11-25,0.003041592265,3.346025604
2014-11-26,0.003922619774,3.359150791
2014-11-28,0.003474544998,3.370822311
2014-12-01,-0.008034660312,3.343738899
2014-12-02,0.004897605883,3.360115214
2014-12-03,0.001559831626,3.365356428
2014-12-04,0.0003394464651,3.366498787
2014-12-05,-0.001109861737,3.362762438
2014-12-08,-0.002490328043,3.354388057
2014-12-09,0.002346209074,3.362258153
2014-12-10,-0.01091129518,3.325571561
2014-12-11,0.003885291508,3.338492376
2014-12-12,-0.011918461,3.298702685
2014-12-15,-0.01006125271,3.265513604
2014-12-16,-0.00847997179,3.237822141
2014-12-17,0.02025934578,3.303418299
2014-12-18,0.01859664122,3.364850784
2014-12-19,0.00272224719,3.374010739
2014-12-22,0.007937227815,3.400791031
2014-12-23,-0.001661414657,3.395140907
2014-12-24,-0.001061131338,3.391538217
2014-12-26,0.004622963007,3.407217172
2014-12-29,0.002213317533,3.414758426
2014-12-30,-0.004253070049,3.400235219
2014-12-31,-0.01235025303,3.358241454
2015-01-02,0.003841595837,3.37114246
2015-01-05,0.001504173933,3.376213245
2015-01-06,0.00484245823,3.392562417
2015-01-07,0.008749096236,3.422244272
2015-01-08,0.00322399098,3.433277556
2015-01-09,0.001613389613,3.438816771
2015-01-12,0.0009766402378,3.442175257
2015-01-13,-0.0006036388481,3.440097427
2015-01-14,0.00357017469,3.452379175
2015-01-15,0.00169162623,3.458219311
2015-01-16,0.002551274232,3.467042176
2015-01-20,0.004441297146,3.482440341
2015-01-21,-0.002378182951,3.474158461
2015-01-22,0.01089705989,3.512016574
2015-01-23,0.004430743237,3.527577417
2015-01-26,0.001409046812,3.532547939
2015-01-27,-0.008008544564,3.504257371
2015-01-28,0.001522346327,3.509592065
2015-01-29,0.002183810838,3.51725635
2015-01-30,-0.003536811946,3.504816476
2015-02-02,0.0007568617122,3.507469137
2015-02-03,-0.0009558346025,3.504116577
2015-02-04,-0.001099926691,3.500262305
2015-02-05,0.003222097067,3.51154049
2015-02-06,-0.01761120587,3.449698028
2015-02-09,-0.00394842511,3.436077153
2015-02-10,0.003600345831,3.448448219
2015-02-11,0.0008483524161,3.451373719
2015-02-12,0.006756675163,3.47469353
2015-02-13,-0.002780112344,3.465033492
2015-02-17,-0.005529815248,3.445872496
2015-02-18,0.005550910233,3.465000225
2015-02-19,-0.007717799443,3.438258049
2015-02-20,0.00642801146,3.460359211
2015-02-23,0.006836983361,3.484017629
2015-02-24,-0.001944859255,3.477241705
2015-02-25,0.000690734685,3.479643557
2015-02-26,-0.00649114661,3.45705668
2015-02-27,0.003952702969,3.470721398
2015-03-02,-0.001276288738,3.466291756
2015-03-03,-0.003398691924,3.454510898
2015-03-04,-0.004367212958,3.439424313
2015-03-05,0.001127750259,3.443303125
2015-03-06,-0.02220512489,3.366844149
2015-03-09,0.006693436601,3.389379907
2015-03-10,-0.002049793052,3.382432379
2015-03-11,0.0007933354618,3.385115783
2015-03-12,0.007753516239,3.411362333
2015-03-13,-0.002674335505,3.402239206
2015-03-16,0.01095211779,3.43950093
2015-03-17,0.00317262525,3.450413178
2015-03-18,0.01668039282,3.507967425
2015-03-19,-0.001361487706,3.50319137
2015-03-20,0.0122786997,3.546206005
2015-03-23,-0.001471833233,3.540986581
2015-03-24,-0.0008149811689,3.538100744
2015-03-25,-0.01619413838,3.480804251
2015-03-26,-0.008076861749,3.452690276
2015-03-27,0.005915747508,3.47311552
2015-03-30,0.006939015218,3.497215522
2015-03-31,-0.005752591371,3.47709747
2015-04-01,0.002167835038,3.484635244
2015-04-02,-0.0007759169188,3.481931456
2015-04-06,0.004323622163,3.496986012
2015-04-07,-0.003643699862,3.484244045
2015-04-08,0.003262801696,3.495612442
2015-04-09,-0.00914447326,3.463646908
2015-04-10,0.001613920221,3.469236957
2015-04-13,-0.001260903943,3.464862583
2015-04-14,0.002575740876,3.473787171
2015-04-15,-0.0006990540397,3.471358806
2015-04-16,-0.001268312593,3.466956038
2015-04-17,-0.002920054589,3.456832337
2015-04-20,0.002547075549,3.46563715
2015-04-21,0.0004852244585,3.467318762
2015-04-22,-0.00257818536,3.458379372
2015-04-23,0.003584958726,3.470777519
2015-04-24,0.007290007984,3.496079515
2015-04-27,-0.001288171477,3.491575965
2015-04-28,-0.005908553585,3.470945801
2015-04-29,-0.01289460483,3.426189327
2015-04-30,-0.01007164711,3.391681957
2015-05-01,0.002430260288,3.399924627
2015-05-04,-0.002545850575,3.391268927
2015-05-05,-0.008635577137,3.361983362
2015-05-06,-0.01007404826,3.32811458
2015-05-07,0.01134683973,3.365878162
2015-05-08,0.005963692,3.385951223
2015-05-11,-0.01204901728,3.345153838
2015-05-12,6.119387623e-06,3.345174309
2015-05-13,-0.008807384084,3.315712074
2015-05-14,0.006248439205,3.336430099
2015-05-15,0.009545603037,3.368278336
2015-05-18,-0.003191945499,3.357526975
2015-05-19,-0.000203841084,3.356842573
2015-05-20,0.0009389647793,3.35999453
2015-05-21,0.002557567959,3.368587945
2015-05-22,0.002783288536,3.377963697
2015-05-26,0.006855094756,3.401119958
2015-05-27,0.004165496788,3.415287312
2015-05-28,-0.002392078089,3.407117678
2015-05-29,-0.003618567709,3.394788792
2015-06-01,0.002467109832,3.403164109
2015-06-02,-0.007132757668,3.378890164
2015-06-03,-0.001247505354,3.374674981
2015-06-04,-0.002136961446,3.36746343
2015-06-05,0.002132882593,3.374645835
2015-06-08,-0.00720606172,3.350327928
2015-06-09,-0.0009542642158,3.34713083
2015-06-10,0.002699209593,3.356165438
2015-06-11,0.001426395373,3.360952657
2015-06-12,-0.003003589063,3.350857736
2015-06-15,-0.001922979207,3.344414106
2015-06-16,0.002487636464,3.352733793
2015-06-17,-0.002023662313,3.345948992
2015-06-18,0.003778223225,3.358590734
2015-06-19,-0.0008356804757,3.355784025
2015-06-22,0.003132327197,3.366295439
2015-06-23,0.004180022179,3.380366629
2015-06-24,-0.00238114957,3.37231747
2015-06-25,-0.001199334231,3.368272934
2015-06-26,-0.001276216938,3.363974287
2015-06-29,-0.009736981383,3.331219332
2015-06-30,0.003466609101,3.342767367
2015-07-01,0.005309790072,3.36051676
2015-07-02,-0.003495351259,3.348770574
2015-07-06,-0.0002176123215,3.34804184
2015-07-07,0.002270153312,3.355642409
2015-07-08,-0.01220706018,3.31467988
2015-07-09,0.002071927897,3.321547657
2015-07-10,0.007348029752,3.345954488
2015-07-13,0.01293169513,3.389223352
2015-07-14,0.003523926501,3.401166726
2015-07-15,4.229143015e-05,3.401310566
2015-07-16,0.008537851485,3.43035045
2015-07-17,0.004244229703,3.444909646
2015-07-20,-0.0005277318214,3.443091657
2015-07-21,-0.00411793258,3.428913238
2015-07-22,-0.001757524028,3.422886841
2015-07-23,-0.006231218192,3.401558086
2015-07-24,-0.008111285775,3.373967076
2015-07-27,-0.008148948,3.346472794
2015-07-28,0.005985729283,3.366503874
2015-07-29,0.004038503967,3.380099513
2015-07-30,0.003852360816,3.393120876
2015-07-31,0.0003942728806,3.394458692
2015-08-03,-0.001909383397,3.387977369
2015-08-04,-0.002237883908,3.380395469
2015-08-05,-5.847785124e-05,3.38019779
2015-08-06,-0.00303662661,3.369933392
2015-08-07,0.003428497704,3.381487201
2015-08-10,-0.001888269888,3.37510204
2015-08-11,0.001020721918,3.378547081
2015-08-12,-0.004210251789,3.364322547
2015-08-13,-0.001087045714,3.360665375
2015-08-14,0.002222196744,3.368133434
2015-08-17,0.004809231035,3.384331566
2015-08-18,-0.003537294979,3.372360187
2015-08-19,-0.001007800869,3.368961519
2015-08-20,-0.00771839671,3.342958538
2015-08-21,-0.01675824822,3.286936409
2015-08-24,-0.01844188359,3.22631911
2015-08-25,-0.004284356519,3.212496409
2015-08-26,0.01442433398,3.25883453
2015-08-27,0.01078102268,3.293968099
2015-08-28,0.001986196316,3.300510566
2015-08-31,-0.007226239871,3.276660285
2015-09-01,-0.01001112327,3.243857235
2015-09-02,0.001072936448,3.247337688
2015-09-03,0.001597478755,3.252525241
2015-09-04,-0.0003975253608,3.25123228
2015-09-08,-0.001193757741,3.247351096
2015-09-09,0,3.247351096
2015-09-10,-0.001331171509,3.243028315
2015-09-11,-0.001470196383,3.238260426
2015-09-14,0.0001342184579,3.238695061
2015-09-15,0.00134195074,3.24304123
2015-09-16,-0.0009355989353,3.240007044
2015-09-17,-0.003484740657,3.22871646
2015-09-18,0.003386106572,3.239649238
2015-09-21,0.002011276053,3.246165067
2015-09-22,0.001466081524,3.250924209
2015-09-23,0,3.250924209
2015-09-24,-0.001061594089,3.247473047
2015-09-25,0.0005324929185,3.249202304
2015-09-28,-0.0003987327218,3.24790674
2015-09-29,-0.0005322499605,3.246178042
2015-09-30,0.001199515714,3.250071884
2015-10-01,-0.0001327746791,3.249640356
2015-10-02,0.002163198464,3.256669974
2015-10-05,-0.006236091915,3.23636108
2015-10-06,-0.0001441408621,3.235894588
2015-10-07,-0.00153905661,3.230914363
2015-10-08,-0.004462220929,3.21649731
2015-10-09,-0.0005491631108,3.214730928
2015-10-12,0.003382627638,3.225605166
2015-10-13,0.0003372319228,3.226692943
2015-10-14,0.001901108149,3.232827235
2015-10-15,-0.0005888400483,3.230923617
2015-10-16,0.0003720325107,3.232125625
2015-10-19,-0.0001222525969,3.23173049
2015-10-20,-0.003461677177,3.220543282
2015-10-21,0.004861897105,3.236201232
2015-10-22,0.005756093649,3.254829109
2015-10-23,-0.001934588324,3.248532355
2015-10-26,0.002032933412,3.255136405
2015-10-27,0.001932607548,3.261427306
2015-10-28,-0.0002949508849,3.260465345
2015-10-29,-0.008790855961,3.231803064
2015-10-30,0.001988071352,3.238228119
2015-11-02,-0.002753776641,3.229310762
2015-11-03,-0.003425365568,3.218249192
2015-11-04,0.001281247321,3.222372566
2015-11-05,0.001587823289,3.227489124
2015-11-06,-0.006446802427,3.206682139
2015-11-09,-0.006355569428,3.186301848
2015-11-10,0.004720476681,3.201342712
2015-11-11,-0.0005168461926,3.19968811
2015-11-12,-0.003691590149,3.187876173
2015-11-13,-0.002624955177,3.179508141
2015-11-16,0.005648846845,3.197468695
2015-11-17,0.0005148411082,3.199114884
2015-11-18,0.002931494387,3.208493071
2015-11-19,-0.001287387391,3.204362497
2015-11-20,0.006504468085,3.225205171
2015-11-23,0.00122935739,3.229170101
2015-11-24,-0.002405020615,3.22140388
2015-11-25,0.001993588079,3.227826032
2015-11-27,0.003413705786,3.238844881
2015-11-30,-0.001690140941,3.233370777
2015-12-01,0.003084721125,3.243344824
2015-12-02,-0.008409874213,3.216068702
2015-12-03,-0.0188347051,3.155494996
2015-12-04,0.0165106243,3.207594188
2015-12-07,-0.001390013985,3.203135588
2015-12-08,-0.001305948224,3.198952458
2015-12-09,-0.01043953732,3.165556875
2015-12-10,0.0009677177111,3.16862024
2015-12-11,-0.00958161788,3.138259732
2015-12-14,0.004729817179,3.153103127
2015-12-15,0.007499457723,3.17674969
2015-12-16,0.01146522244,3.213171832
2015-12-17,-0.003380690788,3.202309092
2015-12-18,-0.01220802494,3.163215223
2015-12-21,0.003838935892,3.175358603
2015-12-22,0.003012469921,3.184924275
2015-12-23,0.006424353855,3.205385356
2015-12-24,-0.0008424441756,3.202684998
2015-12-28,0.001276674715,3.206773785
2015-12-29,0.009707812873,3.237904544
2015-12-30,-0.004160193901,3.224434234
2015-12-31,-0.005352507012,3.207175427
2016-01-04,-0.01052614653,3.173416228
2016-01-05,-0.0006437362037,3.171373385
2016-01-06,0.0003870274237,3.172600794
2016-01-07,-0.01320275019,3.130713738
2016-01-08,-0.0005873204792,3.128875006
2016-01-11,-0.001057403157,3.125566524
2016-01-12,0.009193313104,3.154300835
2016-01-13,-0.008729101541,3.126766623
2016-01-14,0.004886962385,3.142047014
2016-01-15,-0.005926656067,3.123425182
2016-01-19,0.0003422084529,3.124494044
2016-01-20,0.002616825007,3.132670298
2016-01-21,-0.002320279492,3.125401628
2016-01-22,0.01019398772,3.157261934
2016-01-25,-0.00416958054,3.144097476
2016-01-26,0.002511908779,3.151995162
2016-01-27,-0.008643401287,3.124751203
2016-01-28,0.003626143652,3.136081999
2016-01-29,0.01330344843,3.177802705
2016-02-01,-0.002315629423,3.170444091
2016-02-02,-0.004285014757,3.156858691
2016-02-03,-0.003488981967,3.145844468
2016-02-04,-0.002072791375,3.139323789
2016-02-05,-0.004859507874,3.12406822
2016-02-08,-0.01032997784,3.091796665
2016-02-09,-0.008524319118,3.065441204
2016-02-10,0.001646323467,3.070487911
2016-02-11,-0.005673543216,3.053067365
2016-02-12,0.005302374674,3.069255873
2016-02-16,0.009075496553,3.097110894
2016-02-17,0.002719858432,3.105534597
2016-02-18,0.003499551304,3.116402574
2016-02-19,0.00098307011,3.119466217
2016-02-22,0.00570804251,3.137272262
2016-02-23,-0.0007435675368,3.134939489
2016-02-24,-0.0001311514795,3.134528337
2016-02-25,0.006547242241,3.155050853
2016-02-26,0.0005199703069,3.156691386
2016-02-29,-0.0006433426093,3.154660552
2016-03-01,0.009516771906,3.184682737
2016-03-02,-0.00150637047,3.179885425
2016-03-03,-0.001696847296,3.174489645
2016-03-04,-0.002047897215,3.167988616
2016-03-07,-0.001332014682,3.163768809
2016-03-08,0.002060454696,3.170287611
2016-03-09,-0.001176459527,3.166557896
2016-03-10,-0.004495861072,3.152321492
2016-03-11,-0.00121760524,3.148483208
2016-03-14,0.001582020315,3.153464173
2016-03-15,0.0002048301638,3.154110097
2016-03-16,-0.001838166873,3.148312317
2016-03-17,-0.002590187598,3.140157597
2016-03-18,0.001394006467,3.144534997
2016-03-21,0.0001371687048,3.144966329
2016-03-22,0.0002408465098,3.145723783
2016-03-23,0.003279948033,3.156041594
2016-03-24,-0.0002019770445,3.155404146
2016-03-28,-0.0001801951613,3.154835557
2016-03-29,-0.0006914756867,3.152654065
2016-03-30,-0.001535436273,3.147813366
2016-03-31,0.0006701937429,3.149923011
2016-04-01,-0.0002326938576,3.149190043
2016-04-04,-0.002626055363,3.140920095
2016-04-05,0.00930917973,3.170159485
2016-04-06,-0.005183131075,3.153728133
2016-04-07,0.01059481603,3.187141302
2016-04-08,-0.003123567095,3.177186053
2016-04-11,0.004013956432,3.189939139
2016-04-12,-0.003568448243,3.178556006
2016-04-13,-0.002141361642,3.171749568
2016-04-14,-0.007041809266,3.149414713
2016-04-15,0.00615893485,3.168811753
2016-04-18,-0.002281357079,3.161582562
2016-04-19,0.003625138736,3.173043737
2016-04-20,-0.007059975803,3.150642125
2016-04-21,-0.001268752451,3.14664474
2016-04-22,-0.005490584397,3.129367822
2016-04-25,-0.0007804120732,3.126925625
2016-04-26,-0.0008890738101,3.124145558
2016-04-27,0.006115621558,3.14325165
2016-04-28,0.008829955735,3.171006423
2016-04-29,0.007217074452,3.193891812
2016-05-02,-0.005429308922,3.176551187
2016-05-03,0.001499599594,3.181314742
2016-05-04,0.005370836478,3.198401063
2016-05-05,0.001854018199,3.204330957
2016-05-06,0.002878443952,3.213554444
2016-05-09,0.004294768838,3.227355917
2016-05-10,-9.866232239e-05,3.227037499
2016-05-11,-0.006615282565,3.205689734
2016-05-12,0.001026391826,3.208980028
2016-05-13,-0.001707352737,3.203501167
2016-05-16,0.001956999101,3.209770416
2016-05-17,-0.006634143843,3.188476337
2016-05-18,-0.007910629214,3.163253483
2016-05-19,-0.003390621246,3.152528088
2016-05-20,0.002874962328,3.161591488
2016-05-23,0.0002536552297,3.162393442
2016-05-24,0.003596896878,3.173768245
2016-05-25,-0.0001521607085,3.173285322
2016-05-26,0.001677148737,3.178607394
2016-05-27,0.001164860129,3.182310027
2016-05-31,0.0003553248144,3.183440781
2016-06-01,0.0001664340425,3.183970614
2016-06-02,0.001033952864,3.187262689
2016-06-03,0.01913832097,3.248261545
2016-06-06,-0.0009568288144,3.245153515
2016-06-07,4.623784024e-05,3.245303564
2016-06-08,0.02010506784,3.310550612
2016-06-09,0.00794448135,3.33685122
2016-06-10,0.000185222539,3.33746928
2016-06-13,0.004362103934,3.352027668
2016-06-14,-0.001316413933,3.347615012
2016-06-15,0.008649625882,3.376570629
2016-06-16,-0.009217402584,3.345447419
2016-06-17,0.009659241026,3.377761902
2016-06-20,-0.0005189047986,3.376009165
2016-06-21,-0.01054677723,3.340403148
2016-06-22,0.0004716027544,3.341978491
2016-06-23,0.0009255588603,3.345071689
2016-06-24,0.02147296031,3.416900281
2016-06-27,0.001639870313,3.422503554
2016-06-28,0.004238098988,3.437008463
2016-06-29,0.01448709832,3.486800743
2016-06-30,0.01452839633,3.537458366
2016-07-01,0.0216500488,3.614044512
2016-07-05,0.008350230795,3.644222618
2016-07-06,-0.0008520107524,3.641117701
2016-07-07,-0.003897551532,3.626926257
2016-07-08,0.008494722883,3.65773599
2016-07-11,-0.002455164673,3.648755646
2016-07-12,-0.007489289247,3.62142906
2016-07-13,0.00663127874,3.645443765
2016-07-14,-0.009206813599,3.611880844
2016-07-15,-0.004030630024,3.597322689
2016-07-18,0.0004857019493,3.599069915
2016-07-19,0.004397338579,3.614896244
2016-07-20,-0.002468883315,3.605971487
2016-07-21,0.00208020364,3.613472642
2016-07-22,0.003241161741,3.625184492
2016-07-25,-0.001125049769,3.621105979
2016-07-26,-0.0009004904277,3.617845207
2016-07-27,0.002982499861,3.62863543
2016-07-28,0.002657155992,3.638277281
2016-07-29,0.008285654884,3.668422791
2016-08-01,-0.004050027293,3.653565578
2016-08-02,-0.006509069671,3.629784265
2016-08-03,-0.005486566888,3.609869211
2016-08-04,0.0006280167876,3.61213627
2016-08-05,-0.01426949333,3.560592915
2016-08-08,0.001752744428,3.566833725
2016-08-09,0.007396362409,3.593215319
2016-08-10,0.006045475774,3.614938016
2016-08-11,-0.01022981619,3.577957864
2016-08-12,-2.295161292e-06,3.577949652
2016-08-15,-0.001514900939,3.572529413
2016-08-16,-0.005059715581,3.55445343
2016-08-17,0.0008670368395,3.557535272
2016-08-18,0.000902598746,3.560746299
2016-08-19,-0.01133651815,3.520379834
2016-08-22,-0.002283499434,3.512341049
2016-08-23,-0.0001972121034,3.511648372
2016-08-24,-0.008008663134,3.483524764
2016-08-25,0.0004285030181,3.485017465
2016-08-26,-0.003532093764,3.472708056
2016-08-29,0.01113159623,3.51136484
2016-08-30,-0.00620312982,3.489583388
2016-08-31,0.001757954586,3.495717917
2016-09-01,0.003681834004,3.50858857
2016-09-02,0.01492109789,3.560940564
2016-09-06,0.01923205916,3.629424783
2016-09-07,-0.003868731956,3.615383512
2016-09-08,-0.008684106319,3.583987137
2016-09-09,-0.02452544439,3.49608826
2016-09-12,0.00463293986,3.512285426
2016-09-13,-0.01498344187,3.459659302
2016-09-14,0.003879997774,3.473082772
2016-09-15,-0.0005091625311,3.471314409
2016-09-16,-0.003993091581,3.457453132
2016-09-19,0.01005930327,3.492232702
2016-09-20,0.001095860944,3.496059703
2016-09-21,0.01972788655,3.565029572
2016-09-22,0.007628341319,3.592224835
2016-09-23,-0.002651308091,3.58270074
2016-09-26,-0.004288404659,3.56733667
2016-09-27,-0.01030675346,3.53056901
2016-09-28,0.002414198701,3.539092505
2016-09-29,-0.006669993986,3.515486779
2016-09-30,-0.001770337768,3.50926318
2016-10-03,-0.01311832791,3.463227515
2016-10-04,-0.02645532145,3.371606718
2016-10-05,-0.01007315312,3.337644007
2016-10-06,-0.009847180051,3.304777626
2016-10-07,0.002901301423,3.314365782
2016-10-10,0.00271354039,3.323359447
2016-10-11,-0.007364300623,3.298885229
2016-10-12,0.005965602724,3.318565068
2016-10-13,0.003069258058,3.328750601
2016-10-14,-0.007151812953,3.304943999
2016-10-17,0.003051313246,3.315028418
2016-10-18,0.006221606692,3.335653221
2016-10-19,0.002387704565,3.343617776
2016-10-20,-0.003381035137,3.332312886
2016-10-21,-0.0005324602796,3.330538562
2016-10-24,0.0003094069309,3.331569054
2016-10-25,0.003475090882,3.343146559
2016-10-26,-0.009570732985,3.311150196
2016-10-27,-0.01196820627,3.271521668
2016-10-28,0.002839050542,3.280809683
2016-10-31,0.009447985848,3.311806726
2016-11-01,0.001411168376,3.316480243
2016-11-02,-0.0007980348396,3.313833577
2016-11-03,-0.005927825133,3.294189751
2016-11-04,-0.0004036026034,3.292860207
2016-11-07,0.00467351777,3.308249448
2016-11-08,0.004298069192,3.322468533
2016-11-09,0.002494826718,3.330757516
2016-11-10,-0.003281968868,3.319826074
2016-11-11,-0.02054701989,3.251613541
2016-11-14,-0.01288010748,3.209732409
2016-11-15,0.00858191469,3.237278059
2016-11-16,-7.983984401e-05,3.237019595
2016-11-17,-0.00275569148,3.228099368
2016-11-18,-0.003560220494,3.216606622
2016-11-21,0.003254322363,3.227074497
2016-11-22,0.002708708453,3.235815701
2016-11-23,-0.007252882291,3.212346711
2016-11-25,0.003432185831,3.223372082
2016-11-28,0.002228072259,3.230553988
2016-11-29,0.001364417045,3.234961811
2016-11-30,-0.006570434168,3.213706707
2016-12-01,-0.005758946431,3.195199142
2016-12-02,-0.0006666666667,3.193069009
2016-12-05,0,3.193069009
2016-12-06,0,3.193069009
2016-12-07,0,3.193069009
2016-12-08,0,3.193069009
2016-12-09,0,3.193069009
2016-12-12,0,3.193069009
2016-12-13,0,3.193069009
2016-12-14,0,3.193069009
2016-12-15,0,3.193069009
2016-12-16,0,3.193069009
2016-12-19,0,3.193069009
2016-12-20,0,3.193069009
2016-12-21,0,3.193069009
2016-12-22,0,3.193069009
2016-12-23,0,3.193069009
2016-12-27,0,3.193069009
2016-12-28,0,3.193069009
2016-12-29,0,3.193069009
2016-12-30,0,3.193069009
2017-01-03,0,3.193069009
2017-01-04,0.0052255068,3.209754413
2017-01-05,-0.00384667043,3.197407546
2017-01-06,-0.001223843756,3.193494419
2017-01-09,-0.002186330326,3.186512385
2017-01-10,0.003189978519,3.196677291
2017-01-11,0.0005877588058,3.198556166
2017-01-12,-0.002567391076,3.190344222
2017-01-13,0.002414951039,3.198048747
2017-01-17,-0.004525789842,3.18357505
2017-01-18,0.001091253816,3.187049139
2017-01-19,-0.002719041353,3.17838342
2017-01-20,0.001719595083,3.183848953
2017-01-23,-0.001388432474,3.179428393
2017-01-24,0.005104037248,3.195656314
2017-01-25,0.003138839004,3.205686965
2017-01-26,-0.001336116274,3.201403795
2017-01-27,-0.00114639798,3.197733712
2017-01-30,-0.00465037504,3.182863051
2017-01-31,0.002333110918,3.190289023
2017-02-01,-0.0001971162721,3.189660165
2017-02-02,-0.001172002133,3.185921877
2017-02-03,0.004884363185,3.201483076
2017-02-06,-0.004603571192,3.186744821
2017-02-07,-0.002948204323,3.177349646
2017-02-08,0.0006791445833,3.179507526
2017-02-09,0.006378950861,3.199789448
2017-02-10,0.00610074738,3.219310555
2017-02-13,-0.002868249342,3.21007677
2017-02-14,0.001528702921,3.214984024
2017-02-15,0.002413353764,3.222742918
2017-02-16,-0.00302638176,3.212989667
2017-02-17,-0.0008479647124,3.210265165
2017-02-21,0.002189309584,3.21729343
2017-02-22,-0.003166001261,3.207107475
2017-02-23,-0.0009191898429,3.204159534
2017-02-24,-0.000876059042,3.201352501
2017-02-27,0.002396371755,3.209024132
2017-02-28,-0.003865775041,3.196618766
2017-03-01,0.007578395253,3.220844007
2017-03-02,-0.01530961298,3.171534132
2017-03-03,0.00402624206,3.184303496
2017-03-06,-0.002536181736,3.176227523
2017-03-07,-0.003325420642,3.165665231
2017-03-08,-0.0128426412,3.125009728
2017-03-09,-0.006818287975,3.103702512
2017-03-10,0.002101100528,3.110223703
2017-03-13,0.004985316296,3.125729152
2017-03-14,-0.004835775262,3.110613828
2017-03-15,0.01678152342,3.162814667
2017-03-16,0.002024951895,3.169219214
2017-03-17,0.001855071926,3.175098344
2017-03-20,0.002215964863,3.18213425
2017-03-21,-0.01485714108,3.134856833
2017-03-22,0.0014540263,3.139414997
2017-03-23,0.00135263587,3.143661482
2017-03-24,0.002201621309,3.150582634
2017-03-27,-0.0007485113785,3.148224388
2017-03-28,0.005535937041,3.16565276
2017-03-29,0.004781532432,3.180789431
2017-03-30,0.002087486235,3.187429285
2017-03-31,-0.001159701967,3.183732817
2017-04-03,-0.002968796266,3.174280963
2017-04-04,-0.0008629457938,3.171541731
2017-04-05,-0.005136563033,3.155250907
2017-04-06,0.003278666703,3.165595923
2017-04-07,-0.0003242605598,3.164569445
2017-04-10,0.0008641602364,3.16730414
2017-04-11,0.001211305846,3.171140714
2017-04-12,-0.005872687268,3.152517596
2017-04-13,-0.004582226011,3.138072048
2017-04-17,0.006674400847,3.159016799
2017-04-18,-0.0004331628968,3.15764843
2017-04-19,0.001691035513,3.162988125
2017-04-20,0.007035157629,3.185240246
2017-04-21,-0.0008268587304,3.182606502
2017-04-24,0.008177489874,3.208632234
2017-04-25,0.005649528139,3.226759492
2017-04-26,0.001242187938,3.230767734
2017-04-27,0.001906201012,3.236926227
2017-04-28,-0.003880191638,3.224366333
2017-05-01,0.004883738753,3.240113296
2017-05-02,0.0009321542969,3.243133581
2017-05-03,-0.005344960955,3.225799159
2017-05-04,-0.00405741967,3.212710738
2017-05-05,0.006123929234,3.232385151
2017-05-08,-0.000746915595,3.229970832
2017-05-09,0.005247315159,3.246919507
2017-05-10,0.004476714872,3.26145504
2017-05-11,-0.001855336333,3.255403944
2017-05-12,0.0003674577162,3.256600167
2017-05-15,0.007048415972,3.27955404
2017-05-16,0.001831056219,3.285559088
2017-05-17,-0.02314636302,3.209510344
2017-05-18,-0.001406437039,3.20499637
2017-05-19,0.01012389588,3.237443419
2017-05-22,0.005383550161,3.254872359
2017-05-23,0.001754818891,3.26058407
2017-05-24,0.003045241635,3.270513336
2017-05-25,0.00466660572,3.285775533
2017-05-26,0.001696361263,3.291349395
2017-05-30,-0.004090828657,3.277885049
2017-05-31,-0.003029053462,3.267956159
2017-06-01,0.01056023611,3.302466548
2017-06-02,0.007650690776,3.327732698
2017-06-05,-0.002542522452,3.319271863
2017-06-06,-0.001476560515,3.314370758
2017-06-07,0.001219431862,3.318412407
2017-06-08,0.006904709254,3.34132508
2017-06-09,-0.009151207438,3.310747921
2017-06-12,-0.004090080589,3.297206695
2017-06-13,0.006013614162,3.317034824
2017-06-14,-0.003499067271,3.305428296
2017-06-15,-0.006625173461,3.28352926
2017-06-16,-0.00170939985,3.277916396
2017-06-19,0.01136228977,3.315161032
2017-06-20,-0.009669861027,3.283103885
2017-06-21,0.003198367358,3.293604457
2017-06-22,0.002876394607,3.303078164
2017-06-23,0.005270548667,3.320487198
2017-06-26,0.002057327321,3.327318527
2017-06-27,-0.01287433023,3.284481529
2017-06-28,0.01248275219,3.325480898
2017-06-29,-0.01199055662,3.285606531
2017-06-30,0.001138623729,3.289347601
2017-07-03,0.001212648209,3.293336422
2017-07-05,0.001442671836,3.298087626
2017-07-06,-0.01136934899,3.260590517
2017-07-07,0.007478876112,3.284976069
2017-07-10,0.003891259307,3.297758763
2017-07-11,0.004644123253,3.313073961
2017-07-12,0.01297146682,3.35604939
2017-07-13,0.002657919406,3.364969499
2017-07-14,0.007387001321,3.389826533
2017-07-17,-0.0005949223562,3.38780985
2017-07-18,0.002361319794,3.395809552
2017-07-19,0.008041527985,3.42311705
2017-07-20,0.0002915301728,3.424114991
2017-07-21,-0.001880909145,3.417674542
2017-07-24,0.002987625298,3.427885273
2017-07-25,0.001345662418,3.43249805
2017-07-26,0.001982974666,3.439304606
2017-07-27,-0.006029166474,3.418568466
2017-07-28,-0.001320010973,3.414055918
2017-07-31,-0.002089372343,3.406922684
2017-08-01,0.002393413994,3.415076861
2017-08-02,-0.002434991908,3.406761176
2017-08-03,-0.004325357164,3.392025717
2017-08-04,0.003446891487,3.403717662
2017-08-07,0.004933763456,3.4205108
2017-08-08,-0.001545518444,3.415224337
2017-08-09,-0.006332541375,3.393597288
2017-08-10,-0.02110297133,3.321982302
2017-08-11,0.003796748078,3.334595031
2017-08-14,0.01276609071,3.377164774
2017-08-15,-0.002126961097,3.369981676
2017-08-16,0.004130965244,3.383902953
2017-08-17,-0.01715885845,3.325839041
2017-08-18,0.0025877954,3.334445632
2017-08-21,0.0005741455668,3.33636009
2017-08-22,0.01241678973,3.377786971
2017-08-23,-0.0001456019846,3.377295159
2017-08-24,0.001095612786,3.380995366
2017-08-25,0.002189797648,3.388399062
2017-08-28,0.001258442983,3.392663169
2017-08-29,0.000787934865,3.395336367
2017-08-30,0.006572443221,3.417652022
2017-08-31,0.007369457068,3.442838262
2017-09-01,0.003882124179,3.456203788
2017-09-05,-0.01025145323,3.420772676
2017-09-06,0.005236393582,3.438685188
2017-09-07,0.005971353067,3.459218792
2017-09-08,-0.005050765782,3.441747088
2017-09-11,0.01090933439,3.479294258
2017-09-12,0.001462064488,3.48438121
2017-09-13,-0.003111725949,3.473538771
2017-09-14,-0.0004834519631,3.471859482
2017-09-15,0.003425067629,3.483750835
2017-09-18,0.001173709602,3.487839747
2017-09-19,0.0028662192,3.49783666
2017-09-20,-0.003285664485,3.486343943
2017-09-21,-0.002724093441,3.476846816
2017-09-22,-0.001195313556,3.472690894
2017-09-25,-0.01106755766,3.434256687
2017-09-26,-0.0007684150068,3.431617753
2017-09-27,0.002050482095,3.438654223
2017-09-28,0.0005427610319,3.440520591
2017-09-29,0.008196441157,3.468720616
2017-10-02,8.016781143e-05,3.468998695
2017-10-03,0.007110876807,3.493666318
2017-10-04,-0.0003845268269,3.492322909
2017-10-05,0.00555925564,3.511737625
2017-10-06,-0.001462908279,3.506600275
2017-10-09,-0.0005057982859,3.504826643
2017-10-10,0.006703498857,3.528321244
2017-10-11,0.003333843203,3.540084114
2017-10-12,-0.00104073708,3.536399817
2017-10-13,0.006047429866,3.557785947
2017-10-16,0.0006919542674,3.560247772
2017-10-17,-0.002153138341,3.552582066
2017-10-18,0.00134930361,3.557375578
2017-10-19,-0.004697962841,3.54066316
2017-10-20,0.00169642664,3.546669635
2017-10-23,-0.00556118049,3.526945965
2017-10-24,0.00109378459,3.530803684
2017-10-25,-0.003286423184,3.519199969
2017-10-26,-0.003367510095,3.507349028
2017-10-27,0.01531777313,3.561073804
2017-10-30,-0.0005749531829,3.559026354
2017-10-31,0.005773764437,3.579575333
2017-11-01,0.001954357147,3.586571102
2017-11-02,0.0001166922705,3.586989627
2017-11-03,0.001264257935,3.591524507
2017-11-06,0.005252485865,3.610388939
2017-11-07,-0.005926670777,3.588991352
2017-11-08,0.003371652453,3.601092184
2017-11-09,-0.0049917332,3.583116492
2017-11-10,-0.001705556011,3.577005287
2017-11-13,-0.0002171426138,3.576228566
2017-11-14,-0.004359557297,3.560637793
2017-11-15,-0.004631516191,3.544146641
2017-11-16,0.01609622097,3.601194009
2017-11-17,0.001907141597,3.608061996
2017-11-20,0.00387373311,3.622038665
2017-11-21,0.01155869391,3.663904701
2017-11-22,0.0008048937444,3.666853755
2017-11-24,0.0006555976932,3.669257736
2017-11-27,-0.006055597449,3.647038188
2017-11-28,0.008584757088,3.678347125
2017-11-29,-0.009977967327,3.641644698
2017-11-30,-0.0002439547247,3.640756301
2017-12-01,-0.004664542449,3.623773839
2017-12-04,-0.004427756366,3.607728651
2017-12-05,-0.003323138135,3.595739671
2017-12-06,-0.00456555073,3.579323139
2017-12-07,0.004416177754,3.595130066
2017-12-08,0.0056707019,3.615516977
2017-12-11,0.004122540397,3.630422092
2017-12-12,-0.003722376344,3.616908294
2017-12-13,0.006628349574,3.640882427
2017-12-14,-0.006366535922,3.617702618
2017-12-15,0.00926100684,3.651206187
2017-12-18,0.0110590345,3.691585002
2017-12-19,-0.006371721212,3.668063252
2017-12-20,0.0007311199217,3.670745046
2017-12-21,0.003684658072,3.684270486
2017-12-22,0.001830252214,3.69101363
2017-12-26,-0.001891151294,3.684033365
2017-12-27,0.0005772279768,3.686159892
2017-12-28,0.004000686066,3.700907061
2017-12-29,-0.003253095979,3.688867655
2018-01-02,0.01528656673,3.745257776
2018-01-03,0.00736600084,3.772845348
2018-01-04,0.005887064202,3.795056331
2018-01-05,0.008074969945,3.825701297
2018-01-08,0.001204788273,3.830310457
2018-01-09,-0.0001534707925,3.829722616
2018-01-10,-0.003530558565,3.816201556
2018-01-11,0.006639373589,3.841538744
2018-01-12,0.00898808086,3.876066805
2018-01-16,-0.002548945259,3.866186923
2018-01-17,0.009715078736,3.903747233
2018-01-18,5.421114064e-05,3.90395886
2018-01-19,0.005630813265,3.925941323
2018-01-22,0.007192105939,3.954177109
2018-01-23,0.005406560012,3.975555605
2018-01-24,0.001228889221,3.980441122
2018-01-25,-0.00160437476,3.974055003
2018-01-26,0.01266503476,4.024386548
2018-01-29,-0.009731423266,3.985223539
2018-01-30,-0.01006459953,3.94511386
2018-01-31,0.003831368562,3.960229045
2018-02-01,-0.006392718833,3.934912414
2018-02-02,-0.02194234019,3.848571227
2018-02-05,-0.03879835773,3.699252984
2018-02-06,0.02624851266,3.796352873
2018-02-07,-0.01834371335,3.726713664
2018-02-08,-0.03431307537,3.598838657
2018-02-09,0.01249737471,3.643814693
2018-02-12,0.01625980165,3.703062397
2018-02-13,0.003260437477,3.715136
2018-02-14,0.02049546532,3.791279441
2018-02-15,0.01510841984,3.848559683
2018-02-16,-0.001061434544,3.844474688
2018-02-20,-0.007035634243,3.817426371
2018-02-21,-0.002822699905,3.806650922
2018-02-22,0.001915996248,3.813944451
2018-02-23,0.01539025509,3.872642029
2018-02-26,0.01063462115,3.913826109
2018-02-27,-0.018778943,3.840328592
2018-02-28,-0.01007669679,3.801630765
2018-03-01,-0.01166443346,3.757286896
2018-03-02,0.006043294423,3.779993287
2018-03-05,0.005956324134,3.802508152
2018-03-06,0.006480339646,3.827149697
2018-03-07,0.001018946267,3.831049356
2018-03-08,0.002615998109,3.841071374
2018-03-09,0.01572564035,3.901474681
2018-03-12,0.002951902594,3.912991455
2018-03-13,-0.009756942015,3.874812624
2018-03-14,0.001286386227,3.879797129
2018-03-15,-0.001692273109,3.873231453
2018-03-16,-0.001970784578,3.865598148
2018-03-19,-0.0133984257,3.813805219
2018-03-20,0.00474709067,3.831909698
2018-03-21,0.001037151427,3.835883968
2018-03-22,-0.02552679168,3.737966157
2018-03-23,-0.01922719005,3.666095572
2018-03-26,0.02917734671,3.773062513
2018-03-27,-0.01930422849,3.700226452
2018-03-28,-0.003575389414,3.686996702
2018-03-29,0.01612437132,3.746447206
2018-04-02,-0.02021613299,3.670708531
2018-04-03,0.009189777037,3.704441524
2018-04-04,0.006552778495,3.728715909
2018-04-05,0.004943436818,3.74714858
2018-04-06,-0.0170611793,3.683217806
2018-04-09,0.005432823468,3.703228079
2018-04-10,0.0174339909,3.767790123
2018-04-11,-0.003056733208,3.756272994
2018-04-12,0.005152562538,3.775627425
2018-04-13,-0.004726170658,3.757783166
2018-04-16,0.003479316892,3.770857684
2018-04-17,0.009379164073,3.806225177
2018-04-18,0.005277536797,3.826312671
2018-04-19,-0.006260080898,3.802359644
2018-04-20,-0.01071637315,3.761612139
2018-04-23,-0.003944438782,3.74677469
2018-04-24,-0.009989075914,3.709347873
2018-04-25,-0.00273818558,3.699190991
2018-04-26,0.01349495456,3.749111405
2018-04-27,0.002592836967,3.75883224
2018-04-30,-0.005843209823,3.736868594
2018-05-01,0.0009988125744,3.740601025
2018-05-02,-0.003804489439,3.726369948
2018-05-03,0.002896930563,3.737164983
2018-05-04,0.01435132101,3.790798238
2018-05-07,0.001068057679,3.794847029
2018-05-08,0.000591015161,3.797089841
2018-05-09,0.01162879114,3.841245406
2018-05-10,0.01133463002,3.884784501
2018-05-11,-0.004577262922,3.867002821
2018-05-14,0.004033327207,3.882599709
2018-05-15,-0.01011111453,3.843342298
2018-05-16,0.008613143706,3.876445558
2018-05-17,-0.005677595033,3.85443667
2018-05-18,-0.005901209384,3.831690832
2018-05-21,0.009440952915,3.867865645
2018-05-22,-0.001784168622,3.86096472
2018-05-23,0.001526354295,3.86685792
2018-05-24,-0.006944717454,3.840003685
2018-05-25,-0.01252520814,3.791906839
2018-05-29,-0.01336885919,3.741213371
2018-05-30,0.01292851892,3.789581718
2018-05-31,-0.007109971424,3.762637901
2018-06-01,0.002522245178,3.772128196
2018-06-04,-0.004835259519,3.753888977
2018-06-05,0.004138345089,3.769423865
2018-06-06,0.001559799027,3.775303409
2018-06-07,0.003413628264,3.788190891
2018-06-08,-0.002164907877,3.779989807
2018-06-11,0.002972069265,3.791224199
2018-06-12,0.002564491321,3.80094676
2018-06-13,0.003030838603,3.812466816
2018-06-14,0.0008876518056,3.815850959
2018-06-15,-0.02084933587,3.736293001
2018-06-18,0.008832939806,3.769295452
2018-06-19,-0.008150831853,3.738572559
2018-06-20,0.005532093101,3.75925469
2018-06-21,-0.004659330576,3.74173908
2018-06-22,0.02367263424,3.830315901
2018-06-25,-0.01727878273,3.764132704
2018-06-26,0.01675412734,3.827197463
2018-06-27,0.006067362115,3.850418456
2018-06-28,0.007454912435,3.879122988
2018-06-29,0.009195915297,3.914795075
2018-07-02,-0.006955906134,3.887564128
2018-07-03,-0.005134446385,3.867603638
2018-07-05,0.002937295933,3.878963935
2018-07-06,0.01077851854,3.920773419
2018-07-09,0.006275997344,3.945380183
2018-07-10,0.0003723832287,3.946849376
2018-07-11,-0.03010808572,3.828017297
2018-07-12,0.009381566769,3.863930097
2018-07-13,0.002719992057,3.874439956
2018-07-16,-0.02005359436,3.796743509
2018-07-17,0.002666704339,3.806868301
2018-07-18,0.005951451586,3.829524693
2018-07-19,-0.001353990815,3.824339552
2018-07-20,0.002775407906,3.834953654
2018-07-23,0.0008287967531,3.838132052
2018-07-24,0.006450443736,3.862889706
2018-07-25,0.01359564726,3.915408192
2018-07-26,-0.003894694085,3.900158875
2018-07-27,-0.009301339688,3.863882173
2018-07-30,0.0023429852,3.872935191
2018-07-31,-0.00533106161,3.852288335
2018-08-01,-0.008000355587,3.821468659
2018-08-02,0.01288382041,3.870703775
2018-08-03,0.0001016355173,3.871097176
2018-08-06,0.003479177946,3.884565412
2018-08-07,0.004900070374,3.903600055
2018-08-08,-0.01431595002,3.847716312
2018-08-09,-0.002044738953,3.839848737
2018-08-10,0.002256080865,3.848511746
2018-08-13,-0.003787118142,3.833936977
2018-08-14,0.002202962877,3.842382998
2018-08-15,-0.02277848887,3.75485932
2018-08-16,0.00666695015,3.77989278
2018-08-17,0.002935261597,3.790987754
2018-08-20,0.002002894824,3.798580704
2018-08-21,0.003513824155,3.811928248
2018-08-22,0.01664077566,3.875361691
2018-08-23,-0.001063127144,3.871241689
2018-08-24,0.009371910775,3.907522621
2018-08-27,0.006176774934,3.931658508
2018-08-28,-0.002471964614,3.921939588
2018-08-29,0.01284095681,3.972301044
2018-08-30,0.0008823391059,3.975805961
2018-08-31,-9.080938117e-05,3.975444921
2018-09-04,-0.006292317432,3.950430159
2018-09-05,-0.007919025597,3.919146602
2018-09-06,-0.009601707983,3.8815161
2018-09-07,-0.001925346729,3.874042836
2018-09-10,-0.0001007605889,3.873652485
2018-09-11,0.01226308524,3.921155416
2018-09-12,0.002327684958,3.93028263
2018-09-13,-0.002902272731,3.918875878
2018-09-14,0.0006608846846,3.921465803
2018-09-17,-0.009030538029,3.886052857
2018-09-18,0.009221016342,3.921886214
2018-09-19,0.004203774453,3.938372939
2018-09-20,0.003646684913,3.952734944
2018-09-21,0.0001845537709,3.953464436
2018-09-24,0.006156194539,3.977802733
2018-09-25,0.001401015522,3.983375696
2018-09-26,-0.006304175991,3.958263795
2018-09-27,0.006150829812,3.982610402
2018-09-28,0.006619355749,4.008972717
2018-10-01,0.005526723131,4.031129199
2018-10-02,-0.006031084689,4.006817117
2018-10-03,0.007687133018,4.037618053
2018-10-04,-0.01812728829,3.964426987
2018-10-05,-0.008149408883,3.93211925
2018-10-08,-0.002946559527,3.920533027
2018-10-09,0.002758140791,3.931346409
2018-10-10,-0.03350541427,3.799625019
2018-10-11,-0.0198199063,3.724316807
2018-10-12,0.01313223201,3.7732254
2018-10-15,-0.0025772525,3.763500845
2018-10-16,0.02068428125,3.841346155
2018-10-17,-0.009416593386,3.80517376
2018-10-18,-0.0198218468,3.729748189
2018-10-19,-0.0001718265171,3.729107319
2018-10-22,0.001450152394,3.734515093
2018-10-23,-0.02004082953,3.659672313
2018-10-24,-0.0275680981,3.558782107
2018-10-25,0.02254496441,3.639014723
2018-10-26,-0.009403086618,3.604796753
2018-10-29,-0.01380837022,3.555020385
2018-10-30,0.01055776149,3.592553442
2018-10-31,0.00280092353,3.602615909
2018-11-01,0.004107295865,3.617412919
2018-11-02,-0.005858682192,3.596219646
2018-11-05,-0.0008266126896,3.593246965
2018-11-06,0.002525273605,3.602320897
2018-11-07,0.01045585191,3.639986231
2018-11-08,-0.002126250428,3.632246709
2018-11-09,-0.005617372312,3.611843026
2018-11-12,-0.01008622474,3.575413166
2018-11-13,0.0002804937191,3.576416047
2018-11-14,-0.002542923936,3.567321493
2018-11-15,0.005831250651,3.588123439
2018-11-16,-0.001169914937,3.583925639
2018-11-19,-0.0108260043,3.545126045
2018-11-20,-0.00596477348,3.523980171
2018-11-21,0.002534113374,3.532910337
2018-11-23,-0.002411125175,3.524392048
2018-11-26,0.007704679758,3.55154636
2018-11-27,0.001125532232,3.555543739
2018-11-28,0.01072773235,3.593686661
2018-11-29,-0.001086832192,3.589780927
2018-11-30,0.002418582184,3.598463107
2018-12-03,0.005825427011,3.619425691
2018-12-04,-0.02391970164,3.532850108
2018-12-06,0.00184773118,3.539377866
2018-12-07,-0.01875054345,3.473012607
2018-12-10,0.004123030365,3.487331944
2018-12-11,0.001179611794,3.491445642
2018-12-12,0.004612299316,3.507549234
2018-12-13,-1.218925251e-05,3.50750648
2018-12-14,-0.01427118958,3.45745019
2018-12-17,-0.01409269606,3.408725395
2018-12-18,0.001730741145,3.414625016
2018-12-19,-0.01317693003,3.369630741
2018-12-20,-0.010257853,3.335065565
2018-12-21,-0.01716089981,3.277832839
2018-12-24,-0.01707372738,3.221868014
2018-12-26,0.03765469074,3.343186458
2018-12-27,0.003848994873,3.356054365
2018-12-28,-0.0006042786346,3.354026374
2018-12-31,0.005730680184,3.373247226
2019-01-02,0.001686443498,3.378936017
2019-01-03,-0.002820028452,3.369407321
2019-01-04,-0.0005228840769,3.367645512
2019-01-07,-0.001440138664,3.362795635
2019-01-08,0.001051896717,3.366332949
2019-01-09,-0.003145822259,3.355743064
2019-01-10,0.001984863601,3.362403756
2019-01-11,0.0002631076628,3.36328843
2019-01-14,0,3.36328843
2019-01-15,0.001182976517,3.367267121
2019-01-16,0.0003929113159,3.368590159
2019-01-17,0,3.368590159
2019-01-18,0.001046559452,3.372115589
2019-01-22,0,3.372115589
2019-01-23,-0.0007824702645,3.369477008
2019-01-24,0.001960763664,3.376083757
2019-01-25,-0.0027289928,3.366870448
2019-01-28,0.0002620142679,3.367752616
2019-01-29,0.0001309190107,3.368193519
2019-01-30,-0.001701338019,3.362463084
2019-01-31,0.0006576949418,3.364674559
2019-02-01,0,3.364674559
2019-02-04,-0.000150770215,3.364167266
2019-02-05,0.001494130418,3.36919377
2019-02-06,0.001561955896,3.374456303
2019-02-07,0.001868816985,3.380762544
2019-02-08,0.0008358985403,3.383588518
2019-02-11,0.0007861352022,3.386248476
2019-02-12,-0.001608702969,3.380801008
2019-02-13,0.0009828318523,3.384123767
2019-02-14,0.001183096433,3.388127512
2019-02-15,-0.0009636924823,3.384862399
2019-02-19,-0.0007180985456,3.382431734
2019-02-20,0.0001957393221,3.383093809
2019-02-21,-0.0007285349873,3.380629107
2019-02-22,0.0008612176253,3.383540564
2019-02-25,-0.0007689148337,3.38093891
2019-02-26,-0.0003075951721,3.379898949
2019-02-27,-0.0009170894552,3.37679928
2019-02-28,-0.000602137967,3.374765981
2019-03-01,0.0002062653074,3.375462078
2019-03-04,0.002597708946,3.384230546
2019-03-05,0.002009499761,3.391031156
2019-03-06,-0.0006113865612,3.388957925
2019-03-07,0.003371548111,3.40038396
2019-03-08,-0.0001867217634,3.399749034
2019-03-11,0.00386504049,3.412889202
2019-03-12,0.001808613594,3.4190618
2019-03-13,-3.459950853e-05,3.418943502
2019-03-14,0.001062795098,3.422577138
2019-03-15,-0.00051195281,3.42082494
2019-03-18,-0.002503109817,3.41226224
2019-03-19,-0.001625872503,3.406714337
2019-03-20,0.001396236376,3.411470915
2019-03-21,0.007864025655,3.43829881
2019-03-22,0.0006923545216,3.440679332
2019-03-25,0.001271487604,3.445054113
2019-03-26,0.003416455569,3.456823987
2019-03-27,0.0003989326635,3.458203027
2019-03-28,0.004423442001,3.473500187
2019-03-29,-0.0004522699262,3.471929228
2019-04-01,-0.002740007872,3.462416114
2019-04-02,0.002392195991,3.470698892
2019-04-03,-0.0008932512704,3.467598686
2019-04-04,-0.0001494394489,3.46708049
2019-04-05,0.002715159624,3.476494167
2019-04-08,-0.003010703798,3.466027473
2019-04-09,-0.001626985944,3.460388295
2019-04-10,0.002555806569,3.469232378
2019-04-11,0.0007998496544,3.472007242
2019-04-12,0.0008290714596,3.474885784
2019-04-15,-0.001831993685,3.468519816
2019-04-16,-0.006763443421,3.445060678
2019-04-17,-0.003293114453,3.433715699
2019-04-18,0.004349380764,3.448650236
2019-04-22,-0.004430631023,3.433370539
2019-04-23,0.005566480693,3.45248233
2019-04-24,0.004107644406,3.4666639
2019-04-25,-6.133344432e-05,3.466451277
2019-04-26,0.002252410548,3.474259149
2019-04-29,-0.004024309471,3.460277655
2019-04-30,0.00216419394,3.467766367
2019-05-01,0.0006510590844,3.470024088
2019-05-02,-0.0006712707162,3.467694762
2019-05-03,0.006884112558,3.491566763
2019-05-06,-0.002850369089,3.481614509
2019-05-07,-0.01226529423,3.438911483
2019-05-08,-0.001063580434,3.435253924
2019-05-09,-0.001574750426,3.429844256
2019-05-10,0.003855770679,3.443068949
2019-05-13,-0.01191291404,3.402051965
2019-05-14,0.005652508624,3.421282093
2019-05-15,0.007093703347,3.445551653
2019-05-16,0.005570293823,3.464744388
2019-05-17,-0.003289603912,3.453346751
2019-05-20,-0.01069861921,3.416400709
2019-05-21,0.006837622673,3.439760768
2019-05-22,-0.0002397224715,3.43893618
2019-05-23,-0.004971147204,3.421840722
2019-05-24,-0.0002820437,3.420875614
2019-05-28,-0.003149920564,3.410100127
2019-05-29,-0.006417998636,3.388214109
2019-05-30,0.00292230115,3.398115491
2019-05-31,-0.00477555305,3.381887611
2019-06-03,-0.008306753312,3.353795105
2019-06-04,-0.002159330382,3.346553153
2019-06-05,0.006958215889,3.369839192
2019-06-06,0.0006401400436,3.371996361
2019-06-07,0.001240203047,3.376178321
2019-06-10,-0.001085896957,3.37251214
2019-06-11,0.000901641728,3.375552937
2019-06-12,0.001124011792,3.379347099
2019-06-13,0.001418925984,3.384142142
2019-06-14,0.00018583966,3.38477105
2019-06-17,0.003567528731,3.396846318
2019-06-18,-0.0003310653071,3.39572174
2019-06-19,0.001803490853,3.401845893
2019-06-20,0.001683927512,3.407574355
2019-06-21,-0.004698582241,3.391563586
2019-06-24,-0.001145074496,3.387679993
2019-06-25,-0.004930360266,3.370977511
2019-06-26,-0.006659889134,3.348527174
2019-06-27,0.004291014455,3.362895753
2019-06-28,0.001148130358,3.366756795
2019-07-01,-0.0001525863905,3.366243074
2019-07-02,0.008889436468,3.396167078
2019-07-03,0.006987347666,3.419897278
2019-07-05,-0.007722504599,3.393487106
2019-07-08,0.00130867756,3.397928086
2019-07-09,0.0007731476021,3.400555186
2019-07-10,0.0002680602251,3.40146674
2019-07-11,-0.01042845558,3.365994695
2019-07-12,0.0003050766175,3.367021581
2019-07-15,0.002362216922,3.374975216
2019-07-16,-0.002507927301,3.366511024
2019-07-17,0.004037189258,3.380102266
2019-07-18,0.0008468211377,3.382964608
2019-07-19,-0.006828013778,3.359865679
2019-07-22,0.0004798248061,3.361477826
2019-07-23,0.001411949826,3.366224064
2019-07-24,0.002199103274,3.373626739
2019-07-25,-0.004131724616,3.359687842
2019-07-26,0.002244000248,3.367226982
2019-07-29,0.001312341136,3.371645933
2019-07-30,0.003636568605,3.383907154
2019-07-31,0.002224327559,3.391434072
2019-08-01,0.01040084847,3.426707864
2019-08-02,0.004373137295,3.441693328
2019-08-05,-0.000565586275,3.439746754
2019-08-06,0.008433422862,3.468755593
2019-08-07,0.003304209926,3.480217089
2019-08-08,0.007468391333,3.506208712
2019-08-09,-0.002044501665,3.499040263
2019-08-12,0.008160263575,3.527593354
2019-08-13,-0.0009273043993,3.524322201
2019-08-14,0.003414330167,3.5363554
2019-08-15,0.008653991841,3.566958991
2019-08-16,0.00136525918,3.571828815
2019-08-19,-0.00344965639,3.559507233
2019-08-20,0.003024511179,3.570273002
2019-08-21,-0.0002342689626,3.569436598
2019-08-22,-0.001905003263,3.56263681
2019-08-23,0.002028362149,3.569863127
2019-08-26,0.00125120509,3.574329758
2019-08-27,0.005979387433,3.595702061
2019-08-28,0.001526113304,3.601189509
2019-08-29,0.0006022349427,3.603358271
2019-08-30,0.000291913691,3.604410141
2019-09-03,0.003442228706,3.616817345
2019-09-04,0.004704165798,3.633831454
2019-09-05,-0.01645047266,3.574053209
2019-09-06,0.0002812878609,3.575058546
2019-09-09,-0.008771464854,3.543700046
2019-09-10,-0.01213637152,3.500692386
2019-09-11,0.001791037681,3.506962258
2019-09-12,0.0002744521389,3.507924751
2019-09-13,-0.01344191648,3.460771519
2019-09-16,0.009940621162,3.495173738
2019-09-17,0.006074401043,3.516404825
2019-09-18,-0.001822196742,3.509997244
2019-09-19,0.003534302234,3.522402635
2019-09-20,0.008343806609,3.551792881
2019-09-23,0.002329849289,3.560068023
2019-09-24,0.005040835731,3.578013741
2019-09-25,-0.01040982177,3.540767256
2019-09-26,0.004851043409,3.557943672
2019-09-27,-0.002748535976,3.548164535
2019-09-30,-0.003784747959,3.534735627
2019-10-01,-0.0003180164617,3.533611523
2019-10-02,0.009818226683,3.568305322
2019-10-03,0.004550896805,3.584544311
2019-10-04,0.002055216182,3.591911325
2019-10-07,-0.007839661286,3.563751956
2019-10-08,0.01015186738,3.599930694
2019-10-09,-0.001778110226,3.59352962
2019-10-10,-0.01249322362,3.548634851
2019-10-11,-0.005972120323,3.527441977
2019-10-14,0.006197527367,3.549303395
2019-10-15,-0.01079996803,3.510971032
2019-10-16,0.002110725944,3.518381729
2019-10-17,0.002534761245,3.527299987
2019-10-18,-0.0001523223255,3.5267627
2019-10-21,-0.004097607706,3.51231141
2019-10-22,0.002114243065,3.51973729
2019-10-23,0.00152661409,3.525110571
2019-10-24,0.006990565048,3.549753086
2019-10-25,0.003953660759,3.563787605
2019-10-28,-0.01004305684,3.527996284
2019-10-29,-0.001305346719,3.523391025
2019-10-30,0.00830965615,3.552669193
2019-10-31,0.01161520633,3.593934179
2019-11-01,-0.0007217780267,3.591340156
2019-11-04,-0.008345778823,3.561367626
2019-11-05,-0.01480351786,3.508646856
2019-11-06,0.004171700891,3.523283882
2019-11-07,-0.01453823888,3.472061539
2019-11-08,-0.004327186632,3.457037281
2019-11-11,0.0001537051012,3.457568645
2019-11-12,-8.863829043e-05,3.457262172
2019-11-13,0.006550425593,3.47990871
2019-11-14,0.007433035388,3.505774995
2019-11-15,0.0006042599152,3.507893394
2019-11-18,0.003212945744,3.519164065
2019-11-19,0.003518809112,3.531547332
2019-11-20,0.003438698248,3.543691258
2019-11-21,-0.008597079013,3.513225864
2019-11-22,-0.001432051207,3.508194745
2019-11-25,0.0004354848158,3.50972251
2019-11-26,0.007981142174,3.537734105
2019-11-27,-0.001159113249,3.53363347
2019-11-29,-0.0001755943912,3.533012984
2019-12-02,-0.009663572562,3.498871456
2019-12-03,0.01374239496,3.54695433
2019-12-04,-0.00797813157,3.518656262
2019-12-05,0.000461959824,3.520281739
2019-12-06,-0.008942651511,3.488801087
2019-12-09,0.001799571542,3.495079434
2019-12-10,-0.0004052039165,3.493663214
2019-12-11,0.003086999811,3.504448152
2019-12-12,-0.007883537426,3.476820703
2019-12-13,0.003719686265,3.489753386
2019-12-16,0.0008742274623,3.492804224
2019-12-17,-0.004238357636,3.47800047
2019-12-18,0.001745371422,3.484070873
2019-12-19,0.004325900368,3.499142617
2019-12-20,0.004360789957,3.514401643
2019-12-23,0.002825304423,3.524330897
2019-12-24,0.007973339831,3.552431585
2019-12-26,0.005279015539,3.571184926
2019-12-27,-0.001570468526,3.565576493
2019-12-30,0.002328825933,3.5738801
2019-12-31,-0.002071312426,3.566477478
2020-01-02,0.002446660202,3.575203436
2020-01-03,0.005169478652,3.593685374
2020-01-06,0.003751498658,3.60716708
2020-01-07,-0.0003732598554,3.605820669
2020-01-08,-0.00219864877,3.597892736
2020-01-09,0.002110562741,3.605486314
2020-01-10,0.004120043958,3.620341077
2020-01-13,0.0003611612152,3.621648603
2020-01-14,0.0001051920223,3.622029572
2020-01-15,0.004291350895,3.637572972
2020-01-16,0.001621175844,3.643470117
2020-01-17,-0.0005846903403,3.641339815
2020-01-21,0.003716485606,3.654872802
2020-01-22,0.002165478554,3.662787351
2020-01-23,0.004155561475,3.678008289
2020-01-24,0.001839498989,3.684773982
2020-01-27,0.0005747008559,3.686891624
2020-01-28,-0.0004661080211,3.685173135
2020-01-29,0.005607694357,3.705838459
2020-01-30,0.001255711088,3.710491922
2020-01-31,-0.0003118423731,3.709334833
2020-02-03,0.00260113327,3.718983307
2020-02-04,0.01480777338,3.774053169
2020-02-05,0.005158469754,3.793521508
2020-02-06,0.005118542101,3.812938808
2020-02-07,-0.003279917231,3.800432684
2020-02-10,0.01024904562,3.839383492
2020-02-11,0.003153063817,3.851489313
2020-02-12,0.007379997377,3.879913294
2020-02-13,0.001225505434,3.884668149
2020-02-14,0.004938833026,3.903853877
2020-02-18,-0.001099403764,3.899561965
2020-02-19,0.0002975343468,3.900722219
2020-02-20,-0.0004888434534,3.898815376
2020-02-21,-0.008862424973,3.864262417
2020-02-24,-0.02846230849,3.754276588
2020-02-25,-0.02819298297,3.648432332
2020-02-26,-0.003101344901,3.637117285
2020-02-27,-0.04940058078,3.457441579
2020-02-28,-0.009186937609,3.425678279
2020-03-02,0.04587399724,3.582827835
2020-03-03,-0.01572469458,3.526488961
2020-03-04,0.02437886765,3.612460769
2020-03-05,-0.01291045904,3.565822242
2020-03-06,0.006213441121,3.587978269
2020-03-09,-0.04015206654,3.443913527
2020-03-10,0.01831252553,3.506980281
2020-03-11,-0.0430338313,3.356061483
2020-03-12,-0.06039047632,3.153387332
2020-03-13,0.04919627793,3.308522251
2020-03-16,-0.05481543711,3.127164158
2020-03-17,0.02105046731,3.192992425
2020-03-18,-0.04582067118,3.046687369
2020-03-19,0.01178413896,3.082589956
2020-03-20,-0.002358264017,3.075320395
2020-03-23,0.00545462042,3.092095101
2020-03-24,0.04980864337,3.246108163
2020-03-25,0.001764836751,3.251837014
2020-03-26,0.03865721839,3.377543987
2020-03-27,-0.01249497399,3.335341663
2020-03-30,0.02020644553,3.402737063
2020-03-31,-0.01052071088,3.36693785
2020-04-01,-0.02449449803,3.284466397
2020-04-02,0.006579605211,3.30607689
2020-04-03,0.00243905765,3.314140602
2020-04-06,0.008366284452,3.341867645
2020-04-07,-0.005275510281,3.324237588
2020-04-08,-0.005394605796,3.306304636
2020-04-09,0.009313591567,3.337098207
2020-04-13,0.002670032925,3.346008369
2020-04-14,0.002541338967,3.354511711
2020-04-15,0.007129186936,3.378426652
2020-04-16,0.003497308967,3.390242054
2020-04-17,-0.01094081338,3.353150048
2020-04-20,0.005057050699,3.370107098
2020-04-21,0.001922142722,3.376584925
2020-04-22,0.00315129538,3.387225541
2020-04-23,0.00508787893,3.404459334
2020-04-24,-0.0006461596519,3.40225951
2020-04-27,-0.008418094648,3.373618968
2020-04-28,0.002351643034,3.381552515
2020-04-29,0.000114670031,3.381940278
2020-04-30,-0.00993116793,3.348353661
2020-05-01,0.004911642009,3.364799576
2020-05-04,-0.0006781704829,3.362517668
2020-05-05,-0.0009661812116,3.359268866
2020-05-06,-0.01089729569,3.32266192
2020-05-07,0.01272129867,3.364930495
2020-05-08,-0.007430672202,3.3399268
2020-05-11,-0.00561264943,3.321180961
2020-05-12,0.005818148227,3.340504084
2020-05-13,0.006225032001,3.361298829
2020-05-14,0.006732150904,3.3839276
2020-05-15,0.0008053677912,3.386652906
2020-05-18,-0.01188962503,3.346386873
2020-05-19,0.005399103025,3.364454361
2020-05-20,0.001871469154,3.370750833
2020-05-21,-0.003806787317,3.357919102
2020-05-22,0.004608063172,3.373392605
2020-05-26,-0.0100838315,3.339375883
2020-05-27,0.0002630193499,3.340254203
2020-05-28,-0.0004113543755,3.338880175
2020-05-29,0.00590275351,3.358588762
2020-06-01,-0.0008410107005,3.355764152
2020-06-02,-0.003918380087,3.342614993
2020-06-03,-0.01255645936,3.300643584
2020-06-04,-0.002641741278,3.291924137
2020-06-05,-0.01079440297,3.256389782
2020-06-08,0.005250404839,3.273487146
2020-06-09,0.008195631395,3.30031544
2020-06-10,0.01221065616,3.340614457
2020-06-11,0.005077603204,3.357576772
2020-06-12,-0.003481300539,3.345888038
2020-06-15,-0.0006842006225,3.343598779
2020-06-16,-0.005962425886,3.32366282
2020-06-17,0.002536177503,3.332092218
2020-06-18,0.003615209649,3.34413843
2020-06-19,0.004054525162,3.357697324
2020-06-22,0.001893758155,3.36405599
2020-06-23,0.000418198943,3.365462835
2020-06-24,0.003045634982,3.375712806
2020-06-25,0.0008147797224,3.378463269
2020-06-26,0.005959702719,3.398597906
2020-06-29,-0.0005405672463,3.396760735
2020-06-30,-0.0007391656224,3.394249966
2020-07-01,-0.002661377917,3.385216584
2020-07-02,0.002662740613,3.394230538
2020-07-06,0.008825683356,3.424186942
2020-07-07,0.004492454967,3.439569947
2020-07-08,0.005129529773,3.457213324
2020-07-09,0.007213726575,3.482152716
2020-07-10,-0.0002637706574,3.481234226
2020-07-13,-0.005340932424,3.462641189
2020-07-14,0.00439343001,3.477854061
2020-07-15,-0.0005835181429,3.47582467
2020-07-16,-0.00384168159,3.462471658
2020-07-17,0.002433757773,3.470898476
2020-07-20,0.01188335935,3.512144409
2020-07-21,0.0007425973717,3.514752519
2020-07-22,0.007238056282,3.540192495
2020-07-23,-0.001871328493,3.533567632
2020-07-24,-0.0003250588227,3.532419015
2020-07-27,0.01129515703,3.572318242
2020-07-28,0.000844777254,3.575336055
2020-07-29,0.005777805599,3.595993652
2020-07-30,0.001474534207,3.601296068
2020-07-31,0.008763512139,3.632856069
2020-08-03,0.003201668924,3.644487272
2020-08-04,0.0115072655,3.686425354
2020-08-05,0.001006220922,3.690134713
2020-08-06,0.01070159941,3.729625056
2020-08-07,-0.01136452226,3.687239649
2020-08-10,-0.004068525139,3.672238022
2020-08-11,-0.02817359103,3.56877789
2020-08-12,0.003795893334,3.58232459
2020-08-13,0.005070014761,3.600487029
2020-08-14,-0.003130091726,3.589217174
2020-08-17,0.01193904514,3.632069
2020-08-18,0.008595012008,3.663286677
2020-08-19,-0.01484807436,3.608893924
2020-08-20,0.009941632406,3.64477222
2020-08-21,0.001637261451,3.650739665
2020-08-24,-0.0003464321223,3.649474932
2020-08-25,0.0004746999554,3.651207337
2020-08-26,0.009774025793,3.686894332
2020-08-27,-0.01056251023,3.647951473
2020-08-28,0.00724008658,3.674362958
2020-08-31,0.005687125147,3.69525952
2020-09-01,0.009906292602,3.731865842
2020-09-02,-0.009410944107,3.696745461
2020-09-03,-0.03016900784,3.585218318
2020-09-04,0.0007896088449,3.588049238
2020-09-08,-0.02078712468,3.513464011
2020-09-09,0.01881932037,3.579585016
2020-09-10,-0.01195611935,3.53678707
2020-09-11,-0.001795246968,3.530437664
2020-09-14,0.01365697796,3.578652773
2020-09-15,0.003135978718,3.589875352
2020-09-16,-0.004370613534,3.574185395
2020-09-17,-0.007037381973,3.549032487
2020-09-18,-0.007780466188,3.52141936
2020-09-21,-0.03130078325,3.411196175
2020-09-22,0.00110377286,3.414961361
2020-09-23,-0.04107492254,3.274692088
2020-09-24,0.008932464516,3.303943159
2020-09-25,0.002779757654,3.31312732
2020-09-28,0.02154418328,3.384505942
2020-09-29,0.008573764663,3.4135239
2020-09-30,-0.01245935133,3.370993606
2020-10-01,0.01519589933,3.422218886
2020-10-02,-0.009071820473,3.39117313
2020-10-05,0.01611362386,3.445817218
2020-10-06,-0.02298444238,3.366617031
2020-10-07,0.01113820823,3.404115113
2020-10-08,0.004317325283,3.418811785
2020-10-09,0.02963230631,3.520119063
2020-10-12,0.00819391995,3.548962637
2020-10-13,-0.01725609452,3.487721402
2020-10-14,-0.001011440694,3.484193779
2020-10-15,-0.000282133555,3.483210771
2020-10-16,-0.005490582624,3.464085914
2020-10-19,-0.002894674424,3.454058513
2020-10-20,0.008818803521,3.484519177
2020-10-21,0.006162339997,3.505991969
2020-10-22,-0.008001720635,3.477938
2020-10-23,1.227649361e-05,3.477980697
2020-10-26,-0.009961768463,3.443333859
2020-10-27,0.005249364659,3.461409174
2020-10-28,-0.03230835332,3.349576743
2020-10-29,0.003375922409,3.360884654
2020-10-30,-0.002634812761,3.352029353
2020-11-02,0.01034394973,3.386702576
2020-11-03,0.00810429813,3.414149423
2020-11-04,0.01172253827,3.45417192
2020-11-05,0.036885235,3.581579863
2020-11-06,0.003264166323,3.593270736
2020-11-09,-0.03964318149,3.450822052
2020-11-10,-0.005904381063,3.430447083
2020-11-11,0.007351925633,3.455667475
2020-11-12,0.0008996973733,3.45877653
2020-11-13,0.01037119544,3.494648178
2020-11-16,0.004328708267,3.50977549
2020-11-17,-0.006334918775,3.487541347
2020-11-18,-0.00715600354,3.462584489
2020-11-19,5.983913642e-05,3.462791687
2020-11-20,-0.0002308642812,3.461992252
2020-11-23,-0.01485301914,3.410571215
2020-11-24,-0.004986108737,3.393565736
2020-11-25,0.003278609046,3.404691912
2020-11-27,-0.01059319548,3.368625345
2020-11-30,-0.001545136803,3.363420358
2020-12-01,0.03108610239,3.467975987
2020-12-02,0.003384114123,3.479712014
2020-12-03,0.004588898044,3.495680057
2020-12-04,0.001156342158,3.49972226
2020-12-07,0.01190039064,3.541370322
2020-12-08,0.002290878973,3.549483172
2020-12-09,-0.02186320526,3.471880093
2020-12-10,0.002050525512,3.478999272
2020-12-11,-0.001014746835,3.475468969
2020-12-14,-0.0009149553361,3.47228907
2020-12-15,0.01785366787,3.534282165
2020-12-16,0.01566130175,3.589633625
2020-12-17,0.01316553133,3.636893059
2020-12-18,-0.004195827784,3.621633282
2020-12-21,0.004161570269,3.636704963
2020-12-22,-0.01471687046,3.583184047
2020-12-23,0.005801252565,3.603971003
2020-12-24,0.005040129176,3.622135482
2020-12-28,0.008688615611,3.653606825
2020-12-29,0.0009667672066,3.657139013
2020-12-30,0.007619165182,3.685003359
2020-12-31,-0.000499799527,3.683161596
2021-01-04,0.01329487146,3.732128756
2021-01-05,0.00794300111,3.761773059
2021-01-06,-0.01431622957,3.707918652
2021-01-07,0.006233424802,3.731031684
2021-01-08,-0.03021064168,3.618314823
2021-01-11,-0.009723892727,3.583130718
2021-01-12,0.008952344274,3.615208137
2021-01-13,-0.003119500235,3.603930495
2021-01-14,0.001884117984,3.610720725
2021-01-15,-0.0174609518,3.547674105
2021-01-19,0.01393317091,3.597104454
2021-01-20,0.02216299243,3.676827053
2021-01-21,0.004401187489,3.693009458
2021-01-22,-0.01034772812,3.6547952
2021-01-25,0.001493121602,3.660252254
2021-01-26,0.001079555808,3.664203701
2021-01-27,-0.01464579797,3.610538513
2021-01-28,0.02078412585,3.6855804
2021-01-29,-0.003507071592,3.672654806
2021-02-01,0.03506696496,3.801443663
2021-02-02,-0.02627115034,3.701575365
2021-02-03,0.003471503031,3.714425396
2021-02-04,-0.009251445438,3.680061592
2021-02-05,0.01082101086,3.719883578
2021-02-08,0.0114683806,3.762544619
2021-02-09,-0.0004257755654,3.760942619
2021-02-10,-0.002308279146,3.752261314
2021-02-11,-0.0007960182407,3.749274445
2021-02-12,0.003773549641,3.763422519
2021-02-16,-0.006344560409,3.739545257
2021-02-17,-0.003536289048,3.726321144
2021-02-18,-0.00593932895,3.704189297
2021-02-19,0.002589438008,3.713781066
2021-02-22,0.009677806163,3.749722319
2021-02-23,-0.008865058611,3.716480811
2021-02-24,0.005493039581,3.736895587
2021-02-25,-0.02483209724,3.644100632
2021-02-26,-0.01637627636,3.584423833
2021-03-01,0.008639528741,3.615391566
2021-03-02,-0.009716896107,3.580261182
2021-03-03,-0.0202706988,3.507686786
2021-03-04,-0.02465715597,3.421197206
2021-03-05,0.0092580145,3.452870699
2021-03-08,-0.008431847048,3.423756621
2021-03-09,0.03059134717,3.528493949
2021-03-10,0.008581652032,3.558774256
2021-03-11,0.01405269658,3.608784631
2021-03-12,-0.00376158891,3.595209867
2021-03-15,0.008906846594,3.627231849
2021-03-16,-0.006895467371,3.60222039
2021-03-17,0.008415825117,3.632536047
2021-03-18,-0.02472260729,3.542730285
2021-03-19,0.006595500124,3.566096363
2021-03-22,-0.001334091914,3.561338863
2021-03-23,-0.02357052238,3.477396245
2021-03-24,-0.01304379062,3.432037817
2021-03-25,0.008043327497,3.459642821
2021-03-26,0.01021840549,3.494994854
2021-03-29,-0.01406976646,3.445821093
2021-03-30,-0.005522405707,3.426791871
2021-03-31,0.01616968106,3.482202002
2021-04-01,0.01651437714,3.5397084
2021-04-05,0.007623505532,3.566693386
2021-04-06,0.00239964777,3.575252194
2021-04-07,-0.004716326949,3.558390136
2021-04-08,0.01044594055,3.595560868
2021-04-09,-0.0008993333955,3.59232726
2021-04-12,-0.0070061641,3.567158825
2021-04-13,0.009818709244,3.602183721
2021-04-14,0.000417531865,3.603687747
2021-04-15,0.01271694813,3.649515657
2021-04-16,0.001757685271,3.655930357
2021-04-19,-0.008905334167,3.623373076
2021-04-20,-0.009532694632,3.588832567
2021-04-21,0.02129817997,3.665268168
2021-04-22,-0.01200924084,3.62125108
2021-04-23,0.009521007895,3.65572904
2021-04-26,0.007849462585,3.684424549
2021-04-27,0.0002873020445,3.685483091
2021-04-28,-0.0004212084929,3.683930735
2021-04-29,-0.002087740483,3.676239643
2021-04-30,-0.0100161932,3.639417717
2021-05-03,0.01304410924,3.686890679
2021-05-04,-0.01518935927,3.630889172
2021-05-05,-0.002449344763,3.621995873
2021-05-06,0.0136506376,3.671438426
2021-05-07,0.008211736899,3.701587312
2021-05-10,-0.01846291662,3.633245214
2021-05-11,0.002685098001,3.643000834
2021-05-12,-0.02698305352,3.544701547
2021-05-13,0.009643620036,3.578885302
2021-05-14,0.01947557843,3.648586163
2021-05-17,0.007987836046,3.677730471
2021-05-18,-0.005289627718,3.658276646
2021-05-19,-0.007535753429,3.630708776
2021-05-20,0.009442782186,3.664992768
2021-05-21,-0.00433942311,3.649088813
2021-05-24,0.01064573594,3.687936049
2021-05-25,0.0003459671083,3.689211954
2021-05-26,0.003275022528,3.701294206
2021-05-27,0.004522907813,3.718034819
2021-05-28,0.001474564723,3.723517302
2021-06-01,0.001904027694,3.730606982
2021-06-02,0.007827913896,3.759809852
2021-06-03,-0.01108623827,3.718127704
2021-06-04,0.00769034326,3.746721382
2021-06-07,0.006093025107,3.76955025
2021-06-08,0.004098508628,3.784999784
2021-06-09,-0.002094366793,3.777072606
2021-06-10,0.001736217947,3.783630427
2021-06-11,0.003907314214,3.79841426
2021-06-14,0.0003687835403,3.799815053
2021-06-15,0.001149665917,3.804183571
2021-06-16,-0.007342539423,3.776251203
2021-06-17,-0.02456319331,3.683494415
2021-06-18,-0.007703262611,3.65511949
2021-06-21,0.01681244454,3.716570984
2021-06-22,-0.001265349995,3.711868221
2021-06-23,0.004238440048,3.727600752
2021-06-24,0.007045336236,3.753862952
2021-06-25,0.005244016241,3.773548271
2021-06-28,-0.006936766524,3.747372047
2021-06-29,-0.003642065632,3.733723872
2021-06-30,0.004581226457,3.750828907
2021-07-01,0.006366841222,3.774709839
2021-07-02,0.001311131316,3.779658979
2021-07-06,-0.02064433095,3.701630448
2021-07-07,-0.01542386031,3.644537017
2021-07-08,0.005668266612,3.665195225
2021-07-09,0.01690754459,3.727164677
2021-07-12,0.0001415046974,3.727692088
2021-07-13,0.002068460305,3.735402671
2021-07-14,-0.0178723808,3.668642132
2021-07-15,-0.008058494924,3.639078398
2021-07-16,-0.003425106131,3.626614168
2021-07-19,-0.04069761132,3.479019634
2021-07-20,0.02014423159,3.549101812
2021-07-21,0.02501084947,3.637867863
2021-07-22,0.003561614931,3.650824547
2021-07-23,0.005339485588,3.670318072
2021-07-26,0.004756275641,3.687775117
2021-07-27,-0.007133584602,3.661468061
2021-07-28,0.008150177237,3.691309675
2021-07-29,0.01461536227,3.745259503
2021-07-30,-0.003940196014,3.730502446
2021-08-02,-0.01498670894,3.674594492
2021-08-03,-0.002412748486,3.66572862
2021-08-04,-0.02079136269,3.589513126
2021-08-05,0.01728769221,3.651567525
2021-08-06,-0.004413272026,3.635452164
2021-08-09,-0.01336662921,3.586858423
2021-08-10,0.01443312947,3.638628015
2021-08-11,0.008936667124,3.671145222
2021-08-12,-0.003382183219,3.658728736
2021-08-13,-0.009587032524,3.623652385
2021-08-16,-0.006720232605,3.599300598
2021-08-17,-0.01100261543,3.559698878
2021-08-18,-0.01525405309,3.505399042
2021-08-19,-0.01328109976,3.458843488
2021-08-20,-0.01216600702,3.416763173
2021-08-23,0.03701947486,3.543249952
2021-08-24,0.02133699752,3.618852267
2021-08-25,0.007260452053,3.645126771
2021-08-26,-0.008451879444,3.614318599
2021-08-27,0.01832375305,3.68054648
2021-08-30,0.001576699856,3.686349597
2021-08-31,-0.003385666055,3.673868849
2021-09-01,-8.470769896e-05,3.673557644
2021-09-02,0.01325078062,3.72223515
2021-09-03,-0.003172410582,3.710426692
2021-09-07,-0.01033663066,3.672073381
2021-09-08,0.002621463604,3.681699588
2021-09-09,-0.008350431899,3.650955807
2021-09-10,0.008428775183,3.681728892
2021-09-13,0.009122630006,3.715315943
2021-09-14,-0.005563458216,3.694645938
2021-09-15,0.01781327751,3.760459691
2021-09-16,-0.002048468365,3.752756508
2021-09-17,-0.004773363103,3.734843239
2021-09-20,-0.01662285089,3.672759497
2021-09-21,0.0007177100787,3.675395473
2021-09-22,0.01502807097,3.730629577
2021-09-23,0.01696342391,3.793913828
2021-09-24,0.002759729744,3.804384005
2021-09-27,0.01659561316,3.86752009
2021-09-28,-0.01343569965,3.815557252
2021-09-29,-0.000884030781,3.812184182
2021-09-30,0.000565571008,3.814340243
2021-10-01,0.01427825784,3.868802376
2021-10-04,0.01004789401,3.907675692
2021-10-05,0.01229458905,3.955718959
2021-10-06,-0.0160877047,3.892080521
2021-10-07,0.01671394433,3.957132538
2021-10-08,-0.0007322813253,3.954234804
2021-10-11,0.004576197993,3.972330165
2021-10-12,0.001415388935,3.977952557
2021-10-13,0.003767368629,3.992938971
2021-10-14,0.01224645717,4.041838327
2021-10-15,0.003737866627,4.056946179
2021-10-18,-0.003299497386,4.043560296
2021-10-19,0.004709620165,4.062603929
2021-10-20,0.009981002325,4.103152789
2021-10-21,-0.00825832308,4.069267627
2021-10-22,0.004359893908,4.087009202
2021-10-25,0.003713957889,4.102188182
2021-10-26,0.001522189373,4.10843249
2021-10-27,-0.02109978275,4.021745457
2021-10-28,0.01129379948,4.067166243
2021-10-29,-0.003248035429,4.053955943
2021-11-01,0.01335283884,4.108087764
2021-11-02,0.001627967617,4.114775598
2021-11-03,-0.01523134724,4.052102022
2021-11-04,-0.004717030041,4.032988135
2021-11-05,0.01907587933,4.10992093
2021-11-08,0.006262849397,4.135660745
2021-11-09,0.005859638664,4.159894223
2021-11-10,-0.01893027249,4.081146292
2021-11-11,0.004447922064,4.099298913
2021-11-12,-0.001556751295,4.092917324
2021-11-15,-0.0006300480529,4.090338589
2021-11-16,0.0009190187677,4.094097687
2021-11-17,-0.01445496908,4.034917631
2021-11-18,0.003024877487,4.047122763
2021-11-19,-0.01900673003,3.970200193
2021-11-22,0.005132784424,3.990578375
2021-11-23,0.01616947696,4.05510394
2021-11-24,-0.002785114441,4.043810011
2021-11-26,-0.06972279085,3.761864292
2021-11-29,0.003417350978,3.774719902
2021-11-30,-0.03096359848,3.657840991
2021-12-01,-0.01646375439,3.597619195
2021-12-02,0.00226792873,3.605778339
2021-12-03,0.0003422291533,3.607012342
2021-12-06,0.005811966043,3.627976175
2021-12-07,0.005040253454,3.646262094
2021-12-08,0.004468763803,3.662556378
2021-12-09,-0.005062881393,3.64401329
2021-12-10,0.003814274249,3.657912556
2021-12-13,-0.001639602621,3.651915033
2021-12-14,-0.002965909397,3.641083784
2021-12-15,0.001662536291,3.647137218
2021-12-16,0.001985098922,3.654377146
2021-12-17,-0.003946730155,3.639954305
2021-12-20,-0.002329860266,3.631473721
2021-12-21,0.007038742176,3.657034728
2021-12-22,0.003938957226,3.671439631
2021-12-23,0.001784254599,3.677990414
2021-12-27,0.004194910243,3.693419254
2021-12-28,-0.0006373794828,3.691065144
2021-12-29,0.001596413955,3.696957612
2021-12-30,-0.001588804784,3.691083868
2021-12-31,-0.001596378961,3.6851915
2022-01-03,0.001283276953,3.689920621
2022-01-04,0.007543116158,3.717754121
2022-01-05,-0.01192011806,3.673438053
2022-01-06,0.01193277634,3.717272367
2022-01-07,-0.002867084558,3.706614633
2022-01-10,-0.006333616391,3.683138358
2022-01-11,0.01884596502,3.752550655
2022-01-12,0.007318758546,3.780014667
2022-01-13,-0.007812004109,3.750485177
2022-01-14,0.01104849571,3.791922396
2022-01-18,0.004658448595,3.809586872
2022-01-19,-0.002233274309,3.801079019
2022-01-20,-0.007611186066,3.7721483
2022-01-21,0.0001411013852,3.772680555
2022-01-24,-0.003798142685,3.758351376
2022-01-25,0.006476922326,3.782693926
2022-01-26,-0.0005720703086,3.780529959
2022-01-27,-0.002890553184,3.769602136
2022-01-28,0.01167912541,3.813627792
2022-01-31,0.008034093497,3.844266834
2022-02-01,0.0004125615735,3.845852831
2022-02-02,0.005530287453,3.867121503
2022-02-03,0.002471401597,3.876678713
2022-02-04,0.006697192194,3.902641575
2022-02-07,-0.0009271383113,3.899023287
2022-02-08,-0.009934146323,3.860289819
2022-02-09,0.0137986885,3.913556756
2022-02-10,-0.0107063311,3.871656921
2022-02-11,0.01121102094,3.915062148
2022-02-14,0.001839024219,3.922262042
2022-02-15,-0.01289925474,3.871667785
2022-02-16,-0.001850481993,3.864503334
2022-02-17,0.002535803666,3.874302955
2022-02-18,0.002246467411,3.883006451
2022-02-22,0.007655508925,3.912732841
2022-02-23,0.001169673127,3.91730946
2022-02-24,0.007510227122,3.946729343
2022-02-25,0.0002858566351,3.947857542
2022-02-28,0.009228099647,3.984288765
2022-03-01,0.03308894362,4.116124671
2022-03-02,0.02724902996,4.228285076
2022-03-03,-0.0002933741237,4.227044606
2022-03-04,0.03606677374,4.379500468
2022-03-07,0.01948867732,4.464851139
2022-03-08,0.01805945782,4.54548393
2022-03-09,-0.06534362686,4.248465524
2022-03-10,-0.01022659876,4.205018172
2022-03-11,0.01627682898,4.273462533
2022-03-14,-0.02528712108,4.165398969
2022-03-15,-0.02746374991,4.051001493
2022-03-16,-0.004546656318,4.032582982
2022-03-17,0.04235875444,4.203398174
2022-03-18,0.005908706281,4.228234819
2022-03-21,0.03434871289,4.373469243
2022-03-22,-0.004858017654,4.352222852
2022-03-23,0.02266392638,4.450861311
2022-03-24,-0.01225369114,4.396321831
2022-03-25,0.006610705632,4.42538462
2022-03-28,-0.04011989092,4.247838672
2022-03-29,0.008528418821,4.284066019
2022-03-30,0.01371127763,4.342806038
2022-03-31,-0.02236722486,4.245669519
2022-04-01,0.002399323485,4.255856253
2022-04-04,0.01648081992,4.325996254
2022-04-05,-0.01331471593,4.268396843
2022-04-06,-0.006478111444,4.240745692
2022-04-07,-0.001897743723,4.232697844
2022-04-08,0.009274971132,4.271955994
2022-04-11,-0.014468503,4.210147186
2022-04-12,0.02641240579,4.321347302
2022-04-13,0.02040016454,4.409503498
2022-04-14,0.005963570888,4.435799885
2022-04-18,0.005966047571,4.462264078
2022-04-19,-0.01601452105,4.390803056
2022-04-20,0.00755164586,4.423960845
2022-04-21,0.001005596658,4.428409566
2022-04-22,-0.01995360865,4.340046814
2022-04-25,-0.01055694449,4.294229181
2022-04-26,0.007178072683,4.32505347
2022-04-27,-0.0002720462937,4.323876855
2022-04-28,0.01638933409,4.394742318
2022-04-29,-0.02174989946,4.299157114
2022-05-02,0.002306171454,4.309071708
2022-05-03,-0.01217167853,4.256623072
2022-05-04,0.02574468561,4.366208495
2022-05-05,-0.0006789420954,4.363244092
2022-05-06,0.007187700081,4.394605782
2022-05-09,-0.03764238409,4.229182343
2022-05-10,-0.01085462765,4.183276144
2022-05-11,0.02451512274,4.285829672
2022-05-12,0.006051490338,4.311765329
2022-05-13,0.01320572989,4.368705337
2022-05-16,0.01297524971,4.425390379
2022-05-17,-0.0116484783,4.373841316
2022-05-18,-0.01469507832,4.309567375
2022-05-19,0.009654786417,4.351175327
2022-05-20,0.00490376742,4.372512479
2022-05-23,0.00381000089,4.389171756
2022-05-24,-0.0001146659873,4.388668467
2022-05-25,0.004319483282,4.407625247
2022-05-26,0.01217220846,4.46127578
2022-05-27,0.007382720582,4.494212133
2022-05-31,-0.002259823043,4.484056009
2022-06-01,0.00189335909,4.492545937
2022-06-02,0.0110145813,4.542029449
2022-06-03,0.01310616463,4.601558035
2022-06-06,-0.001840795691,4.593087507
2022-06-07,0.008078363951,4.63019214
2022-06-08,0.01117393023,4.681929583
2022-06-09,-0.0003184593411,4.680438579
2022-06-10,-0.004096257415,4.661266298
2022-06-13,0.0003355692206,4.662830476
2022-06-14,-0.01001435715,4.616135226
2022-06-15,-0.008106893301,4.57871271
2022-06-16,0.001042984188,4.583488235
2022-06-17,-0.02494675596,4.469145073
2022-06-21,0.0008327172364,4.472866607
2022-06-22,-0.01899889992,4.387887062
2022-06-23,-0.01495221588,4.322278427
2022-06-24,0.01210489676,4.374599161
2022-06-27,0.005486612409,4.398600891
2022-06-28,0.0130978421,4.456213071
2022-06-29,-0.01077221858,4.40820977
2022-06-30,-0.02182439228,4.312003271
2022-07-01,0.00817567327,4.347256801
2022-07-05,-0.04578101698,4.148234963
2022-07-06,-0.00836400958,4.113539086
2022-07-07,0.02696888135,4.224476634
2022-07-08,0.01428698149,4.284831653
2022-07-11,0.001895241898,4.292952446
2022-07-12,-0.03832625388,4.12841966
2022-07-13,0.002926090819,4.140499791
2022-07-14,-0.002305191093,4.130955148
2022-07-15,0.006430083839,4.157517536
2022-07-18,0.0182787537,4.233511775
2022-07-19,0.004595807494,4.25296818
2022-07-20,-0.001076025717,4.248391877
2022-07-21,-0.01575765044,4.181447203
2022-07-22,-0.008676262933,4.145167867
2022-07-25,0.01311676115,4.199539044
2022-07-26,-0.001399405604,4.193662186
2022-07-27,0.01684196059,4.264291679
2022-07-28,-0.003145519314,4.250878267
2022-07-29,0.004223983542,4.268833907
2022-08-01,-0.02053307994,4.181181599
2022-08-02,0.003984619064,4.197842015
2022-08-03,-0.01247724458,4.145464514
2022-08-04,-0.01474345739,4.084346034
2022-08-05,0.001675541057,4.091189524
2022-08-08,0.01287189034,4.143850867
2022-08-09,0.002021729512,4.152228612
2022-08-10,0.004910430073,4.17261784
2022-08-11,0.01550540803,4.237315983
2022-08-12,-0.006156939427,4.211227085
2022-08-15,-0.01047439196,4.167117042
2022-08-16,-0.0113690387,4.119740927
2022-08-17,0.005566249116,4.142672431
2022-08-18,0.01764548589,4.215771899
2022-08-19,0.001284884018,4.221188677
2022-08-22,0.008509127391,4.257107309
2022-08-23,0.01369807562,4.315421487
2022-08-24,0.008985262035,4.35419668
2022-08-25,-0.01185988565,4.302556405
2022-08-26,-0.0001862322553,4.30175513
2022-08-29,0.01747698508,4.37693684
2022-08-30,-0.02300687259,4.276237212
2022-08-31,-0.01763120559,4.200841995
2022-09-01,-0.01399895756,4.142034586
2022-09-02,0.004619856963,4.161170193
2022-09-06,-9.10823779e-05,4.160791184
2022-09-07,-0.0280438981,4.04410638
2022-09-08,0.004354042925,4.061714593
2022-09-09,0.02180497501,4.150280178
2022-09-12,0.008836204195,4.186952901
2022-09-13,0.001249686372,4.192185279
2022-09-14,0.004085206498,4.209311222
2022-09-15,-0.02310510994,4.112054623
2022-09-16,-0.0005325060904,4.109864929
2022-09-19,0.00156036097,4.116277802
2022-09-20,-0.002761786476,4.104909521
2022-09-21,-0.001331417212,4.099444174
2022-09-22,0.002796399672,4.110907859
2022-09-23,-0.02365967763,4.013645104
2022-09-26,-0.01485517907,3.954021687
2022-09-27,0.01009697614,3.99394535
2022-09-28,0.01895791394,4.069662222
2022-09-29,-0.005161638083,4.048656099
2022-09-30,-0.01156892867,4.001817485
2022-10-03,0.0193076419,4.079083144
2022-10-04,-0.005220715363,4.057787412
2022-10-05,0.003153154298,4.070582242
2022-10-06,0.003346726707,4.084205368
2022-10-07,0.00132538848,4.089618527
2022-10-10,0.001430128692,4.095467208
2022-10-11,0.0002191115539,4.096364572
2022-10-12,0,4.096364572
2022-10-13,-0.002189385556,4.08739605
2022-10-14,0.002314031961,4.096854415
2022-10-17,-0.003392460365,4.082955999
2022-10-18,-0.0002210975169,4.082053268
2022-10-19,0.002433907222,4.091988607
2022-10-20,0.0002196891111,4.092887572
2022-10-21,-0.002853713167,4.081207645
2022-10-24,0.0003320990632,4.08256301
2022-10-25,-0.003649625035,4.067663186
2022-10-26,-0.003466407438,4.053563008
2022-10-27,0.002598882624,4.064097742
2022-10-28,0.0005606144394,4.066376134
2022-10-31,0.002798266727,4.077754939
2022-11-01,-0.000110978227,4.077302397
2022-11-02,0.001443443105,4.083187751
2022-11-03,0.002763975796,4.094473583
2022-11-04,-0.006249980744,4.068883202
2022-11-07,-0.00189967452,4.061153649
2022-11-08,-0.001460987944,4.055220352
2022-11-09,0.002483335068,4.065290823
2022-11-10,-0.007619032887,4.034317239
2022-11-11,-0.004815975819,4.014888064
2022-11-14,0.001512517972,4.020960655
2022-11-15,-0.001158213965,4.016303522
2022-11-16,-0.0006973411397,4.013502788
2022-11-17,0.001281160402,4.018644729
2022-11-18,0.0009281528859,4.022374646
2022-11-21,0.002892507127,4.034009393
2022-11-22,-0.002064667434,4.025680505
2022-11-23,-0.003462610563,4.011741141
2022-11-25,0,4.011741141
2022-11-28,0.002449272579,4.021566989
2022-11-29,0.0005789186369,4.023895149
2022-11-30,-0.00265835758,4.013198197
2022-12-01,-0.004077823229,3.996833084
2022-12-02,-0.0003538655466,3.995418743
2022-12-05,0.002715773958,4.006269397
2022-12-06,0.0002342784542,4.007207979
2022-12-07,-0.001053370177,4.002986906
2022-12-08,-0.00105676145,3.998756704
2022-12-09,0.0007067569124,4.001582853
2022-12-12,0.0002350785209,4.002523539
2022-12-13,-0.002936358678,3.990770694
2022-12-14,-0.001540451521,3.984623105
2022-12-15,0.00309523343,3.996956444
2022-12-16,0.0005897498147,3.999313648
2022-12-19,8.315220636e-05,3.9996462
2022-12-20,-0.002256269316,3.990621921
2022-12-21,0.0008369538227,3.993961887
2022-12-22,0.0004770241269,3.995867103
2022-12-23,-0.0001191247888,3.995391097
2022-12-27,-0.0001191412487,3.994915081
2022-12-28,0.001191786205,3.999676165
2022-12-29,-0.002018776878,3.991601712
2022-12-30,-0.001075293414,3.987309569
2023-01-03,0.003595876309,4.001647441
2023-01-04,-0.00118582444,3.996902189
2023-01-05,0.003094145683,4.009269187
2023-01-06,-0.004362720676,3.991777865
2023-01-09,-0.002031051554,3.983670359
2023-01-10,0.000240404356,3.984628051
2023-01-11,0,3.984628051
2023-01-12,-0.003243238373,3.971704952
2023-01-13,-0.0001213090233,3.971223148
2023-01-17,0.0009707722712,3.975078302
2023-01-18,0,3.975078302
2023-01-19,-0.0008469524902,3.971711599
2023-01-20,-0.0004852094904,3.969784487
2023-01-23,0.0004859168048,3.971713472
2023-01-24,-0.0003639004671,3.970268164
2023-01-25,-0.001092894516,3.965929079
2023-01-26,0.0008528341184,3.969311359
2023-01-27,0.0004860672752,3.971240711
2023-01-30,0.001213452033,3.976059621
2023-01-31,-0.0007253985755,3.973175393
2023-02-01,-0.003150408829,3.960658267
2023-02-02,-0.0003333333333,3.959338047
2023-02-03,0,3.959338047
2023-02-06,0,3.959338047
2023-02-07,0,3.959338047
2023-02-08,0,3.959338047
2023-02-09,0,3.959338047
2023-02-10,0,3.959338047
2023-02-13,0,3.959338047
2023-02-14,0,3.959338047
2023-02-15,0,3.959338047
2023-02-16,0,3.959338047
2023-02-17,0,3.959338047
2023-02-21,0,3.959338047
2023-02-22,0,3.959338047
2023-02-23,0,3.959338047
2023-02-24,0,3.959338047
2023-02-27,0,3.959338047
2023-02-28,0,3.959338047
2023-03-01,0,3.959338047
2023-03-02,0,3.959338047
2023-03-03,0,3.959338047
2023-03-06,0,3.959338047
2023-03-07,0,3.959338047
2023-03-08,0,3.959338047
2023-03-09,0,3.959338047
2023-03-10,0,3.959338047
2023-03-13,0,3.959338047
2023-03-14,0,3.959338047
2023-03-15,0,3.959338047
2023-03-16,0,3.959338047
2023-03-17,0,3.959338047
2023-03-20,0,3.959338047
2023-03-21,0,3.959338047
2023-03-22,0,3.959338047
2023-03-23,0,3.959338047
2023-03-24,0,3.959338047
2023-03-27,0,3.959338047
2023-03-28,0,3.959338047
2023-03-29,0,3.959338047
2023-03-30,0,3.959338047
2023-03-31,0,3.959338047
2023-04-03,0,3.959338047
2023-04-04,-0.0002870749224,3.95820142
2023-04-05,-0.002311593279,3.949051669
2023-04-06,0.001582893598,3.955302597
2023-04-10,-0.0002316951717,3.954386173
2023-04-11,0.001112775822,3.958786518
2023-04-12,0.002125799571,3.967202105
2023-04-13,0.004270596603,3.984144425
2023-04-14,-0.001360179156,3.978725274
2023-04-17,-0.0005918842262,3.97637033
2023-04-18,0.001824319958,3.983624501
2023-04-19,-0.001043210294,3.979468743
2023-04-20,0,3.979468743
2023-04-21,0.001683410666,3.986167823
2023-04-24,0.0008602179458,3.989596797
2023-04-25,-0.00465098925,3.971041225
2023-04-26,-0.0002289114183,3.970132208
2023-04-27,0.00417006006,3.986687898
2023-04-28,-0.0001357585198,3.986146671
2023-05-01,-0.0004980355886,3.984161428
2023-05-02,0.002743315497,3.99509124
2023-05-03,0.003696664298,4.009859751
2023-05-04,0.001658988734,4.016512063
2023-05-05,-0.0003173507733,4.01523742
2023-05-08,0.0004992052784,4.017241848
2023-05-09,0.001008907649,4.021294874
2023-05-10,-0.001155478553,4.016648354
2023-05-11,-0.003677881135,4.001875598
2023-05-12,-0.001161429433,3.997227702
2023-05-15,0.003265946571,4.010282434
2023-05-16,-0.007332464574,3.980877181
2023-05-17,0.000398554248,3.982463776
2023-05-18,-0.00482427957,3.963251257
2023-05-19,0.005256978879,3.984085986
2023-05-22,-0.0006900316803,3.98133684
2023-05-23,-0.004485767883,3.963477487
2023-05-24,-0.007556332376,3.933528134
2023-05-25,-0.003671890923,3.919084648
2023-05-26,0.004597971739,3.937104488
2023-05-30,-0.00130954535,3.931948671
2023-05-31,-0.002941550319,3.920382646
2023-06-01,0.007585385929,3.950120262
2023-06-02,-0.00487520039,3.930862634
2023-06-05,-0.0006886701083,3.928155566
2023-06-06,0.00328899538,3.941075252
2023-06-07,-0.009090599188,3.905248516
2023-06-08,0.02017262002,3.984027611
2023-06-09,-0.001901574709,3.976451685
2023-06-12,-0.001691955653,3.969723705
2023-06-13,-0.004433183726,3.95212519
2023-06-14,0.004952400437,3.971697697
2023-06-15,0.005414962441,3.993204291
2023-06-16,0.002408122075,4.002820414
2023-06-20,-0.02168223797,3.916030309
2023-06-21,-0.006560921373,3.890337542
2023-06-22,-0.01033222608,3.850141695
2023-06-23,-0.003448515568,3.836864422
2023-06-26,0.006185672894,3.86059801
2023-06-27,0.00265348105,3.870842034
2023-06-28,-0.002760953453,3.860154819
2023-06-29,-0.002741436182,3.849572451
2023-06-30,0.00905170214,3.884417634
2023-07-03,0.001920938764,3.891879362
2023-07-05,0.001320673589,3.897019265
2023-07-06,-0.009504033346,3.859981864
2023-07-07,0.006994563828,3.886980753
2023-07-10,0.001314709321,3.892091003
2023-07-11,0.002268383038,3.900919756
2023-07-12,0.02366084071,3.993218797
2023-07-13,0.01537866195,4.054629159
2023-07-14,3.807987504e-05,4.054783559
2023-07-17,0.002331003576,4.064235274
2023-07-18,0.009470921207,4.102727326
2023-07-19,0.001571544777,4.109174946
2023-07-20,-0.01543241772,4.045760441
2023-07-21,-0.003637929968,4.031042248
2023-07-24,-0.004439282292,4.013147314
2023-07-25,0.00844427065,4.047035416
2023-07-26,0.004790987248,4.066424711
2023-07-27,-0.01767169327,3.994564101
2023-07-28,0.01189804554,4.042091606
2023-07-31,0.006597598362,4.068759703
2023-08-01,-0.01010432309,4.027647641
2023-08-02,-0.01949563241,3.949126103
2023-08-03,-0.002413428399,3.93959517
2023-08-04,-0.002141734795,3.931157602
2023-08-07,0.008549623146,3.964767518
2023-08-08,-0.006299074994,3.93979315
2023-08-09,-0.005985584391,3.916211185
2023-08-10,0.002164833406,3.92468913
2023-08-11,-0.004568723902,3.906758309
2023-08-14,0.004101848745,3.922783241
2023-08-15,-0.01155134752,3.877469808
2023-08-16,-0.008701694519,3.84372925
2023-08-17,-0.008550413572,3.810863776
2023-08-18,-0.0002578671398,3.809881079
2023-08-21,0.008779973042,3.843331732
2023-08-22,-0.001997239378,3.835655679
2023-08-23,0.01258939377,3.883944259
2023-08-24,-0.01631634852,3.82057247
2023-08-25,0.007179608671,3.848002686
2023-08-28,0.008135058825,3.879306414
2023-08-29,0.01623138622,3.942272935
2023-08-30,0.003046255901,3.954282107
2023-08-31,-0.0007879362499,3.951166384
2023-09-01,8.252593378e-05,3.951492458
2023-09-05,-0.01185414725,3.904650885
2023-09-06,-0.009045287256,3.869332196
2023-09-07,-0.006449828129,3.844375668
2023-09-08,-0.0006404127519,3.841913681
2023-09-11,0.009764418521,3.879427734
2023-09-12,-0.005528014291,3.857982202
2023-09-13,-0.002920651575,3.84671438
2023-09-14,0.003930871738,3.861835321
2023-09-15,-0.000342946854,3.860510917
2023-09-18,0.00218019308,3.868927576
2023-09-19,-0.0008987459155,3.865450393
2023-09-20,-0.004502441531,3.848046429
2023-09-21,-0.01008446515,3.809240939
2023-09-22,0.002509518754,3.8188003
2023-09-25,-0.005764709302,3.796786027
2023-09-26,-0.01308997651,3.747086187
2023-09-27,-0.003984584043,3.732155607
2023-09-28,0.006155278029,3.755128062
2023-09-29,-0.007151292387,3.728274044
2023-10-02,-0.01718006789,3.664222042
2023-10-03,-0.006516491998,3.640344169
2023-10-04,0.004536188374,3.656857456
2023-10-05,-0.000982122729,3.653265973
2023-10-06,0.005585102559,3.673669838
2023-10-09,0.001700020381,3.679915152
2023-10-10,0.001845987747,3.68670823
2023-10-11,0.002378418986,3.695476767
2023-10-12,-0.00115835826,3.691196081
2023-10-13,-0.004189923141,3.675730253
2023-10-16,0.003768743451,3.689583137
2023-10-17,-0.0010917679,3.685554969
2023-10-18,-0.004372636339,3.669439377
2023-10-19,-0.003118986258,3.657994446
2023-10-20,-0.004972643641,3.639804543
2023-10-23,0.001005888171,3.64346578
2023-10-24,0.003242650641,3.655280266
2023-10-25,-0.008158560684,3.62545844
2023-10-26,-0.006355722575,3.602416032
2023-10-27,0.001600380711,3.60818127
2023-10-30,0.003755068524,3.621730237
2023-10-31,0.001594140269,3.627503783
2023-11-01,0.005785606483,3.648491093
2023-11-02,0.01209461267,3.69261818
2023-11-03,-0.001903255768,3.685590183
2023-11-06,0.001626894903,3.691586251
2023-11-07,-0.01068791591,3.652130887
2023-11-08,-0.007259833969,3.625617023
2023-11-09,-0.002280244284,3.617349731
2023-11-10,0.01480134579,3.670891375
2023-11-13,0.004207244367,3.686335712
2023-11-14,0.006124086885,3.708911152
2023-11-15,-0.00593981078,3.686880922
2023-11-16,-0.01508703599,3.631256817
2023-11-17,0.01330321171,3.679564195
2023-11-20,0.01136100539,3.721367743
2023-11-21,-0.0008760490209,3.718107643
2023-11-22,-0.002863830662,3.707459612
2023-11-24,-0.004147323608,3.692083577
2023-11-27,-0.004338846494,3.676064194
2023-11-28,0.007067755447,3.702045716
2023-11-29,0.00556922563,3.722663244
2023-11-30,-0.01177756062,3.678819352
2023-12-01,-0.003325595404,3.666585087
2023-12-04,-0.02372926817,3.579579707
2023-12-05,-0.005468859101,3.56000349
2023-12-06,-0.003562136852,3.54732227
2023-12-07,0.003079531636,3.558246361
2023-12-08,-0.01351656307,3.5101511
2023-12-11,-0.0038351789,3.496689042
2023-12-12,0.001357331377,3.501435208
2023-12-13,0.02663518212,3.594696573
2023-12-14,0.007483644302,3.621598003
2023-12-15,-0.006259830999,3.598927412
2023-12-18,0.003156613146,3.610287833
2023-12-19,0.007491323434,3.637333667
2023-12-20,-0.006617213787,3.613264653
2023-12-21,0.01031882665,3.650549304
2023-12-22,-0.000862035642,3.647402401
2023-12-26,0.005786377999,3.66850765
2023-12-27,0.002641622668,3.678198462
2023-12-28,-0.005699231721,3.657235557
2023-12-29,-0.005148062252,3.638407881
2024-01-02,-0.008415031759,3.607790563
2024-01-03,-0.0159999538,3.550066081
2024-01-04,-0.002472647681,3.541288018
2024-01-05,0.002907532624,3.551584428
2024-01-08,0.01039074244,3.588488027
2024-01-09,-0.001897981172,3.581677145
2024-01-10,0.003191886345,3.593109451
2024-01-11,-0.001363422813,3.588210524
2024-01-12,0.006325710938,3.610908506
2024-01-16,-0.004874375026,3.593307584
2024-01-17,-0.00866317222,3.562178142
2024-01-18,0.01027833673,3.598791408
2024-01-19,0.008523254655,3.629464824
2024-01-22,-0.006116855076,3.607263913
2024-01-23,0.007465850421,3.634195206
2024-01-24,0.005136646254,3.652862781
2024-01-25,0.005921967321,3.674494915
2024-01-26,-0.003682824638,3.660962395
2024-01-29,0.01164608326,3.703598268
2024-01-30,-0.00279095375,3.693261696
2024-01-31,-0.01637244076,3.632793988
2024-02-01,0.01307029247,3.680275668
2024-02-02,0.005835694909,3.701752634
2024-02-05,-0.003423021025,3.689081457
2024-02-06,0.002349973145,3.697750699
2024-02-07,0.006032889397,3.72005882
2024-02-08,0.0001881470768,3.720758738
2024-02-09,0.006362327905,3.744431425
2024-02-12,-0.0008749665204,3.741155173
2024-02-13,-0.0149161751,3.685351448
2024-02-14,0.01038674488,3.723630253
2024-02-15,0.007065176159,3.749938357
2024-02-16,-0.004155819899,3.734354288
2024-02-20,-0.002992828752,3.723178005
2024-02-21,-0.0007701403515,3.720310636
2024-02-22,0.02040733068,3.796232245
2024-02-23,-0.000320532272,3.79501543
2024-02-26,-0.001870035203,3.787918618
2024-02-27,0.002326733665,3.796732095
2024-02-28,-0.004150931013,3.780972122
2024-02-29,0.004920002749,3.799574516
2024-03-01,0.01138459407,3.842831129
2024-03-04,-0.002401466495,3.833602699
2024-03-05,-0.009914512554,3.795594397
2024-03-06,0.007732554511,3.824944037
2024-03-07,0.01231321256,3.872041386
2024-03-08,-0.007902436947,3.841442823
2024-03-11,-0.003416864765,3.828317133
2024-03-12,0.01102902834,3.870539751
2024-03-13,-0.003042530783,3.858763515
2024-03-14,-0.003932993884,3.843587021
2024-03-15,-0.006124455854,3.820047142
2024-03-18,0.005075685602,3.839436501
2024-03-19,0.003274659646,3.852009348
2024-03-20,0.01057907172,3.892760032
2024-03-21,0.002512130745,3.902539154
2024-03-22,-0.0009607384971,3.898789834
2024-03-25,-0.002842215408,3.887708634
2024-03-26,-0.001317402027,3.882586958
2024-03-27,0.005947764713,3.905679672
2024-03-28,-0.001427898443,3.900102758
2024-04-01,-0.001293267971,3.89505888
2024-04-02,-0.007343521354,3.866455432
2024-04-03,0.002971672585,3.877945272
2024-04-04,-0.01202021016,3.831331555
2024-04-05,0.008468780435,3.86377826
2024-04-08,0.001931076678,3.871239512
2024-04-09,0.001576747905,3.877343481
2024-04-10,-0.0106580746,3.836018465
2024-04-11,0.008732460094,3.869516343
2024-04-12,-0.0153071257,3.81028517
2024-04-15,-0.01065237049,3.769696601
2024-04-16,-0.003866575223,3.755120785
2024-04-17,-0.005821212296,3.73326143
2024-04-18,-0.003505507239,3.720174455
2024-04-19,-0.009674486995,3.684183676
2024-04-22,0.01031930667,3.722201897
2024-04-23,0.0125658007,3.768974344
2024-04-24,0.0003286896444,3.770213167
2024-04-25,-0.004420600065,3.753546562
2024-04-26,0.01097392479,3.7947377
2024-04-29,0.00381676928,3.809221338
2024-04-30,-0.01578260804,3.749101891
2024-05-01,-0.004225822713,3.733258851
2024-05-02,0.006705606857,3.758292617
2024-05-03,0.007319242537,3.785800472
2024-05-06,0.009444876345,3.82155689
2024-05-07,-0.0002841210936,3.820471105
2024-05-08,0.002528551245,3.830131362
2024-05-09,0.004443432287,3.847150291
2024-05-10,-0.004099046381,3.831380644
2024-05-13,0.004488058892,3.848576106
2024-05-14,-0.0003547143304,3.847210961
2024-05-15,0.01230723152,3.894559477
2024-05-16,0.0002624123414,3.895581457
2024-05-17,0.003464457554,3.909077534
2024-05-20,0.001668963941,3.915601643
2024-05-21,-0.001006621895,3.911660113
2024-05-22,-0.006671576011,3.885563175
2024-05-23,-0.00580412334,3.863010887
2024-05-24,0.009387122137,3.899273442
2024-05-28,0.01171124316,3.944938782
2024-05-29,-0.009362183952,3.908005539
2024-05-30,-0.01030988705,3.867714443
2024-05-31,-0.0007173559168,3.864939915
2024-06-03,-0.01125935135,3.821423199
2024-06-04,0.0009514916844,3.825059251
2024-06-05,0.01068169122,3.865917353
2024-06-06,-0.0001213730098,3.865448135
2024-06-07,-0.0007001634272,3.86274169
2024-06-10,0.002376332938,3.87192085
2024-06-11,0.003090362011,3.883886487
2024-06-12,0.00710354243,3.91147584
2024-06-13,0.002477956549,3.921168307
2024-06-14,0.001929861097,3.928735617
2024-06-17,0.006736286211,3.955200705
2024-06-18,0.0009499343408,3.958957885
2024-06-20,-0.003474795596,3.945201316
2024-06-21,-0.001339992145,3.939914777
2024-06-24,-0.004878446454,3.920694114
2024-06-25,0.005095427372,3.940671726
2024-06-26,0.001104470551,3.945024082
2024-06-27,0.001385943233,3.950491661
2024-06-28,-0.003042021442,3.938474181
2024-07-01,0.00264107654,3.948875993
2024-07-02,0.00689949402,3.976121239
2024-07-03,0.01501926892,4.035839673
2024-07-05,0.01306064472,4.088550341
2024-07-08,-0.002919124736,4.076615353
2024-07-09,0.000493967187,4.078629067
2024-07-10,0.007248038674,4.108191128
2024-07-11,-0.004028976228,4.091639324
2024-07-12,-0.002447772361,4.081623922
2024-07-15,0.0007456808875,4.084667511
2024-07-16,0.009001835068,4.121437015
2024-07-17,-0.02541056047,4.01670899
2024-07-18,-0.009801089877,3.977340864
2024-07-19,-0.01141810145,3.931927183
2024-07-22,0.007653176254,3.962018915
2024-07-23,-0.001071833075,3.957772292
2024-07-24,-0.02263438336,3.868190556
2024-07-25,-0.01827686319,3.797492167
2024-07-26,0.008070187241,3.82813864
2024-07-29,0.0003422069051,3.829448655
2024-07-30,-0.001155930845,3.825022077
2024-07-31,0.0225095163,3.911121474
2024-08-01,-0.01734125723,3.84329771
2024-08-02,-0.02112121546,3.762122591
2024-08-05,-0.02581577587,3.665000478
2024-08-06,-0.003270302492,3.653014818
2024-08-07,0.002502325447,3.66215585
2024-08-08,0.02250345702,3.744567016
2024-08-09,0.005411474725,3.764830646
2024-08-12,0.01779086412,3.831810237
2024-08-13,0.003158666184,3.843913646
2024-08-14,-0.008202727648,3.812383069
2024-08-15,0.02167287209,3.89500836
2024-08-16,0.003082225329,3.907013653
2024-08-19,0.0009503273321,3.910726595
2024-08-20,-0.002667408887,3.900295088
2024-08-21,-0.00300615788,3.888570185
2024-08-22,-0.007711829722,3.858582194
2024-08-23,0.02277087938,3.946445504
2024-08-26,0.008294044782,3.9791775
2024-08-27,-0.004255202031,3.962245296
2024-08-28,-0.01634668876,3.897475705
2024-08-29,0.006707564312,3.923618274
2024-08-30,-0.01229707152,3.875369259
2024-09-03,-0.03443367708,3.741926046
2024-09-04,-0.002679098629,3.731901057
2024-09-05,0.002277874751,3.74040186
2024-09-06,-0.01700667309,3.676790068
2024-09-09,0.009420555387,3.711427473
2024-09-10,0.006000508889,3.733697926
2024-09-11,0.01012797645,3.771512731
2024-09-12,0.01193554424,3.816527788
2024-09-13,0.006548800258,3.841521466
2024-09-16,-0.00100826685,3.837648188
2024-09-17,-0.001531338094,3.831771451
2024-09-18,-0.005001936382,3.812605174
2024-09-19,0.01929639644,3.886174715
2024-09-20,0.00302625247,3.89793526
2024-09-23,0.002363411541,3.907147686
2024-09-24,0.007217887242,3.935349037
2024-09-25,-0.0008866819429,3.931859634
2024-09-26,0.00552152839,3.953569509
2024-09-27,-0.00498103778,3.93387663
2024-09-30,-0.0004267497593,3.932197849
2024-10-01,-0.004133194596,3.91594531
2024-10-02,0.0006794938254,3.91860617
2024-10-03,-0.001089097877,3.914338425
2024-10-04,0.006329883962,3.939115733
2024-10-07,-0.007713321193,3.908732068
2024-10-08,0.005673405388,3.93090789
2024-10-09,0.003116171451,3.943157272
2024-10-10,0.001485826059,3.949016118
2024-10-11,0.006154903248,3.97332193
2024-10-14,0.004980131645,3.993109597
2024-10-15,-0.005889345066,3.969592796
2024-10-16,0.003156723913,3.982123705
2024-10-17,0.00225556451,3.991105642
2024-10-18,0.00700647333,4.019069217
2024-10-21,2.676625253e-05,4.019176792
2024-10-22,0.003782028582,4.034377434
2024-10-23,-0.01217062483,3.98527654
2024-10-24,0.005988241893,4.00914134
2024-10-25,0.002601756013,4.019572147
2024-10-28,0.001097467844,4.023983498
2024-10-29,0.007373861595,4.053655796
2024-10-30,-0.001692324752,4.046795694
2024-10-31,-0.02011359765,3.965400073
2024-11-01,0.002505615664,3.975335842
2024-11-04,0.003809128414,3.990478407
2024-11-05,0.006527947382,4.01652804
2024-11-06,-0.03201318594,3.887946181
2024-11-07,0.01733092708,3.955327893
2024-11-08,-0.004495417129,3.937547044
2024-11-11,-0.01546165801,3.876666038
2024-11-12,-0.006297571813,3.852252455
2024-11-13,-0.006980523836,3.825361715
2024-11-14,-0.0014501706,3.819814288
2024-11-15,-0.003289574819,3.807248723
2024-11-18,0.01854975666,3.877872261
2024-11-19,0.006018820515,3.901212478
2024-11-20,-0.003222293996,3.888641624
2024-11-21,0.004528865912,3.906252761
2024-11-22,0.01192165871,3.952821773
2024-11-25,-0.01501330829,3.893476841
2024-11-26,0.004029293066,3.9091648
2024-11-27,-0.001312235198,3.904035057
2024-11-29,0.007094687792,3.931732966
2024-12-02,-0.009326185736,3.895064895
2024-12-03,0.005720787811,3.917347734
2024-12-04,0.009137601597,3.953142897
2024-12-05,-0.001121776266,3.948708355
2024-12-06,-3.0954228e-06,3.948696132
2024-12-09,0.004301203685,3.965680279
2024-12-10,-0.002057112126,3.95752243
2024-12-11,0.009119223814,3.993611963
2024-12-12,-0.01351066392,3.939655614
2024-12-13,-0.002833853332,3.928491207
2024-12-16,0.006824107404,3.955299653
2024-12-17,-0.002721430443,3.94453558
2024-12-18,-0.03346679032,3.812524635
2024-12-19,-0.005683593835,3.790855794
2024-12-20,0.01194211965,3.836126647
2024-12-23,0.006110450977,3.859567111
2024-12-24,0.008595507873,3.89274205
2024-12-26,0.001276084717,3.897709519
2024-12-27,-0.0126069922,3.848571126
2024-12-30,-0.01234781785,3.80104967
2024-12-31,-0.005305412804,3.780883533
2025-01-02,0.006124836508,3.804040826
2025-01-03,0.01391533795,3.85697534
2025-01-06,0.005884854874,3.87967308
2025-01-07,-0.0123884053,3.831610117
2025-01-08,-0.0009663288984,3.827907522
2025-01-10,-0.01765311434,3.760333033
2025-01-13,9.1152505e-05,3.760675796
2025-01-14,0.003931979372,3.775462696
2025-01-15,0.02028592613,3.852051454
2025-01-16,-0.002306818027,3.843165472
2025-01-17,0.01041308244,3.883184671
2025-01-21,0.01140784791,3.927483451
2025-01-22,0.00395986012,3.943035736
2025-01-23,0.004046574059,3.958991522
2025-01-24,-0.00378697849,3.943998906
2025-01-27,-0.01761218788,3.874536456
2025-01-28,0.008158709742,3.906147675
2025-01-29,-0.002884801993,3.894879212
2025-01-30,0.0065987628,3.920580596
2025-01-31,-0.005248493332,3.900003455
2025-02-03,-0.008811184424,3.865639805
2025-02-04,0.00894408903,3.900214432
2025-02-05,0.004933964478,3.919457952
2025-02-06,0.002015023272,3.927355751
2025-02-07,-0.006660903115,3.901196014
2025-02-10,0.01194480851,3.947795054
2025-02-11,-0.00175718332,3.940858054
2025-02-12,-0.0005290808614,3.938773022
2025-02-13,0.01160209648,3.984471046
2025-02-14,-0.003574191675,3.970229783
2025-02-18,0.007254614282,3.999032269
2025-02-19,0.001062397889,4.003280832
2025-02-20,-0.002629414337,3.992754548
2025-02-21,-0.01292703043,3.941140088
2025-02-24,-0.003641756819,3.926787415
2025-02-25,-0.01025363079,3.886523586
2025-02-26,0.001482367846,3.892284844
2025-02-27,-0.0196577731,3.815771192
2025-02-28,0.008377063221,3.847736148
2025-03-03,-0.008740672116,3.814104348
2025-03-04,0.001185473792,3.818625869
2025-03-05,0.01312692729,3.868752693
2025-03-06,-0.008506508039,3.835843117
2025-03-07,0.0009195274838,3.83937028
2025-03-10,-0.01720444846,3.773316032
2025-03-11,0.01087143147,3.814337379
2025-03-12,0.00611054637,3.837645064
2025-03-13,0.007210920078,3.865318016
2025-03-14,0.006693200609,3.891189365
2025-03-17,0.005460420571,3.912436895
2025-03-18,0.0007205560007,3.915256025
2025-03-19,0.003919054148,3.930600126
2025-03-20,-0.004100788557,3.914481566
2025-03-21,-0.007819233056,3.883873322
2025-03-24,0.003819111854,3.898706269
2025-03-25,0.009166158006,3.934442426
2025-03-26,-0.004799782142,3.91555796
2025-03-27,0.0122087171,3.963361899
2025-03-28,-0.007647803877,3.933050885
2025-03-31,0.006917812114,3.960258992
2025-04-01,-0.003590115657,3.946041204
2025-04-02,0.001765300535,3.953007153
2025-04-03,-0.02227718096,3.864945297
2025-04-04,-0.02868122735,3.754093922
2025-04-07,-0.006423389569,3.729979914
2025-04-08,0.00181459793,3.736748328
2025-04-09,0.02362985316,3.825047143
2025-04-10,0.01075465507,3.866184205
2025-04-11,0.01708829215,3.93225069
2025-04-14,0.0002676847579,3.933303294
2025-04-15,0.002084501848,3.941502272
2025-04-16,0.01481384578,3.999891079
2025-04-17,-0.00381572566,3.984628592
2025-04-21,0.01301915657,4.036505095
2025-04-22,-0.007976836442,4.004306554
2025-04-23,0.003984518185,4.020261787
2025-04-24,0.004852092339,4.039768468
2025-04-25,-0.009176723045,4.002696632
2025-04-28,0.006300349517,4.027915019
2025-04-29,-0.007221141259,3.998828876
2025-04-30,-0.005064188129,3.978578054
2025-05-01,-0.009288971851,3.941621155
2025-05-02,0.006710965779,3.96807324
2025-05-05,0.01659529037,4.033924567
2025-05-06,0.01638526902,4.100021506
2025-05-07,-0.01688795049,4.030780546
2025-05-08,-0.00712786969,4.002049668
2025-05-09,0.008506910159,4.036094745
2025-05-12,-0.004098838506,4.019551444
2025-05-13,0.005375821969,4.041159837
2025-05-14,-0.01204736514,3.992474509
2025-05-15,0.009279927137,4.029524381
2025-05-16,-0.007734893222,3.998356441
2025-05-19,0.006379312923,4.023863208
2025-05-20,0.01389234506,4.079764104
2025-05-21,0.005799807503,4.10342595
2025-05-22,-0.009280484194,4.06534417
2025-05-23,0.01333971606,4.119574707
2025-05-27,-0.008851196233,4.083111543
2025-05-28,-0.00502976624,4.062574447
2025-05-29,0.006767151699,4.090066504
2025-05-30,-0.009543571375,4.051032663
2025-06-02,0.02894351193,4.168283775
2025-06-03,-0.004867959066,4.14799274
2025-06-04,0.001087100139,4.152502024
2025-06-05,0.01012271219,4.194536606
2025-06-06,-0.002006715288,4.186119366
2025-06-09,0.008710611785,4.222583026
2025-06-10,-0.001499446126,4.216251491
2025-06-11,-0.001004597855,4.212015853
2025-06-12,0.005252870066,4.234141025
2025-06-13,0.003459412253,4.248788665
2025-06-16,-0.004146444813,4.231171297
2025-06-17,0.00733629758,4.262212429
2025-06-18,-0.006438572134,4.234769867
2025-06-20,-0.00565013522,4.210842844
2025-06-23,0.003466023407,4.225437724
2025-06-24,-0.008779421597,4.188340825
2025-06-25,0.00510113714,4.209706126
2025-06-26,0.002963326456,4.222180859
2025-06-27,-0.01323981546,4.166279964
2025-06-30,0.005936423263,4.191012765
2025-07-01,0.002161557982,4.200071882
2025-07-02,0.003497631531,4.214762186
2025-07-03,0.001005749953,4.219001183
2025-07-07,-0.002261333212,4.209460616
2025-07-08,-0.003293938134,4.195594913
2025-07-09,0.003850070721,4.21174825
2025-07-10,0.0002625061785,4.21285386
2025-07-11,0.002450376531,4.223176938
2025-07-14,-9.452158213e-06,4.22313702
2025-07-15,-0.001079660886,4.218577464
2025-07-16,0.002003979094,4.227031405
2025-07-17,0.001973079552,4.235371674
2025-07-18,0.0005466107349,4.237686774
2025-07-21,0.006851629231,4.266721832
2025-07-22,0.00143637811,4.272850458
2025-07-23,-0.002613311412,4.261684169
2025-07-24,-0.001329987246,4.256016184
2025-07-25,-0.00228100104,4.246308207
2025-07-28,-0.001116103239,4.241568888
2025-07-29,0.0004004850003,4.243267573
2025-07-30,-0.005311246883,4.220730531
2025-07-31,0.0004487448495,4.222624562
2025-08-01,0.0002003393039,4.22347052
2025-08-04,0.009240946155,4.262499384
2025-08-05,0.003859929948,4.278952333
2025-08-06,0.001478987678,4.28528085
2025-08-07,0.009786895292,4.327220445
2025-08-08,0.00311738082,4.340710039
2025-08-11,-0.01288285646,4.284789295
2025-08-12,0.006015059139,4.310562556
2025-08-13,0.008744497186,4.348256258
2025-08-14,-0.006838413756,4.318521083
2025-08-15,0.002159260643,4.327845895
2025-08-18,-0.000398928212,4.326119396
2025-08-19,-0.008348754437,4.290001687
2025-08-20,0.01007969128,4.33324358
2025-08-21,-0.001505648542,4.326719238
2025-08-22,0.01560773659,4.394249532
2025-08-25,-0.008221010862,4.358124359
2025-08-26,0.002058402697,4.367095134
2025-08-27,-0.0004106154431,4.365301937
2025-08-28,0.008758233202,4.403534269
2025-08-29,0.007548063177,4.436772424
2025-09-02,0.01344370566,4.496419087
2025-09-03,0.006271227533,4.524617154
2025-09-04,-0.002115818993,4.515043883
2025-09-05,0.007456887534,4.548712058
2025-09-08,0.008109440152,4.585599566
2025-09-09,-0.002744763965,4.573013177
2025-09-10,0.003368536361,4.588417539
2025-09-11,0.004828921493,4.610574647
2025-09-12,0.006980952876,4.642760851
2025-09-15,0.009972125884,4.689059047
2025-09-16,-0.0009888425674,4.684422305
2025-09-17,-0.01023187657,4.636491875
2025-09-18,0.003434386315,4.652415379
2025-09-19,0.01500510527,4.722225361
2025-09-22,0.01628041946,4.799105171
2025-09-23,-0.00151797813,4.791820234
2025-09-24,-0.00535905108,4.766140625
2025-09-25,0.01008020486,4.814184299
2025-09-26,0.01003745492,4.862506457
2025-09-29,0.01213887882,4.921531833
2025-09-30,0.002740130675,4.935017474
2025-10-01,0.006372393555,4.966465347
2025-10-02,-0.002742524787,4.952844693
2025-10-03,0.009033661239,4.997587014
2025-10-06,0.01292133411,5.062162506
2025-10-07,-0.005104263112,5.036323896
2025-10-08,0.01830656114,5.128521668
2025-10-09,-0.005432335361,5.100661818
2025-10-10,-0.002837561948,5.086188374
2025-10-13,0.02860134392,5.231660197
2025-10-14,-0.003084409285,5.215523616
2025-10-15,0.01902717889,5.314760317
2025-10-16,0.0123549263,5.380423789
2025-10-17,-0.018862029,5.278938079
2025-10-20,0.02151261108,5.392501821
2025-10-21,-0.04896191592,5.1284746
2025-10-22,-0.002490888095,5.115700144
2025-10-23,0.006415192591,5.148518345
2025-10-24,0.001008296835,5.15370958
2025-10-27,-0.01539162925,5.074385593
2025-10-28,0.002533143759,5.087239741
2025-10-29,0.004375957187,5.109501285
2025-10-30,0.01000995398,5.160647157
2025-10-31,-0.002683049048,5.146800888
2025-11-03,0.0002990607223,5.148340094
2025-11-04,-0.02037469149,5.043444253
2025-11-05,0.01312128151,5.109620705
2025-11-06,-0.007372961541,5.071947668
2025-11-07,0.003819895496,5.091321978
2025-11-10,0.03068093394,5.247528491
2025-11-11,0.005229280636,5.27496929
2025-11-12,0.01852691624,5.372698204
2025-11-13,-0.01570830171,5.28830224
2025-11-14,-0.01602687677,5.203547272
2025-11-17,-0.01022195173,5.150356863
2025-11-18,0.002981448661,5.165712387
2025-11-19,0.00506395633,5.191871329
2025-11-20,-0.01279645563,5.125433778
2025-11-21,-0.001506503664,5.117712293
2025-11-24,0.02359245483,5.238451689
2025-11-25,0.002235244141,5.250160908
2025-11-26,0.01796764369,5.344493928
2025-11-28,0.02619645901,5.484500744
2025-12-01,0.009014334543,5.533939869
2025-12-02,0.004333585461,5.55792167
2025-12-03,0.000128258585,5.558634521
2025-12-04,-0.008322799759,5.512371119
2025-12-05,0.008428590339,5.558832637
2025-12-08,-0.003030154648,5.541988515
2025-12-09,0.01768033068,5.639972704
2025-12-10,0.008222674551,5.686348364
2025-12-11,0.01172646236,5.753029114
2025-12-12,-0.01330112278,5.676507368
2025-12-15,0.01057325712,5.73652654
2025-12-16,-0.00144336063,5.728246663
2025-12-17,0.01129198722,5.792929951
2025-12-18,-0.0009706850026,5.787306841
2025-12-19,0.0137683968,5.866988778
2025-12-22,0.01771668526,5.970932372
2025-12-23,0.01862459789,6.082138586
2025-12-24,0.001550744964,6.091570432
2025-12-26,0.03402519316,6.298837292
2025-12-29,-0.04007309554,6.046423384
2025-12-30,0.0144671269,6.133897758
2025-12-31,-0.02694659956,5.968610072
2026-01-02,0.007893206788,6.015721545
2026-01-05,0.02866123761,6.18813957
2026-01-06,0.02840780023,6.363931002
2026-01-07,-0.01812510174,6.248584105
2026-01-08,-0.003913741281,6.224128764
2026-01-09,0.01676372928,6.328468374
2026-01-12,0.03324364143,6.538849707
2026-01-13,0.002965549322,6.558240988
2026-01-14,0.03007414236,6.755474461
2026-01-15,-0.00496811318,6.7219125
2026-01-16,-0.01207019974,6.640777673
2026-01-20,0.02736556156,6.822506283
2026-01-21,0.004799597996,6.855251571
2026-01-22,0.02125699768,7.000973638
2026-01-23,0.02879543028,7.202569686
2026-01-26,0.02492175775,7.382070383
2026-01-27,0.02578470526,7.572414892
2026-01-28,0.02834685721,7.787069055
2026-01-29,-0.0008924870854,7.780119197
2026-01-30,-0.1367720843,6.716016078
2026-02-02,-0.02559015659,6.544152175
2026-02-03,0.04379390471,6.830746152
2026-02-04,0.004906329789,6.864260045
2026-02-05,-0.06298845928,6.431890881
2026-02-06,0.03650840007,6.666708927
2026-02-09,0.03869095977,6.924650293
2026-02-10,-0.01433779455,6.82536608
2026-02-11,0.02335392179,6.984765146
2026-02-12,-0.0538112066,6.608906505
2026-02-13,0.01951069923,6.737850893
2026-02-17,-0.02776995947,6.550741046
2026-02-18,0.02793211193,6.733717078
2026-02-19,0.004489250002,6.763946418
2026-02-20,0.04000499198,7.03453804
2026-02-23,0.02250008211,7.192815724
2026-02-24,-0.005539373572,7.15297203
2026-02-25,0.00688372377,7.202211114
2026-02-26,0.001407036009,7.212344884
2026-02-27,0.02249699775,7.374600991
2026-03-02,-0.01485934901,7.265019221
2026-03-03,-0.05972028862,6.831150176
2026-03-04,0.00914658861,6.893631897
2026-03-05,-0.01675580775,6.778123526
2026-03-06,0.01097964259,6.8525449
2026-03-09,0.01606488134,6.96263022
2026-03-10,0.01286605375,7.052211795
2026-03-11,-0.009351035782,6.98626631
2026-03-12,-0.02332165548,6.823335014
2026-03-13,-0.02170876049,6.675208869
2026-03-16,0.01140614881,6.751347294
2026-03-17,-0.005829091433,6.711993074
2026-03-18,-0.03106621872,6.503476829
2026-03-19,-0.02804398519,6.321093421
2026-03-20,-0.04275262953,6.050850056
2026-03-23,0.00762077515,6.096962223
2026-03-24,-0.001959421505,6.085015704
2026-03-25,0.02730478077,6.251165724
2026-03-26,-0.04654728574,5.960190927
2026-03-27,0.02472082049,6.107531737
2026-03-30,-0.002393516953,6.092913256
2026-03-31,0.04929568117,6.393267566
2026-04-01,0.008415889992,6.447072602
2026-04-02,-0.02162652773,6.307644808
2026-04-06,0.003216731328,6.327934806
2026-04-07,0.003653338762,6.351052896
2026-04-08,0.02803907181,6.529130524
2026-04-09,0.006255649883,6.569974479
2026-04-10,0.004317683091,6.598341546
2026-04-13,-0.002402870368,6.582486587
2026-04-14,0.03219170677,6.794388065
2026-04-15,-0.004607134129,6.763085408
2026-04-16,-0.001731777575,6.751373248
2026-04-17,0.02196561279,6.899671299
2026-04-20,-0.01197992343,6.817013765
2026-04-21,-0.03125586392,6.60394211
2026-04-22,0.01961591854,6.733484501
2026-04-23,-0.01807523511,6.611775185
2026-04-24,0.01113885943,6.68542282
2026-04-27,-0.005337063828,6.649742292
2026-04-28,-0.01998296906,6.516860697
2026-04-29,-0.01199076228,6.43871857
2026-04-30,0.02125983811,6.575604684
2026-05-01,0.008502383784,6.631512999
2026-05-04,-0.00758123821,6.581237919
2026-05-05,-0.005058434968,6.547947155
2026-05-06,0.007825773245,6.599189905
2026-05-07,0.0100821986,6.665724248
2026-05-08,0.004769933158,6.697519307
2026-05-11,0.03610916838,6.939361159
2026-05-12,0.01458971278,7.040604446
2026-05-13,-0.003696748565,7.014577101
2026-05-14,-0.01642557955,6.899358607
2026-05-15,-0.02411034103,6.733012718
2026-05-18,0.007639616963,6.784450356
2026-05-19,-0.01181487161,6.704292946
2026-05-20,-0.005040063793,6.670502882
2026-05-21,-0.0008326932588,6.664948399
2026-05-22,-0.01155398315,6.587941698
2026-05-26,-0.002495850199,6.571499182
2026-05-27,-0.02957584095,6.377141568
2026-05-28,0.007103466563,6.42244138
2026-05-29,-0.0009409158729,6.416398403
2026-06-01,0.008649189301,6.471895047
2026-06-02,0.006708800926,6.515313702
2026-06-03,0.00187219972,6.527511671
2026-06-04,-0.01038500496,6.45972343
2026-06-05,-0.04324300712,6.180385564
2026-06-08,0.008128579102,6.230623317
2026-06-09,-0.02793143255,6.056593082
2026-06-10,0.001136990204,6.063479369
2026-06-11,0.00103471299,6.06975333
2026-06-12,-0.009687430578,6.010953015
2026-06-15,-0.003211442439,5.991649186
2026-06-16,-0.01998524777,5.871904592
2026-06-17,-0.02046807845,5.751717989
2026-06-18,-0.005144391271,5.722128901
2026-06-22,-0.0123408754,5.651512821
2026-06-23,-0.02575012666,5.50598565
2026-06-24,-0.04675087601,5.248575998
2026-06-25,0.01925383427,5.34963121
2026-06-26,-0.01027843243,5.294645387
2026-06-29,0.001177043867,5.300877417
2026-06-30,0.004261487173,5.323467038
2026-07-01,-0.01186726195,5.26029206
2026-07-02,-0.002619233665,5.246514126
2026-07-06,0.01067369398,5.302513812
2026-07-07,0.005471975586,5.331529039
2026-07-08,0.01265529719,5.399001123
2026-07-09,-0.006737868732,5.362623362
2026-07-10,-0.0003489456606,5.360752098
2026-07-13,0.01591674414,5.446077817
2026-07-14,0.01278164447,5.515687648
2026-07-15,0.002848773068,5.53140059
2026-07-16,-0.01272746242,5.460999897
2026-07-17,0.00834675242,5.506581511
2026-07-20,0.00559004741,5.537363563
2026-07-21,0.01820547044,5.638173872
2026-07-22,0.005535615004,5.669384632
2026-07-23,0.01776987873,5.770128909
2026-07-24,-0.01324417861,5.693708291
2026-07-27,-0.02756621335,5.536754314
2026-07-28,-0.01801027124,5.437035867
2026-07-29,0.01750491414,5.532210713
2026-07-30,0.009037379225,5.582207399
2026-07-31,0.007039917318,5.621505677
2026-08-03,-0.01699681534,5.525957983
2026-08-04,-0.008598923839,5.478440691
2026-08-05,-0.004005260761,5.456498108
2026-08-06,0.008026875208,5.500296737
2026-08-07,0.000682801571,5.504052349
2026-08-10,0.0200464032,5.614388801
2026-08-11,0.005803612683,5.646972539
2026-08-12,0.004437579359,5.672031428
2026-08-13,-0.004840548692,5.644575684
2026-08-14,0.003835732848,5.666226768
