date,ret,wealth
1998-03-17,0,1
1998-03-18,0,1
1998-03-19,0,1
1998-03-20,0,1
1998-03-23,0,1
1998-03-24,0,1
1998-03-25,0,1
1998-03-26,0,1
1998-03-27,0,1
1998-03-30,0,1
1998-03-31,0,1
1998-04-01,0,1
1998-04-02,0,1
1998-04-03,0,1
1998-04-06,0,1
1998-04-07,0,1
1998-04-08,0,1
1998-04-09,0,1
1998-04-13,0,1
1998-04-14,0,1
1998-04-15,0,1
1998-04-16,0,1
1998-04-17,0,1
1998-04-20,0,1
1998-04-21,0,1
1998-04-22,0,1
1998-04-23,0,1
1998-04-24,0,1
1998-04-27,0,1
1998-04-28,0,1
1998-04-29,0,1
1998-04-30,0,1
1998-05-01,0,1
1998-05-04,0,1
1998-05-05,0,1
1998-05-06,0,1
1998-05-07,0,1
1998-05-08,0,1
1998-05-11,0,1
1998-05-12,0,1
1998-05-13,0,1
1998-05-14,0,1
1998-05-15,0,1
1998-05-18,0,1
1998-05-19,0,1
1998-05-20,0,1
1998-05-21,0,1
1998-05-22,0,1
1998-05-26,0,1
1998-05-27,0,1
1998-05-28,0,1
1998-05-29,0,1
1998-06-01,0,1
1998-06-02,0,1
1998-06-03,0,1
1998-06-04,0,1
1998-06-05,0,1
1998-06-08,0,1
1998-06-09,0,1
1998-06-10,0,1
1998-06-11,0,1
1998-06-12,0,1
1998-06-15,0,1
1998-06-16,0,1
1998-06-17,0,1
1998-06-18,0,1
1998-06-19,0,1
1998-06-22,0,1
1998-06-23,0,1
1998-06-24,0,1
1998-06-25,0,1
1998-06-26,0,1
1998-06-29,0,1
1998-06-30,0,1
1998-07-01,0,1
1998-07-02,0,1
1998-07-06,0,1
1998-07-07,0,1
1998-07-08,0,1
1998-07-09,0,1
1998-07-10,0,1
1998-07-13,0,1
1998-07-14,0,1
1998-07-15,0,1
1998-07-16,0,1
1998-07-17,0,1
1998-07-20,0,1
1998-07-21,0,1
1998-07-22,0,1
1998-07-23,0,1
1998-07-24,0,1
1998-07-27,0,1
1998-07-28,0,1
1998-07-29,0,1
1998-07-30,0,1
1998-07-31,0,1
1998-08-03,0,1
1998-08-04,0,1
1998-08-05,0,1
1998-08-06,0,1
1998-08-07,0,1
1998-08-10,0,1
1998-08-11,0,1
1998-08-12,0,1
1998-08-13,0,1
1998-08-14,0,1
1998-08-17,0,1
1998-08-18,0,1
1998-08-19,0,1
1998-08-20,0,1
1998-08-21,0,1
1998-08-24,0,1
1998-08-25,0,1
1998-08-26,0,1
1998-08-27,0,1
1998-08-28,0,1
1998-08-31,0,1
1998-09-01,0,1
1998-09-02,0,1
1998-09-03,0,1
1998-09-04,0,1
1998-09-08,0,1
1998-09-09,0,1
1998-09-10,0,1
1998-09-11,0,1
1998-09-14,0,1
1998-09-15,0,1
1998-09-16,0,1
1998-09-17,0,1
1998-09-18,0,1
1998-09-21,0,1
1998-09-22,0,1
1998-09-23,0,1
1998-09-24,0,1
1998-09-25,0,1
1998-09-28,0,1
1998-09-29,0,1
1998-09-30,0,1
1998-10-01,0,1
1998-10-02,0,1
1998-10-05,0,1
1998-10-06,0,1
1998-10-07,0,1
1998-10-08,0,1
1998-10-09,0,1
1998-10-12,0,1
1998-10-13,0,1
1998-10-14,0,1
1998-10-15,0,1
1998-10-16,0,1
1998-10-19,0,1
1998-10-20,0,1
1998-10-21,0,1
1998-10-22,0,1
1998-10-23,0,1
1998-10-26,0,1
1998-10-27,0,1
1998-10-28,0,1
1998-10-29,0,1
1998-10-30,0,1
1998-11-02,0,1
1998-11-03,0,1
1998-11-04,0,1
1998-11-05,0,1
1998-11-06,0,1
1998-11-09,0,1
1998-11-10,0,1
1998-11-11,0,1
1998-11-12,0,1
1998-11-13,0,1
1998-11-16,0,1
1998-11-17,0,1
1998-11-18,0,1
1998-11-19,0,1
1998-11-20,0,1
1998-11-23,0,1
1998-11-24,0,1
1998-11-25,0,1
1998-11-27,0,1
1998-11-30,0,1
1998-12-01,0,1
1998-12-02,0,1
1998-12-03,0,1
1998-12-04,0,1
1998-12-07,0,1
1998-12-08,0,1
1998-12-09,0,1
1998-12-10,0,1
1998-12-11,0,1
1998-12-14,0,1
1998-12-15,0,1
1998-12-16,0,1
1998-12-17,0,1
1998-12-18,0,1
1998-12-21,0,1
1998-12-22,0,1
1998-12-23,0,1
1998-12-24,0,1
1998-12-28,0,1
1998-12-29,0,1
1998-12-30,0,1
1998-12-31,0,1
1999-01-04,0,1
1999-01-05,0.04747158037,1.04747158
1999-01-06,0.0118372382,1.059870751
1999-01-07,0.01050601004,1.071005764
1999-01-08,0.00827132923,1.079864405
1999-01-11,0.01901934974,1.100402724
1999-01-12,-0.01392296864,1.085081851
1999-01-13,-0.006739129853,1.077769344
1999-01-14,0.013720068,1.092556412
1999-01-15,0.04316137224,1.139712646
1999-01-19,-0.002931672716,1.136371382
1999-01-20,-0.0104531165,1.124492759
1999-01-21,-0.01289670192,1.109990512
1999-01-22,0.01854324621,1.130573339
1999-01-25,-0.003552040979,1.126557496
1999-01-26,-0.0003295452971,1.126186244
1999-01-27,-0.01121865116,1.113551954
1999-01-28,0.01721008556,1.132716278
1999-01-29,0.02166830049,1.157260315
1999-02-01,0.002230302267,1.159841355
1999-02-02,2.016811795e-06,1.159843694
1999-02-03,0.03185410236,1.196789474
1999-02-04,-0.0002753571731,1.196459929
1999-02-05,-0.01748958605,1.175534341
1999-02-08,-0.01051019722,1.163179243
1999-02-09,-0.02274608988,1.136721463
1999-02-10,-0.01525640234,1.119379183
1999-02-11,0.04126208284,1.1655671
1999-02-12,-0.02064637116,1.141502369
1999-02-16,-0.002416417884,1.138744022
1999-02-17,-0.01919655968,1.116884055
1999-02-18,-0.003452210158,1.113028336
1999-02-19,0.0109151997,1.125177263
1999-02-22,0.04721793661,1.178305811
1999-02-23,0.009340625727,1.189311925
1999-02-24,-0.007635140007,1.180231362
1999-02-25,-0.01647053142,1.160792324
1999-02-26,-0.008647948517,1.150753852
1999-03-01,0.001533413108,1.152518433
1999-03-02,-0.01836765128,1.131349376
1999-03-03,-0.02965677602,1.097797201
1999-03-04,0.00152666396,1.099473169
1999-03-05,0.01395350204,1.11481467
1999-03-08,-0.01113298623,1.102403453
1999-03-09,-0.01875510602,1.08172776
1999-03-10,-0.004317872292,1.077056997
1999-03-11,0.0132152385,1.091290562
1999-03-12,-0.0270719618,1.061747186
1999-03-15,-0.006864043557,1.054459307
1999-03-16,0.008306723682,1.063218409
1999-03-17,0.01414712251,1.07825989
1999-03-18,0.003682628351,1.082230721
1999-03-19,-0.007084407689,1.074563757
1999-03-22,0.04760636677,1.125719833
1999-03-23,-0.05486037889,1.063962417
1999-03-24,0.03892116378,1.105373072
1999-03-25,0.01017459757,1.116619798
1999-03-26,-0.01550665121,1.099304765
1999-03-29,-0.00401610693,1.094889839
1999-03-30,-0.00518097628,1.089217241
1999-03-31,-0.007174664812,1.081402472
1999-04-01,0.007059762981,1.089036917
1999-04-05,-0.003385506624,1.085349976
1999-04-06,-0.02124520523,1.062291493
1999-04-07,-0.01305804797,1.04842004
1999-04-08,0.01619140367,1.065395432
1999-04-09,-0.01786807058,1.046358871
1999-04-12,0.02638543448,1.073967504
1999-04-13,0.01869438999,1.094044672
1999-04-14,0.01748997757,1.113179488
1999-04-15,0.02639212836,1.142558664
1999-04-16,-0.00820962236,1.133178689
1999-04-19,-0.02490313543,1.104958987
1999-04-20,0.01258416506,1.118863973
1999-04-21,0.03419313403,1.157121439
1999-04-22,0.01908981678,1.179210675
1999-04-23,0.01970650758,1.202448799
1999-04-26,0.01619774934,1.221925763
1999-04-27,0.03604627334,1.265971634
1999-04-28,-0.02851566606,1.229871609
1999-04-29,-0.01441437672,1.212143777
1999-04-30,-0.003379064596,1.208047864
1999-05-03,-0.003097437198,1.204306012
1999-05-04,-0.008925791189,1.193556628
1999-05-05,0.005443705726,1.200053999
1999-05-06,-0.02265565666,1.172865988
1999-05-07,0.002011321198,1.175224998
1999-05-10,0.01021661555,1.18723182
1999-05-11,0.02240625837,1.213833243
1999-05-12,0.0180502642,1.235743254
1999-05-13,0.02338260642,1.264638152
1999-05-14,-0.01987678928,1.239501206
1999-05-17,0.008771854378,1.25037393
1999-05-18,0.04330627493,1.304522967
1999-05-19,0.02640925837,1.338974451
1999-05-20,-0.01269174985,1.321980522
1999-05-21,0.02909833457,1.360447954
1999-05-24,-0.04269390449,1.302365119
1999-05-25,-0.001022280482,1.301033736
1999-05-26,0.01579584867,1.321584668
1999-05-27,-0.005879105016,1.313814933
1999-05-28,0.01483768826,1.33330891
1999-06-01,-0.03506508338,1.286556322
1999-06-02,0.004215875782,1.291980283
1999-06-03,-0.03001010576,1.253207818
1999-06-04,0.04770225559,1.312988658
1999-06-07,0.05554636883,1.38592041
1999-06-08,-0.01286424548,1.36809159
1999-06-09,-0.004335682994,1.362159978
1999-06-10,-0.02664016714,1.325871809
1999-06-11,-0.02038145451,1.298848613
1999-06-14,-0.01922024949,1.273884418
1999-06-15,-0.01812810476,1.250791308
1999-06-16,0.04123710913,1.302370326
1999-06-17,0.006006799254,1.310193403
1999-06-18,0.005655441142,1.317603125
1999-06-21,0.01006209088,1.330860967
1999-06-22,-0.01239355489,1.314366869
1999-06-23,0.01697283541,1.336675401
1999-06-24,-0.01506905106,1.316532971
1999-06-25,0.001126926264,1.318016607
1999-06-28,0.01497216106,1.337750164
1999-06-29,0.003294444681,1.342157308
1999-06-30,0.02791433466,1.379622736
1999-07-01,-0.003933487303,1.374196008
1999-07-02,0.03748333284,1.425705454
1999-07-06,-0.005936817637,1.417241301
1999-07-07,-0.002342108563,1.413921968
1999-07-08,0.01647425625,1.43721528
1999-07-09,0.01273379421,1.455516484
1999-07-12,0.03548763732,1.507169325
1999-07-13,-0.01579448484,1.483364362
1999-07-14,0.02378452519,1.518645479
1999-07-15,0.02505526709,1.556695547
1999-07-16,-0.0001693436797,1.556431931
1999-07-19,-0.0024177012,1.552668943
1999-07-20,-0.03617421325,1.496502366
1999-07-21,0.009356746436,1.510504759
1999-07-22,-0.02349854336,1.475010097
1999-07-23,0.005869698065,1.483667961
1999-07-26,-0.04590240912,1.415564028
1999-07-27,0.01573523678,1.437838263
1999-07-28,-0.0007959168496,1.436693863
1999-07-29,-0.005952884511,1.42814139
1999-07-30,0.00891543156,1.440873887
1999-08-02,-0.01875904653,1.413844467
1999-08-03,-0.03182575504,1.368847799
1999-08-04,-0.02869400801,1.32957007
1999-08-05,0.006905517302,1.338751439
1999-08-06,-0.01036985359,1.324868782
1999-08-09,-0.01051675646,1.31093546
1999-08-10,-0.01336013898,1.29342118
1999-08-11,0.0448513715,1.351432894
1999-08-12,-0.0009460335043,1.350154393
1999-08-13,0.01843835972,1.375049025
1999-08-16,0.03496081027,1.423121853
1999-08-17,0.007028397574,1.43312412
1999-08-18,0.02697348731,1.471780475
1999-08-19,0.02544736633,1.509233412
1999-08-20,-0.01390266282,1.488251049
1999-08-23,0.01456008984,1.509920118
1999-08-24,0.01233855467,1.528550349
1999-08-25,0.01279198268,1.548103539
1999-08-26,0.002598197089,1.552125817
1999-08-27,-0.006770181041,1.541617644
1999-08-30,0.002394254342,1.545308669
1999-08-31,0.01433453394,1.567459949
1999-09-01,0.01864037566,1.596677991
1999-09-02,-0.009264002403,1.581886362
1999-09-03,0.02268315954,1.617768543
1999-09-07,-0.01402055646,1.595086528
1999-09-08,-0.0007557332283,1.593881068
1999-09-09,0.003065677611,1.598767393
1999-09-10,-0.008758990378,1.584763805
1999-09-13,-0.006265307499,1.574834773
1999-09-14,0.003310897729,1.580048889
1999-09-15,-0.01533754373,1.555814821
1999-09-16,-0.002561120854,1.551830191
1999-09-17,0.02976482334,1.598020142
1999-09-20,0.003151075296,1.603055624
1999-09-21,0.001953500307,1.606187194
1999-09-22,0.01234505553,1.626015664
1999-09-23,-0.003195631876,1.620819516
1999-09-24,-0.002813600365,1.616259178
1999-09-27,0.01095575195,1.633966513
1999-09-28,-0.009489796171,1.618460503
1999-09-29,-0.001998665002,1.615225743
1999-09-30,0.01909169713,1.646063144
1999-10-01,0.004102016986,1.652815323
1999-10-04,0.01470982096,1.67712794
1999-10-05,-0.008408345173,1.66302607
1999-10-06,0.006238721135,1.673401225
1999-10-07,0.001338091901,1.67564039
1999-10-08,-0.001263558481,1.67352312
1999-10-11,-0.006989953185,1.661825272
1999-10-12,-0.0146797216,1.63743014
1999-10-13,-0.01094404727,1.619510027
1999-10-14,-0.01154991484,1.600804824
1999-10-15,-0.01424545015,1.578000639
1999-10-18,-0.01366802884,1.55643248
1999-10-19,0.03215124267,1.606473719
1999-10-20,0.03854254693,1.668391308
1999-10-21,-0.01634933937,1.641114212
1999-10-22,0.0008762889069,1.642552302
1999-10-25,-0.01020777366,1.6257855
1999-10-26,-0.009193084554,1.610839516
1999-10-27,0.004864614311,1.618675629
1999-10-28,0.02975973475,1.666846987
1999-10-29,0.04114077274,1.73542236
1999-11-01,0.0007190560192,1.736670226
1999-11-02,0.01316496297,1.759533425
1999-11-03,0.03752237363,1.825555296
1999-11-04,0.01302286523,1.849329256
1999-11-05,0.01913314531,1.884712741
1999-11-08,-0.005589071109,1.874178948
1999-11-09,0.01774251459,1.907431595
1999-11-10,0.0165257535,1.93895334
1999-11-11,0.009638638709,1.95764221
1999-11-12,-0.003971078762,1.949868259
1999-11-15,0.01165789811,1.972599624
1999-11-16,0.03827092643,2.04809284
1999-11-17,0.03682958235,2.123523243
1999-11-18,-0.0007542869229,2.121921498
1999-11-19,0.0150796694,2.153919372
1999-11-22,-0.02201996956,2.106490133
1999-11-23,-0.01667711159,2.071359962
1999-11-24,0.02157315198,2.116045726
1999-11-26,0.01003303073,2.137276077
1999-11-29,0.01338930581,2.16589272
1999-11-30,-0.04403470387,2.070518276
1999-12-01,0.007578796973,2.086210313
1999-12-02,0.01520136762,2.117923563
1999-12-03,0.01351322969,2.146543551
1999-12-06,0.01928014897,2.18792923
1999-12-07,0.0174078488,2.226016372
1999-12-08,0.01148793285,2.251588698
1999-12-09,-0.003656543805,2.243355665
1999-12-10,0.02620801852,2.302149572
1999-12-13,0.0004285966201,2.303136266
1999-12-14,-0.007042330016,2.28691682
1999-12-15,-0.009100449092,2.26610485
1999-12-16,-0.003813589867,2.257462856
1999-12-17,-0.003752355199,2.248992053
1999-12-20,-0.01665018289,2.211545924
1999-12-21,0.00455580242,2.22162129
1999-12-22,0.005972510792,2.234889947
1999-12-23,-0.003371803672,2.227354337
1999-12-27,0.007343365245,2.243710614
1999-12-28,-0.00625992737,2.229665148
1999-12-29,0.0124239946,2.257366496
1999-12-30,0.002245058343,2.262434416
1999-12-31,0.02673427875,2.322918968
2000-01-03,-0.0154056949,2.287132787
2000-01-04,-0.023412301,2.233585746
2000-01-05,0.0160094619,2.269344252
2000-01-06,-0.03393643835,2.19233079
2000-01-07,0.07193626203,2.350038872
2000-01-10,0.01933475815,2.395476306
2000-01-11,-0.02554893753,2.334274431
2000-01-12,-0.01764625386,2.293083232
2000-01-13,0.0350373019,2.373426682
2000-01-14,0.01467617369,2.408259504
2000-01-18,0.03203694463,2.48541278
2000-01-19,0.003931100756,2.495183188
2000-01-20,-0.002951462163,2.487818749
2000-01-21,-0.01562589998,2.448944342
2000-01-24,-0.02032454327,2.399170667
2000-01-25,0.0001527445128,2.399537127
2000-01-26,-0.003578296262,2.390950873
2000-01-27,-0.01674834675,2.350906398
2000-01-28,-0.02379480388,2.294967042
2000-01-31,0.0191489592,2.338913272
2000-02-01,0.01708070255,2.378863554
2000-02-02,0.006287311196,2.393820209
2000-02-03,0.05301625197,2.520731585
2000-02-04,0.01430763845,2.556797301
2000-02-07,0.0130257084,2.590101397
2000-02-08,0.02794926238,2.66249282
2000-02-09,-0.008154051767,2.640782716
2000-02-10,0.003242132116,2.649344483
2000-02-11,-0.006547808976,2.631997081
2000-02-14,0.002763659866,2.639271026
2000-02-15,-0.007610345765,2.619185261
2000-02-16,0.01346617668,2.654455672
2000-02-17,-0.001409772241,2.650713494
2000-02-18,-0.02035298347,2.596763566
2000-02-22,0.0009394258418,2.599203033
2000-02-23,0.03212724876,2.682708275
2000-02-24,0.01313033846,2.717933143
2000-02-25,0.003765213293,2.728166741
2000-02-28,0.001511885085,2.732291416
2000-02-29,0.03843078604,2.837295522
2000-03-01,0.02113519369,2.897262313
2000-03-02,-0.01739450848,2.846865859
2000-03-03,0.006976048725,2.866725734
2000-03-06,0.008221928718,2.890295749
2000-03-07,-0.02617126215,2.814653061
2000-03-08,0.01254646982,2.849967021
2000-03-09,0.07741352062,3.070593001
2000-03-10,-0.03737966211,2.955815272
2000-03-13,0.02515495716,3.030168679
2000-03-14,-0.04065938302,2.90696389
2000-03-15,0.0007070737998,2.909019328
2000-03-16,0.05943326162,3.081911835
2000-03-17,0.02199586454,3.14970115
2000-03-20,-0.02618292974,3.067232746
2000-03-21,0.03244223463,3.166740631
2000-03-22,0.02535196816,3.247023738
2000-03-23,0.02268400708,3.320679248
2000-03-24,-0.01623570955,3.266765664
2000-03-27,0.009616190032,3.298179503
2000-03-28,-0.03388397691,3.186424065
2000-03-29,-0.02078256191,3.12020201
2000-03-30,-0.03133142822,3.022441624
2000-03-31,0.0423738651,3.150514158
2000-04-03,-0.0530797562,2.983285635
2000-04-04,-0.02023979902,2.922904533
2000-04-05,0.03065819998,3.012515525
2000-04-06,0.02818355893,3.097418934
2000-04-07,0.01739752877,3.151306369
2000-04-10,-0.06356602234,2.950990358
2000-04-11,-0.03973069427,2.833745462
2000-04-12,-0.05553324861,2.676378371
2000-04-13,0.008197110253,2.698316939
2000-04-14,-0.09378669048,2.445250724
2000-04-17,-0.01177999489,2.416445683
2000-04-18,0.1167553941,2.69857875
2000-04-19,-0.01080171497,2.669429472
2000-04-20,-0.02292209535,2.608240555
2000-04-24,-0.0419019163,2.498950278
2000-04-25,0.08412653398,2.709178303
2000-04-26,-0.01832781888,2.659524974
2000-04-27,0.0350351031,2.752701706
2000-04-28,-0.009076905745,2.727715692
2000-05-01,0.02793276534,2.803908334
2000-05-02,-0.03734630973,2.699192705
2000-05-03,-0.0148877656,2.659007757
2000-05-04,0.01791010064,2.706630853
2000-05-05,0.0201497338,2.761168744
2000-05-08,0.01158789657,2.793164882
2000-05-09,-0.004001638287,2.781987647
2000-05-10,-0.02643051042,2.708458293
2000-05-11,0.01052884556,2.736975232
2000-05-12,-0.003719950756,2.726793819
2000-05-15,0.03552092444,2.823652056
2000-05-16,0.03770286586,2.930111831
2000-05-17,-0.01608277791,2.882987493
2000-05-18,-0.02074986078,2.823165904
2000-05-19,-0.01962874272,2.767750707
2000-05-22,-0.02201803604,2.706810272
2000-05-23,-0.03928213621,2.600480982
2000-05-24,0.05147414897,2.734338528
2000-05-25,-0.03496309112,2.638737601
2000-05-26,-0.02294190823,2.578199925
2000-05-30,0.06725423143,2.751594779
2000-05-31,-0.007401503116,2.731228842
2000-06-01,0.0557963199,2.88362136
2000-06-02,0.04597156429,3.016185945
2000-06-05,0.01748916402,3.068936515
2000-06-06,-0.03591188306,2.958725226
2000-06-07,-0.001293516951,2.954898065
2000-06-08,-0.01488396708,2.910917459
2000-06-09,0.001467661227,2.9151897
2000-06-12,-0.01417479742,2.873867477
2000-06-13,0.02189045597,2.936777746
2000-06-14,-0.003316276514,2.927038579
2000-06-15,0.01490522201,2.970666739
2000-06-16,-0.000910033358,2.967963333
2000-06-19,0.001750945594,2.973160075
2000-06-20,-0.003140955193,2.963821513
2000-06-21,0.009940685976,2.993283932
2000-06-22,-0.01753137398,2.940807552
2000-06-23,-0.02350555885,2.871682227
2000-06-26,0.007864818375,2.894267486
2000-06-27,-0.01322678322,2.855985637
2000-06-28,0.01759653139,2.906241078
2000-06-29,0.01994540501,2.964207234
2000-06-30,0.004276549547,2.976883813
2000-07-03,0.01287770922,3.015219257
2000-07-05,-0.01794375139,2.961114912
2000-07-06,0.03420189229,3.062390645
2000-07-07,-0.01114434321,3.028262313
2000-07-10,-0.005113378387,3.012777662
2000-07-11,-0.01472043197,2.968428273
2000-07-12,0.03003307074,3.05757929
2000-07-13,0.02777453976,3.142502147
2000-07-14,0.01268227539,3.182356225
2000-07-17,-2.836644661e-05,3.182265953
2000-07-18,-0.0202725625,3.117753267
2000-07-19,-0.01065250345,3.08454139
2000-07-20,0.01173645487,3.120742971
2000-07-21,-0.02477675674,3.043421081
2000-07-24,-0.0469628286,2.900493419
2000-07-25,0.005855982823,2.917478658
2000-07-26,0.000194153153,2.918045096
2000-07-27,-0.03318177672,2.821219175
2000-07-28,-0.03042211313,2.735391726
2000-07-31,0.02519233424,2.804302629
2000-08-01,0.03110513707,2.891530846
2000-08-02,0.01380584389,2.93145087
2000-08-03,-0.001035008664,2.928416793
2000-08-04,-0.003171520587,2.919129259
2000-08-07,0.03935920959,3.034023879
2000-08-08,0.009654961194,3.063317262
2000-08-09,-0.001517064295,3.058670013
2000-08-10,-0.02466546724,2.983226488
2000-08-11,0.01666478027,3.032941302
2000-08-14,0.03814815247,3.148642409
2000-08-15,-0.00431447823,3.13505766
2000-08-16,0.02534354081,3.214511121
2000-08-17,0.00441159193,3.228692233
2000-08-18,0.02639968228,3.313928682
2000-08-21,0.01045689664,3.348582091
2000-08-22,-0.007588697263,3.323170716
2000-08-23,0.0144856677,3.371309062
2000-08-24,0.02672310713,3.461400916
2000-08-25,0.00235466129,3.469551342
2000-08-28,0.001448249951,3.47457612
2000-08-29,0.01613438946,3.530636284
2000-08-30,0.01827481115,3.595157996
2000-08-31,0.01371768122,3.644475227
2000-09-01,0.0154551288,3.700801061
2000-09-05,-0.002258731946,3.692441943
2000-09-06,-0.03597944754,3.559589922
2000-09-07,0.02657588975,3.654189192
2000-09-08,-0.03484485123,3.526859513
2000-09-11,-0.004901149171,3.509573848
2000-09-12,-0.008446525574,3.479930143
2000-09-13,-0.01099652845,3.441662992
2000-09-14,-0.002766708177,3.432140915
2000-09-15,-0.0218847629,3.357029325
2000-09-18,-0.02788998116,3.26340184
2000-09-19,0.01991514497,3.328392961
2000-09-20,0.0008220215025,3.331128972
2000-09-21,-0.03457282481,3.215962433
2000-09-22,-0.0185326031,3.156362278
2000-09-25,-0.02997222071,3.061759091
2000-09-26,-0.02711890097,2.978727549
2000-09-27,-0.06173995928,2.794821032
2000-09-28,0.03995408737,2.906485556
2000-09-29,-0.02021293374,2.847736956
2000-10-02,-0.03805643784,2.739362231
2000-10-03,-0.03197143084,2.651780901
2000-10-04,0.03864441178,2.754257414
2000-10-05,-0.02800219835,2.677132152
2000-10-06,-0.03137652201,2.593133056
2000-10-09,0.0004443627319,2.594285347
2000-10-10,0.006274878299,2.610564172
2000-10-11,-0.06467054874,2.441737555
2000-10-12,-0.05499815341,2.307446498
2000-10-13,0.08799333258,2.510486405
2000-10-16,-0.01050686316,2.484109068
2000-10-17,-0.04830586901,2.364112021
2000-10-18,-0.006348604097,2.34910321
2000-10-19,0.0925636064,2.566544675
2000-10-20,0.03633971263,2.65981217
2000-10-23,0.03130067075,2.743066075
2000-10-24,0.002742854911,2.750589908
2000-10-25,-0.037729441,2.646811688
2000-10-26,0.01547227046,2.687763874
2000-10-27,-3.106538207e-05,2.687680378
2000-10-30,-0.02941153632,2.608631569
2000-10-31,0.06546632544,2.779409092
2000-11-01,-0.01353618868,2.741786486
2000-11-02,0.04728963036,2.871444556
2000-11-03,-0.03051171871,2.783831847
2000-11-06,-0.004383599455,2.771628643
2000-11-07,-0.01201258717,2.738334213
2000-11-08,-0.04594963713,2.612508749
2000-11-09,-0.01867697541,2.563714988
2000-11-10,-0.03637445759,2.470461246
2000-11-13,-0.005071852633,2.45793143
2000-11-14,0.0380180687,2.551377236
2000-11-15,-0.006824922952,2.533964283
2000-11-16,-0.03565931119,2.443604862
2000-11-17,-0.0159062852,2.404736186
2000-11-20,-0.04878287982,2.28742623
2000-11-21,-0.02443379177,2.231535734
2000-11-22,-0.02999800101,2.164594123
2000-11-24,0.0671105171,2.309861153
2000-11-27,-0.01137106977,2.283595561
2000-11-28,-0.05642661066,2.154740003
2000-11-29,0.02306838314,2.204446371
2000-11-30,-0.01939706344,2.161686585
2000-12-01,-0.004769280236,2.151376896
2000-12-04,-0.02470894865,2.098218635
2000-12-05,0.09280907449,2.292952365
2000-12-06,-0.04918158362,2.180181336
2000-12-07,-0.02891625261,2.117138662
2000-12-08,0.1246926108,2.381130209
2000-12-11,-0.0134966973,2.348992815
2000-12-12,0.0284441344,2.415807883
2000-12-13,-0.06725270767,2.253338261
2000-12-14,-0.03395134084,2.176834406
2000-12-15,-0.04744132539,2.073562497
2000-12-18,-0.03706752028,1.996700677
2000-12-19,-0.03158612817,1.933632633
2000-12-20,-0.08372947548,1.771730587
2000-12-21,-0.008700563758,1.756315532
2000-12-22,0.05395172833,1.851071791
2000-12-26,-0.02693865094,1.801206414
2000-12-27,0.03461572283,1.863556476
2000-12-28,0.02828127374,1.916260227
2000-12-29,-0.02682961,1.864847712
2001-01-02,0.01371401064,1.890422253
2001-01-03,0.1323997157,2.140713622
2001-01-04,0.01163200872,2.165614422
2001-01-05,-0.05945978142,2.036847462
2001-01-08,-0.01596216263,2.004334971
2001-01-09,0.05520733041,2.114988954
2001-01-10,0.04295856966,2.205845855
2001-01-11,0.0757200329,2.372872575
2001-01-12,0.0388385148,2.465031422
2001-01-16,0.02081096617,2.516331107
2001-01-17,0.01735191,2.559994258
2001-01-18,-0.004678991752,2.548016066
2001-01-19,-0.003032229767,2.540289896
2001-01-22,-0.008240850627,2.519355747
2001-01-23,0.03215088845,2.600355272
2001-01-24,0.02367997227,2.661931613
2001-01-25,-0.002973668299,2.654015911
2001-01-26,-0.02350742714,2.591626826
2001-01-29,0.01832179142,2.639110072
2001-01-30,0.02984655291,2.71787841
2001-01-31,-0.01242976708,2.684095815
2001-02-01,0.01017518023,2.711406973
2001-02-02,-0.05606180808,2.559400596
2001-02-05,0.007958988288,2.579770835
2001-02-06,0.02632692348,2.647688265
2001-02-07,-0.04479028354,2.529097557
2001-02-08,-0.008914919827,2.506550855
2001-02-09,-0.0422499707,2.400649154
2001-02-12,0.0170348007,2.441543734
2001-02-13,-0.03614364125,2.353297453
2001-02-14,-0.005044436996,2.341426393
2001-02-15,0.04399471154,2.444436771
2001-02-16,-0.0510219011,2.31971696
2001-02-20,-0.01973942275,2.273927087
2001-02-21,-0.01111213844,2.248658894
2001-02-22,-0.02013723603,2.203377119
2001-02-23,0.05906822804,2.333526701
2001-02-26,0.02687933179,2.39625034
2001-02-27,-0.03561479626,2.310908372
2001-02-28,-0.009472760422,2.289017691
2001-03-01,-0.002853718622,2.282485478
2001-03-02,-0.03195856744,2.209540512
2001-03-05,0.00662923447,2.224188074
2001-03-06,-0.003639866952,2.216092326
2001-03-07,0.005692024938,2.228706378
2001-03-08,-0.02832374925,2.165581058
2001-03-09,-0.03911357889,2.080877432
2001-03-12,-0.06063182161,1.954710043
2001-03-13,0.03800913764,2.029006886
2001-03-14,-0.01759653909,1.993303387
2001-03-15,-0.02056253215,1.952316022
2001-03-16,-0.06567393769,1.824099741
2001-03-19,0.03372701968,1.885621189
2001-03-20,0.0006352965067,1.886819118
2001-03-21,-0.02347628175,1.84252362
2001-03-22,0.01815125938,1.875967745
2001-03-23,0.04534382277,1.961031294
2001-03-26,0.003221083739,1.96734794
2001-03-27,-0.00484155607,1.957822914
2001-03-28,-0.04273393323,1.874157441
2001-03-29,0.00256847998,1.878971176
2001-03-30,0.02450154523,1.925008874
2001-04-02,-0.02719462751,1.872658974
2001-04-03,-0.05698694183,1.765941866
2001-04-04,-0.01097383051,1.74656272
2001-04-05,0.07299034659,1.874044938
2001-04-06,-0.005278392713,1.864152993
2001-04-09,0.009564092691,1.881981925
2001-04-10,0.02515429456,1.929321852
2001-04-11,-0.01058871797,1.908892807
2001-04-12,0.01448476768,1.936542676
2001-04-16,-0.02066511618,1.896523797
2001-04-17,0.03345524931,1.959972473
2001-04-18,0.04690651315,2.051907948
2001-04-19,0.1867078453,2.43501526
2001-04-20,-0.01727537052,2.392949469
2001-04-23,-0.05057734477,2.271920439
2001-04-24,-0.009530870143,2.25026706
2001-04-25,-0.02179849958,2.201214614
2001-04-26,0.007709292313,2.218184421
2001-04-27,0.02092849907,2.264607692
2001-04-30,0.07244643049,2.428670436
2001-05-01,0.0585186897,2.570793047
2001-05-02,0.05964100986,2.724117741
2001-05-03,-0.01632647077,2.679642512
2001-05-04,0.02039097712,2.734283041
2001-05-07,0.005604256076,2.749606663
2001-05-08,0.003551219385,2.75937112
2001-05-09,-0.01874120006,2.707657194
2001-05-10,-0.01790161788,2.659185749
2001-05-11,-0.009503847429,2.633913254
2001-05-14,-0.03027099341,2.554182083
2001-05-15,0.01711282991,2.597891366
2001-05-16,0.03687709687,2.693694058
2001-05-17,0.01123472163,2.723956961
2001-05-18,0.0009206696594,2.726464825
2001-05-21,0.07801064046,2.939158093
2001-05-22,0.02858852036,3.023184274
2001-05-23,-0.03876456102,2.905991862
2001-05-24,0.02249032055,2.971348551
2001-05-25,-0.02382532691,2.9005552
2001-05-29,-0.0393565004,2.786399498
2001-05-30,-0.05367142982,2.636849453
2001-05-31,0.05348185537,2.777873054
2001-06-01,0.01394034819,2.816597572
2001-06-04,-0.01254974734,2.781249984
2001-06-05,-0.002469450322,2.774381825
2001-06-06,0.03738059744,2.878089876
2001-06-07,0.008223987885,2.901759252
2001-06-08,-0.01593983882,2.855505677
2001-06-11,-0.003487292302,2.845547694
2001-06-12,0.0167127712,2.893104682
2001-06-13,-0.01046226227,2.862836262
2001-06-14,-0.003279922355,2.853446381
2001-06-15,0.009410426217,2.880298528
2001-06-18,-0.03816478459,2.770372555
2001-06-19,-0.0354724426,2.672100673
2001-06-20,0.02684512661,2.743833554
2001-06-21,-0.01970178805,2.689775127
2001-06-22,-0.000290708914,2.688993186
2001-06-25,0.02808089792,2.764502529
2001-06-26,0.0144578374,2.804471257
2001-06-27,0.002716505218,2.812089618
2001-06-28,0.01524807334,2.854968566
2001-06-29,0.02082605736,2.914426305
2001-07-02,0.02660301225,2.991958824
2001-07-03,-0.0287779032,2.905856523
2001-07-05,-0.03801525837,2.795389636
2001-07-06,-0.01488799396,2.753771892
2001-07-09,0.02511202966,2.822924694
2001-07-10,-0.003237213312,2.813786284
2001-07-11,-0.03160445858,2.724858092
2001-07-12,0.02641356479,2.796831308
2001-07-13,0.02142653804,2.85675772
2001-07-16,-0.0198337617,2.800097468
2001-07-17,0.01378333576,2.838692152
2001-07-18,-0.0254063181,2.766571436
2001-07-19,0.008348468333,2.78966807
2001-07-20,-0.002509987535,2.782666038
2001-07-23,0.005530985328,2.798056923
2001-07-24,-0.03038241563,2.713045195
2001-07-25,0.001491836531,2.717092615
2001-07-26,0.0191278111,2.769064649
2001-07-27,-0.02641839067,2.695910417
2001-07-30,0.002592623937,2.702899899
2001-07-31,0.02041789174,2.758087417
2001-08-01,0.02929530048,2.838886416
2001-08-02,-0.01604482132,2.793336991
2001-08-03,-0.01573580427,2.749381587
2001-08-06,-0.00669875013,2.730964167
2001-08-07,-0.008744835079,2.707082335
2001-08-08,-0.007977640965,2.685486204
2001-08-09,-0.01275714792,2.65122706
2001-08-10,-0.03055870451,2.570208995
2001-08-13,0.005024087545,2.58312195
2001-08-14,-0.01088761387,2.554997916
2001-08-15,-0.02236094315,2.497865753
2001-08-16,0.004752266077,2.509736275
2001-08-17,-0.02038777716,2.458568332
2001-08-20,-0.01589458978,2.419490396
2001-08-21,-0.01331868408,2.387265968
2001-08-22,0.00420872527,2.397313315
2001-08-23,-0.028581853,2.328793658
2001-08-24,0.03485218728,2.409957211
2001-08-27,0.001851875812,2.414420152
2001-08-28,0.004039582674,2.424173402
2001-08-29,-0.005345400998,2.411215223
2001-08-30,-0.005563441731,2.397800568
2001-08-31,-0.002665142126,2.391410088
2001-09-04,-0.01095315636,2.3652166
2001-09-05,-0.02518936908,2.305638286
2001-09-06,-0.0122243471,2.277453363
2001-09-07,-0.03047856481,2.208039853
2001-09-10,-0.01929672187,2.165431922
2001-09-17,-0.04515456255,2.067652791
2001-09-18,-0.04283451341,1.97908589
2001-09-19,-0.03592375269,1.907989698
2001-09-20,-0.03284907119,1.845314009
2001-09-21,-0.03976730739,1.771930839
2001-09-24,0.05677027169,1.872523834
2001-09-25,-0.01747101719,1.839808938
2001-09-26,-0.04100191572,1.764373247
2001-09-27,0.004731222754,1.77272089
2001-09-28,0.0230446677,1.813572654
2001-10-01,-0.01588313237,1.784767439
2001-10-02,0.0190846328,1.818829071
2001-10-03,0.02678064656,1.867538489
2001-10-04,0.00548461014,1.87778121
2001-10-05,-0.005521713401,1.86741264
2001-10-08,-0.001702245103,1.864233846
2001-10-09,0.01489277224,1.891997456
2001-10-10,0.04961608734,1.985870967
2001-10-11,0.04218047045,2.069635939
2001-10-12,0.01574974162,2.10223217
2001-10-15,0.02741367656,2.159862083
2001-10-16,0.05986252506,2.289156881
2001-10-17,-0.0215973633,2.239717128
2001-10-18,-0.04058169929,2.148825601
2001-10-19,-0.004211552918,2.139775708
2001-10-22,0.005292826893,2.151101171
2001-10-23,0.01636485639,2.186303632
2001-10-24,-0.009297858204,2.165975691
2001-10-25,-0.007016736311,2.150777611
2001-10-26,0.04479408865,2.247119734
2001-10-29,0.03068869484,2.316080906
2001-10-30,-0.03247245674,2.240872069
2001-10-31,0.01700581337,2.278979921
2001-11-01,-0.03504770236,2.199106911
2001-11-02,-0.001255231664,2.196346522
2001-11-05,-0.005715385722,2.183793555
2001-11-06,0.01242931725,2.210936618
2001-11-07,0.03020279999,2.277713094
2001-11-08,-0.01192126445,2.250559874
2001-11-09,0.007762836009,2.268030601
2001-11-12,0.009279554713,2.289076915
2001-11-13,0.03520815091,2.369671081
2001-11-14,0.01896449342,2.414610692
2001-11-15,-0.002188754716,2.409325702
2001-11-16,0.02158564716,2.461332556
2001-11-19,0.02387205174,2.520089614
2001-11-20,0.01046103201,2.546452352
2001-11-21,-0.001194834147,2.543409764
2001-11-23,0.03061463094,2.621275316
2001-11-26,0.01563696869,2.662264116
2001-11-27,0.04225845953,2.774767296
2001-11-28,-0.0151287641,2.732788496
2001-11-29,-0.005358698456,2.718144307
2001-11-30,-0.01914631187,2.666101868
2001-12-03,0.005189237672,2.679936904
2001-12-04,0.009698398686,2.705928001
2001-12-05,0.02901548904,2.784441825
2001-12-06,0.006745353934,2.803223871
2001-12-07,-0.02773785617,2.72546845
2001-12-10,0.03383675098,2.817689447
2001-12-11,0.02750615466,2.895193249
2001-12-12,-0.004939216582,2.880893263
2001-12-13,-0.01829091517,2.828199088
2001-12-14,-0.0236743449,2.761243328
2001-12-17,0.00880108757,2.785545272
2001-12-18,0.0271597567,2.861200004
2001-12-19,0.006633840646,2.880180749
2001-12-20,-0.02589889237,2.805587257
2001-12-21,0.01018317528,2.834157044
2001-12-24,0.01239671466,2.86929128
2001-12-26,0.04809382359,3.007286469
2001-12-27,0.01122145258,3.041032592
2001-12-28,0.002600880819,3.048941955
2001-12-31,-0.009437419737,3.02016781
2002-01-02,-0.001735449404,3.014926462
2002-01-03,0.06847402754,3.221370619
2002-01-04,-0.001679366051,3.215960759
2002-01-07,-0.007236417774,3.192688723
2002-01-08,-0.01178232787,3.155071418
2002-01-09,0.0374747852,3.273307041
2002-01-10,-0.03830324148,3.147928771
2002-01-11,-0.008027568209,3.122658558
2002-01-14,-0.02800121136,3.035220336
2002-01-15,-0.009478205061,3.006451895
2002-01-16,-0.05951612954,2.827519515
2002-01-17,0.001763793305,2.832506675
2002-01-18,-0.0477475066,2.697261544
2002-01-22,-0.01143372699,2.666421792
2002-01-23,-6.209215944e-06,2.666405235
2002-01-24,0.07765331806,2.873460449
2002-01-25,0.008863561298,2.898929542
2002-01-28,0.005029217511,2.913508889
2002-01-29,-0.01339612374,2.874479164
2002-01-30,0.01063399358,2.905046356
2002-01-31,0.0001586300219,2.905507184
2002-02-01,-0.03922090888,2.791550552
2002-02-04,-0.025728411,2.719728392
2002-02-05,-0.0601374805,2.556170779
2002-02-06,-0.03943774039,2.455361179
2002-02-07,-0.003390089974,2.447037284
2002-02-08,0.04547272746,2.558310743
2002-02-11,0.06205746919,2.717073033
2002-02-12,0.009120291055,2.74185353
2002-02-13,-0.003598210789,2.731987763
2002-02-14,-0.03293604452,2.642006893
2002-02-15,-0.01253775992,2.608882044
2002-02-19,-0.03485442786,2.517950953
2002-02-20,-0.006421410077,2.501782158
2002-02-21,-0.02246102493,2.445589566
2002-02-22,0.006671662531,2.461905715
2002-02-25,0.0180773147,2.506410359
2002-02-26,0.005672768349,2.520628644
2002-02-27,0.007109321693,2.538548604
2002-02-28,-0.02344359826,2.479035891
2002-03-01,0.04041266127,2.579220328
2002-03-04,0.03094298651,2.659029108
2002-03-05,-0.001593336327,2.654792381
2002-03-06,0.03447263213,2.746310062
2002-03-07,0.02401786491,2.812270566
2002-03-08,0.01208340765,2.846252377
2002-03-11,0.02305668243,2.911877515
2002-03-12,-0.03863161823,2.799386974
2002-03-13,-0.02146037757,2.739311073
2002-03-14,-0.006216182124,2.722283016
2002-03-15,-0.02612572556,2.651161397
2002-03-18,0.02300422861,2.71214932
2002-03-19,-0.02613942124,2.641255307
2002-03-20,-0.02374478064,2.578539279
2002-03-21,-0.007760270921,2.558529115
2002-03-22,0.003430857287,2.567307064
2002-03-25,0.002165200139,2.572865797
2002-03-26,0.01845038024,2.620336149
2002-03-27,-0.007453130311,2.600806443
2002-03-28,0.005727643785,2.615702936
2002-04-01,-0.0005876980787,2.614165692
2002-04-02,-0.02361054839,2.552443806
2002-04-03,-0.04075666166,2.448414718
2002-04-04,-0.01804376737,2.404236092
2002-04-05,-0.01477878941,2.368704393
2002-04-08,-0.008946755128,2.347512175
2002-04-09,0.01049210008,2.372142508
2002-04-10,-0.02055074748,2.323393206
2002-04-11,-0.0132731723,2.292554408
2002-04-12,0.0168448336,2.331172105
2002-04-15,0.0001386600056,2.331495346
2002-04-16,0.03883359815,2.422035699
2002-04-17,0.01494143846,2.458224396
2002-04-18,0.02435047832,2.518083336
2002-04-19,-0.01512601548,2.479994769
2002-04-22,-0.0465976698,2.364432791
2002-04-23,0.008751246684,2.385124526
2002-04-24,0.01030088285,2.409693414
2002-04-25,-0.02857311219,2.340840974
2002-04-26,-0.03659191152,2.255185128
2002-04-29,-0.02985434976,2.187858043
2002-04-30,0.001135331013,2.190341986
2002-05-01,-0.004464260551,2.180563728
2002-05-02,-0.001603201584,2.177067845
2002-05-03,-0.01668527218,2.140742876
2002-05-06,-0.004994728092,2.130050447
2002-05-07,-0.02489894562,2.077014437
2002-05-08,0.03260660314,2.144738822
2002-05-09,-0.018467022,2.105131883
2002-05-10,-0.04254386511,2.015571436
2002-05-13,0.00127335284,2.01813797
2002-05-14,-0.004364681163,2.009329441
2002-05-15,0.01176241862,2.032964015
2002-05-16,-0.004642464987,2.023526051
2002-05-17,-0.0008016013192,2.02190399
2002-05-20,0.0005554293861,2.023027015
2002-05-21,-0.01833351333,1.985937822
2002-05-22,-0.02001589177,1.946187505
2002-05-23,0.01081245871,1.967230577
2002-05-24,-0.01222998752,1.943171372
2002-05-28,-0.02252407533,1.899403234
2002-05-29,-0.03431522647,1.834224782
2002-05-30,-0.01637044886,1.804197699
2002-05-31,-0.002702241072,1.799322321
2002-06-03,-0.005435076991,1.789542866
2002-06-04,0.02088842092,1.826923591
2002-06-05,-0.009579595438,1.809422402
2002-06-06,-0.02486619605,1.76442895
2002-06-07,0.002556406641,1.768939548
2002-06-10,-0.04074840334,1.696858085
2002-06-11,-0.04046277018,1.628198507
2002-06-12,-0.01092996582,1.610402353
2002-06-13,0.004146213566,1.617079425
2002-06-14,-0.01699331905,1.589599878
2002-06-17,0.07768218602,1.713083472
2002-06-18,-0.01314940126,1.69055745
2002-06-19,-0.03564064375,1.630304894
2002-06-20,-0.00616545519,1.620253322
2002-06-21,-0.06233441477,1.519255779
2002-06-24,-0.04532537839,1.450394936
2002-06-25,0.004134422006,1.456391481
2002-06-26,-0.01968086804,1.427728433
2002-06-27,0.03300499051,1.474850596
2002-06-28,0.006211922191,1.484012253
2002-07-01,-0.01891799845,1.455937712
2002-07-02,-0.04725162385,1.38714229
2002-07-03,0.01363521168,1.406056269
2002-07-05,0.05607539916,1.484901436
2002-07-08,-0.01128226627,1.468148382
2002-07-09,-0.009583788809,1.454077958
2002-07-10,-0.03640593869,1.401140885
2002-07-11,-0.009865023774,1.387318597
2002-07-12,0.0119190191,1.403854074
2002-07-15,0.02802210675,1.443193023
2002-07-16,0.06441834253,1.536161125
2002-07-17,0.0803885956,1.659650961
2002-07-18,-0.00109285119,1.657837209
2002-07-19,-0.06600487738,1.548411867
2002-07-22,0.03173645295,1.597552968
2002-07-23,-0.03126887201,1.547599289
2002-07-24,0.0008945404763,1.548983679
2002-07-25,-0.0459844074,1.477754582
2002-07-26,-0.03133524768,1.431448776
2002-07-29,0.0315432895,1.47660138
2002-07-30,-0.001653685638,1.474159545
2002-07-31,0.01499537633,1.496265122
2002-08-01,0.01832762164,1.523688103
2002-08-02,-0.03380415624,1.472181113
2002-08-05,-0.002667771048,1.46825367
2002-08-06,0.008938564901,1.481377751
2002-08-07,-0.01315484801,1.461890452
2002-08-08,0.001348736124,1.463862156
2002-08-09,-0.03550419389,1.411888911
2002-08-12,0.01376490764,1.431323431
2002-08-13,0.0392904022,1.487560704
2002-08-14,-0.01452052276,1.465960545
2002-08-15,-0.02785729896,1.425122844
2002-08-16,0.05775012492,1.507423866
2002-08-19,0.05642835825,1.59248532
2002-08-20,0.008541791691,1.606087998
2002-08-21,0.01109377467,1.623905577
2002-08-22,0.02451775322,1.663720093
2002-08-23,0.0007069097626,1.664896193
2002-08-26,0.01762031808,1.694232193
2002-08-27,-0.03097367809,1.641755591
2002-08-28,-0.04048651097,1.575286635
2002-08-29,0.02888233271,1.620784588
2002-08-30,0.009019287734,1.63540291
2002-09-03,-0.003788651586,1.629206938
2002-09-04,0.02579384297,1.671230446
2002-09-05,-0.01908013286,1.639343147
2002-09-06,0.007301983065,1.651313603
2002-09-09,0.009224490056,1.666546129
2002-09-10,-0.08477439167,1.525265695
2002-09-11,-0.01779482669,1.498123856
2002-09-12,-0.03747235073,1.441985634
2002-09-13,0.007951778859,1.453451984
2002-09-16,-0.02571969604,1.416069641
2002-09-17,-0.03132415,1.371712463
2002-09-18,0.007274515918,1.381691007
2002-09-19,-0.0333369826,1.335629598
2002-09-20,0.01389591701,1.354189396
2002-09-23,-0.02063737744,1.326242479
2002-09-24,-0.04216152161,1.270326078
2002-09-25,-0.009098133026,1.258768482
2002-09-26,0.01415147938,1.276581918
2002-09-27,0.004650791944,1.282519035
2002-09-30,-0.01614345221,1.261814751
2002-10-01,-0.02191521015,1.234161815
2002-10-02,-0.03421312131,1.191937287
2002-10-03,-0.03548686949,1.149639164
2002-10-04,-0.105459142,1.028399204
2002-10-07,-0.04786831486,0.9791714675
2002-10-08,-0.04839324632,0.9317861815
2002-10-09,-0.007221312693,0.9250574621
2002-10-10,0.06830889341,0.9882471137
2002-10-11,0.04341172797,1.031148629
2002-10-14,0.01474796027,1.046355968
2002-10-15,0.06192918232,1.111155937
2002-10-16,-0.05328948283,1.051943012
2002-10-17,0.04680388176,1.101178028
2002-10-18,0.003984702065,1.105565894
2002-10-21,0.01708247208,1.124451693
2002-10-22,0.00791245264,1.133348864
2002-10-23,0.04458325942,1.18387725
2002-10-24,0.0821850108,1.281174215
2002-10-25,0.03030961344,1.32000611
2002-10-28,0.02332874388,1.350800194
2002-10-29,-0.02499512634,1.317036773
2002-10-30,0.05720781945,1.392381575
2002-10-31,0.009792893259,1.406017019
2002-11-01,0.02506374831,1.441257076
2002-11-04,0.1115952006,1.602094448
2002-11-05,0.007731545124,1.614481114
2002-11-06,0.03496194529,1.670926514
2002-11-07,-0.065114499,1.562124971
2002-11-08,-0.03691764701,1.504454993
2002-11-11,-0.05885766959,1.415906278
2002-11-12,0.01084428651,1.431260771
2002-11-13,0.03019451934,1.474477002
2002-11-14,0.0711298095,1.579356271
2002-11-15,0.03587567333,1.63601674
2002-11-18,0.0684665947,1.748029235
2002-11-19,0.05403091355,1.842476852
2002-11-20,0.05783497456,1.949036454
2002-11-21,0.1113365703,2.166035488
2002-11-22,0.05521064711,2.285623709
2002-11-25,0.08762155906,2.485893622
2002-11-26,-0.02076237543,2.434280565
2002-11-27,0.02404971295,2.492824314
2002-11-29,0.0007206623669,2.494620798
2002-12-02,0.01408287703,2.529752236
2002-12-03,-0.05491467657,2.390831711
2002-12-04,-0.04605560787,2.280720503
2002-12-05,-0.03651884794,2.197431218
2002-12-06,-0.01579119578,2.162731151
2002-12-09,-0.05564736374,2.042380864
2002-12-10,0.02872574271,2.101049771
2002-12-11,0.05415887896,2.214840271
2002-12-12,0.006096327742,2.228342664
2002-12-13,-0.01831296919,2.187535093
2002-12-16,0.001500527962,2.190817551
2002-12-17,-0.0180586553,2.151254332
2002-12-18,-0.02942932297,2.087944373
2002-12-19,-0.02045050755,2.045244851
2002-12-20,0.01713513465,2.080290397
2002-12-23,-0.008153819767,2.063328084
2002-12-24,-0.02075192371,2.020510057
2002-12-26,0.01326417761,2.047310461
2002-12-27,-0.006537620455,2.033925922
2002-12-30,-0.01943796113,1.994390549
2002-12-31,0.009877848906,2.014090838
2003-01-02,0.01929246538,2.052947616
2003-01-03,-0.02940092407,1.992589059
2003-01-06,0.04739210058,2.08702204
2003-01-07,0.06095079831,2.214227699
2003-01-08,-0.01742358496,2.175647915
2003-01-09,0.02895327105,2.238640039
2003-01-10,0.006328889321,2.252808144
2003-01-13,0.01176445633,2.279311207
2003-01-14,0.01782546937,2.319940999
2003-01-15,-0.0115146951,2.293227585
2003-01-16,-0.00860111747,2.273503266
2003-01-17,-0.05378859462,2.15121472
2003-01-21,-0.04586546188,2.052548263
2003-01-22,0.00676177498,2.066427133
2003-01-23,0.002913452083,2.072447569
2003-01-24,-0.03284498165,2.004378067
2003-01-27,-0.02847401069,1.947305384
2003-01-28,0.05763866545,2.059545468
2003-01-29,0.007972837107,2.075965889
2003-01-30,-0.02059157008,2.033218491
2003-01-31,0.03473724139,2.103846893
2003-02-03,-0.00802353322,2.086966608
2003-02-04,-0.002799959942,2.081123185
2003-02-05,0.03459016867,2.153109587
2003-02-06,-0.003532665359,2.145503371
2003-02-07,0.04131251301,2.234139507
2003-02-10,0.01967263758,2.278090924
2003-02-11,-0.01877902176,2.235310605
2003-02-12,-0.02484432631,2.179775819
2003-02-13,-0.007374144653,2.163701836
2003-02-14,0.04164392083,2.253806864
2003-02-18,0.03490622248,2.332478748
2003-02-19,0.007834807963,2.350753271
2003-02-20,0.0101839966,2.374693335
2003-02-21,-0.01039383628,2.350011161
2003-02-24,0.01619131204,2.388060925
2003-02-25,-0.005076395224,2.375938184
2003-02-26,-0.009781280258,2.352698467
2003-02-27,-0.01737040912,2.311831132
2003-02-28,-0.01127255941,2.285770878
2003-03-03,0.008702996142,2.305663933
2003-03-04,0.009738018852,2.328116532
2003-03-05,-0.0004573206388,2.327051836
2003-03-06,-0.01876370205,2.283387729
2003-03-07,0.006343288785,2.297871917
2003-03-10,-0.01340252583,2.267074629
2003-03-11,-0.01067614866,2.242871003
2003-03-12,0.001466849426,2.246160957
2003-03-13,0.0468235972,2.351334293
2003-03-14,-0.01461367439,2.316972659
2003-03-17,0.05974207542,2.455393415
2003-03-18,0.02524401877,2.517377412
2003-03-19,0.04567837987,2.632367134
2003-03-20,0.01252124725,2.665327654
2003-03-21,0.03026780306,2.746001266
2003-03-24,-0.03664405114,2.645376655
2003-03-25,0.008464376326,2.667768119
2003-03-26,-0.02848066723,2.591788303
2003-03-27,0.01622719679,2.633845762
2003-03-28,-0.02190649629,2.576147429
2003-03-31,-0.006166629232,2.560261283
2003-04-01,-0.0003307753131,2.559414412
2003-04-02,0.03661610039,2.653130187
2003-04-03,0.003501439051,2.662419961
2003-04-04,-0.002016748079,2.65705053
2003-04-07,-0.007825083369,2.636258888
2003-04-08,-0.02491153362,2.570585636
2003-04-09,-0.01788124271,2.524620371
2003-04-10,0.004262645264,2.535381932
2003-04-11,0.0127508739,2.567710267
2003-04-14,0.007838881737,2.587838244
2003-04-15,0.0267155009,2.656973639
2003-04-16,-0.001984002828,2.651702196
2003-04-17,0.02652179123,2.722030088
2003-04-21,0.05625332769,2.875153339
2003-04-22,0.02459859351,2.945878067
2003-04-23,0.05101566614,3.096163999
2003-04-24,-0.01038601735,3.064007186
2003-04-25,0.00318240494,3.073758097
2003-04-28,0.02283959823,3.143961497
2003-04-29,-0.001285604091,3.139919608
2003-04-30,-0.003202429561,3.129864236
2003-05-01,0.01077485476,3.163588069
2003-05-02,0.07530625304,3.401826032
2003-05-05,0.07747193155,3.665372066
2003-05-06,0.008302135965,3.695802483
2003-05-07,-0.01409484991,3.643710702
2003-05-08,-0.007826838619,3.615191966
2003-05-09,0.02502205716,3.705651506
2003-05-12,0.02151149315,3.785365603
2003-05-13,0.0052906791,3.805392758
2003-05-14,0.03576436732,3.941490222
2003-05-15,0.0122347681,3.989713441
2003-05-16,0.02984826375,4.10879946
2003-05-19,0.03907763027,4.269361606
2003-05-20,-0.00159546792,4.262549977
2003-05-21,-0.006336397583,4.235540766
2003-05-22,0.03614356432,4.388628306
2003-05-23,0.02857052519,4.514013721
2003-05-27,0.08222473528,4.885177304
2003-05-28,0.03918824298,5.07661882
2003-05-29,0.003612484752,5.094958028
2003-05-30,0.01593553686,5.176148919
2003-06-02,0.02991683247,5.331002899
2003-06-03,-0.04177250894,5.108313533
2003-06-04,0.03542400947,5.28927048
2003-06-05,0.02243356479,5.407927672
2003-06-06,-0.006160778535,5.374610627
2003-06-09,-0.01318828202,5.303728746
2003-06-10,0.01539725166,5.385391593
2003-06-11,0.007801846602,5.427407592
2003-06-12,0.02155136196,5.544375617
2003-06-13,-0.03244010615,5.364515484
2003-06-16,0.008870240812,5.412100028
2003-06-17,0.001425379643,5.419814325
2003-06-18,0.007598502805,5.460996799
2003-06-19,-0.008837458108,5.412735469
2003-06-20,-0.006073850154,5.379859325
2003-06-23,-0.02738958371,5.232507218
2003-06-24,0.01162629951,5.293341914
2003-06-25,0.0137459711,5.366104039
2003-06-26,-0.009691820523,5.314096721
2003-06-27,-0.006559673264,5.279237983
2003-06-30,-0.01071512244,5.222670302
2003-07-01,-0.003429598343,5.20475864
2003-07-02,0.03137232245,5.368044007
2003-07-03,0.003750160859,5.388175035
2003-07-07,0.0249471367,5.522594574
2003-07-08,0.02009715904,5.633583036
2003-07-09,0.01549292624,5.720863722
2003-07-10,-0.02182854454,5.595985594
2003-07-11,0.009880372185,5.651276014
2003-07-14,0.006556718376,5.688329839
2003-07-15,-0.003900066982,5.666144972
2003-07-16,-0.002371603627,5.652707122
2003-07-17,-0.02728252612,5.498486992
2003-07-18,0.01469659349,5.57929602
2003-07-21,-0.02088831777,5.462753912
2003-07-22,0.01859479008,5.564332675
2003-07-23,0.03201447992,5.742471891
2003-07-24,0.005378304868,5.773356656
2003-07-25,0.02816440534,5.935959813
2003-07-28,0.01690187137,6.036288642
2003-07-29,-0.02088296826,5.910233018
2003-07-30,-0.006782656607,5.870145937
2003-07-31,0.0151132232,5.958862763
2003-08-01,-0.02983439025,5.781083725
2003-08-04,0.0177269374,5.883564635
2003-08-05,-0.01344140016,5.804481288
2003-08-06,-0.0235487201,5.667793183
2003-08-07,-0.005184934592,5.638406046
2003-08-08,-0.02472764025,5.49898157
2003-08-11,0.004792127413,5.52533339
2003-08-12,0.004111200546,5.548049144
2003-08-13,-0.0004386311308,5.545615597
2003-08-14,0.008115506435,5.590621076
2003-08-15,-0.003398113376,5.571623511
2003-08-18,0.02112701917,5.689335308
2003-08-19,0.0149513076,5.77439831
2003-08-20,0.0007135745134,5.778518774
2003-08-21,0.01924836626,5.88974582
2003-08-22,-0.01168237572,5.820939596
2003-08-25,0.004205218104,5.845417917
2003-08-26,0.00900184022,5.898037435
2003-08-27,0.004440440065,5.924227317
2003-08-28,0.004315104685,5.949790978
2003-08-29,0.002367212043,5.963875394
2003-09-02,0.02368265057,6.105115772
2003-09-03,0.01200146453,6.178386102
2003-09-04,0.009122965773,6.234751307
2003-09-05,0.0006378573103,6.238728189
2003-09-08,0.05243031429,6.565826668
2003-09-09,0.003731765633,6.590328795
2003-09-10,-0.0144408419,6.495158898
2003-09-11,0.001860334313,6.507242065
2003-09-12,8.125216035e-05,6.507770793
2003-09-15,-0.002861693596,6.489147547
2003-09-16,0.005209857561,6.522955081
2003-09-17,-0.0003082149582,6.520944609
2003-09-18,0.01361569506,6.609731802
2003-09-19,-0.009407175205,6.547552897
2003-09-22,-0.01525192771,6.447690094
2003-09-23,0.004578775974,6.477212622
2003-09-24,-0.02109403432,6.340582077
2003-09-25,-0.01803297734,6.226242504
2003-09-26,-0.01869798503,6.109824315
2003-09-29,0.007403399899,6.155057787
2003-09-30,-0.0004940152415,6.152017095
2003-10-01,0.01153488699,6.222979917
2003-10-02,0.003384501229,6.2440416
2003-10-03,0.001836806207,6.255510694
2003-10-06,0.01554929901,6.352779501
2003-10-07,-0.01733260817,6.242669263
2003-10-08,-0.003309550755,6.222008832
2003-10-09,0.001102628996,6.228869399
2003-10-10,0.009666927118,6.289083426
2003-10-13,0.006398400392,6.3293235
2003-10-14,0.00299803428,6.348299029
2003-10-15,-0.002956349111,6.32953124
2003-10-16,-0.001810993109,6.318068503
2003-10-17,-0.01760491294,6.206839457
2003-10-20,-0.001525283529,6.197372267
2003-10-21,0.0154511742,6.293128945
2003-10-22,-0.02048974634,6.16418433
2003-10-23,-0.01027697706,6.100835149
2003-10-24,-0.006408350523,6.061738859
2003-10-27,0.007621042325,6.107935627
2003-10-28,0.004198603326,6.133580426
2003-10-29,0.02069043155,6.260486852
2003-10-30,0.006215717339,6.299400268
2003-10-31,-0.007430516617,6.25259247
2003-11-03,0.009094691915,6.309457872
2003-11-04,-0.00182750747,6.297927291
2003-11-05,0.005993763974,6.335675581
2003-11-06,0.004875497218,6.366565149
2003-11-07,0.0164865713,6.471527979
2003-11-10,-0.01277341672,6.388864456
2003-11-11,-0.04528067546,6.099572358
2003-11-12,0.01374146179,6.183389398
2003-11-13,-0.005561686629,6.148999324
2003-11-14,-0.007056224546,6.105610604
2003-11-17,0.01885895333,6.22075603
2003-11-18,-0.01046715387,6.155642419
2003-11-19,0.008904760045,6.210456938
2003-11-20,-0.002853045804,6.19273822
2003-11-21,-0.004612220554,6.164175945
2003-11-24,0.02068130661,6.291659158
2003-11-25,-0.003907400451,6.267075126
2003-11-26,-0.005047093724,6.235444611
2003-11-28,0.0008118557369,6.240506892
2003-12-01,0.02045320643,6.368145268
2003-12-02,-0.00647569797,6.326907082
2003-12-03,-0.01114077513,6.256420433
2003-12-04,0.006624379725,6.297865338
2003-12-05,-0.002969556406,6.279163472
2003-12-08,-0.001837598728,6.267624889
2003-12-09,-0.009841965004,6.205939144
2003-12-10,-0.009293518777,6.148264132
2003-12-11,0.00510777691,6.179668094
2003-12-12,-0.005390175651,6.146358597
2003-12-15,0.0006513925862,6.150362289
2003-12-16,-0.000719458781,6.145937357
2003-12-17,-0.005019781657,6.115086094
2003-12-18,0.01496447762,6.206595163
2003-12-19,0.0002916870835,6.208405546
2003-12-22,0.02047977947,6.335552323
2003-12-23,0.01523637454,6.432083171
2003-12-24,-0.00424533064,6.404776851
2003-12-26,0.01765224316,6.517835529
2003-12-29,0.01199997417,6.596049387
2003-12-30,0.006095036305,6.636252548
2003-12-31,0.003856450048,6.661844924
2004-01-02,0.007548720016,6.712133327
2004-01-05,0.002427965633,6.728430156
2004-01-06,-0.00268739501,6.710348206
2004-01-07,0.006891974953,6.756595758
2004-01-08,0.02233221069,6.907485478
2004-01-09,0.0007568674487,6.912713529
2004-01-12,0.01634852221,7.025726179
2004-01-13,-0.01051971485,6.951817543
2004-01-14,0.009884396101,7.020532062
2004-01-15,-0.0118109429,6.937612958
2004-01-16,0.0290356752,7.139051235
2004-01-20,0.01914202524,7.275707134
2004-01-21,-0.01314814333,7.180045093
2004-01-22,-0.01439438443,7.076692764
2004-01-23,0.00535938083,7.114619456
2004-01-26,0.01971463433,7.254881577
2004-01-27,-0.01166244729,7.170271903
2004-01-28,-0.008764073882,7.10743111
2004-01-29,-0.001510755092,7.096693522
2004-01-30,-0.004664582966,7.063590407
2004-02-02,0.002708692016,7.082723497
2004-02-03,-0.0004239727356,7.079720616
2004-02-04,-0.03858574299,6.806544336
2004-02-05,0.01254959654,6.891963721
2004-02-06,0.006051320506,6.933669202
2004-02-09,0.005871164527,6.974377915
2004-02-10,0.00271299993,6.993299402
2004-02-11,0.004952422067,7.027933172
2004-02-12,-0.0008224739021,7.02215288
2004-02-13,-0.004263186887,6.99221613
2004-02-17,0.02549847138,7.170506953
2004-02-18,-0.006443264397,7.124305481
2004-02-19,-0.01421251981,7.023051148
2004-02-20,-0.006856418357,6.974898172
2004-02-23,-0.01032168479,6.902905471
2004-02-24,-0.007225825836,6.853026279
2004-02-25,0.001320109174,6.862073021
2004-02-26,0.00453895271,6.893219646
2004-02-27,-0.003842230013,6.866734311
2004-03-01,0.01887567092,6.996348528
2004-03-02,0.0001399954643,6.997327985
2004-03-03,-0.002161916807,6.982200344
2004-03-04,0.01826638659,7.109739915
2004-03-05,-0.0007583245155,7.104348425
2004-03-08,-0.01153269172,7.022416165
2004-03-09,0.004996302398,7.057502279
2004-03-10,-0.004540665953,7.025456519
2004-03-11,-0.004481381894,6.993972765
2004-03-12,0.002277725464,7.009903115
2004-03-15,-0.01239766951,6.922996653
2004-03-16,-0.007758432014,6.869285054
2004-03-17,0.006279013457,6.912417388
2004-03-18,-0.003660597616,6.887113809
2004-03-19,0.001025273331,6.894174983
2004-03-22,-0.008173064045,6.837828449
2004-03-23,-0.001208915886,6.82956209
2004-03-24,-0.001929195237,6.816386531
2004-03-25,0.008668897826,6.87547709
2004-03-26,-0.0005454502726,6.871726859
2004-03-29,0.01344496428,6.964116981
2004-03-30,-0.0003285708862,6.961828775
2004-03-31,0.003671018563,6.987385778
2004-04-01,0.00907058916,7.050765483
2004-04-02,0.01574160491,7.161755848
2004-04-05,0.008672249784,7.223864383
2004-04-06,-0.01471451793,7.117568701
2004-04-07,-0.002727449842,7.09815589
2004-04-08,-0.002093664914,7.08329473
2004-04-12,-0.009697444679,7.014604871
2004-04-13,-0.01172504571,6.932358308
2004-04-14,-0.009303393149,6.867863853
2004-04-15,-0.00802090756,6.812777352
2004-04-16,-0.01231154113,6.728901564
2004-04-19,0.01231285459,6.81175355
2004-04-20,-0.007565956568,6.760216119
2004-04-21,0.008285242984,6.816226152
2004-04-22,0.006506114136,6.860573297
2004-04-23,-0.007231981744,6.810957756
2004-04-26,-0.001049179952,6.803811836
2004-04-27,0.004855115325,6.836845127
2004-04-28,-0.02039072156,6.697436922
2004-04-29,-0.02553182467,6.526439137
2004-04-30,-0.01646094524,6.419007779
2004-05-03,-0.006890860011,6.374775295
2004-05-04,0.006172905465,6.414126181
2004-05-05,-0.00553041792,6.378653382
2004-05-06,-0.01505849885,6.282600438
2004-05-07,-0.01231616266,6.205222909
2004-05-10,-0.004811831923,6.175364419
2004-05-11,0.01016536186,6.238139233
2004-05-12,-0.006746722648,6.196052238
2004-05-13,-0.003235893959,6.17600247
2004-05-14,-0.01350410053,6.092601111
2004-05-17,-0.003958090927,6.068486042
2004-05-18,0.009893088708,6.128522113
2004-05-19,0.00379863146,6.15180211
2004-05-20,-0.02771889404,5.981280959
2004-05-21,0.001481920703,5.990144743
2004-05-24,0.01180037004,6.060830668
2004-05-25,0.01323772574,6.141062282
2004-05-26,0.01433796876,6.229112641
2004-05-27,-0.005426723564,6.195308969
2004-05-28,0.0117437689,6.268065245
2004-06-01,0.005720349109,6.303920767
2004-06-02,-0.01178038523,6.229658152
2004-06-03,-0.01957555683,6.107709125
2004-06-04,0.02002392975,6.230009463
2004-06-07,0.004697757336,6.259276536
2004-06-08,-0.006044604654,6.221441684
2004-06-09,-0.002981917046,6.202889861
2004-06-10,0.003005893947,6.22153509
2004-06-14,-0.01387135601,6.135233962
2004-06-15,0.007515231081,6.181341662
2004-06-16,-0.007153421694,6.137123919
2004-06-17,-0.01761622583,6.029010958
2004-06-18,0.003690079172,6.051258486
2004-06-21,-0.009337792862,5.994753088
2004-06-22,0.0100276852,6.054866584
2004-06-23,0.02793117842,6.223986143
2004-06-24,0.004732488342,6.253441085
2004-06-25,0.01499102063,6.347186549
2004-06-28,0.002932264595,6.36579818
2004-06-29,0.01836116089,6.482681624
2004-06-30,0.0008886173405,6.488442248
2004-07-01,-0.009354660816,6.427745071
2004-07-02,-0.01487852062,6.332109734
2004-07-06,-0.02216698365,6.191745961
2004-07-07,-0.002057537803,6.179006209
2004-07-08,-0.01943367103,6.058925435
2004-07-09,0.006850782663,6.100433817
2004-07-12,-0.024815577,5.949048032
2004-07-13,0.004296552069,5.974608426
2004-07-14,-0.04385250427,5.712606885
2004-07-15,-0.000766939805,5.708225659
2004-07-16,-0.01010188726,5.650561807
2004-07-19,0.01961383446,5.761390991
2004-07-20,0.01845101783,5.867694519
2004-07-21,-0.02443194984,5.724335301
2004-07-22,0.01651137832,5.818851966
2004-07-23,-0.02065463492,5.698665703
2004-07-26,-0.01292512129,5.625009758
2004-07-27,0.008469310235,5.672649711
2004-07-28,-0.02915055962,5.507288797
2004-07-29,0.02986864837,5.67178407
2004-07-30,0.005588831633,5.703482716
2004-08-02,0.005086444653,5.732493165
2004-08-03,-0.03374727294,5.539037154
2004-08-04,-0.01548561741,5.453261743
2004-08-05,-0.005978512367,5.420659351
2004-08-06,-0.04758589668,5.162712415
2004-08-09,-0.02126621046,5.052921086
2004-08-10,0.02282548179,5.168256444
2004-08-11,-0.01093514559,5.111740808
2004-08-12,-0.02843718369,4.966377295
2004-08-13,-0.0165441837,4.884212637
2004-08-16,0.02165678093,4.98998896
2004-08-17,0.01006105502,5.040193514
2004-08-18,0.04415466472,5.262741568
2004-08-19,0.01137403244,5.322600162
2004-08-20,0.01998574102,5.42897627
2004-08-23,0.01581556066,5.514838574
2004-08-24,-0.02310111985,5.387439627
2004-08-25,0.02164005076,5.504024094
2004-08-26,-0.01161346679,5.440103293
2004-08-27,0.002809039337,5.455384757
2004-08-30,-0.01174140904,5.391330853
2004-08-31,0.01051994595,5.448047362
2004-09-01,0.02316709618,5.574262799
2004-09-02,0.00191119561,5.584916306
2004-09-03,-0.03392038314,5.395473805
2004-09-07,0.02311608354,5.520196028
2004-09-08,-0.01027417361,5.463480576
2004-09-09,0.04059246183,5.685256703
2004-09-10,0.03311981999,5.873551381
2004-09-13,0.006703377741,5.912924015
2004-09-14,-0.001905886195,5.901654655
2004-09-15,-0.008168523264,5.853446851
2004-09-16,0.008218786521,5.901555081
2004-09-17,0.003681561355,5.923282018
2004-09-20,0.003830855308,5.945973255
2004-09-21,0.00607808664,5.982113395
2004-09-22,-0.01924583387,5.866982635
2004-09-23,-0.005692830183,5.833582899
2004-09-24,-0.02239342496,5.702948998
2004-09-27,0.003529319022,5.723076524
2004-09-28,-0.0005836814021,5.719736071
2004-09-29,0.004580640337,5.745936125
2004-09-30,0.02440023272,5.886138304
2004-10-01,0.01530306669,5.976214271
2004-10-04,0.04332071069,6.23510812
2004-10-05,0.00750057639,6.281875025
2004-10-06,0.00203354273,6.294649486
2004-10-07,-0.008574981453,6.240672984
2004-10-08,-0.01050392097,6.175121448
2004-10-11,0.002652102968,6.191498506
2004-10-12,-0.005340219974,6.158434542
2004-10-13,0.005360026796,6.191443916
2004-10-14,-0.009405529694,6.133210106
2004-10-15,-0.00910422383,6.077371989
2004-10-18,0.00965910519,6.136073964
2004-10-19,0.007919017515,6.184665641
2004-10-20,0.01264936422,6.262897729
2004-10-21,0.01681995581,6.368239392
2004-10-22,-0.01048974022,6.301438216
2004-10-25,0.0203180484,6.429471142
2004-10-26,-0.01164785187,6.354581615
2004-10-27,0.01948272545,6.478386184
2004-10-28,-0.007331295749,6.430891219
2004-10-29,0.007541215537,6.479387955
2004-11-01,0.005873432449,6.517444203
2004-11-02,-0.005673992693,6.480464272
2004-11-03,-0.02414386468,6.32400082
2004-11-04,0.01929918263,6.446048866
2004-11-05,0.003596376224,6.469231283
2004-11-08,0.003266816289,6.490365073
2004-11-09,-0.004853194671,6.458866068
2004-11-10,-0.0008056141219,6.453662715
2004-11-11,0.0254937367,6.618190692
2004-11-12,0.01728714116,6.732600289
2004-11-15,0.01910861738,6.861250972
2004-11-16,-0.002893015786,6.841401265
2004-11-17,0.01831368399,6.966692526
2004-11-18,-0.002778472976,6.947335759
2004-11-19,-0.02645591995,6.7635376
2004-11-22,-0.005752748723,6.724628668
2004-11-23,-0.004252352992,6.696033173
2004-11-24,0.005214520352,6.730949774
2004-11-26,-0.002816387139,6.711992814
2004-11-29,0.006192078075,6.753553997
2004-11-30,0.006611566357,6.798205568
2004-12-01,0.04259266061,7.08775923
2004-12-02,0.006892283509,7.136610076
2004-12-03,0.01554852573,7.247573842
2004-12-06,0.01552604583,7.360100005
2004-12-07,-0.01432442236,7.254670824
2004-12-08,-0.007251038342,7.202066928
2004-12-09,0.0239938046,7.374871914
2004-12-10,0.00754219557,7.430494641
2004-12-13,0.01979608141,7.577589317
2004-12-14,0.008862718746,7.64474736
2004-12-15,0.007767680634,7.704129316
2004-12-16,0.004104421489,7.73575031
2004-12-17,-0.01360278237,7.630522582
2004-12-20,0.0006407583519,7.635411904
2004-12-21,-0.001870362899,7.621130912
2004-12-22,0.01030750966,7.699685793
2004-12-23,-0.005139888085,7.66011027
2004-12-27,0.01076021067,7.74253467
2004-12-28,0.004133413354,7.774537766
2004-12-29,0.002479655019,7.793815938
2004-12-30,0.01598496,7.918399774
2004-12-31,0.01680915861,8.051501411
2005-01-03,-0.01311530098,7.945903547
2005-01-04,-0.03913532639,7.634938018
2005-01-05,-0.01875723395,7.4917277
2005-01-06,-0.01555661589,7.375181769
2005-01-07,-0.03816904222,7.093678145
2005-01-10,-0.0173693976,6.970465229
2005-01-11,-0.03877023778,6.700218634
2005-01-12,0.02050391169,6.837599326
2005-01-13,0.02209803961,6.988696866
2005-01-14,0.0007345979922,6.993830749
2005-01-18,0.003152581448,7.01587937
2005-01-19,-0.02922691121,6.810826887
2005-01-20,-0.02069030147,6.669908825
2005-01-21,-0.001299276899,6.661242767
2005-01-24,-0.01918737935,6.533430975
2005-01-25,0.004669178632,6.563936731
2005-01-26,7.827623911e-05,6.564450531
2005-01-27,0.02099969986,6.702302022
2005-01-28,-0.004737886817,6.670547274
2005-01-31,0.01601347897,6.777365942
2005-02-01,-0.01272602748,6.691116997
2005-02-02,0.004968198145,6.724359792
2005-02-03,-0.00645451377,6.680957319
2005-02-04,0.01634165951,6.790135249
2005-02-07,0.009820354694,6.856816786
2005-02-08,0.01173479082,6.937280096
2005-02-09,-0.01775616462,6.814100609
2005-02-10,0.002724537174,6.832665879
2005-02-11,-0.007461675,6.781682747
2005-02-14,-0.001207962409,6.773490729
2005-02-15,0.006113975575,6.814903686
2005-02-16,-0.007951711825,6.760713536
2005-02-17,-0.005837261939,6.72124948
2005-02-18,-0.01441845202,6.624339467
2005-02-22,0.003985786514,6.65074267
2005-02-23,-0.01028376178,6.582348017
2005-02-24,-0.01590959109,6.477625551
2005-02-25,0.0009994418315,6.484099561
2005-02-28,-0.02048652031,6.351262924
2005-03-01,0.01096328973,6.42089366
2005-03-02,0.0005014880327,6.424113661
2005-03-03,-0.00323816985,6.40331129
2005-03-04,-0.01277841575,6.321487116
2005-03-07,0.004950462027,6.352781398
2005-03-08,-0.01699651107,6.244806278
2005-03-09,0.005312302446,6.277980578
2005-03-10,-0.009141437803,6.220590809
2005-03-11,-0.01102706408,6.151995956
2005-03-14,0.007496479839,6.198114269
2005-03-15,-0.0127159819,6.11929916
2005-03-16,-0.01716989977,6.014231407
2005-03-17,-0.008218638906,5.964802611
2005-03-18,-0.02134706636,5.837471574
2005-03-21,0.00152854124,5.84639439
2005-03-22,-0.01075384057,5.783523197
2005-03-23,-0.01648226523,5.688197633
2005-03-24,0.01204647135,5.756720343
2005-03-28,-0.009736135934,5.700672131
2005-03-29,-0.02506466055,5.55778672
2005-03-30,0.01564034803,5.644712438
2005-03-31,0.00306788042,5.662029741
2005-04-01,-0.03081621924,5.487547391
2005-04-04,-0.006960754022,5.449349923
2005-04-05,-0.01717022243,5.355783373
2005-04-06,0.01533852513,5.437933191
2005-04-07,0.0204001352,5.548867763
2005-04-08,0.001839069773,5.559072518
2005-04-11,-0.0103849552,5.501341799
2005-04-12,-0.0200715475,5.390921356
2005-04-13,0.04264171268,5.620799476
2005-04-14,0.001737275971,5.630564356
2005-04-15,0.0130609962,5.704105135
2005-04-18,0.0003278767225,5.705975379
2005-04-19,-0.007055094171,5.665719185
2005-04-20,0.03506497417,5.864387482
2005-04-21,0.008548208066,5.914517486
2005-04-22,-0.03263675127,5.72148685
2005-04-25,0.02505688828,5.864849507
2005-04-26,0.001157336929,5.871637114
2005-04-27,0.008024824852,5.918755973
2005-04-28,0.007779227928,5.964799325
2005-04-29,0.003820019045,5.987584972
2005-05-02,0.008087541281,6.036009813
2005-05-03,-0.001827909407,6.024976533
2005-05-04,0.02294912838,6.163244493
2005-05-05,0.01135109075,6.233204041
2005-05-06,0.002393501413,6.248123224
2005-05-09,0.02259069142,6.389272647
2005-05-10,-0.01617058284,6.285954385
2005-05-11,0.00107753884,6.292727745
2005-05-12,0.01592918618,6.392965776
2005-05-13,0.01484417452,6.487864076
2005-05-16,-0.004590556244,6.458081171
2005-05-17,0.0001344624187,6.45894954
2005-05-18,0.01332546293,6.545018033
2005-05-19,0.006288726042,6.586177858
2005-05-20,-0.009129515116,6.526049248
2005-05-23,-0.006823708417,6.481517391
2005-05-24,-0.0005961461674,6.477653459
2005-05-25,0.001994897003,6.490575711
2005-05-26,0.006715022747,6.534160074
2005-05-27,0.01329918399,6.621059071
2005-05-31,-0.0005032169747,6.617727242
2005-06-01,0.009558561195,6.680983193
2005-06-02,0.002123872193,6.695172747
2005-06-03,-0.02394155353,6.534879911
2005-06-06,0.01036162071,6.602591858
2005-06-07,-0.00105318626,6.595638098
2005-06-08,0.001046348755,6.602539436
2005-06-09,0.01804242304,6.721665246
2005-06-10,-0.01275453572,6.635933526
2005-06-13,-0.006994958293,6.589515448
2005-06-14,0.006427478223,6.631869415
2005-06-15,-0.009592994019,6.568249932
2005-06-16,0.02109393366,6.70680016
2005-06-17,0.01281553278,6.792751377
2005-06-20,0.01531267345,6.896766561
2005-06-21,-0.01158228136,6.81688627
2005-06-22,0.004508973783,6.847623432
2005-06-23,-0.01099819972,6.772311901
2005-06-24,-0.003217469095,6.750522197
2005-06-27,-0.01534526205,6.646933665
2005-06-28,0.0133389375,6.735596698
2005-06-29,-0.00458995623,6.704680604
2005-06-30,-0.006747566542,6.659440325
2005-07-01,-0.001147271081,6.651800142
2005-07-05,0.0125983205,6.735601652
2005-07-06,0.00888941828,6.795477232
2005-07-07,5.548573589e-05,6.795854285
2005-07-08,0.01253707997,6.881054453
2005-07-11,0.008633483552,6.940461924
2005-07-12,-0.006539951369,6.89507164
2005-07-13,-0.0007280561597,6.890051641
2005-07-14,-0.003976444838,6.86265373
2005-07-15,-0.005293294027,6.826327686
2005-07-18,-0.0006713929535,6.821744538
2005-07-19,0.001404111544,6.831323028
2005-07-20,0.0006065410741,6.835466506
2005-07-21,0.006071709045,6.87696947
2005-07-22,0.0001746753321,6.878170707
2005-07-25,0.003888383625,6.904915674
2005-07-26,0.01659798756,7.019523378
2005-07-27,0.007092935985,7.069312408
2005-07-28,0.009627298903,7.137370792
2005-07-29,0.001467156199,7.147842429
2005-08-01,0.01673660435,7.26747304
2005-08-02,-0.003665102218,7.240837008
2005-08-03,-0.003961490406,7.212152502
2005-08-04,-0.008292630214,7.152344788
2005-08-05,-0.006170536326,7.108210985
2005-08-08,-0.007099275084,7.05774784
2005-08-09,-0.006024636737,7.015227473
2005-08-10,-0.01277413985,6.925613976
2005-08-11,0.01203072956,7.008934165
2005-08-12,0.01704172167,7.12837847
2005-08-15,0.008245774109,7.187157469
2005-08-16,0.001423864907,7.19739101
2005-08-17,-0.0003460779246,7.194900152
2005-08-18,-0.01095469597,7.116082208
2005-08-19,-0.003975840349,7.087789802
2005-08-22,0.01087689734,7.164882964
2005-08-23,0.01111772031,7.244540128
2005-08-24,0.01103456241,7.324480459
2005-08-25,-0.006928421344,7.273733372
2005-08-26,-0.005524691517,7.233548239
2005-08-29,-0.003912686997,7.205245629
2005-08-30,0.006604067022,7.252829554
2005-08-31,-0.02881220496,7.043859542
2005-09-01,-0.001297171165,7.034722451
2005-09-02,0.005481298669,7.073281865
2005-09-06,0.01219535171,7.159543026
2005-09-07,0.03890379508,7.43807642
2005-09-08,0.005689580406,7.480395954
2005-09-09,0.01036392223,7.557922196
2005-09-12,0.0169874018,7.686311657
2005-09-13,-0.0006192302157,7.681552061
2005-09-14,-0.01543144003,7.563014651
2005-09-15,-0.01660429185,7.437436148
2005-09-16,-0.004363471893,7.404983105
2005-09-19,0.001119839179,7.413275495
2005-09-20,-0.001513953737,7.402052139
2005-09-21,-0.0170153249,7.276103817
2005-09-22,0.01024554758,7.350651485
2005-09-23,0.004084496878,7.380675198
2005-09-26,0.004823345727,7.416274746
2005-09-27,-0.01623785092,7.295850382
2005-09-28,0.03136094268,7.524655128
2005-09-29,-0.006733934431,7.473984593
2005-09-30,0.009326042516,7.543687292
2005-10-03,0.005332732512,7.583915758
2005-10-04,0.009244670578,7.654026561
2005-10-05,-0.01609291688,7.530850948
2005-10-06,-0.01508141509,7.417275059
2005-10-07,-0.007776645797,7.359593538
2005-10-10,0.006360797414,7.406406421
2005-10-11,-0.02960663512,7.187127649
2005-10-12,-0.01345592435,7.090418203
2005-10-13,0.00616650075,7.134141272
2005-10-14,0.01134314476,7.215064869
2005-10-17,0.009566432911,7.284087303
2005-10-18,0.006810141476,7.333692968
2005-10-19,-0.006351000083,7.287116684
2005-10-20,0.005411173069,7.326548533
2005-10-21,0.002305741389,7.343441659
2005-10-24,0.02211175486,7.505818041
2005-10-25,0.007177455828,7.559690719
2005-10-26,-0.02677163565,7.357305433
2005-10-27,-0.009902428906,7.284450239
2005-10-28,-0.02182888081,7.125438843
2005-10-31,0.02316113302,7.29047208
2005-11-01,-0.008382139989,7.229362322
2005-11-02,0.009032903209,7.294664452
2005-11-03,0.006098482465,7.339150836
2005-11-04,0.008707630524,7.40305745
2005-11-07,-0.001193668129,7.394220656
2005-11-08,-0.0156962323,7.278159251
2005-11-09,0.005940823323,7.321397509
2005-11-10,0.0139054224,7.423204634
2005-11-11,-0.002455442825,7.404977379
2005-11-14,0.004103875684,7.435366486
2005-11-15,-0.00174892148,7.422362614
2005-11-16,0.004858655527,7.458425317
2005-11-17,0.0166729785,7.582779482
2005-11-18,0.004171370135,7.614410062
2005-11-21,0.0163250249,7.738715496
2005-11-22,0.01105612596,7.824275709
2005-11-23,0.01796669369,7.964852074
2005-11-25,-0.004880655328,7.925978376
2005-11-28,-0.003887152815,7.895168887
2005-11-29,-0.004707186253,7.858004857
2005-11-30,0.01350684431,7.964141705
2005-12-01,0.02685933648,8.178053267
2005-12-02,0.004846309383,8.217686643
2005-12-05,0.00475823883,8.256788359
2005-12-06,0.01273045989,8.361901072
2005-12-07,-0.0007429063523,8.355688962
2005-12-08,0.01873966245,8.512271753
2005-12-09,0.002420157924,8.532872795
2005-12-12,-0.00458607911,8.493740365
2005-12-13,0.02204590079,8.680992523
2005-12-14,-0.0003224202395,8.678193595
2005-12-15,-0.002275675095,8.658444846
2005-12-16,0.001835863988,8.674340573
2005-12-19,-0.02694056225,8.440648961
2005-12-20,-0.01589902501,8.306450872
2005-12-21,0.01983662263,8.471222803
2005-12-22,0.009001940424,8.547480246
2005-12-23,0.01034252547,8.635882778
2005-12-27,0.004400492057,8.673884912
2005-12-28,0.005710478304,8.723416944
2005-12-29,-0.002553590198,8.701140912
2005-12-30,-0.001915099446,8.684477361
2006-01-03,0.01878251673,8.847593703
2006-01-04,0.02166644996,9.039289649
2006-01-05,0.008280557349,9.114140005
2006-01-06,0.01003866603,9.205633813
2006-01-09,0.02717272025,9.455775925
2006-01-10,0.01754346996,9.621663046
2006-01-11,0.01631467789,9.77863738
2006-01-12,-0.009275672473,9.687933942
2006-01-13,-0.004817182146,9.6412654
2006-01-17,0.0008275607143,9.649244132
2006-01-18,0.03041901268,9.942764612
2006-01-19,0.001514435379,9.957822286
2006-01-20,0.0007617723273,9.96540788
2006-01-23,-0.01022782493,9.863483433
2006-01-24,0.009462175215,9.956813441
2006-01-25,0.01386700428,10.09488462
2006-01-26,0.002498252078,10.12010418
2006-01-27,-0.006713725161,10.05216058
2006-01-30,-0.01456166707,9.905784368
2006-01-31,0.01654828959,10.06970816
2006-02-01,-0.006115126988,10.00813061
2006-02-02,-0.01017892293,9.906258622
2006-02-03,-0.01071224113,9.800140391
2006-02-06,-0.0009347420501,9.790979788
2006-02-07,-0.008424238106,9.708498243
2006-02-08,0.005465313564,9.76155823
2006-02-09,0.009784597267,9.857071146
2006-02-10,-0.005060988198,9.807184625
2006-02-13,0.001343832253,9.820363836
2006-02-14,0.01585838755,9.976098972
2006-02-15,0.008034759953,10.05625453
2006-02-16,-0.004910894059,10.00686933
2006-02-17,0.006508600356,10.07200005
2006-02-21,0.01057558718,10.17851736
2006-02-22,0.007948393384,10.25942022
2006-02-23,-0.009196936537,10.16506498
2006-02-24,-0.004255449045,10.12180807
2006-02-27,0.008826690563,10.21115013
2006-02-28,-0.0007557942025,10.20343261
2006-03-01,0.01975345141,10.40498562
2006-03-02,-0.004176783743,10.36152624
2006-03-03,-0.004844093085,10.31133404
2006-03-06,-0.008414506111,10.22456926
2006-03-07,-0.01802818026,10.04023888
2006-03-08,-0.001229750354,10.0278919
2006-03-09,0.003163610863,10.05961624
2006-03-10,-0.005028257394,10.0090339
2006-03-13,0.007627416934,10.08537698
2006-03-14,0.002783502906,10.11344965
2006-03-15,0.01338488279,10.24881699
2006-03-16,0.003389001892,10.28355025
2006-03-17,0.001308019462,10.29700134
2006-03-20,-0.006151038148,10.23366409
2006-03-21,-0.003111136657,10.20182576
2006-03-22,-0.003306507716,10.16809335
2006-03-23,0.007969761518,10.24913062
2006-03-24,0.001600669767,10.2655361
2006-03-27,0.0002843478226,10.26845508
2006-03-28,-0.001110253704,10.25705449
2006-03-29,0.004640374777,10.30465107
2006-03-30,0.000368427643,10.30844759
2006-03-31,-0.003752916317,10.26976085
2006-04-03,-0.002408935392,10.24502165
2006-04-04,-0.002912628655,10.21518171
2006-04-05,0.0128123451,10.34606214
2006-04-06,-0.00154176433,10.33011095
2006-04-07,-0.01059667193,10.22064616
2006-04-10,-0.006433292865,10.15489375
2006-04-11,-0.0002886354181,10.15196269
2006-04-12,0.003495408363,10.18744794
2006-04-13,0.01589784205,10.34940638
2006-04-17,-0.008342349083,10.26306802
2006-04-18,0.007375553817,10.33876383
2006-04-19,0.01896910929,10.53488097
2006-04-20,0.009846496277,10.63861264
2006-04-21,-0.0147071315,10.48214916
2006-04-24,-0.009292624984,10.38474248
2006-04-25,-0.002342928723,10.36041177
2006-04-26,0.008732260077,10.45088158
2006-04-27,0.001508818373,10.46665006
2006-04-28,-0.007065991201,10.3926928
2006-05-01,-0.001068512061,10.38158809
2006-05-02,0.002290336973,10.40536542
2006-05-03,-0.000689147013,10.39819459
2006-05-04,0.004742686525,10.44750997
2006-05-05,0.009521556045,10.54698652
2006-05-08,0.007003929438,10.62085687
2006-05-09,-0.005357459171,10.56395607
2006-05-10,-0.002852461083,10.53382279
2006-05-11,-0.017385713,10.35068477
2006-05-12,-0.01107592704,10.23604134
2006-05-15,-0.01661624524,10.06595677
2006-05-16,-0.008211612121,9.983299038
2006-05-17,0.02043225117,10.18728031
2006-05-18,-0.01062663825,10.07902377
2006-05-19,0.001331002903,10.09243898
2006-05-22,-0.01403700669,9.950771345
2006-05-23,-0.002121739324,9.929658402
2006-05-24,-0.01149897487,9.81547751
2006-05-25,0.0210169766,10.02176917
2006-05-26,0.0008626246817,10.0304142
2006-05-30,0.02263663062,10.25746898
2006-05-31,-0.0005861016531,10.25145706
2006-06-01,-0.00526362604,10.19749722
2006-06-02,0.004869104884,10.24714991
2006-06-05,-0.0007582029798,10.23938049
2006-06-06,-0.002004340912,10.21885728
2006-06-07,-0.015076078,10.06479699
2006-06-08,-0.0006914517341,10.05783767
2006-06-09,-0.01164297179,9.940734546
2006-06-12,-0.01061223931,9.835241092
2006-06-13,-0.01164960484,9.720664419
2006-06-14,-0.001378659122,9.707262937
2006-06-15,0.007305084528,9.778175313
2006-06-16,0.0006187537048,9.784225595
2006-06-19,-0.0006494973669,9.777870766
2006-06-20,-0.007093594213,9.708510519
2006-06-21,0.009034780588,9.796224781
2006-06-22,0.003507968984,9.830589634
2006-06-23,0.009514886693,9.92412658
2006-06-26,0.008640310266,10.00987411
2006-06-27,-0.03358846339,9.673657823
2006-06-28,-0.01010907995,9.575866043
2006-06-29,0.0108021441,9.679305928
2006-06-30,0.007339429304,9.750346509
2006-07-03,0.01128552332,9.860384272
2006-07-05,-0.02411661145,9.622585216
2006-07-06,-0.0137104065,9.490655661
2006-07-07,-0.0001147169761,9.489566922
2006-07-10,-0.01176884032,9.377885724
2006-07-11,0.005110295815,9.425809494
2006-07-12,-0.0137191986,9.296494942
2006-07-13,-0.006791593978,9.233356922
2006-07-14,-0.01404891515,9.103638275
2006-07-17,-0.006138294842,9.047757459
2006-07-18,0.001466752485,9.061028279
2006-07-19,0.008466951657,9.137747568
2006-07-20,-0.01838252106,8.969772731
2006-07-21,-0.003654640949,8.936991432
2006-07-24,0.0156548104,9.076898338
2006-07-25,0.02128750889,9.270122892
2006-07-26,-0.005359771379,9.220437153
2006-07-27,0.0002145094827,9.222415024
2006-07-28,0.01143557216,9.327878617
2006-07-31,0.02101596497,9.523912987
2006-08-01,-0.01158666512,9.413562597
2006-08-02,0.005030187387,9.46091458
2006-08-03,2.478351518e-05,9.461149055
2006-08-04,-0.006238786279,9.402122968
2006-08-07,0.005125208661,9.45031081
2006-08-08,-0.01010189396,9.354844773
2006-08-09,-0.01148247114,9.247428038
2006-08-10,-0.008612453231,9.167784996
2006-08-11,-0.006531334027,9.10790713
2006-08-14,0.004587539238,9.149690011
2006-08-15,0.01459778,9.283255173
2006-08-16,0.02120741059,9.480128977
2006-08-17,0.0002630968717,9.48262317
2006-08-18,-0.001412024222,9.469233476
2006-08-21,-0.002169817881,9.448686964
2006-08-22,-0.00589231738,9.393012301
2006-08-23,-0.01113629473,9.288408948
2006-08-24,0.001302885413,9.300510681
2006-08-25,0.003515356145,9.333205288
2006-08-28,-0.006018016832,9.277037901
2006-08-29,0.007779131655,9.349205201
2006-08-30,-0.003881590409,9.312915415
2006-08-31,0.01059501736,9.411585916
2006-09-01,0.01855149291,9.586184885
2006-09-05,0.01489663601,9.728986792
2006-09-06,-0.01229447156,9.609374041
2006-09-07,-0.0002118198512,9.607338585
2006-09-08,-0.004876902512,9.560484531
2006-09-11,-0.008726618131,9.477053833
2006-09-12,0.01348463995,9.604848492
2006-09-13,0.005256587243,9.655337216
2006-09-14,0.001172722187,9.666660244
2006-09-15,-0.009367510055,9.576107707
2006-09-18,0.0143667544,9.713685295
2006-09-19,0.0006233913091,9.719740722
2006-09-20,-0.006862319848,9.653040752
2006-09-21,-0.001403847563,9.639489354
2006-09-22,-0.002184354745,9.61843329
2006-09-25,0.01516605281,9.764306957
2006-09-26,-0.002218801709,9.742641896
2006-09-27,-0.007903091175,9.665644909
2006-09-28,0.004023937522,9.70453886
2006-09-29,0.003839582946,9.741800242
2006-10-02,-0.006995928583,9.673647303
2006-10-03,-0.02176503537,9.463100028
2006-10-04,0.01327508309,9.588723467
2006-10-05,0.01926944473,9.773492844
2006-10-06,-0.00514208105,9.723236751
2006-10-09,0.01829854797,9.901157866
2006-10-10,0.00363039339,9.937102964
2006-10-11,-0.01542433265,9.783829782
2006-10-12,0.009498943177,9.876765825
2006-10-13,0.00492345733,9.92539366
2006-10-16,0.02156646266,10.13944929
2006-10-17,-0.009038080835,10.04780813
2006-10-18,-0.006114239969,9.98637342
2006-10-19,0.006940755086,10.05568639
2006-10-20,-0.01719404324,9.882788485
2006-10-23,0.006663494572,9.948642393
2006-10-24,0.004090701722,9.989339321
2006-10-25,0.01004807105,10.08971291
2006-10-26,0.004046124778,10.13053715
2006-10-27,-0.006718773951,10.06247236
2006-10-30,0.005437301638,10.11718506
2006-10-31,0.01723114599,10.29151575
2006-11-01,-0.008724974043,10.20172254
2006-11-02,-0.009527947438,10.10452107
2006-11-03,-0.0097519134,10.00598265
2006-11-06,0.01197787371,10.12583305
2006-11-07,-0.003560621552,10.08977879
2006-11-08,0.01770959748,10.26846471
2006-11-09,-0.008225198752,10.18400455
2006-11-10,0.004773541872,10.23261832
2006-11-13,0.01641845054,10.40062206
2006-11-14,0.006598858281,10.46925429
2006-11-15,-0.0009766224784,10.45902978
2006-11-16,-0.006792837228,10.38798329
2006-11-17,-0.004887100075,10.33721618
2006-11-20,0.006279682433,10.40213061
2006-11-21,0.0145378522,10.55335525
2006-11-22,0.01349253936,10.69574681
2006-11-24,0.01477614745,10.85378874
2006-11-27,-0.005435058703,10.79479776
2006-11-28,-0.005663252004,10.7336641
2006-11-29,-0.00118770555,10.72091567
2006-11-30,0.004074829095,10.76460157
2006-12-01,-0.004950894503,10.71130716
2006-12-04,-0.003040451339,10.67873996
2006-12-05,0.003674801357,10.7179822
2006-12-06,-0.01934127363,10.51068278
2006-12-07,-0.01149160443,10.38989817
2006-12-08,-0.001164841977,10.37779558
2006-12-11,-0.01788196992,10.19222015
2006-12-12,-0.02770303264,9.909864744
2006-12-13,-0.009831402861,9.812436871
2006-12-14,0.001201272135,9.824224278
2006-12-15,-0.002078267193,9.803806915
2006-12-18,-0.006401227178,9.74105052
2006-12-19,0.002566671422,9.766052596
2006-12-20,-0.01012380287,9.667183005
2006-12-21,-0.01454636759,9.526560607
2006-12-22,0.004960092746,9.573813231
2006-12-26,0.002344217896,9.596256335
2006-12-27,0.00219887857,9.617357338
2006-12-28,0.003232934218,9.648449622
2006-12-29,0.003463254734,9.68186466
2007-01-03,0.01016950683,9.780324449
2007-01-04,0.004452760053,9.823873887
2007-01-05,-0.004467438842,9.779986331
2007-01-08,-0.002351112815,9.75699248
2007-01-09,0.03502619363,10.09874279
2007-01-10,0.02437700216,10.34491986
2007-01-11,-0.00849913828,10.25699696
2007-01-12,-0.01472042068,10.10600965
2007-01-16,0.008672046788,10.19364944
2007-01-17,-0.006544371588,10.12693841
2007-01-18,-0.01447239431,9.980377361
2007-01-19,0.002526471374,10.0055925
2007-01-22,0.003831556434,10.04392949
2007-01-23,-0.00370251359,10.00674171
2007-01-24,0.01130138565,10.11983175
2007-01-25,0.008557038397,10.20642754
2007-01-26,-0.01184892601,10.08549234
2007-01-29,0.003234990068,10.1181188
2007-01-30,-0.00282139702,10.08957157
2007-01-31,-0.01282602737,9.960162453
2007-02-01,0.009132062793,10.05111928
2007-02-02,-0.003074073271,10.02022141
2007-02-05,0.003407982362,10.05437014
2007-02-06,0.005263219489,10.1072885
2007-02-07,0.02252510288,10.33495621
2007-02-08,-0.003386734263,10.29995446
2007-02-09,-0.0008350749626,10.29135323
2007-02-12,-0.006608732832,10.22334042
2007-02-13,-0.02074001585,10.01130818
2007-02-14,0.009856335333,10.10998299
2007-02-15,0.005527782114,10.16586878
2007-02-16,0.01422391263,10.31046721
2007-02-20,0.03660909758,10.68792411
2007-02-21,-0.0003800200097,10.68386248
2007-02-22,0.009354834588,10.78380825
2007-02-23,-0.007186351578,10.70631201
2007-02-26,-0.007284584888,10.62832097
2007-02-27,0.03245153671,10.97322632
2007-02-28,-0.005015349479,10.91819175
2007-03-01,-0.002362086463,10.89240204
2007-03-02,0.01182472126,11.02120166
2007-03-05,-0.01457146382,10.86060662
2007-03-06,0.008754618441,10.95568708
2007-03-07,-0.04972734999,10.4108898
2007-03-08,-0.01043676279,10.30223381
2007-03-09,0.006487124215,10.36906568
2007-03-12,0.01631042613,10.53818956
2007-03-13,0.008262229477,10.6252585
2007-03-14,0.00559320402,10.68468774
2007-03-15,-0.006102443514,10.61948504
2007-03-16,0.004520642185,10.66749193
2007-03-19,0.006160881144,10.73321308
2007-03-20,-0.002905775909,10.70202477
2007-03-21,0.00996446754,10.80866475
2007-03-22,0.007505998838,10.88979457
2007-03-23,-0.0025119297,10.86244017
2007-03-26,0.01265959926,10.99995431
2007-03-27,-0.003290574602,10.96375814
2007-03-28,0.006904297996,11.03945519
2007-03-29,-0.002278191434,11.0143052
2007-03-30,-0.004508111417,10.96465149
2007-04-02,0.007006712883,11.04147765
2007-04-03,-0.003307243677,11.0049608
2007-04-04,-0.005000728072,10.94992798
2007-04-05,0.007207373528,11.0288482
2007-04-09,-0.002972400311,10.99606605
2007-04-10,0.009987746733,11.10589197
2007-04-11,-0.006532445391,11.03334334
2007-04-12,-0.002560508586,11.00509237
2007-04-13,0.01321496441,11.15052427
2007-04-16,0.001195448024,11.16385414
2007-04-17,-0.003789824998,11.12154509
2007-04-18,0.007111207894,11.20063271
2007-04-19,-0.005931253362,11.13419892
2007-04-20,0.00314776345,11.16924674
2007-04-23,0.01004072355,11.28139406
2007-04-24,0.004265934255,11.32951975
2007-04-25,-0.0006341655699,11.32233496
2007-04-26,0.005333042937,11.38271745
2007-04-27,-0.003062920875,11.34785309
2007-04-30,0.01112749797,11.4741263
2007-05-01,-0.007984749337,11.38250828
2007-05-02,0.001195872801,11.39612031
2007-05-03,-0.0001728507178,11.39415049
2007-05-04,-0.01819561107,11.18682696
2007-05-07,0.0005928926371,11.19345954
2007-05-08,-0.005041981464,11.13702233
2007-05-09,-0.003018932148,11.10340041
2007-05-10,-0.01673948033,10.91753526
2007-05-11,0.005315935514,10.97557217
2007-05-14,0.01087298082,11.09490936
2007-05-15,-0.005029359014,11.03910908
2007-05-16,0.005049239028,11.09484818
2007-05-17,-0.000748692172,11.08654155
2007-05-18,-0.008029159313,10.99752594
2007-05-21,0.009492956646,11.10192498
2007-05-22,0.002134101287,11.12561761
2007-05-23,0.004971581469,11.18092953
2007-05-24,0.000931859122,11.19134858
2007-05-25,-0.009209794884,11.08827855
2007-05-29,-0.0002811130135,11.08516149
2007-05-30,0.01087668445,11.2057313
2007-05-31,-0.006626140187,11.13148055
2007-06-01,-0.001203069595,11.1180886
2007-06-04,0.007885127888,11.20575616
2007-06-05,-0.003316676391,11.16859029
2007-06-06,-0.0009169315897,11.15834945
2007-06-07,0.00418070114,11.20499918
2007-06-08,-0.0005172088965,11.19920385
2007-06-11,0.005362761484,11.25926251
2007-06-12,0.006874918955,11.33666903
2007-06-13,-0.01128140944,11.20877543
2007-06-14,0.0003590367936,11.21279979
2007-06-15,0.01408637008,11.37074744
2007-06-18,-0.01044299357,11.25200279
2007-06-19,-0.001611536749,11.23386978
2007-06-20,0.008497156037,11.32932572
2007-06-21,0.008276694026,11.42309508
2007-06-22,0.0149413756,11.59377184
2007-06-25,0.007931025087,11.68572233
2007-06-26,0.002252230762,11.71204128
2007-06-27,-0.004472761617,11.65965611
2007-06-28,0.00376758369,11.70358484
2007-06-29,0.01174051838,11.84099099
2007-07-02,0.005473031758,11.90579711
2007-07-03,-0.006619212845,11.82699011
2007-07-05,0.001484194239,11.84454366
2007-07-06,0.01313227417,12.00008945
2007-07-09,0.02897439426,12.34778477
2007-07-10,0.004685381474,12.40563886
2007-07-11,-0.004148865119,12.35416953
2007-07-12,-0.006398972536,12.27511554
2007-07-13,0.002463286301,12.30535267
2007-07-16,0.00325030909,12.34534887
2007-07-17,-0.0006011603506,12.33792733
2007-07-18,-0.0002117822563,12.33531438
2007-07-19,0.01385486998,12.50621855
2007-07-20,0.0003787153444,12.51095485
2007-07-23,-0.004105556011,12.45959043
2007-07-24,-0.00927942569,12.34397258
2007-07-25,0.0002770341038,12.34739228
2007-07-26,-0.01184246415,12.20116873
2007-07-27,0.01172213089,12.34419243
2007-07-30,0.005949245074,12.41763106
2007-07-31,0.007253632034,12.50770398
2007-08-01,-0.003259620915,12.46693361
2007-08-02,0.004377657271,12.52150957
2007-08-03,0.001880374734,12.5450547
2007-08-06,-0.000317644584,12.54106983
2007-08-07,0.01369862073,12.71286519
2007-08-08,0.02889418854,13.08019312
2007-08-09,0.02053573789,13.34880453
2007-08-10,-0.02219862721,13.0524794
2007-08-13,-0.01515892548,12.85461783
2007-08-14,-0.02407618205,12.54512772
2007-08-15,-0.002169834988,12.51790686
2007-08-16,-0.01645206744,12.31196141
2007-08-17,0.01523768313,12.49956718
2007-08-20,-0.01177128015,12.35243127
2007-08-21,0.002650811039,12.38517523
2007-08-22,-0.003832280233,12.33771177
2007-08-23,-0.01095111413,12.20260008
2007-08-24,0.003117152183,12.24063744
2007-08-27,0.0003278265533,12.24465025
2007-08-28,-0.004232411573,12.19282585
2007-08-29,0.003125262111,12.23093162
2007-08-30,0.01097145344,12.36512272
2007-08-31,0.002239384201,12.39281298
2007-09-04,0.01540614318,12.58373843
2007-09-05,0.005987147784,12.65907913
2007-09-06,0.01743464648,12.8797857
2007-09-07,-0.002474818483,12.84791057
2007-09-10,-0.007493079555,12.75164016
2007-09-11,-6.66663953e-05,12.75079005
2007-09-12,-0.004214057194,12.69705749
2007-09-13,0.008840745812,12.80930895
2007-09-14,0.008449419119,12.91754017
2007-09-17,0.01790740835,13.14885984
2007-09-18,0.01066570618,13.28910171
2007-09-19,0.006125257196,13.37050088
2007-09-20,-0.0144211559,13.1776828
2007-09-21,0.004194184371,13.23295243
2007-09-24,-0.007737689348,13.13055996
2007-09-25,-0.01002821039,12.99888394
2007-09-26,-0.005076908801,12.93288979
2007-09-27,0.01066770632,13.07085406
2007-09-28,-0.01034853667,12.93558985
2007-10-01,0.01968522182,13.1902298
2007-10-02,0.02500064596,13.51999407
2007-10-03,0.0007847226328,13.53060351
2007-10-04,-0.003483524114,13.48346933
2007-10-05,0.02454751629,13.81445501
2007-10-08,0.01122823578,13.96956697
2007-10-09,-0.00592527421,13.88679346
2007-10-10,0.002756550656,13.92507311
2007-10-11,-0.0009293267254,13.91213216
2007-10-12,0.008029707509,14.02384252
2007-10-15,0.001124378458,14.03961062
2007-10-16,-0.01869601745,13.77712582
2007-10-17,-0.01388370923,13.58584821
2007-10-18,-0.004262583476,13.5279374
2007-10-19,-0.0001487861127,13.52592463
2007-10-22,0.02425854175,13.85404383
2007-10-23,0.01267750669,14.02967857
2007-10-24,-0.004784647742,13.9625515
2007-10-25,-0.01599424035,13.73923109
2007-10-26,0.0102836399,13.8805204
2007-10-29,0.01327233789,14.06474736
2007-10-30,-0.005194433063,13.99168897
2007-10-31,-0.01564494435,13.77278977
2007-11-01,-0.004893067146,13.70539859
2007-11-02,0.006260293798,13.79119841
2007-11-05,-0.0168579208,13.55870748
2007-11-06,0.001525856162,13.57939611
2007-11-07,-0.007131267858,13.4825578
2007-11-08,-0.01230823177,13.31661136
2007-11-09,-0.0006060332293,13.30854105
2007-11-12,-0.01210833946,13.14739672
2007-11-13,0.009169983956,13.26795813
2007-11-14,0.008788253745,13.38456032
2007-11-15,-0.007054100957,13.29014428
2007-11-16,-0.01572715599,13.0811281
2007-11-19,-0.03153456624,12.6686204
2007-11-20,-0.0198064582,12.4176999
2007-11-21,-0.02236750078,12.13994699
2007-11-23,0.01694611146,12.34567188
2007-11-26,0.002191537543,12.37272789
2007-11-27,0.006347549736,12.45126439
2007-11-28,0.03707213545,12.91285935
2007-11-29,-0.0122033916,12.75527867
2007-11-30,0.01066158143,12.89127012
2007-12-03,0.004636341442,12.95103845
2007-12-04,-0.009737377054,12.8249293
2007-12-05,0.01104659857,12.96660115
2007-12-06,0.02628257231,13.30739678
2007-12-07,-0.002560125481,13.27332817
2007-12-10,0.008747453362,13.38943599
2007-12-11,-0.02522874179,13.05163737
2007-12-12,0.006722702687,13.13937965
2007-12-13,-0.01776082717,12.9060134
2007-12-14,-0.01542055745,12.70699548
2007-12-17,-0.02348228253,12.40860622
2007-12-18,-0.003835819121,12.36100905
2007-12-19,-0.001025082865,12.34833799
2007-12-20,0.00140395352,12.36567448
2007-12-21,-0.006080649475,12.29048315
2007-12-24,0.007118504721,12.37797301
2007-12-26,-0.002592394939,12.34588442
2007-12-27,-0.004373015644,12.29189567
2007-12-28,-0.01217355235,12.14225964
2007-12-31,0.002915124519,12.17765584
2008-01-02,-0.01573509201,11.9860393
2008-01-03,-0.01110436638,11.85294193
2008-01-04,-0.05997463251,11.14206609
2008-01-07,-0.01023740329,11.02800027
2008-01-08,-0.01085284145,10.90831513
2008-01-09,-0.01244838856,10.77252419
2008-01-10,0.008129918944,10.86010393
2008-01-11,-0.007830791808,10.77506072
2008-01-14,0.02140257105,11.00567472
2008-01-15,-0.03906734021,10.57571229
2008-01-16,0.007267692543,10.65257331
2008-01-17,-0.01471088882,10.49586449
2008-01-18,0.01799054146,10.68469077
2008-01-22,0.01318611689,10.82558036
2008-01-23,0.03329485794,11.18601652
2008-01-24,0.01408882076,11.3436143
2008-01-25,0.001720082834,11.36312625
2008-01-28,0.01979851927,11.58809933
2008-01-29,0.01301229501,11.73888709
2008-01-30,-0.008890020998,11.63452814
2008-01-31,0.02927108298,11.97508338
2008-02-01,0.02508671475,12.27549888
2008-02-04,-0.004964073816,12.2145624
2008-02-05,-0.01189203956,12.06930634
2008-02-06,-0.03775670791,11.61360907
2008-02-07,0.001071654919,11.62605485
2008-02-08,-0.01144792884,11.4929606
2008-02-11,0.02259755006,11.75267335
2008-02-12,0.000285332498,11.75602677
2008-02-13,0.02878214469,12.09439043
2008-02-14,-0.02065891337,11.84453347
2008-02-15,-0.01214334471,11.70070122
2008-02-19,0.005146492008,11.76091878
2008-02-20,0.01221182027,11.90454101
2008-02-21,-0.005098945297,11.84384041
2008-02-22,-0.007501484019,11.75499403
2008-02-25,0.07165824992,12.59733633
2008-02-26,-0.004227616772,12.54407961
2008-02-27,0.008876604329,12.65542845
2008-02-28,-0.008306759307,12.55030285
2008-02-29,0.009883470202,12.67434339
2008-03-03,-0.02250763549,12.38907389
2008-03-04,-0.006309904916,12.31090001
2008-03-05,0.003288685803,12.3513867
2008-03-06,-0.01313509802,12.18915002
2008-03-07,-0.005813731982,12.11828557
2008-03-10,-0.02568868419,11.80698276
2008-03-11,0.03914258101,12.26913854
2008-03-12,-0.01225769075,12.11874723
2008-03-13,0.00298571471,12.15493035
2008-03-14,-0.02016266327,11.90985459
2008-03-17,-0.01513899134,11.7295514
2008-03-18,0.0005262777669,11.7357244
2008-03-19,-0.0005083458499,11.7297586
2008-03-20,0.003661132204,11.77270279
2008-03-24,0.01555567269,11.9558351
2008-03-25,0.008738354609,12.06030943
2008-03-26,-0.008400502819,11.95899677
2008-03-27,-0.003117563667,11.92171383
2008-03-28,-0.02019303987,11.68097819
2008-03-31,0.01545452254,11.86150213
2008-04-01,0.01282290967,12.0136011
2008-04-02,0.008773092419,12.11899753
2008-04-03,0.02328114609,12.40114169
2008-04-04,-0.002358544243,12.37189304
2008-04-07,0.008175862017,12.47304394
2008-04-08,-0.00545230115,12.40503714
2008-04-09,-0.005423288032,12.33776105
2008-04-10,0.007183837368,12.42639352
2008-04-11,-0.01222742676,12.27445071
2008-04-14,-0.00497868341,12.2133401
2008-04-15,-0.007093242234,12.12670792
2008-04-16,0.03003986058,12.49099254
2008-04-17,0.003303771412,12.53225992
2008-04-18,0.01744301416,12.75086031
2008-04-21,0.01502937869,12.94249782
2008-04-22,-0.01602665325,12.73507289
2008-04-23,-0.003383907837,12.69197858
2008-04-24,-0.0006889764031,12.68323411
2008-04-25,-0.01316534374,12.51625497
2008-04-28,0.01084507603,12.65199471
2008-04-29,0.002657119951,12.68561257
2008-04-30,-0.00778137334,12.58690109
2008-05-01,0.01475898363,12.77267095
2008-05-02,-0.01090080498,12.63343856
2008-05-05,0.0137148966,12.80670486
2008-05-06,0.01081671498,12.94523134
2008-05-07,-0.01381934584,12.76633671
2008-05-08,0.003680648271,12.8133251
2008-05-09,0.0005810900258,12.8207708
2008-05-12,0.009060653293,12.93693536
2008-05-13,0.01141183846,13.08456958
2008-05-14,0.004177063277,13.13922465
2008-05-15,0.004221714273,13.1946947
2008-05-16,-0.009199746732,13.07330685
2008-05-19,-0.01215291351,12.91442809
2008-05-20,0.00123802168,12.93041643
2008-05-21,-0.004374257269,12.87385546
2008-05-22,-0.01306315123,12.70568234
2008-05-23,-0.001802629664,12.6827787
2008-05-27,0.009818437357,12.80730377
2008-05-28,-0.00323264493,12.7659023
2008-05-29,-0.007889429665,12.66518661
2008-05-30,0.002955543023,12.70261912
2008-06-02,0.002604169118,12.73569889
2008-06-03,0.005184362732,12.80172537
2008-06-04,0.003263769348,12.84350725
2008-06-05,0.008663213145,12.95477329
2008-06-06,0.005831245775,13.03031575
2008-06-09,-0.01471447419,12.83858151
2008-06-10,-0.01092417056,12.69833066
2008-06-11,-0.02353974832,12.39941515
2008-06-12,-0.009193292508,12.2854237
2008-06-13,0.009306083099,12.39975287
2008-06-16,0.01460095404,12.58080109
2008-06-17,-0.001426448346,12.56285523
2008-06-18,-0.0177781898,12.33951041
2008-06-19,0.02680923109,12.67032319
2008-06-20,-0.01732217926,12.45084558
2008-06-23,-0.03662966547,11.99477527
2008-06-24,-0.004052268449,11.94616922
2008-06-25,0.003974889686,11.99365393
2008-06-26,-0.01321481267,11.83516004
2008-06-27,-0.02330722609,11.55931529
2008-06-30,-0.01340701504,11.40433937
2008-07-01,-0.01257793445,11.26089634
2008-07-02,-0.02991865732,10.92398544
2008-07-03,-0.01111783807,10.80253434
2008-07-07,-0.006999936391,10.72691729
2008-07-08,0.04565626454,11.21666826
2008-07-09,-0.0328653236,10.84802883
2008-07-10,-0.01774649506,10.65551434
2008-07-11,0.004600761037,10.70453781
2008-07-14,-0.01742891916,10.51796929
2008-07-15,-0.002683579754,10.48974348
2008-07-16,0.1050421498,11.59160869
2008-07-17,0.02634285789,11.89696479
2008-07-18,-0.009170919592,11.78785868
2008-07-21,-0.01669684726,11.5910386
2008-07-22,0.08050584211,12.52418493
2008-07-23,0.02176351042,12.79675516
2008-07-24,-0.07354785028,11.85558132
2008-07-25,0.02031997665,12.09648646
2008-07-28,-0.03641075155,11.6560443
2008-07-29,0.0400941024,12.12338293
2008-07-30,-0.02081887512,11.87098774
2008-07-31,0.004782736974,11.92776355
2008-08-01,0.006633529946,12.00688672
2008-08-04,0.01995222717,12.24645086
2008-08-05,0.02590289968,12.56366944
2008-08-06,0.01424397191,12.742626
2008-08-07,0.002523945977,12.7747877
2008-08-08,0.03810346243,13.26155134
2008-08-11,0.02360759493,13.57462467
2008-08-12,0.003400345635,13.62078309
2008-08-13,-0.007108907836,13.5239542
2008-08-14,0.01637825761,13.745453
2008-08-15,0.004761694908,13.81090466
2008-08-18,-0.003672533193,13.76018365
2008-08-19,-0.02197919863,13.45774584
2008-08-20,0.002498917391,13.49137564
2008-08-21,-0.003927530845,13.43838784
2008-08-22,0.01368485996,13.6222903
2008-08-25,-0.0004823649011,13.61571938
2008-08-26,0.0001900520678,13.61830708
2008-08-27,0.002798868667,13.65642293
2008-08-28,0.02255441753,13.9644356
2008-08-29,0.00117619332,13.98086047
2008-09-02,0.01322019825,14.16569022
2008-09-03,-0.01015982327,14.02176931
2008-09-04,-0.004954462256,13.95229898
2008-09-05,-0.005921411286,13.86968168
2008-09-08,0.01066523946,14.01760516
2008-09-09,-0.0326965719,13.55927752
2008-09-10,0.001554320671,13.58035299
2008-09-11,0.0238929106,13.90482715
2008-09-12,0.01996788983,14.18247721
2008-09-15,-0.009372381759,14.04955362
2008-09-16,0.05120728007,14.76899304
2008-09-17,-0.01735388656,14.51269361
2008-09-18,0.05819343017,15.35723703
2008-09-19,0.01073667402,15.52212268
2008-09-22,-0.05089605069,14.73210794
2008-09-23,-0.00396313085,14.67372267
2008-09-24,-0.02003311463,14.3797623
2008-09-25,0.005694734454,14.46165123
2008-09-26,-0.01623309349,14.22689389
2008-09-29,-0.0512487919,13.49778277
2008-09-30,0.05463506808,14.23523505
2008-10-01,-0.01268358962,14.05468117
2008-10-02,-0.04770575143,13.38419204
2008-10-03,-0.02945564867,12.98995198
2008-10-06,-0.05043573903,12.33479416
2008-10-07,-0.1107469812,10.96875294
2008-10-08,-0.01958686717,10.75390943
2008-10-09,-0.05053701285,10.21043897
2008-10-10,-0.008022352463,10.12852723
2008-10-13,0.1935729307,12.08913593
2008-10-14,0.03429532378,12.50373676
2008-10-15,-0.0763079595,11.54960213
2008-10-16,0.100222662,12.707134
2008-10-17,0.0127248854,12.86883082
2008-10-20,0.04256520971,13.4165953
2008-10-21,-0.02100128614,13.13482954
2008-10-22,-0.06909962966,12.22721769
2008-10-23,-0.05774607414,11.52114387
2008-10-24,-0.0508051801,10.93581008
2008-10-27,-0.06642388295,10.20941111
2008-10-28,0.08692402252,11.09685419
2008-10-29,-0.0236154298,10.83479721
2008-10-30,0.05087654829,11.38603429
2008-10-31,0.05653069976,12.02969478
2008-11-03,0.08678264325,13.07366349
2008-11-04,0.04639905392,13.68026911
2008-11-05,-0.06276349694,12.82164758
2008-11-06,-0.0789992563,11.80874696
2008-11-07,0.03618256503,12.23601771
2008-11-10,0.0138283831,12.40522205
2008-11-11,-0.06501550611,11.59869026
2008-11-12,-0.0725828717,10.75682401
2008-11-13,0.04170736682,11.20546282
2008-11-14,-0.02245185189,10.95387943
2008-11-17,-0.001702996511,10.93522501
2008-11-18,-0.02703173562,10.6396269
2008-11-19,-0.1484603233,9.060064449
2008-11-20,-0.06364445769,8.48344156
2008-11-21,0.006563211561,8.539120182
2008-11-24,0.06561231958,9.099391664
2008-11-25,0.03228706622,9.393184326
2008-11-26,0.07611841704,10.10817865
2008-11-28,0.07249921045,10.84101362
2008-12-01,-0.1089872977,9.65948084
2008-12-02,0.09469870977,10.57422121
2008-12-03,0.01282692258,10.70985593
2008-12-04,-0.03291000781,10.35739449
2008-12-05,0.07463751061,11.13044463
2008-12-08,0.09691167331,12.20911464
2008-12-09,-0.009147671653,12.09742967
2008-12-10,-0.01164908562,11.95650568
2008-12-11,-0.03778802415,11.50469295
2008-12-12,0.04382382726,12.00887263
2008-12-15,-0.01783008756,11.79475338
2008-12-16,0.05517303481,12.44550572
2008-12-17,0.009304993935,12.56131107
2008-12-18,-0.04835117309,11.95395694
2008-12-19,-0.01000388137,11.83437098
2008-12-22,-0.05477500731,11.18614322
2008-12-23,-0.01938910733,10.96925389
2008-12-24,-0.004225545913,10.9229028
2008-12-26,0.03535617902,11.30909491
2008-12-29,-0.01203151609,11.17302935
2008-12-30,0.01192928558,11.30631561
2008-12-31,0.009883392351,11.41806036
2009-01-02,0.06688378221,12.18174343
2009-01-05,0.04248070974,12.69923253
2009-01-06,0.02298315193,12.99110092
2009-01-07,-0.04230162963,12.44155618
2009-01-08,0.002656906799,12.47461224
2009-01-09,-0.02987971643,12.10187436
2009-01-12,-0.06920099582,11.26441261
2009-01-13,0.01164310192,11.39556531
2009-01-14,-0.0787232218,10.49846969
2009-01-15,-0.01114692681,10.38144402
2009-01-16,-0.002106820608,10.35957218
2009-01-20,-0.08092738772,9.521199067
2009-01-21,0.08265932117,10.30821492
2009-01-22,-0.06132311654,9.676083053
2009-01-23,0.03811650327,10.0449015
2009-01-26,0.003221939673,10.07726557
2009-01-27,0.007240965862,10.15023471
2009-01-28,0.06640496122,10.82426065
2009-01-29,-0.05069475005,10.27552746
2009-01-30,-0.05065633957,9.755006853
2009-02-02,0.02553170148,10.00406878
2009-02-03,-0.02870106831,9.716941315
2009-02-04,-0.02260217264,9.49731733
2009-02-05,0.01103930515,9.602161114
2009-02-06,0.01917548645,9.786287224
2009-02-09,0.02829417484,10.06318215
2009-02-10,-0.07536424028,9.304778069
2009-02-11,0.043637825,9.710818346
2009-02-12,-0.0219114237,9.49804049
2009-02-13,-0.02906107981,9.222017178
2009-02-17,-0.09680587813,8.329271707
2009-02-18,-0.03576960506,8.031336947
2009-02-19,-0.1107335218,7.141998722
2009-02-20,-0.08315296888,6.548120325
2009-02-23,0.03186316079,6.756764135
2009-02-24,0.1151949714,7.535109387
2009-02-25,0.0141475132,7.641712446
2009-02-26,0.06000199397,8.100230431
2009-02-27,-0.1566051448,6.831692671
2009-03-02,-0.1124013989,6.063800858
2009-03-03,-0.01694700721,5.961037581
2009-03-04,0.001633001895,5.970771967
2009-03-05,-0.1419629202,5.123143742
2009-03-06,-0.01776372209,5.032137641
2009-03-09,0.02809101339,5.173495487
2009-03-10,0.1760194869,6.084131508
2009-03-11,0.0374786583,6.312156593
2009-03-12,0.1208737349,7.075130536
2009-03-13,0.0891463947,7.705852916
2009-03-16,0.08949608438,8.395496578
2009-03-17,0.05690405569,8.873234383
2009-03-18,0.1476267651,10.18316127
2009-03-19,-0.000365563014,10.17943868
2009-03-20,-0.03058973702,9.868052332
2009-03-23,0.1310601497,11.16136075
2009-03-24,-0.03865908529,10.72987275
2009-03-25,-0.005842724272,10.66718106
2009-03-26,0.01372147065,10.81355047
2009-03-27,-0.0404558874,10.37607869
2009-03-30,-0.09138803325,9.427829269
2009-03-31,0.06066277701,9.999747574
2009-04-01,0.0745180543,10.74490931
2009-04-02,0.05836943644,11.37208361
2009-04-03,0.09090369892,12.40584807
2009-04-06,0.04032711524,12.90614014
2009-04-07,-0.07899836757,11.88657613
2009-04-08,0.03675481769,12.32346507
2009-04-09,0.1358018541,13.99701448
2009-04-13,0.1524474983,16.13082432
2009-04-14,-0.02900969833,15.66287397
2009-04-15,0.02055858341,15.98488047
2009-04-16,0.02486186804,16.38229446
2009-04-17,0.01246020085,16.58642114
2009-04-20,-0.1447372482,14.18574819
2009-04-21,0.08478234076,15.38844912
2009-04-22,0.007058998331,15.49707616
2009-04-23,0.05525121706,16.35330848
2009-04-24,0.0334613164,16.90051171
2009-04-27,-0.03932013154,16.23598137
2009-04-28,-0.007582663273,16.11286939
2009-04-29,0.07624133875,17.34133612
2009-04-30,0.04977031565,18.20441989
2009-05-01,-0.02589336698,17.73304617
2009-05-04,0.1290797008,20.02202246
2009-05-05,0.08216571044,21.66714616
2009-05-06,0.07200787388,23.22735129
2009-05-07,0.001164013215,23.25438823
2009-05-08,0.1226444657,26.10641025
2009-05-11,-0.005316964848,25.96760339
2009-05-12,-0.057880327,24.46459001
2009-05-13,-0.1441224891,20.9386924
2009-05-14,0.08707628842,22.76195602
2009-05-15,-0.02744709293,22.1372065
2009-05-18,0.08718246451,24.06718272
2009-05-19,-0.01465484541,23.71448188
2009-05-20,-0.005974886962,23.57279053
2009-05-21,-0.04765095197,22.44952462
2009-05-22,-0.01018438523,22.22089001
2009-05-26,0.02655524887,22.81097128
2009-05-27,-0.003665235741,22.72736369
2009-05-28,0.009973688415,22.95403933
2009-05-29,0.02472179534,23.5215044
2009-06-01,0.05173823808,24.73846559
2009-06-02,0.0001180400245,24.74138572
2009-06-03,-0.04432381492,23.64475312
2009-06-04,0.03444056288,24.45909173
2009-06-05,0.01379632912,24.7965374
2009-06-08,-0.01907062182,24.32365202
2009-06-09,-0.01808994394,23.88363852
2009-06-10,-0.03333250124,23.08753711
2009-06-11,0.001922747649,23.13192861
2009-06-12,-0.009574557894,22.91045062
2009-06-15,-0.03917765546,22.01287288
2009-06-16,-0.00967830932,21.79982549
2009-06-17,-0.03604993385,21.01394322
2009-06-18,0.01640444341,21.35866527
2009-06-19,0.03572798092,22.12176725
2009-06-22,-0.07765489387,20.40390376
2009-06-23,0.01176999566,20.64405762
2009-06-24,0.05580349331,21.79606815
2009-06-25,0.02807717808,22.40804024
2009-06-26,0.01227774382,22.68316042
2009-06-29,-0.01202492867,22.41039703
2009-06-30,-0.03800529268,21.55868333
2009-07-01,-0.0270855505,20.97475453
2009-07-02,-0.02994950729,20.34657096
2009-07-06,-0.02677199741,19.80185262
2009-07-07,-0.0291979055,19.22368
2009-07-08,-0.04099922786,18.43552396
2009-07-09,0.01645624878,18.73890353
2009-07-10,0.01839379114,19.08358301
2009-07-13,0.06102287037,20.24811802
2009-07-14,0.00423268939,20.33382201
2009-07-15,0.06061983309,21.56645491
2009-07-16,-0.004734491811,21.4643487
2009-07-17,-0.01380582671,21.16801563
2009-07-20,0.01875704224,21.56506499
2009-07-21,-0.008187505854,21.38850089
2009-07-22,0.02775172488,21.98206869
2009-07-23,0.06798468497,23.4765127
2009-07-24,0.02563393272,24.07830805
2009-07-27,0.03873576151,25.01099965
2009-07-28,-0.002698197532,24.94351503
2009-07-29,-0.002562985524,24.87958516
2009-07-30,0.04383571657,25.9701996
2009-07-31,-0.008337953352,25.75366129
2009-08-03,0.02899574837,26.50040797
2009-08-04,0.03670011624,27.47297603
2009-08-05,0.08682656551,29.85836018
2009-08-06,-0.002212786839,29.79228999
2009-08-07,0.08734878065,32.3946102
2009-08-10,-0.003501530392,32.28117948
2009-08-11,-0.04752176159,30.74712097
2009-08-12,0.0227078335,31.44532147
2009-08-13,0.03290517568,32.4800353
2009-08-14,-0.0195772654,31.84416503
2009-08-17,-0.0492643546,30.27538279
2009-08-18,0.04396425219,31.60641735
2009-08-19,0.02312820928,32.33741719
2009-08-20,0.0494407892,33.93620462
2009-08-21,0.02721554228,34.85979683
2009-08-24,-0.001998697937,34.79012262
2009-08-25,0.01564611811,35.33445299
2009-08-26,0.01168402447,35.74730161
2009-08-27,0.04133898808,37.22505888
2009-08-28,0.01643904694,37.83700337
2009-08-31,-0.0234387805,36.95015015
2009-09-01,-0.1104195802,32.87013008
2009-09-02,-0.01609125859,32.34120832
2009-09-03,0.04339368961,33.74461268
2009-09-04,0.02300794425,34.52100684
2009-09-08,0.002966030934,34.62339722
2009-09-09,0.02462700496,35.47606779
2009-09-10,0.01954343753,36.16939211
2009-09-11,-0.009253604416,35.83469486
2009-09-14,0.0254662244,36.74726924
2009-09-15,0.006246508694,36.97681138
2009-09-16,0.0158539564,37.56304013
2009-09-17,0.006936679673,37.82360291
2009-09-18,-0.008672096694,37.49559297
2009-09-21,0.01172139937,37.93509379
2009-09-22,0.01616488453,38.5483102
2009-09-23,-0.01116146131,38.11805473
2009-09-24,-0.03151420162,36.91679467
2009-09-25,-0.0107143804,36.52125408
2009-09-28,0.03254538493,37.70985236
2009-09-29,-0.002324620399,37.62219126
2009-09-30,-0.001254796609,37.57498307
2009-10-01,-0.05558990595,35.48619329
2009-10-02,0.01112446321,35.88095814
2009-10-05,0.04051283895,37.33459762
2009-10-06,0.02880169043,38.40989715
2009-10-07,0.002990965483,38.52477982
2009-10-08,0.009094684667,38.87515055
2009-10-09,-0.001719399104,38.80830865
2009-10-12,0.005843424591,39.03508207
2009-10-13,-0.00354251719,38.89679962
2009-10-14,0.01820025601,39.60473133
2009-10-15,-0.01206476493,39.12690956
2009-10-16,-0.0295503888,37.97069417
2009-10-19,-0.01052808301,37.57093555
2009-10-20,-0.01043306447,37.17895556
2009-10-21,-0.01403302439,36.65722237
2009-10-22,0.01903939964,37.35515387
2009-10-23,-0.02032908821,36.59575766
2009-10-26,-0.02416730465,35.71133683
2009-10-27,-0.03135115914,34.59174503
2009-10-28,-0.02256073808,33.81132973
2009-10-29,0.03645523862,35.04392982
2009-10-30,-0.02201486531,34.27244243
2009-11-02,-0.009107055463,33.96032139
2009-11-03,0.03185193651,35.04202339
2009-11-04,-0.03226250701,33.91147987
2009-11-05,0.040497692,35.28481653
2009-11-06,-0.01497633168,34.75637942
2009-11-09,0.04100052064,36.18140907
2009-11-10,-0.004690576399,36.01169741
2009-11-11,0.01774840351,36.65084754
2009-11-12,-0.01699233557,36.02806404
2009-11-13,0.005580017612,36.22910127
2009-11-16,0.009946862611,36.58946717
2009-11-17,0.01230643015,37.03975289
2009-11-18,0.007649761798,37.32309818
2009-11-19,-0.01618593369,36.71898898
2009-11-20,-0.01742757553,36.07906603
2009-11-23,0.002526612781,36.17022386
2009-11-24,-0.01175806997,35.74493184
2009-11-25,0.002954767522,35.8505498
2009-11-27,-0.01059242017,35.47080571
2009-11-30,0.001850083043,35.53642965
2009-12-01,0.009766990878,35.88351363
2009-12-02,0.003056100981,35.99317728
2009-12-03,-0.01244070684,35.54539671
2009-12-04,0.004120396687,35.69185784
2009-12-07,-0.01019095089,35.32812387
2009-12-08,-0.003421506763,35.20724846
2009-12-09,-0.01007444327,34.85255503
2009-12-10,-0.01164274466,34.44677563
2009-12-11,0.007185635265,34.6942976
2009-12-14,0.01417213896,35.18599
2009-12-15,-0.0187481887,34.52631642
2009-12-16,-0.01056308364,34.16161206
2009-12-17,-0.009106405002,33.85052258
2009-12-18,0.005808361062,34.04713864
2009-12-21,0.0005329988639,34.06528572
2009-12-22,0.0002871729321,34.07506835
2009-12-23,-0.0009875861603,34.04141629
2009-12-24,0.004725224292,34.20226961
2009-12-28,0.003108316947,34.30858111
2009-12-29,-0.0006346323505,34.28680777
2009-12-30,-0.01277744155,33.84871009
2009-12-31,0.00228203444,33.92595401
2010-01-04,0.02650278932,34.82508642
2010-01-05,0.03157344971,35.92463454
2010-01-06,0.004762832035,36.09573754
2010-01-07,0.03474189879,37.349772
2010-01-08,-0.007894377098,37.05491881
2010-01-11,0.01221932064,37.50770475
2010-01-12,-0.006806425788,37.25241134
2010-01-13,0.01333332539,37.74910986
2010-01-14,0.009202855892,38.09650948
2010-01-15,-0.01886992193,37.37763132
2010-01-19,0.008731231355,37.70398407
2010-01-20,-0.00771361968,37.41314987
2010-01-21,0.003796911546,37.55520429
2010-01-22,0.006792140704,37.81028453
2010-01-25,0.003560225883,37.94489768
2010-01-26,-0.0218633863,37.11529372
2010-01-27,0.01642898668,37.72506039
2010-01-28,-0.0002293357128,37.71640869
2010-01-29,-0.01009984931,37.33547864
2010-02-01,0.01739920336,37.98508623
2010-02-02,0.004603221577,38.15994
2010-02-03,-0.01509752896,37.5838192
2010-02-04,-0.03056600795,36.43503188
2010-02-05,0.006935216715,36.68771672
2010-02-08,-0.007799570027,36.40156831
2010-02-09,0.01120114116,36.80930741
2010-02-10,0.01230675635,37.26231059
2010-02-11,0.01207760161,37.71234993
2010-02-12,-0.01216123691,37.25372111
2010-02-16,0.02791094584,38.2935077
2010-02-17,-0.000280123936,38.28278077
2010-02-18,-0.02322250004,37.3937589
2010-02-19,0.003668895626,37.53095269
2010-02-22,0.01619148575,38.13863458
2010-02-23,-0.01587340805,37.53324447
2010-02-24,0.0118151454,37.97670521
2010-02-25,-0.009165884298,37.62861513
2010-02-26,-0.008181332137,37.32076293
2010-03-01,0.01301135584,37.80635665
2010-03-02,0.002939053319,37.91747155
2010-03-03,0.001943500665,37.99116418
2010-03-04,0.01049077188,38.38972082
2010-03-05,0.02031399532,39.16956943
2010-03-08,0.01072526654,39.5896735
2010-03-09,0.02401715333,40.54050476
2010-03-10,0.03548630328,41.97913741
2010-03-11,0.001820777064,42.05557206
2010-03-12,-0.002714171214,41.94142603
2010-03-15,-0.01019821661,41.51369829
2010-03-16,0.02332690486,42.48208438
2010-03-17,0.006588697333,42.76198597
2010-03-18,-0.01479512975,42.12931684
2010-03-19,-0.01148087118,41.64563558
2010-03-22,0.02463209284,42.67145474
2010-03-23,0.001640089425,42.74143975
2010-03-24,0.01074916116,43.20087437
2010-03-25,0.003493385826,43.35179169
2010-03-26,0.004342550659,43.54004904
2010-03-29,-0.007224399483,43.22549834
2010-03-30,-0.02250573047,42.25267692
2010-03-31,-0.008733531936,41.88366182
2010-04-01,0.006816871747,42.16917737
2010-04-05,0.02723557412,43.31767912
2010-04-06,0.008469238138,43.68454687
2010-04-07,0.01035263347,44.13679697
2010-04-08,0.01287886581,44.70522885
2010-04-09,0.00178257734,44.78491938
2010-04-12,0.01497681609,45.45565488
2010-04-13,0.001379219843,45.51834822
2010-04-14,0.006372654333,45.80842092
2010-04-15,0.01599450719,46.54110404
2010-04-16,-0.008534990972,46.14387614
2010-04-19,-0.001815881078,46.06008434
2010-04-20,0.02228223637,47.08640603
2010-04-21,0.0170045069,47.88708715
2010-04-22,0.01385127933,48.55038457
2010-04-23,0.01279830805,49.17174735
2010-04-26,0.006682860416,49.50035527
2010-04-27,-0.01820876284,48.59901504
2010-04-28,7.530873019e-05,48.60267497
2010-04-29,0.009805336226,49.07924054
2010-04-30,-0.007622985032,48.70511022
2010-05-03,0.0120449716,49.29176189
2010-05-04,-0.01382666498,48.61022121
2010-05-05,-0.01499461763,47.88132954
2010-05-06,4.006553336e-05,47.88324793
2010-05-07,0.002062863407,47.98202453
2010-05-10,0.02974415863,49.40920948
2010-05-11,0.01011411423,49.90893986
2010-05-12,0.005929007095,50.20485032
2010-05-13,-0.005100222723,49.9487944
2010-05-14,-0.01229799643,49.33452431
2010-05-17,-0.01181788817,48.75149442
2010-05-18,-0.01941542231,47.80496357
2010-05-19,0.004543964551,48.02218763
2010-05-20,-0.02389883969,46.87451306
2010-05-21,0.01981486086,47.80332502
2010-05-24,-0.02752116458,46.48772184
2010-05-25,-0.004895979297,46.26011892
2010-05-26,0.01090373488,46.76452699
2010-05-27,0.033866711,48.34828771
2010-05-28,-0.01031755276,47.8494517
2010-06-01,-0.01597650654,47.08498462
2010-06-02,0.01069873221,47.58873426
2010-06-03,0.006092082669,47.87864877
2010-06-04,-0.01018872059,47.39082659
2010-06-07,-0.03639356106,45.66610565
2010-06-08,0.01294143291,46.25709049
2010-06-09,-0.00253793726,46.1396929
2010-06-10,0.01861301464,46.99849168
2010-06-11,0.004357713975,47.20329766
2010-06-14,0.01035690343,47.69217766
2010-06-15,0.01611705562,48.46083514
2010-06-16,-0.007052889444,48.11904623
2010-06-17,-0.01262129982,47.51172132
2010-06-18,-0.003079062614,47.36542975
2010-06-21,0.007920547375,47.74058988
2010-06-22,-0.01291968395,47.12379655
2010-06-23,-0.00264570796,46.99912075
2010-06-24,-0.01396597883,46.34273202
2010-06-25,0.009704087476,46.79244595
2010-06-28,-0.01651841804,46.01950876
2010-06-29,-0.03352518108,44.4766964
2010-06-30,-0.004988208638,44.25483736
2010-07-01,-0.001690582991,44.18002088
2010-07-02,-0.02029324047,43.28346509
2010-07-06,-0.00748183096,42.95962553
2010-07-07,0.03252248552,44.35677932
2010-07-08,0.007972275676,44.7104038
2010-07-09,0.0170906651,45.47453433
2010-07-12,-0.003566995847,45.31232686
2010-07-13,0.03901994148,47.0804112
2010-07-14,-0.004523645736,46.8674361
2010-07-15,-0.003838828441,46.68752005
2010-07-16,-0.04238882761,44.70849082
2010-07-19,-0.0009056315579,44.66800139
2010-07-20,0.01912727409,45.5223785
2010-07-21,-0.006834263826,45.21126656
2010-07-22,0.02774878763,46.46582439
2010-07-23,0.01553717477,47.18777202
2010-07-26,0.02049161251,48.15472556
2010-07-27,-0.001628902606,48.07628621
2010-07-28,0.001252118457,48.13648341
2010-07-29,0.002559662216,48.25969655
2010-07-30,-0.006587521496,47.94178476
2010-08-02,0.02509861644,49.14505723
2010-08-03,-0.008893833014,48.7079693
2010-08-04,0.002730967699,48.84098919
2010-08-05,-0.001499381447,48.76775791
2010-08-06,-0.003767846487,48.58400849
2010-08-09,0.007088579999,48.92840012
2010-08-10,-0.02260962164,47.8221475
2010-08-11,-0.02199340265,46.77037576
2010-08-12,0.01021809424,47.24827987
2010-08-13,-0.001227894455,47.19026396
2010-08-16,-0.002926471166,47.05216302
2010-08-17,0.01621185017,47.81496564
2010-08-18,-0.003554939121,47.64498634
2010-08-19,-0.0203818233,46.67389465
2010-08-20,0.005854059476,46.94712641
2010-08-23,-0.01021974923,46.46733855
2010-08-24,-0.0209065782,45.4958655
2010-08-25,0.01742901529,46.28881364
2010-08-26,-0.01294931984,45.68940498
2010-08-27,0.0201067407,46.60807
2010-08-30,-0.01984487004,45.68313891
2010-08-31,-0.008529352768,45.2934913
2010-09-01,0.02844875832,46.58203489
2010-09-02,0.007591513638,46.93566304
2010-09-03,0.01848653608,47.80334087
2010-09-07,-0.01167381023,47.24529374
2010-09-08,0.007832648983,47.61534954
2010-09-09,0.004759932175,47.84199538
2010-09-10,0.006190279645,48.13815071
2010-09-13,0.02873763764,49.52152744
2010-09-14,-0.004172057498,49.31492078
2010-09-15,0.005052526517,49.56408572
2010-09-16,-0.008734473417,49.13116953
2010-09-17,-0.003941002504,48.93754347
2010-09-20,0.02940596944,50.37659938
2010-09-21,-0.002769157188,50.23709866
2010-09-22,-0.01461992622,49.50263598
2010-09-23,-0.01224357232,48.89654688
2010-09-24,0.03712790207,50.71197308
2010-09-27,0.0126819381,51.35509919
2010-09-28,0.0151282533,52.13201213
2010-09-29,0.003888080011,52.33470557
2010-09-30,0.006010409513,52.64925858
2010-10-01,-0.001418599775,52.57457035
2010-10-04,-0.00260102205,52.43782274
2010-10-05,0.01253235595,53.0949922
2010-10-06,-0.005111140957,52.82361621
2010-10-07,0.006769197839,53.18118972
2010-10-08,0.0338261005,54.98010199
2010-10-11,-0.0003145811372,54.96280628
2010-10-12,0.003787721494,55.17099008
2010-10-13,-0.002654939129,55.02451446
2010-10-14,-0.01645741381,54.11895326
2010-10-15,-0.02064748886,53.00153278
2010-10-18,0.01023407196,53.54395428
2010-10-19,-0.01486205158,52.74818127
2010-10-20,0.006211662205,53.07583515
2010-10-21,-0.004107799108,52.85781028
2010-10-22,0.006996886004,53.22765035
2010-10-25,0.001111371091,53.28680603
2010-10-26,-0.0005622991561,53.2568429
2010-10-27,0.01212161569,53.90240188
2010-10-28,0.0009151016534,53.95172806
2010-10-29,0.005399527053,54.24304188
2010-11-01,-0.002384883348,54.11367855
2010-11-02,0.01326975512,54.83175381
2010-11-03,0.009859244408,55.37235347
2010-11-04,0.02278115029,56.63379938
2010-11-05,0.007698106592,57.0697724
2010-11-08,-0.0005327529362,57.03936831
2010-11-09,-0.020042215,55.89617303
2010-11-10,0.01572552829,56.77516988
2010-11-11,-0.005009402882,56.49076018
2010-11-12,-0.01217834401,55.80279627
2010-11-15,-0.0009761735791,55.74832306
2010-11-16,-0.009281639304,55.23088723
2010-11-17,-0.01717096824,54.28251942
2010-11-18,-0.00268967148,54.13651727
2010-11-19,-0.00148695901,54.05601849
2010-11-22,-0.008998246322,53.56960912
2010-11-23,-0.01193527666,52.93024102
2010-11-24,0.01101034184,53.51302106
2010-11-26,-0.001357280945,53.44038886
2010-11-29,-0.001943417284,53.33653189
2010-11-30,0.002723446998,53.4817911
2010-12-01,0.007356851145,53.87524868
2010-12-02,0.03114622103,55.55325908
2010-12-03,0.01649809011,56.46978176
2010-12-06,-0.0008178099951,56.42360021
2010-12-07,0.0105748125,57.0202692
2010-12-08,0.0002241563357,57.03305065
2010-12-09,0.02230741791,58.30531075
2010-12-10,0.0113922306,58.96953829
2010-12-13,-0.005932515064,58.61970062
2010-12-14,-0.009058542964,58.08869154
2010-12-15,-0.00939248301,57.54309449
2010-12-16,0.009288865719,58.07760457
2010-12-17,-0.002348948605,57.94118326
2010-12-20,0.006095313635,58.29435295
2010-12-21,0.01723649694,59.29914338
2010-12-22,-0.005718222098,58.96005771
2010-12-23,6.060095125e-05,58.96363075
2010-12-27,0.01489496134,59.84189175
2010-12-28,-0.001035057725,59.77995194
2010-12-29,0.001813554926,59.88836616
2010-12-30,0.006251570614,60.26276251
2010-12-31,0.009319294428,60.82436894
2011-01-03,0.01995794013,62.03829805
2011-01-04,-0.005419811537,61.70206217
2011-01-05,0.01079664463,62.36823741
2011-01-06,0.003995214718,62.61741191
2011-01-07,0.001930385861,62.73828767
2011-01-10,0.002884436883,62.9192523
2011-01-11,-0.001871858316,62.80147638
2011-01-12,0.01572254566,63.78887546
2011-01-13,-0.001093873566,63.71909849
2011-01-14,0.01857351901,64.90258638
2011-01-18,0.001720783336,65.01426967
2011-01-19,-0.02667521276,63.28000019
2011-01-20,-0.008790113134,62.72376183
2011-01-21,0.009386118896,63.31249452
2011-01-24,0.003324690732,63.52298898
2011-01-25,-0.006429625296,63.11455997
2011-01-26,0.01088040643,63.80127203
2011-01-27,0.005050961629,64.12352981
2011-01-28,0.001497512413,64.21955559
2011-01-31,0.009884476312,64.85433227
2011-02-01,0.01670455705,65.93769516
2011-02-02,-0.002961476529,65.74242222
2011-02-03,-0.008058539116,65.21263434
2011-02-04,-0.0150543151,64.2309028
2011-02-07,0.01342069138,65.09292592
2011-02-08,0.001985158562,65.2221457
2011-02-09,-1.033008969e-05,65.22147195
2011-02-10,-0.001866570244,65.09973149
2011-02-11,0.009487965658,65.71739551
2011-02-14,0.006555088716,66.14817886
2011-02-15,-0.003482105743,65.91784391
2011-02-16,0.001266275918,66.00131409
2011-02-17,-0.002363422793,65.84532508
2011-02-18,0.002140204304,65.98624753
2011-02-22,-0.01215115156,65.18443863
2011-02-23,-0.002281519719,65.03571905
2011-02-24,-0.002907624162,64.84661962
2011-02-25,0.01049525538,65.52720145
2011-02-28,-0.01120630174,64.79288386
2011-03-01,-0.01160465702,64.04098467
2011-03-02,0.0003898877132,64.06595346
2011-03-03,0.005805225665,64.43787078
2011-03-04,-0.005552112344,64.08010448
2011-03-07,-0.002879061538,63.89561392
2011-03-08,0.01085240978,64.5890353
2011-03-09,-0.009608256407,63.96844729
2011-03-10,-0.02123089108,62.61034015
2011-03-11,-0.001333417051,62.52685446
2011-03-14,-0.003330535117,62.31860657
2011-03-15,0.00491340846,62.62480334
2011-03-16,0.01191709615,63.37110914
2011-03-17,2.656768745e-05,63.37279277
2011-03-18,-0.01050922802,62.70679364
2011-03-21,-0.003086760111,62.51323281
2011-03-22,-0.008767897076,61.96512322
2011-03-23,0.001143923925,62.03600661
2011-03-24,0.0178251112,63.14180532
2011-03-25,0.008618215259,63.68597499
2011-03-28,-0.0007643629549,63.63729579
2011-03-29,0.0006490693625,63.67860081
2011-03-30,0.007868850344,64.17967819
2011-03-31,-0.007545856371,63.69538756
2011-04-01,0.01006396724,64.33641585
2011-04-04,-0.003608820287,64.10423729
2011-04-05,0.004517669046,64.39383902
2011-04-06,0.009214527519,64.98719782
2011-04-07,0.0001765675266,64.99867245
2011-04-08,0.006661759767,65.43167799
2011-04-11,-0.01961015738,64.14855248
2011-04-12,-0.005072108466,63.82318407
2011-04-13,0.01001149196,64.46214936
2011-04-14,-0.002263414211,64.31624482
2011-04-15,-0.005223069939,63.98031657
2011-04-18,0.004459520046,64.26563808
2011-04-19,-0.003093012286,64.06686367
2011-04-20,0.01053827674,64.74201801
2011-04-21,-9.218096531e-05,64.73605003
2011-04-25,0.006400354869,65.15038372
2011-04-26,0.001914530222,65.2751161
2011-04-27,0.003305985776,65.4909147
2011-04-28,-0.01028216203,64.81752651
2011-04-29,-0.001139047321,64.74369628
2011-05-02,0.007258119686,65.21361377
2011-05-03,-0.007082897205,64.75171245
2011-05-04,-0.001994811485,64.62254499
2011-05-05,0.008187891646,65.15166739
2011-05-06,0.01313404284,66.00737218
2011-05-09,-0.01032920782,65.32556831
2011-05-10,0.00178733538,65.44232701
2011-05-11,-0.005742989104,65.06649244
2011-05-12,-0.00519644852,64.72837776
2011-05-13,-0.0002627625215,64.71136957
2011-05-16,-0.002608213134,64.54258853
2011-05-17,-0.006913765688,64.09635619
2011-05-18,0.0001900724244,64.10853914
2011-05-19,-0.006619569015,63.68416824
2011-05-20,0.01142019898,64.41145412
2011-05-23,-0.01154506549,63.66781966
2011-05-24,0.0012521837,63.74754347
2011-05-25,0.002648489988,63.9163782
2011-05-26,0.00737234003,64.38759147
2011-05-27,0.01418086904,65.30066347
2011-05-31,0.004915032838,65.62161838
2011-06-01,-0.01718955097,64.49361223
2011-06-02,-0.001883051388,64.37216744
2011-06-03,-0.01289515185,63.54207856
2011-06-06,-0.0226121077,62.10525824
2011-06-07,-0.01072809758,61.43898697
2011-06-08,-0.01684380127,60.40412088
2011-06-09,0.003827859029,60.63533934
2011-06-10,-0.005418894934,60.30676281
2011-06-13,0.0003477341703,60.32773353
2011-06-14,0.009979007864,60.92974446
2011-06-15,-0.009998399397,60.32054454
2011-06-16,-0.003116049583,60.13258273
2011-06-17,-0.01328615858,59.3336517
2011-06-20,-0.007999026472,58.85904025
2011-06-21,0.02200474351,60.15421833
2011-06-22,-0.00297111721,59.9754931
2011-06-23,0.01621018722,60.94770707
2011-06-24,-0.01462968764,60.05606116
2011-06-27,0.01359822597,60.87271705
2011-06-28,0.0100825597,61.48646985
2011-06-29,-0.002102787449,61.35717687
2011-06-30,0.005307130218,61.6828074
2011-07-01,0.01447284794,62.57553329
2011-07-05,-0.001066818169,62.50877658
2011-07-06,-0.00343662078,62.29395762
2011-07-07,0.0221023034,63.67079757
2011-07-08,0.001929231543,63.79363328
2011-07-11,-0.01527459012,62.81921168
2011-07-12,0.007403775929,63.28431104
2011-07-13,0.008679939609,63.83361504
2011-07-14,-0.009271292464,63.24179493
2011-07-15,-0.001751088452,63.13105295
2011-07-18,-0.00813042212,62.61777084
2011-07-19,0.01064743263,63.28448934
2011-07-20,0.005546887915,63.63552131
2011-07-21,0.007776039608,64.13035364
2011-07-22,0.01130957862,64.85564092
2011-07-25,-0.0002038204305,64.84242201
2011-07-26,0.005181318413,65.17839125
2011-07-27,-0.01385249745,64.27550775
2011-07-28,0.00244013765,64.43234884
2011-07-29,0.002022271951,64.56264857
2011-08-01,-0.005049621497,64.23663163
2011-08-02,-0.03862795742,61.75530176
2011-08-03,-0.003746189938,61.52395467
2011-08-04,-0.03688147153,59.25486069
2011-08-05,-0.02281945971,57.90269678
2011-08-08,-0.03868755507,55.66258301
2011-08-09,0.01696174259,56.60671742
2011-08-10,-0.03477584166,54.63817117
2011-08-11,0.05864759071,57.84256827
2011-08-12,3.192439372e-05,57.84441486
2011-08-15,0.02596447775,59.34631489
2011-08-16,-0.01497993045,58.45731122
2011-08-17,-0.008238674012,57.97570049
2011-08-18,-0.03243810726,56.09507849
2011-08-19,-0.02920359832,54.45690036
2011-08-22,-0.02261825644,53.22518022
2011-08-23,0.01488706573,54.01754697
2011-08-24,0.02933322513,55.60205584
2011-08-25,0.01681539157,56.53702618
2011-08-26,0.02159302234,57.75783145
2011-08-29,0.04401494949,60.30003949
2011-08-30,0.006184691209,60.67297661
2011-08-31,-0.01262453516,59.90700848
2011-09-01,-0.01878809141,58.78147013
2011-09-02,-0.03129621798,56.94183243
2011-09-06,0.004539809759,57.20033752
2011-09-07,0.03683601668,59.3073701
2011-09-08,-0.007640134623,58.85425381
2011-09-09,-0.009299301085,58.30695039
2011-09-12,0.006922784177,58.71059682
2011-09-13,0.01922240915,59.83915593
2011-09-14,0.006334299969,60.2181951
2011-09-15,0.006099407533,60.58549041
2011-09-16,-0.002657391827,60.42449102
2011-09-19,-0.01523934821,59.50366116
2011-09-20,-0.005518290676,59.17530266
2011-09-21,-0.01903214582,58.04906967
2011-09-22,-0.03135507848,56.22893654
2011-09-23,0.01076560967,56.83427532
2011-09-26,0.006382134161,57.19699929
2011-09-27,0.005669577927,57.52128214
2011-09-28,-0.03281044691,55.63398316
2011-09-29,-0.01439860672,54.83293132
2011-09-30,-0.03479890945,52.92480511
2011-10-03,-0.05986788714,49.75630885
2011-10-04,0.03403451831,51.44974085
2011-10-05,0.03764579477,53.38660724
2011-10-06,0.02912798563,54.94165157
2011-10-07,-0.02265303138,53.69705661
2011-10-10,0.03644056689,55.65380779
2011-10-11,-0.0009618828415,55.60027535
2011-10-12,0.0120106235,56.26806932
2011-10-13,0.0001958698961,56.27909054
2011-10-14,0.007797532401,56.71792858
2011-10-17,-0.02320144056,55.40199093
2011-10-18,0.04477680493,57.88271507
2011-10-19,-0.0239990838,56.49358294
2011-10-20,0.01439295041,57.30669228
2011-10-21,0.01339190132,58.07413784
2011-10-24,0.03682497213,60.21271635
2011-10-25,-0.04220833402,57.67123791
2011-10-26,0.01297602835,58.41958153
2011-10-27,0.056330893,61.71040872
2011-10-28,0.01216115233,62.4608784
2011-10-31,-0.0256787453,60.85696142
2011-11-01,-0.02283762962,59.46713267
2011-11-02,0.01281384252,60.22913514
2011-11-03,0.02540225766,61.75909115
2011-11-04,-0.003710658048,61.52992428
2011-11-07,-0.0006861087483,61.48770807
2011-11-08,-0.001221273528,61.41261476
2011-11-09,-0.02099808122,60.12306768
2011-11-10,-0.006720740301,59.71899616
2011-11-11,0.01232844623,60.45523859
2011-11-14,-0.006696132035,60.05042233
2011-11-15,0.0009563994365,60.10785452
2011-11-16,-0.009744570535,59.52212929
2011-11-17,-0.01845596548,58.42359093
2011-11-18,0.003908961057,58.65196647
2011-11-21,-0.0201844115,57.46811105
2011-11-22,-0.01320476849,56.70925794
2011-11-23,-0.01782261547,55.69855065
2011-11-25,0.00330019184,55.88236655
2011-11-28,0.03254236355,57.70091084
2011-11-29,-0.009981991748,57.12494082
2011-11-30,0.04820229929,59.87849432
2011-12-01,-0.00133763827,59.79839855
2011-12-02,-0.003180324275,59.60822025
2011-12-05,0.0132203139,60.39625963
2011-12-06,0.001748690848,60.50187402
2011-12-07,0.003359665896,60.7051401
2011-12-08,-0.03621704444,58.50657935
2011-12-09,0.0002752356974,58.52268245
2011-12-12,-0.03346334484,56.56431774
2011-12-13,-0.02963435139,54.88807087
2011-12-14,-0.03146638284,53.16094182
2011-12-15,-0.007329092443,52.77132037
2011-12-16,-0.005003514887,52.50727828
2011-12-19,-0.02415675985,51.23887257
2011-12-20,0.03963190579,53.26956674
2011-12-21,-0.002199050277,53.15242428
2011-12-22,0.0349799067,55.01169112
2011-12-23,0.01436039029,55.80168048
2011-12-27,-0.00331790047,55.61653606
2011-12-28,-0.02448937841,54.25452166
2011-12-29,0.005840761989,54.57140941
2011-12-30,0.005241192095,54.85742865
2012-01-03,0.04755008193,57.46590387
2012-01-04,-0.006254837011,57.10646401
2012-01-05,0.01483611581,57.95370212
2012-01-06,-0.01205333769,57.25516658
2012-01-09,0.0195236809,58.37299818
2012-01-10,0.02300859339,59.71607877
2012-01-11,0.01952709152,60.8821601
2012-01-12,0.0002812857311,60.89928538
2012-01-13,-0.01905496291,59.73885176
2012-01-17,0.008275485289,60.23321975
2012-01-18,0.0394434082,62.60902322
2012-01-19,0.002368703228,62.75732542
2012-01-20,0.01200773839,63.51089896
2012-01-23,0.009339514252,64.10405991
2012-01-24,0.0101142457,64.75242412
2012-01-25,-0.02038924453,63.43217111
2012-01-26,0.001020266796,63.49688885
2012-01-27,0.01465156801,64.42721783
2012-01-30,-0.01241546161,63.62732418
2012-01-31,-0.0003739704602,63.60352944
2012-02-01,0.01575152686,64.60538215
2012-02-02,0.006613229214,65.03263235
2012-02-03,0.03304403947,67.18157322
2012-02-06,-0.0008750389742,67.12278672
2012-02-07,0.002780665664,67.30943275
2012-02-08,0.01428285801,68.27080382
2012-02-09,0.01756989093,69.4703144
2012-02-10,-0.02639271462,67.63680422
2012-02-13,-0.001047359961,67.56596414
2012-02-14,-0.01569668041,66.50540279
2012-02-15,0.008907598538,67.09780622
2012-02-16,0.02333845204,68.66376515
2012-02-17,-0.005108359251,68.31300597
2012-02-21,0.006278684225,68.74192176
2012-02-22,-0.0191608733,67.42476651
2012-02-23,-0.006196553913,67.00696531
2012-02-24,0.0001169880713,67.01480433
2012-02-27,0.001804563124,67.13573677
2012-02-28,0.0008159022294,67.19051297
2012-02-29,-0.009629613532,66.54349429
2012-03-01,-0.001290795083,66.45760028
2012-03-02,-0.01553423157,65.42523253
2012-03-05,-0.01491723843,64.44926873
2012-03-06,-0.01128562277,63.7219186
2012-03-07,0.003638217256,63.95375278
2012-03-08,0.01698348459,65.03991036
2012-03-09,0.006007159972,65.4306155
2012-03-12,-0.02240366485,63.96472992
2012-03-13,0.02538264799,65.58832415
2012-03-14,0.01537490532,66.59673842
2012-03-15,0.01479006995,67.58170884
2012-03-16,0.01068850139,68.30405603
2012-03-19,0.01465704329,69.30519153
2012-03-20,0.000126770889,69.31397742
2012-03-21,-0.01314018442,68.40317897
2012-03-22,-0.008562436374,67.8174811
2012-03-23,0.001140856954,67.89485115
2012-03-26,0.007267797737,68.38829719
2012-03-27,-0.00659950364,67.93696838
2012-03-28,-0.01136705456,67.16472515
2012-03-29,-0.005377756796,66.80352959
2012-03-30,0.004445980842,67.10053681
2012-04-02,0.002432204789,67.26373905
2012-04-03,-0.003857721502,67.00425428
2012-04-04,-0.02031042069,65.64336969
2012-04-05,-0.0060798414,65.24426841
2012-04-09,-0.01271847509,64.41446081
2012-04-10,-0.008866893842,63.84330462
2012-04-11,0.01381252828,64.72514207
2012-04-12,0.004556987171,65.02009371
2012-04-13,-0.0149984427,64.04489356
2012-04-16,-0.003347973784,63.83047294
2012-04-17,0.01819010267,64.9915558
2012-04-18,-0.002683412406,64.81715665
2012-04-19,-0.009878320875,64.17687198
2012-04-20,-0.02830074396,62.36061876
2012-04-23,-0.01586216629,61.37144425
2012-04-24,0.001688228112,61.47505325
2012-04-25,0.007574513099,61.94069684
2012-04-26,-0.0007082828038,61.89682531
2012-04-27,0.007984195515,62.39102167
2012-04-30,0.00473021325,62.68614451
2012-05-01,0.007787783169,63.17433061
2012-05-02,-0.008912981076,62.61125899
2012-05-03,-0.01542448917,61.64551231
2012-05-04,-0.01758865696,60.56125054
2012-05-07,0.004300542237,60.82169676
2012-05-08,-0.01818295887,59.71577834
2012-05-09,0.001870731472,59.82749053
2012-05-10,-0.008443633069,59.32232915
2012-05-11,-0.007712998961,58.86477609
2012-05-14,-0.008758596759,58.34920325
2012-05-15,-0.009459396995,57.79725498
2012-05-16,-0.0165897972,56.83841024
2012-05-17,0.003139256191,57.01684057
2012-05-18,-0.01246641469,56.30604499
2012-05-21,0.005969794036,56.64218048
2012-05-22,0.007803097123,57.08416492
2012-05-23,0.001937715251,57.19477777
2012-05-24,-0.003782916286,56.97841472
2012-05-25,0.001193508971,57.04641897
2012-05-29,0.01822624808,58.08616115
2012-05-30,-0.01873113016,56.9981417
2012-05-31,-0.001016627442,56.94019583
2012-06-01,-0.03245749123,55.09205992
2012-06-04,0.008629636838,55.56748439
2012-06-05,0.009652766311,56.10386433
2012-06-06,0.02457948264,57.48286829
2012-06-07,-0.01884320059,56.39970708
2012-06-08,0.00575588721,56.72433743
2012-06-11,-0.01371822034,55.94618047
2012-06-12,0.03804453483,58.07462688
2012-06-13,-0.01068687245,57.45399075
2012-06-14,-0.004401502664,57.20110686
2012-06-15,0.002573669781,57.34832362
2012-06-18,-0.01409936355,56.53974875
2012-06-19,0.02628964704,58.02615879
2012-06-20,0.0002493140839,58.04062553
2012-06-21,-0.007342166943,57.61448157
2012-06-22,0.008145138907,58.08375952
2012-06-25,-0.02015803963,56.9129048
2012-06-26,-0.002877879718,56.7491163
2012-06-27,0.0098267642,57.30677649
2012-06-28,-0.007450890397,56.87978998
2012-06-29,0.02013654188,58.02515225
2012-07-02,-0.01167604794,57.34764779
2012-07-03,0.01709198015,58.32783265
2012-07-05,-0.01027950365,57.72825148
2012-07-06,-0.02233252994,56.43903357
2012-07-09,-0.00852171139,55.95807642
2012-07-10,-0.005717772453,55.63812087
2012-07-11,0.00423444753,55.87371757
2012-07-12,-0.01293612678,55.15092808
2012-07-13,0.009646555285,55.68294456
2012-07-16,0.001333755936,55.75721201
2012-07-17,0.004989387457,56.03540635
2012-07-18,-0.01170309583,55.37961862
2012-07-19,0.004738585806,55.64203969
2012-07-20,-0.0155557742,54.77648469
2012-07-23,0.001236175448,54.84419803
2012-07-24,-0.0009522693143,54.79197159
2012-07-25,-0.001438631038,54.71314616
2012-07-26,0.006168725292,55.05065652
2012-07-27,0.03749209228,57.11462082
2012-07-30,-0.002745307678,56.95782361
2012-07-31,0.009318226354,57.4885695
2012-08-01,0.004927782582,57.77186068
2012-08-02,-0.006073443103,57.42098657
2012-08-03,0.0191815187,58.5224083
2012-08-06,0.01974296052,59.67781389
2012-08-07,0.03489848953,61.76047946
2012-08-08,0.003768955091,61.99325193
2012-08-09,0.007131699826,62.43536919
2012-08-10,-0.01782480839,61.3224707
2012-08-13,-0.01323925559,60.51060684
2012-08-14,0.01112696228,61.18390608
2012-08-15,0.01421630904,62.05371539
2012-08-16,0.01914233315,63.24156829
2012-08-17,-0.004298257912,62.96973972
2012-08-20,0.01579611759,63.96441713
2012-08-21,0.01162662192,64.70810722
2012-08-22,-0.005684070758,64.34030176
2012-08-23,-0.003622021948,64.10725978
2012-08-24,0.0002993693784,64.12645153
2012-08-27,0.008713944584,64.68524587
2012-08-28,0.001121869172,64.75781426
2012-08-29,0.005779733998,65.1320972
2012-08-30,-0.02582842192,63.44983791
2012-08-31,-0.003807649916,63.20824314
2012-09-04,0.0009726808411,63.26972459
2012-09-05,-0.003343224099,63.05819972
2012-09-06,0.02670900861,64.74242172
2012-09-07,0.006680163604,65.17491169
2012-09-10,0.01309561838,66.02841746
2012-09-11,0.02067329117,67.39344216
2012-09-12,0.01166185795,68.17937491
2012-09-13,-0.003013033662,67.97394816
2012-09-14,0.03964974973,70.66909819
2012-09-17,-0.01435298788,69.65478548
2012-09-18,-0.01203428988,68.8165396
2012-09-19,-0.0003775267895,68.79055951
2012-09-20,-0.005882733738,68.38588297
2012-09-21,-0.01255817597,67.52708101
2012-09-24,-0.005124070517,67.18106749
2012-09-25,-0.006671301326,66.73288234
2012-09-26,-0.005165585691,66.38816792
2012-09-27,0.01592868015,67.44564381
2012-09-28,-0.004808848958,67.1213079
2012-10-01,0.0016167737,67.22982787
2012-10-02,0.001026704879,67.29885306
2012-10-03,-0.004342274088,67.00662299
2012-10-04,0.01130745773,67.76429755
2012-10-05,-0.005336778114,67.40265453
2012-10-08,0.006061103927,67.81118902
2012-10-09,0.002948454658,68.01112724
2012-10-10,-0.007237834411,67.51887396
2012-10-11,0.005186791412,67.86908028
2012-10-12,0.005490771244,68.24173387
2012-10-15,0.004966129885,68.58063119
2012-10-16,0.02666469022,70.40931247
2012-10-17,0.01999768413,71.81733566
2012-10-18,-0.006676722573,71.33783124
2012-10-19,-0.0116244535,70.50856794
2012-10-22,1.996535141e-05,70.50997566
2012-10-23,0.001464493287,70.61323705
2012-10-24,-0.007418173914,70.08941578
2012-10-25,0.0213451441,71.58548446
2012-10-26,-0.01036010116,70.8438516
2012-10-31,0.02921594026,72.91362133
2012-11-01,0.005702678003,73.32942424
2012-11-02,-0.02399653571,71.56977209
2012-11-05,0.02135261863,73.09797414
2012-11-06,0.01485594135,74.18391335
2012-11-07,-0.02924714992,72.01424532
2012-11-08,-0.02217461594,70.41735709
2012-11-09,0.003800949157,70.68500988
2012-11-12,-0.003347229156,70.44841095
2012-11-13,-0.00587265223,70.03469194
2012-11-14,-0.006571576042,69.57445363
2012-11-15,-0.005605648938,69.18444367
2012-11-16,-0.007794980444,68.64515229
2012-11-19,0.02515746052,70.37208999
2012-11-20,0.003656080392,70.62937601
2012-11-21,0.008855947389,71.25486605
2012-11-23,0.009856787771,71.95721014
2012-11-26,-0.004190821454,71.65565032
2012-11-27,0.00940224477,72.32937429
2012-11-28,0.002061205294,72.47845998
2012-11-29,-9.386134846e-05,72.47165705
2012-11-30,0.001369058338,72.57087498
2012-12-03,0.007241320158,73.09638392
2012-12-04,0.01106737564,73.90536905
2012-12-05,-0.0126608094,72.96966726
2012-12-06,0.008012716503,73.55435252
2012-12-07,-0.004039047179,73.25726302
2012-12-10,0.001603011984,73.37469529
2012-12-11,0.01314282999,74.33904644
2012-12-12,0.007172742568,74.87226128
2012-12-13,0.003513292379,75.13530942
2012-12-14,0.004208220529,75.45149538
2012-12-17,-0.001882996141,75.3094205
2012-12-18,0.0112250794,76.15477473
2012-12-19,0.01217925158,77.08228289
2012-12-20,-0.009582296661,76.34365758
2012-12-21,-0.01256044855,75.384747
2012-12-24,-0.006007739867,74.93185505
2012-12-26,0.0006764637086,74.98254373
2012-12-27,-0.008485223769,74.34630007
2012-12-28,0.005470972993,74.75304667
2012-12-31,0.004079760221,75.05802118
2013-01-02,0.0145661982,76.15133119
2013-01-03,0.01490835463,77.28662224
2013-01-04,-0.003126826279,77.0449604
2013-01-07,-0.003678171674,76.76157581
2013-01-08,-0.009875666067,76.00350412
2013-01-09,0.001458637161,76.11436565
2013-01-10,0.008051574523,76.72720614
2013-01-11,0.003130970697,76.96743677
2013-01-14,-0.01106938602,76.11545451
2013-01-15,0.007931082359,76.71913244
2013-01-16,-0.001101885653,76.63459673
2013-01-17,0.007696245585,77.22439541
2013-01-18,-0.0289153594,74.99142426
2013-01-22,0.001119651829,75.07538855
2013-01-23,0.007531172087,75.64079422
2013-01-24,-0.005862688784,75.19733578
2013-01-25,0.001719251527,75.32661892
2013-01-28,0.01355211947,76.34745426
2013-01-29,-0.0170455036,75.04607345
2013-01-30,0.01498112201,76.17034783
2013-01-31,-0.006537042365,75.67241904
2013-02-01,-0.006780970482,75.1592866
2013-02-04,0.01545299895,76.32072298
2013-02-05,0.003259687363,76.56950468
2013-02-06,0.02382090819,78.39345982
2013-02-07,0.004958306643,78.78215863
2013-02-08,-0.001009157422,78.70265503
2013-02-11,0.002714800018,78.916317
2013-02-12,-0.001325021285,78.8117512
2013-02-13,0.0003838463929,78.8420028
2013-02-14,-0.001503630513,78.72345356
2013-02-15,-0.008436306304,78.0593184
2013-02-19,0.006698892161,78.58222935
2013-02-20,0.01569904052,79.81589495
2013-02-21,-0.01902723872,78.29721887
2013-02-22,-0.004980256745,77.90727862
2013-02-25,0.04472368898,81.39157951
2013-02-26,-0.02534727555,79.32852472
2013-02-27,-0.03097455343,76.87135909
2013-02-28,0.006661838939,77.38346371
2013-03-01,-0.008176967396,76.75070165
2013-03-04,-0.02288804839,74.99402787
2013-03-05,0.003776602667,75.27725052
2013-03-06,0.00658579232,75.77301086
2013-03-07,0.0006089455078,75.81915249
2013-03-08,0.002278364633,75.99189617
2013-03-11,-0.009521751569,75.26832021
2013-03-12,0.01084033212,76.0842538
2013-03-13,-0.002361479304,75.90458241
2013-03-14,0.003261700744,76.15216044
2013-03-15,-0.01266742746,75.18750847
2013-03-18,0.03115111195,77.52968297
2013-03-19,0.007022447883,78.07413113
2013-03-20,-0.007942478998,77.45402898
2013-03-21,0.007254417826,78.01591287
2013-03-22,-0.0009539759274,77.94148756
2013-03-25,0.000125834107,77.95129526
2013-03-26,-0.009713984891,77.19407756
2013-03-27,0.003184968722,77.43993828
2013-03-28,-0.004346339244,77.10335804
2013-04-01,0.007507369834,77.68220146
2013-04-02,-0.02026498453,76.10797285
2013-04-03,-0.001182517024,76.01797388
2013-04-04,0.001055284789,76.09819449
2013-04-05,-0.006175118183,75.62827914
2013-04-08,0.01421442227,76.70329144
2013-04-09,0.04130163577,79.87126284
2013-04-10,-0.004595326467,79.50422832
2013-04-11,0.001825339196,79.6493505
2013-04-12,-0.007244591601,79.07232348
2013-04-15,0.04059476269,82.28224569
2013-04-16,-0.0003037620568,82.25725147
2013-04-17,-0.005013131352,81.84488506
2013-04-18,0.002497408482,82.04928517
2013-04-19,-0.006310651823,81.5315007
2013-04-22,0.008034803463,82.18659028
2013-04-23,0.007775351389,82.8256199
2013-04-24,0.01034835087,83.68272848
2013-04-25,0.02059539478,85.40620731
2013-04-26,-0.01190468976,84.38947291
2013-04-29,0.01605383576,85.74424765
2013-04-30,0.01234040468,86.80236636
2013-05-01,0.01103045062,87.75983558
2013-05-02,0.007585170407,88.42550888
2013-05-03,0.0216342276,90.33852647
2013-05-06,0.01509655909,91.70232737
2013-05-07,-0.01108911218,90.68542998
2013-05-08,0.01253347429,91.82203348
2013-05-09,0.02786171174,94.38035251
2013-05-10,0.02205654719,96.46205721
2013-05-13,0.01894874171,98.28989181
2013-05-14,0.01021774283,99.29419265
2013-05-15,0.003091957212,99.60120605
2013-05-16,-0.01414712773,98.19213506
2013-05-17,0.01702195429,99.8635571
2013-05-20,0.004082386195,100.2712387
2013-05-21,-0.001015128245,100.1694505
2013-05-22,0.0006391572447,100.2334746
2013-05-23,0.006616228433,100.8966421
2013-05-24,0.005900875803,101.4920207
2013-05-28,0.03861613371,105.4112501
2013-05-29,-0.01194292056,104.1523319
2013-05-30,0.01139252174,105.3388896
2013-05-31,0.004021509318,105.762511
2013-06-03,-0.01390450053,104.2919361
2013-06-04,-0.001589085916,104.1262072
2013-06-05,-0.00404304884,103.7052199
2013-06-06,-0.0006969593294,103.6329416
2013-06-07,0.01764282232,105.4613191
2013-06-10,0.003658167986,105.8471144
2013-06-11,-0.003884470476,105.4359544
2013-06-12,-0.001825866586,105.2434424
2013-06-13,-0.004134909066,104.8082703
2013-06-14,-0.001264065213,104.6757858
2013-06-17,0.003086248839,104.9988414
2013-06-18,0.008592971861,105.9010935
2013-06-19,0.01325397378,107.3047038
2013-06-20,0.005213852064,107.8641746
2013-06-21,0.003375232104,108.2282412
2013-06-24,-0.005463242314,107.6369641
2013-06-25,0.01189617455,108.9174323
2013-06-26,-0.001146398035,108.7925695
2013-06-27,0.002613319958,109.0768793
2013-06-28,0.002885026742,109.391569
2013-07-01,0.007732980655,110.2374919
2013-07-02,-0.007321391111,109.4304001
2013-07-03,0.00181771342,109.6293132
2013-07-05,0.01700362412,111.4934089
2013-07-08,-0.007632851634,110.6423962
2013-07-09,0.01820645859,112.6568024
2013-07-10,0.004725252809,113.1891343
2013-07-11,0.01409066268,114.7840442
2013-07-12,0.008024756655,115.7051582
2013-07-15,0.002753700288,116.0237756
2013-07-16,-0.008587678608,115.0274007
2013-07-17,0.00873639509,116.0323255
2013-07-18,0.01189616407,117.4126651
2013-07-19,-0.0104058335,116.1908884
2013-07-22,-0.00106666536,116.0669516
2013-07-23,-0.001338491557,115.911597
2013-07-24,-0.00192571302,115.6883845
2013-07-25,0.02901766405,119.0453912
2013-07-26,-0.0002001329809,119.0215663
2013-07-29,0.01135513014,120.3730717
2013-07-30,0.007245334694,121.2452148
2013-07-31,-0.001514989992,121.0615296
2013-08-01,0.01111801598,122.4074936
2013-08-02,-0.003836041409,121.9379334
2013-08-05,0.004372122558,122.471061
2013-08-06,-0.0008883656711,122.3622619
2013-08-07,-0.009137179388,121.2442159
2013-08-08,0.01261901388,122.7741984
2013-08-09,0.003704761175,123.2290475
2013-08-12,-0.006483235964,122.4301245
2013-08-13,-0.005764207882,121.7244118
2013-08-14,-0.006350255223,120.9514307
2013-08-15,0.009756967166,122.1315498
2013-08-16,0.002983269819,122.4959012
2013-08-19,0.008385503888,123.5230911
2013-08-20,0.006832363718,124.3670457
2013-08-21,0.006407407139,125.163916
2013-08-22,0.009085464825,126.3010884
2013-08-23,-0.0003844113913,126.2525368
2013-08-26,0.004143838865,126.775707
2013-08-27,-0.0103649595,125.4616819
2013-08-28,0.01100626476,126.8425464
2013-08-29,0.01190991501,128.3532304
2013-08-30,-0.008083602645,127.3156738
2013-09-03,0.005161596007,127.9728259
2013-09-04,0.004426926966,128.5393523
2013-09-05,0.009107942166,129.7100813
2013-09-06,0.005992637517,130.4873868
2013-09-09,0.004073611257,131.0189416
2013-09-10,0.006332620782,131.8486349
2013-09-11,-0.0075123065,130.8581476
2013-09-12,0.01011735283,132.1820856
2013-09-13,-0.0003741256602,132.1326329
2013-09-16,0.00487772803,132.7771399
2013-09-17,0.007590183389,133.7849428
2013-09-18,0.008962424862,134.9839803
2013-09-19,0.005872491731,135.7766726
2013-09-20,-0.006772726079,134.8570944
2013-09-23,0.004020455868,135.3992814
2013-09-24,0.0095989076,136.6989666
2013-09-25,0.009663748763,138.019991
2013-09-26,0.005046741538,138.7165423
2013-09-27,0.009089610709,139.9774216
2013-09-30,0.003016912798,140.3997213
2013-10-01,0.001701937582,140.6386729
2013-10-02,0.001500624428,140.8497187
2013-10-03,-0.005857537735,140.0246861
2013-10-04,0.006394192825,140.920031
2013-10-07,0.009904727027,142.3158054
2013-10-08,-0.0199279276,139.4797464
2013-10-09,-0.01497252741,137.391382
2013-10-10,0.007044093733,138.3591798
2013-10-11,0.005967133737,139.1847875
2013-10-14,0.006769811653,140.1270423
2013-10-15,0.01643453671,142.4299654
2013-10-16,-0.007472883793,141.3656028
2013-10-17,-0.0007821225178,141.2550376
2013-10-18,-0.004890309174,140.5642568
2013-10-21,-0.01216935455,138.8536805
2013-10-22,-0.003575348803,138.3572301
2013-10-23,-0.01054311445,136.898514
2013-10-24,0.01406510036,138.8240054
2013-10-25,-0.0011531047,138.6639268
2013-10-28,-0.006599826947,137.7487688
2013-10-29,0.007230304301,138.7447343
2013-10-30,-0.009535249881,137.4217686
2013-10-31,0.001508999929,137.6291381
2013-11-01,0.003315582259,138.0854588
2013-11-04,0.006046138869,138.9203427
2013-11-05,0.007521109241,139.9651777
2013-11-06,-0.02669060638,136.2294223
2013-11-07,-0.01649272577,133.9826278
2013-11-08,0.001709170088,134.2116269
2013-11-11,0.004747226579,134.8487599
2013-11-12,-0.004163611789,134.287302
2013-11-13,0.0118318988,135.8761757
2013-11-14,0.006117955202,136.7074601
2013-11-15,0.001868950134,136.9629595
2013-11-18,-0.01595251125,134.7780564
2013-11-19,-0.003215534245,134.3446729
2013-11-20,-0.0036907867,133.8488354
2013-11-21,0.002749386909,134.2168376
2013-11-22,4.446966414e-05,134.2228062
2013-11-25,0.01007842634,135.5755609
2013-11-26,0.003643516529,136.0695327
2013-11-27,0.01510736401,138.1251846
2013-11-29,-0.003163612524,137.6882101
2013-12-02,-0.0005538378595,137.6119531
2013-12-03,0.01324281956,139.4343234
2013-12-04,-0.005648268994,138.6467608
2013-12-05,0.001962140311,138.9188052
2013-12-06,-0.004443019334,138.3015863
2013-12-09,0.01169378675,139.9188555
2013-12-10,0.01127478672,141.4964108
2013-12-11,-0.003974719621,140.9340022
2013-12-12,0.009629194553,142.2910832
2013-12-13,0.0102921221,143.7555604
2013-12-16,0.004491394689,144.4012233
2013-12-17,0.01069489495,145.9455792
2013-12-18,-0.01152578275,144.2634422
2013-12-19,-0.007796787054,143.1386509
2013-12-20,0.006545061623,144.0755021
2013-12-23,0.006867217519,145.0649
2013-12-24,0.001879598284,145.3375637
2013-12-26,0.002304560528,145.6725029
2013-12-27,-0.01211108369,143.908251
2013-12-30,0.008570437474,145.1416077
2013-12-31,0.005787832141,145.981663
2014-01-02,0.002008471909,146.274863
2014-01-03,0.001423820812,146.4831322
2014-01-06,0.00252902654,146.853592
2014-01-07,0.0008223236118,146.9743531
2014-01-08,0.002081014275,147.2802089
2014-01-09,-0.009340663398,145.904514
2014-01-10,-0.003655373318,145.3711785
2014-01-13,-0.0005611644562,145.2896014
2014-01-14,0.02249881406,148.5584451
2014-01-15,0.005938967945,149.440729
2014-01-16,0.006746019273,150.448859
2014-01-17,-0.005032790488,149.6916814
2014-01-21,0.01892660489,152.5248367
2014-01-22,-0.002405127149,152.1579951
2014-01-23,0.01561452639,154.5338701
2014-01-24,0.01174028333,156.3481416
2014-01-27,-0.01967372195,153.2721917
2014-01-28,0.01866226652,156.1325982
2014-01-29,-0.004919596297,155.3644888
2014-01-30,0.0347125642,160.7575886
2014-01-31,0.003442105643,161.3109332
2014-02-03,-0.009975964326,159.7017011
2014-02-04,-0.004485289076,158.9853928
2014-02-05,-0.004430648411,158.2809844
2014-02-06,-0.001328604061,158.0706917
2014-02-07,0.0130975172,160.1410253
2014-02-10,0.01489447657,162.526242
2014-02-11,0.002388559419,162.9144456
2014-02-12,-0.004858727705,162.1228887
2014-02-13,0.01105880999,163.9157749
2014-02-14,-0.007075029324,162.756066
2014-02-18,0.01249654669,164.7899548
2014-02-19,-0.001145107174,164.6012526
2014-02-20,0.01346953311,166.8183546
2014-02-21,-0.001257102065,166.6086469
2014-02-24,0.01244522406,168.6821289
2014-02-25,0.01480562176,171.1795727
2014-02-26,0.008378243312,172.6137568
2014-02-27,0.00195304776,172.9508797
2014-02-28,-0.007368561386,171.6764805
2014-03-03,0.006838577672,172.8505035
2014-03-04,0.004181788022,173.5733276
2014-03-05,0.001500606922,173.833793
2014-03-06,-0.001481674748,173.5762278
2014-03-07,-0.007487890671,172.276508
2014-03-10,-0.002226682823,171.8929029
2014-03-11,-0.005746501489,170.90512
2014-03-12,-0.002179066677,170.5327064
2014-03-13,-0.006238715998,169.4688013
2014-03-14,-0.002085962449,169.1152957
2014-03-17,-0.006893541017,167.9494925
2014-03-18,0.005101793868,168.8063362
2014-03-19,8.940721389e-05,168.8214287
2014-03-20,-0.00691623006,167.6538208
2014-03-21,-0.01577075064,165.0097942
2014-03-24,-0.02247394253,161.3013736
2014-03-25,-0.008381345929,159.949451
2014-03-26,-0.01202275129,158.0264185
2014-03-27,-0.004058442979,157.3850773
2014-03-28,-0.002935400121,156.9230891
2014-03-31,4.068199109e-06,156.9237275
2014-04-01,0.02039023817,160.1234397
2014-04-02,0.005318350536,160.9750323
2014-04-03,-0.005073369242,160.1583465
2014-04-04,-0.02010725596,156.9380017
2014-04-07,-2.744687475e-05,156.9336942
2014-04-08,0.0004844851797,157.0097262
2014-04-09,0.01119968073,158.768185
2014-04-10,-0.0249258163,154.8107584
2014-04-11,-0.006200504042,153.8508537
2014-04-14,-0.005923924971,152.9394528
2014-04-15,-2.2380939e-05,152.9360299
2014-04-16,0.01174461336,154.7322044
2014-04-17,-0.001916477868,154.4356636
2014-04-21,0.01196415288,156.2833554
2014-04-22,0.02644500847,160.4162701
2014-04-23,-0.01304256745,158.3240301
2014-04-24,0.00537917909,159.1756834
2014-04-25,-0.02392263404,155.3677818
2014-04-28,-0.01531221596,152.9887567
2014-04-29,0.01258611013,154.9142901
2014-04-30,0.004481785984,155.6085828
2014-05-01,0.01109684701,157.3353474
2014-05-02,-0.003119042628,156.8446118
2014-05-05,0.008765295119,158.2194011
2014-05-06,-0.01771917738,155.4158834
2014-05-07,-0.01475263978,153.1230889
2014-05-08,-0.01342799188,151.0669533
2014-05-09,0.001595536864,151.3079862
2014-05-12,0.01923138922,154.217849
2014-05-13,0.004876689246,154.9699215
2014-05-14,0.0004657880284,155.0421046
2014-05-15,-0.003058484143,154.5679108
2014-05-16,-0.001361113926,154.3575263
2014-05-19,0.01200909288,156.2112201
2014-05-20,-0.005259090199,155.3896912
2014-05-21,0.007540127928,156.5613494
2014-05-22,0.007354620918,157.7127988
2014-05-23,-0.0001470886685,157.689601
2014-05-27,0.01152587789,159.5071121
2014-05-28,0.002019500645,159.8292368
2014-05-29,0.004302535572,160.5169078
2014-05-30,-0.006307446057,159.504456
2014-06-02,-0.0009566843035,159.3518606
2014-06-03,0.01044890715,161.0169134
2014-06-04,0.01473819077,163.3900114
2014-06-05,0.002075931007,163.7291978
2014-06-06,-0.001692827525,163.4520325
2014-06-09,-0.0007815547777,163.3242858
2014-06-10,0.006090948228,164.3190856
2014-06-11,0.01211686315,166.3101174
2014-06-12,-0.001178613131,166.1141022
2014-06-13,-0.001229461199,165.9098713
2014-06-16,0.006932935486,167.0601137
2014-06-17,0.003156774739,167.5874849
2014-06-18,-0.01379195197,165.2761263
2014-06-19,-0.00246780566,164.868257
2014-06-20,-0.001357224116,164.6444938
2014-06-23,-0.001713776927,164.3623299
2014-06-24,0.001608062681,164.6266348
2014-06-25,0.002866943998,165.0986101
2014-06-26,0.001138961793,165.2866512
2014-06-27,0.002726822531,165.7373585
2014-06-30,0.005770280307,166.6937095
2014-07-01,0.01093937248,168.5172341
2014-07-02,-0.00277432844,168.049712
2014-07-03,-0.001935525471,167.7244475
2014-07-07,-0.002835693662,167.2488323
2014-07-08,-0.009154825538,165.7176984
2014-07-09,0.006310418009,166.7634464
2014-07-10,0.00436531204,167.4914209
2014-07-11,-0.0002161099537,167.4552243
2014-07-14,0.01158470905,169.3951443
2014-07-15,0.001036807519,169.5707745
2014-07-16,-0.01081134454,167.7374864
2014-07-17,0.01562837159,170.3589502
2014-07-18,0.02220805235,174.1422907
2014-07-21,0.009263457677,175.7554504
2014-07-22,-0.001605943018,175.4731972
2014-07-23,-0.008064289319,174.0581306
2014-07-24,0.02148136992,177.7971377
2014-07-25,-0.002519777518,177.3491284
2014-07-28,-0.0005307605006,177.2549985
2014-07-29,0.004468704081,178.0470986
2014-07-30,0.02770498279,182.9798904
2014-07-31,-0.002200629736,182.5772195
2014-08-01,-0.010989253,180.5708322
2014-08-04,-0.007550990605,179.2073435
2014-08-05,0.01161779427,181.2893376
2014-08-06,0.004760791918,182.1524184
2014-08-07,-0.005093367691,181.2246492
2014-08-08,-0.0007386995585,181.0907786
2014-08-11,-0.001274099932,180.8600508
2014-08-12,-0.008864543542,179.2568091
2014-08-13,-0.004257888597,178.4935535
2014-08-14,0.0002395000387,178.5363027
2014-08-15,0.005602061273,179.536474
2014-08-18,0.0008802553748,179.694512
2014-08-19,0.003160692036,180.262471
2014-08-20,5.595167589e-05,180.272557
2014-08-21,0.004020012662,180.997255
2014-08-22,0.0008586471311,181.1526677
2014-08-25,0.008543255706,182.7003013
2014-08-26,0.004070737336,183.4440262
2014-08-27,-0.0006403135454,183.3265645
2014-08-28,0.003385680334,183.9472497
2014-08-29,0.01067674229,185.9112071
2014-09-02,0.00990644588,187.7529264
2014-09-03,0.001705798561,188.073195
2014-09-04,-0.01041668568,186.1140957
2014-09-05,0.005520350576,187.1415107
2014-09-08,0.007059454766,188.4626278
2014-09-09,0.0009253783102,188.637027
2014-09-10,0.00174773727,188.966715
2014-09-11,0.000493604173,189.0599897
2014-09-12,-0.002648047825,188.5593498
2014-09-15,-0.01132301305,186.4242898
2014-09-16,0.003039180276,186.9908669
2014-09-17,-0.004265980421,186.1931675
2014-09-18,0.006736705308,187.447496
2014-09-19,-0.00803604275,185.9411599
2014-09-22,0.001679530078,186.2534537
2014-09-23,0.005216481648,187.2250414
2014-09-24,0.0006178947823,187.3407268
2014-09-25,0.001655971855,187.6509577
2014-09-26,0.00593650909,188.7649494
2014-09-29,0.003494485637,189.4245858
2014-09-30,-0.006010736186,188.2860046
2014-10-01,-0.02729943039,183.1459039
2014-10-02,0.004800065775,184.0250163
2014-10-03,0.003024655418,184.5816285
2014-10-06,-0.005381360519,183.5883282
2014-10-07,-0.0081056351,182.1002282
2014-10-08,-0.00208007694,181.7214458
2014-10-09,0.004662555286,182.568732
2014-10-10,-0.02269891056,178.4246207
2014-10-13,-0.006130008706,177.3308762
2014-10-14,0.004816079248,178.1849158
2014-10-15,0.01742713321,181.2901681
2014-10-16,0.01241386822,183.5406803
2014-10-17,-0.0008891554697,183.3774841
2014-10-20,0.002179200935,183.7771005
2014-10-21,0.01742416761,186.9792635
2014-10-22,0.001572513126,187.2732909
2014-10-23,0.006619359972,188.5129202
2014-10-24,0.01322358157,191.0057362
2014-10-27,0.0001798557312,191.0400896
2014-10-28,0.004066207227,191.8168982
2014-10-29,-0.003439522192,191.1571397
2014-10-30,0.002851969763,191.7023141
2014-10-31,0.01297127126,194.1889368
2014-11-03,0.007828544026,195.7091535
2014-11-04,0.0005469174488,195.8161902
2014-11-05,-0.005262136372,194.7857787
2014-11-06,0.003344239102,195.437189
2014-11-07,0.004685051693,196.3528223
2014-11-10,-0.002889166029,195.7855264
2014-11-11,0.005623541877,196.8865345
2014-11-12,0.0009634117318,197.0762173
2014-11-13,-0.0008577154923,196.907182
2014-11-14,0.002613970087,197.4218915
2014-11-17,0.0004184380476,197.5045003
2014-11-18,0.01221702132,199.917417
2014-11-19,-0.003317466848,199.2541976
2014-11-20,0.004502933321,200.1514259
2014-11-21,-0.008104560565,198.5292866
2014-11-24,0.00571885465,199.6646467
2014-11-25,0.0003200188022,199.7285432
2014-11-26,0.006430086782,201.012815
2014-11-28,0.001464998305,201.3072985
2014-12-01,-0.006993377671,199.8994805
2014-12-02,0.003695951512,200.6382993
2014-12-03,0.0003144318447,200.7013863
2014-12-04,0.004275296266,201.5594442
2014-12-05,0.01277761914,204.134894
2014-12-08,0.008134145707,205.795357
2014-12-09,0.01188686592,208.2416188
2014-12-10,0.001555585266,208.5655564
2014-12-11,0.02006228268,212.7498576
2014-12-12,-0.005203932891,211.6427216
2014-12-15,-0.01116263846,209.2802304
2014-12-16,0.009170416452,211.1994173
2014-12-17,0.009396414745,213.1839346
2014-12-18,-0.001085554419,212.9525118
2014-12-19,0.002029268165,213.3846496
2014-12-22,-0.007450946979,211.7947319
2014-12-23,-0.003055015806,211.1476956
2014-12-24,0.003601286329,211.9080989
2014-12-26,0.003602095594,212.6714122
2014-12-29,0.004688716548,213.6685681
2014-12-30,0.002315052267,214.163222
2014-12-31,0.01780446384,217.9762834
2015-01-02,-0.003024629194,217.316986
2015-01-05,0.006649134596,218.7619558
2015-01-06,-0.006279479235,217.3882447
2015-01-07,0.002347563611,217.8985774
2015-01-08,0.005626270103,219.1245337
2015-01-09,0.007956184745,220.8679289
2015-01-12,0.008795280036,222.8105242
2015-01-13,-0.0008584209156,222.619259
2015-01-14,0.002886293321,223.2618035
2015-01-15,-0.01320086148,220.3145553
2015-01-16,0.004572531767,221.3219507
2015-01-20,0.006643715132,222.7923506
2015-01-21,0.006939219479,224.3383557
2015-01-22,0.001657290671,224.7101495
2015-01-23,0.006565677537,226.1855239
2015-01-26,0.0005058284991,226.299935
2015-01-27,0.002214495372,226.8010752
2015-01-28,0.01171754236,229.4586264
2015-01-29,-0.00812356747,227.5946037
2015-01-30,0.005811925622,228.9173666
2015-02-02,-0.005554479829,227.6458497
2015-02-03,0.00477658342,228.7332191
2015-02-04,-0.006384891331,227.2727824
2015-02-05,0.004982254796,228.4051133
2015-02-06,0.005917020378,229.756591
2015-02-09,0.007162379983,231.402195
2015-02-10,-0.002811241984,230.7516674
2015-02-11,-0.0001275680462,230.7222309
2015-02-12,0.005821943242,232.0654826
2015-02-13,-0.006286342341,230.6066396
2015-02-17,0.01226326719,233.4346304
2015-02-18,0.001867182492,233.8704955
2015-02-19,-0.001958162864,233.4125389
2015-02-20,-0.003259687128,232.6516871
2015-02-23,0.0003849496559,232.7412463
2015-02-24,-0.003505365263,231.9254032
2015-02-25,0.001582697285,232.2924709
2015-02-26,-0.01541866253,228.7108317
2015-02-27,-0.002303902485,228.1839042
2015-03-02,0.0210159256,232.9794002
2015-03-03,-0.006975845284,231.3541719
2015-03-04,0.003825391731,232.2391923
2015-03-05,0.003309400248,233.0077647
2015-03-06,-0.0002808175628,232.942332
2015-03-09,-0.005497411116,231.6617523
2015-03-10,-0.001050291875,231.4184398
2015-03-11,0.006250433973,232.8649055
2015-03-12,0.006066579129,234.2775989
2015-03-13,0.01180548627,237.0433598
2015-03-16,0.004306202362,238.0641165
2015-03-17,-0.007309324974,236.3240285
2015-03-18,-0.0006115127725,236.1795134
2015-03-19,0.0009353531413,236.4004246
2015-03-20,0.007829253321,238.2512634
2015-03-23,-0.00834315519,236.2634962
2015-03-24,0.005630999464,237.5938958
2015-03-25,-0.008787268533,235.5060944
2015-03-26,-0.001028014068,235.2639908
2015-03-27,-0.005786629875,233.9026052
2015-03-30,0.00573622462,235.2443231
2015-03-31,-0.002243433146,234.7165682
2015-04-01,-0.003614053219,233.86829
2015-04-02,-0.005901317568,232.488159
2015-04-06,0.009193785723,234.6256053
2015-04-07,0.000387524107,234.7165284
2015-04-08,0.00513514277,235.9218312
2015-04-09,0.01012328805,238.3101359
2015-04-10,-0.001967108579,237.841354
2015-04-13,0.009755939913,240.1617199
2015-04-14,0.004963339131,241.353724
2015-04-15,0.006638649645,242.9559868
2015-04-16,-0.001469553274,242.59895
2015-04-17,0.002341425282,243.1669774
2015-04-20,0.005113692982,244.4104586
2015-04-21,-0.004231844255,243.3761516
2015-04-22,-0.00550103346,242.0373313
2015-04-23,0.00210691834,242.5472842
2015-04-24,-0.009046757318,240.3530178
2015-04-27,0.005929481243,241.7781865
2015-04-28,-0.01463505873,238.2397485
2015-04-29,-5.363188922e-05,238.2269713
2015-04-30,0.008373621233,240.2217937
2015-05-01,0.007380369585,241.9947193
2015-05-04,0.002834130184,242.6805638
2015-05-05,0.002647415207,243.3230401
2015-05-06,-0.002086937991,242.81524
2015-05-07,0.0022236272,243.3551705
2015-05-08,-0.001524822327,242.9840971
2015-05-11,-0.0003369716623,242.9022184
2015-05-12,-0.0009906670271,242.6615832
2015-05-13,-0.007076412671,240.9444097
2015-05-14,-0.001570737075,240.5659493
2015-05-15,0.0006556800818,240.7236836
2015-05-18,0.0008553628844,240.9295897
2015-05-19,-0.006711079742,239.3126921
2015-05-20,0.0008801451283,239.523322
2015-05-21,0.006986563272,241.1967668
2015-05-22,-0.002546283655,240.5826114
2015-05-26,0.01120669384,243.2787471
2015-05-27,0.009064496137,245.4839464
2015-05-28,0.001255992848,245.7922724
2015-05-29,0.0011836036,246.0831931
2015-06-01,-0.00413876559,245.0647124
2015-06-02,-0.002646745899,244.4160884
2015-06-03,-0.008419171118,242.3583075
2015-06-04,0.003652865138,243.2436097
2015-06-05,-0.001642121858,242.8441741
2015-06-08,0.001837712924,243.2904519
2015-06-09,-0.008582504011,241.2024107
2015-06-10,0.0030422394,241.9362061
2015-06-11,0.004240300705,242.9620884
2015-06-12,-1.439007265e-05,242.9585922
2015-06-15,0.01247425627,245.9893199
2015-06-16,-0.004417092503,244.9027623
2015-06-17,-0.003335352366,244.0859253
2015-06-18,-0.006324145723,242.5422904
2015-06-19,0.01326296959,245.7591214
2015-06-22,-0.01112933803,243.023985
2015-06-23,-0.001691417117,242.6129301
2015-06-24,0.0029170155,243.3206358
2015-06-25,0.002592481028,243.9514399
2015-06-26,-0.005624446555,242.5793481
2015-06-29,0.01804618496,246.9569799
2015-06-30,0.005897132401,248.4133179
2015-07-01,-0.02015231207,243.4072152
2015-07-02,0.00357780676,244.2780792
2015-07-06,0.006005516081,245.7450951
2015-07-07,0.001776320762,246.1816172
2015-07-08,0.003362483922,247.0093989
2015-07-09,0.002348749149,247.589562
2015-07-10,-0.006993423352,245.8580634
2015-07-13,-0.00711638773,244.1084421
2015-07-14,-0.001687439399,243.6965239
2015-07-15,-0.001298509795,243.3800816
2015-07-16,-0.003028837826,242.6429228
2015-07-17,0.001338948887,242.9678093
2015-07-20,0.002765024563,243.6396212
2015-07-21,0.01075792404,246.2606778
2015-07-22,-0.007412070603,244.4353762
2015-07-23,0.007219020683,246.1999603
2015-07-24,-0.02804562674,239.2951281
2015-07-27,0.009701966535,241.6167614
2015-07-28,-0.003313882948,240.8160717
2015-07-29,0.003453360054,241.6476963
2015-07-30,-0.001000044317,241.4060379
2015-07-31,-0.002297311248,240.8514531
2015-08-03,-0.0007168196836,240.6788061
2015-08-04,-0.0001755456054,240.636556
2015-08-05,-0.00879596197,238.519926
2015-08-06,0.0001672504547,238.5598185
2015-08-07,-0.007806760659,236.6974391
2015-08-10,0.01002936511,239.0713642
2015-08-11,0.00525166634,240.3268872
2015-08-12,-0.007278534403,238.5776597
2015-08-13,0.003318448164,239.3693673
2015-08-14,-0.005297588345,238.1012869
2015-08-17,0.007720217315,239.9394806
2015-08-18,-0.002756493957,239.2780889
2015-08-19,-0.001520956729,238.9141572
2015-08-20,-0.01126725624,236.2222502
2015-08-21,0.01585648462,239.9679047
2015-08-24,0.01692132062,244.0284785
2015-08-25,-0.01278053681,240.9096636
2015-08-26,0.01387722982,244.2528224
2015-08-27,0.01501329388,247.9198618
2015-08-28,0.006068847394,249.4244496
2015-08-31,0.007439473721,251.2800362
2015-09-01,-0.02058819474,246.1066339
2015-09-02,0.005681944084,247.504998
2015-09-03,0.001039038779,247.7621653
2015-09-04,0.0016612164,248.1737519
2015-09-08,0.02097073941,253.378139
2015-09-09,-0.006312493844,251.778691
2015-09-10,0.004121228145,252.8163284
2015-09-11,-0.004172961881,251.7613355
2015-09-14,-0.002437691348,251.1476191
2015-09-15,0.001313427112,251.4774832
2015-09-16,0.006831787777,253.195524
2015-09-17,0.007874908756,255.1894156
2015-09-18,-0.02523678,248.7492565
2015-09-21,-0.02101199097,243.5225394
2015-09-22,-0.01548449497,239.7517158
2015-09-23,-0.01112195988,237.0852069
2015-09-24,0.002659448641,237.7157228
2015-09-25,-0.006574845891,236.1527786
2015-09-28,-0.01890034876,231.6894087
2015-09-29,-0.004814544198,230.5739298
2015-09-30,0.02030516353,235.2557711
2015-10-01,-0.008066382884,233.358108
2015-10-02,0.01303895241,236.4008533
2015-10-05,0.02333364592,241.9169471
2015-10-06,0.001192164195,242.2053518
2015-10-07,0.01500256319,245.8390529
2015-10-08,0.003350122132,246.6626438
2015-10-09,0.007432105704,248.4958666
2015-10-12,-0.00677530806,246.8122305
2015-10-13,0.001077832704,247.0782528
2015-10-14,0.009572389288,249.4433821
2015-10-15,-0.003478747902,248.5756314
2015-10-16,-0.009281612713,246.2684487
2015-10-19,-0.02309993242,240.5796642
2015-10-20,-0.001481982408,240.2231293
2015-10-21,0.01841853074,244.6476864
2015-10-22,-0.02679787413,238.0916485
2015-10-23,0.01275491379,241.128487
2015-10-26,0.004158315051,242.1311752
2015-10-27,-0.0004094642469,242.0320311
2015-10-28,0.004991952557,243.2402435
2015-10-29,-0.0008358499471,243.0369312
2015-10-30,0.0033847399,243.859548
2015-11-02,0.005448822856,245.1882955
2015-11-03,0.009377179773,247.4874702
2015-11-04,0.01732173154,251.7743817
2015-11-05,-0.01275135833,248.5639164
2015-11-06,-0.008764816051,246.3852994
2015-11-09,0.01693752232,250.5584559
2015-11-10,-0.01236307017,247.4607841
2015-11-11,-0.003616924541,246.5657371
2015-11-12,-0.004364132371,245.4896916
2015-11-13,-0.002984304557,244.7570756
2015-11-16,-0.003080304311,244.0031493
2015-11-17,-0.0165666073,239.960845
2015-11-18,0.0139360619,243.3049541
2015-11-19,-0.001026083243,243.055303
2015-11-20,-0.007980920075,241.1154981
2015-11-23,0.005500823419,242.4418318
2015-11-24,0.006703299919,244.0669922
2015-11-25,-0.003208401636,243.2839272
2015-11-27,-0.004144478585,242.2756422
2015-11-30,0.005900353748,243.7051542
2015-12-01,-0.00200107668,243.2174815
2015-12-02,-0.008838918401,241.067702
2015-12-03,0.0004047516157,241.1652745
2015-12-04,-0.0213545277,236.015304
2015-12-07,0.004626823373,237.1073051
2015-12-08,0.01206270593,239.9674608
2015-12-09,0.004585629069,241.0678626
2015-12-10,0.001637729269,241.4626665
2015-12-11,0.004288689365,242.4982249
2015-12-14,-0.03673706585,233.5895516
2015-12-15,0.01567431711,237.2509083
2015-12-16,-0.0009953941447,237.0147501
2015-12-17,-0.002263818164,236.4781919
2015-12-18,0.01549740499,240.1429902
2015-12-21,0.01448512454,243.6214913
2015-12-22,-0.01545668648,239.8559103
2015-12-23,0.007417750854,241.6351017
2015-12-24,0.002091429619,242.1404645
2015-12-28,-0.001983500948,241.6601786
2015-12-29,0.00478629583,242.8168357
2015-12-30,-0.002127726848,242.3001878
2015-12-31,0.004490217223,243.3881683
2016-01-04,-0.001601423841,242.9984007
2016-01-05,-0.003650766263,242.1112703
2016-01-06,-0.01393204767,238.7381646
2016-01-07,-0.01033842515,236.2699879
2016-01-08,-0.005572315487,234.953417
2016-01-11,-0.02760947756,228.4664759
2016-01-12,-0.007204276709,226.8205402
2016-01-13,-0.02481936853,221.1909976
2016-01-14,0.02182156702,226.0177318
2016-01-15,-0.02083939367,221.3076593
2016-01-19,-0.02139645474,216.57246
2016-01-20,0.01138294979,219.0376934
2016-01-21,0.01374382606,222.0481094
2016-01-22,5.657533065e-05,222.0606718
2016-01-25,-0.02079861098,217.4421183
2016-01-26,0.03086112603,224.1526269
2016-01-27,-0.003238193656,223.4267773
2016-01-28,0.002087014978,223.8930723
2016-01-29,0.01810802205,227.947333
2016-02-01,0.01025996626,230.286065
2016-02-02,-0.02837789422,223.7510314
2016-02-03,0.0231821015,228.9380505
2016-02-04,0.03921646476,237.9161915
2016-02-05,-0.02266200146,232.5245344
2016-02-08,-0.0295327508,225.6574453
2016-02-09,-0.01770280343,221.6626759
2016-02-10,0.001622428287,222.0223077
2016-02-11,-0.01572815689,218.530306
2016-02-12,0.01741721245,222.3364948
2016-02-16,0.03239206628,229.5384332
2016-02-17,0.01754304087,233.5652354
2016-02-18,-0.005316132784,232.3235716
2016-02-19,-0.01717261025,228.3339694
2016-02-22,0.01897075903,232.6656381
2016-02-23,-0.01073082227,230.1689445
2016-02-24,0.005232646514,231.3733372
2016-02-25,-0.01461268951,227.9923505
2016-02-26,0.02052030099,232.6708221
2016-02-29,0.02026671621,237.3862957
2016-03-01,0.0001654602014,237.4255737
2016-03-02,0.02213485663,242.6809547
2016-03-03,-0.001069073229,242.421511
2016-03-04,0.02652600413,248.851985
2016-03-07,0.007264566089,250.6597867
2016-03-08,-0.02196218515,245.15475
2016-03-09,-0.0003021291147,245.0806816
2016-03-10,-0.0007077491124,244.907226
2016-03-11,-0.0001567413321,244.8688389
2016-03-14,-0.000691313048,244.6995579
2016-03-15,-0.0249447811,238.595581
2016-03-16,-0.003950115714,237.6531008
2016-03-17,0.002808849562,238.3206326
2016-03-18,0.008077717004,240.2457193
2016-03-21,0.002294618223,240.7969915
2016-03-22,0.005952868428,242.2304243
2016-03-23,-0.0137246524,238.9058959
2016-03-24,-0.009051005671,236.7435573
2016-03-28,0.001743709391,237.1563693
2016-03-29,0.01356071151,240.3723784
2016-03-30,-0.001614903504,239.9842002
2016-03-31,0.01034989776,242.4680121
2016-04-01,7.670526875e-05,242.4866107
2016-04-04,-0.004116441365,241.4884288
2016-04-05,-0.004144803789,240.4875066
2016-04-06,0.00597901155,241.9253842
2016-04-07,0.001829047114,242.3678771
2016-04-08,-0.002594582719,241.7390336
2016-04-11,0.007047472205,243.4426827
2016-04-12,-0.004767485014,242.2820734
2016-04-13,0.02015157337,247.1644384
2016-04-14,-0.01536762578,243.3661078
2016-04-15,-0.01401675814,239.9549039
2016-04-18,-0.009490281661,237.6776643
2016-04-19,0.006570161979,239.239245
2016-04-20,0.008883219146,241.3644597
2016-04-21,0.003958296433,242.3198517
2016-04-22,-0.01053152846,239.7678533
2016-04-25,-0.002043173107,239.2779661
2016-04-26,0.006392919134,240.8076508
2016-04-27,-0.003547462652,239.9533946
2016-04-28,0.02253595143,245.3609727
2016-04-29,-0.007426398648,243.5388243
2016-05-02,-0.007818089298,241.634816
2016-05-03,-0.001293656077,241.3222237
2016-05-04,-0.006030466004,239.8669382
2016-05-05,0.0008865377914,240.0795893
2016-05-06,-0.01378543075,236.7699888
2016-05-09,-0.003971971686,235.8295451
2016-05-10,0.005895540119,237.2198876
2016-05-11,0.004357430479,238.2535568
2016-05-12,-0.01260831375,235.2495812
2016-05-13,-0.001473527176,234.9029345
2016-05-16,-0.002665181344,234.2768756
2016-05-17,0.02145426325,239.3031134
2016-05-18,0.008374948301,241.3072646
2016-05-19,0.006497943775,242.8752656
2016-05-20,0.002370895143,243.4510974
2016-05-23,0.01085805354,246.0945025
2016-05-24,0.002443402068,246.6958103
2016-05-25,0.003350549274,247.5223767
2016-05-26,-0.007548966251,245.6538387
2016-05-27,0.0008810603045,245.8702745
2016-05-31,0.01828510571,250.3660385
2016-06-01,0.00203900448,250.876536
2016-06-02,-0.00143654111,250.5161415
2016-06-03,-0.01027520412,247.942037
2016-06-06,0.002712813255,248.6146574
2016-06-07,0.01366735042,252.0125611
2016-06-08,-0.0007961084987,251.8119317
2016-06-09,0.002877205476,252.5364464
2016-06-10,0.02017208307,257.6306326
2016-06-13,0.0454848981,269.3489357
2016-06-14,-0.01210914298,266.0873509
2016-06-15,-0.007601736117,264.0646251
2016-06-16,-0.01479830605,260.1569159
2016-06-17,0.01122665488,263.0776078
2016-06-20,-0.008865186485,260.7453758
2016-06-21,0.007876975828,262.7992608
2016-06-22,0.02164149641,268.4866301
2016-06-23,-0.009486726526,265.9395708
2016-06-24,0.04316440484,277.4186941
2016-06-27,-0.05222877489,262.9294556
2016-06-28,-0.02407185991,256.6002546
2016-06-29,0.004920512189,257.8628593
2016-06-30,-0.002453643313,257.2301558
2016-07-01,-0.01674907933,252.9217875
2016-07-05,-0.007425542527,251.043706
2016-07-06,-0.004550456956,249.9013424
2016-07-07,0.004078663074,250.9206058
2016-07-08,0.002441049953,251.5331155
2016-07-11,0.016813845,255.7623544
2016-07-12,0.01036348955,258.4129448
2016-07-13,-0.007571614865,256.4563415
2016-07-14,0.004521378505,257.6158777
2016-07-15,-0.01101513065,254.7782052
2016-07-18,0.003155949705,255.5822724
2016-07-19,-0.005641948353,254.1402904
2016-07-20,-0.002021566515,253.6265289
2016-07-21,0.002996475544,254.3865146
2016-07-22,-0.01037091899,251.7482927
2016-07-25,0.01038279769,254.3621443
2016-07-26,0.01002322089,256.9116722
2016-07-27,-0.009777248438,254.399783
2016-07-28,-0.002592048893,253.7403663
2016-07-29,-0.02132010503,248.330595
2016-08-01,0.0001008558652,248.3556406
2016-08-02,0.0005777051297,248.499117
2016-08-03,0.0003254289736,248.5799858
2016-08-04,-0.01698591067,244.3576283
2016-08-05,0.0003753692423,244.4493527
2016-08-08,0.001598554464,244.8401183
2016-08-09,-0.005428369902,243.5110355
2016-08-10,-0.0008209256153,243.3111311
2016-08-11,0.007867686231,245.2254267
2016-08-12,-0.0004353946309,245.1186569
2016-08-15,0.01777004351,249.4744261
2016-08-16,0.0149430291,253.2023297
2016-08-17,-0.01189100772,250.1914989
2016-08-18,-0.007070299147,248.4225701
2016-08-19,0.0128873874,251.624088
2016-08-22,0.009700218535,254.0648967
2016-08-23,0.00470127385,255.2593253
2016-08-24,-0.0008679561747,255.0377714
2016-08-25,0.006147755727,256.6056813
2016-08-26,0.01211233126,259.7137743
2016-08-29,-0.00404772664,258.662524
2016-08-30,0.007981397092,260.7270123
2016-08-31,-0.0005586121841,260.581367
2016-09-01,0.0004598845754,260.7012044
2016-09-02,-0.01176020605,257.6353045
2016-09-06,-0.005284111065,256.2739309
2016-09-07,0.01328229776,259.6778376
2016-09-08,0.01747685168,264.2161886
2016-09-09,0.04889262965,277.1344129
2016-09-12,-0.01622005067,272.6392787
2016-09-13,0.03437790499,282.0120459
2016-09-14,-0.003470936545,281.0332
2016-09-15,-0.005494439419,279.4890801
2016-09-16,-0.001187652438,279.1571442
2016-09-19,-0.003928667745,278.0604285
2016-09-20,-0.002841134101,277.2704215
2016-09-21,-0.01457719071,273.2285977
2016-09-22,-0.01511801452,269.0979238
2016-09-23,-0.003619148459,268.1240185
2016-09-26,0.02688669757,275.3329879
2016-09-27,-0.01261037971,271.8609344
2016-09-28,-0.008437185252,269.5671933
2016-09-29,0.01990031663,274.9316658
2016-09-30,-0.00714820006,272.9663992
2016-10-03,-0.006841812276,271.0988144
2016-10-04,0.001509143744,271.5079415
2016-10-05,-0.004155793133,270.3796106
2016-10-06,-0.0100518825,267.6617866
2016-10-07,-0.004941960699,266.3390125
2016-10-10,0.004145828432,267.4432084
2016-10-11,0.01205986821,270.6685382
2016-10-12,-0.0001408156534,270.6304238
2016-10-13,0.006525305678,272.3963701
2016-10-14,-0.008660269006,270.0373443
2016-10-17,-0.003754622587,269.0234559
2016-10-18,0.0001317370945,269.0588963
2016-10-19,-0.003407962715,268.1419536
2016-10-20,-0.003829545883,267.1150917
2016-10-21,-0.006538441354,265.3685753
2016-10-24,-0.003489350167,264.4426115
2016-10-25,0.00618102678,266.0771383
2016-10-26,0.009318778883,268.5566523
2016-10-27,0.0050328676,269.9082624
2016-10-28,0.005548708572,271.4059047
2016-10-31,0.004646540775,272.6670033
2016-11-01,0.01170600308,275.8588441
2016-11-02,-0.007438717656,273.806808
2016-11-03,-0.003613045862,272.8175315
2016-11-04,0.02011669172,278.3057177
2016-11-07,-0.02055373201,272.5854965
2016-11-08,0.002445463154,273.2520943
2016-11-09,-0.01401717569,269.4218717
2016-11-10,0.01819585309,274.3242325
2016-11-11,-0.007797426296,272.1852095
2016-11-14,-0.01204227668,268.9074799
2016-11-15,0.002486270805,269.5760567
2016-11-16,0.003077949011,270.4057981
2016-11-17,0.005475917348,271.8865179
2016-11-18,-0.007012768268,269.9798407
2016-11-21,-0.003756232535,268.9657337
2016-11-22,-7.24304364e-06,268.9637855
2016-11-23,0.003617489988,269.9367593
2016-11-25,0.0005349211358,270.0811542
2016-11-28,0.0007290797201,270.2780649
2016-11-29,-0.01251018032,266.8968376
2016-11-30,-0.00474134952,265.6313864
2016-12-01,-0.007439513187,263.6552182
2016-12-02,0.003271057819,264.5176497
2016-12-05,-0.0148323509,260.5942311
2016-12-06,-0.0035055664,259.6807007
2016-12-07,0.009538710397,262.1577197
2016-12-08,0.01070241696,264.9634409
2016-12-09,-0.01367081392,261.341175
2016-12-12,0.004832197309,262.6040271
2016-12-13,0.01147179845,265.6165676
2016-12-14,-0.0003316632444,265.5284723
2016-12-15,-0.003903915809,264.4918715
2016-12-16,-0.005356582787,263.0750989
2016-12-19,-0.01083746913,260.2240307
2016-12-20,-0.005030173831,258.9150586
2016-12-21,-0.005135272823,257.5854591
2016-12-22,0.01517926478,261.495417
2016-12-23,0.008454130098,263.7061333
2016-12-27,0.01081337823,266.5576874
2016-12-28,0.007438719278,268.5405352
2016-12-29,0.00205816331,269.0932355
2016-12-30,0.009874173572,271.7503088
2017-01-03,-0.01141469628,268.6483616
2017-01-04,-0.00756649794,266.6156343
2017-01-05,0.002987935776,267.4122647
2017-01-06,-0.004785268818,266.1326251
2017-01-09,0.006692556761,267.9137328
2017-01-10,0.01035588741,270.6882173
2017-01-11,-0.01150119761,267.5749786
2017-01-12,-0.004695085898,266.3186911
2017-01-13,0.006489491667,268.046964
2017-01-17,0.007709180228,270.1133864
2017-01-18,0.009478135799,272.6735577
2017-01-19,0.003139952679,273.5297398
2017-01-20,-0.01876146501,268.3979212
2017-01-23,-0.005677350297,266.8741321
2017-01-24,-0.00644679418,265.1536495
2017-01-25,0.00584921483,266.7045902
2017-01-26,-0.00604384827,265.0926681
2017-01-27,0.0038303681,266.1080706
2017-01-30,0.01252388397,269.4407772
2017-01-31,0.008699311767,271.7847266
2017-02-01,-0.003416062455,270.856293
2017-02-02,0.009338652221,273.3857257
2017-02-03,-0.01037340277,270.5497854
2017-02-06,0.005933978703,272.1552221
2017-02-07,0.002328705183,272.7889914
2017-02-08,-0.0003422488579,272.6956296
2017-02-09,-0.0005306650427,272.5509196
2017-02-10,-0.003437340817,271.6140692
2017-02-13,0.003863813162,272.6635352
2017-02-14,-0.01305985535,269.1025889
2017-02-15,0.03264172193,277.8865608
2017-02-16,-0.01204568275,274.5392274
2017-02-17,0.003568893319,275.5190286
2017-02-21,0.0129959322,279.0996553
2017-02-22,0.0001217916057,279.1336472
2017-02-23,0.001229414937,279.4768183
2017-02-24,0.003802694969,280.5395834
2017-02-27,0.008618430735,282.9573944
2017-02-28,0.0004982090571,283.0983663
2017-03-01,0.01924180373,288.5456895
2017-03-02,-0.006786289671,286.5875349
2017-03-03,-0.006628561037,284.6878719
2017-03-06,-0.01182366971,281.3218166
2017-03-07,-9.829499992e-05,281.294164
2017-03-08,0.009115316175,283.8582493
2017-03-09,0.003573949791,284.8727444
2017-03-10,0.005079610163,286.3197869
2017-03-13,0.0005704301701,286.4831123
2017-03-14,0.01004002008,289.3594085
2017-03-15,-0.004222452534,288.1376022
2017-03-16,-0.01145445229,284.8371437
2017-03-17,0.002553114568,285.5643656
2017-03-20,0.003860460983,286.6667757
2017-03-21,0.009403343909,289.362402
2017-03-22,0.009329892693,292.0621221
2017-03-23,0.008144239136,294.4407459
2017-03-24,0.002514683427,295.1811712
2017-03-27,-0.000991665217,294.8884503
2017-03-28,-0.01623343319,290.1013983
2017-03-29,-0.0007787906894,289.87547
2017-03-30,-0.00417805392,288.6643547
2017-03-31,0.007629045898,290.8665883
2017-04-03,0.0006387637482,291.0523833
2017-04-04,-0.008114297967,288.6906976
2017-04-05,0.0139061853,292.7052839
2017-04-06,-0.001313779753,292.3207336
2017-04-07,0.01149656026,295.6814166
2017-04-10,0.01315020788,299.5696887
2017-04-11,0.01175045809,303.0897697
2017-04-12,0.002324674555,303.7943548
2017-04-13,-0.001607438383,303.3060241
2017-04-17,-0.01592271194,298.4765696
2017-04-18,-0.007062762768,296.3685004
2017-04-19,0.007506958509,298.5933265
2017-04-20,-0.006168311811,296.7515097
2017-04-21,-0.001287938237,296.3693121
2017-04-24,-0.04586921954,282.7750831
2017-04-25,0.0075791749,284.9182849
2017-04-26,0.006816376654,286.8603952
2017-04-27,-0.005639699324,285.2425889
2017-04-28,0.00192656993,285.7921287
2017-05-01,-0.0144976949,281.6488016
2017-05-02,0.006224736046,283.401991
2017-05-03,-0.001463995786,282.9870917
2017-05-04,-0.007729914605,280.7996256
2017-05-05,0.01072200202,283.8103598
2017-05-08,-0.0121675322,280.3570881
2017-05-09,0.004730736244,281.6833835
2017-05-10,0.01183619945,285.0174443
2017-05-11,0.003376202154,285.9797208
2017-05-12,-0.005235507312,284.4824718
2017-05-15,-0.006430450528,282.6531214
2017-05-16,0.002285503633,283.2991261
2017-05-17,0.02323861396,289.8826051
2017-05-18,-0.0109259569,286.7153603
2017-05-19,-0.0006501911829,286.5289405
2017-05-22,-0.0003401834226,286.4314681
2017-05-23,0.006007139898,288.152102
2017-05-24,-0.00829608794,285.7615668
2017-05-25,-0.006081811103,284.023619
2017-05-26,0.0005681851462,284.184997
2017-05-30,0.001925405737,284.7321684
2017-05-31,-0.008599769356,282.2835374
2017-06-01,0.004722213693,283.6165406
2017-06-02,-0.00717976186,281.5802414
2017-06-05,-0.001293502317,281.2160167
2017-06-06,0.01371744236,285.0735812
2017-06-07,-0.007346172372,282.9793815
2017-06-08,0.002823076193,283.7782539
2017-06-09,0.0121569998,287.228146
2017-06-12,0.003615248478,288.2665472
2017-06-13,-0.002376348095,287.5815255
2017-06-14,-0.009865171985,284.7444843
2017-06-15,-0.01291097903,281.0681542
2017-06-16,-0.005543215777,279.5101328
2017-06-19,0.0124179605,282.9810786
2017-06-20,0.002430403898,283.6688369
2017-06-21,0.00344980314,284.6474385
2017-06-22,0.0002776361714,284.726467
2017-06-23,0.003182189575,285.6325206
2017-06-26,-0.001122957872,285.3117673
2017-06-27,0.001626076642,285.7757061
2017-06-28,-0.001085297534,285.4655544
2017-06-29,0.01051597171,288.4675021
2017-06-30,-0.00399506098,287.3150568
2017-07-03,0.000687513571,287.5125898
2017-07-05,-0.00390119723,286.3909465
2017-07-06,-0.002158652772,285.7727279
2017-07-07,-0.01057778941,282.7498842
2017-07-10,0.01060415413,285.7482075
2017-07-11,0.006581732346,287.6289257
2017-07-12,-0.002606206694,286.8793053
2017-07-13,0.001140957947,287.2066225
2017-07-14,0.00160038753,287.6662644
2017-07-17,0.004904724504,289.0771882
2017-07-18,-0.0045064017,287.7744903
2017-07-19,0.01492173356,292.0685845
2017-07-20,-0.005580667783,290.4386468
2017-07-21,-0.005288529618,288.9026534
2017-07-24,-0.002440818508,288.1974945
2017-07-25,0.01963956389,293.8575676
2017-07-26,0.003590377128,294.9126271
2017-07-27,0.004185181824,296.14689
2017-07-28,-0.003659021486,295.0632822
2017-07-31,-0.005585906374,293.4150863
2017-08-01,-0.005610898857,291.768764
2017-08-02,-0.00180883925,291.2410012
2017-08-03,-0.02617872932,283.6166818
2017-08-04,0.008169143141,285.9335871
2017-08-07,-0.001406555297,285.5314057
2017-08-08,0.003944688754,286.6577382
2017-08-09,-0.01021456393,283.7296544
2017-08-10,0.02612544953,291.1422192
2017-08-11,-0.008019958881,288.8072706
2017-08-14,-0.02377440071,281.9410508
2017-08-15,-0.0003577325885,281.8401913
2017-08-16,-0.002731352832,281.0703863
2017-08-17,0.01736095729,285.9500373
2017-08-18,-0.0004615653645,285.8180526
2017-08-21,-0.01342425551,281.9811581
2017-08-22,-0.003801449679,280.9092209
2017-08-23,0.009752324823,283.6487388
2017-08-24,0.00139197422,284.0435706
2017-08-25,-0.01011876755,281.1693997
2017-08-28,0.00291981339,281.9903619
2017-08-29,0.002728564422,282.7597908
2017-08-30,0.005689488647,284.3685494
2017-08-31,0.01109485236,287.5235765
2017-09-01,0.007157286941,289.5814652
2017-09-05,0.0134943831,293.4891884
2017-09-06,-0.001901353009,292.9311619
2017-09-07,-0.002975857937,292.0594404
2017-09-08,-0.004974269288,290.606658
2017-09-11,0.001759147371,291.117878
2017-09-12,0.004835106087,292.5254638
2017-09-13,0.006296094744,294.3672318
2017-09-14,-0.003505654727,293.335282
2017-09-15,-0.00318787024,292.4001672
2017-09-18,0.008807373352,294.9754446
2017-09-19,-0.001596494014,294.5045181
2017-09-20,0.01433172726,298.7252765
2017-09-21,-0.003004907058,297.8276348
2017-09-22,-0.001271893378,297.4488298
2017-09-25,0.003689491036,298.5462646
2017-09-26,-0.004088039569,297.3257956
2017-09-27,0.01743269129,302.5089845
2017-09-28,-0.001502056502,302.0545989
2017-09-29,0.009824338569,305.0220855
2017-10-02,0.006326322906,306.9517537
2017-10-03,0.005661740471,308.6896349
2017-10-04,0.01431916976,313.1098142
2017-10-05,-0.003033184725,312.1600943
2017-10-06,0.004152068949,313.4562045
2017-10-09,0.01232061909,317.318179
2017-10-10,-0.008272118041,314.6932856
2017-10-11,-0.004344923352,313.3259674
2017-10-12,-0.009188417083,310.4469977
2017-10-13,-0.002337935934,309.7211925
2017-10-16,-0.001370564409,309.2966997
2017-10-17,0.003269027624,310.3077991
2017-10-18,-0.00562705866,308.5616789
2017-10-19,-0.003427210308,307.5041732
2017-10-20,0.004088681749,308.7614599
2017-10-23,0.01548276116,313.5419398
2017-10-24,0.00890368318,316.3336179
2017-10-25,-0.02084381581,309.7400182
2017-10-26,0.0003545966363,309.849851
2017-10-27,-0.008386510607,307.2512919
2017-10-30,-3.097126153e-05,307.241776
2017-10-31,-0.005228932318,305.6352295
2017-11-01,0.003699998501,306.7660794
2017-11-02,-0.01304415767,302.7645743
2017-11-03,0.008862539878,305.4478374
2017-11-06,0.01853284441,311.1086547
2017-11-07,0.002209761669,311.7961306
2017-11-08,-0.008441184909,309.1642018
2017-11-09,-0.009649497922,306.1809225
2017-11-10,0.003821595646,307.3510222
2017-11-13,0.0004143999839,307.4783885
2017-11-14,-0.01723888891,302.1778027
2017-11-15,0.0108026366,305.4421197
2017-11-16,-0.003928825221,304.242091
2017-11-17,0.005144780143,305.8073496
2017-11-20,-0.008861883672,303.0973205
2017-11-21,0.001795009764,303.6413831
2017-11-22,0.008574440253,306.244938
2017-11-24,-0.001402857475,305.81532
2017-11-27,-0.005478550808,304.1398953
2017-11-28,-0.001688907523,303.6262311
2017-11-29,-0.00680576307,301.5598229
2017-11-30,0.01625129163,306.4605595
2017-12-01,-0.003861085779,305.277289
2017-12-04,-0.02218307372,298.5053004
2017-12-05,-0.00629391264,296.6265341
2017-12-06,-0.009720688738,293.7431199
2017-12-07,0.006222620884,295.570972
2017-12-08,0.002555345172,296.3262579
2017-12-11,0.009059060018,299.0106952
2017-12-12,0.008879244065,301.6656842
2017-12-13,0.007464169326,303.9173679
2017-12-14,0.004141296652,305.1759799
2017-12-15,-0.004017266376,303.9500067
2017-12-18,0.0155695995,308.6823865
2017-12-19,0.002930516235,309.5869853
2017-12-20,0.004546461896,310.9945107
2017-12-21,-0.0121317295,307.2216094
2017-12-22,0.001109646868,307.5625169
2017-12-26,-0.006309577585,305.6219274
2017-12-27,0.007316100898,307.8578882
2017-12-28,-0.008165948933,305.3439364
2017-12-29,-0.004213178952,304.0574678
2018-01-02,0.01782461018,309.4771736
2018-01-03,0.01995289408,315.6521389
2018-01-04,0.002280028355,316.3718347
2018-01-05,0.001770906647,316.9320997
2018-01-08,0.01487757625,321.6472812
2018-01-09,-0.004079422678,320.335146
2018-01-10,0.006784163365,322.5083519
2018-01-11,0.01039156232,325.8597176
2018-01-12,0.007593430577,328.3341107
2018-01-16,-0.006194619821,326.3002057
2018-01-17,0.01435501603,330.9842504
2018-01-18,0.001457640091,331.4667063
2018-01-19,-0.009377852523,328.3582604
2018-01-22,0.003040361302,329.3565882
2018-01-23,0.003356446602,330.462056
2018-01-24,-0.002836242351,329.5247855
2018-01-25,-0.0004520091945,329.3758373
2018-01-26,0.01098239511,332.9931729
2018-01-29,0.0274829519,342.1448082
2018-01-30,-0.009983647624,338.728955
2018-01-31,0.002889965273,339.7078699
2018-02-01,-0.002702928084,338.789664
2018-02-02,0.009862126895,342.1308506
2018-02-05,0.07592500611,368.1071376
2018-02-06,0.01402477399,373.269757
2018-02-07,-0.00112779792,372.8487841
2018-02-08,-0.006476763671,370.4339307
2018-02-09,-0.00518270525,368.5140808
2018-02-12,-0.001610953621,367.9204217
2018-02-13,0.006237318582,370.2152586
2018-02-14,0.02197809729,378.3518855
2018-02-15,0.01252675006,383.091405
2018-02-16,-0.007775296996,380.1127556
2018-02-20,0.01467021059,385.6890898
2018-02-21,-0.001984159606,384.9238211
2018-02-22,-0.004847927519,383.0577383
2018-02-23,0.04930751337,401.9453628
2018-02-26,0.008287771389,405.2765941
2018-02-27,-0.00957540533,401.3959064
2018-02-28,-0.008745054113,397.8856775
2018-03-01,-0.01610808588,391.4765009
2018-03-02,0.01845718048,398.7020533
2018-03-05,0.0179103056,405.8429289
2018-03-06,0.01105829406,410.3308594
2018-03-07,0.007340209901,413.342774
2018-03-08,0.00203976059,414.1858943
2018-03-09,0.01478488413,420.3095847
2018-03-12,0.01219772531,425.4364056
2018-03-13,-0.004464445669,423.5370679
2018-03-14,-0.002865823659,422.3232853
2018-03-15,-0.009730696477,418.2137856
2018-03-16,0.003403427074,419.6371458
2018-03-19,-0.02082886006,410.8965824
2018-03-20,0.007510634777,413.9826765
2018-03-21,0.004844231051,415.9881043
2018-03-22,-0.03214128654,402.6177114
2018-03-23,-0.03791723355,387.3515616
2018-03-26,0.02690834763,397.7745521
2018-03-27,-0.03812339471,382.6100358
2018-03-28,-0.01929840857,375.226271
2018-03-29,0.01397651526,380.4706267
2018-04-02,-0.04077344107,364.9575301
2018-04-03,0.006009809653,367.1508554
2018-04-04,0.0178847676,373.7172631
2018-04-05,-0.001576194284,373.1282121
2018-04-06,-0.04751926111,355.3974351
2018-04-09,0.009123599915,358.6399391
2018-04-10,0.03865746155,372.5040488
2018-04-11,-0.0003167171816,372.3860704
2018-04-12,0.02788060853,382.7684206
2018-04-13,-0.00812134134,379.6598276
2018-04-16,-0.002431883071,378.7365393
2018-04-17,0.02268677198,387.3288488
2018-04-18,0.005753704888,389.5574247
2018-04-19,-0.01091035429,385.3072152
2018-04-20,-0.001280967513,384.8136492
2018-04-23,0.002583605261,385.8078557
2018-04-24,-0.01186310411,381.230977
2018-04-25,-0.01191468911,376.6887284
2018-04-26,0.01721731166,383.1742956
2018-04-27,-0.001548184649,382.5810711
2018-04-30,-0.01173868049,378.0900741
2018-05-01,0.011286346,382.3573295
2018-05-02,0.01423243724,387.7992062
2018-05-03,-0.002160320662,386.9614356
2018-05-04,0.01034404117,390.9641806
2018-05-07,0.01284320845,395.9854151
2018-05-08,0.0005023041778,396.1843202
2018-05-09,0.01140354438,400.7022257
2018-05-10,0.008679231029,404.1800128
2018-05-11,0.04051205744,420.5541767
2018-05-14,0.008446082148,424.1062119
2018-05-15,0.0009714110227,424.5181933
2018-05-16,0.008826661708,428.2652718
2018-05-17,-0.002278947693,427.2892776
2018-05-18,0.007482035554,430.4862712
2018-05-21,-0.009519635216,426.3881989
2018-05-22,0.003693672038,427.9631371
2018-05-23,0.003136574425,429.3054753
2018-05-24,0.005057885308,431.4768532
2018-05-25,0.008700267725,435.2308173
2018-05-29,-0.01359944388,429.3119203
2018-05-30,0.006810898767,432.2359203
2018-05-31,-0.006763259024,429.3125968
2018-06-01,0.02314165507,439.2476008
2018-06-04,0.001302615975,439.8197718
2018-06-05,0.001108917802,440.3074957
2018-06-06,0.01353002219,446.2648659
2018-06-07,-0.01024791131,441.6915832
2018-06-08,-0.004020654848,439.9156938
2018-06-11,0.001992235108,440.7921093
2018-06-12,0.01213288696,446.1401901
2018-06-13,0.005466714136,448.579111
2018-06-14,0.007681794465,452.0250035
2018-06-15,-0.009210687664,447.8615424
2018-06-18,0.002598317845,449.025229
2018-06-19,-0.008165223076,445.3588379
2018-06-20,0.006851007267,448.4099945
2018-06-21,-0.0154405365,441.4863036
2018-06-22,0.005954112774,444.1149628
2018-06-25,-0.02916012025,431.1645171
2018-06-26,0.01482077913,437.5547112
2018-06-27,-0.01746310009,429.9136495
2018-06-28,0.01646576049,436.9925047
2018-06-29,-0.001892419904,436.1655313
2018-07-02,0.007249361764,439.3274531
2018-07-03,-0.01069529616,434.6287159
2018-07-05,0.01123998482,439.513936
2018-07-06,0.01885606314,447.8014385
2018-07-09,0.007275561368,451.0594454
2018-07-10,0.005917229618,453.7284677
2018-07-11,-0.01255074836,448.0338359
2018-07-12,0.005875231533,450.6661384
2018-07-13,-0.007746402346,447.1750972
2018-07-16,-0.00728582766,443.9170565
2018-07-17,0.008540775811,447.7084525
2018-07-18,0.008093829122,451.3321282
2018-07-19,-0.004678769112,449.2204494
2018-07-20,-0.01442727874,442.7394208
2018-07-23,-0.0007850364223,442.3918542
2018-07-24,-0.008120891936,438.7992378
2018-07-25,0.00967785258,443.0458721
2018-07-26,0.008103409643,446.6360543
2018-07-27,-0.008286960797,442.9347988
2018-07-30,-0.002523495707,441.8170548
2018-07-31,-3.626910321e-05,441.8010305
2018-08-01,-0.006303411509,439.0161768
2018-08-02,0.01906879337,447.3876855
2018-08-03,-0.007358886915,444.0954101
2018-08-06,0.003783515935,445.7756522
2018-08-07,0.009494788604,450.0081978
2018-08-08,-0.01223548154,444.5021308
2018-08-09,0.0006237169477,444.7793743
2018-08-10,0.02871098329,457.5494275
2018-08-13,-0.003337461996,456.0223737
2018-08-14,0.01144564782,461.2418451
2018-08-15,-0.002352360363,460.1568381
2018-08-16,0.0003944656653,460.3383542
2018-08-17,-0.003004424886,458.9553022
2018-08-20,0.0008452424217,459.3432307
2018-08-21,0.01818527459,467.6965134
2018-08-22,0.004914903337,469.9951966
2018-08-23,0.00444643177,472.0849982
2018-08-24,0.007679256392,475.7102599
2018-08-27,0.0311853769,490.5454637
2018-08-28,0.007800323807,494.3718771
2018-08-29,0.008623980526,498.6353306
2018-08-30,0.006523171366,501.8880143
2018-08-31,-0.01200657797,495.8620567
2018-09-04,0.007019125541,499.3425747
2018-09-05,0.006485876101,502.5812488
2018-09-06,-0.01187864345,496.6112653
2018-09-07,-0.003843481795,494.702549
2018-09-10,0.002035243723,495.7093892
2018-09-11,-0.02055206505,485.5215376
2018-09-12,0.002319548298,486.6477283
2018-09-13,-0.007052203739,483.2157894
2018-09-14,0.007058290636,486.6264668
2018-09-17,-0.01273570298,480.4289367
2018-09-18,0.004402874222,482.5442049
2018-09-19,-0.001793162784,481.6789246
2018-09-20,0.01183423692,487.3792271
2018-09-21,-0.01010715664,482.4532089
2018-09-24,-0.00463105464,480.2189417
2018-09-25,0.006855461487,483.5110642
2018-09-26,-0.0105979829,478.3868222
2018-09-27,-0.001280655846,477.7741733
2018-09-28,-0.00614071188,474.8402998
2018-10-01,-0.005628098411,472.1678518
2018-10-02,-0.01086984625,467.0354599
2018-10-03,0.009405569476,471.4281943
2018-10-04,-0.01265972009,465.4600453
2018-10-05,-0.01602078182,458.0030115
2018-10-08,-0.001331119484,457.3933548
2018-10-09,-0.0128289673,451.5254704
2018-10-10,-0.02972451932,438.1040928
2018-10-11,-0.01224748503,432.7384195
2018-10-12,0.01755801066,440.3364453
2018-10-15,-0.002059364223,439.4296322
2018-10-16,0.02899378926,452.1703623
2018-10-17,-0.006110652836,449.4073062
2018-10-18,-0.01971400252,440.5476894
2018-10-19,-0.009588246382,436.3236097
2018-10-22,-0.0125756958,430.8365367
2018-10-23,0.006466926457,433.6227249
2018-10-24,-0.04670384756,413.3708752
2018-10-25,0.03193400518,426.5714629
2018-10-26,-0.02353480153,416.5321882
2018-10-29,-0.0188944035,408.6620609
2018-10-30,0.02401870807,418.4775957
2018-10-31,0.02188974282,427.6379626
2018-11-01,0.03034075583,440.6128216
2018-11-02,-0.001925242438,439.7645351
2018-11-05,-0.009274617306,435.6858874
2018-11-06,0.001840271798,436.4876678
2018-11-07,0.0006341746893,436.7644773
2018-11-08,-0.01745714058,429.1398184
2018-11-09,-0.0216069158,419.8674305
2018-11-12,-0.07003833756,390.4606136
2018-11-13,0.006109429343,392.8461052
2018-11-14,-0.008149131047,389.6447508
2018-11-15,0.02193302846,398.1908402
2018-11-16,0.006328529249,400.7108026
2018-11-19,-0.02849629634,389.2920288
2018-11-20,-0.005487036859,387.1559691
2018-11-21,0.01897343298,394.5016469
2018-11-23,0.0008208107646,394.8254581
2018-11-26,0.03173670715,407.355918
2018-11-27,-0.008341044297,403.9581443
2018-11-28,0.01923788767,411.7294457
2018-11-29,0.007019602284,414.6196226
2018-11-30,0.003881477139,416.2289592
2018-12-03,0.01901351853,424.1429363
2018-12-04,-0.06053455007,398.4676344
2018-12-06,0.01066269558,402.7163735
2018-12-07,-0.03985709852,386.6652674
2018-12-10,-0.00318339506,385.4343591
2018-12-11,-0.004458258924,383.7159929
2018-12-12,0.01321822959,388.788039
2018-12-13,-0.00425951865,387.1319891
2018-12-14,-0.01847477455,379.9798128
2018-12-17,-0.003997813677,378.4607244
2018-12-18,0.007351198793,381.2428644
2018-12-19,-0.01318026407,376.2179827
2018-12-20,-0.01103188851,372.0675879
2018-12-21,-0.02152183236,364.0600117
2018-12-24,-0.02578796464,354.6716449
2018-12-26,0.05362394588,373.690538
2018-12-27,0.009645206854,377.2948606
2018-12-28,-0.002842336529,376.2224616
2018-12-31,0.006372756846,378.6200359
2019-01-02,0.02318250185,387.3973956
2019-01-03,-0.02077877262,379.3477532
2019-01-04,0.04485214605,396.362314
2019-01-07,0.02443871881,406.0489011
2019-01-08,0.004711178846,407.9618701
2019-01-09,0.01748332099,415.0943985
2019-01-10,-0.000977264193,414.6887416
2019-01-11,0.01059857103,419.0838496
2019-01-14,-0.002982583798,417.8338969
2019-01-15,-0.00420673605,416.07618
2019-01-16,-0.00306522429,414.8008132
2019-01-17,0.001169266093,415.2858257
2019-01-18,0.01285045196,420.6224363
2019-01-22,0.002187797089,421.5426728
2019-01-23,-0.01051459365,417.1103229
2019-01-24,0.006349382169,419.7587158
2019-01-25,0.01050713897,424.1691789
2019-01-28,0.006745716315,427.0305039
2019-01-29,0.0002036175547,427.1174548
2019-01-30,0.001422252905,427.7249238
2019-01-31,0.0005439958651,427.9576044
2019-02-01,-0.007604727835,424.7031033
2019-02-04,-0.001831027841,423.9254601
2019-02-05,0.002648303194,425.0481433
2019-02-06,-0.002284908358,424.0769472
2019-02-07,-0.01478057724,417.8088451
2019-02-08,-0.005983125309,415.3090425
2019-02-11,0.003280431249,416.6714352
2019-02-12,0.0130643968,422.1149962
2019-02-13,0.001495647179,422.7463313
2019-02-14,-0.002466818142,421.703493
2019-02-15,-0.005778911617,419.2665058
2019-02-19,0.009425366221,423.2182461
2019-02-20,0.00885371847,426.9653013
2019-02-21,-0.002830477848,425.7567855
2019-02-22,-0.03478651682,410.9461899
2019-02-25,0.01708957452,417.9690854
2019-02-26,-0.002138482404,417.0752659
2019-02-27,-0.006755151467,414.2578593
2019-02-28,-0.00224975802,413.3258794
2019-03-01,-0.006153928226,410.7823016
2019-03-04,0.01202285639,415.7210782
2019-03-05,-0.009639346763,411.7137986
2019-03-06,-0.008320972606,408.2879393
2019-03-07,-0.002400286238,407.3079314
2019-03-08,-0.007896413157,404.0916597
2019-03-11,0.009917112071,408.099082
2019-03-12,-0.002156200878,407.2191384
2019-03-13,0.0008401532039,407.5612648
2019-03-14,-0.005212887211,405.4366939
2019-03-15,0.0002921436721,405.5551397
2019-03-18,0.003439707037,406.9501306
2019-03-19,-0.002118706937,406.0879225
2019-03-20,-0.002917003874,404.9033625
2019-03-21,0.01113634325,409.4125053
2019-03-22,-0.01326203022,403.9828643
2019-03-25,-0.0008765132842,403.6287679
2019-03-26,-0.00449594376,401.8140757
2019-03-27,0.002881241706,402.9717992
2019-03-28,-0.001938769922,402.1905296
2019-03-29,0.008011823084,405.4128089
2019-04-01,0.0150355753,411.5084237
2019-04-02,0.002827284799,412.6718752
2019-04-03,0.008839655095,416.3197523
2019-04-04,0.008980980946,420.0587121
2019-04-05,-0.004268414551,418.2657273
2019-04-08,0.00167613473,418.966797
2019-04-09,-0.004112324984,417.2438694
2019-04-10,-0.004441295897,415.3907659
2019-04-11,0.006797682162,418.2144603
2019-04-12,0.005431269936,420.485896
2019-04-15,-0.0001559924458,420.4203033
2019-04-16,0.0005233553895,420.6403326
2019-04-17,0.0007467935041,420.954464
2019-04-18,0.0102080314,425.2515804
2019-04-22,0.01238450195,430.5181094
2019-04-23,0.001535557897,431.1791949
2019-04-24,0.002452016857,432.2364536
2019-04-25,-0.01450983118,425.9647756
2019-04-26,0.003483391904,427.4485779
2019-04-29,0.01199289029,432.5749218
2019-04-30,0.004869522891,434.6813553
2019-05-01,0.002257577375,435.662682
2019-05-02,-0.007684504041,432.3148304
2019-05-03,-0.0009001929562,431.9256636
2019-05-06,0.0150607402,438.4307838
2019-05-07,0.00759672194,441.7614206
2019-05-08,0.007470981881,445.0618122
2019-05-09,-0.006314757867,442.2513546
2019-05-10,-0.01155670503,437.1403861
2019-05-13,0.002597059726,438.2756658
2019-05-14,-0.0004217733383,438.0908128
2019-05-15,-0.007927321917,434.6179259
2019-05-16,-0.002015634436,433.7418951
2019-05-17,-0.0139456117,427.693099
2019-05-20,-0.004540745325,425.7510536
2019-05-21,0.01225195103,430.9673346
2019-05-22,-0.02631654492,419.6257634
2019-05-23,-0.02258815376,410.1471922
2019-05-24,-0.009036145229,406.4410426
2019-05-28,-0.001449004627,405.8521076
2019-05-29,0.000649473047,406.1156976
2019-05-30,-0.02170728378,397.3000289
2019-05-31,-0.01411221026,391.6932474
2019-06-03,0.01904539512,399.1532
2019-06-04,0.01869123078,406.6138646
2019-06-05,-0.01714132894,399.6439626
2019-06-06,0.004567132099,401.4691894
2019-06-07,0.006124662393,403.9280526
2019-06-10,0.009976154838,407.9577014
2019-06-11,0.00254825557,408.9972819
2019-06-12,-0.01186972808,404.1425954
2019-06-13,0.01824205071,411.5149851
2019-06-14,-0.009552685154,407.583912
2019-06-17,0.006319849157,410.1597809
2019-06-18,0.01582598632,416.6509639
2019-06-19,-0.006216895848,414.0606883
2019-06-20,0.02585956022,424.7681156
2019-06-21,0.008250305758,428.2725824
2019-06-24,-0.00587768841,425.7553296
2019-06-25,-0.0008955880803,425.3740282
2019-06-26,0.01742173465,432.7847817
2019-06-27,-0.003066044883,431.4578441
2019-06-28,0.004993193752,433.6121967
2019-07-01,-0.006501500034,430.793067
2019-07-02,-0.02614019572,419.5320519
2019-07-03,0.003489683574,420.996086
2019-07-05,0.007600664286,424.195936
2019-07-08,0.008651389113,427.8658201
2019-07-09,-0.002984534578,426.5888397
2019-07-10,-0.005452682084,424.2627864
2019-07-11,0.006607376678,427.0660504
2019-07-12,0.007341186456,430.2012219
2019-07-15,-0.004382215199,428.3159876
2019-07-16,0.002288381352,429.2961379
2019-07-17,-0.01168958659,424.2778436
2019-07-18,-0.007876451365,420.9360398
2019-07-19,0.01411349871,426.87692
2019-07-22,-0.0110880483,422.1436881
2019-07-23,0.0008965162593,422.5221468
2019-07-24,0.003808287658,424.1312327
2019-07-25,-0.008064916743,420.7106496
2019-07-26,-0.008281476334,417.2265443
2019-07-29,-0.001839692174,416.4589759
2019-07-30,0.02595993884,427.2702254
2019-07-31,0.02340544292,437.2706743
2019-08-01,-0.03192811426,423.3094462
2019-08-02,-0.0132765747,417.6893468
2019-08-05,0.006644257554,420.4645824
2019-08-06,-0.02132534421,411.4980304
2019-08-07,-0.01098136343,406.979221
2019-08-08,0.006835943554,409.761308
2019-08-09,-0.006488768399,407.1024617
2019-08-12,-0.001519043229,406.4840555
2019-08-13,-0.003875594307,404.9086882
2019-08-14,-0.01998315802,396.8173339
2019-08-15,-0.02818245668,385.6340466
2019-08-16,0.013816961,390.9623372
2019-08-19,0.01928119735,398.5005592
2019-08-20,-0.003724547039,397.0163251
2019-08-21,-0.007306892115,394.1153696
2019-08-22,-0.008840482004,390.6311998
2019-08-23,-0.02925316361,379.2040014
2019-08-26,0.000180872448,379.2725889
2019-08-27,-0.007145701225,376.5624203
2019-08-28,0.01963394607,383.9558266
2019-08-29,0.01914132197,391.3052487
2019-08-30,0.002049883921,392.107379
2019-09-03,-0.005902054953,389.7931397
2019-09-04,0.0159888866,396.025498
2019-09-05,0.01739851664,402.9157543
2019-09-06,-0.00365902259,401.4414764
2019-09-09,0.04387028293,419.0528276
2019-09-10,0.01717771241,426.2511965
2019-09-11,0.009212184477,430.1779012
2019-09-12,-0.01442529234,423.9724592
2019-09-13,-0.0004594666043,423.777658
2019-09-16,0.054907095,447.0460581
2019-09-17,-0.0244572578,436.1125374
2019-09-18,-0.01150412815,431.0954429
2019-09-19,-0.009961902332,426.8009122
2019-09-20,0.00694318586,429.7642703
2019-09-23,-0.001377604226,429.1722252
2019-09-24,-0.01068407799,424.5869157
2019-09-25,-0.005713099088,422.1612086
2019-09-26,-0.01312692364,416.6195306
2019-09-27,0.002892927053,417.8247805
2019-09-30,-0.009939619292,413.6717613
2019-10-01,-0.01701743994,406.6321269
2019-10-02,-0.01062359677,402.3122312
2019-10-03,0.003363577512,403.6654395
2019-10-04,-0.006867290571,400.8933517
2019-10-07,-0.005773952815,398.5786124
2019-10-08,-0.01696043213,391.8185469
2019-10-09,-0.001207192458,391.3455465
2019-10-10,-0.001021615052,390.945742
2019-10-11,0.01095780229,395.2296481
2019-10-14,-0.01366804781,389.8276304
2019-10-15,0.001920384545,390.5762494
2019-10-16,-0.01120861326,386.1984312
2019-10-17,0.008808333391,389.6001958
2019-10-18,-0.00793726277,386.5078366
2019-10-21,0.01347586526,391.7163642
2019-10-22,0.02134086249,400.0759292
2019-10-23,0.01173012908,404.7688715
2019-10-24,-0.01188951602,399.9563655
2019-10-25,0.002386862004,400.9110062
2019-10-28,0.001149740862,401.37195
2019-10-29,0.02134284693,409.93837
2019-10-30,-0.03327696902,396.2968636
2019-10-31,0.01380666996,401.7684036
2019-11-01,0.01248821658,406.7857744
2019-11-04,0.03585346504,421.370454
2019-11-05,-0.007669356351,418.1388138
2019-11-06,-0.03443100908,403.7418725
2019-11-07,0.01494863631,409.7772629
2019-11-08,0.007912589904,413.0196624
2019-11-11,-0.008692624368,409.4294376
2019-11-12,0.0007623247033,409.7415558
2019-11-13,-0.01028520451,405.5272801
2019-11-14,-0.002087201744,404.6808628
2019-11-15,0.01323014067,410.0348476
2019-11-18,-0.009751399071,406.0364341
2019-11-19,-0.00893835144,402.4071378
2019-11-20,-0.001052007315,401.9838025
2019-11-21,0.002782865428,403.1024694
2019-11-22,0.003512542293,404.5183838
2019-11-25,0.008074946737,407.7848482
2019-11-26,-0.01295653259,402.5013706
2019-11-27,0.0103679589,406.6744882
2019-11-29,-0.002632756238,405.6038134
2019-12-02,0.008039107689,408.8645062
2019-12-03,-8.240115968e-05,408.8308153
2019-12-04,0.01161557678,413.579621
2019-12-05,-0.005549076378,411.2846361
2019-12-06,0.007297115711,414.2858277
2019-12-09,0.01348694004,419.8732758
2019-12-10,-0.001745853458,419.1402386
2019-12-11,-0.00636609589,416.4719516
2019-12-12,0.03696361319,431.8662597
2019-12-13,-0.02049839226,423.0136958
2019-12-16,0.00548094809,425.3322119
2019-12-17,0.001234642017,425.8573449
2019-12-18,0.01303972081,431.4104058
2019-12-19,0.007504451025,434.647904
2019-12-20,0.009637073745,438.8366379
2019-12-23,0.00142348841,439.4613168
2019-12-24,-0.0010913913,438.9816925
2019-12-26,0.001365889304,439.5812929
2019-12-27,0.00368073337,441.1992745
2019-12-30,0.01315579025,447.0035996
2019-12-31,-0.002728965886,445.783742
2020-01-02,-0.007663636321,442.3674175
2020-01-03,0.01326876854,448.2370884
2020-01-06,0.002360102428,449.2949738
2020-01-07,-0.00139858864,448.666595
2020-01-08,-0.01940048803,439.9622441
2020-01-09,-0.01182045984,434.7616881
2020-01-10,-0.006410412412,431.9746863
2020-01-13,-0.003139304326,430.6185863
2020-01-14,0.00618157457,433.2804872
2020-01-15,0.001799244625,434.0600648
2020-01-16,0.009486320001,438.1776975
2020-01-17,-0.00940079741,434.0584777
2020-01-21,-0.007440349351,430.828931
2020-01-22,0.001033437207,431.2741657
2020-01-23,-0.007963757705,427.8396027
2020-01-24,-0.006139039531,425.2130785
2020-01-27,0.0141608937,431.2344757
2020-01-28,-0.003210109732,429.8501657
2020-01-29,-0.03320487024,415.5770467
2020-01-30,-0.0001395408464,415.5190567
2020-01-31,0.001267913143,416.0458988
2020-02-03,-0.00416974078,414.3110953
2020-02-04,0.007997618941,417.6245975
2020-02-05,0.006459588879,420.3222807
2020-02-06,-0.01269443022,414.9865289
2020-02-07,0.01380803893,420.716679
2020-02-10,0.0001549083423,420.7818515
2020-02-11,0.002960180979,422.027442
2020-02-12,-0.01102382658,417.3750846
2020-02-13,0.006345851983,420.0236852
2020-02-14,-0.00992100131,415.8566296
2020-02-18,0.007704558612,419.0606214
2020-02-19,0.01591397381,425.7295412
2020-02-20,-0.01567845999,419.0547576
2020-02-21,-0.008809855612,415.3629457
2020-02-24,0.006663592474,418.1307551
2020-02-25,-0.005301530953,415.9140219
2020-02-26,-0.003880531373,414.3000545
2020-02-27,0.002698157861,415.4179015
2020-02-28,0.02761668874,426.8903684
2020-03-02,0.01375670258,432.7629722
2020-03-03,-0.01337795025,426.9734907
2020-03-04,0.005429649335,429.291807
2020-03-05,0.0206377188,438.1514106
2020-03-06,-0.02517479064,427.1210406
2020-03-09,-0.08796082835,389.55112
2020-03-10,0.02950382226,401.044367
2020-03-11,-0.02415844057,391.3557605
2020-03-12,-0.05833348078,368.5266168
2020-03-13,0.07257331995,395.2718169
2020-03-16,-0.0334126254,382.0647477
2020-03-17,0.001030287881,382.4583844
2020-03-18,-0.07415585613,354.0968555
2020-03-19,0.04329249123,369.4265905
2020-03-20,0.02132552469,377.3048064
2020-03-23,-0.03237218616,365.0906249
2020-03-24,0.1397729408,416.1204152
2020-03-25,0.06535191058,443.3146794
2020-03-26,-0.02883888602,430.5299779
2020-03-27,-0.03720611667,414.5116293
2020-03-30,-0.04304781304,396.6678102
2020-03-31,-0.006366979685,394.1422343
2020-04-01,-0.03362229624,380.8902673
2020-04-02,0.02730023979,391.288663
2020-04-03,0.01095291046,395.5744127
2020-04-06,0.05375301175,416.8377287
2020-04-07,0.03325936057,430.701485
2020-04-08,0.03323302411,445.0149979
2020-04-09,0.01816011509,453.0965214
2020-04-13,-0.0241479352,442.155176
2020-04-14,-0.007253136407,438.9481642
2020-04-15,0.003142854682,440.3277145
2020-04-16,-0.01390796175,434.2036535
2020-04-17,0.06197333228,461.1127008
2020-04-20,0.0217316502,471.1334407
2020-04-21,-0.00117802069,470.5784357
2020-04-22,0.00575239411,473.2853884
2020-04-23,0.03398424537,489.3696351
2020-04-24,-0.01729428299,480.9063382
2020-04-27,-0.01647548937,472.9831709
2020-04-28,0.05940553965,501.0809914
2020-04-29,0.08534652048,543.8465105
2020-04-30,0.00183738875,544.845768
2020-05-01,-0.04221366101,521.8458334
2020-05-04,0.006903510176,525.4484015
2020-05-05,-0.04323183133,502.7323048
2020-05-06,-0.02118959819,492.0796093
2020-05-07,0.03091615632,507.2928194
2020-05-08,0.03011299657,522.5689263
2020-05-11,-0.02043406689,511.8907179
2020-05-12,0.02319261044,523.7627999
2020-05-13,-0.02555845446,510.3762323
2020-05-14,-0.01141607594,504.5497384
2020-05-15,0.008492860753,508.8348091
2020-05-18,0.1239382918,571.8989262
2020-05-19,-0.01722222364,562.049555
2020-05-20,0.01213066048,568.8675873
2020-05-21,0.02147938938,581.0865157
2020-05-22,-0.01227258743,573.9550806
2020-05-26,0.07141460936,614.9438585
2020-05-27,0.03542284373,636.7269187
2020-05-28,-0.0256160896,620.4164649
2020-05-29,-0.008505782475,615.1393374
2020-06-01,0.04824741509,644.8182204
2020-06-02,0.002989650365,646.7460014
2020-06-03,0.06625953662,689.5990917
2020-06-04,0.06499922755,734.4225
2020-06-05,0.06970523137,785.6155903
2020-06-08,0.1020395852,865.7794793
2020-06-09,-0.05894617076,814.7450943
2020-06-10,-0.06366896927,762.8711139
2020-06-11,-0.05723364453,719.2092197
2020-06-12,0.0760966623,773.9386408
2020-06-15,0.006875291154,779.2596943
2020-06-16,0.009755660076,786.861887
2020-06-17,-0.03736980421,757.4570124
2020-06-18,0.006285505056,762.2180123
2020-06-19,-0.02770733163,741.098985
2020-06-22,-0.02614184012,721.7252938
2020-06-23,0.01291847998,731.0488876
2020-06-24,-0.05078694836,693.9211455
2020-06-25,-0.004571964992,690.7485623
2020-06-26,-0.02809311166,671.3432858
2020-06-29,0.05785559157,710.1842488
2020-06-30,-0.009764635856,703.2495582
2020-07-01,-0.009258082564,696.7388157
2020-07-02,-0.0164600214,685.2704799
2020-07-06,0.01479705765,695.4104667
2020-07-07,-0.02991238806,674.609079
2020-07-08,0.007343917922,679.5633527
2020-07-09,-0.02788867211,660.6112331
2020-07-10,0.03414758398,683.1695107
2020-07-13,0.02212980041,698.2879156
2020-07-14,-0.01037485784,691.0432778
2020-07-15,0.09441701048,756.2895182
2020-07-16,-0.04175324773,724.7119746
2020-07-17,-0.008630997646,718.4569872
2020-07-20,-0.03881121601,690.5727979
2020-07-21,0.009509663502,697.1399128
2020-07-22,-0.007125139546,692.1726937
2020-07-23,-0.002790420278,690.2412409
2020-07-24,-0.01296105819,681.294984
2020-07-27,-0.01292174256,672.4914657
2020-07-28,0.02476956608,689.1487875
2020-07-29,-0.002001963227,687.7691369
2020-07-30,-0.008757952744,681.7456873
2020-07-31,-0.02040726709,667.833121
2020-08-03,0.0006548078358,668.2704234
2020-08-04,0.01981220821,681.5103361
2020-08-05,0.005669129092,685.3739062
2020-08-06,0.01763683453,697.4617324
2020-08-07,-0.0002039068413,697.3195152
2020-08-10,0.0572117171,737.214362
2020-08-11,0.01227371221,746.2627189
2020-08-12,-0.01898277036,732.0965851
2020-08-13,-0.003417192831,729.5948699
2020-08-14,0.01985677906,744.082274
2020-08-17,-0.02698980827,723.9996361
2020-08-18,-0.01695686249,711.7228738
2020-08-19,0.01007888464,718.8962466
2020-08-20,-0.004356045762,715.7647016
2020-08-21,-0.009841366083,708.7205992
2020-08-24,0.05308899264,746.3458618
2020-08-25,-0.004180491809,743.2257691
2020-08-26,-0.01056856324,735.3709405
2020-08-27,0.03238371194,759.1849812
2020-08-28,0.02489525703,778.0850865
2020-08-31,-0.0159732802,765.6565154
2020-09-01,-0.00340420605,763.0500628
2020-09-02,0.01248546406,772.577097
2020-09-03,0.03110548119,796.6084793
2020-09-04,0.009930570089,804.5192557
2020-09-08,-0.02986638347,780.4911751
2020-09-09,-0.01743245831,766.8852952
2020-09-10,-0.008847091267,760.100591
2020-09-11,-0.01414940554,749.3456195
2020-09-14,0.02206853329,765.8825782
2020-09-15,-0.002333404842,764.0954641
2020-09-16,0.02471364577,782.9790488
2020-09-17,-0.009858935056,775.2597092
2020-09-18,-0.02497375798,755.8985608
2020-09-21,-0.0441053074,722.5594224
2020-09-22,0.005430880439,726.4835563
2020-09-23,-0.02136069954,710.9653593
2020-09-24,-0.01859529496,697.7447487
2020-09-25,0.03227935429,720.2674987
2020-09-28,0.0296329229,741.6111299
2020-09-29,-0.02369078525,724.0417799
2020-09-30,0.006852781835,729.0034803
2020-10-01,0.006593552323,733.8102029
2020-10-02,0.01317819239,743.4804949
2020-10-05,0.007328309854,748.9289503
2020-10-06,-0.01108722037,740.62541
2020-10-07,0.02306718797,757.7095556
2020-10-08,0.007249785966,763.2027877
2020-10-09,-0.01190356016,754.1179574
2020-10-12,-0.008677513274,747.5740888
2020-10-13,-0.02398041934,729.6469486
2020-10-14,0.0006817350592,730.1443746
2020-10-15,-0.00209191583,728.616974
2020-10-16,-0.001522300287,727.5078001
2020-10-19,0.001558317854,728.6414885
2020-10-20,0.02119947321,744.0883043
2020-10-21,-0.01833646118,730.444358
2020-10-22,0.03860011283,758.6395926
2020-10-23,0.006565148836,763.6201744
2020-10-26,-0.03302276504,738.4033248
2020-10-27,-0.02233792715,721.9089251
2020-10-28,-0.03164390921,699.0649047
2020-10-29,0.03443781959,723.1391757
2020-10-30,0.001735037245,724.3938491
2020-11-02,0.006579142574,729.1597395
2020-11-03,0.01092255715,737.1240285
2020-11-04,-0.02827134231,716.2845427
2020-11-05,0.02698159181,735.6110399
2020-11-06,-0.02240607917,719.1288807
2020-11-09,0.1837391683,851.2610231
2020-11-10,-0.0224762147,832.1278976
2020-11-11,-0.02641241878,810.1493871
2020-11-12,-0.01537024356,797.6971937
2020-11-13,0.04607536262,834.4513811
2020-11-16,0.05629183588,881.4241813
2020-11-17,0.006613924657,887.2538545
2020-11-18,-0.0152976145,873.680987
2020-11-19,0.01763036551,889.0843022
2020-11-20,-0.01155779033,878.8084522
2020-11-23,0.0387716904,912.8813415
2020-11-24,0.05370892742,961.9112192
2020-11-25,0.01367087159,975.0613839
2020-11-27,0.01669302609,991.338109
2020-11-30,-0.009265683856,982.1526835
2020-12-01,-0.003701129018,978.5176097
2020-12-02,0.0318483937,1009.681824
2020-12-03,0.05404036221,1064.245395
2020-12-04,0.01399103641,1079.135291
2020-12-07,-0.002508094735,1076.428718
2020-12-08,0.0125929413,1089.984121
2020-12-09,-0.008963638538,1080.213898
2020-12-10,0.01790324256,1099.553229
2020-12-11,-0.0176149029,1080.184706
2020-12-14,-0.01555082532,1063.386942
2020-12-15,0.003269041005,1066.863198
2020-12-16,-0.014581458,1051.306777
2020-12-17,0.0005066295626,1051.8394
2020-12-18,-0.01509779244,1035.958947
2020-12-21,-0.0001735258558,1035.779181
2020-12-22,-0.03646900876,998.0053413
2020-12-23,0.02625263333,1024.20561
2020-12-24,-0.01975208828,1003.97541
2020-12-28,0.002786905404,1006.773394
2020-12-29,0.001924622038,1008.711053
2020-12-30,0.007219767829,1015.993712
2020-12-31,-0.01272152471,1003.068723
2021-01-04,-0.004372794913,998.6825094
2021-01-05,0.01787012599,1016.529092
2021-01-06,0.01602181107,1032.815729
2021-01-07,-0.008331147372,1024.211189
2021-01-08,-0.009504603309,1014.476468
2021-01-11,0.003311935789,1017.836349
2021-01-12,0.02325542648,1041.506567
2021-01-13,-0.005123890982,1036.170001
2021-01-14,0.03942050162,1077.016342
2021-01-15,-0.02288875413,1052.36478
2021-01-19,0.003163241869,1055.693664
2021-01-20,-0.0007438413459,1054.908395
2021-01-21,-0.009771966735,1044.599866
2021-01-22,-0.007244989173,1037.031751
2021-01-25,-0.003935764172,1032.950239
2021-01-26,-0.001103019054,1031.810875
2021-01-27,0.0469846491,1080.290147
2021-01-28,0.007490683729,1088.382259
2021-01-29,-0.01895177174,1067.755486
2021-02-01,-0.009340590578,1057.78202
2021-02-02,0.005588400837,1063.693329
2021-02-03,0.01833502548,1083.196174
2021-02-04,0.01756819235,1102.225972
2021-02-05,0.005225033963,1107.985141
2021-02-08,0.03832996602,1150.454173
2021-02-09,-0.009614933349,1139.392633
2021-02-10,0.009333747947,1150.027437
2021-02-11,-0.009320044736,1139.30913
2021-02-12,-4.932967231e-05,1139.252928
2021-02-16,0.03515684316,1179.305464
2021-02-17,0.001004512503,1180.490092
2021-02-18,-0.01345714069,1164.60407
2021-02-19,0.03657692997,1207.201712
2021-02-22,0.02537185248,1237.830656
2021-02-23,0.005949886565,1245.195608
2021-02-24,0.02795194893,1280.001252
2021-02-25,-0.00241792509,1276.906304
2021-02-26,0.008403957525,1287.637371
2021-03-01,-0.005484788292,1280.574952
2021-03-02,0.01069580866,1294.271737
2021-03-03,0.01527398061,1314.040419
2021-03-04,-0.006917952778,1304.949949
2021-03-05,-0.02279197007,1275.207569
2021-03-08,0.01623081841,1295.905231
2021-03-09,-0.002042228347,1293.258697
2021-03-10,9.677906367e-05,1293.383857
2021-03-11,0.01936495134,1318.430173
2021-03-12,0.01200365916,1334.256159
2021-03-15,0.02354052709,1365.665252
2021-03-16,-0.02287020433,1334.432209
2021-03-17,0.01136632049,1349.599793
2021-03-18,-0.02555821679,1315.106429
2021-03-19,0.00519980594,1321.944727
2021-03-22,-0.03284451339,1278.526096
2021-03-23,-0.03564242717,1232.956323
2021-03-24,-0.007592291282,1223.595359
2021-03-25,0.01733505984,1244.806458
2021-03-26,0.006968713258,1253.481157
2021-03-29,-0.001800360395,1251.224439
2021-03-30,0.01523249285,1270.283707
2021-03-31,0.0001393653927,1270.46074
2021-04-01,0.004748948422,1276.494093
2021-04-05,0.02350564803,1306.498914
2021-04-06,0.0151544217,1326.298149
2021-04-07,-0.008249158507,1315.357306
2021-04-08,-0.002182530424,1312.486498
2021-04-09,-0.005786221305,1304.892161
2021-04-12,-0.01624064066,1283.699876
2021-04-13,0.001429506971,1285.534934
2021-04-14,0.003822156772,1290.44845
2021-04-15,-0.01351789312,1273.004306
2021-04-16,-0.006255048932,1265.041602
2021-04-19,-0.0134452764,1248.032768
2021-04-20,-0.01246442411,1232.476758
2021-04-21,0.01035462141,1245.238588
2021-04-22,0.001524975226,1247.137546
2021-04-23,0.006841856669,1255.670283
2021-04-26,0.02595294759,1288.258628
2021-04-27,-0.001342121355,1286.529628
2021-04-28,-0.005801534788,1279.065782
2021-04-29,-0.008808838757,1267.798698
2021-04-30,-0.004003267643,1262.72336
2021-05-03,-0.01018629251,1249.860891
2021-05-04,-0.0155979815,1230.365583
2021-05-05,-0.009276907728,1218.951595
2021-05-06,-0.008247601069,1208.898169
2021-05-07,0.009111855051,1219.913474
2021-05-10,-0.0176201582,1198.418405
2021-05-11,0.01868156179,1220.806733
2021-05-12,-0.01219134274,1205.92346
2021-05-13,-0.02909652739,1170.835275
2021-05-14,0.01543214898,1188.903779
2021-05-17,-0.0009716051949,1187.748634
2021-05-18,0.00352935678,1191.940623
2021-05-19,0.001650284891,1193.907664
2021-05-20,0.01596849973,1212.972579
2021-05-21,-0.01722139455,1192.083499
2021-05-24,0.0108319194,1204.996052
2021-05-25,0.006121730295,1212.372712
2021-05-26,0.0155265963,1231.196734
2021-05-27,0.002420216108,1234.176496
2021-05-28,-0.0004462390244,1233.625759
2021-06-01,0.02130488186,1259.90801
2021-06-02,0.007867883457,1269.820819
2021-06-03,-0.02067566933,1243.566424
2021-06-04,-0.007724677623,1233.960274
2021-06-07,0.001914347345,1236.322502
2021-06-08,0.0008834404671,1237.41472
2021-06-09,0.01010348063,1249.916915
2021-06-10,0.002386768781,1252.900178
2021-06-11,0.005923988548,1260.322344
2021-06-14,0.02501756255,1291.852537
2021-06-15,0.002676197375,1295.30979
2021-06-16,0.008239268127,1305.982195
2021-06-17,-0.001761224414,1303.682067
2021-06-18,0.01245490929,1319.919309
2021-06-21,-0.004102598196,1314.50421
2021-06-22,-0.006124000187,1306.454186
2021-06-23,0.004112636973,1311.827158
2021-06-24,0.01397880837,1330.164938
2021-06-25,0.0005611924403,1330.911417
2021-06-28,-0.008128075803,1320.093668
2021-06-29,0.001344656319,1321.86874
2021-06-30,-0.01029104542,1308.265329
2021-07-01,-0.004814175159,1301.967111
2021-07-02,-0.008516662346,1290.878696
2021-07-06,-0.00142653478,1289.037213
2021-07-07,-0.009194220994,1277.18552
2021-07-08,0.002629026049,1280.543274
2021-07-09,0.005613888677,1287.732101
2021-07-12,-0.0006556386712,1286.887814
2021-07-13,-0.003411384072,1282.497746
2021-07-14,-0.02477600814,1250.722571
2021-07-15,-0.01081530306,1237.195627
2021-07-16,-0.005188565799,1230.776357
2021-07-19,0.002884359966,1234.326359
2021-07-20,0.01540116085,1253.336417
2021-07-21,0.01560947258,1272.900338
2021-07-22,0.002978302784,1276.69142
2021-07-23,0.001687846006,1278.846279
2021-07-26,0.004947268458,1285.173075
2021-07-27,-0.005376873682,1278.262862
2021-07-28,0.007115959266,1287.358928
2021-07-29,-0.002366611358,1284.31225
2021-07-30,-0.009359261479,1272.292036
2021-08-02,0.02103369131,1299.053034
2021-08-03,0.009629277853,1311.561976
2021-08-04,-0.008049850594,1301.004098
2021-08-05,0.03052079668,1340.71178
2021-08-06,-0.006300407379,1332.264749
2021-08-09,0.005444433578,1339.518176
2021-08-10,0.02327601874,1370.696826
2021-08-11,0.001706361392,1373.035731
2021-08-12,-0.007306213991,1363.004038
2021-08-13,-0.003890619071,1357.701108
2021-08-16,-0.006727172499,1348.567619
2021-08-17,-0.00903137629,1336.388197
2021-08-18,0.02746886548,1373.097265
2021-08-19,-0.02045294987,1345.013375
2021-08-20,-0.001266193053,1343.310329
2021-08-23,0.01979452607,1369.90052
2021-08-24,0.03543273207,1418.439838
2021-08-25,-0.004127834912,1412.584752
2021-08-26,0.00338719459,1417.369452
2021-08-27,0.006838393676,1427.061982
2021-08-30,-0.001014539643,1425.614171
2021-08-31,0.01185184499,1442.510329
2021-09-01,-0.0006776618727,1441.532795
2021-09-02,0.009556081228,1455.3082
2021-09-03,-0.005862132727,1446.77699
2021-09-07,0.01570649523,1469.500786
2021-09-08,-0.01712629387,1444.333683
2021-09-09,0.006979001995,1454.413691
2021-09-10,-0.0009817205255,1452.985863
2021-09-13,0.008573319994,1465.442776
2021-09-14,-0.009559232373,1451.434268
2021-09-15,0.0001341186997,1451.628932
2021-09-16,0.01044433182,1466.790227
2021-09-17,0.008505007031,1479.265288
2021-09-20,-0.004113063456,1473.180976
2021-09-21,-0.006219836592,1464.018031
2021-09-22,0.003323736323,1468.884041
2021-09-23,0.007388529639,1479.736934
2021-09-24,-0.009667112934,1465.43215
2021-09-27,0.007365623733,1476.225972
2021-09-28,-0.01449091785,1454.834103
2021-09-29,-0.01436848869,1433.930335
2021-09-30,0.009004498162,1446.842158
2021-10-01,0.005641544276,1455.004582
2021-10-04,-0.01201221973,1437.526748
2021-10-05,0.01260699104,1455.649635
2021-10-06,0.004565527857,1462.295444
2021-10-07,0.01239973548,1480.42752
2021-10-08,-0.010050138,1465.549019
2021-10-11,0.007961736683,1477.217335
2021-10-12,0.005316682445,1485.07123
2021-10-13,0.004694555978,1492.04298
2021-10-14,-0.003923852251,1486.188424
2021-10-15,-0.003138159146,1481.524528
2021-10-18,-0.004154968058,1475.368841
2021-10-19,0.0003241820516,1475.847129
2021-10-20,0.0008580661035,1477.113504
2021-10-21,-8.465116944e-05,1476.988464
2021-10-22,-0.005053794423,1469.524068
2021-10-25,0.02063898352,1499.853551
2021-10-26,0.002458836719,1503.541446
2021-10-27,-0.004386013256,1496.946893
2021-10-28,0.0208853352,1528.211131
2021-10-29,0.002472857797,1531.99018
2021-11-01,0.02361934473,1568.174784
2021-11-02,0.001919827435,1571.185409
2021-11-03,0.005494735918,1579.818658
2021-11-04,0.004828356844,1587.446586
2021-11-05,0.01057177541,1604.228715
2021-11-08,0.0186018093,1634.070272
2021-11-09,-0.01313411664,1612.608202
2021-11-10,-0.02650828972,1569.860717
2021-11-11,0.004925939014,1577.593755
2021-11-12,-0.01200374954,1558.656714
2021-11-15,-0.003053204384,1553.897817
2021-11-16,0.0008837716596,1555.271108
2021-11-17,-0.01291496248,1535.18484
2021-11-18,-0.01374138052,1514.089281
2021-11-19,-0.01303022435,1494.360358
2021-11-22,-0.01122753142,1477.58238
2021-11-23,5.901215076e-05,1477.669575
2021-11-24,0.001435143257,1479.790243
2021-11-26,0.003399045736,1484.820117
2021-11-29,-0.006504269833,1475.162447
2021-11-30,-0.003860877793,1469.467025
2021-12-01,-0.01896968353,1441.5917
2021-12-02,0.006987420469,1451.664708
2021-12-03,-0.03094067089,1406.749228
2021-12-06,0.01074497562,1421.864714
2021-12-07,0.0150491847,1443.262619
2021-12-08,0.006073543586,1452.028337
2021-12-09,-0.01528581083,1429.832907
2021-12-10,-0.01217358136,1412.426719
2021-12-13,-0.01048303455,1397.620201
2021-12-14,0.01712680814,1421.556974
2021-12-15,0.003135942439,1426.014895
2021-12-16,-0.02341771614,1392.620883
2021-12-17,0.02159755008,1422.698082
2021-12-20,-0.008318710175,1410.863069
2021-12-21,0.03599372591,1461.645288
2021-12-22,-0.007104698253,1451.260739
2021-12-23,0.008257167563,1463.244042
2021-12-27,0.00298383447,1467.61012
2021-12-28,-0.01831961457,1440.724069
2021-12-29,-0.006876679913,1430.81667
2021-12-30,0.0200383341,1459.487853
2021-12-31,-0.01360871467,1439.626099
2022-01-03,0.003332690167,1444.423927
2022-01-04,-0.02717262499,1405.175137
2022-01-05,-0.0188656873,1378.665542
2022-01-06,0.009499283352,1391.761877
2022-01-07,-0.01205457516,1374.984779
2022-01-10,0.0111758992,1390.35147
2022-01-11,0.02565932772,1426.026954
2022-01-12,-0.004202777177,1420.033681
2022-01-13,-0.02298929501,1387.388107
2022-01-14,-0.01317855444,1369.104338
2022-01-18,0.002399637341,1372.389692
2022-01-19,-0.008347184446,1360.934102
2022-01-20,0.008862521298,1372.995409
2022-01-21,-0.04759227808,1307.65143
2022-01-24,0.01912262646,1332.65716
2022-01-25,-0.02270699398,1302.396522
2022-01-26,-0.005489557178,1295.246941
2022-01-27,-0.01371562076,1277.481826
2022-01-28,0.02392769805,1308.049025
2022-01-31,0.04529011821,1367.29072
2022-02-01,0.005314270367,1374.556873
2022-02-02,-0.04767014831,1309.031543
2022-02-03,-0.02349037168,1278.281905
2022-02-04,0.03788361197,1326.707841
2022-02-07,0.002353888268,1329.830763
2022-02-08,0.01308537101,1347.232092
2022-02-09,0.03087853961,1388.832651
2022-02-10,0.004661097598,1395.306136
2022-02-11,-0.0266610854,1358.10576
2022-02-14,0.005412437582,1365.456422
2022-02-15,0.01737712747,1389.184133
2022-02-16,-0.005914070875,1380.968399
2022-02-17,-0.01612188666,1358.704583
2022-02-18,-0.01489993038,1338.45998
2022-02-22,-0.01518536932,1318.13497
2022-02-23,-0.01745785297,1295.123164
2022-02-24,0.03782592839,1344.1124
2022-02-25,0.01546737314,1364.902288
2022-02-28,0.02640221958,1400.938738
2022-03-01,-0.001122842153,1399.365705
2022-03-02,0.02243575002,1430.761524
2022-03-03,-0.02041431167,1401.553512
2022-03-04,-0.01819545915,1376.051603
2022-03-07,-0.0328130011,1330.89922
2022-03-08,0.009525188227,1343.576285
2022-03-09,0.02479696833,1376.892904
2022-03-10,-0.01072835041,1362.121115
2022-03-11,-0.009690006339,1348.922152
2022-03-14,-0.002352753393,1345.748471
2022-03-15,0.008364047119,1357.004375
2022-03-16,0.02836843849,1395.50047
2022-03-17,0.01212319065,1412.418388
2022-03-18,0.02157970924,1442.897966
2022-03-21,-0.02604024975,1405.324543
2022-03-22,0.01847491354,1431.287792
2022-03-23,-0.01248622362,1413.416413
2022-03-24,0.001189833977,1415.098144
2022-03-25,-0.009834968044,1401.180699
2022-03-28,-0.005204144927,1393.888751
2022-03-29,0.02960142127,1435.149839
2022-03-30,-0.01640646905,1411.604098
2022-03-31,-0.01918038061,1384.528994
2022-04-01,-0.004920537263,1377.716368
2022-04-04,0.007837797809,1388.51463
2022-04-05,-0.0129060114,1370.594444
2022-04-06,-0.02755466366,1332.828175
2022-04-07,-0.01590147434,1311.634242
2022-04-08,-0.005359456928,1304.604595
2022-04-11,0.01726948778,1327.134448
2022-04-12,-0.005086904782,1320.383442
2022-04-13,0.008727061044,1331.906509
2022-04-14,-0.0140482601,1313.19554
2022-04-18,-0.008566379119,1301.946209
2022-04-19,0.03345150238,1345.498265
2022-04-20,-0.008883243815,1333.545876
2022-04-21,-0.004490285934,1327.557874
2022-04-22,0.003390076935,1332.058397
2022-04-25,0.01029718352,1345.774847
2022-04-26,-0.006589014762,1336.907517
2022-04-27,-0.001988560691,1334.248995
2022-04-28,0.01534440453,1354.722251
2022-04-29,-0.02116636721,1326.047703
2022-05-02,0.02479485556,1358.926864
2022-05-03,-0.005034616702,1352.085188
2022-05-04,0.01633898477,1374.176887
2022-05-05,-0.01371125682,1355.335195
2022-05-06,-0.03941248463,1301.918068
2022-05-09,-0.003146200479,1297.821972
2022-05-10,-0.008006848674,1287.430508
2022-05-11,-0.03793949971,1238.586039
2022-05-12,0.02887037588,1274.344483
2022-05-13,0.02851827562,1310.68659
2022-05-16,-0.0130586544,1293.570787
2022-05-17,0.03597614922,1340.108483
2022-05-18,-0.02798283644,1302.608446
2022-05-19,0.007410709926,1312.2617
2022-05-20,-0.0004325149662,1311.694127
2022-05-23,-0.01672745052,1289.752828
2022-05-24,-0.0369081718,1242.150409
2022-05-25,0.03170065863,1281.527395
2022-05-26,0.03674956953,1328.622976
2022-05-27,0.03666091024,1377.331503
2022-05-31,0.01051784274,1391.818059
2022-06-01,-0.03757978164,1339.513841
2022-06-02,0.04347677624,1397.751584
2022-06-03,-0.03516178855,1348.604139
2022-06-06,0.005758610866,1356.370225
2022-06-07,0.01757156588,1380.203774
2022-06-08,-0.006331352989,1371.465216
2022-06-09,-0.02964467942,1330.80857
2022-06-10,-0.0283462102,1293.08519
2022-06-13,-0.04975906118,1228.742485
2022-06-14,0.008370287091,1239.027413
2022-06-15,0.03164350801,1278.234586
2022-06-16,-0.02999388163,1239.89537
2022-06-17,0.02532627029,1271.297295
2022-06-21,0.01182346846,1286.328438
2022-06-22,-0.01175955134,1271.201793
2022-06-23,0.04828271533,1332.578867
2022-06-24,0.0356906746,1380.139506
2022-06-27,-0.01418317731,1360.564743
2022-06-28,-0.03320041731,1315.393425
2022-06-29,-0.02112861592,1287.600983
2022-06-30,-0.01634063161,1266.56077
2022-07-01,0.003353043111,1270.807603
2022-07-05,0.05099729801,1335.615357
2022-07-06,-0.01933995315,1309.784618
2022-07-07,0.03674584491,1357.913761
2022-07-08,-0.02052026754,1330.049007
2022-07-11,-0.03802415333,1279.47502
2022-07-12,0.003871686075,1284.428745
2022-07-13,-0.006817234013,1275.672494
2022-07-14,-0.009582298945,1263.448619
2022-07-15,0.01347884987,1280.478453
2022-07-18,0.01804273996,1303.581793
2022-07-19,0.01600156692,1324.441144
2022-07-20,0.02359172845,1355.687
2022-07-21,0.003640744705,1360.62271
2022-07-22,-0.01538099509,1339.694979
2022-07-25,0.004112197494,1345.204069
2022-07-26,-0.002792328571,1341.447817
2022-07-27,0.0113086745,1356.617814
2022-07-28,-0.01082600643,1341.931061
2022-07-29,0.007774383379,1352.363747
2022-08-01,0.009531674935,1365.254039
2022-08-02,0.01066797656,1379.818537
2022-08-03,-0.000964887242,1378.487168
2022-08-04,-0.003991892415,1372.984395
2022-08-05,0.03189494645,1416.775659
2022-08-08,-0.002847466406,1412.741438
2022-08-09,-0.007626701776,1401.96688
2022-08-10,0.01763145627,1426.685598
2022-08-11,0.01988307147,1455.05249
2022-08-12,0.009892673738,1469.446849
2022-08-15,0.001709059884,1471.958222
2022-08-16,0.005572427696,1480.160603
2022-08-17,-0.01471990908,1458.372773
2022-08-18,0.004501581488,1464.937757
2022-08-19,-0.004106241776,1458.922369
2022-08-22,0.0001661820946,1459.164815
2022-08-23,-0.003342620873,1454.287381
2022-08-24,-0.009773468204,1440.073949
2022-08-25,0.007365909005,1450.681403
2022-08-26,-0.001109595576,1449.071733
2022-08-29,-0.008678627929,1436.495779
2022-08-30,-0.002900303661,1432.329505
2022-08-31,-0.01295345062,1413.775895
2022-09-01,0.00139560319,1415.748965
2022-09-02,-0.006751914085,1406.18995
2022-09-06,0.007488607557,1416.720355
2022-09-07,0.005140479382,1424.002976
2022-09-08,0.008252291026,1435.754263
2022-09-09,0.008975314899,1448.64061
2022-09-12,0.01116649693,1464.816851
2022-09-13,-0.01211444522,1447.071408
2022-09-14,-0.008742129618,1434.420922
2022-09-15,-0.003327636049,1429.647691
2022-09-16,-0.01919307976,1402.208349
2022-09-19,-0.00299608955,1398.007207
2022-09-20,-0.007513030784,1387.503936
2022-09-21,-0.01321146854,1369.172971
2022-09-22,-0.01778167318,1344.826785
2022-09-23,0.01195987772,1360.910749
2022-09-26,0.00368961416,1365.931984
2022-09-27,0.00115281021,1367.506645
2022-09-28,0.009489205878,1380.483197
2022-09-29,-0.008730389068,1368.431041
2022-09-30,0.00709672414,1378.142419
2022-10-03,0.001260438269,1379.879482
2022-10-04,0.0219731369,1410.199763
2022-10-05,-0.01001689906,1396.073935
2022-10-06,-0.000831534722,1394.913051
2022-10-07,-0.01641108949,1372.021008
2022-10-10,-0.003468361032,1367.262344
2022-10-11,-0.005082579329,1360.313124
2022-10-12,-0.005491627915,1352.842791
2022-10-13,0.007153983886,1362.521006
2022-10-14,-0.01817429213,1337.758151
2022-10-17,0.02444793663,1370.463578
2022-10-18,0.005549985709,1378.069631
2022-10-19,-0.04582147926,1314.924442
2022-10-20,-0.01697918827,1292.598092
2022-10-21,0.008049880832,1303.003353
2022-10-24,0.01015057215,1316.229583
2022-10-25,0.01839821905,1340.445863
2022-10-26,-0.01120972854,1325.419829
2022-10-27,-0.002647772223,1321.910419
2022-10-28,0.005569902839,1329.273331
2022-10-31,-0.001868585147,1326.789471
2022-11-01,-0.001727310238,1324.497694
2022-11-02,-0.02264049068,1294.510416
2022-11-03,-0.01407084167,1276.295565
2022-11-04,0.00339876904,1280.633399
2022-11-07,-0.004265124507,1275.171338
2022-11-08,0.01559864356,1295.062281
2022-11-09,-0.002644142676,1291.637952
2022-11-10,0.04878649802,1354.652444
2022-11-11,0.009353734216,1367.323503
2022-11-14,-0.01529929109,1346.404423
2022-11-15,0.02032320032,1373.76767
2022-11-16,-0.04303788188,1314.643619
2022-11-17,-0.01870994898,1290.046704
2022-11-18,-0.005368870882,1283.12061
2022-11-21,-0.02784794854,1247.388333
2022-11-22,-0.006015007353,1239.885283
2022-11-23,0.02446204961,1270.215418
2022-11-25,-0.0004377858122,1269.659336
2022-11-28,-0.007596622825,1260.014213
2022-11-29,-0.005238580248,1253.413527
2022-11-30,0.01803836603,1276.023059
2022-12-01,0.0003562576259,1276.477652
2022-12-02,-0.01198724979,1261.176196
2022-12-05,-0.02114684365,1234.5063
2022-12-06,-0.01145164952,1220.369167
2022-12-07,-0.04592712253,1164.321122
2022-12-08,0.03396297484,1203.864931
2022-12-09,0.008106081551,1213.623559
2022-12-12,0.01094723987,1226.909387
2022-12-13,-0.006083145275,1219.445919
2022-12-14,-0.009443827136,1207.929682
2022-12-15,-0.0009981654672,1206.723969
2022-12-16,-0.01283732393,1191.232862
2022-12-19,-0.01590618326,1172.284894
2022-12-20,-0.01518008928,1154.489505
2022-12-21,-0.004264364008,1149.566341
2022-12-22,0.005413665512,1155.789709
2022-12-23,-0.005589657957,1149.32924
2022-12-27,-0.009944075413,1137.900223
2022-12-28,0.002379776951,1140.608172
2022-12-29,0.02436685882,1168.40121
2022-12-30,-0.0006693259742,1167.619169
2023-01-03,-0.01131771796,1154.404384
2023-01-04,0.009485995225,1165.355059
2023-01-05,-0.01768251778,1144.748647
2023-01-06,0.01424232916,1161.052534
2023-01-09,0.01708172483,1180.885314
2023-01-10,-0.003005761582,1177.335854
2023-01-11,0.0214540326,1202.594456
2023-01-12,-0.009654097333,1190.984492
2023-01-13,-0.006111740483,1183.705504
2023-01-17,0.01769876539,1204.65563
2023-01-18,-0.003570643981,1200.354234
2023-01-19,-0.01409658059,1183.433344
2023-01-20,-0.0006065834996,1182.715492
2023-01-23,0.01873362297,1204.872039
2023-01-24,-0.003376564967,1200.80371
2023-01-25,-0.0009573089226,1199.65417
2023-01-26,0.01003310606,1211.690427
2023-01-27,0.01058962837,1224.521779
2023-01-30,-0.004926822985,1218.488777
2023-01-31,-4.968362355e-05,1218.428238
2023-02-01,0.004945073308,1224.453455
2023-02-02,0.03683377304,1269.554695
2023-02-03,-0.006843161427,1260.866927
2023-02-06,0.00347542145,1265.248971
2023-02-07,-0.0008923703599,1264.119901
2023-02-08,0.02089712063,1290.536367
2023-02-09,0.008272436628,1301.212247
2023-02-10,0.001047934612,1302.575832
2023-02-13,-0.00975872894,1289.864348
2023-02-14,-0.001135309068,1288.399953
2023-02-15,0.004001043531,1293.554898
2023-02-16,0.009309251076,1305.596925
2023-02-17,-0.007790066679,1295.426238
2023-02-21,0.005750112069,1302.875084
2023-02-22,0.003572048204,1307.529016
2023-02-23,0.001177170982,1309.068202
2023-02-24,-0.005710945788,1301.592184
2023-02-27,-0.008960455166,1289.929326
2023-02-28,-0.005230937494,1283.181786
2023-03-01,0.008053318403,1293.515658
2023-03-02,-0.0010545945,1292.151523
2023-03-03,-0.006100167451,1284.269182
2023-03-06,-0.009546663852,1272.008696
2023-03-07,-0.002261594939,1269.131928
2023-03-08,-0.006164459918,1261.308415
2023-03-09,0.01198768882,1276.428588
2023-03-10,0.01513380188,1295.745805
2023-03-13,0.01835151093,1319.524698
2023-03-14,-0.01153254405,1304.307222
2023-03-15,0.007950954862,1314.677709
2023-03-16,-0.008727375324,1303.204024
2023-03-17,0.0161020989,1324.188344
2023-03-20,-0.004319094898,1318.469049
2023-03-21,-0.01595909026,1297.427482
2023-03-22,-0.009140841242,1285.567903
2023-03-23,0.003819183018,1290.477723
2023-03-24,0.008282882997,1301.166599
2023-03-27,-0.007385871094,1291.55635
2023-03-28,-0.006442347911,1283.235694
2023-03-29,0.003347846061,1287.53177
2023-03-30,0.01025794189,1300.739196
2023-03-31,0.007914435758,1311.033813
2023-04-03,-0.003640074471,1306.261552
2023-04-04,0.00193391835,1308.787755
2023-04-05,-0.002669281783,1305.294232
2023-04-06,-0.01380537048,1287.274162
2023-04-10,0.00354365419,1291.835816
2023-04-11,0.0007105128793,1292.753682
2023-04-12,-0.004309633854,1287.182387
2023-04-13,-0.008821057666,1275.828077
2023-04-14,-0.01046742038,1262.473448
2023-04-17,0.007797887836,1272.318074
2023-04-18,-0.006171670638,1264.465746
2023-04-19,-0.008323338377,1253.94117
2023-04-20,-0.009908465362,1241.516537
2023-04-21,-0.00564869107,1234.503594
2023-04-24,-0.001207319519,1233.013154
2023-04-25,0.002779662627,1236.440514
2023-04-26,-0.00363518979,1231.945818
2023-04-27,-0.002126827541,1229.325682
2023-04-28,-0.002384464779,1226.394398
2023-05-01,-0.003536376969,1222.057405
2023-05-02,0.002515261268,1225.131199
2023-05-03,0.008963375116,1236.11251
2023-05-04,0.01154977646,1250.389333
2023-05-05,-0.008811792559,1239.371161
2023-05-08,-0.00248824374,1236.287304
2023-05-09,0.005298571771,1242.837861
2023-05-10,-0.01197842858,1227.950616
2023-05-11,-0.007330327546,1218.949336
2023-05-12,-0.007853790805,1209.375963
2023-05-15,0.007306199125,1218.211905
2023-05-16,-0.007131445241,1209.524293
2023-05-17,0.005394801955,1216.049437
2023-05-18,-0.01586409713,1196.757911
2023-05-19,0.007006742928,1205.143286
2023-05-22,0.01140524742,1218.888243
2023-05-23,0.01406309256,1236.029581
2023-05-24,0.0008969035883,1237.138181
2023-05-25,-0.01238011775,1221.822264
2023-05-26,-0.0160017021,1202.271028
2023-05-30,-0.0001659468637,1202.071515
2023-05-31,-0.003445345277,1197.929964
2023-06-01,-0.01498610508,1179.97766
2023-06-02,0.004605277999,1185.411785
2023-06-05,-0.008949100565,1174.803415
2023-06-06,0.005494822786,1181.258752
2023-06-07,0.01185822069,1195.266379
2023-06-08,-0.01403560054,1178.490098
2023-06-09,-0.006043541659,1171.367844
2023-06-12,0.009215951123,1182.163112
2023-06-13,0.00624944228,1189.550972
2023-06-14,-0.01199676343,1175.280211
2023-06-15,0.01625878586,1194.38884
2023-06-16,-0.006115317266,1187.084773
2023-06-20,-0.01457169515,1169.786936
2023-06-21,-0.02658186159,1138.691822
2023-06-22,-0.01505577621,1121.547932
2023-06-23,-0.006810884668,1113.909199
2023-06-26,0.01990112401,1136.077244
2023-06-27,0.004114574726,1140.751719
2023-06-28,-0.01500648663,1123.633043
2023-06-29,0.01682325549,1142.536209
2023-06-30,0.004829603639,1148.054206
2023-07-03,0.005912853784,1154.842483
2023-07-05,0.004917889832,1160.521871
2023-07-06,0.008818828036,1170.756313
2023-07-07,0.00873991418,1180.988623
2023-07-10,0.005687339377,1187.705306
2023-07-11,0.004392152715,1192.921889
2023-07-12,-0.00303759318,1189.298278
2023-07-13,0.02052719003,1213.71123
2023-07-14,-0.01068124799,1200.747279
2023-07-17,0.002232155531,1203.427534
2023-07-18,-0.002206000614,1200.772772
2023-07-19,0.02378873583,1229.337638
2023-07-20,-0.003147959945,1225.467733
2023-07-21,-0.004587614393,1219.845759
2023-07-24,0.001718150883,1221.941638
2023-07-25,-0.001246225359,1220.418824
2023-07-26,-0.003357083045,1216.321776
2023-07-27,0.01278908451,1231.877418
2023-07-28,-0.01035636299,1219.119648
2023-07-31,0.005314807569,1225.599035
2023-08-01,0.001996809044,1228.046322
2023-08-02,0.02047682249,1253.192809
2023-08-03,-0.002518528394,1250.036607
2023-08-04,0.001482799317,1251.89016
2023-08-07,-0.01267789844,1236.018824
2023-08-08,-0.0103084326,1223.277407
2023-08-09,-0.007741335844,1213.807606
2023-08-10,0.001483289126,1215.608034
2023-08-11,-0.01237926318,1200.559702
2023-08-14,-0.007091624838,1192.045783
2023-08-15,0.008191584123,1201.810526
2023-08-16,-0.004439185264,1196.475467
2023-08-17,0.004963821186,1202.414557
2023-08-18,-0.01043325209,1189.869463
2023-08-21,-0.00793177652,1180.431684
2023-08-22,-0.001879179908,1178.213441
2023-08-23,-0.00846853911,1168.235694
2023-08-24,0.006079536644,1175.338026
2023-08-25,-0.01521653879,1157.453449
2023-08-28,-0.005198034926,1151.436966
2023-08-29,0.01084148846,1163.920256
2023-08-30,0.005129530714,1169.890621
2023-08-31,-0.01445935265,1152.97476
2023-09-01,0.001215463257,1154.376158
2023-09-05,-0.001402285564,1152.757393
2023-09-06,0.001068951516,1153.989635
2023-09-07,-0.01181468148,1140.355615
2023-09-08,-0.02729370382,1109.231087
2023-09-11,0.001293973829,1110.666403
2023-09-12,-0.008420758747,1101.313749
2023-09-13,-0.01151999389,1088.626621
2023-09-14,0.004612527688,1093.647942
2023-09-15,0.005749396316,1099.935757
2023-09-18,-0.00221165329,1097.50308
2023-09-19,-0.01818775432,1077.541964
2023-09-20,0.002995335121,1080.769563
2023-09-21,0.006710665883,1088.022247
2023-09-22,-0.01147669524,1075.535347
2023-09-25,-0.008074344284,1066.851104
2023-09-26,0.03624095915,1105.514812
2023-09-27,0.001350808074,1107.00815
2023-09-28,-0.004913262902,1101.569128
2023-09-29,-0.00121017416,1100.236037
2023-10-02,-0.006583806933,1092.992296
2023-10-03,-0.0004208271868,1092.532335
2023-10-04,-0.01110615707,1080.398499
2023-10-05,-0.01933821786,1059.505518
2023-10-06,-0.003345645674,1055.960788
2023-10-09,-0.001111115953,1054.787493
2023-10-10,0.003325422377,1058.295107
2023-10-11,-0.02327729593,1033.660858
2023-10-12,-0.009653093065,1023.682834
2023-10-13,0.03612963771,1060.668124
2023-10-16,-0.007132146224,1053.103284
2023-10-17,0.01725275434,1071.272216
2023-10-18,0.01017255114,1082.169787
2023-10-19,0.01017927933,1093.185496
2023-10-20,-0.01126526917,1080.870467
2023-10-23,-0.0102941226,1069.743854
2023-10-24,-0.01497290588,1053.72668
2023-10-25,0.006134072084,1060.190315
2023-10-26,0.003360883661,1063.753491
2023-10-27,0.006305029916,1070.460489
2023-10-30,-0.0235399976,1045.261852
2023-10-31,-0.003543809941,1041.557642
2023-11-01,-0.002020835707,1039.452825
2023-11-02,0.01184765873,1051.767908
2023-11-03,0.03278305652,1086.248075
2023-11-06,-0.02108066881,1063.349239
2023-11-07,-0.0009371923319,1062.352676
2023-11-08,-0.01824157355,1042.973691
2023-11-09,-0.005044088548,1037.71284
2023-11-10,-0.006034199566,1031.451073
2023-11-13,0.01111751489,1042.918246
2023-11-14,0.03735976284,1081.881424
2023-11-15,0.007412734169,1089.901124
2023-11-16,-0.01414631319,1074.483041
2023-11-17,0.001979540383,1076.610024
2023-11-20,0.007903601165,1085.11912
2023-11-21,-0.009676679812,1074.61877
2023-11-22,0.004428310797,1079.377516
2023-11-24,-0.002201996919,1077.00073
2023-11-27,-0.003485481431,1073.246864
2023-11-28,-0.001270264418,1071.883556
2023-11-29,0.01873489323,1091.96518
2023-11-30,-0.005662301278,1085.782144
2023-12-01,0.01760820667,1104.900821
2023-12-04,-0.004102568149,1100.36789
2023-12-05,-0.02250538625,1075.603686
2023-12-06,0.007929323521,1084.132495
2023-12-07,0.01504244837,1100.440502
2023-12-08,-0.004710203078,1095.257204
2023-12-11,-0.003535411701,1091.385019
2023-12-12,-0.006283563987,1084.527231
2023-12-13,0.03160030717,1118.798625
2023-12-14,0.02344229497,1145.025832
2023-12-15,0.004035742672,1149.646862
2023-12-18,0.002294415957,1152.28463
2023-12-19,0.01706838995,1171.952273
2023-12-20,-0.002095619102,1169.496308
2023-12-21,0.01418173854,1186.081799
2023-12-22,-0.009202090641,1175.167367
2023-12-26,0.004639533012,1180.619594
2023-12-27,-0.005205901687,1174.473405
2023-12-28,-0.002573770138,1171.45058
2023-12-29,-0.007094534122,1163.139684
2024-01-02,0.001696324062,1165.112746
2024-01-03,-0.01472678904,1147.954376
2024-01-04,-0.001150217949,1146.633979
2024-01-05,-0.01070477743,1134.359517
2024-01-08,0.00415759831,1139.075728
2024-01-09,-0.003480040536,1135.111699
2024-01-10,-0.00847609124,1125.490388
2024-01-11,-0.005031575746,1119.827398
2024-01-12,-0.00452457881,1114.760651
2024-01-16,-0.002236826077,1112.267125
2024-01-17,0.007999316526,1121.164502
2024-01-18,-0.006278128387,1114.125687
2024-01-19,-0.02312769756,1088.358525
2024-01-22,0.007030553286,1096.010288
2024-01-23,-0.009759143652,1085.314166
2024-01-24,0.003984502342,1089.638603
2024-01-25,0.011421513,1102.083924
2024-01-26,0.01538937924,1119.044312
2024-01-29,0.02143763493,1143.033975
2024-01-30,-0.0193704685,1120.892872
2024-01-31,-0.002071158579,1118.571325
2024-02-01,0.001899417531,1120.695959
2024-02-02,-0.01019243104,1109.273342
2024-02-05,-0.01728271182,1090.102091
2024-02-06,0.003955264467,1094.413733
2024-02-07,0.01345323963,1109.137143
2024-02-08,0.006496181785,1116.3423
2024-02-09,0.01646058822,1134.717951
2024-02-12,0.02949783107,1168.189669
2024-02-13,0.002295930177,1170.871751
2024-02-14,0.01390875327,1187.157117
2024-02-15,0.02018698392,1211.122239
2024-02-16,0.009673518359,1222.838052
2024-02-20,-0.008042944886,1213.002833
2024-02-21,-0.01081572493,1199.883328
2024-02-22,0.01400787941,1216.691149
2024-02-23,-0.01542421335,1197.924645
2024-02-26,0.01740929352,1218.779667
2024-02-27,0.01518012476,1237.280894
2024-02-28,0.006045724298,1244.761153
2024-02-29,0.01826915095,1267.501883
2024-03-01,0.02137220137,1294.591188
2024-03-04,0.02582277476,1328.021125
2024-03-05,-0.03968209284,1275.322467
2024-03-06,0.03612493719,1321.393411
2024-03-07,0.02025102099,1348.152977
2024-03-08,0.007335641361,1358.042544
2024-03-11,0.007378419904,1368.062752
2024-03-12,0.009066977573,1380.466946
2024-03-13,0.01337918911,1398.936475
2024-03-14,-0.01185862692,1382.347009
2024-03-15,0.006607046694,1391.48024
2024-03-18,0.00336251671,1396.159116
2024-03-19,-0.01325792063,1377.648949
2024-03-20,0.01084550634,1392.590249
2024-03-21,-0.001522952143,1390.469401
2024-03-22,-0.01076780317,1375.4971
2024-03-25,0.01639451394,1398.047707
2024-03-26,-0.00471739189,1391.452568
2024-03-27,0.0198106777,1419.018186
2024-03-28,0.008680138544,1431.335461
2024-04-01,0.003378486601,1436.171208
2024-04-02,-0.006094401064,1427.418605
2024-04-03,0.02389832689,1461.531521
2024-04-04,-0.001216346228,1459.753793
2024-04-05,0.008472175472,1472.121083
2024-04-08,0.004688369771,1479.022931
2024-04-09,0.002008014414,1481.992831
2024-04-10,0.0002491815677,1482.362116
2024-04-11,0.008492586334,1494.951204
2024-04-12,-0.004045019791,1488.904097
2024-04-15,-0.006109838597,1479.807133
2024-04-16,-0.01994576566,1450.291247
2024-04-17,-0.005753301676,1441.947284
2024-04-18,-0.005758993548,1433.643119
2024-04-19,-0.005976218163,1425.075355
2024-04-22,-0.002936280068,1420.890934
2024-04-23,0.02340059283,1454.140625
2024-04-24,-0.0004577483026,1453.474994
2024-04-25,-0.007808504769,1442.125528
2024-04-26,0.03540716728,1493.187108
2024-04-29,0.0115679873,1510.460277
2024-04-30,-0.01227315765,1491.92216
2024-05-01,-0.006295072569,1482.530402
2024-05-02,0.01262367497,1501.245384
2024-05-03,0.005706999076,1509.81299
2024-05-06,0.02829202578,1552.528658
2024-05-07,0.00684665398,1563.158284
2024-05-08,-0.01079322896,1546.286759
2024-05-09,0.02152563236,1579.571559
2024-05-10,-0.009040386799,1565.291621
2024-05-13,0.003977759556,1571.517975
2024-05-14,0.00845427625,1584.804022
2024-05-15,-0.0009374011827,1583.318425
2024-05-16,0.0003128340902,1583.813741
2024-05-17,-0.0001237377074,1583.617763
2024-05-20,-0.002641769697,1579.43421
2024-05-21,0.007303635727,1590.969822
2024-05-22,0.009082877704,1605.420406
2024-05-23,0.004517139661,1612.672315
2024-05-24,0.01418909536,1635.554676
2024-05-28,0.01882922072,1666.350896
2024-05-29,0.005007750191,1674.695565
2024-05-30,-0.003184308746,1669.362817
2024-05-31,-0.008379604031,1655.374218
2024-06-03,0.001571100729,1657.974977
2024-06-04,-0.002175730253,1654.367671
2024-06-05,0.009908669942,1670.760254
2024-06-06,-0.01115028931,1652.130794
2024-06-07,-0.00724274151,1640.164838
2024-06-10,0.03627064701,1699.654678
2024-06-11,0.01454638444,1724.378508
2024-06-12,0.002546862076,1728.770262
2024-06-13,-0.006771066604,1717.064644
2024-06-14,-0.006198053267,1706.422186
2024-06-17,-0.003747329657,1700.027659
2024-06-18,0.003051125538,1705.214657
2024-06-20,0.005974843591,1715.403048
2024-06-21,-0.001181704146,1713.375949
2024-06-24,-0.02459556241,1671.234504
2024-06-25,0.006841554413,1682.668346
2024-06-26,-0.00133056265,1680.42945
2024-06-27,-0.002886161826,1675.579459
2024-06-28,-0.01345110895,1653.041057
2024-07-01,-0.008536389413,1638.930055
2024-07-02,-0.006033072649,1629.042271
2024-07-03,0.003372662479,1634.53648
2024-07-05,0.01930440046,1666.090227
2024-07-08,0.003172804046,1671.376405
2024-07-09,-0.0051184635,1662.821526
2024-07-10,0.01744400086,1691.827786
2024-07-11,0.01244619599,1712.884606
2024-07-12,0.007024927761,1724.917497
2024-07-15,-0.007133111583,1712.613468
2024-07-16,0.00956945794,1729.00225
2024-07-17,-0.01876317112,1696.560685
2024-07-18,0.005492916154,1705.879751
2024-07-19,0.003820205631,1712.396562
2024-07-22,0.004493153726,1720.090623
2024-07-23,0.005803329852,1730.072876
2024-07-24,0.002751920914,1734.8339
2024-07-25,-0.0127068175,1712.789682
2024-07-26,-0.04898501093,1628.888661
2024-07-29,0.004190624025,1635.714721
2024-07-30,-0.006959950613,1624.330227
2024-07-31,0.0112917099,1642.671693
2024-08-01,0.008192240861,1656.128855
2024-08-02,0.01252079348,1676.864903
2024-08-05,0.03652898559,1738.119076
2024-08-06,-0.009944542517,1720.834277
2024-08-07,-0.02720632276,1674.016705
2024-08-08,0.007784489834,1687.048071
2024-08-09,-0.02043535391,1652.572646
2024-08-12,0.01305796588,1674.151884
2024-08-13,0.01296464313,1695.856665
2024-08-14,-0.01310747582,1673.628265
2024-08-15,0.02146347868,1709.55015
2024-08-16,0.003047026884,1714.759195
2024-08-19,0.01702729337,1743.956903
2024-08-20,-0.009123408414,1728.046072
2024-08-21,0.01257411947,1749.774729
2024-08-22,-0.002142306275,1746.026176
2024-08-23,0.006965080403,1758.187389
2024-08-26,-0.009862696205,1740.846921
2024-08-27,-0.007060443814,1728.555769
2024-08-28,0.00278193869,1733.364505
2024-08-29,-0.01793032924,1702.284709
2024-08-30,0.004671460341,1710.236864
2024-09-03,-0.01505189913,1684.494551
2024-09-04,0.005656030862,1694.022105
2024-09-05,-0.01113770409,1675.154588
2024-09-06,-0.009379722286,1659.442103
2024-09-09,-0.002350898633,1655.540923
2024-09-10,-7.430218479e-05,1655.417912
2024-09-11,0.03432567853,1712.241255
2024-09-12,0.002861306073,1717.140502
2024-09-13,0.004608665929,1725.054229
2024-09-16,0.001835483847,1728.220538
2024-09-17,0.009080636289,1743.91388
2024-09-18,0.003022048875,1749.184073
2024-09-19,0.0125418419,1771.122063
2024-09-20,-0.001957276822,1767.655487
2024-09-23,0.001688726123,1770.640573
2024-09-24,0.001878214215,1773.966215
2024-09-25,0.001650601839,1776.894327
2024-09-26,0.02541212283,1822.048984
2024-09-27,0.005316225875,1831.735408
2024-09-30,-0.01106984964,1811.458372
2024-10-01,-0.008130755153,1796.729848
2024-10-02,0.003441725324,1802.913699
2024-10-03,0.005571838425,1812.959242
2024-10-04,0.007691399282,1826.903436
2024-10-07,0.01381495129,1852.142018
2024-10-08,0.006852605422,1864.834016
2024-10-09,0.004292670704,1872.839135
2024-10-10,0.004834837156,1881.894007
2024-10-11,0.02292215864,1925.03108
2024-10-14,0.01882903583,1961.277559
2024-10-15,-0.01478551183,1932.279066
2024-10-16,0.009398185932,1950.438984
2024-10-17,-0.001929628346,1946.675362
2024-10-18,-0.008899496268,1929.350932
2024-10-21,-0.004767399521,1920.152945
2024-10-22,0.00261472809,1925.173623
2024-10-23,-0.01479118584,1896.698022
2024-10-24,0.01125209078,1918.03984
2024-10-25,0.01573551074,1948.221177
2024-10-28,-0.00487437063,1938.724825
2024-10-29,0.02018521415,1977.858401
2024-10-30,-0.006574932228,1964.854116
2024-10-31,-0.01724024467,1930.97955
2024-11-01,0.005303557818,1941.220612
2024-11-04,0.007921207297,1956.597423
2024-11-05,0.01305610216,1982.142958
2024-11-06,-0.00224895498,1977.685208
2024-11-07,0.009222996068,1995.925391
2024-11-08,-0.004451792961,1987.039944
2024-11-11,-0.009243641041,1968.67246
2024-11-12,-0.01698115494,1935.242128
2024-11-13,-0.006980971018,1921.732259
2024-11-14,0.008257703431,1937.601354
2024-11-15,-0.02355931753,1891.952789
2024-11-18,0.004520591607,1900.505535
2024-11-19,0.02357468789,1945.309359
2024-11-20,0.01171864827,1968.105756
2024-11-21,0.02313711403,2013.642043
2024-11-22,-0.008552442974,1996.420484
2024-11-25,-0.002298660448,1991.831391
2024-11-26,-0.001832528366,1988.181304
2024-11-27,-0.01149369538,1965.329753
2024-11-29,0.005539837517,1976.217361
2024-12-02,0.00404905747,1984.219179
2024-12-03,0.003892183112,1991.942123
2024-12-04,0.02110619994,2033.984452
2024-12-05,-0.02816996037,1976.68719
2024-12-06,-0.004595364661,1967.603592
2024-12-09,0.002806259863,1973.125199
2024-12-10,-0.01953540588,1934.579397
2024-12-11,0.01749157606,1968.41824
2024-12-12,-0.007483855553,1953.686882
2024-12-13,-0.002812653348,1948.191838
2024-12-16,0.02057454765,1988.275004
2024-12-17,0.001964485248,1992.180941
2024-12-18,0.025788819,2043.556935
2024-12-19,-0.04115182919,1959.460829
2024-12-20,0.0009745761123,1961.370472
2024-12-23,-0.008649203493,1944.40618
2024-12-24,0.001809346539,1947.924285
2024-12-26,-0.004657656382,1938.851523
2024-12-27,-0.006529533373,1926.191727
2024-12-30,-0.01373070699,1899.743753
2024-12-31,-0.01356388824,1873.975841
2025-01-02,0.02103328915,1913.391717
2025-01-03,0.02958993455,1970.008852
2025-01-06,0.03596260248,2040.855497
2025-01-07,-0.01861378653,2002.867449
2025-01-08,-0.008483048335,1985.877027
2025-01-10,-0.008008503203,1969.973125
2025-01-13,-0.004687689807,1960.738502
2025-01-14,0.004154924565,1968.885223
2025-01-15,0.0203062025,2008.865805
2025-01-16,0.01411083656,2037.212582
2025-01-17,0.02713138456,2092.48498
2025-01-21,0.005507693037,2104.009745
2025-01-22,0.005978824807,2116.58925
2025-01-23,-0.007582127036,2100.541002
2025-01-24,-0.01085481498,2077.740018
2025-01-27,-0.05883479638,1955.496607
2025-01-28,9.050638391e-05,1955.673592
2025-01-29,0.003162947992,1961.859286
2025-01-30,0.01636047013,1993.956226
2025-01-31,-0.0001177012816,1993.721535
2025-02-03,0.01065623869,2014.967107
2025-02-04,-2.92936697e-05,2014.908081
2025-02-05,0.0008686577525,2016.658347
2025-02-06,0.008236638957,2033.268834
2025-02-07,0.002332102431,2038.010625
2025-02-10,0.01794191252,2074.576433
2025-02-11,-0.01415521375,2045.21036
2025-02-12,-0.001418513072,2042.309203
2025-02-13,0.01047891619,2063.71039
2025-02-14,0.001247387002,2066.284635
2025-02-18,0.01560253466,2098.523913
2025-02-19,-0.002291040894,2093.716109
2025-02-20,0.001342583588,2096.527098
2025-02-21,-0.02091347637,2052.681428
2025-02-24,-0.02605282502,1999.203278
2025-02-25,-0.03444209246,1930.346533
2025-02-26,0.02636814463,1981.24619
2025-02-27,-0.04357061193,1894.922081
2025-02-28,0.01673331,1926.6304
2025-03-03,-0.0284880873,1871.744385
2025-03-04,0.02342914173,1915.597749
2025-03-05,0.02610852965,1965.61119
2025-03-06,-0.04464847631,1877.849645
2025-03-07,0.00898911014,1894.729843
2025-03-10,-0.04287584547,1813.491699
2025-03-11,0.02192411073,1853.250891
2025-03-12,0.01880522914,1888.101699
2025-03-13,-0.01082790115,1867.657521
2025-03-14,0.02730454408,1918.653058
2025-03-17,0.003137295551,1924.672439
2025-03-18,-0.01326278163,1899.145929
2025-03-19,0.01768147307,1932.725627
2025-03-20,-0.003073055028,1926.786254
2025-03-21,-0.01413989575,1899.541698
2025-03-24,0.02814661399,1953.007365
2025-03-25,-0.006329207408,1940.646376
2025-03-26,-0.03065147129,1881.162709
2025-03-27,-0.02017568289,1843.208967
2025-03-28,-0.01868173186,1808.774631
2025-03-31,-0.007078095747,1795.971951
2025-04-01,0.003626015473,1802.484173
2025-04-02,0.02199549735,1842.130709
2025-04-03,-0.04936231546,1751.198872
2025-04-04,-0.001411500511,1748.727054
2025-04-07,0.01651665409,1777.610174
2025-04-08,-0.01514346372,1750.690999
2025-04-09,0.1230246741,1966.069188
2025-04-10,-0.04483839574,1877.9138
2025-04-11,0.02430166989,1923.550241
2025-04-14,-0.0116871108,1901.069496
2025-04-15,0.003044957002,1906.858171
2025-04-16,-0.01533999668,1877.606973
2025-04-17,-0.005135408435,1867.964694
2025-04-21,-0.01448778919,1840.902016
2025-04-22,0.02799878541,1892.445036
2025-04-23,0.01453791262,1919.957237
2025-04-24,0.02853390998,1974.741124
2025-04-25,0.01168278198,1997.811594
2025-04-28,0.0009295590545,1999.668678
2025-04-29,-0.002965201608,1993.739257
2025-04-30,-0.008502048239,1976.788389
2025-05-01,0.01703874566,2010.470384
2025-05-02,0.01713273356,2044.915238
2025-05-05,-0.004037222977,2036.659459
2025-05-06,0.00646250599,2049.821383
2025-05-07,-0.004635439506,2040.31956
2025-05-08,0.007052910234,2054.70975
2025-05-09,0.00752485912,2070.171152
2025-05-12,0.03479573564,2142.20428
2025-05-13,0.03783979474,2223.26485
2025-05-14,0.0002557054159,2223.833351
2025-05-15,-0.01527845423,2189.856615
2025-05-16,-0.009804356196,2168.386481
2025-05-19,0.00215209731,2173.053059
2025-05-20,0.0004561468847,2174.044291
2025-05-21,-0.00310919168,2167.28477
2025-05-22,-0.005003491923,2156.440779
2025-05-23,0.004991566243,2167.204796
2025-05-27,0.01120805262,2191.494941
2025-05-28,-0.00622023205,2177.863334
2025-05-29,0.004356764182,2187.351771
2025-05-30,-0.0144503254,2155.743826
2025-06-02,0.01606879336,2190.384028
2025-06-03,0.008001262094,2207.909865
2025-06-04,0.00428430098,2217.369215
2025-06-05,0.0002140224355,2217.843782
2025-06-06,0.001556131318,2221.295038
2025-06-09,0.01637462081,2257.667902
2025-06-10,0.006799440117,2273.01878
2025-06-11,0.002695000236,2279.144566
2025-06-12,0.01057738205,2303.251949
2025-06-13,-0.000151458925,2302.903101
2025-06-16,0.01250128766,2331.692355
2025-06-17,-0.007578000581,2314.022789
2025-06-18,0.0004321448496,2315.022782
2025-06-20,-0.006544188596,2299.872836
2025-06-23,-0.0009270007155,2297.740852
2025-06-24,0.01952209584,2342.597569
2025-06-25,0.004753145337,2353.732276
2025-06-26,0.01604085332,2391.48815
2025-06-27,-0.01416652718,2357.609068
2025-06-30,0.005457216537,2370.475052
2025-07-01,-0.01259269558,2340.624381
2025-07-02,0.01946382169,2386.181876
2025-07-03,9.441230649e-06,2386.204405
2025-07-07,-0.003527604713,2377.786819
2025-07-08,0.004378716147,2388.198473
2025-07-09,0.006005087042,2402.539812
2025-07-10,0.0132035697,2434.261914
2025-07-11,0.008626203568,2455.260353
2025-07-14,0.005057471252,2467.677762
2025-07-15,-0.00892995877,2445.641501
2025-07-16,-0.01055637161,2419.8244
2025-07-17,0.007486753501,2437.941029
2025-07-18,-0.0003735265218,2437.030394
2025-07-21,-0.006831761453,2420.381183
2025-07-22,-0.002316289505,2414.77488
2025-07-23,-0.0007541428272,2412.953795
2025-07-24,0.007606104785,2431.306974
2025-07-25,-0.005890295855,2416.985857
2025-07-28,0.01268384737,2447.642536
2025-07-29,0.005028230999,2459.949848
2025-07-30,0.008499087163,2480.857177
2025-07-31,-0.00217093737,2475.471391
2025-08-01,-0.02385077674,2416.429476
2025-08-04,0.005477369749,2429.665153
2025-08-05,-0.0136243879,2396.562453
2025-08-06,-0.01608023694,2358.025161
2025-08-07,0.02163262646,2409.035438
2025-08-08,-0.001865938425,2404.540326
2025-08-11,0.003756513013,2413.573013
2025-08-12,0.007547404161,2431.789224
2025-08-13,0.002193853568,2437.124214
2025-08-14,-0.02392355568,2378.819537
2025-08-15,-0.007625555351,2360.679717
2025-08-18,-0.003053712302,2353.47088
2025-08-19,-0.01899641002,2308.763382
2025-08-20,-0.0001392000499,2308.442003
2025-08-21,0.001016485652,2310.788501
2025-08-22,0.01955989347,2355.987278
2025-08-25,-0.004208096109,2346.073057
2025-08-26,0.005054061551,2357.930254
2025-08-27,0.007255671844,2375.038622
2025-08-28,-0.001819559849,2370.717098
2025-08-29,-0.01832921455,2327.263715
2025-09-02,0.006976283622,2343.499367
2025-09-03,-0.007905714041,2324.972331
2025-09-04,-0.003843338032,2316.036677
2025-09-05,0.006377001472,2330.806046
2025-09-08,-0.0006473552461,2329.297186
2025-09-09,-0.01690165653,2289.928205
2025-09-10,-0.00029088023,2289.26211
2025-09-11,0.01238187604,2317.60747
2025-09-12,-0.002800215416,2311.11767
2025-09-15,0.01563281885,2347.246954
2025-09-16,0.006419149111,2362.314282
2025-09-17,-0.008101083682,2343.176976
2025-09-18,0.02335173523,2397.894225
2025-09-19,-0.002336378129,2392.291837
2025-09-22,0.001415333237,2395.677727
2025-09-23,-0.01509714846,2359.509825
2025-09-24,-0.004889097707,2347.973951
2025-09-25,-0.02696286401,2284.665849
2025-09-26,-0.001648837047,2280.898807
2025-09-29,0.01918492882,2324.657688
2025-09-30,0.006725922712,2340.293156
2025-10-01,0.03189980629,2414.948054
2025-10-02,0.02037945585,2464.163382
2025-10-03,0.0007562754964,2466.026968
2025-10-06,0.0008179441132,2468.04404
2025-10-07,-0.01853251107,2422.304987
2025-10-08,0.01057525235,2447.921473
2025-10-09,0.00116690245,2450.777959
2025-10-10,-0.005647218507,2436.93788
2025-10-13,0.01671479733,2477.670803
2025-10-14,-0.00240338035,2471.716018
2025-10-15,-0.0006701816954,2470.059519
2025-10-16,0.01700797658,2512.070233
2025-10-17,-0.02109163519,2459.086564
2025-10-20,-0.009526463106,2435.660167
2025-10-21,0.00425251455,2446.017847
2025-10-22,-0.01858131282,2400.567624
2025-10-23,0.007323729535,2418.148732
2025-10-24,0.02379752159,2475.694679
2025-10-27,0.00115404942,2478.551753
2025-10-28,-0.003466659538,2469.959458
2025-10-29,-0.0001381486776,2469.618236
2025-10-30,-0.03197473555,2390.652846
2025-10-31,0.01561744938,2427.988746
2025-11-03,-0.0138234825,2394.425486
2025-11-04,-0.02230361903,2341.021132
2025-11-05,0.005433807975,2353.741792
2025-11-06,-0.01758711151,2312.346272
2025-11-07,0.007907088396,2330.630199
2025-11-10,0.002099636324,2335.523675
2025-11-11,-0.01560464976,2299.078646
2025-11-12,-0.006937316965,2283.129208
2025-11-13,-0.02011292004,2237.208813
2025-11-14,-0.005131222184,2225.729198
2025-11-17,-0.003378834496,2218.208827
2025-11-18,0.02038330679,2263.423258
2025-11-19,-0.001966275713,2258.972744
2025-11-20,-0.02369805586,2205.439482
2025-11-21,-0.008986376191,2185.620573
2025-11-24,0.01965972674,2228.589276
2025-11-25,-0.01094286605,2204.202122
2025-11-26,0.01471983859,2236.647622
2025-11-28,0.006926548307,2252.139869
2025-12-01,-0.008961971395,2231.956256
2025-12-02,-0.002057467774,2227.364078
2025-12-03,0.01019140034,2250.064037
2025-12-04,-0.00357773062,2242.013914
2025-12-05,-0.001079884239,2239.592799
2025-12-08,0.01415228255,2271.288149
2025-12-09,0.009422642916,2292.689686
2025-12-10,0.002024206396,2297.330563
2025-12-11,-0.01896171951,2253.769225
2025-12-12,-0.02345502281,2200.907017
2025-12-15,-0.0234496354,2149.29655
2025-12-16,0.00518963211,2160.450608
2025-12-17,-0.0147437743,2128.597412
2025-12-18,-0.008094191184,2111.368137
2025-12-19,0.01182053235,2136.325633
2025-12-22,0.007181546622,2151.667755
2025-12-23,-0.006083182694,2138.578767
2025-12-24,-0.00188060528,2134.556944
2025-12-26,0.002507423201,2139.909182
2025-12-29,-0.002708195918,2134.113889
2025-12-30,0.00366336164,2141.93192
2025-12-31,-0.007131668735,2126.656371
2026-01-02,0.02090265032,2171.109125
2026-01-05,0.009531486775,2191.803023
2026-01-06,0.004258562715,2201.136954
2026-01-07,-0.005014606001,2190.099119
2026-01-08,0.0001302552724,2190.384391
2026-01-09,0.002264156821,2195.343765
2026-01-12,0.02141455805,2242.356081
2026-01-13,0.009568996421,2263.813179
2026-01-14,0.008645585812,2283.38517
2026-01-15,-0.01575127564,2247.418941
2026-01-16,0.01228723644,2275.033509
2026-01-20,-0.001107615529,2272.513646
2026-01-21,-0.0123744544,2244.39253
2026-01-22,-0.002398927221,2239.008395
2026-01-23,-0.002871660821,2232.578723
2026-01-26,-0.004033805038,2223.572935
2026-01-27,0.008818713404,2243.181988
2026-01-28,-0.001367017426,2240.115519
2026-01-29,-0.02296864032,2188.663111
2026-01-30,-0.02361984997,2136.967217
2026-02-02,-0.01151926029,2112.350935
2026-02-03,-0.003757929923,2104.412869
2026-02-04,-0.02261588994,2056.819699
2026-02-05,-0.03881682307,1976.980492
2026-02-06,0.07145337937,2118.24243
2026-02-09,0.02111654971,2162.972401
2026-02-10,-0.0004329237886,2162.035999
2026-02-11,-0.01903839841,2120.874296
2026-02-12,-0.02566026984,2066.452089
2026-02-13,0.03607225853,2140.993683
2026-02-17,-0.01545263837,2107.909682
2026-02-18,0.006883385973,2122.419238
2026-02-19,0.01736350493,2159.271875
2026-02-20,-0.005265448921,2147.902339
2026-02-23,-0.02121309436,2102.338684
2026-02-24,0.01452004809,2132.864743
2026-02-25,0.003678123638,2140.709683
2026-02-26,0.003425401033,2148.042473
2026-02-27,0.007810455164,2164.819662
2026-03-02,0.01314547038,2193.277235
2026-03-03,-0.00305318241,2186.580759
2026-03-04,0.003340169525,2193.88431
2026-03-05,0.006601396008,2208.367009
2026-03-06,0.001608149035,2211.918392
2026-03-09,-0.009985240653,2189.831855
2026-03-10,-0.01135397898,2164.96855
2026-03-11,0.002351715094,2170.059939
2026-03-12,-0.01155587361,2144.983001
2026-03-13,-0.014633486,2113.594422
2026-03-16,0.007592064325,2129.640967
2026-03-17,-0.00201240882,2125.355258
2026-03-18,-0.001741857366,2121.653193
2026-03-19,-0.005458524469,2110.072097
2026-03-20,-0.04243177284,2020.537997
2026-03-23,0.0163508204,2053.575451
2026-03-24,-0.001297168837,2050.911617
2026-03-25,-0.006447591581,2037.688176
2026-03-26,-0.002318169386,2032.96447
2026-03-27,0.003485617842,2040.050607
2026-03-30,-0.005373666479,2029.088056
2026-03-31,0.009262403802,2047.882289
2026-04-01,-0.001387751883,2045.040336
2026-04-02,0.0004958895602,2046.05445
2026-04-06,0.01409029525,2074.883961
2026-04-07,-0.005400627485,2063.678286
2026-04-08,-0.007974098807,2047.222312
2026-04-09,-0.01611474936,2014.231837
2026-04-10,0.001216447514,2016.682044
2026-04-13,0.02440180898,2065.892734
2026-04-14,0.005520381789,2077.297251
2026-04-15,0.01125061578,2100.668124
2026-04-16,0.009750625412,2121.150952
2026-04-17,0.01215319923,2146.929722
2026-04-20,0.01806951097,2185.723693
2026-04-21,-0.01138763963,2160.833459
2026-04-22,0.006620729844,2175.139753
2026-04-23,-0.01609500021,2140.130879
2026-04-24,-0.0009904948925,2138.01109
2026-04-27,-0.003980117791,2129.501554
2026-04-28,-0.009819543399,2108.590821
2026-04-29,-0.02396558514,2058.057208
2026-04-30,0.009441724069,2077.488817
2026-05-01,0.02246604667,2124.161777
2026-05-04,0.01771654827,2161.794592
2026-05-05,-0.00843052623,2143.569526
2026-05-06,0.001104715227,2145.93756
2026-05-07,0.0167724841,2181.930263
2026-05-08,0.0003164361898,2182.620705
2026-05-11,0.01057689576,2205.706057
2026-05-12,-0.004861172614,2194.983739
2026-05-13,-0.01478636237,2162.527914
2026-05-14,0.02378452163,2213.962606
2026-05-15,0.001735074864,2217.803997
2026-05-18,0.005644544722,2230.322491
2026-05-19,-0.006950445338,2214.820756
2026-05-20,0.01023327322,2237.485622
2026-05-21,-0.01798907182,2197.235332
2026-05-22,-0.003255717477,2190.081755
