MA_h,Threshold,Hold_h,TopN,sharpe,sortino,maxdd,ann_ret,total_ret,win_rate,active_days
104,-0.8,13,20,2.6475043794422723,4.3110790944847945,-0.10092972777942111,0.38075741540280106,9.935642126157733,0.5655682582380632,1487
156,-0.9,4,20,2.559563564388893,4.231541834594392,-0.09430970163200136,0.3958340866578487,10.8525627850735,0.5505200594353641,1346
52,-0.8,13,20,2.5200841166519434,4.144654595702757,-0.09434846678589737,0.3346181228619354,7.499814692006963,0.5484522207267833,1486
156,-0.8,13,20,2.482304198422791,3.9318361794333554,-0.09675166682890723,0.35330429983750444,8.422780696743681,0.5609257998638529,1469
104,-0.8,13,10,2.480340752727288,3.9771308678482367,-0.10704423206102143,0.35471758883978266,8.495983528475994,0.5622057834566241,1487
208,-0.9,4,20,2.4296031317631925,3.9931054652744273,-0.10421108975788929,0.3868755094509606,10.300042168216345,0.5616956850870553,1321
156,-0.9,4,10,2.407916464494272,3.9584603952358224,-0.1004477418769737,0.36954136604487653,9.293944976714933,0.5460624071322436,1346
104,-0.8,8,20,2.40708993680838,3.84454724909209,-0.062067114380263355,0.28746175930452766,5.510005421135355,0.5588633288227334,1478
208,-0.8,6,20,2.399016674092345,3.947116844096316,-0.0864815037009411,0.2961062512021768,5.841143553649894,0.5517241379310345,1450
208,-0.8,13,20,2.3620881318215483,3.739014340975679,-0.11549106525869801,0.34354673314552797,7.930564413095539,0.5533650577838205,1471
208,-0.9,6,20,2.3366337494277807,3.7464800482046243,-0.12459844083548755,0.41998804137550216,12.46027357742264,0.5539730134932533,1334
156,-0.8,8,20,2.3251799137735825,3.5330571822424934,-0.07936046251514528,0.2822858874797116,5.318450130445493,0.5703551912568307,1464
156,-0.8,6,20,2.315203521087423,3.7993558898185555,-0.08728648084011137,0.27584522061218864,5.086909971221502,0.547455295735901,1454
208,-0.7,13,20,2.287628108157338,3.6339084313017245,-0.11952582589088023,0.3107300010380756,6.434553735719382,0.5510340226817878,1499
156,-0.8,26,20,2.282706097777626,3.6588018990651663,-0.10923034158385958,0.35288953970886716,8.401390626138259,0.5490981963927856,1497
52,-0.7,13,20,2.281403004655315,3.5996952806208884,-0.08139425191647742,0.29177591870803354,5.673488163186176,0.5456953642384106,1510
208,-0.9,4,10,2.2776972688606167,3.7092555494103667,-0.1205740349795349,0.36028326549036627,8.789069096707635,0.5526116578349735,1321
156,-0.8,13,10,2.268675700554773,3.515488634122439,-0.10184481827144742,0.3225167766196009,6.944755822372283,0.5541184479237576,1469
156,-0.9,2,20,2.2532691875752717,3.8897620510084367,-0.09776926017584797,0.34128441419175437,7.8196740167370375,0.5351473922902494,1323
104,-0.8,8,10,2.2495374377667052,3.6235408316837985,-0.06825587168401404,0.26965741615415784,4.871410850684708,0.5423155044008124,1477
208,-0.9,6,10,2.241501030427614,3.5637534559076056,-0.13122060002348734,0.39847530017595645,11.019855446963986,0.5524737631184408,1334
208,-0.8,8,20,2.2413792700834105,3.363232534495135,-0.08215684109684118,0.2734514420684093,5.002745449056604,0.5541838134430727,1458
156,-0.9,8,20,2.238074786933568,3.3279038142044315,-0.09638903472732618,0.3574999935673495,8.641540069951652,0.5614161849710982,1384
208,-0.7,8,20,2.232765245640188,3.510532631863562,-0.07936298110211293,0.25732711348144677,4.461595008841321,0.5532484929671801,1493
156,-0.9,6,20,2.2310520046520557,3.4309201365154656,-0.11856532329582603,0.3716107982215948,9.409828460312792,0.5567086730911787,1349
208,-0.8,26,20,2.2238283870925595,3.521293858135089,-0.09918100286424603,0.35561327743443893,8.542630951316145,0.5540809555408096,1507
156,-0.8,26,10,2.222304866907597,3.5201587328435315,-0.10975948091943566,0.34416493928357594,7.961075579348156,0.5484301937207748,1497
156,-0.7,13,20,2.2138231075892776,3.364274399656044,-0.096319308799656,0.296770005403024,5.867161149578467,0.5657104736490994,1499
52,-0.8,8,20,2.2105607617623666,3.542362968922041,-0.0799844882878924,0.24666038818352143,4.127272841920769,0.5494579945799458,1476
104,-0.8,6,20,2.204528328494272,3.759891856590233,-0.06952680575764714,0.27007877248362866,4.885872776528276,0.5410726408689749,1473
208,-0.9,8,20,2.2003180348477436,3.4910421076373916,-0.1175966746080892,0.37043456805385944,9.343824616396747,0.5521292217327459,1362
156,-0.7,26,20,2.1983956089808525,3.330406755011994,-0.10195988590728111,0.33515005611624704,7.524963834716578,0.5626649076517151,1516
208,-0.8,13,10,2.1950972071652974,3.440606013315138,-0.11549106525869801,0.31873614499908953,6.777907092853171,0.5499660095173351,1471
104,-0.8,26,20,2.190307977294038,3.4191612863425553,-0.11981256270099627,0.33115101521203316,7.33746112434836,0.5452145214521452,1515
156,-0.9,4,5,2.185953339364569,3.580581670999603,-0.11117049720410632,0.3357630008962822,7.554022905642967,0.5401188707280832,1346
104,-0.7,26,20,2.1724952441506695,3.314808847190252,-0.11080003479729095,0.326014830856425,7.101882617771315,0.5476501305483029,1532
104,-0.7,13,20,2.166646062426675,3.286605318625001,-0.10011773276674962,0.28687871774954954,5.488179415297651,0.5521594684385382,1505
52,-0.8,13,10,2.1608713504893062,3.4836569559106363,-0.09590581873976456,0.28467637861985007,5.406305592602834,0.5437415881561238,1486
208,-0.9,2,20,2.1596445707198964,3.898396272942387,-0.12245531261095144,0.3306470840522451,7.314088422888757,0.5214395099540582,1306
156,-0.9,8,10,2.1522637064847867,3.1870256117534708,-0.1167179155942345,0.34353618148200016,7.930044423611482,0.5549132947976878,1384
208,-0.9,8,10,2.1452635548388033,3.3970000147367063,-0.12904538898276496,0.35940010150175494,8.742046385433026,0.5491923641703378,1362
208,-0.8,26,10,2.1415472991713442,3.3963721175728225,-0.10078881619566626,0.3419947789860407,7.854364412093583,0.5560716655607166,1507
156,-0.9,6,10,2.133961926797163,3.2762038619835385,-0.11743161968306881,0.35351629190000344,8.43372983258647,0.5544848035581913,1349
208,-0.9,6,5,2.1335555850441548,3.3837811591911287,-0.13048849433041387,0.3782856685950533,9.791331965170228,0.5509745127436282,1334
156,-0.8,4,20,2.1252582285750763,3.511247285239148,-0.07877451219992282,0.2329209953272633,3.7228376590955428,0.547143840330351,1453
208,-0.9,4,5,2.122637788412779,3.4389584521688374,-0.12968642055957447,0.33502048275542395,7.5188318444067015,0.5533686601059803,1321
104,-0.7,8,20,2.120409764731482,3.157945510682162,-0.07927150444064712,0.23725986881444938,3.8474635198886658,0.5518394648829431,1495
104,-0.8,13,5,2.114665280798253,3.295774535560024,-0.11936362227820119,0.3003277730401379,6.0080814757065415,0.550773369199731,1487
156,-0.8,8,10,2.1113383327925543,3.1981149962463107,-0.09065095547603497,0.25712897168573945,4.455216983251554,0.5594262295081968,1464
52,-0.8,26,20,2.1025909134774845,3.209187933516092,-0.12385382225488706,0.2936472124353531,5.745496758522035,0.542136695421367,1507
156,-0.9,13,20,2.0995040288050344,2.7270349347458263,-0.13517213767962266,0.4095272024831742,11.742233009721323,0.5521428571428572,1400
156,-0.9,2,10,2.0881244762572795,3.574942460682214,-0.10341380785731025,0.31472936286236153,6.604394987208867,0.528344671201814,1323
104,-0.8,4,20,2.084402688156752,3.5813800540134473,-0.06002277645750942,0.23057062215651847,3.6564925546604297,0.5419795221843003,1465
156,-0.9,26,20,2.0796416068054926,2.970745509568212,-0.13507442641063927,0.3741731785139595,9.554878431055561,0.5562456866804693,1449
208,-0.8,6,10,2.052408466908379,3.220934086503477,-0.09582007477623211,0.2476953376378772,4.158915452835439,0.546896551724138,1450
52,-0.8,6,20,2.0507917877518484,3.423056654963249,-0.06682085809126193,0.22551697367308665,3.5165658211723585,0.5513256288239293,1471
156,-0.9,8,5,2.0506064231589676,3.0366473920435753,-0.13443570771148827,0.32945048092393425,7.258816057584456,0.5484104046242775,1384
156,-0.9,26,10,2.047175913351601,2.918786961295098,-0.1370024342416245,0.36759144277733724,9.185776635350047,0.556935817805383,1449
156,-0.8,6,10,2.0410000248985423,3.2720245118368507,-0.09977175786342085,0.2420300885764981,3.987752803435317,0.5426409903713892,1454
208,-0.9,8,5,2.0372362540794846,3.211888711879467,-0.14341099564787219,0.3412669315553829,7.8188217434797735,0.5462555066079295,1362
208,-0.7,26,20,2.0361270118792905,3.132527873261214,-0.10776804279096763,0.3087146999142145,6.350220411773326,0.5613456464379947,1516
104,-0.8,26,10,2.0351820927845927,3.144822981250587,-0.12123648917622853,0.30721229099520486,6.287889511929417,0.5419141914191419,1515
208,-0.8,8,10,2.002679108687906,2.957983193175524,-0.09200037076944523,0.24604747018451278,4.108612724284583,0.5534979423868313,1458
104,-0.8,6,10,1.9987533877651613,3.353992854353744,-0.0712265500096877,0.2410795647900481,3.9595216590811297,0.5342837746096402,1473
104,-0.7,26,10,1.9985789558046552,3.04906821433777,-0.11308288504284225,0.30016480239372023,6.001572096519374,0.5450391644908616,1532
208,-0.9,2,10,1.9969997644518938,3.546650344965181,-0.12569317667626778,0.3034621899715808,6.134299231557064,0.5176110260336907,1306
156,-0.9,13,10,1.9959522245786303,2.5964846074098884,-0.14412103803803433,0.386795162057876,10.29518937125619,0.545,1400
156,-0.8,26,5,1.9923441133374213,3.0879837302901856,-0.12114604604481227,0.3080682164486357,6.323343257422202,0.5370741482965932,1497
156,-0.7,26,10,1.984523979129697,2.9767557022197457,-0.10971885886440791,0.3009226862643639,6.031887980752219,0.5593667546174143,1516
26,-0.8,13,20,1.9758017802429113,2.5827078795533214,-0.1236635538097206,0.265866480207938,4.7426734654114915,0.550561797752809,1513
52,-0.7,8,20,1.9741205804587865,3.0746398432565822,-0.07776294515971638,0.21538347511940636,3.2469101543957892,0.5338196286472149,1508
52,-0.7,26,20,1.9728042134654915,2.990142342997284,-0.11233721093478721,0.27897614934577164,5.1985320563632875,0.5432098765432098,1539
156,-0.6,13,20,1.964189635752901,2.9485419850248076,-0.11552117439157772,0.2561808272689463,4.424786082418063,0.5610889774236387,1506
156,-0.9,26,5,1.957670569193946,2.8033338216417834,-0.14569064220445227,0.3502314828872892,8.265303493808842,0.5500345065562456,1449
104,-0.7,6,20,1.9537796591255385,2.927550344733236,-0.07525508347906673,0.21263299488087295,3.1761683458480734,0.5452109845947756,1493
104,-0.6,13,20,1.9510889890589533,2.870878546263952,-0.09947515126364803,0.25254097059121294,4.30932388734552,0.5467105263157894,1520
52,-0.6,13,20,1.9418153008516421,3.013278787662669,-0.08287668362982181,0.24264867810686064,4.006199880273085,0.5303030303030303,1518
156,-0.9,6,5,1.941471979505139,2.9464493204380853,-0.12770868392869994,0.31805809341393276,6.748305849618225,0.5507783543365455,1349
52,-0.8,4,20,1.9414051997385038,3.3864627598399535,-0.057639038692127054,0.21080827952049264,3.1298015604731173,0.5305706521739131,1472
208,-0.9,13,20,1.9402902243534208,2.6903039972792957,-0.1513099040376097,0.3909914283994973,10.55105955411062,0.5506512301013025,1382
208,-0.7,13,10,1.9297186707331468,2.95768742172037,-0.11952582589088023,0.26113130932592576,4.585306249703171,0.5503669112741828,1499
208,-0.6,13,20,1.9294262256233312,2.864254352972859,-0.14912711355644037,0.257381405410567,4.463343748113409,0.5480895915678524,1518
208,-0.7,26,10,1.9281378486050633,2.9240633747904843,-0.11091966861059066,0.29378149304389156,5.750689711536684,0.5554089709762533,1516
52,-0.8,8,10,1.924644815597036,3.086345259832267,-0.08002836150470527,0.2151107608157139,3.239850009929211,0.5460704607046071,1476
156,-0.7,8,20,1.921792756604133,2.800797292536236,-0.0870815577348385,0.2165945825299751,3.278386842056798,0.5533199195171026,1491
104,-0.9,4,20,1.909032385315044,3.0907769190562986,-0.1453117035868584,0.2740035077118237,5.022066046578608,0.5412371134020618,1358
26,-0.9,13,20,1.9035934296106825,3.068099886097693,-0.1476171975320535,0.29390686900177565,5.755541422118938,0.5546503733876442,1473
156,-0.8,13,5,1.8948323254373016,2.853948990143032,-0.12478340215931094,0.26834747417255733,4.8266467651979035,0.552076242341729,1469
208,-0.8,4,20,1.8907991814170404,3.001153669185709,-0.08109932211400006,0.21715598681872583,3.2930460704037436,0.5524861878453039,1448
26,-0.8,6,20,1.8889817983668091,2.8581525724491503,-0.05985199835487398,0.1998474377012862,2.860542000986873,0.554808338937458,1487
52,-0.8,26,10,1.8872860506521916,2.8695861729263954,-0.12495742629673212,0.26266907978630893,4.635997776861159,0.5414731254147312,1507
208,-0.9,13,10,1.8806648824190901,2.6023312495247657,-0.15052701915447553,0.37691725338593285,9.712149396313206,0.5513748191027497,1382
52,-0.9,26,20,1.879180621818423,2.8636624898478695,-0.176107170485151,0.28212110941156143,5.312432790235551,0.547361299052774,1478
156,-0.7,13,10,1.8767048930184733,2.8050937689814956,-0.10865748599309621,0.2508166679730286,4.255372534462358,0.5570380253502335,1499
208,-0.8,26,5,1.872209706273453,2.8997810237012636,-0.1118222072084123,0.2982818035544126,5.926739800390744,0.5401459854014599,1507
104,-0.6,26,20,1.8680870950783006,2.7427074580762683,-0.11691273187556817,0.28355181183402456,5.364844704836099,0.5439276485788114,1548
26,-0.9,26,20,1.8673680209946268,2.7712750319941737,-0.14904972374891123,0.26600466092545316,4.747322728708339,0.5377358490566038,1484
208,-0.7,6,20,1.8656337925152706,2.796048190341955,-0.08865755651355023,0.20710958931306234,3.0371808333401438,0.5483221476510067,1490
156,-0.9,13,5,1.8610485814178654,2.428486291417601,-0.13988213299695873,0.35673663953178125,8.60141573031122,0.5357142857142857,1400
208,-0.8,13,5,1.8549121655391416,2.826515423288572,-0.11549106525869801,0.26850901108627534,4.8321508871859615,0.5390890550645819,1471
104,-0.7,13,10,1.8538125165768629,2.757951925192884,-0.11135781926853106,0.24581839842318765,4.1016537963080415,0.5415282392026578,1505
52,-0.9,13,20,1.843818472895453,2.9213984170979304,-0.11346765715068663,0.29406688620359334,5.761738036948767,0.5371900826446281,1452
52,-0.6,26,20,1.8406188759649336,2.7800697080286265,-0.11135311799775716,0.2611025817778527,4.584363031981454,0.5334632878492528,1539
156,-0.9,2,5,1.8341721273489087,3.071538866747255,-0.11777345157810859,0.27746495547460004,5.144436732177586,0.5177626606198035,1323
208,-0.7,8,10,1.8328954922348613,2.8021415567547456,-0.09136180145671602,0.21363645831941946,3.201858183116599,0.5452109845947756,1493
52,-0.5,13,20,1.8114950516793036,2.7516475401581353,-0.09244155239763274,0.2316186981442916,3.685976800901998,0.5344155844155845,1540
208,-0.9,13,5,1.8105414736151857,2.50224929260319,-0.1529016461735193,0.36064901790039605,8.808600443327103,0.5503258508327299,1381
52,-0.7,13,10,1.7978976256309245,2.7519690177305236,-0.10163877980119229,0.22979340612613863,3.6347318484392046,0.5357615894039736,1510
208,-0.6,26,20,1.7882371302564433,2.6320883198367713,-0.16968079283454207,0.26611680982143593,4.7510985123605,0.549967341606793,1531
208,-0.9,2,5,1.785671615683281,3.1234261733549746,-0.11968678940348865,0.27031727969884756,4.894072547717149,0.5084226646248086,1306
156,-0.6,26,20,1.7851407393787324,2.6371805519992955,-0.1696807928345423,0.26543628827590693,4.728219945632043,0.5631131458469588,1529
104,-0.9,4,10,1.7817984394987945,2.878675195848806,-0.15684220635674306,0.25525113711428626,4.395090183690648,0.540500736377025,1358
156,-0.7,6,20,1.7647565879331462,2.5999184249676435,-0.09718703262413053,0.19381414068121616,2.718917306145152,0.540994623655914,1488
156,-0.8,4,10,1.7625110412045895,2.86379937751557,-0.09147763546395471,0.1950425128751403,2.7473816799183304,0.5333792154163799,1453
104,-0.8,26,5,1.7574460371183855,2.6482125329149264,-0.1479811708320018,0.26429880996848953,4.690154648946354,0.5405940594059406,1515
26,-0.9,13,10,1.7503231802051964,2.8465583999584814,-0.14299157205527324,0.26825648418985937,4.823548400450036,0.5532926001357773,1473
104,-0.8,8,5,1.7487288878477665,2.7246068104430505,-0.0960435331177597,0.2117557088283022,3.153820236299416,0.5297699594046008,1478
52,-0.5,26,20,1.7476786042166776,2.624904959637635,-0.1225173178440605,0.2510936762216316,4.264007675808445,0.5396007726980039,1553
52,-0.9,26,10,1.7459372023201682,2.66422439006096,-0.1626220642543692,0.2589693211218582,4.514705136845417,0.5399188092016238,1478
104,-0.5,26,20,1.7418661810821654,2.51108263198048,-0.13778732457303333,0.2619105467795775,4.610943747761345,0.5412903225806451,1550
52,-0.8,6,10,1.7239902088618966,2.899992633713319,-0.06602126887289894,0.18935382739006612,2.617127622740506,0.5363698164513936,1471
208,-0.6,8,20,1.7216300292909423,2.5648356431872323,-0.0784362920240067,0.18887561884914872,2.606358791869354,0.5427435387673957,1509
104,-0.7,8,10,1.7124830655027474,2.527296826769073,-0.09468987970365306,0.19291221453255147,2.698136752528432,0.5384615384615384,1495
104,-0.8,52,20,1.7116943273716658,2.511187556984239,-0.1373009406367891,0.2785801209154979,5.184315973121156,0.5505181347150259,1544
156,-0.8,8,5,1.710888275116736,2.519024688934294,-0.11484359289086954,0.21176147676283597,3.153966830912286,0.5450819672131147,1464
104,-0.8,4,10,1.6996576142584525,2.884785883944895,-0.07908370809290244,0.1895687440928242,2.621976409125449,0.5215017064846417,1465
52,-0.9,13,10,1.6970101331969427,2.6902959525995076,-0.11050971181298608,0.2681811890403232,4.820985549525098,0.5337465564738292,1452
156,-0.8,52,20,1.6906585740622295,2.523037156688832,-0.14089877084786728,0.27024337334073545,4.8915306242109615,0.5485789821546596,1513
26,-0.8,26,20,1.6875661411603275,2.2538065394893576,-0.1285883236785934,0.24711593919711206,4.141180138387293,0.5300970873786408,1545
26,-0.9,26,10,1.6871495936629277,2.505628884202084,-0.14143522518387341,0.2378143950701248,3.8635944150228285,0.5357142857142857,1484
156,-0.6,8,20,1.684527638136958,2.5152216601894217,-0.08890251172805119,0.18439469654205354,2.5067923858487453,0.5531208499335989,1506
26,-0.8,4,20,1.676949079657496,2.44820080492994,-0.06542577492744017,0.17518642346301894,2.3096233023982675,0.5446549391069012,1478
52,-0.6,8,20,1.675239027401629,2.5475819337242287,-0.07776294515971638,0.17998086627786414,2.4110506974116186,0.5258620689655172,1508
52,-0.4,26,20,1.6720225618229738,2.4537958361156718,-0.13166577724978823,0.24393778472238647,4.044832332181337,0.5357598978288634,1566
208,-0.8,52,20,1.6718188568657186,2.3281838998356372,-0.1512074924761242,0.2853191937023509,5.430109891531335,0.5517241379310345,1537
26,-0.8,8,20,1.670605820692149,2.317037054975113,-0.07671779054149419,0.1802033870275248,2.4158227456356154,0.5497661990647963,1497
156,-0.7,26,5,1.665876710941967,2.449653973602491,-0.12742271313890752,0.2528329551817503,4.318507009128199,0.5461741424802111,1516
156,-0.5,13,20,1.6639174240803585,2.434124614633249,-0.14290699764069825,0.21349196094106304,3.1981504765704116,0.551543007222587,1523
52,-0.8,52,20,1.6597696156073962,2.3936393592178966,-0.14914727604333322,0.25702772151907394,4.451960309898113,0.5419896640826873,1548
26,-0.7,13,20,1.6553636948511774,2.1379777826787936,-0.14277106750743185,0.21866633507443733,3.332699757999344,0.5415304120340092,1529
52,-0.7,26,10,1.6509896228957597,2.461598212439434,-0.12498125199427101,0.2343190771041863,3.7626885946932918,0.5315139701104613,1539
52,-0.9,8,20,1.6431180383359587,2.296405219537711,-0.10177654279164317,0.21896742225774424,3.3406424662819827,0.5457697642163661,1442
52,-0.8,13,5,1.6426982067324924,2.6059481754903517,-0.09463799223493352,0.21540790029314283,3.247542979696199,0.5269179004037685,1486
156,-0.5,26,20,1.6367061125768558,2.375503363739033,-0.16992076569552728,0.24112278450986224,3.9608023049497083,0.5539568345323741,1529
104,-0.6,26,10,1.6316430762334275,2.369332324738243,-0.12252583936431105,0.24532974354597958,4.086836442480947,0.5400516795865633,1548
26,-0.8,13,10,1.6295011908122166,2.1257033139645167,-0.1236635538097206,0.21639244741376218,3.273119361134916,0.5333773959021811,1513
156,-0.6,26,10,1.6212404796857076,2.369593094131325,-0.1696807928345423,0.2420294635190552,3.987734193259765,0.5585349901896665,1529
156,-0.8,52,10,1.6119183361618414,2.388823558646279,-0.13667027657058817,0.257843625163809,4.478251442110605,0.5499008592200926,1513
208,-0.5,13,20,1.610840901712282,2.322623309516821,-0.173177012285764,0.205903304567568,3.00736491419915,0.5414473684210527,1520
208,-0.8,52,10,1.6088774045320842,2.2403238955740448,-0.1512074924761242,0.2749702290902474,5.056027923041066,0.5465191932335719,1537
208,-0.6,26,10,1.606749494647894,2.335224837420618,-0.16968079283454207,0.2398372800336992,3.9228335031917805,0.5467015022860875,1531
104,-0.8,6,5,1.5999525548745925,2.566267523775298,-0.08219942088852572,0.1932235843783563,2.7052993910217293,0.5261371350984385,1473
52,-0.7,6,20,1.5947883576122626,2.5670014769728526,-0.10221770123715157,0.17033474409588933,2.2096516110554885,0.5250166777851901,1499
208,-0.5,26,20,1.5940080816284399,2.308285491172602,-0.16377860461818583,0.23217338366434848,3.7016463485875155,0.5460483344219464,1531
104,-0.8,52,10,1.5883497596259306,2.3125316968912544,-0.13901336187445168,0.25610004567987454,4.422200182468532,0.5479274611398963,1544
208,-0.8,8,5,1.5856199778347513,2.2876910511236592,-0.11483598677905404,0.19615150267147108,2.773241369749353,0.547700754975978,1457
208,-0.9,26,20,1.5840364994388114,2.2304778206191616,-0.18097498919420008,0.2927572324621339,5.711166372484688,0.5412907702984039,1441
52,-0.9,26,5,1.582522972539532,2.452546654909095,-0.15233467857833416,0.23275353935437515,3.7180838943964902,0.5392422192151556,1478
156,-0.7,52,20,1.5794246587925524,2.1384165222735914,-0.1302903698573914,0.259839883112704,4.543040483301952,0.5570687418936446,1542
52,-0.9,4,20,1.5760628526283438,2.4669502035226016,-0.13682453170243125,0.23639269922728467,3.822330767823485,0.5293696275071633,1396
208,-0.7,52,20,1.5753904039858346,2.3224723714291664,-0.15279162016722891,0.2557728401240513,4.411736907861034,0.546692607003891,1542
156,-0.8,6,5,1.5746289767139243,2.4251269090734406,-0.12010009371114361,0.18757053895733367,2.577110571770488,0.5378266850068776,1454
104,-0.5,13,20,1.5740132662825097,2.2489810456629415,-0.13845388749217047,0.19953308713389095,2.8530494440328544,0.5443786982248521,1521
208,-0.9,26,10,1.5731573752040375,2.2191074002239866,-0.17319358582860378,0.29071082567135864,5.632800430529956,0.5426786953504511,1441
156,-0.9,52,20,1.5687229313242406,2.109657418706795,-0.16715673805445797,0.2708364900042517,4.9119569459253185,0.5529332434254889,1483
208,-0.8,6,5,1.5612466716442601,2.381856212277175,-0.11989744795492263,0.18661299407441834,2.5557817099150237,0.5344827586206896,1450
208,-0.7,26,5,1.5576881005783272,2.2885914348259377,-0.12760199627856927,0.23786626465078697,3.865105647781977,0.5507915567282322,1516
26,-0.9,13,5,1.5572845008021847,2.4930829659389677,-0.1452980570271204,0.23742543333501498,3.852274856231209,0.5424304141208418,1473
104,-0.9,13,20,1.5529854359168276,2.295425304945171,-0.14108578129369354,0.2571375918662606,4.4554943258249695,0.5388967468175389,1414
156,-0.4,26,20,1.5511130979772876,2.2506881192566124,-0.18167870408362563,0.22753314466101537,3.5719476063385507,0.5521035598705502,1545
208,-0.6,13,10,1.549850623904974,2.2403290071685897,-0.14912711355644037,0.2058138006973762,3.005160245774955,0.544137022397892,1518
104,-0.9,2,20,1.5444265216217605,2.6455504709268673,-0.1907360583594686,0.22118143319597872,3.3994361653894156,0.5153788447111778,1333
156,-0.9,52,10,1.5440486053563902,2.078033637206266,-0.16725141489207584,0.26656165908394214,4.7660966639106235,0.5509103169251517,1483
104,-0.7,26,5,1.5380685495858968,2.254599581083063,-0.13815194285333077,0.230150193940593,3.644710342539404,0.5287206266318538,1532
104,-0.9,8,20,1.5370185132893617,2.303797267530021,-0.12227704383891391,0.2169086973633194,3.286583573042747,0.5375805297065139,1397
104,-0.9,4,5,1.5361196614081323,2.459710151462255,-0.18672718402652178,0.21956423832696892,3.3564237691382175,0.5338733431516937,1358
156,-0.6,52,20,1.5353393740584274,2.236395743460301,-0.13861610482844755,0.24335992797617445,4.027483120341483,0.5512321660181583,1542
26,-0.9,52,20,1.5339057435425913,2.171364580748954,-0.12659376966100433,0.22458687236692776,3.49121332060675,0.5374331550802139,1496
156,-0.7,8,10,1.532384783994178,2.208452774768394,-0.10216555187866072,0.17501026954180943,2.3059469783654705,0.5439302481556003,1491
52,-0.9,13,5,1.5310092594365503,2.459660410143409,-0.10480742784098163,0.2418350459439793,3.981948607330671,0.5330578512396694,1452
208,-0.9,26,5,1.522311148200455,2.141247824137625,-0.18104790748158217,0.2797127668522943,5.225049346847433,0.5426786953504511,1441
156,-0.6,13,10,1.516054896236471,2.2206360971482977,-0.11552117439157772,0.19661761379732123,2.7841562527921337,0.545816733067729,1506
208,-0.7,52,10,1.5142657254018208,2.2200568537350867,-0.15279162016722891,0.2463102977610847,4.116607228839097,0.5440985732814526,1542
52,-0.8,26,5,1.5134681594088075,2.27899421145712,-0.12798284368912782,0.2086040258497175,3.07438505088962,0.5282017252820173,1507
52,-0.6,26,10,1.5098277851632356,2.2317939531669895,-0.12165136529138765,0.21497470348853498,3.2363314978496005,0.5269655620532814,1539
52,-0.9,8,10,1.5094983948372651,2.124925981040936,-0.11326638188606641,0.20153135792159915,2.900893295832805,0.5374479889042996,1442
156,-0.7,52,10,1.507765396876851,2.0328563576041887,-0.1302903698573914,0.24813245037135645,4.172330423757764,0.5557717250324254,1542
104,-0.9,26,20,1.5072684765824151,2.219788647101226,-0.17861739118053455,0.23448074452103573,3.7673154733475167,0.5311430527036276,1461
13,-0.9,52,20,1.5059410393176116,2.11737751675608,-0.1319741485174598,0.23738221248032798,3.8510184517000816,0.5476190476190477,1470
104,-0.7,6,10,1.50388083687513,2.219947408028368,-0.08334418454057435,0.16363217222607207,2.0758441494961866,0.521768251841929,1493
208,-0.7,13,5,1.5011806233357678,2.2299670240795266,-0.11952582589088023,0.20432094782338783,2.968542537059704,0.5450300200133422,1499
208,-0.4,26,20,1.4967189234296743,2.177336709088727,-0.1938906219826072,0.21878835831212373,3.3359172258969974,0.5416397675919948,1549
104,-0.7,52,20,1.4909669342623482,2.014297390404426,-0.18208622199013913,0.24813071079380777,4.1722769764449845,0.5485714285714286,1575
104,-0.4,26,20,1.4893141114950572,2.12851614557101,-0.1816787040836252,0.22392962623661727,3.4733725705823693,0.5387055837563451,1576
208,-0.8,52,5,1.4888503586875488,2.0650415829751703,-0.1512074924761242,0.25380723446979725,4.3492482767145075,0.5432661027976577,1537
208,-0.9,52,20,1.4861602392019442,2.0074700663477154,-0.16086570442480308,0.2600992393892636,4.551506412584485,0.549353301565691,1469
52,-0.9,52,20,1.485662494086761,2.083974451777223,-0.13173301313434094,0.22603503866600727,3.5307407382779195,0.5434491978609626,1496
104,-0.9,8,10,1.4851994309513161,2.220649635012811,-0.14271130056368486,0.21090232371751982,3.132180330303349,0.5304223335719399,1397
26,-0.7,26,20,1.484272926947162,1.978856392700647,-0.13108883996003695,0.2216476168480026,3.4119032252329147,0.5336721728081322,1574
104,-0.6,8,20,1.4836072327239973,2.0955301246538607,-0.12689914534296132,0.16507500107023,2.1042330958766913,0.5414181577203446,1509
52,-0.7,52,20,1.482997670374065,2.144161961007853,-0.15342761303431707,0.227660315170507,3.5754604365520475,0.532860824742268,1552
52,-0.3,26,20,1.4811141679381612,2.1343573492470327,-0.18706446782258968,0.21546746009512674,3.249086440699857,0.5363984674329502,1566
26,-0.9,26,5,1.4801348515663013,2.187577921016186,-0.14560509597159477,0.20665480602700037,3.0259174276002003,0.5350404312668463,1484
52,-0.8,52,10,1.4779863808258507,2.1294539503984558,-0.14903678512989704,0.22815026746816702,3.5890162232354728,0.539405684754522,1548
104,-0.9,13,10,1.4764529920595948,2.1732544196918933,-0.14367360862039524,0.24393157991465353,4.044645768160229,0.5304101838755304,1414
208,-0.8,4,10,1.4742897060283089,2.2925198448464568,-0.09607236391349117,0.1713181635086678,2.2297016658822675,0.539364640883978,1448
156,-0.9,52,5,1.4741585874514311,1.995410176081215,-0.16919464803695583,0.2544007434713309,4.368050408728082,0.5488873904248146,1483
104,-0.9,6,20,1.4698299787043916,2.202387271497139,-0.1696998609123792,0.22337805597294413,3.4584477099153217,0.5193855157278713,1367
26,-0.8,26,10,1.4694848376871017,1.9465021347257083,-0.1285883236785934,0.21197475956324108,3.1593906514272065,0.5365695792880258,1545
52,-0.7,8,10,1.4688131311198815,2.252430856026633,-0.07776294515971638,0.16346951374745022,2.072657831916353,0.5218832891246684,1508
52,-0.4,13,20,1.4652841968687573,2.1051904546660904,-0.1127162233535578,0.1868696714234217,2.561488255151858,0.5300581771170007,1547
104,-0.6,13,10,1.4645841999890226,2.110825510433808,-0.11398117403461949,0.18868444518227379,2.6020614979545496,0.5348684210526315,1520
208,-0.9,52,10,1.4576929174960482,1.9778421531678119,-0.16171693155876088,0.25414170161971894,4.359837045249924,0.5425459496255957,1469
104,-0.5,26,10,1.4534487907320455,2.0573515021045687,-0.13778732457303333,0.21704895429903925,3.2902479202353305,0.5419354838709678,1550
52,-0.9,4,10,1.451747797777631,2.278397878694096,-0.13761849557108108,0.2160391279319891,3.2639256089744473,0.5250716332378224,1396
156,-0.6,52,10,1.450024701911331,2.098344175202295,-0.13861610482844755,0.23043195206889755,3.6526035662651273,0.5544747081712063,1542
104,-0.7,4,20,1.4436936335981518,2.223504065805959,-0.0745357636714149,0.15261033949413538,1.8662911407518394,0.5342741935483871,1488
156,-0.7,13,5,1.443495852525002,2.1255297616675497,-0.12659809131734978,0.1933977176876427,2.7093103205397346,0.538,1500
208,-0.7,8,5,1.4428517552491948,2.1583040180467092,-0.11023997346099013,0.17342830922075558,2.2730895501221733,0.535833891493637,1493
52,-0.5,52,20,1.440526819013161,2.0948288015123806,-0.18899013757572747,0.2247901370463321,3.4967433269928225,0.5370487650411653,1579
208,-0.6,52,20,1.4394872277698916,2.080573831843108,-0.1925983864772306,0.23082378113767055,3.6635996262637462,0.5423400129282482,1547
26,-0.7,8,20,1.43773018951024,2.0111964572090804,-0.10450584973361354,0.15527847266053607,1.9158509208380412,0.5390211640211641,1512
156,-0.8,52,5,1.432664503924101,2.087599182481966,-0.14375746151191937,0.2291929408536426,3.6179801520951544,0.5479180436219432,1513
104,-0.9,26,10,1.4291538727551811,2.089481580272823,-0.19029390423594272,0.2215831188978974,3.4101765492852856,0.5263518138261465,1461
52,-0.6,52,20,1.4260220057893809,2.0589554886274595,-0.15804471185393842,0.21862477687967585,3.3316044370504727,0.5380154639175257,1552
104,-0.9,52,20,1.422415377476134,2.022067408251559,-0.1685228453136044,0.22691923222463362,3.555022305893485,0.5389261744966443,1490
13,-0.8,26,20,1.4222567825267292,1.8532829851181185,-0.14576526224094233,0.20500489738546102,2.9852828045132735,0.5451612903225806,1550
52,-0.9,52,10,1.421202169150872,1.9944918688448479,-0.1396686438053224,0.21480898876570254,3.2320494425956747,0.5374331550802139,1496
208,-0.5,26,10,1.4171085702330042,2.0213512528178685,-0.16377860461818583,0.2075772449081088,3.0487914613697544,0.5460483344219464,1531
52,-0.8,4,10,1.4165707662695934,2.490880316642947,-0.056876749324020426,0.15450696508707962,1.9014447931590013,0.514266304347826,1472
208,-0.7,6,10,1.4164947553090843,2.0587494391547945,-0.0958463876499992,0.15826753579967812,1.9722507309483808,0.5456375838926174,1490
208,-0.4,13,20,1.4142603741135098,2.0431676500420366,-0.16605251298646317,0.177015722025756,2.3480102472303024,0.539568345323741,1529
208,-0.9,52,5,1.4107038047692095,1.9149628677934185,-0.1648618980466391,0.24583788827643405,4.102245555533265,0.540503744043567,1469
104,-0.9,2,10,1.408658546217549,2.394281696419672,-0.20654005235859718,0.2016775400174846,2.904413363710029,0.5093773443360841,1333
156,-0.5,26,10,1.4077499737586447,2.024947241262038,-0.16992076569552728,0.20741879039190847,3.044854231327533,0.551994767822106,1529
13,-0.8,13,20,1.4076364301096351,1.9690512507989888,-0.12988687267085042,0.18110030100757912,2.435116037889505,0.54629021667761,1523
208,-0.3,26,20,1.402961316858068,2.0334484516013793,-0.22640357478735174,0.20284470711693436,2.9326174729146626,0.5406451612903226,1550
26,-0.8,8,10,1.3990370950368898,1.985140385955469,-0.06385039541291115,0.15204997627543326,1.8559756765753006,0.5384101536406145,1497
52,-0.8,8,5,1.3969686587063534,2.171234135519352,-0.07913813018197935,0.16076210739491548,2.0200401726118686,0.5271002710027101,1476
104,-0.9,52,10,1.3945432093170371,1.9813483687037245,-0.16840530934484932,0.22222629268713345,3.427421149352388,0.5405767940979208,1491
156,-0.3,26,20,1.3919435318091813,2.003901635046747,-0.18167870408362585,0.20207129305881932,2.913908618277578,0.5472186287192755,1546
52,-0.9,6,20,1.3914230561440881,2.035156704801101,-0.1581426790010252,0.20703668008120713,3.0353732915923475,0.5256776034236804,1402
52,-0.6,13,10,1.3867921975348936,2.0877211304649386,-0.10266701600243477,0.1729748364990431,2.263723149703336,0.5237154150197628,1518
52,-0.5,26,10,1.3849614040718898,2.0391919219872854,-0.13407361090084569,0.19902578455609565,2.840984401287221,0.5325177076625885,1553
104,-0.5,52,20,1.3840515899162005,1.984415019178568,-0.15770084411381569,0.22224364800458507,3.4278872825005786,0.5431472081218274,1576
104,-0.7,52,10,1.3834954016182863,1.8621711806086203,-0.1844877014114097,0.22893372448175842,3.6107647728824546,0.5479365079365079,1575
26,-0.8,6,10,1.3829811794702442,2.065839714654288,-0.060111696121140645,0.1441237943617235,1.7134685774340714,0.5299260255548084,1487
208,-0.6,6,20,1.3800244601007168,2.0986746589496055,-0.0896257164827432,0.14788342127408605,1.7802775464411926,0.5339095744680851,1504
104,-0.8,52,5,1.378981796488338,1.963752615513989,-0.14759450646375327,0.2217457107344183,3.414530419823479,0.5459844559585493,1544
208,-0.7,4,20,1.373642226974818,2.0854040287138687,-0.08405244388632227,0.14061205283280098,1.652323657795025,0.5342741935483871,1488
26,-0.9,52,10,1.373307463412561,1.9460191099528388,-0.12671437936993069,0.1973636297233352,2.8016824881088978,0.5421122994652406,1496
104,-0.9,6,10,1.3725785682434295,2.0428591867538377,-0.17650764982670075,0.20723775079848283,3.0403598686431685,0.5098756400877835,1367
156,-0.5,52,20,1.3645460399032814,1.9650266252141126,-0.1880381155272921,0.2146912854352132,3.2290102727155237,0.5479896238651103,1542
13,-0.9,26,20,1.363225215088566,1.971027640146918,-0.11822077620060789,0.20492525732540723,2.983330406770368,0.5364689843217451,1467
104,-0.6,52,20,1.362594396733827,1.8256518957592909,-0.17468168508193083,0.22481440139914977,3.497403854881541,0.5485714285714286,1575
156,-0.7,4,20,1.3617894646450917,2.003435432696855,-0.08723219348945643,0.13881792494315692,1.6215477921924508,0.538047138047138,1485
208,-0.6,52,10,1.360025211962028,1.9557111773256337,-0.1925983864772306,0.21853380570861303,3.3292076081394626,0.5449256625727213,1547
156,-0.6,6,20,1.353766412087107,1.9931125765699453,-0.10610177332188653,0.14144243705353188,1.666673271781411,0.5434638354346384,1507
156,-0.2,26,20,1.3486713400282397,1.9318805438066982,-0.19537562701267308,0.19488654731621935,2.743757164558279,0.541343669250646,1548
104,-0.4,13,20,1.3485220255041364,1.8920032184146194,-0.20044788132381475,0.17665322145116003,2.340372896833725,0.5345710627400768,1562
156,-0.4,52,20,1.3475100860726708,1.9452304582075826,-0.18763804365961778,0.21297319455850117,3.184862587710448,0.5484496124031008,1548
52,-0.2,26,20,1.3468311746357386,1.9246756712317328,-0.17587521345079804,0.19579781069090685,2.76497718096396,0.5347798340778558,1567
208,-0.6,8,10,1.3467475147819599,1.9801739684703823,-0.09380337904237257,0.1514447180484182,1.8448698559484291,0.538104705102717,1509
13,-0.9,52,10,1.3466785094321467,1.8649937752970789,-0.14382224679747913,0.20903100734558921,3.085069142777982,0.5476190476190477,1470
208,-0.7,52,5,1.3466312441733206,1.9383502779289246,-0.15279162016722891,0.21914620181592226,3.3453646457915625,0.5395590142671854,1542
52,-0.9,8,5,1.3450650180895043,1.9143974272380797,-0.11779099319333552,0.1815104018639675,2.443968975135825,0.5312066574202496,1442
208,-0.5,52,20,1.3425246801183008,1.9471598936887462,-0.1967034885165333,0.2137727475522211,3.2053578698502,0.5410471881060116,1547
52,-0.4,52,20,1.3423701472972276,1.9241959015837489,-0.16618029473738194,0.2109182443514428,3.1325831468087957,0.5370487650411653,1579
208,-0.2,26,20,1.341656029890795,1.9270372014486932,-0.22640357478735174,0.1933349439040224,2.707863977052148,0.5393548387096774,1550
104,-0.7,13,5,1.340736133398731,1.9304252677724492,-0.11998695479493604,0.17831035300407216,2.3754096606549893,0.5282392026578073,1505
156,-0.4,13,20,1.3378987101978361,1.8927407301990156,-0.192923174452579,0.17170741656869826,2.2376676766424732,0.548114434330299,1538
104,-0.9,26,5,1.3375179686808492,1.9463926253318442,-0.19497235556488957,0.20763723097529585,3.050282842007727,0.5195071868583162,1461
104,-0.2,26,20,1.3331850438707709,1.885388885188774,-0.2092636514871563,0.20097097031462807,2.887424573995482,0.5365239294710328,1588
104,-0.9,52,5,1.3267112741682472,1.874681605995801,-0.16471904399784454,0.2116217070235218,3.150415780604047,0.5392354124748491,1491
52,-0.9,4,5,1.3251244644527347,2.085588110160235,-0.13842386008900265,0.1981023975811942,2.81910760370323,0.5189964157706093,1395
26,-0.8,52,20,1.3247889805094129,1.7565936490959067,-0.15239254565071936,0.2077445635892512,3.0529525440410437,0.535645472061657,1557
156,-0.7,52,5,1.3211006753076258,1.762576982134583,-0.13089411157125153,0.2166674867938574,3.2802880472895346,0.546692607003891,1542
52,-0.4,26,10,1.3200771869289165,1.8920170619802292,-0.1456870705687182,0.1920728827890894,2.6788887029525394,0.5351213282247765,1566
104,-0.3,26,20,1.3184050882687395,1.8615439103980864,-0.20560151211245536,0.1984919479628744,2.828323613174111,0.5374449339207048,1589
52,-0.7,52,10,1.3015704940871249,1.8526942538293503,-0.16145884268447075,0.1999221649227214,2.8623249801541193,0.5289948453608248,1552
104,-0.9,8,5,1.299160209996294,1.9149542770129735,-0.1582925823002609,0.18393321126476714,2.4966745590741426,0.5225483178239084,1397
104,-0.5,8,20,1.2963978549805826,1.7960480947202846,-0.11800748124809213,0.14538150752832202,1.7356619468591141,0.5380078636959371,1526
208,-0.3,52,20,1.293167884129233,1.8662252426672619,-0.1967034885165333,0.20266039064651786,2.9281518576306818,0.5419354838709678,1550
26,-0.4,26,20,1.2893423295957585,1.7224756889028694,-0.18713131515919657,0.19309033480492932,2.70223269870216,0.5314641744548286,1605
208,-0.4,52,20,1.2876067185003086,1.8687739499026814,-0.1967034885165333,0.20202003460336648,2.912671403736398,0.5384118786313751,1549
52,-0.5,52,10,1.286713565192344,1.844322055214763,-0.18899013757572747,0.2008475820645148,2.884464390641761,0.5376820772640912,1579
52,-0.9,2,20,1.2853803219150817,2.0754337989531124,-0.13967162649645282,0.19436427180035065,2.7316419706049304,0.5152616279069767,1376
104,-0.9,13,5,1.283835713033712,1.8791717075796672,-0.15648716728391454,0.20927479925080528,3.091180259081658,0.5258315640481246,1413
52,-0.6,6,20,1.2826178770357715,1.94803985378654,-0.12462194183959885,0.13660432514477083,1.5840025595939018,0.5218832891246684,1508
156,-0.7,6,10,1.2825897699501698,1.8416029570689563,-0.10529395110030093,0.14156237013517892,1.668751338890289,0.5282258064516129,1488
208,-0.5,52,10,1.2801630541105284,1.8405538558950005,-0.1967034885165333,0.2039643984966848,2.9598398267248727,0.5416936005171299,1547
156,-0.8,2,20,1.2763090829027328,2.124079624753467,-0.08859728833427571,0.1448934107281461,1.7270305084690634,0.5259156876295784,1447
52,-0.5,8,20,1.2762306212175965,1.8872861493194095,-0.1790167197567626,0.1396540899730263,1.6358524253139537,0.5144167758846658,1526
156,-0.5,52,10,1.2677604514596823,1.8129486211181685,-0.1880381155272921,0.19921518362584356,2.8454850002251386,0.5486381322957199,1542
208,-0.5,8,20,1.266626022310283,1.7905764541034173,-0.18308247978333558,0.13888315120207695,1.6226612253879655,0.5358788676761027,1519
156,-0.4,26,10,1.2658666569351364,1.8103245695537173,-0.18167870408362563,0.1859073814837322,2.5401350146210957,0.5488673139158576,1545
156,-0.6,8,10,1.2642676507924655,1.8416926310148274,-0.10087143684029576,0.14030976533719697,1.6471165319198389,0.5438247011952191,1506
104,-0.4,52,20,1.263530373461754,1.7951925376113371,-0.18763804365961756,0.20249069074261694,2.924044251736242,0.539047619047619,1575
52,-0.9,6,10,1.2629090127355005,1.8342544516787966,-0.16043428718037522,0.18581457608904328,2.5380815287643133,0.5285306704707561,1402
208,-0.4,26,10,1.2628380508648451,1.7974150420147217,-0.1938906219826072,0.18542931254231587,2.5295678958200085,0.5397030342156229,1549
52,-0.9,52,5,1.2610335690941992,1.7749755096723447,-0.13899965808139592,0.18918560539771523,2.613336245724069,0.5320855614973262,1496
156,-0.4,52,10,1.2501758995194632,1.7860516369920643,-0.18763804365961778,0.19722786667531778,2.7984877749115427,0.5452196382428941,1548
156,-0.3,52,20,1.2499687274034927,1.8079262454717142,-0.17227734934813632,0.19644894799906631,2.7802034712053527,0.5439276485788114,1548
52,-0.6,52,10,1.2497422150959414,1.7839843104678073,-0.16325402410478562,0.191809971044701,2.672877310340144,0.5341494845360825,1552
208,-0.2,52,20,1.2487526050526234,1.790512865576708,-0.1967034885165333,0.19506285061503825,2.7478545364599842,0.5393548387096774,1550
104,-0.6,52,10,1.2466946080205927,1.6614454446585538,-0.1771632574136659,0.20465375566183508,2.9766806871764606,0.5447619047619048,1575
26,-0.9,52,5,1.2458000471671067,1.7438803958958198,-0.1375220906160095,0.1779550915237451,2.367871707294958,0.5427807486631016,1496
104,-0.5,52,10,1.2454561700908393,1.7749956809437357,-0.15770084411381569,0.19901134153015887,2.840641385688368,0.5406091370558376,1576
26,-0.3,26,20,1.2420060383449,1.657301098179777,-0.18713131515919657,0.1860154967046006,2.5425285580302575,0.5333333333333333,1605
104,-0.6,26,5,1.2391513566596215,1.7391153440304,-0.1358316467206151,0.1854372354238727,2.529742798629764,0.5368217054263565,1548
13,-0.7,26,20,1.2374030545860946,1.6123261034414464,-0.12858832367859352,0.18190392775411213,2.4524826558504644,0.539622641509434,1590
156,-0.6,26,5,1.2334383692183932,1.7616359739608574,-0.1696807928345423,0.1831106171661112,2.4787022262080143,0.5461085676913014,1529
26,-0.6,26,20,1.2330248755780393,1.6482311914699481,-0.19287702263569795,0.18548352454672834,2.5307648112761463,0.5274656679151061,1602
208,-0.4,52,10,1.224939620632839,1.7592990865558744,-0.1967034885165333,0.19224750956137004,2.6828861906944064,0.5351839896707553,1549
208,-0.6,26,5,1.2244301529516934,1.737941924474866,-0.16968079283454207,0.18466280702993965,2.512682193902333,0.5453951665578054,1531
208,-0.3,52,10,1.2242193256021396,1.7491856058566424,-0.1967034885165333,0.19177248522146706,2.6720209016062344,0.5387096774193548,1550
26,-0.5,26,20,1.2138414588969664,1.6269120095908398,-0.1853212015789113,0.1816339675715195,2.446640281773148,0.5302557704304429,1603
52,-0.3,52,20,1.2102016405050147,1.716099524047875,-0.22081900733678284,0.18948641155059742,2.6201182211894363,0.5357821405953135,1579
208,-0.3,13,20,1.2101070986986975,1.6925579734261844,-0.22127234247062855,0.15312527321001168,1.8757987177558446,0.53515625,1536
156,-0.5,8,20,1.209535451073121,1.6820195899398367,-0.1865194555852958,0.13522871475305132,1.5609057366154238,0.5385629531970996,1517
156,-0.6,52,5,1.207996924393266,1.7183582517675906,-0.13861610482844755,0.19069821925959496,2.647551305971657,0.543450064850843,1542
26,-0.9,8,20,1.2055187881508163,1.671534029781472,-0.09112565704955422,0.14067453664947105,1.6534010922198927,0.537568306010929,1464
52,-0.7,13,5,1.1990006134405091,1.7969350454689423,-0.11897751091636632,0.1537194295990345,1.8868029292561732,0.5251655629139073,1510
26,-0.6,13,20,1.1984196370514517,1.6619713641428226,-0.19513564191457167,0.15211791439631428,1.85722460424561,0.5193548387096775,1550
52,-0.5,13,10,1.1971919050407172,1.7733326749145073,-0.10940777347952724,0.15268386974462111,1.867647114012637,0.522077922077922,1540
26,-0.7,26,10,1.1954703331188867,1.5753815343807185,-0.13108883996003695,0.17567344978088872,2.319805931529064,0.5324015247776366,1574
26,-0.8,52,10,1.1948050345151313,1.576639829774336,-0.15239254565071936,0.18564748172222734,2.5343868639873586,0.5330764290301863,1557
26,-0.7,13,10,1.194391418324897,1.5266186442951066,-0.14277106750743185,0.15707243696682216,1.9495885333629799,0.5317200784826684,1529
13,-0.8,26,10,1.1913538489675877,1.5483504076485066,-0.14576526224094233,0.169566923000533,2.1940721433205046,0.5348387096774193,1550
104,-0.9,6,5,1.189349173911031,1.7290103857471006,-0.19414638818806507,0.17795965028706862,2.367968343012804,0.5029239766081871,1368
52,-0.4,52,10,1.18877877704531,1.6780813664774354,-0.16618029473738194,0.18646087325701477,2.552403438579083,0.5357821405953135,1579
156,-0.2,52,20,1.1884008730233937,1.7037486203832586,-0.17227734934813632,0.18518355469717407,2.5241463520726297,0.541343669250646,1548
156,-0.8,4,5,1.1877828462073985,1.808403199353031,-0.11533356856994048,0.13439302338412284,1.5469616707465863,0.5313145216792843,1453
104,-0.8,2,20,1.1857834302657049,2.0176093394681462,-0.09995172210636727,0.13770219249467042,1.6025651053244467,0.5146958304853042,1463
52,-0.8,52,5,1.184450430534874,1.6710545020740342,-0.15694151013007573,0.18111906881573492,2.4355207523803264,0.5348837209302325,1548
156,-0.5,13,10,1.1817926489906052,1.695281502296333,-0.14290699764069825,0.15201931293705573,1.8554121375650223,0.5430072225869993,1523
104,-0.4,26,10,1.1810558765899677,1.6594600435261666,-0.1816787040836252,0.17670100117357168,2.341378681656994,0.5336294416243654,1576
104,-0.9,2,5,1.1805492721955657,1.9816865155773322,-0.23156274231632235,0.16920785691536833,2.1868089953719054,0.5041260315078769,1333
52,-0.7,26,5,1.1800297127574957,1.7355484792523097,-0.13609712220342218,0.1663394312752191,2.129297976889203,0.5256660168940871,1539
52,-0.2,52,20,1.1784533145144764,1.674218042871205,-0.21423590090993938,0.184534755382604,2.509868109207897,0.5392405063291139,1580
208,-0.5,13,10,1.1768736684256433,1.6494211706735764,-0.17922534377419053,0.15103513927498002,1.8373757506460513,0.5368421052631579,1520
208,-0.2,52,10,1.1732263894688546,1.6652228981233608,-0.1967034885165333,0.18304070637031322,2.477178481242102,0.5393548387096774,1550
104,-0.6,6,20,1.1683709432932687,1.6512543888616966,-0.09664887865534988,0.12228193863061199,1.3521284757011474,0.5303131245836109,1501
52,-0.9,2,10,1.1630211135779434,1.881392713143782,-0.14527834431757536,0.1755739464856263,2.317723340435666,0.5087209302325582,1376
26,-0.8,13,5,1.1614289999895546,1.5097263196271795,-0.1236635538097206,0.15522520079696278,1.9148542064300158,0.5261070720423001,1513
104,-0.7,52,5,1.159663354349449,1.5370042882413022,-0.20338501530091768,0.19195114579701955,2.676104168410669,0.540952380952381,1575
13,-0.9,26,10,1.1520410979568296,1.646847195314669,-0.13700459068466453,0.1723066654616765,2.2499644498837474,0.5282890252215405,1467
208,-0.6,52,5,1.150334799762725,1.6188612710807904,-0.1925983864772306,0.1845921187471138,2.511128494975807,0.5442792501616031,1547
13,-0.9,52,5,1.1499072089339037,1.5947324777509047,-0.14546571084272097,0.17582047271278967,2.32288517252983,0.5489795918367347,1470
156,-0.3,52,10,1.1493258562275321,1.6486754999130184,-0.17227734934813632,0.18017364660054125,2.4151846158644066,0.541343669250646,1548
104,-0.2,52,20,1.1481039683947485,1.6299306656291233,-0.2513871925451553,0.18522224565535184,2.524999416257017,0.534375,1600
52,-0.3,13,20,1.1475393335961719,1.587621391715842,-0.21709446400267418,0.14596905627829182,1.7460834208194749,0.5302445302445302,1554
13,-0.6,52,20,1.1451770842622246,1.5297192630835914,-0.15153629710659045,0.18929674353582615,2.6158406847137696,0.5392156862745098,1632
208,-0.3,26,10,1.1446272281423266,1.621340108728646,-0.22640357478735174,0.16646474608839257,2.1317916094342797,0.5367741935483871,1550
156,-0.3,26,10,1.1445948018994143,1.6258156861835211,-0.18167870408362585,0.16673448352636,2.137164933008999,0.5426908150064683,1546
104,-0.4,52,10,1.1435467771375392,1.6164269906682565,-0.18763804365961756,0.18276102356910084,2.4710884119514622,0.5365079365079365,1575
208,-0.6,13,5,1.1435024284201591,1.6088327516479317,-0.14912711355644037,0.15378128041679884,1.8879505423140452,0.5349143610013175,1518
104,-0.7,8,5,1.137662733362691,1.615114888140994,-0.11274933821081223,0.1320441809996573,1.5081208429182476,0.5324414715719064,1495
104,-0.3,13,20,1.1328126049086507,1.546432057013289,-0.2100044001549244,0.15008272575390413,1.8200153402572732,0.5347355003186743,1569
26,-0.8,4,10,1.1295524192603072,1.6430107791619846,-0.08068129486477094,0.11941590981124195,1.3079568874409566,0.5216508795669824,1478
52,-0.3,26,10,1.1227965621493141,1.580080401694888,-0.18706446782258968,0.16262586718120842,2.0561774080045123,0.5325670498084292,1566
13,-0.8,52,20,1.1175585519723403,1.4577320838291374,-0.17788387352159074,0.1761027163884401,2.3288033953932095,0.5396927016645326,1562
208,-0.2,13,20,1.114077906117584,1.5431305069404888,-0.221272342470629,0.14059509519940527,1.6520313155800381,0.5359688917692806,1543
104,-0.2,13,20,1.1072106183735166,1.5311075757551744,-0.14915729402924116,0.14743840533556507,1.7722960477923335,0.5312697409981049,1583
26,-0.4,13,20,1.1071692719276527,1.4215399762429597,-0.20716388473373337,0.14741796253834383,1.7719298766069205,0.5248897290485193,1587
26,-0.8,26,5,1.1055614452194644,1.4609864699729367,-0.13611898907223097,0.1589761458690646,1.9857588386287146,0.5313915857605178,1545
156,-0.2,52,10,1.103516745317799,1.5727753239742408,-0.17227734934813632,0.1715451374423489,2.2343445928538386,0.5445736434108527,1548
52,-0.9,6,5,1.1034664990766283,1.617557881842108,-0.16319212311831188,0.1623181666833542,2.0501856175855626,0.5224199288256228,1405
156,-0.7,8,5,1.1028420789209459,1.5497194737337736,-0.12133921024022154,0.12964790888922262,1.4690248119745015,0.5244802146210596,1491
104,-0.5,13,10,1.096277277132294,1.529870430444775,-0.13845388749217047,0.14085710834759668,1.6565514217258772,0.5341655716162943,1522
26,-0.2,26,20,1.0916127339082904,1.4464528990575243,-0.21027100114576402,0.16300874141103638,2.063647257607032,0.5305486284289277,1604
208,-0.8,4,5,1.0913504015175226,1.6572961735913094,-0.10528420351795331,0.12839747025137105,1.4488336281761547,0.5255524861878453,1448
208,-0.4,8,20,1.0887129399383961,1.5278078733334677,-0.16491153245637957,0.11908480690313894,1.3029004375723083,0.5311067452521283,1527
26,-0.7,6,20,1.088500914435937,1.5534377893855118,-0.12636318883136932,0.11022491128963541,1.1711081292719996,0.5226666666666666,1500
156,-0.6,13,5,1.0840856217238957,1.5285447051352967,-0.11922329152811373,0.14128967911029178,1.664028479075795,0.5385126162018592,1506
208,-0.8,2,20,1.082809472296188,1.7282248030059202,-0.09947626623789618,0.12611472954440384,1.4123417923057988,0.5135135135135135,1443
156,-0.2,26,10,1.081066678803202,1.5319515406889253,-0.19537562701267308,0.15717403327872104,1.9515092334804152,0.5465116279069767,1548
52,-0.7,4,20,1.079335540366517,1.6225939299250136,-0.13374776300407387,0.10508574269332671,1.0976938348107583,0.5183455637091394,1499
26,-0.7,52,20,1.0782696973257573,1.442530790686063,-0.2308209457986763,0.17267427794895873,2.257527950569309,0.5346784363177806,1586
26,-0.3,52,20,1.074442578711531,1.4642119063301826,-0.22353041380213,0.1784517998994548,2.3784149469419407,0.5368677635588056,1641
208,-0.2,26,10,1.0737833315393983,1.5147585414620044,-0.22640357478735174,0.1557450912192242,1.9245939450201806,0.5348387096774193,1550
52,-0.8,6,5,1.0730369007396248,1.7699435884691033,-0.07549018355701731,0.12189962397029985,1.3461942506099724,0.504418762746431,1471
104,-0.5,26,5,1.0725308090956922,1.4702006331718247,-0.14347430964457697,0.1598099214039943,2.001720935794205,0.5387096774193548,1550
208,-0.5,26,5,1.071496878280826,1.4915221112838122,-0.16377860461818583,0.15866278449869364,1.9797787508386424,0.5414761593729589,1531
13,-0.7,13,20,1.069640413791447,1.4696520419599342,-0.11626347812708027,0.13613436190495243,1.5760915827946955,0.5389105058365758,1542
13,-0.9,13,20,1.0677333778757603,1.5187959707436245,-0.15040217192099714,0.1776833497770307,2.362115713545214,0.5425017277125086,1447
208,-0.5,52,5,1.0624709740509908,1.4904717669678849,-0.1967034885165333,0.16879477071914395,2.1784708132117925,0.539754363283775,1547
26,-0.6,52,20,1.0607710895080027,1.4420150506682692,-0.21714221233060615,0.17268669033585593,2.2577835967057087,0.5371747211895911,1614
104,-0.3,52,20,1.0598958293969132,1.4107024451412666,-0.23082492485880401,0.175141104072301,2.3086771511058477,0.5415365396627108,1601
52,-0.7,6,10,1.0592647496338297,1.674880427336471,-0.10221770123715157,0.11547736901362793,1.2484272736714548,0.4989993328885924,1499
104,-0.7,6,5,1.0585330620804418,1.5249898693415003,-0.1029943062374229,0.11943311222647379,1.308219857002629,0.5144005358338914,1493
104,-0.6,8,10,1.0574630592736745,1.4626773854069328,-0.13924083679538102,0.12066425326891572,1.3271074840548618,0.5354539430086149,1509
52,-0.6,26,5,1.056709621300339,1.5332989905307757,-0.14535101774585368,0.14979815171700972,1.814846043256492,0.5256660168940871,1539
52,-0.9,2,5,1.056082683708067,1.7108254967768433,-0.15448819186850415,0.1603349244073018,2.0118096134521073,0.5065406976744186,1376
52,-0.3,52,10,1.056036198338405,1.4799028772928102,-0.22081900733678284,0.16506959142786548,2.1041262344509994,0.5351488283723876,1579
13,-0.6,26,20,1.0531877845719704,1.3681506516639,-0.1374926195503795,0.15808110601878278,1.96870565037336,0.5392702535559678,1617
26,-0.5,13,20,1.0488242686148428,1.449625678216838,-0.23066916649233837,0.1328647239864842,1.5216308181034166,0.5227127319257837,1563
156,-0.3,13,20,1.0475448024715541,1.458219434027718,-0.22127234247062877,0.13385793044580718,1.5380678249680386,0.5448051948051948,1540
13,-0.8,8,20,1.0467361218882383,1.4923016298657674,-0.08463305923932052,0.1129454827998071,1.2108642284057747,0.5355481727574751,1505
13,-0.5,52,20,1.0421726135167761,1.4191708362927307,-0.20535800128125736,0.17218926016423053,2.2475520793247443,0.5353658536585366,1640
26,-0.9,8,10,1.0411547057655395,1.4650944477057752,-0.08975919309865577,0.12312088667780818,1.3651960175258937,0.5368852459016393,1464
26,-0.4,52,20,1.0382392679794066,1.4119391996445907,-0.2266717574563898,0.16909463099503386,2.1845216395555727,0.5362229102167183,1615
52,-0.6,8,10,1.033842452733554,1.558854418043471,-0.07776294515971638,0.11505804398699815,1.242168290802339,0.5159151193633952,1508
104,-0.8,4,5,1.0327990745549724,1.6851955191912584,-0.0957559682407143,0.11910454604122966,1.3032016156455541,0.5068212824010914,1466
156,-0.5,26,5,1.0307891186052456,1.451897478575375,-0.16992076569552728,0.15211808534988558,1.8572277475343135,0.5467625899280576,1529
13,-0.6,52,10,1.0298670493398925,1.3760893845352513,-0.1477238712531932,0.16844694977552677,2.171464659304849,0.5386029411764706,1632
104,-0.2,52,10,1.028559146495976,1.4453355961369418,-0.2513871925451553,0.1655815343596425,2.114253205289803,0.53875,1600
208,-0.6,6,10,1.026635187182458,1.5126527334285398,-0.08972544477742939,0.11233546065992406,1.2018955411114955,0.5246010638297872,1504
26,-0.5,52,20,1.026614459754639,1.3962337248768995,-0.21714221233060615,0.1669049359384287,2.1405645531252477,0.5353159851301115,1614
13,-0.8,13,10,1.0252300261439111,1.4225990204926091,-0.12988687267085042,0.13116633626244245,1.4937367876434884,0.5285620485883126,1523
52,-0.2,26,10,1.024241715582374,1.423474971551863,-0.17587521345079804,0.14871777978103884,1.7952956133079607,0.5360561582641991,1567
52,-0.2,52,10,1.0239915596987101,1.4328511607346488,-0.21423590090993938,0.159606490354111,1.9978195860890087,0.539873417721519,1580
104,-0.6,13,5,1.0239576841016846,1.418315407213499,-0.12197851619561584,0.13286265836816935,1.5215967294833224,0.5243421052631579,1520
52,-0.7,52,5,1.0239243257318438,1.4344475328876694,-0.1654226784916425,0.15632604351980306,1.9355109275288225,0.5277061855670103,1552
156,-0.5,52,5,1.018419558677585,1.4244754176807812,-0.1880381155272921,0.15937769948901703,1.9934371339567618,0.5492866407263295,1542
52,-0.4,26,5,1.017817589922238,1.455529673449539,-0.14684985931113026,0.1474161378068759,1.7718971940687482,0.5280970625798213,1566
208,-0.4,52,5,1.0160380258402082,1.4287209316651515,-0.1967034885165333,0.1594863343355093,1.9955173253700345,0.5332472562943835,1549
26,-0.9,8,5,1.0103981868664396,1.4338111764627022,-0.0998758209036239,0.12203646048490868,1.3483167143783121,0.5307377049180327,1464
13,-0.8,6,20,1.0081747001235744,1.4559333858849073,-0.13437765649290367,0.10520386967114503,1.0993568742162707,0.5270903010033445,1495
52,-0.5,26,5,1.0064182423107446,1.4570711363712028,-0.14604709225540935,0.14433936164733585,1.7172613386324915,0.5235028976175145,1553
208,-0.3,52,5,1.0031194191471848,1.4060632037875027,-0.1967034885165333,0.1570423277540336,1.9490195199797031,0.5341935483870968,1550
52,-0.4,8,20,1.0006922968892082,1.377750746381649,-0.13880507896894867,0.11275862718396579,1.2081136822436105,0.5215123859191656,1534
104,-0.4,8,20,0.9933135088519099,1.3702185022029165,-0.11621695339676041,0.11360726082976602,1.220629565701317,0.5287653522947641,1547
156,-0.5,6,20,0.9928246640318265,1.4887592985885165,-0.1137304649219556,0.10461447947611213,1.0910705383363686,0.5313531353135313,1515
208,-0.4,13,10,0.9920350598227539,1.3961423185997626,-0.16605251298646317,0.12603304904350043,1.4110448161057936,0.5336821451929366,1529
156,-0.4,52,5,0.9875276277272187,1.386052103470511,-0.18763804365961778,0.15483986829351393,1.9076534235648213,0.541343669250646,1548
52,-0.5,52,5,0.9853865389461409,1.3855745357514897,-0.18899013757572747,0.1531988574112222,1.8771595791381621,0.5332488917036099,1579
156,-0.2,13,20,0.9827976358256021,1.3672156721869233,-0.22127234247062877,0.12528814500948693,1.3992445541267875,0.540207522697795,1542
104,-0.6,52,5,0.9827798905314069,1.2866192917421395,-0.19755112015448972,0.16011009336752613,2.007485580540697,0.5415873015873016,1575
13,-0.7,52,20,0.9823606092946189,1.2933423209557564,-0.20220267660329827,0.15643942920726173,1.9376457248236187,0.5352201257861635,1590
52,-0.2,13,20,0.9809494456135305,1.3370154007278086,-0.2181815085529175,0.12533979416993168,1.4000611297374919,0.5334620334620335,1554
26,-0.8,2,20,0.9789601298547489,1.613405904777109,-0.11477588610178391,0.1133038449536059,1.2161476742395028,0.5166327223353699,1473
104,-0.3,52,10,0.9739923656755821,1.28619686024481,-0.23082492485880401,0.16069213847403852,2.0186907463623442,0.5396627108057465,1601
13,-0.8,52,10,0.9731336556157151,1.2625383435422997,-0.17788387352159074,0.15127207945540033,1.8417089846343746,0.5332906530089628,1562
13,-0.8,26,5,0.9720970662269799,1.2623342641687558,-0.14576526224094233,0.13751263902394895,1.5993519543255785,0.5303225806451612,1550
26,-0.6,52,10,0.9719050169915625,1.3047621014181872,-0.21714221233060615,0.1568950706020189,1.9462379757219086,0.5365551425030979,1614
26,-0.2,52,20,0.9714270941056373,1.325048614997273,-0.22992972997379557,0.16091760497332408,2.023040980207974,0.5356489945155393,1641
26,-0.3,52,10,0.9693314378357004,1.3077504832888123,-0.22353041380213,0.15968084788849213,1.9992450872760439,0.5362583790371724,1641
52,-0.6,52,5,0.9683818126561029,1.3535929444160566,-0.17145530155541633,0.14837153507802525,1.7890548719781085,0.5289948453608248,1552
104,-0.3,26,10,0.9679785219791739,1.334670365486734,-0.20560151211245536,0.14582073724557154,1.743449420072427,0.5368156073001888,1589
208,-0.6,8,5,0.9675395774232948,1.3746734044092757,-0.11017059788285322,0.11331381764570847,1.2162948608520066,0.5321404903909874,1509
104,-0.5,52,5,0.9633334902302364,1.3468639255088055,-0.15915591186508216,0.15315202440301046,1.8762933881248007,0.5393401015228426,1576
26,-0.8,52,5,0.962817386581817,1.258057554560993,-0.15239254565071936,0.1485817576772548,1.7928425011669775,0.5343609505459217,1557
26,-0.7,52,10,0.9611468107119825,1.266738944327556,-0.2308209457986763,0.15268316724755682,1.8676341566208237,0.5346784363177806,1586
208,-0.7,4,10,0.9555070032816704,1.4000126425553372,-0.09693013797844219,0.10150521987920613,1.047823621769071,0.5241935483870968,1488
13,-0.9,26,5,0.9545467009531022,1.3468843312217822,-0.1404939592792417,0.14521740181525655,1.7327572899052885,0.5330606680299932,1467
156,-0.3,52,5,0.9533102579459386,1.3382973291712923,-0.17227734934813632,0.14881811044180404,1.7971062368355972,0.5452196382428941,1548
26,-0.4,52,10,0.9519954405916459,1.2792159341376077,-0.2266717574563898,0.15395885976019663,1.891247637751707,0.534984520123839,1615
104,-0.7,4,10,0.9519343611551473,1.4445207907327555,-0.08123028160181023,0.10470805288498575,1.0923842099823582,0.5181451612903226,1488
26,-0.3,13,20,0.9511710648937169,1.2052040629152052,-0.2071638847337336,0.12689571501698604,1.4247732961223392,0.5258511979823455,1586
104,-0.2,26,10,0.9479864017580142,1.310728426754419,-0.2092636514871563,0.14282272818031738,1.6906742854387748,0.5377833753148614,1588
156,-0.4,26,5,0.9471985850301049,1.3294847614699583,-0.18167870408362563,0.14026711804921765,1.646382613173619,0.5449838187702265,1545
208,-0.4,26,5,0.9457936366644631,1.3287518146572175,-0.1938906219826072,0.14072722524206727,1.6543099177643792,0.5377663008392511,1549
26,-0.8,8,5,0.9442710288308155,1.3321953483487965,-0.08265721117665348,0.10634648733946617,1.1155020767773287,0.5243820975283902,1497
52,-0.5,6,20,0.9441830135180599,1.3553514704104814,-0.16841845980914172,0.1012380043584229,1.0441432792559766,0.5111695137976346,1522
52,-0.7,8,5,0.9384758664525513,1.423388394074354,-0.07890801088638666,0.10901528571018404,1.1536312972608749,0.5245358090185677,1508
52,-0.4,52,5,0.9345669430664824,1.2951281234248782,-0.17690232920991922,0.14647981870311866,1.7551708082492516,0.5357821405953135,1579
104,-0.5,6,20,0.9339460241121003,1.3279247271262589,-0.13975837606396657,0.10094055686523995,1.040053284875528,0.533245556287031,1519
208,-0.7,6,5,0.9326773513098957,1.31048995401378,-0.1161595062044789,0.10651758990526417,1.1179289811477258,0.5308724832214765,1490
13,-0.5,52,10,0.9272486622039295,1.2549597417589502,-0.20535800128125736,0.15190071790735327,1.8532334719193377,0.5353658536585366,1640
208,-0.2,52,5,0.9256838437723358,1.2903406563005853,-0.1967034885165333,0.14452907372779866,1.720602988215084,0.5361290322580645,1550
26,-0.6,26,10,0.9182389541098617,1.211793034110776,-0.19287702263569795,0.13685201996647756,1.5881805028621847,0.5218476903870163,1602
26,-0.9,6,20,0.9180936144877692,1.1643789223527463,-0.18868082785785412,0.1319932725812456,1.5072847193090433,0.532033426183844,1436
26,-0.5,52,10,0.9172872997330928,1.2321073532163693,-0.21714221233060615,0.14818247974263254,1.7856524143549661,0.5309789343246593,1614
156,-0.6,8,5,0.9119484068211771,1.2871324153239434,-0.11432401350980226,0.10605138543488324,1.1113220289379262,0.5332005312084993,1506
26,-0.4,26,10,0.9088237380774116,1.1922697536947415,-0.18713131515919657,0.13483561336821515,1.5543383743279735,0.5289719626168224,1605
52,-0.8,2,20,0.9075439364279893,1.5240186680159298,-0.12646177030142125,0.10299179483004983,1.0684029621943356,0.49658469945355194,1464
208,-0.5,6,20,0.9050314734602828,1.2428078522793253,-0.11265144903384694,0.09448326926027995,0.9529916518011654,0.5333333333333333,1515
13,-0.6,52,5,0.9039603572244921,1.1962991311951932,-0.15949840498838086,0.14482228635610506,1.7257747234526577,0.5361519607843137,1632
13,-0.5,26,20,0.8964099424935917,1.1587684237653966,-0.19273928905429105,0.1355619202330276,1.5664838794097782,0.536178107606679,1617
13,-0.4,52,20,0.894856790052077,1.2013717775830979,-0.23217067463215668,0.1485562308154902,1.792382340559131,0.5371498172959805,1642
156,-0.6,4,20,0.8940748214405051,1.3163417329759024,-0.09081097588471465,0.090765064020079,0.9043336086083718,0.5352393617021277,1504
156,-0.2,52,5,0.8931626260819324,1.2485872853462436,-0.17227734934813632,0.13894084153107356,1.6236463587616026,0.5432816537467701,1548
13,-0.7,26,10,0.8928574574473782,1.1513318927973581,-0.12858832367859352,0.12962426973360341,1.468641772440138,0.5308176100628931,1590
52,-0.4,13,10,0.8921145738740137,1.2590328393177812,-0.1127162233535578,0.11527659451750383,1.2454285642807403,0.5248868778280543,1547
156,-0.7,4,10,0.8900516169315025,1.2991372812734936,-0.10561967014920604,0.0960105463378409,0.9732877070535728,0.5265993265993266,1485
104,-0.5,8,10,0.8888771767074918,1.2127303686011666,-0.11886766541810867,0.10315439986054509,1.0706647956192517,0.536697247706422,1526
208,-0.3,26,5,0.8832494816688231,1.238371901547667,-0.22640357478735174,0.1307038761272279,1.4861878211550308,0.5341935483870968,1550
26,-0.5,26,10,0.8812090414702919,1.1612415631949047,-0.1853212015789113,0.13083781650685888,1.4883721599881792,0.5246412975670618,1603
156,-0.4,8,20,0.8777216957951929,1.2003809389198496,-0.18262707074719708,0.09855520598620648,1.0075092084228534,0.5372549019607843,1530
156,-0.4,13,10,0.8772684455923311,1.2263935266348789,-0.192923174452579,0.11452735063436537,1.2342686017651383,0.5351105331599479,1538
26,-0.3,26,10,0.8760714762632696,1.1435344916321677,-0.18713131515919657,0.12997639513627313,1.4743527971837658,0.5295950155763239,1605
156,-0.8,2,10,0.8759856113418437,1.3998577042720832,-0.10908015773328061,0.10304742244321541,1.0691765007677576,0.5151933701657458,1448
26,-0.7,26,5,0.8693963797376373,1.1291322133808523,-0.1386842197703908,0.12759256374193106,1.435912284379122,0.5247776365946633,1574
26,-0.2,52,10,0.8689792571968915,1.1764672314625326,-0.22992972997379557,0.14298589885587054,1.693523870823583,0.5319926873857403,1641
104,-0.4,13,10,0.8651452587505256,1.1773288174421896,-0.20761482214645344,0.11445418805216878,1.2331814236948442,0.5326504481434059,1562
26,-0.7,8,10,0.863203555121233,1.206377388555549,-0.10450584973361354,0.09689333830869895,0.985102184451492,0.5152116402116402,1512
13,-0.8,52,5,0.8601403458350245,1.111394980874158,-0.17788387352159074,0.1318771539666419,1.5053784808833672,0.5364916773367477,1562
104,-0.4,26,5,0.8595118137809511,1.1679176825667532,-0.1816787040836252,0.12882138501467666,1.4556626333205775,0.5393401015228426,1576
156,-0.6,6,10,0.8592410082864196,1.2325367536778433,-0.10610177332188653,0.09328681637288705,0.9372183335704898,0.5268745852687459,1507
13,-0.7,52,10,0.859103036102694,1.12886924657335,-0.20220267660329827,0.13538364128122682,1.563498032275664,0.5358490566037736,1590
208,-0.5,8,10,0.8543931410234199,1.1954890093931951,-0.18308247978333558,0.09775665901294173,0.9967152119283584,0.5292955892034233,1519
52,-0.3,26,5,0.8527628989327048,1.1950490274296772,-0.18706446782258968,0.12383919290794743,1.3764342912013663,0.5306513409961686,1566
208,-0.2,26,5,0.8508349734925323,1.1875385471034599,-0.22640357478735174,0.12556419881682235,1.4036117698821182,0.5367741935483871,1550
13,-0.6,13,20,0.8500297072954471,1.1781518556682726,-0.12942871396559286,0.11267563868488906,1.2068930272511147,0.540113708149084,1583
52,-0.3,52,5,0.8457658486459069,1.162903726964056,-0.22081900733678284,0.13249832783102033,1.5155904646004434,0.5338822039265357,1579
208,-0.5,13,5,0.8413582854223375,1.1479503590997888,-0.1843130432381298,0.11170136393725949,1.192606283987074,0.5348684210526315,1520
156,-0.5,13,5,0.8404749247410517,1.16909087237758,-0.14290699764069825,0.10978040316828852,1.1646716108010327,0.5390676296782666,1523
13,-0.9,13,10,0.8402362584692502,1.1830278173545834,-0.1577886659446096,0.13869281074923046,1.6194131971899628,0.5307532826537664,1447
104,-0.4,52,5,0.8379817955541428,1.1578347771482287,-0.18763804365961756,0.13315423605994603,1.5264125423213692,0.5377777777777778,1575
156,-0.3,26,5,0.8371798890038009,1.1709919987083905,-0.18167870408362585,0.12381750771086097,1.3760943400073558,0.5394566623544631,1546
13,-0.3,52,20,0.836039375304119,1.1240649226683728,-0.239432458974581,0.13791199612209026,1.6061255258178249,0.533050333535476,1649
26,-0.4,8,20,0.8353505430135008,1.1827676172473265,-0.09711392466737612,0.0963960357705893,0.9784392402471771,0.5118210862619809,1565
13,-0.2,26,20,0.8304636818639992,1.0826776749850016,-0.2183635341974587,0.12886217553341983,1.456320611463625,0.5364963503649635,1644
52,-0.2,52,5,0.8257124757039084,1.1369032837271864,-0.21423590090993938,0.12930703917482855,1.4635064656534023,0.5360759493670886,1580
52,-0.6,13,5,0.8229765654917027,1.1938093127984193,-0.14260077378065683,0.10488038348151174,1.0948054175367132,0.5230566534914362,1518
208,-0.6,4,20,0.8203694592706021,1.1686259725648376,-0.0838845888705061,0.08199892550484233,0.7937467787594326,0.5335994677312043,1503
156,-0.2,26,5,0.8174011265925496,1.1460210805609012,-0.19537562701267308,0.12094184204196079,1.3313845532018287,0.5419896640826873,1548
26,-0.2,13,20,0.8171427526806745,1.0293446721730988,-0.2216134142466849,0.10927839151204366,1.1574222915533432,0.5215759849906192,1599
52,-0.3,8,20,0.8159834069129073,1.137539382568472,-0.14957687980502832,0.09346758216326578,0.9395943499780206,0.5236552171095269,1543
13,-0.4,26,20,0.8140125129885557,1.0446820176112668,-0.2496520439557528,0.12476662930832294,1.3910128232816583,0.5334158415841584,1616
13,-0.2,52,20,0.8138371729187466,1.0919559553939528,-0.25322860018973503,0.13462068233800628,1.5507537863106893,0.533050333535476,1649
52,-0.2,26,5,0.8090582491501223,1.1242877231114288,-0.17587521345079804,0.11831707783962453,1.2912128950930981,0.5296745373324825,1567
26,-0.9,6,10,0.8032981104224362,1.0253408719993946,-0.18737958647611008,0.11558364134974553,1.2500159281080223,0.5271587743732591,1436
13,-0.5,52,5,0.80119681639743,1.0737804116971807,-0.20535800128125736,0.12833241699451725,1.4477871158196045,0.5298780487804878,1640
13,-0.8,4,20,0.7994088242334578,1.1717233716889741,-0.1377990527927596,0.08652604200518699,0.8501425854628999,0.519838601210491,1487
52,-0.5,13,5,0.7952890345076362,1.1464327432795285,-0.14934171154876597,0.10406467341661174,1.0833662464185978,0.5175324675324675,1540
208,-0.3,13,10,0.7885119704731189,1.0813926773502254,-0.22127234247062855,0.10229877808237609,1.0587870599890712,0.5279947916666666,1536
26,-0.3,52,5,0.7872829033494962,1.0389933002346559,-0.22353041380213,0.12729026596337745,1.4310746899543156,0.5393053016453382,1641
13,-0.7,8,20,0.7860415577708727,1.0981861846745145,-0.13282479899096145,0.08963429414186175,0.8897454359648194,0.5302233902759527,1522
26,-0.6,52,5,0.7859355494461288,1.0353014981487054,-0.21714221233060615,0.12492574285394475,1.39352171609859,0.5346964064436184,1614
26,-0.6,8,20,0.7812558202280342,1.0352968735375307,-0.2225155339042446,0.09109783891489887,0.9086452809610297,0.5136186770428015,1542
52,-0.8,4,5,0.7789157572673567,1.3480956233397887,-0.1106513498787397,0.09054569171387916,0.901495872917274,0.5006793478260869,1472
156,-0.7,6,5,0.7711677465233542,1.0656865139487386,-0.11739632572881464,0.08909540973787067,0.8828273199320797,0.5208333333333334,1488
13,-0.4,52,10,0.7690127009024683,1.0231831250887171,-0.23217067463215668,0.1268172311881186,1.4235215131818273,0.5401948842874543,1642
26,-0.7,52,5,0.7683047100309416,1.0006230628441832,-0.2308209457986763,0.12082673357483564,1.329610145077715,0.5327868852459017,1586
104,-0.5,13,5,0.761714347392688,1.0303554243976443,-0.14749587740722336,0.10022311695871644,1.030217385232886,0.5243101182654402,1522
26,-0.5,52,5,0.7607589966056472,1.000158903607995,-0.21714221233060615,0.1210608403522151,1.3332201526826362,0.5371747211895911,1614
26,-0.4,52,5,0.7588582333788172,0.9989622523608761,-0.2266717574563898,0.12075677881712821,1.3285323566126879,0.5343653250773994,1615
104,-0.2,26,5,0.7532159443840271,1.0257994717252938,-0.2092636514871563,0.11449603868449376,1.233803257816676,0.5377833753148614,1588
26,-0.7,13,5,0.749629064816355,0.9415745018520261,-0.14277106750743185,0.10042675329848949,1.0330050034441873,0.5251798561151079,1529
208,-0.2,13,10,0.7475366693013465,1.0214343825318384,-0.221272342470629,0.09722067129116896,0.9894984339765345,0.5294880103694103,1543
26,-0.3,8,20,0.7470377631486139,1.0580933655808047,-0.09711392466737612,0.08721034880863776,0.858799271528448,0.5184478371501272,1572
208,-0.3,8,20,0.7448079478735516,1.0183752329760676,-0.18262707074719764,0.08435374827263398,0.8228930858170742,0.5265225933202358,1527
13,-0.6,26,10,0.738848509212357,0.9532666925893332,-0.1374926195503795,0.11002270956515892,1.1681781798831907,0.5318491032776747,1617
156,-0.5,8,10,0.7380585793582817,1.0076701094258977,-0.1865194555852958,0.08628899967334913,0.8471520734075575,0.5306526038233356,1517
13,-0.3,26,20,0.7375974345590458,0.9466272749369499,-0.255501733737993,0.11320765400179122,1.214728429454866,0.5321384425216317,1618
104,-0.3,26,5,0.7217892127642576,0.9733775140852946,-0.20560151211245536,0.10941814315674603,1.1594382679713702,0.5380742605412209,1589
13,-0.3,52,10,0.721646970462687,0.9589487721898339,-0.239432458974581,0.11862882396576646,1.2959525669338743,0.5348696179502729,1649
52,-0.5,8,10,0.7203218963628027,1.0512372246974229,-0.1790167197567626,0.08374668924623418,0.8153404261243826,0.5104849279161205,1526
104,-0.2,52,5,0.7186928448183141,0.9987420130512757,-0.2513871925451553,0.11583793631683204,1.253821300446222,0.53625,1600
208,-0.4,13,5,0.717553000503507,0.9831039322385374,-0.16605251298646317,0.09481875217022306,0.9574343524120517,0.5376062786134729,1529
104,-0.8,2,10,0.7132435397407907,1.1823697073346429,-0.14367969329843078,0.0870112854988414,0.8562774545441432,0.4989747095010253,1463
26,-0.2,26,10,0.7073020064104065,0.9152241842185848,-0.21027100114576402,0.10535778332874135,1.1015254441890527,0.5268079800498753,1604
26,-0.9,4,20,0.7056930804739715,0.9029616506218641,-0.2294820301914503,0.107736055604442,1.135281353955028,0.5225035161744023,1422
13,-0.2,52,10,0.7056736356647829,0.9364760771342066,-0.25322860018973503,0.11649377967828434,1.2636613129011343,0.5348696179502729,1649
104,-0.3,8,20,0.7022931163973414,0.9447389086132598,-0.1289779059510473,0.08341731781868766,0.8112539272946868,0.5221012171684818,1561
13,-0.8,8,10,0.6998924364911041,0.9945518708812985,-0.09812331200731639,0.07892431369998354,0.7562988753599966,0.5169435215946844,1505
208,-0.4,8,10,0.6934061759246013,0.9595938911739565,-0.16491153245637957,0.08044427295927337,0.7747261252427946,0.5304518664047151,1527
104,-0.4,6,20,0.6903502644560738,0.9495648167559535,-0.12388646822873661,0.079510758586951,0.7633889403870184,0.522020725388601,1544
26,-0.2,52,5,0.687440992098195,0.9099697598036353,-0.22992972997379557,0.1113500087631909,1.18747368735615,0.5350396099939062,1641
26,-0.8,6,5,0.6867847476613029,1.0220509636239627,-0.08689823999296287,0.07678715086913113,0.7306690474691309,0.50773369199731,1487
104,-0.6,6,10,0.6832827411165889,0.9405294024015318,-0.11353180721320544,0.07550563626450879,0.7154562550323942,0.5183211192538307,1501
208,-0.2,8,20,0.6811835503716542,0.9277414061230426,-0.1902492487250258,0.0781343829532537,0.7467876754371714,0.5263843648208469,1535
156,-0.4,6,20,0.6752045751804094,0.9874046985713592,-0.11373046492195582,0.07494746231085858,0.7088664557434556,0.5245258338783518,1529
13,-0.9,13,5,0.672225100239288,0.939147034481894,-0.1709888839812055,0.11324769456976669,1.2153191105333652,0.5317679558011049,1448
13,-0.7,52,5,0.6691773299872056,0.8667538606341677,-0.20220267660329827,0.1045685006721333,1.0904253060615718,0.5276729559748428,1590
52,-0.4,6,20,0.6645287858694714,0.8980621081570178,-0.1715009534600942,0.07371534644315725,0.6943975797470414,0.5107913669064749,1529
26,-0.4,26,5,0.664306179741892,0.8521843416391166,-0.18713131515919657,0.09893579374088568,1.0126713685015694,0.5289719626168224,1605
13,-0.7,26,5,0.6636464113250022,0.848947470855331,-0.13029598411014576,0.09707913030431548,0.987596433554917,0.5283018867924528,1590
208,-0.8,2,10,0.6601321254369784,1.013870166565131,-0.12335837235868985,0.08026027631927146,0.7724865785792081,0.5045045045045045,1443
104,-0.2,13,10,0.6581058836657547,0.8849034598899094,-0.1498251211686209,0.08997449490063403,0.8941241959175579,0.525584333543904,1583
104,-0.2,8,20,0.6564876443049261,0.8882573509201683,-0.12981456421527804,0.0784943144093655,0.7511159068781361,0.5191082802547771,1570
104,-0.3,13,10,0.6525393065996047,0.8671375421798211,-0.2176653824574245,0.08889896078213266,0.8803107934702064,0.5309114085404716,1569
208,-0.3,13,5,0.6522490997435879,0.8753523989537114,-0.22127234247062855,0.08803393467842291,0.8692643256491104,0.5403645833333334,1536
13,-0.4,52,5,0.6501228358781006,0.8566106833542146,-0.23217067463215668,0.10533624945587317,1.1012219256483697,0.5292326431181485,1642
26,-0.7,4,20,0.6472684769627588,0.9135148021285626,-0.14512473856749852,0.06932297892594219,0.6436762894450685,0.5226364846870839,1502
13,-0.7,13,10,0.6461623978736366,0.8781332957656646,-0.11626347812708027,0.08446554134711426,0.8242869072689756,0.5265888456549935,1542
13,-0.8,13,5,0.6430419947061611,0.8813258292301113,-0.12988687267085042,0.08431540987200559,0.822415299843684,0.51543007222587,1523
26,-0.6,13,10,0.6412753238944834,0.8621408586447931,-0.19513564191457167,0.0844372542523335,0.823934140363213,0.5148387096774194,1550
52,-0.6,6,10,0.639164969061082,0.9556880307931602,-0.12462194183959885,0.07345141226483443,0.6913119921739956,0.5013262599469496,1508
104,-0.3,52,5,0.6388237705477156,0.8343992044116301,-0.23970439613815775,0.10505448444817134,1.0972539593265154,0.5402873204247346,1601
208,-0.2,13,5,0.6354216471148769,0.8567748678165653,-0.221272342470629,0.08590184839694648,0.842276788013886,0.5327284510693454,1543
52,-0.3,13,10,0.6347942156979928,0.8663582271827786,-0.21709446400267418,0.08375065087621758,0.8153896264222573,0.5238095238095238,1554
104,-0.4,8,10,0.6340513419796995,0.8570196581450932,-0.13059244425354455,0.07670060720510863,0.7296380302117282,0.5274725274725275,1547
156,-0.3,13,10,0.631825926542143,0.865524152624176,-0.22127234247062877,0.08401367394174053,0.818658745910646,0.537012987012987,1540
26,-0.3,26,5,0.6317792256800692,0.8095770030771438,-0.18713131515919657,0.09427474479195008,0.9502346225975937,0.5264797507788161,1605
208,-0.6,6,5,0.6304415643079664,0.900308753963649,-0.1123355671801538,0.07354412145386457,0.6923952774652771,0.5199468085106383,1504
104,-0.4,13,5,0.6293761892429164,0.8417470067203866,-0.21445546811428073,0.08566226161588464,0.8392653196186481,0.5224071702944942,1562
13,-0.2,26,10,0.6284855735389763,0.8094979459629543,-0.2183635341974587,0.09670112292706867,0.982524552058079,0.5322384428223844,1644
26,-0.6,26,5,0.6252229378458488,0.8066710813143791,-0.19287702263569795,0.09381885218757868,0.9442187136780862,0.5268414481897628,1602
26,-0.5,8,20,0.6244514694792588,0.8346009899485926,-0.2118286928859986,0.07537785115801343,0.7139456874817574,0.5173969072164949,1552
26,-0.9,4,10,0.6242368432618957,0.8025704650064571,-0.2298288678001521,0.09565257893941226,0.9685143632594666,0.5253164556962026,1422
156,-0.5,6,10,0.6182221084919546,0.9072735736671496,-0.1137304649219556,0.06988902773261674,0.6501381423569221,0.5194719471947195,1515
104,-0.6,8,5,0.6182045352857088,0.8261374496806714,-0.15196667755639426,0.0754036510178775,0.7142505788759628,0.5245033112582781,1510
26,-0.5,26,5,0.6115081363095841,0.7875565448443871,-0.1853212015789113,0.09157585564643345,0.9148535897623022,0.5271366188396757,1603
13,-0.5,26,10,0.603638580853191,0.7717047147924722,-0.19273928905429105,0.09126716270823443,0.9108424026100024,0.5293753865182437,1617
13,-0.6,26,5,0.6003485279446907,0.7718302086933799,-0.13877653462946082,0.08948600918192695,0.8878395867211806,0.5275200989486704,1617
13,-0.2,52,5,0.5928974730503416,0.7772469816681712,-0.25322860018973503,0.09611904859371512,0.974736514825912,0.5294117647058824,1649
156,-0.2,13,10,0.5907326736047388,0.8050864155068043,-0.22127234247062877,0.07881122475324065,0.7549344805704947,0.5330739299610895,1542
13,-0.3,52,5,0.5896969205185161,0.7757053066868039,-0.239432458974581,0.09534092809773353,0.9643667685548085,0.5257731958762887,1649
52,-0.2,8,20,0.5867449694968163,0.7943744138879785,-0.1646832083550035,0.07057874320507107,0.6580414334093168,0.516504854368932,1545
156,-0.3,8,20,0.5836869253414184,0.7976101911878618,-0.19219802238698247,0.06953122171049597,0.6460509800692289,0.5305591677503251,1538
52,-0.6,4,20,0.5784910834850201,0.8353441957767884,-0.09914268398500148,0.06198559353207411,0.5618743697030812,0.5006648936170213,1504
13,-0.5,13,20,0.5741925214792944,0.7915669064565666,-0.19242875805801452,0.07815977744578229,0.7470927443841577,0.5344283006948831,1583
52,-0.4,13,5,0.5734875591973229,0.796591120323426,-0.1425522851067026,0.0775477012147554,0.7397525734499666,0.5229476405946994,1547
52,-0.4,8,10,0.5722183834052017,0.7812135031267813,-0.13880507896894867,0.0697139969840932,0.6481376978720768,0.5221642764015645,1534
156,-0.4,13,5,0.5693056199703611,0.7712501761564818,-0.192923174452579,0.07743854857728438,0.7384463948384861,0.5338101430429129,1538
26,-0.4,13,10,0.563883485817668,0.7084840870440431,-0.20716388473373337,0.07758198136100702,0.7401629630949695,0.516698172652804,1587
104,-0.6,4,20,0.5623363920911391,0.768087693177526,-0.13601318567427612,0.0635397680422991,0.5789008391408996,0.5196274118429807,1503
208,-0.5,6,10,0.5540998828334237,0.7423953966189218,-0.11644072005755024,0.06316317035208785,0.5747604224109895,0.5306930693069307,1515
104,-0.2,13,5,0.546749214737956,0.7281595894703742,-0.15346075730959385,0.0768462500920355,0.7313734174071749,0.523689197725837,1583
156,-0.2,8,20,0.5449582207984748,0.7391114909899367,-0.19219802238698247,0.06539140870527538,0.5993955600588812,0.5301360985093972,1543
156,-0.6,6,5,0.543708182754104,0.7507939427644952,-0.11900117433529134,0.06410045929720276,0.5850826782071277,0.5295288652952886,1507
208,-0.7,4,5,0.5402635785603419,0.7734788620273632,-0.10650806381181066,0.06314984463854656,0.5746140881498949,0.5154569892473119,1488
13,-0.2,26,5,0.5385586934110062,0.6897138891573232,-0.2183635341974587,0.08273134460677811,0.8027686232711044,0.5285888077858881,1644
13,-0.4,26,10,0.5381737049377541,0.6828048470767697,-0.2496520439557528,0.08264252518076409,0.8016724696444006,0.530940594059406,1616
208,-0.4,6,20,0.5353824099799476,0.7063871986723574,-0.16665105775675215,0.060762141870316366,0.5485830370447717,0.5291421087098886,1527
104,-0.5,8,5,0.5352784815285802,0.7112129144777236,-0.1406213070199176,0.06724157470142833,0.6201034296580628,0.5255570117955439,1526
26,-0.9,6,5,0.5296429138399223,0.6686761755174758,-0.19720091598440237,0.0774515462921832,0.7386018879084992,0.5166898470097357,1438
52,-0.2,13,10,0.5289148277098195,0.7140672178721734,-0.2181815085529175,0.0712206273744107,0.6654260345662406,0.5238095238095238,1554
156,-0.5,8,5,0.5212290405395702,0.6932723191181128,-0.1865194555852958,0.06528252003226087,0.5981839984943751,0.5260382333553065,1517
208,-0.5,8,5,0.5209872138407372,0.7025566045142109,-0.18401277446001985,0.06495853346091884,0.5945838215028785,0.5292955892034233,1519
52,-0.6,8,5,0.5184780744268119,0.7646009467957585,-0.10966499127473661,0.06391103345892057,0.5829918468176654,0.513262599469496,1508
13,-0.8,6,10,0.5108708693911203,0.7325645537247867,-0.15425350462609433,0.05839435607792387,0.5231376079637806,0.5150501672240803,1495
26,-0.9,2,20,0.5080867478807116,0.6553134165217323,-0.29214606785125674,0.07926366389600004,0.7603985754204521,0.5130557515878617,1417
104,-0.5,6,10,0.5069743689756652,0.7046103159254041,-0.14880450644570253,0.060201787789192496,0.5425282094452539,0.5174456879526004,1519
26,-0.6,6,20,0.5022987435987645,0.6848488524219216,-0.2182719376002048,0.05914720246672589,0.5311885609406866,0.4990202482037884,1531
13,-0.7,6,20,0.5018713198097905,0.679476445218631,-0.15558758746996215,0.05792341745167784,0.5181200234813816,0.5142101784534039,1513
26,-0.7,6,10,0.5002436468172577,0.7074653502316596,-0.1354793344681091,0.057331921897335825,0.5118382372219132,0.5153333333333333,1500
26,-0.8,2,10,0.4941052911524487,0.806149416948224,-0.15778873983836006,0.062360608188235744,0.5659681640262795,0.4908350305498982,1473
156,-0.6,4,10,0.4872144031233542,0.6923393731622948,-0.10317241903271968,0.05533620612566681,0.4908090161029133,0.5292553191489362,1504
13,-0.6,13,10,0.4870067626043799,0.6700807466064129,-0.1304085620468588,0.06754796561394749,0.6235549799086282,0.5249526216045484,1583
13,-0.5,26,5,0.4862682924765099,0.618464661438437,-0.19273928905429105,0.07388019254744305,0.6963272234542865,0.5250463821892394,1617
52,-0.7,6,5,0.48558721724134984,0.7523654315199539,-0.11222954927721884,0.059634590088501804,0.5364203023378655,0.5010006671114076,1499
13,-0.3,26,10,0.4849057036704678,0.6144338071755131,-0.255501733737993,0.07495536952142534,0.7089596550907662,0.5333745364647713,1618
26,-0.2,26,5,0.4808873188724469,0.610225813194145,-0.21027100114576402,0.07298414060093061,0.6858611578099629,0.5311720698254364,1604
26,-0.9,4,5,0.4802260802108583,0.6247537802479548,-0.22798050133087588,0.07530021735382864,0.7130285282887814,0.5140646976090014,1422
156,-0.7,4,5,0.4793463215845818,0.6865391326527432,-0.11899179028902551,0.05866427129760998,0.5260198646217107,0.5171717171717172,1485
26,-0.4,6,20,0.47877078925108624,0.6672022755375304,-0.137648919142758,0.0572669384476554,0.5111494745876157,0.5,1568
26,-0.3,13,10,0.473167585221659,0.5892305975926302,-0.2071638847337336,0.06647985237414034,0.611549982350251,0.5151324085750315,1586
104,-0.3,13,5,0.4692009140715905,0.6161033798536039,-0.22397564236224,0.06675264009025761,0.6146086384085885,0.5251752708731676,1569
26,-0.5,13,10,0.4626340673594388,0.6189042665419987,-0.23066916649233837,0.06314914953985173,0.574606455353978,0.5118362124120281,1563
13,-0.6,8,20,0.453391057504592,0.6198704469273417,-0.1667853065364363,0.058665940890880064,0.5260377078424454,0.5186855670103093,1552
208,-0.3,8,10,0.45189284003332464,0.6117278542225716,-0.18262707074719764,0.05629426578859542,0.5008724642964029,0.5180091683038638,1527
208,-0.2,8,10,0.447039855633839,0.6024349292773343,-0.1902492487250258,0.05588862525679361,0.49660447010109077,0.5244299674267101,1535
26,-0.9,2,10,0.44639090199204357,0.5789252933368434,-0.29347116025606845,0.07035018680889205,0.6554188383242363,0.5137614678899083,1417
13,-0.4,26,5,0.44554546367156245,0.5625619699503207,-0.2496520439557528,0.06885764589773591,0.6383805859990421,0.5247524752475248,1616
52,-0.3,6,20,0.44551957723308344,0.6054342202238748,-0.16803796161501972,0.0536365896079507,0.4730998475206054,0.5169050715214565,1538
208,-0.3,6,20,0.44319407593090876,0.5926975030821485,-0.14688263064530216,0.052134257222496094,0.45759810780165533,0.5251798561151079,1529
208,-0.4,8,5,0.4365081665659063,0.5843086789128563,-0.16491153245637957,0.0559281156347049,0.49701951085505813,0.5324165029469549,1527
156,-0.4,8,10,0.4322392544315052,0.5820543395556991,-0.18262707074719708,0.05448747775726592,0.48194279863500333,0.5326797385620915,1530
156,-0.5,4,20,0.4283186253531523,0.5754130770448916,-0.09338836748369528,0.05003046515912257,0.4361275153095332,0.5313531353135313,1515
104,-0.3,8,10,0.42710665572661816,0.5642991890203531,-0.13758735900647012,0.05556772538028931,0.493235527245081,0.5272261370916079,1561
208,-0.6,4,10,0.4230363739373263,0.5835517347389301,-0.09640262514131626,0.04917515490610791,0.42747706164841226,0.5282767797737857,1503
52,-0.7,4,10,0.41349183830911185,0.6151840873446254,-0.16487438916667674,0.048496371426962614,0.4206440862633505,0.4969979986657772,1499
52,-0.5,6,10,0.41326967315838165,0.5832218469363626,-0.16841845980914172,0.05131484943007836,0.4492027230053317,0.49868593955321944,1522
13,-0.2,13,20,0.4066141417727792,0.5588361731477973,-0.2569797092223607,0.058787523731483216,0.5273375691176632,0.5231910946196661,1617
104,-0.2,8,10,0.40301667250258477,0.5379790487638878,-0.13831981535361793,0.05299127121968761,0.46642377763662357,0.5229299363057325,1570
13,-0.3,26,5,0.3996463439866069,0.5031001815323498,-0.255501733737993,0.06237261313464226,0.5660993675109731,0.5259579728059333,1618
13,-0.8,8,5,0.398857511818938,0.585158034795596,-0.1208898017561566,0.05049358630319967,0.4408303369269473,0.49900332225913624,1505
156,-0.8,2,5,0.3979114993526919,0.6009069436305817,-0.12309963500577192,0.05349018495626501,0.47158293294435905,0.5107118175535591,1447
156,-0.4,6,10,0.39204542153603034,0.5630323687762616,-0.11373046492195582,0.04894497991041913,0.4251568255967966,0.514061478090255,1529
104,-0.7,4,5,0.38882325023590597,0.5675486271685982,-0.10010490406073236,0.05036149767851139,0.4394876703863233,0.5114247311827957,1488
104,-0.4,6,10,0.38717052244386313,0.5220658646417119,-0.135358578210783,0.049918865600895757,0.4349962512568575,0.5200777202072538,1544
13,-0.4,13,20,0.37346954412897526,0.4983984133661805,-0.28681749237656673,0.054716354619938956,0.48432925041116315,0.526117054751416,1589
156,-0.2,13,5,0.3723296300125599,0.49591675166159677,-0.22127234247062877,0.0537456847605704,0.47423107369755924,0.5291828793774319,1542
208,-0.2,6,20,0.3674810336483677,0.48814742216977874,-0.14688263064530171,0.0454159656755031,0.3899895188575171,0.5238406270411495,1531
52,-0.3,13,5,0.3650504064915898,0.4932204404029242,-0.21709446400267418,0.052755046630046376,0.46398649542673054,0.5218790218790219,1554
26,-0.5,6,20,0.3636934118150773,0.4981801936739844,-0.18932570357621392,0.04618440607032759,0.39758254614568744,0.49805699481865284,1544
156,-0.3,13,5,0.36232148936704084,0.48492619358607375,-0.22127234247062877,0.05260287972740341,0.46241834737667253,0.5298701298701298,1540
52,-0.3,8,10,0.3585428642387104,0.49119371275430207,-0.14957687980502832,0.047793527169444294,0.413598739516601,0.5145819831497084,1543
26,-0.7,8,5,0.35775544818199057,0.49084141944601395,-0.12079170723078203,0.0472611761552566,0.40828256301401655,0.5092592592592593,1512
104,-0.4,8,5,0.355405712889551,0.46961790777209056,-0.15459280272076292,0.04856965462021812,0.42138042648851504,0.524240465416936,1547
26,-0.2,13,10,0.35526458247765824,0.4384079234562778,-0.2216134142466849,0.05210380332494724,0.45728533596673127,0.517198248905566,1599
156,-0.5,6,5,0.35492200914259936,0.5004203964995105,-0.1143431890366815,0.0459438425484866,0.3952016679221415,0.526072607260726,1515
104,-0.3,6,20,0.3542193151839292,0.4812837977954163,-0.15169293291832642,0.04568920649559849,0.39268533624182544,0.5198717948717949,1560
104,-0.6,6,5,0.35239709462912777,0.4730464480858584,-0.12828251847271932,0.045599582028950314,0.39180059550542357,0.5076615589606929,1501
52,-0.8,2,10,0.35090038578039406,0.5862858067862251,-0.1631860143132251,0.04711780504532248,0.40685378680499285,0.4825700615174299,1463
104,-0.5,4,20,0.33826131781355256,0.4502602180432568,-0.14498385625975774,0.042646388726131246,0.3629183912050513,0.5184453227931489,1518
208,-0.7,2,20,0.3379563632774067,0.48843277209569275,-0.1751273573880806,0.043818898548999785,0.374322841787218,0.5026954177897575,1484
13,-0.3,13,20,0.3358332507859107,0.4540939629920759,-0.2907492574328817,0.050246207742097315,0.43831664552104677,0.520573566084788,1604
26,-0.8,4,5,0.32624232246276064,0.47344786006962664,-0.1678892914746043,0.04315462712806184,0.3678516932945355,0.4925575101488498,1478
104,-0.7,2,20,0.3258103541162715,0.48768103574509664,-0.10404080812254579,0.04325520244714798,0.36882977349468304,0.49361129791526565,1487
13,-0.7,8,10,0.3210029443189099,0.4492153185127707,-0.13282479899096145,0.04367276845823165,0.3728970151708222,0.5065703022339028,1522
26,-0.3,6,20,0.3197772735368615,0.4393982369258639,-0.137648919142758,0.04231783823765656,0.35973745836645965,0.5031887755102041,1568
26,-0.2,8,20,0.3167951675953025,0.4294297127019033,-0.22024122474766894,0.04357949434446917,0.3719875863749642,0.5123183828174352,1583
208,-0.2,8,5,0.3164242954261934,0.41761688740479597,-0.1902492487250258,0.04396750930233284,0.3757741865243893,0.5283387622149837,1535
13,-0.7,13,5,0.3138022761198137,0.429745780426265,-0.11626347812708027,0.045928786828815404,0.3950527768950065,0.5207522697795072,1542
208,-0.8,2,5,0.3127399425948811,0.47018910675118797,-0.161818795421367,0.044617258455796005,0.38213527300190897,0.501039501039501,1443
13,-0.8,4,10,0.30802965561256124,0.4486533114828572,-0.18036632150389054,0.04090967730791606,0.3461766847621166,0.5023537323470074,1487
26,-0.9,2,5,0.29984692692809567,0.3945240831009913,-0.298154108398878,0.04967491796696244,0.4325260833716422,0.5067043048694425,1417
26,-0.4,8,10,0.2982336574884295,0.4186705801392425,-0.10867390055015835,0.04180512020559779,0.35478629947922924,0.5041533546325878,1565
104,-0.2,6,20,0.29815437617445667,0.40227108547664037,-0.14101977963025802,0.04057191952981509,0.34294148650002154,0.5137204850031908,1567
52,-0.5,8,5,0.2971423305244616,0.4233804670975603,-0.1790167197567626,0.041979040593929096,0.35646404375162044,0.5117955439056356,1526
156,-0.3,6,20,0.29485876755907525,0.39395983942716567,-0.14710460451266227,0.039545687490922354,0.3331529975304237,0.522077922077922,1540
104,-0.8,2,5,0.29282596712421544,0.46531318064820837,-0.18073091803385988,0.04267248239290189,0.36317129841641016,0.4880382775119617,1463
52,-0.2,13,5,0.2857500704912129,0.3837466712524801,-0.2181815085529175,0.043597241140339804,0.37216057865394037,0.51994851994852,1554
208,-0.3,8,5,0.28535784964528804,0.37640347184814965,-0.18262707074719764,0.04082301788375364,0.3453459788551281,0.5278323510150622,1527
208,-0.5,6,5,0.28360925503611456,0.37043778440878794,-0.12296187463897446,0.03905636083461195,0.3285074364446119,0.5273927392739274,1515
156,-0.4,8,5,0.2742335034114933,0.3622569163122932,-0.18262707074719708,0.039705393456046734,0.3346722500640844,0.5313725490196078,1530
52,-0.5,4,20,0.26962759197256636,0.3862334267762976,-0.13713000795506747,0.036378923260925955,0.3033355612940314,0.49274406332453824,1516
26,-0.6,13,5,0.25466219055190004,0.33408487461742326,-0.19513564191457167,0.03972672079947559,0.33487524635481525,0.5180645161290323,1550
208,-0.3,6,10,0.2543094667165946,0.3345801817686862,-0.14688263064530216,0.03602557222551006,0.3000445631623818,0.5225637671680837,1529
26,-0.4,13,5,0.25420306894930716,0.31345533812629994,-0.20716388473373337,0.04031568838905897,0.3404916765973638,0.5229993698802773,1587
156,-0.7,2,20,0.2478512339107054,0.3583771068610905,-0.11195732180801488,0.03548458482613137,0.2950199094420609,0.5020242914979757,1482
208,-0.2,6,10,0.2403637810382965,0.31613613882194275,-0.14688263064530171,0.034785437645681316,0.2885511712266231,0.5231874591770085,1531
156,-0.2,8,10,0.2403625902460565,0.32065026612602715,-0.19219802238698247,0.03596986753384601,0.2995264041131096,0.5249513933895009,1543
208,-0.4,6,10,0.23847288996757113,0.30967499009814325,-0.16665105775675215,0.03475023722715864,0.2882262259373545,0.5232481990831697,1527
104,-0.5,6,5,0.23645849650666195,0.3221920419037888,-0.15755409276680088,0.035266716502398765,0.2930011140819482,0.5036208031599737,1519
156,-0.3,8,10,0.2332733166744921,0.3137440922621397,-0.19219802238698247,0.03533692060688032,0.2936513366477491,0.5247074122236671,1538
156,-0.4,6,5,0.23163728653423293,0.32303626793182894,-0.12118716822609876,0.03470308031957248,0.28779101792659834,0.5192936559843034,1529
13,-0.9,8,20,0.22887820842684284,0.26398017611595836,-0.26846624827439525,0.03815854421757914,0.3200201728730092,0.5034770514603616,1438
26,-0.3,8,10,0.2244194496804114,0.3152639083772711,-0.11356588976806725,0.03457483009424722,0.286608048311604,0.5069974554707379,1572
26,-0.6,8,10,0.22230657053703043,0.293155884371681,-0.2225155339042446,0.03457475241960983,0.2866073321320468,0.5006485084306096,1542
208,-0.5,4,20,0.21766955812833166,0.2877084519344689,-0.17169855155053648,0.03186448584338941,0.26182696101498504,0.528052805280528,1515
104,-0.4,6,5,0.2128051268916566,0.2846658838408582,-0.142493088510239,0.0334871808309829,0.2766133954377359,0.508419689119171,1544
52,-0.4,6,10,0.21051894453943854,0.2819553792803558,-0.1715009534600942,0.032486562152725496,0.2674778790924539,0.5114453891432309,1529
52,-0.2,8,10,0.2024724035987097,0.2706725026221963,-0.1646832083550035,0.03254887995208522,0.2680451762283844,0.511326860841424,1545
13,-0.5,13,10,0.1956948652056156,0.26377204203822685,-0.19242875805801452,0.03310989754839189,0.2731621814901628,0.5243209096651926,1583
13,-0.5,8,20,0.19401945404419066,0.2671729087308387,-0.24005235292600502,0.03209278393620796,0.26389827541793554,0.5079668578712556,1569
13,-0.6,13,5,0.19101365581955623,0.26305142564574796,-0.1544706012115702,0.032610461586634054,0.26860598761420595,0.5224257738471257,1583
156,-0.2,6,20,0.18443488420674536,0.24334057015402463,-0.1468826306453016,0.029765075335688396,0.24291657768662622,0.525974025974026,1540
52,-0.4,8,5,0.18185356205507078,0.24682519338396852,-0.14316027116198726,0.030688479102118915,0.25120368703839446,0.515645371577575,1534
26,-0.3,13,5,0.17897203407054227,0.21871929193181486,-0.2071638847337336,0.03137777670705333,0.2574209236396179,0.5226986128625473,1586
156,-0.2,8,5,0.1664550962433162,0.21839130410095428,-0.19219802238698247,0.02905501789194198,0.23657648670089704,0.5268956578094621,1543
104,-0.2,8,5,0.1602533926067517,0.20933410411462347,-0.16489382348660664,0.028564947856502654,0.23221699617493363,0.5222929936305732,1570
156,-0.6,4,5,0.15094189268232805,0.20868765510048382,-0.12900014269229276,0.026944002530499667,0.2178922144153388,0.5186170212765957,1504
13,-0.2,13,10,0.14983269575777047,0.20060892592250532,-0.2569797092223607,0.0279421613016968,0.2266960957900992,0.5238095238095238,1617
156,-0.5,4,10,0.1459313036542186,0.19149174599438828,-0.11354154893829038,0.026314995424888465,0.21237241767591564,0.5313531353135313,1515
52,-0.6,6,5,0.1447578110855784,0.210707761550594,-0.12462194183959885,0.026732360112132092,0.2160325430172345,0.5072944297082228,1508
208,-0.2,6,5,0.14211974433010505,0.18563148200403867,-0.16079613412571847,0.02631850637336397,0.21240316752786126,0.519268451992162,1531
104,-0.3,8,5,0.13441078696946832,0.17390034160185416,-0.16641170032228914,0.025930538330554365,0.209009316110212,0.5208199871877002,1561
13,-0.7,4,20,0.12803543682075474,0.1684436118840235,-0.23283635504552647,0.02474450190969235,0.19868506967989008,0.5066666666666667,1500
208,-0.3,6,5,0.12108181080127274,0.1576876531979897,-0.1604747749951324,0.024407570407096957,0.19576608620927582,0.5212557226945717,1529
208,-0.6,4,5,0.11297641824959058,0.1523764752454824,-0.16501913262744572,0.02357807419508018,0.1886059929274424,0.5083166999334664,1503
26,-0.2,13,5,0.10819974598494914,0.13155978263462062,-0.22752530519909553,0.02305523545610777,0.18411200635236447,0.5240775484677924,1599
104,-0.3,6,10,0.10419353851962386,0.1393846011952506,-0.15169293291832642,0.022883347943820187,0.18263778580007384,0.5121794871794871,1560
156,-0.3,8,5,0.10109372772058621,0.1329211445343886,-0.19219802238698247,0.022577021948239517,0.18001446834389734,0.523407022106632,1538
26,-0.5,13,5,0.09297139450632015,0.12167578878248003,-0.23066916649233837,0.021510310014609235,0.17091859762321038,0.5137555982085733,1563
52,-0.2,6,20,0.09269313734591485,0.11890489065911626,-0.2425759917557606,0.021842904552595188,0.17374810618202252,0.5109961190168176,1546
13,-0.4,8,20,0.09109569332116847,0.12455640735507134,-0.3024234546564092,0.021526602030247144,0.1710570624341856,0.5078864353312302,1585
13,-0.9,8,10,0.08350695880073666,0.09563532724285179,-0.2777596339345646,0.01966618694282518,0.155336755982854,0.5055632823365785,1438
104,-0.2,6,10,0.0784666529431222,0.1049774184947853,-0.14101977963025802,0.020544882596059244,0.16273873654207827,0.5118059987236758,1567
104,-0.6,4,10,0.069933809798535,0.09332922314700072,-0.15494322021964124,0.019875653957614148,0.1570975590359791,0.5016633399866933,1503
13,-0.8,2,20,0.06582059310418559,0.09676924599640699,-0.2776255001638407,0.019381032791880415,0.15294344450426012,0.4969574036511156,1479
208,-0.4,6,5,0.06574103166210506,0.08459375578245021,-0.17265019867831022,0.01939017800307319,0.1530201340430044,0.5225933202357563,1527
26,-0.5,8,10,0.06501359806703094,0.08614219721618607,-0.2118286928859986,0.01905963271127642,0.15025106197418614,0.5051546391752577,1552
52,-0.3,8,5,0.0553026858972687,0.07594356083043176,-0.1598753137568817,0.018024277768516894,0.14161479707547464,0.5126377187297473,1543
52,-0.3,6,10,0.05402149682755449,0.07290296218868356,-0.16803796161501972,0.01835952293625076,0.14440503418378614,0.5013003901170351,1538
156,-0.3,6,10,0.04492104562196267,0.059127513424462944,-0.14688263064530183,0.017683117654751168,0.13878137407293045,0.5097402597402597,1540
13,-0.3,13,10,0.03512881774434235,0.04629321317649447,-0.2907492574328817,0.01478704180474888,0.11497271941400244,0.5236907730673317,1604
52,-0.7,2,20,0.03252376680631681,0.04974466383152861,-0.21006950097175003,0.01665184711798484,0.13025336371579255,0.48494983277591974,1495
13,-0.6,6,20,0.03083774680446062,0.04028537447555003,-0.19825144787328086,0.01629212923371015,0.12729173068746924,0.5029239766081871,1539
13,-0.4,13,10,0.03005830528677531,0.039047550276398064,-0.28681749237656673,0.014239450912419072,0.11051972153260814,0.526117054751416,1589
104,-0.5,4,10,0.027805643798275697,0.036477846442127176,-0.1878770029203325,0.016355296997818458,0.1278113176800051,0.5079051383399209,1518
13,-0.6,8,10,0.025611966401389866,0.035077885021142376,-0.1667853065364363,0.015149342623399287,0.11792742610751361,0.49806701030927836,1552
13,-0.9,8,5,0.023665763960743234,0.02728119493494675,-0.3008957047647767,0.011575170715595329,0.08907268315334926,0.5062586926286509,1438
52,-0.5,6,5,0.02254308160424259,0.031794686326783936,-0.17925753913635378,0.015210761149555108,0.118428989426421,0.5006570302233903,1522
26,-0.2,6,20,0.020486810805646648,0.02755034032012195,-0.13764891914275812,0.015156967740236116,0.11798968466771842,0.5019035532994924,1576
104,-0.4,4,20,0.018118717382453377,0.023690574159377715,-0.1781718405163436,0.015535147210435918,0.12108126037080535,0.5068137573004543,1541
52,-0.4,4,20,-0.005096645757602972,-0.006710052413745092,-0.15289295536478098,0.013692055212730425,0.10608369675168139,0.4954128440366973,1526
26,-0.4,6,10,-0.008058844757466078,-0.011076927311262174,-0.189909995252176,0.012820818563739289,0.09905492152311868,0.5031887755102041,1568
156,-0.2,6,10,-0.009157887566266808,-0.011945191592444228,-0.1468826306453016,0.013043200281265044,0.10084532172458904,0.5103896103896104,1540
13,-0.2,13,5,-0.01505773192644432,-0.020084505166756774,-0.2569797092223607,0.009108152967496563,0.06953404307758082,0.5238095238095238,1617
13,-0.8,6,5,-0.02114393816349421,-0.03016139695647903,-0.23347381333498773,0.012190943474200244,0.09399744861205761,0.48963210702341137,1495
13,-0.5,13,5,-0.03283499410897464,-0.04420568524047216,-0.20466106179291665,0.0075947678677736885,0.05769881599764748,0.5205306380290587,1583
156,-0.3,6,5,-0.040546709947781166,-0.052157610526124616,-0.19847152363021314,0.009853649631448747,0.07540609854137159,0.525974025974026,1540
156,-0.2,6,5,-0.0505924004641817,-0.06518705855157977,-0.20299858336200438,0.00895373634018437,0.06832122329757717,0.5233766233766234,1540
26,-0.6,6,10,-0.05528414914148424,-0.07444407472578474,-0.2182719376002048,0.008696854588148284,0.06630625739865414,0.496407576747224,1531
208,-0.7,2,10,-0.05715044619752276,-0.08090796474514382,-0.21163138011164384,0.008474773996705931,0.06456692055033675,0.4973045822102426,1484
26,-0.7,4,10,-0.0772684145479279,-0.10809375721779746,-0.23699460480929702,0.007765617022642113,0.05902922004860711,0.4966711051930759,1502
13,-0.7,8,5,-0.08092345517416388,-0.11315549615308318,-0.19894292694488758,0.005854888986459361,0.04423248267594193,0.5013140604467805,1522
13,-0.7,6,10,-0.08151515022235974,-0.11066176753438946,-0.22103115069579182,0.007055013075009775,0.05350523503969584,0.4963648380700595,1513
104,-0.3,6,5,-0.08657835569059143,-0.11421081426864307,-0.1886553100783026,0.005235520271237526,0.0394746185399959,0.5057692307692307,1560
52,-0.6,4,10,-0.08693183458785993,-0.1246100706130726,-0.15624109281853338,0.007232540265512455,0.05488292773247583,0.48936170212765956,1504
208,-0.5,4,10,-0.08955518987618759,-0.11629488347856146,-0.20558116616124322,0.007114337778049151,0.053965448758299894,0.5201320132013202,1515
208,-0.4,4,20,-0.09501247773672691,-0.12266552411335264,-0.2231311486704941,0.007112649030240226,0.053952345826103976,0.5173998686802364,1523
104,-0.2,6,5,-0.0952978959110378,-0.12568311235285198,-0.19007078706701608,0.0043529223294944686,0.03272708982020589,0.5054243777919591,1567
26,-0.4,8,5,-0.0960729400783379,-0.1319403150601724,-0.18820904383672077,0.003506110575720145,0.026288801773844295,0.49904153354632586,1565
156,-0.4,4,20,-0.0964495986747097,-0.12440579012708691,-0.23333372782178463,0.006513320212323537,0.04931106584855405,0.5216251638269986,1526
52,-0.2,8,5,-0.09676728871272067,-0.1301909721039071,-0.22937564170436886,0.002878054576504363,0.02153616329584085,0.510032362459547,1545
26,-0.7,2,20,-0.10723056060093801,-0.16136163678061619,-0.21535937675461214,0.0046334152367797365,0.03486735970838217,0.4832439678284182,1492
156,-0.5,4,5,-0.11479029816077321,-0.1485758373658833,-0.20555446676520084,0.004050559932979425,0.030424237144131894,0.5201320132013202,1515
104,-0.3,4,20,-0.1183821032918539,-0.15291244764729472,-0.18069260337737203,0.004518222408056882,0.03398792975983178,0.5058064516129033,1550
26,-0.3,6,10,-0.12005721701620184,-0.1639623652171498,-0.23193789293394107,0.0029537156492718264,0.022107696712489355,0.5031887755102041,1568
26,-0.3,8,5,-0.1244054258629724,-0.17086161862335444,-0.22552543439338812,0.0007979590281965709,0.005931309779872107,0.5,1572
26,-0.6,4,20,-0.13181651071345027,-0.1720376339214954,-0.29428367501867125,0.003298439886343596,0.02471519945527656,0.49573770491803276,1525
52,-0.4,6,5,-0.14275073276540112,-0.18891563378627577,-0.18399605507977002,0.00036569860291080225,0.002714507966543156,0.5042511445389143,1529
26,-0.5,6,10,-0.14962725180550626,-0.20276935188878104,-0.18932570357621392,0.0006480442518530527,0.004814662114468904,0.49870466321243523,1544
13,-0.3,13,5,-0.15301119313585135,-0.20116598793204205,-0.29420443579975786,-0.006311283761812225,-0.04585609308096006,0.5218204488778054,1604
156,-0.7,2,10,-0.1560825339649038,-0.2220112806444166,-0.20173268029457125,-2.8733642560840877e-05,-0.00021301446722099548,0.4932523616734143,1482
104,-0.2,4,20,-0.1575789724690101,-0.2037755065738681,-0.18641120606350126,0.0012833111193439883,0.009553846384741993,0.5003203074951954,1561
13,-0.2,8,20,-0.1582929540165537,-0.21346088799008567,-0.30259462273773385,-0.004222983574866945,-0.030888802677169203,0.5062266500622665,1606
26,-0.2,8,10,-0.16340096394399795,-0.22023807431638062,-0.22024122474766894,-0.0024543341505786076,-0.01805408216061255,0.5060012634238787,1583
13,-0.9,6,20,-0.16426001034385312,-0.19240212732534342,-0.4437708183985075,-0.027912475997431074,-0.18932574786364542,0.49560117302052786,1364
13,-0.4,13,5,-0.17194050517191695,-0.22435800872299586,-0.3128768029757918,-0.008352052041751934,-0.06028908593228688,0.5185651353052234,1589
26,-0.7,6,5,-0.17794302167043496,-0.23687749548636308,-0.22453654918317867,-0.0013523539303944565,-0.00998310761211385,0.5003331112591606,1501
104,-0.4,4,10,-0.18493740312676937,-0.23974591265879344,-0.2172249100582,-0.001894077498494684,-0.013957868740521517,0.5042180402336145,1541
26,-0.8,2,5,-0.20097567940391706,-0.3224266336042715,-0.2449151865056448,-0.007403173329075585,-0.05360196954841112,0.4684317718940937,1473
104,-0.7,2,10,-0.20846382011444214,-0.3014702935223524,-0.18594948264813727,-0.00560382268310744,-0.04080812889237473,0.49259757738896365,1486
13,-0.5,6,20,-0.2114159950895087,-0.28593847416234974,-0.2830774848417361,-0.006128655533528149,-0.044555187266604346,0.4958199356913183,1555
208,-0.2,4,20,-0.2170169218619238,-0.27153536096231023,-0.21970777996868818,-0.0027334211297930233,-0.020089076218520074,0.5218525766470972,1533
13,-0.9,6,10,-0.21824963596823546,-0.25716340232960305,-0.4609692654297437,-0.037562430250558165,-0.24712555495596888,0.49486803519061584,1364
52,-0.2,6,10,-0.22040055343054968,-0.28279327668096915,-0.2425759917557606,-0.006522731000785598,-0.04736036938591426,0.5025873221216042,1546
52,-0.8,2,5,-0.22849472284419128,-0.3727995187517846,-0.24561657863132158,-0.009709682461364944,-0.0697857360222186,0.4613807245386193,1463
52,-0.3,6,5,-0.2402455120091553,-0.3233889254127911,-0.24214134668171627,-0.008913546119186377,-0.06422686930154753,0.5,1538
13,-0.8,4,5,-0.24180670682085817,-0.343914126815685,-0.2612897955735537,-0.006724008314281549,-0.048790388371463767,0.4862138533960995,1487
13,-0.5,8,10,-0.24656278297147824,-0.3330460980027559,-0.2771655865715026,-0.011586413397519646,-0.0827767297305122,0.49776927979604846,1569
208,-0.7,2,5,-0.24658813113256067,-0.34679964930977536,-0.2784289690805456,-0.009351850171594678,-0.06729078664401777,0.4871967654986523,1484
156,-0.3,4,20,-0.24974272056411653,-0.32229622111113787,-0.25217703716238726,-0.00569073141272991,-0.04142949298659038,0.516297262059974,1534
52,-0.5,4,10,-0.24977895797542718,-0.35664132378675867,-0.19736300836072262,-0.00599358996789956,-0.04359209521206786,0.48482849604221634,1516
208,-0.3,4,20,-0.2504576178872619,-0.31769507707239397,-0.2149575899098204,-0.0048753296891519415,-0.03558596648047474,0.5153896529142109,1527
208,-0.5,4,5,-0.2531205495630345,-0.32510933884454346,-0.29664309631352503,-0.006977210780374499,-0.05058668323378346,0.5082508250825083,1515
26,-0.6,8,5,-0.2593581822977003,-0.3351392515670589,-0.28130840662110623,-0.012324820540220771,-0.08784488984300087,0.49546044098573283,1542
13,-0.4,6,20,-0.27656670868487176,-0.37005892018547665,-0.32635714252840753,-0.01241479319479133,-0.08846077062058888,0.4942675159235669,1570
13,-0.8,2,10,-0.2804368851068947,-0.40882752862888133,-0.32361981493556646,-0.011893552874125746,-0.08488777555423943,0.4834347532116295,1479
104,-0.2,4,10,-0.2831730649533617,-0.3641597536258747,-0.22828436074715996,-0.009504484830289206,-0.06835572345410068,0.5054452274183215,1561
156,-0.2,4,20,-0.28375499698907686,-0.3640993850175916,-0.24682828626700837,-0.008252578082371675,-0.05958997786953313,0.5178919973975277,1537
156,-0.4,4,10,-0.28476513803898496,-0.3624603466977831,-0.2628905777913272,-0.008898334467590585,-0.06412037773558221,0.5216251638269986,1526
104,-0.3,4,10,-0.3035972969940877,-0.38917037524201226,-0.227899700303546,-0.011052737328179463,-0.07909862049373395,0.5070967741935484,1550
13,-0.3,8,20,-0.3045719594400857,-0.39972866039929555,-0.36759428717020637,-0.01785176205695227,-0.12501661501502603,0.5037641154328732,1594
208,-0.4,4,10,-0.3111843567297654,-0.39595870379768705,-0.27051389115113467,-0.010290657788484592,-0.07382423115911174,0.5193696651346028,1523
13,-0.4,8,10,-0.31528382925094106,-0.4214372141601833,-0.3621914678588444,-0.018981288242550187,-0.1324498193428898,0.49905362776025236,1585
26,-0.3,4,20,-0.3204769685520499,-0.441462491319679,-0.26375536098622576,-0.012502284994288737,-0.08905932440876807,0.49104859335038364,1564
208,-0.2,4,10,-0.3206238337592633,-0.39908330676146136,-0.284682909057715,-0.01170577986873711,-0.08359766506634336,0.5205479452054794,1533
26,-0.5,8,5,-0.32409793062230907,-0.42349987935828204,-0.28948627517819037,-0.018754162714027856,-0.13095955202640097,0.49677835051546393,1552
13,-0.9,6,5,-0.3317666452812561,-0.3946430014192084,-0.5271088730701707,-0.05909214739242541,-0.36338699758879633,0.49560117302052786,1364
52,-0.7,4,5,-0.3345723020223455,-0.48887944938305705,-0.24497562218063396,-0.01359353637286087,-0.09649633563072224,0.4876584389593062,1499
52,-0.3,4,20,-0.3352693514922677,-0.42811175757479036,-0.23348499504799103,-0.013427566075353448,-0.09536862629835785,0.4905537459283388,1535
104,-0.5,4,5,-0.3414971995477573,-0.4411626710290279,-0.2904799828593959,-0.015507224070798187,-0.10941157453766126,0.505270092226614,1518
104,-0.6,4,5,-0.3457988822175412,-0.45577316150518754,-0.24838701516108064,-0.016912748564640756,-0.11879526089767334,0.5003326679973387,1503
208,-0.2,4,5,-0.3461377295778521,-0.4330188583098014,-0.3529592444728805,-0.015462109886849817,-0.10910895296784562,0.5088062622309197,1533
13,-0.6,8,5,-0.3487674442516668,-0.47402161814085,-0.3098101994793304,-0.020734245775294036,-0.1438775310315361,0.4948453608247423,1552
26,-0.2,6,10,-0.3532285825666618,-0.4757181991428554,-0.2718014031677749,-0.018959441014304912,-0.13230656654513195,0.4980964467005076,1576
26,-0.4,4,20,-0.35951189186868254,-0.48109363723411264,-0.24165335465875482,-0.014731529643351005,-0.10419589137316587,0.49231754161331626,1562
156,-0.2,4,10,-0.360273275998508,-0.457585931809721,-0.2924464182763131,-0.014919015220115517,-0.10545893903302239,0.5211450878334418,1537
104,-0.6,2,20,-0.368298975010089,-0.5067756131585134,-0.22229234029769074,-0.01669529421583238,-0.11734909076409028,0.48933333333333334,1500
26,-0.5,4,20,-0.36997022108331346,-0.48249934914386383,-0.28651523526035094,-0.01601120255748867,-0.11278617234433119,0.49154746423927176,1538
208,-0.3,4,10,-0.3701282699156032,-0.4650270461936298,-0.28198912930431896,-0.014995624845815292,-0.10597459708509682,0.5147347740667977,1527
26,-0.4,6,5,-0.3769018053727943,-0.5168285843424948,-0.3422594001212734,-0.020023564011797612,-0.13926031833834263,0.4955357142857143,1568
156,-0.3,4,10,-0.381086642200129,-0.4839480892319587,-0.29718112738144753,-0.016589885964850892,-0.11664733949459805,0.5208604954367666,1534
156,-0.6,2,20,-0.3944599158494931,-0.5375694071427304,-0.2560289817923791,-0.017578271186911354,-0.12320855893260252,0.49732977303070763,1498
208,-0.4,4,5,-0.4012571704001898,-0.5088387499456556,-0.3577883035380063,-0.019107187601769993,-0.1332749458276088,0.5036112934996717,1523
208,-0.6,2,20,-0.40150128877305813,-0.5581256083724896,-0.26079075471572777,-0.018324383460016858,-0.12813352611863704,0.498,1500
13,-0.6,6,10,-0.4276684576725115,-0.5661486684971839,-0.3178800884185161,-0.0238587580417986,-0.16392386174034146,0.48797920727745286,1539
208,-0.3,4,5,-0.43322119505253054,-0.5450001486080452,-0.3586479537857117,-0.021872554814351908,-0.15122834305486577,0.5055664702030125,1527
156,-0.4,4,5,-0.4468093597301752,-0.5636405726397352,-0.3532383107527739,-0.023583260651826254,-0.1621727969893647,0.5137614678899083,1526
26,-0.3,6,5,-0.4514221037352397,-0.6150414634313088,-0.3737792013460508,-0.02631389423327013,-0.17938942948327452,0.4923469387755102,1568
52,-0.4,4,10,-0.45218634126840607,-0.5929407286981093,-0.2720988239405683,-0.02341469038091115,-0.16109979846279932,0.4895150720838794,1526
52,-0.2,4,20,-0.45772529142261553,-0.5715964352421572,-0.2566495394780508,-0.023627716021151657,-0.16245557034556235,0.4918883841661259,1541
104,-0.7,2,5,-0.46277398623567056,-0.6584206741804854,-0.2488620422044978,-0.029933539061321124,-0.2017389764675428,0.48150638870208473,1487
26,-0.2,8,5,-0.4718781692690425,-0.6262663177834399,-0.3358268488917916,-0.031598936515772946,-0.21184381661157636,0.49715729627289956,1583
156,-0.7,2,5,-0.47238865464628377,-0.6419343332401338,-0.26565590466056377,-0.029117109370776384,-0.19674446431908388,0.49527665317139,1482
13,-0.2,8,10,-0.4734389618780764,-0.6250134251657176,-0.4131744546141266,-0.03462856118490287,-0.22994261280943484,0.4987546699875467,1606
156,-0.2,4,5,-0.48536503883427357,-0.6147688704557047,-0.37158386965471535,-0.02717794352655023,-0.18477311068788815,0.5126870527000651,1537
52,-0.2,6,5,-0.4859233354721017,-0.6244501937202652,-0.3680529121831463,-0.03173079084249686,-0.21263909689549942,0.49805950840879687,1546
26,-0.2,4,20,-0.4934066006470366,-0.653172908081573,-0.3089667872554984,-0.02624136764729812,-0.1789361380088339,0.49140674729471673,1571
104,-0.4,4,5,-0.49914468251953914,-0.6430647387658497,-0.3399036562955823,-0.029807730843006475,-0.20097109971359617,0.5016223231667748,1541
104,-0.2,4,5,-0.508050851861601,-0.6512169046498703,-0.3424373903077256,-0.029886740749280882,-0.20145341523212767,0.50416399743754,1561
13,-0.7,4,10,-0.5163245216683183,-0.6704140290060614,-0.3346312030962648,-0.025692120598324153,-0.1754963040264056,0.48333333333333334,1500
156,-0.3,4,5,-0.5207532630894085,-0.6568772323561772,-0.3823478030485411,-0.029902117429062347,-0.20154725280053154,0.5123859191655802,1534
13,-0.9,4,20,-0.5221259751607947,-0.583859901946018,-0.5707932590857678,-0.08911569481323256,-0.4994398690247672,0.49147516679021497,1349
26,-0.5,6,5,-0.5306486411752154,-0.7131708535990923,-0.3161452580214965,-0.03230147899650526,-0.21607320695866916,0.49417098445595853,1544
13,-0.5,8,5,-0.5430665360384082,-0.7349101929132713,-0.4010323736189654,-0.03970977280827137,-0.259490824869117,0.4933078393881453,1569
104,-0.3,4,5,-0.5455229721473835,-0.6983823819450541,-0.34691827520148844,-0.03273748837385293,-0.21868814983779616,0.5025806451612903,1550
26,-0.6,6,5,-0.546497093864771,-0.7198171970735826,-0.3096098055414751,-0.03397818453811807,-0.22608791366637748,0.49118223383409537,1531
13,-0.2,6,20,-0.5482489361555081,-0.728372918544868,-0.39577848837110896,-0.0365379139119667,-0.24116330373059713,0.4921531701192718,1593
13,-0.9,4,10,-0.5584254792803562,-0.6279461613514081,-0.5879629594180522,-0.0958313346095182,-0.5261628948631301,0.4936990363232024,1349
13,-0.6,4,20,-0.5608926592822729,-0.7210689401217939,-0.3625781663751053,-0.03132547826973009,-0.21019223585994884,0.4833224329627207,1529
13,-0.7,2,20,-0.5679062128201211,-0.8106902978222124,-0.3513653583281341,-0.032247445280953024,-0.21574861596179973,0.4662207357859532,1495
13,-0.4,8,5,-0.5713410353381181,-0.7570211390832087,-0.45619757501475133,-0.04311351311301648,-0.27873102338384603,0.494006309148265,1585
52,-0.6,4,5,-0.5896852456598305,-0.8294359170871135,-0.3296547478160521,-0.03428006630095648,-0.22787919905759835,0.48603723404255317,1504
156,-0.5,2,20,-0.5900940074104841,-0.797220736435245,-0.33293183061598963,-0.03319369465246591,-0.2214161406258296,0.4943745863666446,1511
13,-0.7,6,5,-0.5986428458159305,-0.8043604736799586,-0.386900881283607,-0.03480350312002489,-0.23097663204129948,0.48777263714474556,1513
13,-0.9,4,5,-0.6277095015977817,-0.7132749311823509,-0.6482836269349452,-0.1109734072462556,-0.581930133866146,0.4936990363232024,1349
52,-0.7,2,10,-0.6329007693323444,-0.9602111134918506,-0.3314435101106695,-0.039919117137643956,-0.2606868600436645,0.46488294314381273,1495
52,-0.6,2,20,-0.6385871225075411,-0.9326853127193707,-0.3053751434879539,-0.0377056445539774,-0.2479557642107606,0.46902065289806794,1501
208,-0.6,2,10,-0.6445159023728216,-0.8848632353400677,-0.32483247275015237,-0.038611255641982756,-0.2531872506243793,0.48933333333333334,1500
13,-0.3,6,20,-0.6539431132866461,-0.8486383988765915,-0.4284435009022698,-0.04509079833391938,-0.2897081262428355,0.4892541087231353,1582
26,-0.2,6,5,-0.6584980324498942,-0.8881909595344823,-0.398890798268856,-0.046778020672163745,-0.2989603358202594,0.49048223350253806,1576
104,-0.5,2,20,-0.6643980208599692,-0.8886985808979464,-0.332416074964915,-0.038033649426430505,-0.24985421552629017,0.4887566137566138,1512
52,-0.5,4,5,-0.6645027509106982,-0.9332344277031531,-0.3745496084772387,-0.04065647898330571,-0.2648862882724341,0.4861477572559367,1516
104,-0.4,2,20,-0.6751650064047557,-0.8948216428071581,-0.3889413299129103,-0.04179373703337519,-0.27132274895228703,0.4888888888888889,1530
13,-0.5,6,10,-0.6775290695532118,-0.9100085828697598,-0.4372380001318411,-0.04662535181412075,-0.29812745949882324,0.4842443729903537,1555
26,-0.7,4,5,-0.6784891878451896,-0.9364941468954154,-0.36184672537065476,-0.0408083995097428,-0.2657489384437426,0.47203728362183756,1502
13,-0.2,8,5,-0.6912306996131955,-0.9081242554424505,-0.4914083422066292,-0.05527105989490455,-0.34396764784179956,0.4931506849315068,1606
208,-0.5,2,20,-0.6941041148336754,-0.9374477898205285,-0.34445142675700346,-0.03962575041962768,-0.25901031394872476,0.498015873015873,1512
13,-0.3,8,10,-0.6970846081373717,-0.8925586486637579,-0.47305508652333783,-0.05375071658668107,-0.3360997214191759,0.49372647427854455,1594
156,-0.6,2,10,-0.7038233336256534,-0.9474222230876411,-0.3494970490619398,-0.04342270409326199,-0.28045714768343044,0.493324432576769,1498
13,-0.4,6,10,-0.7060796078591602,-0.9386539454575737,-0.475677056224205,-0.050203128478728654,-0.317422399959283,0.48662420382165605,1570
52,-0.3,4,10,-0.7341641991053186,-0.9319482040791985,-0.37855489133036013,-0.04610383264173157,-0.29527588088840784,0.4859934853420195,1535
208,-0.6,2,5,-0.7374589654517469,-1.012587482206386,-0.38879379646572465,-0.04952322500316453,-0.3137914173945975,0.484,1500
26,-0.3,4,10,-0.7457389296873482,-1.0231391667541714,-0.41944051112560765,-0.04685048866780572,-0.2993553815235732,0.4820971867007673,1564
26,-0.6,4,10,-0.7575270392073105,-0.9826905671705459,-0.39788623231950715,-0.04665218550803085,-0.29827391117541024,0.479344262295082,1525
26,-0.4,4,10,-0.7818597262356181,-1.0441664547778335,-0.4011971244165413,-0.04808905438326683,-0.3060774797159943,0.4833546734955186,1562
104,-0.6,2,10,-0.7834677391419985,-1.049688702311756,-0.3681011256981741,-0.051119990764224355,-0.3222925192025109,0.48933333333333334,1500
26,-0.7,2,10,-0.7836578520701024,-1.1618420024743459,-0.3988374296515155,-0.05189281826102399,-0.3263741881975941,0.4691689008042895,1492
52,-0.2,4,10,-0.787672731798389,-0.9847271413089437,-0.39341409687539797,-0.051200231416841824,-0.32271730118910624,0.4853990914990266,1541
156,-0.5,2,10,-0.7914104961751417,-1.0641156137233874,-0.4244127354092383,-0.05120199998698005,-0.32272666113931836,0.49503639973527463,1511
13,-0.8,2,5,-0.7922901189248917,-1.1180759119245722,-0.449766778202647,-0.05668333126722669,-0.35120389112823613,0.47329276538201487,1479
52,-0.4,4,5,-0.8138709236710574,-1.0613468817528615,-0.4198913107288901,-0.0543627102407882,-0.3392766097734241,0.4921363040629096,1526
156,-0.4,2,20,-0.816532684888991,-1.0991125115259324,-0.40479304447097597,-0.04878087622938254,-0.3098078785487093,0.4891518737672584,1521
156,-0.6,2,5,-0.8363291383239053,-1.09939743965744,-0.4229430566164344,-0.058170023053709774,-0.3587467452334242,0.4986648865153538,1498
156,-0.5,2,5,-0.8407204788878452,-1.113098929163166,-0.46584798485675005,-0.059871231082494925,-0.36728478269989917,0.500330906684315,1511
208,-0.5,2,5,-0.8531726922900185,-1.150015444729838,-0.4385068631025134,-0.05831694225890771,-0.3594880159049062,0.48412698412698413,1512
13,-0.9,2,20,-0.8538278282677105,-0.9540743275260333,-0.7208583194998192,-0.1429859073483435,-0.6814584678842317,0.4812874251497006,1336
13,-0.6,6,5,-0.8550998264873659,-1.1306578899782587,-0.47908812687580427,-0.059865208322523955,-0.3672547299753778,0.4853801169590643,1539
208,-0.5,2,10,-0.8552912958804368,-1.1475615917711937,-0.41350526831079804,-0.053910002155054704,-0.33692784986820457,0.4894179894179894,1512
104,-0.4,2,10,-0.8618860667041539,-1.1466416247841904,-0.4731378825379676,-0.05917194591006303,-0.3637871851161454,0.4928104575163399,1530
208,-0.3,2,5,-0.862285253024799,-1.128361885772151,-0.4524391357722811,-0.05939113949520869,-0.3648853156051197,0.4849081364829396,1524
208,-0.4,2,20,-0.8659980662391957,-1.152454866628075,-0.42298826514519483,-0.05214399235412848,-0.3276961703675686,0.4957208689927584,1519
208,-0.2,2,5,-0.8677365421830822,-1.1643037645951626,-0.4695669535013439,-0.06037122931249328,-0.3697754009694737,0.4856020942408377,1528
208,-0.4,2,5,-0.8799667855263185,-1.1834715170585228,-0.46423551430190046,-0.06047769546359827,-0.3703046392182062,0.48452929558920343,1519
13,-0.2,6,10,-0.8839360368473814,-1.163285994056443,-0.5017716058045771,-0.06478055338431943,-0.3913747079597133,0.48462021343377276,1593
13,-0.9,2,10,-0.8839938657443212,-0.9940519976957864,-0.734929771804889,-0.14875129932419284,-0.6970076804275882,0.4820359281437126,1336
26,-0.5,4,10,-0.8865298724491666,-1.1530579084929575,-0.43559657654047323,-0.05687774216900354,-0.35219459245106666,0.4798439531859558,1538
26,-0.2,4,10,-0.8932927985157249,-1.1831772759294155,-0.44855838220078326,-0.05805985121430124,-0.35819039402204866,0.48440483768300446,1571
208,-0.3,2,20,-0.901374348947439,-1.1560824319589094,-0.4288204978919362,-0.0549407554841469,-0.34226518420380125,0.4921259842519685,1524
52,-0.5,2,20,-0.9116565868101266,-1.2611180066273804,-0.40683941561202486,-0.05740654368990039,-0.3548827013523832,0.4623015873015873,1512
13,-0.9,2,5,-0.9207104585545433,-1.045939859222426,-0.7663073199859781,-0.1594773942145954,-0.7241952771573525,0.4865269461077844,1336
208,-0.2,2,20,-0.922964754646299,-1.2167174333191884,-0.4514545610989513,-0.057026736417073565,-0.35295296828385025,0.49410994764397903,1528
13,-0.3,8,5,-0.9306053165377398,-1.1863241995153242,-0.5445913013861616,-0.07469327512986246,-0.4376082412854857,0.49121706398996234,1594
208,-0.4,2,10,-0.931642796020973,-1.2404743767645583,-0.4573586602495249,-0.059809359300615816,-0.36697599239200573,0.489137590520079,1519
208,-0.3,2,10,-0.9416336110346221,-1.215924006828818,-0.45521431787368916,-0.060798671086015776,-0.37189786777926026,0.48884514435695536,1524
104,-0.4,2,5,-0.9455138292327108,-1.255989842124789,-0.5271604043480405,-0.07010974896335453,-0.4166228303928352,0.48169934640522877,1530
208,-0.2,2,10,-0.9502769555216171,-1.2591543689457891,-0.47353420997904283,-0.06208427425339891,-0.37824431917479595,0.49018324607329844,1528
13,-0.4,6,5,-0.9559343630350221,-1.2699941380443074,-0.5600504961851298,-0.07202583715508004,-0.425476491853625,0.4789808917197452,1570
156,-0.4,2,10,-0.9596142121889368,-1.284519275768307,-0.47053112665732755,-0.06254365045419386,-0.3804985623600782,0.49243918474687703,1521
156,-0.2,2,20,-0.9615160121618581,-1.241505682397075,-0.4264058927302491,-0.05868626751268935,-0.361348147771536,0.4863102998696219,1534
156,-0.3,2,20,-0.9648567369115055,-1.287060316376577,-0.44364596602847284,-0.059674619306774423,-0.3663030795346932,0.48593852190974496,1529
104,-0.5,2,10,-0.9651103928507049,-1.2775515480792452,-0.4562425195545139,-0.06302284969803296,-0.382842542551188,0.49074074074074076,1512
156,-0.4,2,5,-0.9692157724351622,-1.2788252703314447,-0.5003719100546455,-0.06901459993081649,-0.4115096617982523,0.49638395792241946,1521
26,-0.6,2,20,-0.9698664327596672,-1.3487493635386334,-0.42609419471510024,-0.06439170571688746,-0.3894960247572449,0.46671061305207645,1517
156,-0.2,2,5,-0.9709784620266046,-1.2551739601784195,-0.4798363549525212,-0.06900872257690516,-0.4114821166231202,0.49674054758800523,1534
104,-0.6,2,5,-0.9774110312007315,-1.2993956953724093,-0.4688263086945619,-0.07033339597680399,-0.41766228207676426,0.47733333333333333,1500
13,-0.5,6,5,-0.9779457205353703,-1.3143958670910323,-0.5421016898432329,-0.07255963439896662,-0.4279222054266999,0.47717041800643084,1555
13,-0.5,4,20,-1.0074657734440262,-1.2567209937455188,-0.495032013744653,-0.064062037953733,-0.38789933643792884,0.47840103159252095,1551
52,-0.3,4,5,-1.0161188248267081,-1.2988275251147021,-0.49263029297580263,-0.07108210007475169,-0.4211304077549789,0.48925081433224754,1535
52,-0.4,2,20,-1.0182646321229236,-1.367650060921588,-0.4278425926857079,-0.0675369135186824,-0.4045490312377833,0.463254593175853,1524
156,-0.3,2,5,-1.023758411476406,-1.3549458418715823,-0.5110238900242006,-0.07390576706409158,-0.4340498617921176,0.4950948332243296,1529
104,-0.3,2,20,-1.026871512018587,-1.3549864505060942,-0.43760590336394667,-0.0664460583368508,-0.3993649754500811,0.4828033744321869,1541
13,-0.6,4,10,-1.0309840837498896,-1.3355099429255175,-0.5051078885541243,-0.06817381183289006,-0.40755782000727814,0.47416612164813604,1529
156,-0.2,2,10,-1.0322326763717047,-1.3418641099493192,-0.47129354248913846,-0.06779818513353353,-0.4057849069226741,0.49022164276401564,1534
13,-0.3,6,10,-1.039306350398418,-1.3349614259252007,-0.5414110410669535,-0.07693216869640596,-0.44761922373166485,0.48419721871049304,1582
26,-0.3,4,5,-1.049946044398504,-1.4473329926339094,-0.513507616868742,-0.0726988839525996,-0.42855872568311415,0.4718670076726343,1564
13,-0.7,4,5,-1.065177299640107,-1.3829788589145344,-0.4903844382086382,-0.06645000608064,-0.3993838064222287,0.468,1500
156,-0.3,2,10,-1.0672029711613653,-1.423837557151122,-0.4961673666680164,-0.07099396700757976,-0.42072309043936373,0.48790058862001306,1529
13,-0.4,4,20,-1.0691545862515304,-1.3587968919609186,-0.5069772598817552,-0.06877198871446133,-0.410371697188913,0.4746957078795644,1561
104,-0.5,2,5,-1.081973770000997,-1.425542185194995,-0.5229596460525302,-0.07674940881782255,-0.4468078517418299,0.48148148148148145,1512
13,-0.2,6,5,-1.086218442923744,-1.4369197062351269,-0.5705843798194858,-0.08260138419211349,-0.4722820491722114,0.47394852479598243,1593
52,-0.2,4,5,-1.0929027567860068,-1.3731396705982695,-0.5099375353244832,-0.07794311884167637,-0.45208881739396256,0.4879948085658663,1541
52,-0.3,2,20,-1.0960209397111214,-1.461562612315595,-0.47166808306190877,-0.07288195662971608,-0.4293946324232968,0.4643557880967953,1529
26,-0.6,4,5,-1.134149090193565,-1.4703009975153842,-0.5200578763250905,-0.07763470620993673,-0.45072859805633003,0.4727868852459016,1525
26,-0.4,4,5,-1.1470938353622524,-1.53438895694479,-0.5215871482367722,-0.07793192455046094,-0.45203949724307113,0.47183098591549294,1562
104,-0.2,2,20,-1.147257443147701,-1.4879294082082273,-0.47358007471698305,-0.07210392845636648,-0.42583484878454314,0.4787371134020619,1552
26,-0.4,2,20,-1.1566680107001424,-1.6608480455122634,-0.5393451728430916,-0.0757513402834501,-0.44235865907624394,0.4622823984526112,1551
104,-0.3,2,10,-1.1592128451135109,-1.538816031200496,-0.5006853752910518,-0.07983783169733172,-0.4603814692983266,0.4892926670992862,1541
52,-0.7,2,5,-1.1659819448622848,-1.7249199044113932,-0.5210357563039034,-0.08580419100223968,-0.48578951470251797,0.44816053511705684,1495
26,-0.2,4,5,-1.186403089823567,-1.587556542289963,-0.5400902822748946,-0.08296144203390543,-0.47381570495273184,0.4716740929344367,1571
104,-0.3,2,5,-1.189284058595258,-1.584425405252183,-0.541285076700302,-0.08766349144672725,-0.4934928388920883,0.47761194029850745,1541
26,-0.5,4,5,-1.1903196006929007,-1.5541030915217886,-0.5362207064950777,-0.08254517924658467,-0.47204229725680436,0.4726918075422627,1538
52,-0.6,2,10,-1.1999282021028281,-1.7412224400745513,-0.49509150184586637,-0.08257214579643779,-0.47215733949602234,0.4643570952698201,1501
13,-0.6,2,20,-1.2016319260206565,-1.6508728027680308,-0.5285557454107578,-0.08388442450303979,-0.4777295229448181,0.4532894736842105,1520
13,-0.7,2,10,-1.2106196146161579,-1.7043175296025939,-0.5259070485703283,-0.08245967823714939,-0.47167739720587387,0.44816053511705684,1495
13,-0.3,4,20,-1.2479617275605726,-1.5530101137991805,-0.5646500203578821,-0.08662271006587396,-0.4891931429828307,0.4724159797083069,1577
104,-0.2,2,5,-1.2623901612230084,-1.6580564949541563,-0.5619666106479109,-0.09074700174501349,-0.5060482287511597,0.47487113402061853,1552
104,-0.2,2,10,-1.2643467040131153,-1.649725566601149,-0.5299754821417929,-0.08471704923797052,-0.4812385548380863,0.48582474226804123,1552
13,-0.3,6,5,-1.2717495225041462,-1.6386549763241631,-0.6102412407209046,-0.09666696727476287,-0.5294000720279322,0.4715549936788875,1582
26,-0.5,2,20,-1.2775055695916158,-1.7551136734022104,-0.5044612039124223,-0.08564798312455513,-0.4851377346500332,0.4637491835401698,1531
13,-0.2,4,20,-1.338731991986316,-1.6617066417878468,-0.5876671843349487,-0.09277439363957773,-0.5141558184701605,0.47381703470031544,1585
52,-0.5,2,10,-1.398505513109615,-1.9258489069093698,-0.5529549868488777,-0.09499115604747421,-0.5228887030430455,0.460978835978836,1512
26,-0.7,2,5,-1.4173830266178231,-2.087686856116111,-0.5732177601058892,-0.10374715151858271,-0.5560691399120112,0.4450402144772118,1492
52,-0.4,2,10,-1.438349597236643,-1.9260967607682358,-0.5673307697487537,-0.10063252318414806,-0.5445028774753107,0.463254593175853,1524
26,-0.6,2,10,-1.440414880781525,-1.9980324800702256,-0.5817521446077909,-0.10248712251475167,-0.5514209652344846,0.46077785102175345,1517
52,-0.3,2,10,-1.4441949218436092,-1.9358287902336344,-0.5839257024096398,-0.1008801294552436,-0.5454318119927513,0.46370176586003925,1529
13,-0.6,4,5,-1.459828743901806,-1.8973133055199147,-0.6064968646090452,-0.1013682758936717,-0.5472583718601398,0.46631785480706345,1529
52,-0.2,2,20,-1.475356478917368,-1.865378957383323,-0.5529194888360704,-0.10145042770850032,-0.5475651447328918,0.46228868660598177,1538
26,-0.3,2,20,-1.4789182386467306,-2.0625320530400666,-0.5878205896137918,-0.0987863369270705,-0.5375246892702003,0.45787781350482315,1555
13,-0.4,4,10,-1.4882712827782136,-1.8810602794630982,-0.6066239502591706,-0.09947205621380939,-0.5401272806403905,0.47021140294682895,1561
26,-0.4,2,10,-1.504488116380257,-2.146532482219393,-0.6372675411686226,-0.10313719998466186,-0.5538242938588956,0.4584139264990329,1551
13,-0.5,4,10,-1.5211324925883454,-1.877450713552277,-0.6073694554735167,-0.10021115368700428,-0.5429182667051857,0.4687298517085751,1551
13,-0.5,2,20,-1.5521124852166686,-2.1166419714824127,-0.6230277151601902,-0.10963824147209611,-0.5772525657175549,0.444299674267101,1535
13,-0.3,4,10,-1.5941271185817418,-1.983286920556031,-0.642439724128135,-0.11298949268332026,-0.5889083498001304,0.4705136334812936,1577
52,-0.6,2,5,-1.609582423337584,-2.302378026549047,-0.6197163060360548,-0.11833345589678168,-0.6069198901924309,0.4503664223850766,1501
13,-0.2,4,10,-1.6434631933489763,-2.0393879330221023,-0.6537297228388367,-0.11550748320337567,-0.5974821010879297,0.47129337539432176,1585
13,-0.6,2,10,-1.661486233624194,-2.283736626137177,-0.6375525405472603,-0.11945027052927282,-0.6105965412327257,0.4381578947368421,1520
26,-0.5,2,10,-1.6669778240962538,-2.280829709369126,-0.6191504922508502,-0.11594567912279374,-0.5989582420891771,0.45329849771391245,1531
52,-0.3,2,5,-1.7075443053461028,-2.302918229631365,-0.6666280941433418,-0.1265547839608976,-0.6332962184108073,0.45454545454545453,1529
52,-0.4,2,5,-1.7303559360659961,-2.330024579782429,-0.6573834627812551,-0.1276985535683668,-0.6368415211102902,0.45341207349081364,1524
52,-0.5,2,5,-1.7347803783964104,-2.376092096469373,-0.6489087527434281,-0.12461095178054815,-0.6272022814592537,0.44907407407407407,1512
52,-0.2,2,10,-1.7621376798946746,-2.254961345672959,-0.6372546769084153,-0.1250735388569164,-0.6286603842401167,0.46033810143042914,1538
13,-0.4,4,5,-1.773099096697802,-2.2654570133383154,-0.6656556097200794,-0.12221768655528364,-0.6195791863897584,0.46316463805253044,1561
26,-0.3,2,10,-1.790927767048448,-2.4930617155315935,-0.667651836161438,-0.1230114750710013,-0.6221223915251636,0.4527331189710611,1555
26,-0.4,2,5,-1.7993318964725362,-2.611839520307701,-0.6992978145012476,-0.12899443606475347,-0.6408224565902432,0.43907156673114117,1551
13,-0.4,2,20,-1.8220188319155455,-2.418978274392776,-0.6660688581733338,-0.12862272403149544,-0.6396844422118759,0.440361057382334,1551
13,-0.7,2,5,-1.826173233370977,-2.5241002922001274,-0.669203538877067,-0.12952827908395947,-0.6424514026360169,0.4367892976588629,1495
13,-0.3,4,5,-1.8516173432504297,-2.335057334825232,-0.6936532177001482,-0.13455060602285673,-0.6574661229261429,0.4590995561192137,1577
26,-0.2,2,20,-1.8518382678956622,-2.45101385006696,-0.6467154942205198,-0.12844301973797334,-0.6391331511852345,0.4539641943734015,1564
13,-0.2,4,5,-1.8705815667446364,-2.355222722365219,-0.6987471647995438,-0.13483873241902433,-0.6583107007459859,0.4618296529968454,1585
13,-0.5,4,5,-1.882052447229344,-2.344875538136745,-0.6759662468007386,-0.1276773623595402,-0.6367761060722099,0.45970341715022567,1551
26,-0.6,2,5,-1.9226397414576202,-2.663449552777985,-0.6818948266972067,-0.14075826063377683,-0.6752682623496937,0.43704680290046144,1517
13,-0.5,2,10,-1.9320763696103271,-2.6135646431006125,-0.6959093171054609,-0.13803835905374107,-0.6675692917218987,0.4358306188925081,1535
52,-0.2,2,5,-1.9814286352417698,-2.575117616454324,-0.7037221209391675,-0.147853204804142,-0.6946296062138756,0.4518855656697009,1538
13,-0.2,2,20,-1.9849261036721395,-2.622011602100212,-0.698949869267557,-0.14407425364867943,-0.6844454686478602,0.44218551461245237,1574
26,-0.3,2,5,-2.049903401246958,-2.9071045365942836,-0.7234850584316698,-0.1460979509175233,-0.6899351966360492,0.43922829581993567,1555
26,-0.5,2,5,-2.0592498593406954,-2.8414409024169496,-0.7029917457274635,-0.1482327493749307,-0.6956365690357811,0.43370346178967994,1531
13,-0.3,2,20,-2.119030193294552,-2.693880194882986,-0.7118468315148703,-0.14820267553456912,-0.6955568856029755,0.4415335463258786,1565
26,-0.2,2,10,-2.1191485649224076,-2.8213904829395426,-0.7086058775772963,-0.14973258861269778,-0.6995877145482221,0.44820971867007675,1564
13,-0.6,2,5,-2.154147272895476,-2.914812648106344,-0.7347197552211995,-0.15790040950998496,-0.720335587620169,0.44013157894736843,1520
13,-0.4,2,10,-2.162569738611957,-2.8496797824047078,-0.7253186825546076,-0.15327110611793937,-0.7087341202717952,0.4345583494519665,1551
13,-0.2,2,10,-2.234313142120994,-2.9575470209083754,-0.7445124778382882,-0.1628683135688278,-0.7323388278300289,0.42947903430749684,1574
13,-0.5,2,5,-2.3072209417291965,-3.100564900684766,-0.7647677474520476,-0.1674504420565156,-0.7430122112812654,0.43713355048859937,1535
26,-0.2,2,5,-2.32887687060892,-3.1718728076903107,-0.7535711323187584,-0.1698430806039969,-0.7484376831144597,0.4360613810741688,1564
13,-0.3,2,10,-2.422636716475023,-3.0774812831407696,-0.7587945356773144,-0.1693383112661132,-0.7473014072540581,0.42747603833865816,1565
13,-0.4,2,5,-2.520797798250077,-3.307819193598915,-0.7884575489478143,-0.18104156147543815,-0.7725348966308743,0.4339136041263701,1551
13,-0.2,2,5,-2.527972450468165,-3.329018542790249,-0.7976337257283732,-0.18682663513194286,-0.7841814044304973,0.4358322744599746,1574
13,-0.3,2,5,-2.7516103163825374,-3.4772717738817156,-0.8121580779896198,-0.19495449577601554,-0.7996712646745591,0.4325878594249201,1565
