low_bubble_threshold,leverage_multiplier,leverage_hold_days,high_bubble_threshold,uvxy_allocation,uvxy_hold_days,Total Return,Annual Return,Sharpe Ratio,Sortino Ratio,Max Drawdown,Annual Vol
-0.9,1.1,40,0.85,0.3,30,2.97749749652419,0.04804765461506966,0.6364739453217084,17.354461906924463,-0.11646474187116562,0.07549037155131899
-0.88,1.1,40,0.85,0.3,30,2.955152474612463,0.047846980933440975,0.6335663898106534,17.27111491687052,-0.11745470110641043,0.0755200744593482
-0.9,1.2,40,0.85,0.3,30,2.8570597227903773,0.04695288204625547,0.6189898444521202,16.80507820601691,-0.11988416944109026,0.07585404262619909
-0.92,1.1,60,0.85,0.3,30,3.0708803688777015,0.048874678427199614,0.6150450964473922,17.82584540227373,-0.11693791967246003,0.07946519484426147
-0.88,1.2,40,0.85,0.3,30,2.8138206790209743,0.04655176905749592,0.6132011029662633,16.64116135909874,-0.12362559967144049,0.07591599041865564
-0.9,1.1,60,0.85,0.3,30,3.0493333190231873,0.04868549062340444,0.6125150647091443,17.74623404977356,-0.11693791967245859,0.07948456034550427
-0.88,1.1,60,0.85,0.3,30,3.0170325766115784,0.04840005354781485,0.6086108779795667,17.632493786477987,-0.1172422748637969,0.07952544934538586
-0.9,1.3,40,0.85,0.3,30,2.74000838955853,0.04585677811111344,0.6014197073740263,16.243980103426964,-0.12849650443033056,0.07624754817453105
-0.92,1.2,60,0.85,0.3,30,2.9427527797097297,0.04773515012757534,0.5980274299030757,17.253779886888466,-0.12843085939988153,0.0798210044233455
-0.95,1.1,60,0.85,0.3,30,3.3353184280827417,0.05112085119701604,0.5962627470993112,16.31928038117598,-0.1750782469682476,0.08573544372125859
-0.9,1.1,40,0.85,0.4,30,4.013859708084156,0.05632896932375675,0.5942885649619959,16.65188138887798,-0.1328858014803712,0.09478386872101253
-0.9,1.2,60,0.85,0.3,30,2.901108501732182,0.04735706466181222,0.5929905600149556,17.09393252538332,-0.12938198634698683,0.07986141408493559
-0.88,1.3,40,0.85,0.3,30,2.6772600679935934,0.04525546158475158,0.5927818791449088,15.999227540696493,-0.13362424300640963,0.0763442054774563
-0.88,1.1,40,0.85,0.4,30,3.9856925489250994,0.05612670998721647,0.5920064150893931,16.584583267469434,-0.1328858014803712,0.09480760437155283
-0.95,1.2,60,0.85,0.3,30,3.277544655085072,0.05064163591227078,0.5890821783644986,16.08777686253232,-0.1750782469682477,0.08596701406392898
-0.92,1.1,50,0.85,0.3,30,2.4524677687125602,0.04301675734246024,0.5873758762674536,15.863034367991132,-0.12650043795311194,0.07323548528382727
-0.88,1.2,60,0.85,0.3,30,2.839085120593038,0.046786668340517146,0.5852233816096523,16.869486020216836,-0.13209538694212308,0.07994668328498904
-0.9,1.4,40,0.85,0.3,30,2.626256710851323,0.04475934873141019,0.5837889446527568,15.673232810893909,-0.1378789857223055,0.0766704288277221
-0.95,1.3,60,0.85,0.3,30,3.2203295234440183,0.05016085223519262,0.5817903570175025,15.845047064830995,-0.17507824696824748,0.08621808806240422
-0.92,1.3,60,0.85,0.3,30,2.818384353563059,0.046594311415549594,0.580932028173662,16.67039886996078,-0.14241676245538293,0.08020613282767883
-0.9,1.2,40,0.85,0.4,30,3.8620411081772863,0.055225546235916134,0.5808679625389366,16.23048259384312,-0.1328858014803712,0.09507418173749645
-0.92,1.1,40,0.85,0.3,30,2.472263685050729,0.043219476443284055,0.5791280582608943,15.207196473485894,-0.13773010026426336,0.07462853133566168
-0.88,1.2,40,0.85,0.4,30,3.80753585718449,0.05482126378928087,0.5763151033781497,16.09882977575718,-0.1328858014803711,0.09512376730704877
-0.95,1.4,60,0.85,0.3,30,3.1636712172039614,0.04967850223201853,0.5743943369288751,15.593423767643424,-0.17507824696824748,0.08648849586093676
-0.9,1.3,60,0.85,0.3,30,2.758023814697141,0.04602761948724177,0.573415566846412,16.43276750369528,-0.14382072899291132,0.08026921860593672
-0.92,1.1,60,0.85,0.4,30,4.161417290212488,0.05737091807012806,0.5728511955980523,17.209587807471536,-0.15238115537961128,0.10014977451558474
-0.88,1.4,40,0.85,0.3,30,2.5453200855664155,0.043958065828554105,0.5723395025470893,15.35027998018803,-0.1446387906650134,0.07680417939514397
-0.92,1.2,50,0.85,0.3,30,2.3609858849005914,0.04206511379716171,0.5714925954159066,15.370588148425648,-0.12853798364925473,0.07360570221657661
-0.9,1.1,60,0.85,0.4,30,4.134098060563168,0.057180197781135034,0.570858846335422,17.145605466537898,-0.1523811553796115,0.10016521272850243
-0.9,1.1,50,0.85,0.3,30,2.3075402160478276,0.041497496218964924,0.5693521635869009,15.350952638173233,-0.14962507511434786,0.07288546329135204
-0.95,1.1,40,0.85,0.3,30,2.821858559747666,0.04662666488519429,0.5691719553881577,14.604007126974368,-0.1750782469682477,0.08192017270667587
-0.92,1.1,60,0.85,0.3,50,2.860145873582355,0.046981344835840266,0.5680811630643797,16.010137631481147,-0.13730267789919282,0.08270181778675867
-0.88,1.1,60,0.85,0.4,30,4.09314436129846,0.05689244856869413,0.567801541969754,17.053326481636056,-0.1523811553796116,0.10019777045925092
-0.9,1.3,40,0.85,0.4,30,3.7144913073336028,0.054120781261746354,0.5673701355314534,15.799282445825936,-0.132885801480371,0.09538884384715036
-0.92,1.2,40,0.85,0.3,30,2.397486378980209,0.042447776682403626,0.5663492413933393,14.822253311690874,-0.14334326724018154,0.07494982526677901
-0.95,1.1,50,0.85,0.3,30,2.717879246690447,0.04564583479305129,0.5663203609972376,14.672253292383868,-0.17507824696824748,0.08060073049938238
-0.88,1.1,50,0.85,0.3,30,2.2857276962390807,0.04126328730442674,0.5658491715788446,15.25567515039021,-0.14962507511434786,0.07292276701456153
-0.9,1.1,60,0.85,0.3,50,2.8397142352026687,0.046792498536736726,0.5656705230404988,15.937809211129604,-0.1395190122473361,0.0827204116721964
-0.92,1.4,60,0.85,0.3,30,2.6976739944077175,0.04545216873512614,0.5637816744672585,16.075570755273063,-0.1561951875191615,0.0806201598838342
-0.95,1.1,60,0.85,0.3,50,3.254669086987607,0.050450160259054355,0.5629394683990501,14.806846727338009,-0.1750782469682476,0.08961915639443463
-0.92,1.1,50,0.85,0.3,40,2.6578274950925724,0.045067228185895036,0.5623765466263846,15.861433196137257,-0.13289627651546643,0.08013710467879005
-0.95,1.2,40,0.85,0.3,30,2.7750339687171515,0.04618820320131389,0.5623398844558832,14.403067485285145,-0.1750782469682476,0.08213574117369485
-0.88,1.1,60,0.85,0.3,50,2.8090855833545665,0.04650757670630967,0.5619593516121809,15.833876507004609,-0.14252626739641572,0.08275968105679903
-0.88,1.3,60,0.85,0.3,30,2.668708305064481,0.045172743707124985,0.5618343015959059,16.09782731517625,-0.14782317971358416,0.08040225308211078
-0.88,1.3,40,0.85,0.4,30,3.635393512421249,0.053514713337513564,0.5605609909393726,15.601956468342028,-0.1336242430064083,0.09546635281887005
-0.92,1.2,60,0.85,0.4,30,3.998965954344042,0.05622215920586826,0.5597990428398275,16.765978583536715,-0.15511810153218197,0.10043275336923865
-0.95,1.1,60,0.85,0.3,40,3.0658307497226476,0.04883042860294662,0.5589849561072077,14.87887607056583,-0.17507824696824748,0.087355532683748
-0.95,1.2,50,0.85,0.3,30,2.6696046641607096,0.045181422573630226,0.5588935973780702,14.452687211964209,-0.17507824696824748,0.08084083050081305
-0.9,1.1,40,0.85,0.5,30,5.246999561832419,0.06425391752912635,0.5582886400416561,15.863884365661578,-0.16648805858679794,0.11509085609252609
-0.88,1.1,40,0.85,0.5,30,5.211904796288631,0.06405014077252802,0.5564232501458352,15.808074723626627,-0.16648805858679816,0.11511046807576941
-0.95,1.2,60,0.85,0.3,50,3.1979700716582027,0.04997125074823483,0.5562205644521668,14.608397407313545,-0.17507824696824748,0.08984071057756117
-0.9,1.2,60,0.85,0.4,30,3.9461657055244155,0.05584101111995765,0.5558254353920026,16.63653785416925,-0.15511810153218242,0.10046501574828993
-0.92,1.3,50,0.85,0.3,30,2.2717032725942192,0.041111907385009916,0.555519780850091,14.86918133650281,-0.13314552022447523,0.0740061988829595
-0.95,1.3,40,0.85,0.3,30,2.7286169211896976,0.045748341384104885,0.5554039426292602,14.193152564289614,-0.17507824696824736,0.08236949339526481
-0.9,1.4,60,0.85,0.3,30,2.6199120089741714,0.04469716259754741,0.5538166833687104,15.763067560919806,-0.1580372899021235,0.0807075047390541
-0.9,1.4,40,0.85,0.4,30,3.5711009069385353,0.053014680369803946,0.5538075967231518,15.358537061608276,-0.1378789857223035,0.09572761493971697
-0.92,1.3,40,0.85,0.3,30,2.3241176784357562,0.041674498678279326,0.5534634171424305,14.429233212980938,-0.14897453182968357,0.07529765723893299
-0.92,1.1,60,0.85,0.3,40,2.603254641893123,0.04453339680480273,0.5526284588881903,15.498268711710509,-0.151366661889332,0.08058469680406538
-0.95,1.1,50,0.85,0.3,40,2.973088340829447,0.048008143751697485,0.5526033100474598,14.749683893754074,-0.1750782469682476,0.08687632317579559
-0.95,1.2,60,0.85,0.3,40,3.011648251556026,0.048352257542102484,0.5520749507983184,14.66939864286998,-0.17507824696824748,0.08758277743299808
-0.92,1.2,60,0.85,0.3,50,2.738650978178385,0.04584387350951524,0.5520453106816647,15.504123057676502,-0.13785916940960474,0.08304367888372659
-0.95,1.3,50,0.85,0.3,30,2.621780072425413,0.0447154829206613,0.5513549048333205,14.223263451028497,-0.17507824696824736,0.08110108847980448
-0.9,1.2,50,0.85,0.3,30,2.2054076055720007,0.04038771720645551,0.5511528433555943,14.794975741147304,-0.1566122860615352,0.07327861534844346
-0.9,1.1,40,0.85,0.3,40,2.36349307317249,0.04209152669288474,0.5509978975731205,14.472259958088202,-0.11886241523351826,0.07639144700601869
-0.95,1.1,40,0.85,0.3,50,3.177643705702442,0.04979804078840511,0.550348979783576,14.325444509541102,-0.17507824696824736,0.09048447915355111
-0.9,1.1,60,0.85,0.3,40,2.5841827212341126,0.04434499204740194,0.5501603673461027,15.424522995897107,-0.15136666188933268,0.08060375606719188
-0.88,1.2,60,0.85,0.4,30,3.86752705176872,0.05526599439554203,0.5497297418082133,16.45498611975087,-0.15511810153218275,0.10053302594427012
-0.95,1.3,60,0.85,0.3,50,3.1418193053558987,0.049490773845829006,0.5494031326002685,14.400739812154136,-0.17507824696824736,0.09008098226814663
-0.95,1.1,60,0.85,0.4,30,4.541344402539571,0.05992671287437412,0.5485689557581681,15.273910814556574,-0.23124978281508368,0.10924189611049061
-0.95,1.4,40,0.85,0.3,30,2.6826064877001583,0.045307081071431554,0.5483706351932542,13.97622565372611,-0.17507824696824736,0.08262127503502197
-0.88,1.1,40,0.85,0.3,40,2.344597441814935,0.041891993453786025,0.5481756963848698,14.395604398840014,-0.12108905508588574,0.0764207419811877
-0.92,1.2,50,0.85,0.3,40,2.5609040848458946,0.04411371380071838,0.5481619880367516,15.398911225709995,-0.13491890312761357,0.08047568923688442
-0.9,1.2,40,0.85,0.5,30,5.057841750821697,0.06314221617658466,0.5474897682002011,15.529498239178348,-0.16648805858679816,0.11533040404418185
-0.9,1.2,60,0.85,0.3,50,2.6991624712150326,0.04546647052939834,0.5472448965930459,15.358699465594798,-0.14398694998928574,0.08308249343658859
-0.92,1.3,60,0.85,0.4,30,3.84128081331722,0.05507207931442393,0.5466779161312805,16.31341579634362,-0.1578482864203149,0.10073953545472797
-0.88,1.1,60,0.85,0.3,40,2.555592394453488,0.044060736392964595,0.5463608527236842,15.318429932062337,-0.1513666618893329,0.08064402157166962
-0.95,1.2,50,0.85,0.3,40,2.9215000109561764,0.04754268233845793,0.5458453453822136,14.543296312142495,-0.17507824696824748,0.08709918063910106
-0.95,1.3,60,0.85,0.3,40,2.957989669047101,0.04787252150649701,0.5450639039571256,14.45028186575072,-0.17507824696824736,0.08782919059388426
-0.88,1.4,40,0.85,0.4,30,3.469075730359804,0.05220706600304936,0.5447594694964302,15.097481430424903,-0.14463879066501306,0.09583507754589199
-0.95,1.2,40,0.85,0.3,50,3.1264601114033512,0.04935825052494125,0.5443138736073427,14.148111095155842,-0.1750782469682476,0.09067975834940285
-0.88,1.2,50,0.85,0.3,30,2.1632449745995075,0.03991958199617085,0.5441869758009747,14.607098521180228,-0.1566122860615361,0.07335637156220846
-0.88,1.2,40,0.85,0.5,30,4.989931139258141,0.06273490066208565,0.5437647007785733,15.421004213678367,-0.16648805858679805,0.11537141078164975
-0.95,1.4,50,0.85,0.3,30,2.5744042189587293,0.044248017790814886,0.5437122752762082,13.98607662647427,-0.17507824696824748,0.08138131104054382
-0.95,1.2,60,0.85,0.4,30,4.467498760304769,0.059443482919473434,0.5432403830388454,15.106134368894947,-0.23124978281508368,0.10942390288982404
-0.95,1.1,50,0.85,0.3,50,3.0097293940591463,0.048335209096080245,0.5429853872019549,14.19663780978526,-0.17507824696824736,0.08901751361147169
-0.9,1.1,40,0.85,0.3,50,2.60462252986787,0.04454687263774626,0.5425536360575196,14.960837684009713,-0.13280591344162673,0.08210593327039017
-0.95,1.4,60,0.85,0.3,50,3.0862150059072153,0.04900873161675712,0.5424931161731715,14.185868201249427,-0.17507824696824736,0.09033982212064204
-0.92,1.1,50,0.85,0.4,30,3.155637988657917,0.04960960014644855,0.5423109511348422,15.098693324609194,-0.16700219794934712,0.09147814559642452
-0.9,1.3,60,0.85,0.4,30,3.7647504560679277,0.054500796989831235,0.5407362419136205,16.120481290786838,-0.15784828642031457,0.1007899836655251
-0.92,1.4,40,0.85,0.3,30,2.252135932339163,0.04089964633105736,0.5404882835778853,14.025690672669663,-0.154752413165826,0.07567166129913648
-0.9,1.1,50,0.85,0.3,40,2.424362532071151,0.04272700988063893,0.5402748267528493,15.188714937881654,-0.17430845135234685,0.07908384356427652
-0.88,1.2,60,0.85,0.3,50,2.6403498122628473,0.044897103835891405,0.5398595293380213,15.153510275054797,-0.1499628240371983,0.08316441851261658
-0.92,1.4,50,0.85,0.3,30,2.1845735684099843,0.04015714348503896,0.5394819846329658,14.357509109596347,-0.14550083374999057,0.07443648653505955
-0.88,1.1,40,0.85,0.3,50,2.5773380735217364,0.044277139964759904,0.5390781387199317,14.861566220585503,-0.13354451466203432,0.08213492031025078
-0.95,1.3,50,0.85,0.3,40,2.8703925609232663,0.04707569004091239,0.5389882469209412,14.327463441583122,-0.1750782469682476,0.08734084705898504
-0.88,1.4,60,0.85,0.3,30,2.505594422383925,0.043558289094669744,0.538477426705026,15.319992967555887,-0.1632850745904313,0.08089157861492058
-0.95,1.3,40,0.85,0.3,50,3.0757219997205496,0.04891705588561468,0.5381911167105874,13.962765636650008,-0.17507824696824748,0.09089160777047878
-0.95,1.4,60,0.85,0.3,40,2.9048532991219305,0.04739122255786543,0.5379582456836863,14.22358642039632,-0.17507824696824748,0.08809461131623023
-0.95,1.3,60,0.85,0.4,30,4.39436716577042,0.058958671432888465,0.5378388907549116,14.930259657570351,-0.2312497828150838,0.10962143579861613
-0.92,1.1,60,0.85,0.5,30,5.462185792608247,0.06547972099505706,0.5376118452547495,16.45793791754174,-0.19077599465524464,0.12179739262260718
-0.88,1.1,50,0.85,0.3,40,2.401779594091844,0.04249252447666052,0.537076186268335,15.097749956258296,-0.17430845135234774,0.07911824348776902
-0.9,1.3,40,0.85,0.5,30,4.874002633876943,0.06202916287041438,0.5366295865605349,15.187535317914213,-0.16648805858679816,0.115590277584177
-0.95,1.2,50,0.85,0.3,50,2.957665300603809,0.04786960242032712,0.5364440458772382,14.005192649007071,-0.17507824696824748,0.08923503352907337
-0.92,1.2,60,0.85,0.3,40,2.4898451853161703,0.04339858500121618,0.5362128769753605,14.982435009704714,-0.15893826018317814,0.0809353651594801
-0.9,1.1,60,0.85,0.5,30,5.42798163359949,0.06528753810366883,0.535977832199859,16.40519390640715,-0.19077599465524497,0.1218101462064274
-0.92,1.3,60,0.85,0.3,50,2.62072064776038,0.04470509413622703,0.5359433162937802,14.988700836297403,-0.1424167624553796,0.08341384765347402
-0.9,1.2,40,0.85,0.3,40,2.2616472220925155,0.04100297579293932,0.5342369713046334,13.98461268855701,-0.12329359667624473,0.07675053954578996
-0.92,1.3,50,0.85,0.3,40,2.4663107631971166,0.043158633476242825,0.5338622196327293,14.9276339646017,-0.1369387587180364,0.08084226957647205
-0.92,1.4,60,0.85,0.4,30,3.6882336887651324,0.05392068489199642,0.5334989225057818,15.849250457568951,-0.1605717193964311,0.10106990401918207
-0.88,1.1,60,0.85,0.5,30,5.376706877333338,0.06499758219004481,0.533479793115134,16.32853775509533,-0.19077599465524397,0.12183700869063137
-0.9,1.3,50,0.85,0.3,30,2.106202808329139,0.039276551631112655,0.5328972727869478,14.231282620999263,-0.16379833188625748,0.0737037955283652
-0.95,1.4,60,0.85,0.4,30,4.321947297807112,0.05847228049816677,0.5323675879888083,14.748305177444273,-0.23124978281508368,0.10983441106748221
-0.92,1.1,40,0.85,0.4,30,3.174210605431159,0.049768705482599485,0.5321101722932164,14.25837657444759,-0.18435034358367441,0.0935308289035578
-0.95,1.4,50,0.85,0.3,40,2.819764652227001,0.0466071688201537,0.5320382197930978,14.104209987457748,-0.17507824696824748,0.08760116677008387
-0.95,1.4,40,0.85,0.3,50,3.0254283546629672,0.048474458513252605,0.5319853535125253,13.771237025041394,-0.1750782469682477,0.09111991184191746
-0.88,1.3,60,0.85,0.4,30,3.6515084607427077,0.053638996426762064,0.5316250847688655,15.848448633342755,-0.15784828642031434,0.10089628567862383
-0.9,1.2,60,0.85,0.3,40,2.452984623390047,0.04302206442734913,0.5312996313386269,14.834362673553631,-0.15893826018317758,0.08097514451300036
-0.88,1.3,40,0.85,0.5,30,4.775451035123065,0.06141854801331492,0.5310522346567963,15.024635255864256,-0.16648805858679805,0.115654438499836
-0.92,1.2,50,0.85,0.4,30,3.0455238276834713,0.04865194132262696,0.5301213263883218,14.71749304141501,-0.16894526828413603,0.09177510675544619
-0.95,1.3,50,0.85,0.3,50,2.906086521811942,0.047402464382505505,0.5298084938420572,13.805116985417031,-0.17507824696824714,0.08947094078985604
-0.9,1.3,60,0.85,0.3,50,2.5634847518563957,0.04413942514887226,0.528777556195969,14.772244268827494,-0.14843778905600757,0.08347446791503732
-0.88,1.2,40,0.85,0.3,40,2.225082969233509,0.0406041423572725,0.5286195859839764,13.833793459756453,-0.1277203345756277,0.07681164949969012
-0.95,1.1,40,0.85,0.3,40,2.541464472034059,0.04391945521894036,0.5280377644607768,13.222955492820757,-0.17507824696824748,0.08317483743570911
-0.9,1.2,40,0.85,0.3,50,2.4954753303970154,0.04345575692562309,0.5271180207436342,14.483625160045213,-0.13702345461117416,0.08244027943555729
-0.92,1.2,60,0.85,0.5,30,5.2587938450843765,0.06432215248880713,0.5270988490043059,16.103331540310357,-0.1933889645556348,0.12203053110495726
-0.9,1.4,40,0.85,0.5,30,4.695345906207666,0.06091476362395043,0.5257148951841959,14.837346134822788,-0.16648805858679805,0.1158703399541449
-0.9,1.4,60,0.85,0.4,30,3.5896402593913797,0.053159562949347094,0.5256044020346426,15.59500611523317,-0.16057171939643133,0.10113987391194518
-0.9,1.2,60,0.85,0.5,30,5.192686999118753,0.06393808144117963,0.5238370216289147,15.996043457769023,-0.19338896455563492,0.12205720252905924
-0.9,1.2,50,0.85,0.3,40,2.3186225979294055,0.04161592074644194,0.5238237740183004,14.662693384725637,-0.18109284827995942,0.07944641463521669
-0.88,1.2,60,0.85,0.3,40,2.3980859243999695,0.042454028970624114,0.5237414789105502,14.62494092439824,-0.1589382601831777,0.08105913065914498
-0.9,1.1,50,0.85,0.4,30,2.931675118357271,0.047634954807960206,0.5235228398519524,14.544325885029865,-0.19870195506234778,0.09098925812182512
-0.95,1.4,50,0.85,0.3,50,2.8549917068355963,0.046933796944319095,0.5230844210427656,13.598306812665642,-0.17507824696824736,0.08972509036066656
-0.88,1.3,50,0.85,0.3,30,2.0450834088966814,0.038574774485830465,0.5225160994412417,13.951065181211908,-0.16379833188625958,0.07382504486862859
-0.92,1.1,60,0.85,0.4,50,3.792412093307748,0.05470830128370108,0.5223964024323413,15.05402789908189,-0.1822888113276473,0.10472564709284475
-0.92,1.2,40,0.85,0.4,30,3.0843164463588195,0.048992161066689466,0.5223733611147402,13.967419837262666,-0.18986943883242458,0.09378763297221096
-0.95,1.2,40,0.85,0.3,40,2.4980752092029683,0.043482127662202386,0.5214490124675017,13.039023540125154,-0.1750782469682478,0.08338711287695136
-0.88,1.2,40,0.85,0.3,50,2.4495069427084206,0.042986340660976285,0.5210533770402553,14.312054589294604,-0.13849333439904343,0.08249891960234865
-0.88,1.1,50,0.85,0.4,30,2.9057465624520304,0.04739936571966363,0.5207621894018072,14.467057740859149,-0.198701955062348,0.0910192150741794
-0.9,1.1,60,0.85,0.4,50,3.7670459972938426,0.05451806125668068,0.5205065402608079,14.99698299902377,-0.1822888113276484,0.10474039620974515
-0.92,1.4,60,0.85,0.3,50,2.5062590196677026,0.043565013148346265,0.51979477457928,14.463085829768124,-0.1564589053263955,0.0838119490208566
-0.92,1.3,60,0.85,0.3,40,2.3797630732885535,0.04226246820901247,0.5197376834757667,14.45769230276191,-0.16645079083456382,0.08131499707002293
-0.92,1.4,50,0.85,0.3,40,2.3739984089754214,0.04220199260207602,0.5194956688043191,14.445667826188577,-0.14550083374998868,0.08123646670473483
-0.88,1.2,60,0.85,0.5,30,5.094230012892613,0.06335865500847992,0.5188511119809188,15.84586827162741,-0.19338896455563537,0.12211336459621965
-0.95,1.1,40,0.85,0.4,30,3.6946560323953266,0.0539697262349601,0.5184947073240659,13.422772635724183,-0.23124978281508368,0.1040892519684455
-0.88,1.4,40,0.85,0.5,30,4.568228022882047,0.060101090252650646,0.5182942968411822,14.621741922848715,-0.16648805858679816,0.11595938951855198
-0.92,1.3,50,0.85,0.4,30,2.9380568677340477,0.04769270975317008,0.517853422075684,14.32983536219542,-0.17088567659021547,0.09209692882207085
-0.88,1.3,60,0.85,0.3,50,2.478792777464047,0.043286092513103114,0.5177617335368166,14.465622947909118,-0.15734394551351993,0.0836023400520872
-0.88,1.1,60,0.85,0.4,50,3.729020200775884,0.05423103663943185,0.5176124361848295,14.91421762637773,-0.1822888113276473,0.10477151020395302
-0.88,1.2,50,0.85,0.3,40,2.274970782887141,0.041147232890914376,0.5174569441060545,14.483306482634658,-0.1810928482799582,0.07951817703789693
-0.9,1.3,40,0.85,0.3,40,2.1626650482822662,0.03991310109291413,0.5174168187098559,13.488209708981186,-0.128496504430325,0.07713916449881696
-0.92,1.3,60,0.85,0.5,30,5.061369257853042,0.06316325282463375,0.5165313276699994,15.74228259803475,-0.19599547945856355,0.12228348880513086
-0.92,1.1,50,0.85,0.4,40,3.4643224869493876,0.05216900729084539,0.5159372891135655,14.97482912678988,-0.1767321587670735,0.10111501609134946
-0.95,1.1,50,0.85,0.4,30,3.5329147968378187,0.05271446369821042,0.5158375478741064,13.540856816866505,-0.23124978281508368,0.1021919864411959
-0.95,1.3,40,0.85,0.3,40,2.4550635900796265,0.043043403593727936,0.5147666162381958,12.847377647253325,-0.17507824696824725,0.08361731751036987
-0.9,1.4,50,0.85,0.3,30,2.0098493632672962,0.03816400583864854,0.5146139797768423,13.660135928092489,-0.17097330255088272,0.0741604529577646
-0.88,1.4,60,0.85,0.4,30,3.444698449626279,0.05201146418590907,0.5135045628120424,15.23341010956449,-0.16328507459043196,0.10128724835683064
-0.95,1.2,40,0.85,0.4,30,3.63713811400319,0.05352818833378814,0.5134148563393742,13.278016976294762,-0.2312497828150838,0.1042591340566999
-0.92,1.1,40,0.85,0.3,40,2.068039150085519,0.03883993618304893,0.5133837905511185,13.120725323122397,-0.1866508726388072,0.07565477698731816
-0.95,1.1,60,0.85,0.4,50,4.380683231369311,0.05886725179468022,0.5132934838298409,13.598319009122905,-0.23124978281508346,0.1146853674343448
-0.92,1.3,40,0.85,0.4,30,2.9961156541096665,0.048214028499479866,0.5125549078365693,13.671399729687755,-0.19536042858152058,0.09406607518984707
-0.9,1.3,60,0.85,0.3,40,2.3263362043688445,0.04169812181283006,0.5124060137176095,14.237455172331007,-0.16645079083456304,0.08137711247825084
-0.9,1.1,50,0.85,0.3,50,2.2861009107248833,0.04126730725752292,0.5119310661935057,14.057691798948142,-0.16969951723654153,0.08061106266585552
-0.9,1.3,60,0.85,0.5,30,4.965551896164935,0.06258758943025255,0.5116490702224094,15.582259843461634,-0.19599547945856377,0.12232522850680894
-0.9,1.3,40,0.85,0.3,50,2.3893971057627543,0.04236331429432072,0.5116197421912048,13.997166504055654,-0.1412266239555503,0.08280234479006582
-0.92,1.1,50,0.85,0.3,50,2.301801655722907,0.04143602418480441,0.5106138095692422,14.041623870784882,-0.1693289070601871,0.08114943898552247
-0.95,1.1,60,0.85,0.5,30,5.972232209979096,0.06823453947472724,0.5105056904849739,14.321327202298004,-0.28466771286868087,0.13366068340963116
-0.95,1.2,50,0.85,0.4,30,3.474057433556058,0.05224691202417797,0.5103153964332711,13.381290631621589,-0.23124978281508357,0.1023816102538654
-0.9,1.4,60,0.85,0.3,50,2.432522486045227,0.04281136987947942,0.510291464234357,14.178010275211657,-0.15830043198948152,0.083895916118671
-0.92,1.2,60,0.85,0.4,50,3.6415748904979006,0.053562435164629774,0.5101368551991364,14.669754562480682,-0.18492918619184007,0.10499620762299403
-0.9,1.2,50,0.85,0.4,30,2.810270020565152,0.04651863595953487,0.5094871438008542,14.111550122134341,-0.2055548469774271,0.09130482785590727
-0.95,1.1,60,0.85,0.4,40,4.077898179235766,0.05678475445889708,0.509295052986719,13.712340973112688,-0.23124978281508368,0.11149677210859904
-0.88,1.3,40,0.85,0.3,40,2.109603155692401,0.03931520189031268,0.5090365605912929,13.263011832176852,-0.1343076694042178,0.07723453467594636
-0.88,1.1,50,0.85,0.3,50,2.2644297785460976,0.04103315010720632,0.5088133627359775,13.971754883304873,-0.16969951723654153,0.08064479652531915
-0.95,1.2,60,0.85,0.4,50,4.308978608805064,0.05838450485744806,0.5083157250328811,13.456196402957133,-0.23124978281508346,0.11485874227808193
-0.95,1.3,40,0.85,0.4,30,3.580120809784847,0.05308524047604801,0.5082674160141927,13.126891252377336,-0.23124978281508368,0.10444352481286284
-0.95,1.4,40,0.85,0.3,40,2.412428753389899,0.042603284647144024,0.5079965465003038,12.649763628043054,-0.1750782469682476,0.08386530369280482
-0.92,1.1,40,0.85,0.3,50,2.3292905205668113,0.04172955611388263,0.5073241921309114,13.630985661543853,-0.19260628456968942,0.08225422079441189
-0.9,1.3,50,0.85,0.3,40,2.2159138873801205,0.04050344341253975,0.5073150203837198,14.129050537687121,-0.18807030861189988,0.07983884132171763
-0.9,1.2,60,0.85,0.4,50,3.5925494897707138,0.053182246866125826,0.5063671923797008,14.554276138299773,-0.1849291861918403,0.10502703900739084
-0.92,1.1,60,0.85,0.4,40,3.381557700099319,0.05149996751181041,0.5063111267679342,14.575864214463776,-0.2000979596255208,0.10171604926117933
-0.95,1.2,60,0.85,0.5,30,5.87931812127525,0.06774752190826372,0.5062978424223589,14.192531717797637,-0.28466771286868087,0.13380962001364413
-0.92,1.4,60,0.85,0.5,30,4.869751549330347,0.06200302854855644,0.5059153056709014,15.370851769882545,-0.19859554829281412,0.12255614300170925
-0.92,1.4,50,0.85,0.4,30,2.8331813025137578,0.046731910851111724,0.5055194317700734,13.93202008789513,-0.17773051914988713,0.09244335215261698
-0.92,1.2,50,0.85,0.4,40,3.3460289478318064,0.05120901327607719,0.5051001934566899,14.622008392841524,-0.17865253276559667,0.10138387183268448
-0.95,1.3,50,0.85,0.4,30,3.4157487083001685,0.05177782259105412,0.5047192177359053,13.21466632323276,-0.23124978281508368,0.10258738080812867
-0.92,1.1,50,0.85,0.5,30,3.9495527090283282,0.05586557852243779,0.5044325334108711,14.279167887851695,-0.20738345548731008,0.11074935659816784
-0.9,1.1,60,0.85,0.4,40,3.358366244283914,0.05131030617892063,0.5043713327749016,14.51726469123842,-0.20009795962552102,0.10173121040925646
-0.88,1.3,60,0.85,0.5,30,4.823770913893824,0.06171917986100839,0.5041877220061619,15.356791014639242,-0.19599547945856355,0.12241309569266759
-0.95,1.2,60,0.85,0.4,40,4.010228562440843,0.0563029569506035,0.504167689759482,13.561291239552636,-0.23124978281508368,0.11167505989418593
-0.88,1.2,50,0.85,0.4,30,2.7601512748232975,0.04604774206718165,0.5039844348590193,13.959621379677943,-0.20555484697742799,0.09136738931245503
-0.95,1.3,60,0.85,0.4,50,4.2379673314309265,0.057900177969368416,0.5032743953428361,13.30766726611596,-0.23124978281508368,0.11504693762520178
-0.92,1.4,60,0.85,0.3,40,2.2729188227730233,0.0411250528455227,0.5032237899550704,13.923538858502546,-0.17390463523606847,0.08172318890010047
-0.95,1.4,40,0.85,0.4,30,3.523602978013196,0.05264088431109393,0.5030552691985068,12.971118787530173,-0.23124978281508368,0.1046423475395935
-0.88,1.3,40,0.85,0.3,50,2.325991230910366,0.041694449492910346,0.5029914540990631,13.752885757148052,-0.14342049820405878,0.08289295802767001
-0.9,1.1,40,0.85,0.4,40,3.0056005183448917,0.0482984985925794,0.5026921292205986,13.431828033192238,-0.1511761879871557,0.09607967936053431
-0.92,1.4,40,0.85,0.4,30,2.909582200660416,0.04743431170560197,0.5026633511376829,13.366012020230906,-0.20082338137894662,0.09436596401596303
-0.9,1.1,40,0.9,0.3,30,1.5367277622888578,0.03214678395534021,0.5025989128899265,12.69139291250854,-0.11646474187116485,0.06396110920832937
-0.95,1.1,50,0.85,0.4,40,3.925516630851697,0.05569088196745642,0.502327589179072,13.56806215578127,-0.23124978281508357,0.11086566449290419
-0.95,1.3,60,0.85,0.5,30,5.78730246190824,0.0672589104138901,0.5020395355259545,14.057657945719228,-0.284667712868681,0.1339713422040104
-0.88,1.1,60,0.85,0.4,40,3.3236004064778717,0.05102415466636967,0.5014008079154217,14.432169807074334,-0.20009795962551968,0.10176320791843763
-0.88,1.3,60,0.85,0.3,40,2.2472804484843554,0.040846784354869436,0.5011372865974061,13.924817083289119,-0.16645079083456404,0.0815081724056269
-0.92,1.2,40,0.85,0.3,40,2.00196706473382,0.03807147609536088,0.5011279379873403,12.772643284682308,-0.18838154569892285,0.07597156975175998
-0.88,1.4,50,0.85,0.3,30,1.9311001588098553,0.037228872856499784,0.5008719589866629,13.289601351292097,-0.17097330255088217,0.07432812356239553
-0.88,1.2,60,0.85,0.4,50,3.519532949144371,0.05260867811910064,0.5005961591763527,14.391421452510462,-0.1855240779856574,0.10509205305462076
-0.9,1.4,40,0.85,0.3,40,2.066473162874958,0.03882190848092071,0.5005604856991465,12.984533167492106,-0.1378789857223034,0.07755687791995225
-0.88,1.1,40,0.85,0.4,40,2.9830976176063935,0.04809777688089789,0.5004813582483921,13.370722922045902,-0.15183743014061535,0.0961030337857792
-0.9,1.4,60,0.85,0.5,30,4.746310830876568,0.06123606968744322,0.4994211625511646,15.15999665975615,-0.198595548292814,0.12261408662507312
-0.95,1.1,40,0.85,0.4,50,4.242274561938155,0.05792973528004097,0.49936655956161835,13.050929927201544,-0.23124978281508368,0.11600643689656766
-0.88,1.1,40,0.9,0.3,30,1.5224767822487966,0.031949154874062025,0.4992370035514959,12.603840345471493,-0.11745470110641065,0.06399596713941597
-0.95,1.4,50,0.85,0.4,30,3.357987093965054,0.05130719736873779,0.49905258278327846,13.042774583649363,-0.23124978281508357,0.10280920115189296
-0.95,1.3,60,0.85,0.4,40,3.9432132744972543,0.05581958259878572,0.4989746509579852,13.403448790503253,-0.23124978281508357,0.11186857386766498
-0.95,1.4,60,0.85,0.4,50,4.16764714541445,0.05741427321190673,0.4981720829295018,13.15447724417837,-0.23124978281508368,0.11524988087305493
-0.92,1.3,60,0.85,0.4,50,3.495163132970556,0.05241525134491565,0.49781979852716873,14.278698786936014,-0.1875630383582222,0.1052896078058556
-0.88,1.3,50,0.85,0.3,40,2.1526357508411817,0.03980083780190791,0.4978163654668886,13.861163835686202,-0.188070308611899,0.07995084244484363
-0.95,1.4,60,0.85,0.5,30,5.696182311385751,0.06676870709148464,0.4977323571105328,13.918574142318004,-0.2846677128686811,0.13414580373897034
-0.95,1.2,50,0.85,0.4,40,3.861561552345779,0.05522200834963731,0.49731396145519724,13.419300219899128,-0.2312497828150839,0.11104053501343784
-0.92,1.2,50,0.85,0.3,50,2.2143120524378705,0.04048582289294589,0.49685815321524607,13.617426494579941,-0.1759999178114785,0.08148366416240904
-0.92,1.2,40,0.85,0.3,50,2.2575922283760357,0.04095895849036424,0.496196718529095,13.294359167028531,-0.1943242854935181,0.08254580685616236
-0.9,1.4,40,0.85,0.3,50,2.2863092058365906,0.04126955064582427,0.4960773394604003,13.502752866921995,-0.14555635558952706,0.08319176741819033
-0.9,1.2,50,0.85,0.3,50,2.1846303185697535,0.04015777352537109,0.49597871810786576,13.57048108418721,-0.1765217840424459,0.08096672711799209
-0.88,1.4,60,0.85,0.3,50,2.3241227002082816,0.0416745521679216,0.49569526829258814,13.771706791039312,-0.16466995781605964,0.0840729271261126
-0.9,1.3,50,0.85,0.4,30,2.6923452161896773,0.04540092237737592,0.49539040670020007,13.672862916987746,-0.21236032780744718,0.09164675327443636
-0.95,1.2,40,0.85,0.4,50,4.17804733882273,0.057486538418427324,0.4948954204007132,12.924805285232077,-0.2312497828150839,0.1161589621740304
-0.92,1.2,50,0.85,0.5,30,3.81840176536073,0.05490221177360044,0.4946366997555654,13.974868395775971,-0.20923233154762333,0.11099502281317068
-0.9,1.1,40,0.85,0.4,50,3.3729222974063866,0.051429460158799234,0.4943297954126952,13.87753677880767,-0.17142267147693713,0.10403876245384508
-0.92,1.3,50,0.85,0.4,40,3.230579246193752,0.050247442680632304,0.49419467771647935,14.26333572275761,-0.18057027582965257,0.10167540231879911
-0.92,1.2,60,0.85,0.4,40,3.2436517991531515,0.05035758702091053,0.4937286977385456,14.18053705184534,-0.20601305522294755,0.10199445009286746
-0.95,1.4,60,0.85,0.4,40,3.876850188401603,0.05533463348081602,0.4937187592277904,13.240597724165573,-0.23124978281508357,0.11207723515987753
-0.9,1.4,60,0.85,0.3,40,2.204089427264789,0.0403731716706659,0.49350399620344765,13.633668103430326,-0.17390463523606803,0.08180920920855524
-0.92,1.1,40,0.85,0.5,30,3.961780494686238,0.05595413699807161,0.4932115107492911,13.349050435934258,-0.23064380243202032,0.11344856269284068
-0.9,1.1,50,0.85,0.4,40,3.0983915457877362,0.04911483147444007,0.4928218626433724,14.264859666567649,-0.2297518503005137,0.09966041524822068
-0.95,1.3,50,0.85,0.4,40,3.7982026301414864,0.05475159262490581,0.4922361090617672,13.263879692070912,-0.23124978281508368,0.11123034579739745
-0.9,1.3,60,0.85,0.4,50,3.4241041604123605,0.051845407593941184,0.4921822102030931,14.106463616565724,-0.18756303835822263,0.10533783326412345
-0.95,1.1,50,0.85,0.4,50,3.9734883688530473,0.05603873272017412,0.4919749326872091,12.954765344083901,-0.2312497828150838,0.11390566672591584
-0.88,1.1,40,0.85,0.4,50,3.3369828380484883,0.0511345653430022,0.4913851688437476,13.792337085024975,-0.17184719681322758,0.10406208527482472
-0.9,1.4,50,0.85,0.3,40,2.1161572387671215,0.0393895842321359,0.49077059198036393,13.587537996026496,-0.19503701525646755,0.08026068569673364
-0.95,1.3,40,0.85,0.4,50,4.114379125127949,0.05704192630271132,0.49036871690254763,12.793139416306646,-0.2312497828150839,0.11632456218459675
-0.88,1.1,50,0.85,0.4,40,3.071363530726063,0.048878909595801545,0.49031994242704824,14.191851906023478,-0.22975185030051304,0.09968778621129396
-0.9,1.2,60,0.85,0.4,40,3.198829355282639,0.04997855522317218,0.48986029625768707,14.062086383791312,-0.20601305522294644,0.10202614011583695
-0.9,1.2,40,0.85,0.4,40,2.8843117911193152,0.04720346399645736,0.48983647050954243,13.061996383485916,-0.1554900931126706,0.09636576049013851
-0.88,1.2,50,0.85,0.3,50,2.142740983599607,0.039689741781065324,0.4897723988100413,13.400981094394268,-0.17652178404244578,0.08103711413198486
-0.88,1.4,60,0.85,0.5,30,4.5648411199126935,0.060079166344219725,0.48949901661243167,14.859537012335496,-0.198595548292814,0.12273603072789893
-0.88,1.4,40,0.85,0.3,40,1.998030686481271,0.03802517932469085,0.4894546248607969,12.68723317148718,-0.14463879066501273,0.07768887531812654
-0.92,1.3,40,0.85,0.3,40,1.9371396017071922,0.037301444390052785,0.4887852650713922,12.418332356437713,-0.19011014304313623,0.07631458445173162
-0.88,1.3,50,0.85,0.4,30,2.6196925479525466,0.04469500971743012,0.4871682286620818,13.445352327387528,-0.21236032780744651,0.09174450854518319
-0.95,1.2,50,0.85,0.4,50,3.9089104041607854,0.05556970460822819,0.4871292775151362,12.817595877531815,-0.23124978281508368,0.11407588739418668
-0.95,1.4,50,0.85,0.4,40,3.735438204869074,0.05427963676873038,0.4870967540106506,13.103557744583707,-0.2312497828150838,0.11143502050014385
-0.95,1.4,40,0.85,0.4,50,4.051268645947376,0.05659590058844444,0.4857884567445473,12.657569155981088,-0.2312497828150839,0.11650318117419882
-0.92,1.4,60,0.85,0.4,50,3.353057806214637,0.05126675630440314,0.48545463970224884,13.878078401136698,-0.19019037684922424,0.1056056572779845
-0.88,1.2,40,0.85,0.4,40,2.8407672417419834,0.04680225500368773,0.485427253764956,12.942307709207116,-0.15823671676461704,0.09641455983505491
-0.92,1.2,40,0.85,0.5,30,3.8549255400054525,0.055173017038731675,0.4854191315049049,13.119934756334557,-0.23584965288655102,0.11366057383787763
-0.92,1.1,60,0.85,0.5,50,4.865876136057369,0.06197918779804801,0.48540597744663067,14.12998962972596,-0.23014338549514834,0.12768525868609124
-0.9,1.1,50,0.85,0.5,30,3.6251762606697824,0.05343569858061992,0.4852156763891345,13.700223692294077,-0.24692863328635506,0.11012772501143475
-0.92,1.3,40,0.85,0.3,50,2.1872445412805592,0.04018678487764049,0.4849860858699849,12.951385918763856,-0.19604022590001424,0.08286172747729874
-0.88,1.4,40,0.85,0.3,50,2.2066547639634937,0.040401473748993055,0.4849150013081648,13.187940052855064,-0.14832605942739796,0.08331660938515245
-0.92,1.3,50,0.85,0.5,30,3.6904037577862914,0.053937262905106476,0.48477914327072513,13.666470971950693,-0.21107867462646768,0.11126151703062272
-0.88,1.2,60,0.85,0.4,40,3.1320725364642605,0.04940673122394079,0.48393851618597933,13.894566889334602,-0.20601305522294666,0.10209299233573219
-0.9,1.1,60,0.85,0.5,50,4.834828226492063,0.06178763630543571,0.48385974846136676,14.083418154937476,-0.23014338549514757,0.12769740922222853
-0.88,1.3,60,0.85,0.4,50,3.3189581748521766,0.05098577717250041,0.4835548780274158,13.862269744046937,-0.19259641069053812,0.10543948471885688
-0.92,1.4,50,0.85,0.4,40,3.1179134303978584,0.04928430093074354,0.4832295767713365,13.894683675363593,-0.18542180533671881,0.1019894131067743
-0.92,1.3,50,0.85,0.3,50,2.128925744182673,0.03953406110282098,0.48303234250206256,13.186208640775279,-0.18286694357099642,0.08184557766471336
-0.88,1.1,50,0.85,0.5,30,3.5946742131617215,0.05319880503800878,0.4829557844210796,13.636103442428201,-0.24692863328635584,0.11015253725924068
-0.9,1.2,40,0.85,0.4,50,3.240511145250867,0.0503311550140324,0.48254676938578456,13.518720967954751,-0.17563367961998821,0.1043031643919138
-0.9,1.2,40,0.9,0.3,30,1.4599161880450615,0.03106862116275333,0.48251531963305067,12.129491819621895,-0.1198841694410917,0.06438888030825796
-0.95,1.3,50,0.85,0.4,50,3.844934401994327,0.055099133881244544,0.4822231111359867,12.674441982775933,-0.23124978281508368,0.11426066608762477
-0.88,1.1,60,0.85,0.5,50,4.788284939310886,0.06149863301463632,0.4815000253992402,14.015356902792133,-0.23014338549514735,0.12772301094614513
-0.9,1.4,50,0.85,0.4,30,2.5778098159307006,0.04428182044459028,0.48124702816378445,13.226248946764864,-0.21911861561979218,0.09201474056587773
-0.92,1.3,60,0.85,0.4,40,3.109791949230262,0.049213892837703055,0.4810915417319566,13.778563084600973,-0.2118938848213373,0.10229631695566767
-0.9,1.2,50,0.85,0.4,40,2.971838457999904,0.047996935727297796,0.4802156934682994,13.860374986769319,-0.236339196109015,0.09994870301019479
-0.9,1.3,50,0.85,0.3,50,2.0860685617129877,0.03904685353684023,0.47997556555878873,13.076698972125921,-0.1835381919148077,0.08135175275304231
-0.88,1.4,60,0.85,0.3,40,2.102903605721002,0.039239011953629,0.47857946006783997,13.219823612983298,-0.17390463523606847,0.08199058929120519
-0.92,1.1,50,0.85,0.5,40,4.378448695126884,0.05885230197498936,0.4782810437590813,14.082875505381045,-0.22022375424841767,0.12304962269136954
-0.95,1.1,40,0.85,0.5,30,4.682703168091286,0.060834628126741785,0.4782195986340613,12.418110551342211,-0.2846677128686811,0.12721065447861973
-0.88,1.4,50,0.85,0.3,40,2.0346266125131476,0.038453347302275676,0.47818201991865406,13.232812136583098,-0.19503701525646833,0.08041571138291057
-0.9,1.4,60,0.85,0.4,50,3.261513116707107,0.05050755097968462,0.47796275747735184,13.650908993216184,-0.1901903768492238,0.10567256588412731
-0.88,1.2,40,0.85,0.4,50,3.182006872928203,0.049835289783668246,0.4775781298844333,13.376828285187777,-0.17647861661108832,0.1043500249806825
-0.92,1.3,40,0.85,0.5,30,3.750083448418505,0.054390299570410416,0.4775660174902326,12.888023906686065,-0.24102899301257097,0.11389064041082621
-0.95,1.4,50,0.85,0.4,50,3.7815586868226463,0.054627022515342905,0.477258909884195,12.52696157149372,-0.23124978281508357,0.1144599323008929
-0.9,1.3,40,0.85,0.4,40,2.766433431302326,0.04610709771535282,0.4769244627609544,12.685202422408372,-0.15979032714439456,0.09667589170921342
-0.92,1.4,40,0.85,0.3,40,1.873537630443685,0.03652984495089728,0.47637183514373466,12.055443642286457,-0.19222651800061963,0.07668346920609866
-0.88,1.2,40,0.9,0.3,30,1.4323396319716766,0.03067359381878898,0.47584394068671654,11.95721380239005,-0.12362559967144338,0.06446145720490258
-0.95,1.1,50,0.85,0.5,30,4.450018418620753,0.05932817267572177,0.47558457499545775,12.555396400817818,-0.2846677128686813,0.12474789090097888
-0.92,1.2,60,0.85,0.5,50,4.681252541265199,0.060825422374019444,0.47554197951360305,13.825446172000326,-0.23262923879167785,0.127907577026603
-0.9,1.3,60,0.85,0.4,40,3.044824875800086,0.048645782503397905,0.47530767549694053,13.601974302264518,-0.21189388482133786,0.10234588038692641
-0.88,1.2,50,0.85,0.4,40,2.919594506592288,0.047525376655837226,0.4752257447575534,13.71689491848028,-0.236339196109016,0.10000589652415257
-0.95,1.1,40,0.85,0.4,40,3.235119409781481,0.05028573358417754,0.474959643617595,11.947336151452882,-0.23124978281508346,0.10587369739704489
-0.92,1.4,50,0.85,0.5,30,3.565492218483887,0.05297073736225344,0.4748665123244657,13.349079947765073,-0.21759105771694331,0.11154868997386726
-0.95,1.1,60,0.85,0.5,50,5.683938184845477,0.06670234623352966,0.4743026489164005,12.588466667316622,-0.2846677128686811,0.14063245563970372
-0.95,1.2,40,0.85,0.5,30,4.6130799081946074,0.06039021432287783,0.474207329513589,12.307127952096293,-0.284667712868681,0.12734981212716004
-0.9,1.2,50,0.85,0.5,30,3.4823567348115105,0.052313198686422036,0.4738991848391455,13.353118239913753,-0.2533690791517019,0.11038887670629478
-0.92,1.4,40,0.85,0.3,50,2.1182266997021735,0.039413039170287156,0.4737047029549288,12.599311199277281,-0.1977541042070846,0.08320170546003036
-0.9,1.2,60,0.85,0.5,50,4.621245821770517,0.06044261315561883,0.4724552409728179,13.73072147574212,-0.23262923879167785,0.12793299325278587
-0.95,1.2,50,0.85,0.5,30,4.379252977765621,0.05885768359481358,0.4712256487751345,12.4325427506069,-0.2846677128686812,0.12490339553418503
-0.88,1.3,50,0.85,0.3,50,2.0253453350796433,0.03834523149644564,0.4707152472302657,12.823407411950297,-0.1835381919148079,0.08146163040622269
-0.9,1.3,40,0.85,0.4,50,3.1118230981865898,0.049231514206928395,0.47070997618765964,13.152787790543945,-0.1798313427576217,0.10458991034279905
-0.95,1.2,60,0.85,0.5,50,5.5948659900742275,0.06621602720750475,0.4703711096100261,12.47952741178985,-0.28466771286868076,0.14077400982896873
-0.88,1.3,40,0.85,0.4,40,2.7032417612621935,0.045505637267453825,0.4703318709088833,12.505892220844435,-0.16459359611521163,0.09675218730025116
-0.88,1.4,50,0.85,0.4,30,2.484200587461297,0.04334117680113492,0.4703317910812586,12.923987278109996,-0.21911861561979307,0.09215021740609262
-0.95,1.1,60,0.85,0.5,40,5.237317855158911,0.06419781165378957,0.47018870546597025,12.714492125556225,-0.284667712868681,0.13653626917764375
-0.95,1.3,40,0.85,0.5,30,4.544062622778619,0.05994438137886693,0.4701485856011273,12.191391095576446,-0.284667712868681,0.1275009288866043
-0.95,1.2,40,0.85,0.4,40,3.183231635488374,0.04984573901232747,0.4700624731297639,11.815226251966655,-0.23124978281508357,0.10604066876567537
-0.92,1.4,40,0.85,0.5,30,3.647223281060482,0.0536059885408644,0.46965674663097157,12.648200448385204,-0.24618188746750935,0.11413865323004678
-0.92,1.2,50,0.85,0.5,40,4.235933065270677,0.05788621015383155,0.46958536435434844,13.803241152846413,-0.22204267872476446,0.1232708992824374
-0.88,1.2,50,0.85,0.5,30,3.4233976331458233,0.051839697459518774,0.4693892285255206,13.227537815751326,-0.25336907915170215,0.11044074791055897
-0.92,1.4,50,0.85,0.3,50,2.045598390877521,0.03858074418531077,0.4691534198633271,12.745982801919276,-0.18972495315730942,0.08223481392622063
-0.92,1.1,60,0.85,0.5,40,4.258351815395024,0.05803985465679773,0.4688197911390267,13.6718195563267,-0.2498299605703288,0.12379992430734699
-0.92,1.4,60,0.85,0.4,40,2.9798693389559774,0.048068891422319515,0.46840981889299044,13.367439967245385,-0.2177405658552024,0.10262144276975754
-0.88,1.2,60,0.85,0.5,50,4.531874128590016,0.059865090373849794,0.46774523435041804,13.597360032800355,-0.23262923879167774,0.1279865319354617
-0.9,1.3,50,0.85,0.4,40,2.8489132399333,0.046877643276237446,0.4675549652921751,13.450460262664041,-0.24288096798809689,0.10026124574881502
-0.9,1.1,60,0.85,0.5,40,4.230519514159845,0.057849013710259856,0.46723106202932346,13.623777439418198,-0.24982996057032902,0.12381243117485465
-0.95,1.3,50,0.85,0.5,30,4.309147175902196,0.05838564709379801,0.4668154024578009,12.304422636290168,-0.28466771286868087,0.12507223794758132
-0.88,1.4,60,0.85,0.4,50,3.1269336314829017,0.04936234329920319,0.46650308782150174,13.325979133683628,-0.199615939710599,0.105813540334144
-0.88,1.3,60,0.85,0.4,40,2.9486930754256084,0.04778876700525725,0.46645763141195135,13.350984245844879,-0.21189388482133598,0.10245039160491871
-0.95,1.3,60,0.85,0.5,50,5.506655075588806,0.06572811653977695,0.4663958955145298,12.365842968902227,-0.28466771286868087,0.14092773365268454
-0.95,1.2,60,0.85,0.5,40,5.154197458847544,0.06371263446721187,0.46613761650216995,12.598453490233787,-0.2846677128686812,0.13668202739204438
-0.95,1.4,40,0.85,0.5,30,4.475649929826,0.05949713095480713,0.466044840596909,12.072497986925018,-0.2846677128686811,0.1276639622887003
-0.92,1.3,60,0.85,0.5,50,4.502045658009724,0.05967033016546153,0.4656329895073024,13.516354848913245,-0.2351089511155482,0.12814884578646404
-0.95,1.3,40,0.85,0.4,40,3.1317954727275197,0.04940433941220035,0.46510495850650696,11.677757326436842,-0.2312497828150838,0.1062219150938361
-0.88,1.1,60,0.85,0.5,40,4.188796679758402,0.05756108245576219,0.46480653190100907,13.553515520074036,-0.24982996057033047,0.1238387985219216
-0.9,1.4,40,0.85,0.4,40,2.6518780397300246,0.04500940567244949,0.4639674137927993,12.30150602171011,-0.1640768788287863,0.09700984236050249
-0.9,1.4,50,0.85,0.3,50,1.990339674719272,0.037934553636239876,0.46394199685324033,12.575739663841054,-0.19054378607370337,0.08176572479649818
-0.88,1.3,40,0.85,0.4,50,3.0322627024617894,0.04853491519013753,0.4637290460490336,12.953030399341646,-0.18109259510101205,0.10466222809128407
-0.9,1.1,40,0.85,0.5,40,3.71272488471973,0.0541073540421777,0.4633518757475535,12.477951834514473,-0.1846955880754706,0.11677378872133203
-0.95,1.1,50,0.85,0.5,40,5.006793316981517,0.06283645168066365,0.4628552260098947,12.558491583789879,-0.2846677128686811,0.1357583281976822
-0.9,1.1,50,0.85,0.4,50,2.8730646742950583,0.04710025355464542,0.4625452068091546,12.955072569897016,-0.22460252339807618,0.10182843289970338
-0.9,1.3,50,0.85,0.5,30,3.3436313851011947,0.05118929633586489,0.46253102353363146,13.002137599597198,-0.2597649674010045,0.1106721359894745
-0.9,1.3,40,0.9,0.3,30,1.3852643832654117,0.029989147203191013,0.4624318960232607,11.56190780350991,-0.128496504430326,0.06485094877988809
-0.95,1.4,60,0.85,0.5,50,5.419302641656047,0.06523861632721273,0.4623783232109108,12.249032372784702,-0.28466771286868087,0.14109358733379584
-0.95,1.4,50,0.85,0.5,30,4.2396991769600385,0.057912065154950065,0.46235566739161105,12.172675173910617,-0.2846677128686811,0.12525436420334624
-0.95,1.3,60,0.85,0.5,40,5.071880792127396,0.06322586937598285,0.4620412610694406,12.477368454569884,-0.284667712868681,0.1368403099533584
-0.92,1.1,40,0.85,0.4,40,2.535741333189998,0.04386206803248349,0.4617986013884422,11.960756072079215,-0.24303038516852227,0.09498094602410648
-0.88,1.1,40,0.85,0.5,40,3.6862494586748715,0.053905520086788616,0.4615473069601051,12.427645244877223,-0.1851133129729985,0.1167930551731029
-0.9,1.3,60,0.85,0.5,50,4.415070013330918,0.05909655805890335,0.46101247574411675,13.375032009905205,-0.23510895111554841,0.12818863082504664
-0.92,1.3,50,0.85,0.5,40,4.096843584404705,0.05691853173768058,0.46083764092202606,13.52015777599088,-0.22385911125365532,0.12351103009684754
-0.92,1.1,50,0.85,0.4,50,2.890172421552461,0.04725713038339574,0.46073646013600816,12.92095535795656,-0.22453498987629827,0.10256867965136851
-0.9,1.4,60,0.85,0.4,40,2.8961727929566696,0.047311995536219786,0.46072551987159815,13.134587925189852,-0.21774056585520174,0.1026901994693183
-0.88,1.1,50,0.85,0.4,50,2.847522641723945,0.046864784708404494,0.46011182563718805,12.886895452002236,-0.2246025233980763,0.10185520583719745
-0.88,1.3,50,0.85,0.4,40,2.7731798509023005,0.046170733452471024,0.4600939302138199,13.235412084110965,-0.24288096798809788,0.10035066846244647
-0.95,1.4,40,0.85,0.4,40,3.0808098915298388,0.048961536427385655,0.46008973388332847,11.53645206432937,-0.23124978281508357,0.10641736344371798
-0.95,1.1,40,0.85,0.5,50,5.457212522797257,0.06545183882396866,0.45961991808912983,12.011402419652288,-0.28466771286868087,0.14240426980641901
-0.95,1.2,50,0.85,0.5,40,4.9287984654871115,0.06236440443581026,0.4588948546296274,12.444286003409319,-0.28466771286868087,0.1359012937422111
-0.9,1.4,40,0.85,0.4,50,2.9867627423672,0.04813054367836256,0.45882827873661813,12.779637411893821,-0.18401564990471309,0.10489881707136671
-0.92,1.2,60,0.85,0.5,40,4.092849545602351,0.05689036904015565,0.4586858048985064,13.356918715224523,-0.2553772992112895,0.12402905961466108
-0.95,1.4,60,0.85,0.5,40,4.990365242343352,0.06273751847204578,0.4579010797441999,12.352882660286403,-0.28466771286868087,0.13701107345519523
-0.9,1.1,40,0.9,0.4,30,1.7831416555030466,0.03540431320484383,0.45688569202571916,11.84222896020488,-0.1328858014803711,0.07749052733052283
-0.92,1.1,40,0.85,0.4,50,2.9215084976113808,0.047542759395607925,0.45628339179696653,12.421119096601586,-0.25187228688109387,0.10419568244281645
-0.95,1.2,40,0.85,0.5,50,5.378100140470609,0.06500549073919526,0.4560871336008484,11.915038050686135,-0.28466771286868064,0.14252866601601133
-0.9,1.1,40,0.85,0.5,50,4.230341845434661,0.05784779232042303,0.45578467824722435,12.89096263400964,-0.20898458603211933,0.12691912449291579
-0.88,1.3,50,0.85,0.5,30,3.258163642653246,0.05047947504491401,0.4557831194535348,12.813699600345968,-0.2597649674010053,0.11075327911537582
-0.92,1.4,60,0.85,0.5,50,4.3281098134298635,0.05851391769688674,0.4556840779732153,13.19904442759871,-0.2375825309611722,0.12840895814737274
-0.9,1.2,60,0.85,0.5,40,4.039057676310825,0.056508979824197336,0.4555147258855427,13.25935673198539,-0.25537729921128804,0.1240552206393353
-0.88,1.4,40,0.85,0.4,40,2.570369556449346,0.0442079309872927,0.4552091628889487,12.064217894685594,-0.170908302188573,0.09711564395305794
-0.95,1.3,50,0.85,0.5,40,4.851530641826955,0.06189080464610974,0.4548903063147408,12.325134571990118,-0.2846677128686811,0.13605654767082945
-0.9,1.4,50,0.85,0.4,40,2.7295211482716324,0.04575696051338296,0.4548504301443032,13.032777417280975,-0.2493773755551495,0.10059781739431657
-0.9,1.1,50,0.85,0.5,40,3.844025154253809,0.0550924028082973,0.4545327199009311,13.351848381607041,-0.28344686316483236,0.12120668193107224
-0.92,1.1,60,0.9,0.3,30,1.3183281514320013,0.02899312093546258,0.45439887228357473,11.24034562462012,-0.11693791967245803,0.06380544209926861
-0.88,1.1,40,0.9,0.4,30,1.7675063568435632,0.03520606039201657,0.4541584003408022,11.769161744737275,-0.132885801480371,0.07751934207447844
-0.88,1.3,60,0.85,0.5,50,4.2863721226880935,0.05823100156744765,0.45396355816458367,13.174758575358874,-0.23510895111554808,0.12827241420628768
-0.88,1.1,40,0.85,0.5,50,4.183962266819196,0.05752757546718534,0.4531922044535473,12.815674747737912,-0.20938986635185308,0.12693858125064458
-0.9,1.2,40,0.85,0.5,40,3.5700245828762913,0.05300625161548078,0.45300789585127205,12.18523019320739,-0.18883914040244565,0.11700955347781261
-0.9,1.1,40,0.9,0.3,40,1.3337691312124544,0.02922532855041382,0.4529365985715854,11.20279430996163,-0.13686143293878383,0.06452410479210775
-0.95,1.3,40,0.85,0.5,50,5.299676322351796,0.06455771733756399,0.4525165286694142,11.814561616674276,-0.28466771286868087,0.14266377744784348
-0.88,1.3,40,0.9,0.3,30,1.3452453990951025,0.02939695378899776,0.45251155766699896,11.306118975471337,-0.13362424300640952,0.06496398443513532
-0.88,1.1,50,0.85,0.5,40,3.812079845132976,0.054855136710878494,0.4524909467236153,13.291607989127234,-0.2834468631648335,0.12122924692321944
-0.92,1.2,40,0.85,0.4,40,2.459596997436796,0.04308989292793175,0.4524649070688894,11.699601189619662,-0.24464109190643335,0.0952336684121475
-0.95,1.1,50,0.85,0.5,50,5.060808630383991,0.0631599102560858,0.4521713459906503,11.930159739008737,-0.2846677128686811,0.1396813637487586
-0.92,1.4,50,0.85,0.5,40,3.9611080250394988,0.055949272187236554,0.4520426189919519,13.228491824808936,-0.2275701529988714,0.12376990539520935
-0.88,1.4,50,0.85,0.3,50,1.912100918549052,0.03699962733465467,0.45166749002626155,12.240048196856286,-0.1905437860737057,0.08191784476784765
-0.9,1.1,60,0.9,0.3,30,1.3060573088300016,0.02880751921137259,0.45132106919901516,11.160710528604747,-0.1169379196724587,0.06382932501356277
-0.9,1.4,50,0.85,0.5,30,3.208893290437519,0.05006399794739824,0.4511191279615102,12.644125104668582,-0.266116502977113,0.11097733357843725
-0.95,1.4,50,0.85,0.5,40,4.774987822357196,0.061415654300401856,0.450842969477788,12.202658538232713,-0.284667712868681,0.13622404796849708
-0.88,1.2,60,0.85,0.5,40,3.9589421412773405,0.055933599320413085,0.4506763220729325,13.121539477235247,-0.25537729921128915,0.12411035721411032
-0.9,1.2,50,0.85,0.4,50,2.75346939203418,0.04598450446297031,0.450340482537328,12.585053871655266,-0.2312339074778822,0.10211052802511204
-0.92,1.2,50,0.85,0.4,50,2.7870924436010003,0.04630161794183474,0.45025779495992907,12.600916193293399,-0.231022953844356,0.10283357325541777
-0.95,1.1,40,0.9,0.3,50,1.6534189009834614,0.03372582065861107,0.45024150898033993,10.647337703112235,-0.17507824696824748,0.07490606704608332
-0.88,1.4,40,0.85,0.4,50,2.8875852360146412,0.04723344889870096,0.4498488903937442,12.523628580924747,-0.18568913872003723,0.10499847817198886
-0.88,1.1,40,0.9,0.3,40,1.3206583442366324,0.029028258851344413,0.44964184018369896,11.119429751648298,-0.13730366588172283,0.06455862479231261
-0.9,1.4,60,0.85,0.5,50,4.216059806228854,0.057749478606822,0.4495375179061958,13.012728745646806,-0.2375825309611721,0.1284642022223215
-0.88,1.2,40,0.85,0.5,40,3.5187929434493483,0.05260281943432843,0.4494052838945363,12.08718573605143,-0.18967054241276837,0.11704984636244939
-0.88,1.4,60,0.85,0.4,40,2.7731308323993,0.04617027148099573,0.4489737792610065,12.800901950924471,-0.21774056585520285,0.10283511780351674
-0.95,1.4,40,0.85,0.5,50,5.221939498064991,0.06410852028639802,0.44890912163900704,11.711501810471184,-0.284667712868681,0.14280957368906233
-0.92,1.3,60,0.85,0.5,40,3.932202982660888,0.055739561560592454,0.44850811246060646,13.03745116487849,-0.2608925022599494,0.12427771095330677
-0.95,1.2,50,0.85,0.5,50,4.982112420256947,0.06268771935062567,0.44834481545863897,11.824934076338515,-0.284667712868681,0.139820328437385
-0.92,1.2,40,0.85,0.4,50,2.837056431817403,0.046767861576700875,0.44785550324226897,12.171409873520384,-0.2534641795075986,0.10442622952743229
-0.88,1.1,60,0.9,0.3,30,1.2876623392756485,0.02852749263309584,0.44658021896603706,11.045060575063191,-0.11724227486379835,0.06387988410938862
-0.9,1.2,40,0.85,0.5,50,4.071968212696661,0.05674278269618194,0.44631481549728225,12.608298298130856,-0.21300469644889564,0.12713622923980095
-0.9,1.1,40,0.9,0.3,50,1.3047157985310252,0.028787170475532253,0.4460038754925594,11.030155484240304,-0.13702333388159094,0.06454466442413796
-0.88,1.2,50,0.85,0.4,50,2.704097778711826,0.04551385090963356,0.44548711722019246,12.4510538628798,-0.2312339074778823,0.10216648057891485
-0.88,1.4,50,0.85,0.4,40,2.6319425694171565,0.044814988127913846,0.4449381917718341,12.74677534688567,-0.24937737555514883,0.10072182823742659
-0.95,1.3,50,0.85,0.5,50,4.904149775668096,0.062213975427824586,0.4444768284068582,11.715285417292256,-0.284667712868681,0.13997124585958423
-0.9,1.2,50,0.85,0.5,40,3.694447854538981,0.05396813759484642,0.4443866332658616,13.02933851580614,-0.28957499642207285,0.1214441064489874
-0.9,1.3,60,0.85,0.5,40,3.85423533921195,0.0551679178191673,0.44376216489328396,12.8919221276173,-0.2608925022599494,0.12431866027252254
-0.92,1.1,50,0.9,0.3,40,1.2850588500398152,0.02848768412161773,0.44363885789391994,10.882048084459747,-0.13289627651546676,0.06421368104871805
-0.95,1.2,40,0.9,0.3,50,1.6209097819439013,0.03329276350537458,0.4430677410585111,10.463550590303115,-0.17507824696824736,0.07514147481339195
-0.92,1.3,40,0.85,0.4,40,2.3848870184123108,0.042316138607986,0.44306509274017125,11.434825521746047,-0.24624986681234984,0.09550772403729321
-0.88,1.1,40,0.9,0.3,50,1.291768229094861,0.02859018467226071,0.4427152815768226,10.947003456792995,-0.13746548387385404,0.06457916828719085
-0.9,1.3,40,0.85,0.5,40,3.431336693972927,0.051903810124638516,0.442618401925778,11.887306694336464,-0.19296956149661715,0.11726536876643955
-0.9,1.4,40,0.9,0.3,30,1.312716998474912,0.02890836790857465,0.44238527524589394,10.991352446204994,-0.1378789857223044,0.065346587072787
-0.92,1.1,60,0.9,0.3,50,1.3266300493877603,0.02911815323709388,0.4423491154590297,11.01000081177368,-0.1338463004954209,0.06582618167299308
-0.88,1.4,50,0.85,0.5,30,3.0987724975788247,0.049118145969940796,0.4421476178007633,12.393137726583943,-0.26611650297711487,0.11108992560958225
-0.88,1.2,40,0.85,0.5,50,3.998720686336279,0.05622039770191245,0.44207091921191566,12.48700404739852,-0.21381132989249052,0.12717506458497005
-0.9,1.2,40,0.9,0.4,30,1.6988687212604692,0.034322747653185104,0.440915913452837,11.390904704956808,-0.132885801480371,0.0778442025020185
-0.92,1.1,50,0.9,0.3,30,1.2413340883834056,0.027812483964767987,0.44083875647962834,10.766397988067952,-0.14667771095618787,0.06308992473091062
-0.95,1.4,50,0.85,0.5,50,4.826918654776239,0.06173868047712716,0.4405686441409975,11.602746175632548,-0.284667712868681,0.1401340773978654
-0.88,1.2,50,0.85,0.5,40,3.6326989923454702,0.053493891707888874,0.44031047926144107,12.911460058121415,-0.28957499642207163,0.12149129813493732
-0.88,1.4,60,0.85,0.5,50,4.0513355347327025,0.05659637616048929,0.44016295139836636,12.745709963515557,-0.23758253096117254,0.1285805086063846
-0.92,1.3,50,0.85,0.4,50,2.6864905612993133,0.045344536279603,0.4397223143816105,12.276518616865935,-0.2374667164003489,0.1031208442159044
-0.9,1.1,60,0.9,0.3,50,1.3143152650844474,0.02893252896065568,0.43937466030589506,10.93278994040757,-0.13384630049542146,0.06584933446210278
-0.92,1.3,40,0.85,0.4,50,2.7541952182860983,0.04599137897403449,0.43936745900467555,11.918217036463279,-0.255054162867174,0.10467634330093861
-0.92,1.4,60,0.85,0.5,40,3.7762815409368278,0.054587438718419756,0.4382922235961648,12.709993489788236,-0.2663756798496143,0.12454576143407854
-0.9,1.3,50,0.85,0.4,50,2.6373025216034844,0.044867361349418156,0.43808765419844337,12.210710431894375,-0.2378194129536486,0.10241640210453021
-0.88,1.3,40,0.85,0.5,40,3.3569895506316865,0.05129901685044502,0.43722581745705347,11.740204342431317,-0.19421060993557104,0.11732842572930605
-0.92,1.1,40,0.9,0.3,30,1.2218284552060026,0.027507162866369894,0.43712045596455384,10.5310098289613,-0.1570303136952429,0.06292810709503939
-0.9,1.1,50,0.9,0.3,30,1.2128866622123033,0.02736633068869998,0.4369046049837672,10.671289455488829,-0.15386055224104833,0.06263685568092547
-0.9,1.3,40,0.85,0.5,50,3.91804769186629,0.0556364292562046,0.43680314779515045,12.320415171316684,-0.21701206682967789,0.12737185969707496
-0.88,1.3,60,0.85,0.5,40,3.738866591014318,0.05430557204540887,0.43652264099750826,12.685082188714825,-0.2608925022599493,0.12440493790038912
-0.95,1.1,60,0.9,0.3,50,1.5564725965886064,0.032418835332101104,0.43613741305673936,10.254354997480412,-0.17507824696824725,0.07433169996788047
-0.95,1.3,40,0.9,0.3,50,1.588683609961929,0.03285832347701856,0.4358062633619816,10.27342028815396,-0.17507824696824748,0.07539662973986762
-0.95,1.1,40,0.9,0.3,30,1.4636446418251587,0.031121701737276686,0.4356874345425532,10.405335690736948,-0.17507824696824748,0.07143125844322934
-0.88,1.2,40,0.9,0.4,30,1.6686134202919831,0.03392647357460188,0.43548895883353594,11.247293184389198,-0.132885801480371,0.07790432544024646
-0.95,1.1,50,0.9,0.3,30,1.4618277508378896,0.031095845054309512,0.4351932308925805,10.396112787007125,-0.17507824696824736,0.07145296122950257
-0.95,1.1,60,0.9,0.3,30,1.4609781115835472,0.031083747274362805,0.43498592354697774,10.390437151986104,-0.17507824696824748,0.07145920268154565
-0.88,1.1,60,0.9,0.3,50,1.2958544234230858,0.02865246835652746,0.43479797679694143,10.820553614245796,-0.13384630049542112,0.06589834793529567
-0.9,1.3,50,0.85,0.5,40,3.549158454598958,0.05284246771943857,0.4341965139894507,12.70349167342887,-0.2956607327685289,0.12170173185849768
-0.92,1.2,60,0.9,0.3,30,1.2453606923010048,0.027875192544643657,0.43387769685245314,10.69543433533113,-0.12843085939988097,0.06424665924720958
-0.92,1.4,40,0.85,0.4,40,2.3115893492276434,0.04154080897519541,0.4336068745791578,11.162678578468745,-0.24809667153033976,0.09580292982096587
-0.95,1.1,40,0.85,0.5,40,3.987258256906755,0.0561379817739569,0.43344962852467445,10.910253586399937,-0.28466771286868064,0.12951443046573335
-0.9,1.2,40,0.9,0.3,40,1.2631031009214135,0.028150217459936178,0.43342710085065705,10.67903703943674,-0.14367245877151646,0.06494798641960255
-0.95,1.1,50,0.9,0.3,50,1.5331749506963153,0.03209761499005781,0.4329612930789489,10.167732673042215,-0.17507824696824748,0.07413506819928342
-0.88,1.1,50,0.9,0.3,30,1.1982931483013477,0.027135299549386982,0.4329176494207981,10.574289451362532,-0.15386055224104878,0.0626800491633718
-0.9,1.4,40,0.85,0.5,40,3.296558389928613,0.05080003552565615,0.4321895399805984,11.583593437514832,-0.19708684054883652,0.11754110367394971
-0.9,1.4,60,0.85,0.5,40,3.6758364675813624,0.053825835258541455,0.43197996678480627,12.518111329675984,-0.2663756798496145,0.12460261909635073
-0.88,1.3,40,0.85,0.5,50,3.8197326298090744,0.05491211421810638,0.43091412753412056,12.15170107088835,-0.21821614279239332,0.12743168698677287
-0.88,1.3,50,0.85,0.4,50,2.565732904488212,0.044161808979459316,0.430830529672649,12.00981120335012,-0.23781941295365028,0.10250389872095199
-0.92,1.4,40,0.85,0.4,50,2.6729004047021134,0.045213315503919604,0.43082504847734143,11.657429548547178,-0.25664223549385934,0.10494588386565812
-0.95,1.2,40,0.85,0.5,40,3.9261554388425743,0.055695535528857976,0.42958024831056596,10.808812594173467,-0.2846677128686811,0.12965106228206463
-0.88,1.4,40,0.9,0.3,30,1.2610980635728635,0.028119241987077714,0.4292837322834861,10.655315542705983,-0.14463879066501129,0.065502696404318
-0.92,1.4,50,0.85,0.4,50,2.588314533303568,0.044385890797602245,0.42913815573663383,11.94401429957232,-0.24386648266566768,0.10343030607803211
-0.95,1.4,40,0.9,0.3,50,1.5567397397336085,0.032422502191219005,0.4284648003956477,10.078448650888209,-0.17507824696824736,0.07567133207040536
-0.95,1.2,60,0.9,0.3,50,1.5224042646032716,0.03194814646165711,0.42826953368162773,10.057543882372274,-0.17507824696824736,0.07459822366306149
-0.95,1.2,40,0.9,0.3,30,1.4334605962895695,0.030689735523536932,0.4281610686522442,10.208377817350913,-0.1750782469682476,0.07167801505200226
-0.88,1.3,50,0.85,0.5,40,3.459646645543054,0.05213153011551763,0.42809508594973444,12.526509508847894,-0.29566073276852933,0.12177558637437559
-0.9,1.2,60,0.9,0.3,30,1.2216446669617462,0.02750427373861508,0.4277731951253854,10.536914537150803,-0.12938198634698872,0.06429639363109989
-0.9,1.4,40,0.85,0.5,50,3.7684661608532304,0.05452873797763069,0.4272544390626561,12.026603320919072,-0.22100668668734014,0.12762591325501513
-0.95,1.2,50,0.9,0.3,30,1.4298622944456216,0.030637895054506536,0.42716776661902667,10.188578882228214,-0.17507824696824736,0.07172333085195357
-0.88,1.2,40,0.9,0.3,40,1.237732891210313,0.027756308227064874,0.42688961774975726,10.514925703598452,-0.1445501545218093,0.06501987181926647
-0.95,1.2,60,0.9,0.3,30,1.428182368172878,0.03061366708236224,0.426752435476016,10.177962133510237,-0.17507824696824748,0.07173636173444349
-0.9,1.2,40,0.9,0.3,50,1.2349294969414562,0.027712517077449927,0.4265538898144912,10.508784685008802,-0.14383308215409885,0.06496838439218579
-0.92,1.2,50,0.9,0.3,40,1.2245104243260982,0.027549296833855097,0.42623032533038924,10.419949056235334,-0.14207747274188787,0.06463476481289891
-0.9,1.4,50,0.85,0.4,50,2.5244745286118753,0.04374883059383827,0.4257966007675042,11.829660670595597,-0.24435925084411958,0.1027458427685435
-0.95,1.3,40,0.85,0.5,40,3.865584436560976,0.05525167642658957,0.42566958331615895,10.70341254839,-0.2846677128686811,0.12979944678253488
-0.95,1.1,40,0.9,0.3,40,1.4427786560091143,0.030823636732845383,0.4255290438504427,10.061303953993368,-0.17507824696824736,0.07243603504459903
-0.95,1.2,50,0.9,0.3,50,1.5002830908198859,0.03163922006503861,0.42528280766088006,9.975613701042358,-0.17507824696824714,0.07439571855504604
-0.95,1.1,50,0.9,0.3,40,1.4409771532888551,0.030797787524235787,0.4250466063520869,10.05244080256837,-0.17507824696824736,0.07245743658220029
-0.88,1.4,40,0.85,0.5,40,3.2006608944810884,0.04999411969077072,0.4250165634875512,11.388836680819011,-0.20028516732289592,0.11762863847125116
-0.9,1.3,40,0.9,0.4,30,1.6169653532170312,0.033239866796414,0.4249152612341139,10.933768334354237,-0.1328858014803711,0.07822704861169945
-0.95,1.1,60,0.9,0.3,40,1.4401347101050392,0.030785693241378365,0.42484360293141005,10.046955635377852,-0.17507824696824736,0.07246359137564475
-0.9,1.4,50,0.85,0.5,40,3.4080449741599432,0.051715399610617885,0.4239682013673393,12.370997583178788,-0.30170426720888466,0.12197943016441001
-0.9,1.1,50,0.85,0.5,50,3.504453436397217,0.05248910903916837,0.4232902322417053,11.9596148486945,-0.27813741431946715,0.12400264650849839
-0.92,1.2,50,0.9,0.3,30,1.1819442610501745,0.02687471272642772,0.4231011110034899,10.297531621451087,-0.15620595760496214,0.06351841682166144
-0.92,1.2,60,0.9,0.3,50,1.253401294892062,0.028000089007504947,0.42261759524147663,10.484839582922335,-0.1366430953642942,0.06625395942520132
-0.92,1.2,40,0.9,0.3,30,1.1739800308059798,0.026747085960415307,0.4224909867017552,10.146116988738319,-0.1650979817053143,0.06330806289909471
-0.88,1.4,60,0.85,0.5,40,3.5281725633374883,0.05267701016032866,0.42235412149302315,12.242521276104762,-0.2663756798496134,0.1247223774545286
-0.9,1.1,50,0.9,0.3,40,1.1661176229250398,0.026620647089777183,0.42205278887701836,10.288355721619116,-0.17398938013822285,0.0630742120212222
-0.95,1.4,40,0.85,0.5,40,3.8055440371748324,0.054806406119898954,0.4217189792696365,10.595453117127697,-0.28466771286868087,0.12995954371040322
-0.88,1.1,50,0.85,0.5,50,3.4747475300768302,0.05225242836284827,0.4213066740231053,11.90371588757998,-0.2781374143194689,0.12402468696705869
-0.92,1.1,50,0.85,0.5,50,3.5217824158509075,0.05262648164034012,0.42122350124352764,11.91649981463993,-0.27848425398231436,0.12493719245240892
-0.95,1.3,40,0.9,0.3,30,1.4035392612525444,0.030256389918359217,0.4205466090225607,10.00492581768926,-0.17507824696824748,0.07194539028309245
-0.92,1.1,40,0.85,0.5,40,3.0270571075115145,0.0484888754639452,0.42050023717794016,10.954853142182714,-0.2972434701342065,0.11531236174648458
-0.95,1.3,60,0.9,0.3,50,1.488665355091305,0.03147591710442299,0.4203123313136261,9.854163332135954,-0.17507824696824748,0.07488697037759875
-0.88,1.2,40,0.9,0.3,50,1.209875123588397,0.027318775538188955,0.42002884349038194,10.3450814164516,-0.14471061327292278,0.06504023702556636
-0.88,1.4,40,0.85,0.5,50,3.6468007656704744,0.05360273239667834,0.4197277784020613,11.811881270411757,-0.22260431119679158,0.1277083270512817
-0.95,1.3,50,0.9,0.3,30,1.398194803573964,0.030178438875141822,0.419050770543089,9.974168308065433,-0.1750782469682476,0.07201618752789936
-0.95,1.3,60,0.9,0.3,30,1.3957037419875724,0.030142048395676024,0.4184271910265833,9.95849581219235,-0.17507824696824725,0.07203654313603404
-0.88,1.2,60,0.9,0.3,30,1.1863229336970704,0.026944689354616136,0.4183855508591417,10.308901106237672,-0.13209538694212664,0.06440157720381609
-0.95,1.2,40,0.9,0.3,40,1.4128502560545888,0.030391795387014975,0.4181625836512276,9.872402088238386,-0.17528736487901142,0.07267937537989658
-0.88,1.1,50,0.9,0.3,40,1.1518325408181465,0.02638978363761324,0.41810833042444895,10.192693265907739,-0.17398938013822207,0.06311709601868792
-0.9,1.1,40,0.9,0.5,30,2.033852905937926,0.038444346756702386,0.4175398284900094,10.998246965911502,-0.16648805858679805,0.09207348409308036
-0.95,1.3,50,0.9,0.3,50,1.4676978319201752,0.031179317497115777,0.4175160826265386,9.777094854670034,-0.1750782469682477,0.07467812329760043
-0.95,1.2,50,0.9,0.3,40,1.40928243024358,0.030339969903441677,0.41719297764328095,9.853366748259168,-0.17560374051276706,0.07272406662938545
-0.88,1.3,40,0.9,0.4,30,1.5730589855290926,0.03264580437734854,0.41682110108605214,10.719639399034325,-0.13362424300641096,0.07832090144258043
-0.95,1.2,60,0.9,0.3,40,1.4076167322070043,0.030315748934845566,0.41678627291117587,9.843124979124731,-0.1750782469682476,0.07273691794860614
-0.9,1.2,60,0.9,0.3,50,1.2296003428256967,0.027629125131367616,0.4167150982576919,10.330999575731788,-0.13664309536429475,0.06630219362554049
-0.9,1.2,50,0.9,0.3,30,1.144555553068924,0.026271609293692988,0.41639547223894663,10.131985149483176,-0.16346527264364286,0.06309292738566846
-0.88,1.4,50,0.85,0.4,50,2.432260755841069,0.042808667044458515,0.4161546712179868,11.562346764097537,-0.24435925084412102,0.10286720300211365
-0.92,1.1,40,0.85,0.5,50,3.553939541956293,0.052880059766505116,0.4161270981926652,11.381769794491435,-0.3086280467775626,0.1270767032384463
-0.88,1.4,50,0.85,0.5,40,3.2927136093533997,0.050768060122368786,0.4158522820540496,12.135101627774143,-0.3017042672088862,0.1220819562937262
-0.88,1.1,40,0.9,0.5,30,2.016809146710099,0.03824551185705616,0.4152707685990609,10.936425282513083,-0.16648805858679805,0.09209777029594335
-0.9,1.3,40,0.9,0.3,40,1.1944240411602367,0.027073798913695546,0.4139349599639608,10.15088194957116,-0.15044258295284385,0.06540592492127924
-0.9,1.2,50,0.85,0.5,50,3.365361676909637,0.05136761779377719,0.41347253899322584,11.666064730017723,-0.28431095524904004,0.12423465393579324
-0.92,1.3,60,0.9,0.3,30,1.1745340412185175,0.02675597858046319,0.4133911038420382,10.14678060006233,-0.14241676245538426,0.06472316005785886
-0.92,1.2,40,0.85,0.5,40,2.940331988336888,0.04771327777548984,0.41302767813040414,10.749369676832327,-0.2987388203511606,0.1155207757297695
-0.95,1.4,40,0.9,0.3,30,1.3738800375626714,0.029821666535343683,0.4128528854042559,9.796528411649726,-0.1803799909889624,0.0722331551737685
-0.92,1.2,50,0.85,0.5,50,3.401966330284867,0.051666070228143735,0.41281678193677573,11.663748109043176,-0.28452084893042595,0.1251549658077044
-0.95,1.4,60,0.9,0.3,50,1.4552547972108267,0.031002149289873326,0.41227532011470513,9.645768509442645,-0.17507824696824748,0.07519768411373197
-0.92,1.1,60,0.9,0.3,40,1.1549387229268926,0.02644010883386594,0.4120867626319291,10.068674595260287,-0.17678801697003943,0.06416150973886517
-0.95,1.4,50,0.9,0.3,30,1.366824448851526,0.029717478445659973,0.4108525030301792,9.754512662448134,-0.1810125420929516,0.07233125811935744
-0.95,1.3,40,0.9,0.3,40,1.383182341556338,0.02995857504848587,0.41071170860460676,9.677386160684888,-0.18243099310189181,0.07294307520540416
-0.95,1.4,60,0.9,0.3,30,1.3635412021858957,0.02966889324115285,0.41002093011629825,9.733704645379456,-0.17567492209314273,0.07235946036398086
-0.95,1.4,50,0.9,0.3,50,1.4354183205895263,0.030717909217609307,0.4096702436944909,9.573694485263202,-0.17507824696824748,0.07498203662679734
-0.88,1.2,50,0.85,0.5,50,3.3079414807620218,0.05089454204259103,0.4095126577811431,11.556649044828552,-0.2843109552490398,0.12428075439316635
-0.92,1.2,40,0.85,0.5,50,3.4558676897459897,0.05210121379142074,0.4093883857913136,11.18645913150926,-0.31009917248939933,0.12726597920142127
-0.95,1.3,50,0.9,0.3,40,1.377883149082074,0.029880646538474664,0.4092515819932387,9.647817347115721,-0.1829028326678298,0.07301290417239811
-0.9,1.1,60,0.9,0.3,40,1.143532695756123,0.026254967602113544,0.409049977267482,9.991621250986265,-0.17678801697003743,0.0641852317839029
-0.9,1.4,40,0.9,0.4,30,1.5373708253335994,0.032155676484858065,0.4089042822175846,10.471978699107586,-0.13787898572230228,0.07863863961137856
-0.92,1.3,50,0.9,0.3,40,1.1654176138864987,0.026609368449749704,0.40881099393261916,9.953807089474626,-0.1516727932561608,0.06508965963409365
-0.95,1.3,60,0.9,0.3,40,1.375413185690964,0.029844266578357148,0.40864094469947126,9.632710035554387,-0.17891346043726886,0.07303298155867777
-0.88,1.2,50,0.9,0.3,30,1.1163469395288321,0.025809825799251174,0.40849447072417916,9.940807528784465,-0.16346527264364352,0.06318280331553938
-0.92,1.3,40,0.9,0.3,30,1.1270329434367072,0.02598545458172019,0.40781497590398613,9.756771434418418,-0.1731023121303511,0.06371873549792853
-0.88,1.2,60,0.9,0.3,50,1.1941521229698013,0.027069472752624835,0.40764694607147484,10.109569936604125,-0.1366430953642942,0.06640420838054949
-0.9,1.3,40,0.9,0.3,50,1.1671054298806331,0.026636556780209597,0.4071239961746857,9.983199612808564,-0.1506019364472181,0.06542615279493519
-0.92,1.3,40,0.85,0.5,40,2.855240539703957,0.04693609387193609,0.405506031318858,10.542059361685823,-0.300232377091174,0.11574696859448003
-0.92,1.3,50,0.9,0.3,30,1.123982195690545,0.025935401403471836,0.405359673056892,9.824885130103114,-0.1656432599575276,0.06398120762208089
-0.92,1.1,60,0.9,0.4,30,1.4700448702230182,0.031212638670915727,0.40448013091925555,10.190304836142195,-0.15238115537961117,0.07716729768648774
-0.9,1.2,40,0.9,0.5,30,1.9419884886387697,0.03735960563823948,0.404449387751118,10.628773079575401,-0.16648805858679805,0.09237152229595928
-0.88,1.1,60,0.9,0.3,40,1.1264341533538178,0.025975635791594343,0.4043815132040886,9.879304768465474,-0.176788016970038,0.06423546809985999
-0.92,1.3,50,0.85,0.5,50,3.285030684997534,0.050704081549786784,0.40436674869431966,11.40863116056857,-0.29051631756802054,0.12539132288574115
-0.9,1.3,60,0.9,0.3,30,1.140159281017171,0.02620002837219504,0.4043174966792818,9.912102027429453,-0.14382072899291043,0.0648006296719278
-0.88,1.3,40,0.9,0.3,40,1.1576068977097007,0.026483281682267545,0.40421442946478015,9.907138682223733,-0.15174902922293143,0.06551790275605457
-0.9,1.3,50,0.85,0.5,50,3.2302572305057646,0.050244725352236896,0.40361608135059424,11.370068254964876,-0.2904417851191413,0.1244864307291876
-0.95,1.4,40,0.9,0.3,40,1.3537743184375026,0.02952397733039147,0.4031847784909171,9.477725559403662,-0.1895253649797043,0.0732269145697835
-0.92,1.3,60,0.9,0.3,50,1.1823210146460452,0.026880739048345204,0.40291207609522484,9.95579393111317,-0.1424167624553807,0.06671614141938047
-0.92,1.3,40,0.85,0.5,50,3.3596432503435674,0.05132077495799847,0.40260600801991675,10.989526095703797,-0.3115685337784204,0.1274714582884706
-0.9,1.1,40,0.9,0.4,40,1.4891126858833719,0.03148221856195832,0.4020043977425619,10.115663508818406,-0.16383243266579273,0.07831311980352787
-0.9,1.1,60,0.9,0.4,30,1.4569709954984011,0.031026636607591307,0.40196673649299397,10.12470226810791,-0.15238115537961083,0.07718707492636541
-0.9,1.2,50,0.9,0.3,40,1.099230681882379,0.025526720266059177,0.401824128570203,9.759917585162365,-0.1833656136590205,0.0635270966850349
-0.92,1.1,40,0.9,0.3,40,1.1028851879743566,0.025587353107638933,0.4016439938269407,9.565226759960135,-0.20432114182231176,0.06370654983244675
-0.9,1.1,50,0.9,0.3,50,1.1036626017781557,0.025600238247520668,0.4016048803103618,9.705859575749946,-0.18784536987542189,0.06374483852819893
-0.95,1.4,50,0.9,0.3,40,1.3467784874574185,0.029419819358222687,0.40123213457419854,9.437337051303722,-0.1901508580368545,0.0733236867716092
-0.95,1.4,60,0.9,0.3,40,1.3435230484460075,0.029371248198176936,0.4004177888531594,9.417286901554753,-0.18487279555221336,0.07335150689058902
-0.88,1.2,40,0.9,0.5,30,1.90900772656303,0.0369621680658605,0.39992710500024253,10.507516855374142,-0.16648805858679816,0.09242226296674262
-0.88,1.1,40,0.9,0.4,40,1.4751292006504104,0.03128471672755051,0.3993372467133947,10.04694036454174,-0.16426084689521814,0.07834159469227679
-0.88,1.4,40,0.9,0.4,30,1.4807377052667197,0.03136406002537617,0.3981798893553648,10.189591286688277,-0.14463879066501606,0.07876856883996117
-0.88,1.1,60,0.9,0.4,30,1.4373722168882392,0.03074600601754396,0.39811512304318014,10.028650034479028,-0.1523811553796104,0.07722893263265762
-0.92,1.4,40,0.85,0.5,40,2.771757651155683,0.04615732767313108,0.39793943326782555,10.32865169403938,-0.3019463436412443,0.11599083632927065
-0.88,1.1,50,0.9,0.3,50,1.089789397168417,0.02536960426191648,0.3977221326581908,9.612680020236064,-0.18784536987542189,0.06378725793396957
-0.88,1.3,50,0.85,0.5,50,3.1470203019059806,0.04953554188798104,0.39768869537556606,11.20578621995615,-0.2904417851191412,0.12455858681424439
-0.92,1.1,40,0.9,0.3,50,1.111874644119096,0.02573606740157297,0.3976333472062869,9.513480329750543,-0.1926062845696892,0.06472311133457688
-0.88,1.3,40,0.9,0.3,50,1.130746626847222,0.026046290941636352,0.3974222406690596,9.74007730747184,-0.1519081376640874,0.06553808085271591
-0.9,1.3,50,0.9,0.3,30,1.078183276903986,0.025175520148907005,0.39593311242817997,9.590419671921381,-0.1729771039192871,0.06358528589465652
-0.92,1.4,50,0.85,0.5,50,3.170914756718939,0.049740521033861285,0.39587776900201666,11.146695903733521,-0.2964708507461483,0.12564615881122615
-0.92,1.4,40,0.85,0.5,50,3.265237827950208,0.050538747202501844,0.39578303081191496,10.78639318567663,-0.31303612928987845,0.12769306227916324
-0.95,1.1,40,0.9,0.4,50,1.9084742420324448,0.0369557035549648,0.39454654658895855,9.331237315469027,-0.2312497828150838,0.09366627049321388
-0.9,1.4,40,0.9,0.3,40,1.1276810308573104,0.02599607872710674,0.3944943740929583,9.620618004539402,-0.15717194041028115,0.06589721028817777
-0.9,1.1,40,0.9,0.4,50,1.4476441421386923,0.03089335817425143,0.39415263835239256,9.91564804341863,-0.16411556384375003,0.07837917387383106
-0.92,1.1,50,0.9,0.3,50,1.0922770273573303,0.025411068290065675,0.39415074353338286,9.55134447334944,-0.1957231899508557,0.06447043093783601
-0.9,1.3,60,0.9,0.3,50,1.14782315894966,0.02632472128691976,0.3941339405841367,9.727842490796668,-0.14382072899291343,0.06679130766537007
-0.88,1.2,50,0.9,0.3,40,1.0716182533062097,0.025065271943568668,0.39400682795561737,9.57132314158593,-0.18336561365901882,0.06361633902037893
-0.9,1.4,50,0.85,0.5,50,3.0990359668573992,0.04912043812722966,0.3937262087581918,11.068500522138383,-0.29653010037937966,0.12475785719765771
-0.92,1.4,40,0.9,0.3,30,1.0809733390289722,0.025222272571690407,0.39311806965247803,9.362315882492783,-0.1810436603936516,0.06415953505771753
-0.92,1.4,60,0.9,0.3,30,1.105790624944536,0.02563548536477711,0.3929763317895898,9.595518328501978,-0.15619518751916084,0.06523417135081572
-0.92,1.2,60,0.9,0.3,40,1.0871138107815286,0.025324954110481857,0.39202637644105043,9.54895975472189,-0.18518233475764934,0.06460012803319627
-0.92,1.1,50,0.9,0.4,40,1.41798871894182,0.03046630567597175,0.39177689619612277,9.75716699906588,-0.1767321587670735,0.07776442656975968
-0.88,1.1,40,0.9,0.4,50,1.4338936213562592,0.030695969091188546,0.3914921717446302,9.847165564281264,-0.16454383300963693,0.07840761912146607
-0.92,1.4,50,0.9,0.3,40,1.1077497325374623,0.02566790427340604,0.39141231220032807,9.483509982675136,-0.161176344390476,0.0655776619011131
-0.9,1.3,40,0.9,0.5,30,1.8527070930427931,0.036273545352819125,0.3913233100063473,10.254285467453693,-0.16648805858679805,0.0926945684687957
-0.92,1.1,60,0.9,0.4,50,1.4773961677479388,0.03131680831529282,0.3903891844300642,9.865833691404358,-0.1822888113276474,0.08021945679927778
-0.88,1.3,60,0.9,0.3,30,1.089294936802133,0.02536135687493557,0.3903890663303216,9.573791765113194,-0.14782317971358383,0.06496431140690927
-0.95,1.2,40,0.9,0.4,50,1.87284023968071,0.03652129331190035,0.3891258212325955,9.196429394083085,-0.23124978281508368,0.09385471567066778
-0.92,1.1,50,0.9,0.4,30,1.3584343159713765,0.029593192248446032,0.38870566513914384,9.651284421292972,-0.18276928530260328,0.0761326497205865
-0.92,1.2,60,0.9,0.4,30,1.3923022529803375,0.030092298930749717,0.38812405590361937,9.754166202188328,-0.1551181015321823,0.07753268181403929
-0.9,1.1,60,0.9,0.4,50,1.4642833828220998,0.03113078746266318,0.3879782569226282,9.802949193120298,-0.1822888113276484,0.08023848477898433
-0.9,1.4,40,0.9,0.3,50,1.1011933101985911,0.025559295396750503,0.3877481450021386,9.455671565884234,-0.15733003166315918,0.06591726027885841
-0.92,1.4,50,0.9,0.3,30,1.0674177933031723,0.024994555296521836,0.38764735888548557,9.3484912270348,-0.17499030421146688,0.06447755859444781
-0.92,1.2,40,0.9,0.3,40,1.0575982790309677,0.024828696340748913,0.3874531306126042,9.201294614348098,-0.21193621146799613,0.06408180597609865
-0.9,1.2,40,0.9,0.4,40,1.4137428859721592,0.030404749962960276,0.3865195815410873,9.70046093904623,-0.17043063035842665,0.07866289682332234
-0.9,1.2,60,0.9,0.3,40,1.0650692260552868,0.024954955582909166,0.3860036412054283,9.395621305069339,-0.18518233475764923,0.06464953414682512
-0.88,1.4,50,0.85,0.5,50,2.9917894629718695,0.048175436067418476,0.3858416845052391,10.84949170480966,-0.29653010037938055,0.12485803893685918
-0.9,1.1,50,0.9,0.4,30,1.3227908278863376,0.02906038557609847,0.3849947666128852,9.564270621146617,-0.1916354196177208,0.0754825470272402
-0.88,1.3,40,0.9,0.5,30,1.8048455474632248,0.035677738716868745,0.3845666015584488,10.07303065273388,-0.16648805858679816,0.09277388772786142
-0.88,1.1,60,0.9,0.4,50,1.4446262747238992,0.030850128524254172,0.38428757549868015,9.710769657035595,-0.18228881132764752,0.08027875604414415
-0.88,1.3,50,0.9,0.3,30,1.0372917699314215,0.024483264801844262,0.3842008495409477,9.306598583813827,-0.1729771039192881,0.06372517091281149
-0.92,1.2,40,0.9,0.3,50,1.066394141781188,0.02497730062639869,0.3837200016218883,9.155228192406703,-0.1987408738050196,0.065092516733102
-0.95,1.3,40,0.9,0.4,50,1.8375163821872325,0.036085495872915097,0.3836466348150149,9.05722364319151,-0.23124978281508346,0.09405920083285664
-0.92,1.1,40,0.9,0.4,30,1.3273043960559319,0.029128290428875436,0.3836110035552741,9.369204049572074,-0.1963461588690204,0.07593184282754384
-0.92,1.4,60,0.9,0.3,50,1.1133314292407972,0.025760109682239074,0.3832664228770927,9.423752016819591,-0.15619518751915806,0.06721201791919017
-0.9,1.2,60,0.9,0.4,30,1.3670341964736923,0.02972058006021938,0.38312575187858705,9.622853584509983,-0.15511810153218253,0.07757395558635762
-0.9,1.2,50,0.9,0.3,50,1.0387041918886806,0.02450739873157004,0.3817772357441161,9.196489693449925,-0.19706432092028614,0.06419292832848729
-0.88,1.1,50,0.9,0.4,30,1.307472519525645,0.028828973482670772,0.38174755611550837,9.483793414669988,-0.1916354196177209,0.07551842315906736
-0.88,1.4,40,0.9,0.3,40,1.080192026064827,0.025209186398954753,0.3816573317570193,9.30021224054223,-0.15890048254567923,0.06605188555634531
-0.9,1.3,50,0.9,0.3,40,1.0342611741666805,0.024431426685302737,0.3816452185464023,9.229437902419464,-0.19265116779412628,0.06401606910825805
-0.88,1.2,40,0.9,0.4,40,1.386683949425756,0.030009976964120222,0.3812130646566069,9.56527754023505,-0.17128090023210674,0.07872232026243099
-0.9,1.4,60,0.9,0.3,30,1.061505904292945,0.02489479046784493,0.3809969954028534,9.287837629681242,-0.1580372899021213,0.06534117268174783
-0.88,1.3,60,0.9,0.3,50,1.0967766702892923,0.025485947883218563,0.3806705972708938,9.398978958831265,-0.1478231797135846,0.06695013501418967
-0.95,1.1,60,0.9,0.4,50,1.7700065967351342,0.03523783555250182,0.37951962499023295,8.917469672140896,-0.23124978281508357,0.09284852016126616
-0.95,1.1,40,0.9,0.4,30,1.6433688173082834,0.03359249236719708,0.3790611556236601,9.088708105294163,-0.23124978281508413,0.08862024469884858
-0.9,1.2,40,0.9,0.4,50,1.373530000865355,0.0298165046886949,0.3787250682342023,9.502732012256608,-0.1707115273484564,0.07872862714822054
-0.95,1.1,50,0.9,0.4,30,1.641419383165608,0.033566573726024895,0.3786939134651011,9.081853374667627,-0.23124978281508357,0.08863774286437866
-0.95,1.1,60,0.9,0.4,30,1.6405077622797037,0.03355444695718046,0.37853560533496955,9.07722261719065,-0.23124978281508368,0.08864277622573398
-0.9,1.4,40,0.9,0.5,30,1.7659425227815149,0.03518617176794492,0.3781736723335362,9.875043237210138,-0.16648805858679805,0.09304236212644629
-0.95,1.4,40,0.9,0.4,50,1.802501962219289,0.03564831286073811,0.3781126000661281,8.914861835305217,-0.23124978281508368,0.09427962161140245
-0.92,1.2,50,0.9,0.4,40,1.3539179794407965,0.029526113103282237,0.37799411745973627,9.391794219299205,-0.17865253276559712,0.07811262593637411
-0.92,1.2,50,0.9,0.3,50,1.0368368446411411,0.02447548809200395,0.3771861408153694,9.11266465954128,-0.20470379190914134,0.0648896803023963
-0.88,1.2,60,0.9,0.3,40,1.0322368719616986,0.02439675957136389,0.3767603107372702,9.174100720120736,-0.18518233475764811,0.0647540594804762
-0.95,1.1,50,0.9,0.4,50,1.736566127130554,0.03481053431922976,0.37603482161274043,8.826039101546522,-0.23124978281508368,0.09257263508186324
-0.9,1.4,50,0.9,0.3,30,1.013718677985111,0.024078069513954414,0.3755561860284347,9.047770977738365,-0.18239674967464414,0.06411309521641424
-0.88,1.2,60,0.9,0.4,30,1.3294009278598784,0.029159788663812414,0.37547413966325377,9.433365474025655,-0.1551181015321823,0.07766124370100307
-0.88,1.4,40,0.9,0.3,50,1.054295500926068,0.024772738061547672,0.37493624184177476,9.1360879616258,-0.15905824957182002,0.06607186848584755
-0.92,1.2,60,0.9,0.4,50,1.3994221745020736,0.030196355402161146,0.3747793673114366,9.450819955351356,-0.18492918619183973,0.08057101867368377
-0.92,1.2,50,0.9,0.4,30,1.2959416213176587,0.0286537963003084,0.3746170586109949,9.278459557521884,-0.19189453131875334,0.0764882314931171
-0.88,1.2,50,0.9,0.3,50,1.011887904201814,0.024046409065302754,0.37408141019316515,9.012732170504286,-0.1970643209202867,0.06428121903434299
-0.95,1.2,60,0.9,0.4,50,1.7330926456663707,0.0347658614749462,0.3735769833835998,8.772640253132675,-0.2312497828150838,0.09306210773496074
-0.88,1.2,40,0.9,0.4,50,1.346921865401705,0.02942195706085693,0.37343200594243703,9.367999988337218,-0.1715615093158338,0.07878798976162799
-0.95,1.2,40,0.9,0.4,30,1.6109828297375066,0.033159491068974756,0.37333643491175234,8.942593069575521,-0.2312497828150838,0.0888193274701754
-0.92,1.3,40,0.9,0.3,40,1.013164454981224,0.024068488005519084,0.37322737093070396,8.833686608756638,-0.2194914967843492,0.06448746764070476
-0.95,1.2,50,0.9,0.4,30,1.60712202987696,0.0331075263789673,0.3725979115460973,8.927635314584773,-0.23124978281508357,0.0888559096898515
-0.95,1.2,60,0.9,0.4,30,1.6053195520969679,0.033083240351361454,0.3722805061507945,8.919223630137736,-0.23124978281508368,0.08886643217886055
-0.92,1.2,40,0.9,0.4,30,1.277184483247395,0.028367014327756124,0.3720404806658402,9.066241304702066,-0.20403755334096874,0.07624711772489845
-0.92,1.3,60,0.9,0.3,40,1.0212788283875929,0.02420851700334392,0.3720159134016449,9.02653640404527,-0.19350502248847934,0.06507387488343094
-0.92,1.3,60,0.9,0.4,30,1.316840543181693,0.028970670844265634,0.371761289671524,9.314464096060677,-0.15784828642031423,0.0779281534929663
-0.9,1.4,60,0.9,0.3,50,1.0688881256760618,0.025019324783939423,0.37167043555837115,9.124608955578635,-0.15803728990212407,0.06731588630758907
-0.9,1.3,40,0.9,0.4,40,1.3404923160594118,0.02932597104120438,0.3710195507045215,9.280898049455907,-0.17698920447767585,0.07904157876725873
-0.95,1.2,50,0.9,0.4,50,1.7010333465891105,0.034350934480610995,0.370234423499835,8.684672256464175,-0.23124978281508368,0.09278157918404988
-0.88,1.3,50,0.9,0.3,40,0.9942339032749106,0.02373967379139974,0.37003630929758946,8.949395655165741,-0.1926511677941255,0.06415498478098779
-0.9,1.2,60,0.9,0.4,50,1.374078915717333,0.029824598981836425,0.3699829319705391,9.324839226671141,-0.18492918619183962,0.08061074283343235
-0.92,1.3,40,0.9,0.3,50,1.0217703711214292,0.024216982057900127,0.3697704881157007,8.793302550169203,-0.20642266479558335,0.06549192765844165
-0.88,1.4,40,0.9,0.5,30,1.7042077722173792,0.03439223105641398,0.36920416644197396,9.63551181711498,-0.16648805858679816,0.09315233733100149
-0.9,1.1,50,0.9,0.4,40,1.2569393842128171,0.028054910593365845,0.3686863284781733,9.116405471917307,-0.21739524117027675,0.07609425255655156
-0.9,1.2,50,0.9,0.4,30,1.2510660187093188,0.027963859062436036,0.36861693938562473,9.132413631290897,-0.2008113489500506,0.07586156813369323
-0.95,1.1,40,0.9,0.4,40,1.6110337785113296,0.03316017632100143,0.3681295617052457,8.7107207860803,-0.2312497828150839,0.09007746122695834
-0.95,1.1,50,0.9,0.4,40,1.609108190843731,0.03313426852070145,0.367771659443703,8.704159493130538,-0.2312497828150839,0.09009467605747774
-0.95,1.1,60,0.9,0.4,40,1.6082077213705825,0.03312214682406589,0.36761691035244143,8.699710589239105,-0.23124978281508357,0.09009962787705018
-0.95,1.3,60,0.9,0.4,50,1.696535632679205,0.034292342704330014,0.3675736304934154,8.623296579795946,-0.23124978281508368,0.09329380526643713
-0.95,1.3,40,0.9,0.4,30,1.57887871753465,0.03272510707399401,0.3675520126209156,8.791906382529191,-0.2312497828150839,0.08903530915431528
-0.95,1.3,50,0.9,0.4,30,1.5731443788507287,0.03264696924321586,0.36643886997082087,8.768587684808582,-0.2312497828150839,0.08909253880685612
-0.95,1.3,60,0.9,0.4,30,1.570471593008314,0.03261049156428997,0.365961819833744,8.756313611221952,-0.2312497828150838,0.08910899934617462
-0.88,1.1,50,0.9,0.4,40,1.242055352028912,0.02782372460821514,0.3654773025757278,9.037366717796619,-0.2173952411702753,0.07612982916346767
-0.95,1.3,50,0.9,0.4,50,1.665831784326643,0.03388982303617527,0.3643743737747425,8.53890971656395,-0.2312497828150838,0.09300825051194757
-0.9,1.3,60,0.9,0.4,30,1.280216219723413,0.028413521462434366,0.36431051341722764,9.119374188102087,-0.15784828642031434,0.07799259262631737
-0.92,1.3,50,0.9,0.4,40,1.291387533447673,0.028584376469463102,0.364180541979122,9.02332769483214,-0.18371978485369567,0.07848957639011314
-0.9,1.3,40,0.9,0.4,50,1.301499783281379,0.028738341628427255,0.3632845967394152,9.085625417693096,-0.17726788069654498,0.07910696430942082
-0.88,1.3,40,0.9,0.4,40,1.3012244992068216,0.028734158920888486,0.3631059985618602,9.07931260335376,-0.17825482745085597,0.07913435480188911
-0.9,1.3,60,0.9,0.3,40,0.9893267072853946,0.023653946150856475,0.3630643111468478,8.799479258975824,-0.19350502248847845,0.06515084359610664
-0.92,1.1,60,0.9,0.5,30,1.6150851306680734,0.03321462498447647,0.36270482335157267,9.235676392170122,-0.1907759946552443,0.09157480917280571
-0.88,1.2,60,0.9,0.4,50,1.3363336437315416,0.029263750936162403,0.3626474963853781,9.142898233770758,-0.18492918619183973,0.08069475517642734
-0.88,1.4,60,0.9,0.3,30,0.9964031119775167,0.023777504462013876,0.36264422008792185,8.842843048966891,-0.16328507459043062,0.06556703001153334
-0.95,1.2,40,0.9,0.4,40,1.5790439528978504,0.03272735613226874,0.3625362876199289,8.571262963115142,-0.2312497828150838,0.09027332504319958
-0.88,1.2,50,0.9,0.4,30,1.2214564097233773,0.027501314119460885,0.3621625087480765,8.973773415798414,-0.20081134895005082,0.07593639168926523
-0.9,1.3,50,0.9,0.3,50,0.9756079305449041,0.0234131938170683,0.36200295044690717,8.68541619076279,-0.20619411368900686,0.064676803844178
-0.95,1.2,50,0.9,0.4,40,1.5752303803150487,0.03267541317729683,0.3618166322784541,8.556946504101449,-0.2312497828150839,0.09030931765499887
-0.95,1.4,40,0.9,0.4,30,1.5470558378399275,0.03228934199972189,0.3617121222806261,8.637898674493297,-0.2312497828150839,0.08926806709195922
-0.9,1.4,50,0.9,0.3,40,0.9711590252146312,0.02333477260257788,0.3615534685136454,8.698024386446894,-0.2018467294120937,0.06454030906827603
-0.95,1.4,60,0.9,0.4,50,1.6603343974877687,0.03381728127566941,0.36151404599598297,8.470676134372088,-0.2312497828150838,0.09354347818630863
-0.95,1.2,60,0.9,0.4,40,1.5734499513647746,0.03265113730769764,0.36150638195343254,8.548875739581597,-0.2312497828150839,0.09031967051664277
-0.9,1.1,60,0.9,0.5,30,1.6012435621181433,0.03302826181853247,0.36060400776297935,9.180690558867543,-0.19077599465524486,0.09159149956048615
-0.92,1.3,50,0.9,0.4,30,1.2349512831627072,0.02771285759932418,0.36050135929785215,8.902657252515066,-0.2009326795605475,0.07687310154197605
-0.92,1.3,40,0.9,0.4,30,1.2280086962686436,0.027604181301359443,0.3604218559239159,8.760181302358435,-0.2116685642732351,0.076588533263606
-0.9,1.1,40,0.8,0.3,40,1.3285420261065632,0.029146887860820536,0.3603980517819368,8.8864970163188,-0.3348657649343686,0.08087415488709748
-0.92,1.3,50,0.9,0.3,50,0.9827294724119517,0.02353837140763204,0.36022991724025594,8.671124938417949,-0.2135986766778225,0.06534263336027442
-0.95,1.4,50,0.9,0.4,30,1.5394855402124983,0.03218490425283904,0.3602217206565284,8.605999969583722,-0.2312497828150838,0.0893474835281445
-0.88,1.4,50,0.9,0.3,30,0.9610320731909381,0.023155624530587504,0.3600841390451492,8.674192503780924,-0.18239674967464625,0.06430614964599742
-0.95,1.1,60,0.8,0.3,50,1.738301136343297,0.03483282796272902,0.35987921935872524,8.78318530993743,-0.3849711727303784,0.09679032877974508
-0.9,1.1,40,0.9,0.5,40,1.6370939109899645,0.03350899849537847,0.35972226700870474,9.140275361440603,-0.19016103373594184,0.09315241665194889
-0.95,1.4,60,0.9,0.4,30,1.5359627789716455,0.03213620262767303,0.3595847176326045,8.589798644013142,-0.2312497828150838,0.08937032374247696
-0.92,1.3,60,0.9,0.4,50,1.3237358770907948,0.029074614012567057,0.3591601669068836,9.032347384384744,-0.18756303835822252,0.08095166639151546
-0.92,1.4,40,0.9,0.3,40,0.9695706034189877,0.02330673193617705,0.3589905664491604,8.461703113961091,-0.2269873332553305,0.06492296487539516
-0.95,1.4,50,0.9,0.4,50,1.6309605184144251,0.03342720192231807,0.358458967067077,8.389966445568225,-0.23124978281508368,0.09325251979555857
-0.88,1.1,40,0.8,0.3,40,1.3154606042725656,0.028949833181088902,0.3578395751199192,8.82295440695787,-0.33654656305327046,0.08090170901691696
-0.92,1.1,60,0.9,0.4,40,1.2399878424300792,0.02779149383802748,0.3576748956572764,8.84757596649701,-0.22188925338207788,0.07770043180401806
-0.88,1.1,40,0.9,0.5,40,1.6222790880326237,0.0333111085856872,0.35750592280705656,9.082589828427224,-0.19057595838770158,0.09317638243343165
-0.88,1.1,60,0.9,0.5,30,1.580493949372006,0.03274708641495239,0.3573963254696069,9.099677077818564,-0.19077599465524508,0.09162681337566579
-0.95,1.3,40,0.9,0.4,40,1.5473325546087087,0.03229315382511255,0.35688630486720085,8.42756701006818,-0.2312497828150839,0.09048583087862952
-0.92,1.4,40,0.9,0.3,50,0.9779901636805854,0.023455115530861992,0.35580751433552243,8.42693022995083,-0.21404401152949193,0.06592079870675267
-0.95,1.3,50,0.9,0.4,40,1.5416683612872935,0.03221504867669123,0.35580170401641026,8.40525684792487,-0.2312497828150838,0.09054214275265361
-0.9,1.4,40,0.9,0.4,40,1.2693066655950194,0.028245887624857025,0.3555233631662009,8.857883329707839,-0.18350828573488964,0.07944875232194676
-0.92,1.4,60,0.9,0.4,30,1.2435983998620435,0.027847760746956052,0.35541293064856494,8.870618408267351,-0.16497618046024876,0.07835325714272375
-0.88,1.3,40,0.9,0.4,50,1.2628861670964002,0.028146867366300343,0.355391323648456,8.88472548514027,-0.17853307512246375,0.07919964696195708
-0.95,1.3,60,0.9,0.4,40,1.5390282703277474,0.03217858625511849,0.35533542781165633,8.3934887098514,-0.2312497828150838,0.09055833935076854
-0.9,1.1,60,0.9,0.4,40,1.2281316527755175,0.0276061088540267,0.35519935524484214,8.78460518010488,-0.221889253382078,0.07772004212957413
-0.95,1.2,60,0.8,0.3,50,1.7018097018905007,0.03436103853171235,0.3542549041728726,8.642151259570737,-0.38544031228634346,0.09699523740381173
-0.88,1.4,60,0.9,0.3,50,1.0035522012485698,0.023901903017394588,0.3539179348916883,8.691574737675388,-0.1632850745904313,0.06753515620707222
-0.88,1.3,60,0.9,0.4,30,1.226023196001552,0.02757304096740376,0.35291789782730026,8.837024618506831,-0.1578482864203148,0.07812876914759528
-0.9,1.2,50,0.9,0.4,40,1.187247983371492,0.026959455474533822,0.35254856380224653,8.695214560501666,-0.2262787649372009,0.07647018947907576
-0.9,1.3,50,0.9,0.4,30,1.1813973289682136,0.026865962543670907,0.3522403326569636,8.698354520283754,-0.20989853607761977,0.07627168172656387
-0.92,1.4,60,0.9,0.3,40,0.9573802601095998,0.023090803818623495,0.3520906298375445,8.502408910707803,-0.20175654101306717,0.0655819890159464
-0.9,1.3,60,0.9,0.4,50,1.287002553062679,0.028517408349372664,0.35200719081497545,8.845035201594072,-0.18756303835822208,0.08101370964425039
-0.88,1.1,60,0.9,0.4,40,1.2103582809867985,0.027326409282332653,0.3514127955102296,8.692056561054095,-0.22188925338207677,0.07776156597444439
-0.9,1.1,40,0.9,0.5,50,1.581978015539511,0.03276726920114892,0.35132571651913275,8.923230868980024,-0.1905931362408213,0.09326749412425793
-0.95,1.4,40,0.9,0.4,40,1.5158989486478824,0.031857571016322694,0.35118359210265543,8.280817657349031,-0.23224275319704268,0.09071486177808194
-0.95,1.1,40,0.9,0.5,50,2.1527901545212647,0.039802568738154465,0.35094748441137924,8.289311575954205,-0.284667712868681,0.11341460049190166
-0.88,1.3,50,0.9,0.3,50,0.9367347539754063,0.022722128490448856,0.350572967958202,8.41244982811044,-0.20619411368900642,0.06481426284173161
-0.92,1.4,50,0.9,0.4,40,1.2303649096562421,0.02764110108882334,0.3503536104677566,8.650027398950032,-0.19286432330879344,0.07889486582404487
-0.95,1.4,50,0.9,0.4,40,1.5084212547713465,0.03175317695214264,0.34973150950885895,8.250309690348894,-0.2328352786219008,0.09079301146395076
-0.88,1.3,60,0.9,0.3,40,0.9420471429590376,0.02281735546292274,0.3493511729709154,8.470766914910765,-0.193505022488477,0.06531352183214899
-0.92,1.2,60,0.9,0.5,30,1.5327774913124133,0.032092110227497805,0.3492712389660002,8.878507284058106,-0.19338896455563448,0.0918830600610141
-0.88,1.1,40,0.9,0.5,50,1.567472825936433,0.032569521313194016,0.3491159184348999,8.865789544053673,-0.1910078395029131,0.09329142440483502
-0.95,1.4,60,0.9,0.4,40,1.5049415857470039,0.03170449569718459,0.34910890818841156,8.23478341702349,-0.23124978281508357,0.09081548752710114
-0.92,1.1,50,0.9,0.5,40,1.5420994643310069,0.03222099918611576,0.34887499329835175,8.76262856263341,-0.22022375424841822,0.09235686078125104
-0.92,1.4,40,0.9,0.4,30,1.1797625233620024,0.026839795197152405,0.34876923625929857,8.449019656700772,-0.21923953051228995,0.07695574152416898
-0.95,1.3,60,0.8,0.3,50,1.6656711200105838,0.03388770501195326,0.3485759590480556,8.496698409540151,-0.3859112114417187,0.09721756229115448
-0.9,1.4,40,0.9,0.4,50,1.231500083648776,0.02765887481828777,0.3478501114266338,8.665232980966646,-0.18378475455511467,0.07951377305831737
-0.92,1.1,60,0.9,0.5,50,1.6190206686669946,0.03326743917971875,0.34777800299950334,8.85898130767237,-0.23014338549514812,0.09565711141243818
-0.9,1.2,40,0.9,0.5,40,1.5572432712236193,0.032429412756893816,0.3470360838953097,8.80250873247518,-0.19655147245583204,0.09344680355105894
-0.95,1.2,40,0.9,0.5,50,2.1141628460317774,0.03936696586227861,0.34663066830705286,8.184377963534494,-0.284667712868681,0.11357034867845714
-0.92,1.4,50,0.9,0.4,30,1.175431629959645,0.026770381455297976,0.3463770491640883,8.522278039620144,-0.20988438720258606,0.0772868223223881
-0.88,1.4,50,0.9,0.3,40,0.9195859441863286,0.022412997148739455,0.3462426612511083,8.329327848584692,-0.20184672941209614,0.0647320496779705
-0.88,1.2,50,0.9,0.4,40,1.158477810926673,0.026497362475268682,0.34616985649357673,8.539351174504343,-0.22627876493720134,0.07654439570119054
-0.9,1.1,60,0.9,0.5,50,1.6051582694303992,0.03308106648756359,0.34577189378351014,8.806660292180688,-0.23014338549514812,0.09567309281730067
-0.9,1.1,50,0.9,0.4,50,1.1690891791868352,0.02666848604057659,0.34566895473449694,8.436961801302768,-0.23537375814380057,0.07715036503946456
-0.9,1.2,40,0.8,0.3,40,1.2580342714404744,0.02807185870813922,0.3456580629437883,8.509453276626258,-0.33819461948256535,0.08121279876727287
-0.9,1.4,60,0.9,0.4,30,1.1964155853811933,0.02710546818583448,0.3455457937072526,8.613923426546831,-0.16497618046024787,0.07844247760920023
-0.92,1.1,50,0.9,0.5,30,1.4665770895191041,0.03116339538655799,0.3453995278460994,8.660111713752292,-0.21916693262426135,0.09022419799150261
-0.9,1.2,60,0.9,0.5,30,1.5060257024489978,0.0317196697055222,0.34508682721021633,8.76803210876703,-0.1933889645556356,0.09191793834019503
-0.88,1.4,40,0.9,0.4,40,1.2186566322699544,0.027457269795606365,0.3450393537695753,8.591897380858516,-0.18518281509500256,0.07957721197780507
-0.92,1.1,40,0.9,0.4,40,1.1614661431169662,0.026545635688355107,0.3445342264340434,8.272833283313366,-0.2563138597810102,0.07704789147686296
-0.92,1.4,60,0.9,0.4,50,1.2502757519873575,0.027951590482643507,0.3435502676656965,8.60966567904377,-0.19019037684922402,0.08136099171910054
-0.95,1.1,40,0.8,0.3,40,1.3783821178485476,0.02988799139078835,0.34344179070080844,8.196736111168361,-0.33232742797301773,0.08702491135339283
-0.92,1.4,50,0.9,0.3,50,0.9299268133640719,0.022599723525187132,0.34331165254888585,8.226631802129308,-0.22240849101464455,0.06582859439054153
-0.95,1.1,50,0.8,0.3,40,1.3766281063483414,0.029862165644671146,0.3430747973983611,8.190000409639186,-0.3321576988552484,0.08704272616678604
-0.95,1.1,60,0.8,0.3,40,1.3758078716542306,0.029850082339403894,0.3429157917718306,8.185679230734262,-0.33203135808195927,0.08704784980933612
-0.95,1.4,60,0.8,0.3,50,1.6298842436982381,0.033412829437670544,0.3428462426364271,8.347929199128629,-0.3863838654705878,0.09745718424892681
-0.88,1.1,60,0.9,0.5,50,1.5843774298272533,0.03279987671131379,0.34271170478290297,8.729484236416669,-0.230143385495148,0.09570690540637203
-0.88,1.3,50,0.9,0.4,30,1.138474924058738,0.026172565716185314,0.342624754537723,8.461872604675058,-0.2098985360776201,0.07638842602455251
-0.88,1.2,40,0.9,0.5,40,1.5285756431129949,0.03203386406073405,0.34261959534247355,8.689209687866379,-0.19737496968586699,0.09349688253736288
-0.88,1.1,50,0.9,0.4,50,1.1547845003023878,0.02643761183052895,0.3425207127609956,8.360578648433606,-0.2353737581438008,0.07718543972836063
-0.9,1.4,50,0.9,0.3,50,0.9143251869683908,0.022317629752867774,0.3423176775303092,8.173568821965633,-0.21523542352819325,0.06519566828649025
-0.95,1.3,40,0.9,0.5,50,2.075871735003292,0.038929971982064604,0.3422732265533331,8.076233494641558,-0.28466771286868087,0.11373946006261325
-0.9,1.1,50,0.9,0.5,30,1.4236968021747973,0.030548896623273203,0.3417735732185597,8.576377677101833,-0.22941939897105257,0.08938343692166505
-0.92,1.2,60,0.9,0.4,40,1.1694860796638782,0.02667487093022869,0.34170893177209677,8.435128604470371,-0.22982367248154756,0.07806313634207118
-0.88,1.3,60,0.9,0.4,50,1.2326482411610087,0.02767684295181927,0.34107956110484733,8.573692791175015,-0.18756303835822197,0.08114482985191672
-0.88,1.2,40,0.8,0.3,40,1.2327208851533173,0.027677979496402383,0.3405668853603671,8.384081593673443,-0.341536261506449,0.08127031924174082
-0.9,1.4,60,0.9,0.3,40,0.9162166054703007,0.02235194664343787,0.34027280758477846,8.204591936393618,-0.2017565410130664,0.06568831286311033
-0.92,1.1,40,0.9,0.4,50,1.1719765700887224,0.02671490941031096,0.3400527510326122,8.196634741055203,-0.25187228688109375,0.0785610742133032
-0.92,1.1,40,0.9,0.5,30,1.4230370863654582,0.03053936072433916,0.33938698832989106,8.355852514452192,-0.23560382613080233,0.08998388793460249
-0.88,1.1,50,0.9,0.5,30,1.4077130405106728,0.03031714979782918,0.33906581711723904,8.508564626576591,-0.22941939897105357,0.0894137605954728
-0.88,1.2,60,0.9,0.5,30,1.4661826200998425,0.031157789594083773,0.3387022232103854,8.6082680895739,-0.19338896455563526,0.09199168903810255
-0.9,1.2,40,0.9,0.5,50,1.5037962733026058,0.031688458260337615,0.33869126332059846,8.587498517734893,-0.19698016524014628,0.09356148708903055
-0.95,1.4,40,0.9,0.5,50,2.0379160546861743,0.03849158872469727,0.3378770642568404,7.965971991416937,-0.2846677128686812,0.1139218751333696
-0.95,1.2,40,0.8,0.3,40,1.349242690462225,0.02945654201340875,0.33769762594236225,8.053692567118615,-0.3331317900614609,0.08722756617316685
-0.92,1.2,50,0.9,0.5,40,1.4747400960721744,0.03127920563938491,0.3376048499885343,8.465821337130302,-0.22204267872476546,0.09265034444987154
-0.88,1.4,40,0.9,0.4,50,1.1816938783812074,0.02687070720116136,0.3373932294484218,8.400150118103726,-0.18545871690989524,0.0796421055783787
-0.95,1.2,50,0.8,0.3,40,1.345768919685789,0.029404763570153758,0.3369601605489454,8.039180172879119,-0.33279313587031123,0.08726480757324588
-0.92,1.1,50,0.9,0.4,50,1.1491726381452567,0.02634663308575802,0.33694303846640417,8.244163793644729,-0.24566055898426764,0.07819313675591782
-0.9,1.2,60,0.9,0.4,40,1.1465714597478325,0.0263043852719822,0.3367863682092537,8.309168739092621,-0.22982367248154734,0.07810406760774426
-0.95,1.2,60,0.8,0.3,40,1.3441471327857997,0.029380564586149127,0.3366415376919432,8.031191585857721,-0.33254087974691815,0.08727551801119368
-0.9,1.3,50,0.9,0.4,40,1.1195544106935489,0.025862631689204774,0.3364157062940511,8.27206936108267,-0.23507637441069884,0.07687700426982742
-0.9,1.4,50,0.9,0.4,30,1.1137310622546561,0.025766702289737875,0.3358871048114623,8.261590288935084,-0.21889765319542764,0.07671238913503707
-0.92,1.3,60,0.9,0.5,30,1.4528846935708901,0.030968304623018028,0.33581935441198996,8.518527506943606,-0.19599547945856344,0.09221715251416238
-0.95,1.1,60,0.9,0.5,50,1.968867022522979,0.03768033743361632,0.33534937521667424,7.86618583136,-0.28466771286868087,0.11236143621639517
-0.92,1.2,60,0.9,0.5,50,1.5365891615112184,0.032144867043844894,0.3350089363580631,8.521664844095284,-0.23262923879167774,0.09595226740306391
-0.95,1.1,40,0.9,0.5,30,1.8094587342376536,0.03573559217022826,0.33453597414280306,8.02968012169876,-0.284667712868681,0.10682137328218651
-0.9,1.3,40,0.9,0.5,40,1.4796378526385334,0.031348514120971505,0.33432732147163313,8.46109750281035,-0.20290353523892957,0.09376593567938883
-0.88,1.2,40,0.9,0.5,50,1.475727805497614,0.03129319344177883,0.33428794346318025,8.47464814317885,-0.1978032230800919,0.09361149288719586
-0.95,1.1,50,0.9,0.5,30,1.8073868119454963,0.03570961978811349,0.3342474008521527,8.024320774975536,-0.284667712868681,0.10683589370350523
-0.95,1.1,60,0.9,0.5,30,1.8064179114865624,0.035697467875050126,0.3341205919919912,8.020430884324771,-0.284667712868681,0.10684007131145568
-0.9,1.4,60,0.9,0.4,50,1.2029525129695058,0.027209222937615518,0.33407303547375106,8.362998328780673,-0.19019037684922424,0.08144692940880412
-0.92,1.2,50,0.9,0.5,30,1.401218877992355,0.030222566792520222,0.3338604582203032,8.356189228737998,-0.2278857603790273,0.09052454715250338
-0.92,1.2,40,0.9,0.4,40,1.1149176577468252,0.02578627005199441,0.3333345621316623,7.988864792274052,-0.2634313314771506,0.07735852498190454
-0.95,1.3,40,0.8,0.3,40,1.3203568816137827,0.02902371489499722,0.33189907808032204,7.906536296733134,-0.3339368341956833,0.0874474104082123
-0.95,1.1,50,0.9,0.5,50,1.9245194526328686,0.03714963272973559,0.3316705170060664,7.7731213789330855,-0.2846677128686811,0.11200764259988809
-0.9,1.2,60,0.9,0.5,50,1.5097971128947272,0.03177240748405663,0.3310119766371982,8.41647173254986,-0.23262923879167752,0.09598567340927487
-0.9,1.3,40,0.8,0.3,40,1.1895090369480967,0.026995522199340316,0.3309104407565817,8.12853431779525,-0.34151034844381944,0.08157954199818757
-0.95,1.3,50,0.8,0.3,40,1.3151973864672257,0.02894585711817932,0.3307883739765814,7.883995415093834,-0.33343005810632065,0.08750566644832741
-0.92,1.1,50,0.8,0.3,40,1.1554433924467715,0.02644827868184363,0.33078116540684976,8.065879405707511,-0.3321576988552478,0.0799570273274572
-0.95,1.2,60,0.9,0.5,50,1.929302996889124,0.0372072497978686,0.3306192513200753,7.753149970173969,-0.284667712868681,0.11253806198311166
-0.88,1.4,60,0.9,0.4,30,1.1270523168134656,0.025985772216267966,0.33047794885261517,8.2407155475738,-0.1649761804602482,0.07863088083936567
-0.95,1.3,60,0.8,0.3,40,1.3127925362583404,0.02890951017897736,0.330309768663436,7.87225997679789,-0.33305231247226275,0.08752241962433227
-0.95,1.2,40,0.9,0.5,30,1.7750378486419942,0.03530169306653219,0.3299635381223604,7.91538898365246,-0.2846677128686812,0.10698664848672239
-0.92,1.2,40,0.9,0.5,30,1.3708555119627297,0.029777040813518285,0.32993890613016047,8.110568245086107,-0.2429195038581703,0.09025016528899833
-0.9,1.2,50,0.9,0.4,50,1.1021104802883692,0.025574508241542837,0.32990379246281326,8.03442576345967,-0.2440532036949632,0.07752111017161342
-0.9,1.3,60,0.9,0.5,30,1.4141098013205036,0.030410073596727427,0.32957102270451244,8.354070792714955,-0.19599547945856344,0.09227168501398426
-0.95,1.2,50,0.9,0.5,30,1.7709344644232474,0.03524962063046688,0.3293832910831452,7.90354003956326,-0.2846677128686811,0.1070170272285273
-0.88,1.2,60,0.9,0.4,40,1.112443308805287,0.02574545435373099,0.32926504132704293,8.126469198697169,-0.2298236724815481,0.07819067050048378
-0.95,1.2,60,0.9,0.5,30,1.7690187321542052,0.03522528424705684,0.32912900439632886,7.896624719432448,-0.2846677128686812,0.10702576733298
-0.92,1.2,40,0.9,0.4,50,1.1252017362940734,0.02595541855725947,0.3291088443294235,7.918491712679625,-0.25346417950759836,0.07886575825740871
-0.9,1.2,50,0.9,0.5,30,1.3488561456025812,0.029450784010435216,0.32831122882871855,8.222565706700582,-0.23816643380100755,0.0897038584866673
-0.92,1.1,60,0.8,0.3,40,1.155784971544104,0.026453807290216957,0.3280228249073637,8.030478692657953,-0.33203135808196005,0.08064623947338947
-0.88,1.3,40,0.9,0.5,40,1.4380355092383388,0.03075553913724538,0.3277296672757497,8.291751891989835,-0.20412930724961498,0.09384423263508782
-0.88,1.4,50,0.9,0.3,50,0.8642390971505995,0.02139677049706834,0.3272406306117721,7.8140141560295335,-0.21523542352819336,0.06538543351743137
-0.95,1.2,50,0.9,0.5,50,1.8865462032860436,0.03668899400601022,0.3270533502074551,7.66278015591318,-0.28466771286868087,0.1121804561327313
-0.88,1.3,50,0.9,0.4,40,1.0778488619448852,0.0251699123663367,0.32691255860136054,8.039691120326959,-0.23507637441069884,0.07699279732177272
-0.92,1.3,50,0.9,0.5,40,1.4090000816468735,0.03033586540227451,0.3263027001978464,8.166992682435703,-0.22385911125365499,0.09296847799261554
-0.95,1.4,40,0.8,0.3,40,1.2917241128874548,0.028589511647223453,0.3260504655101849,7.75631069854281,-0.3347425557106567,0.08768431476547117
-0.9,1.3,40,0.9,0.5,50,1.4278128265856043,0.030608335364330053,0.32603611984172975,8.248268000943897,-0.20332883877877184,0.09388019762714786
-0.95,1.3,60,0.9,0.5,50,1.890121534134713,0.03673261382456916,0.32584651886298427,7.6368513114134595,-0.284667712868681,0.11272980283093009
-0.92,1.3,60,0.9,0.4,40,1.1010527833478077,0.025556963950322142,0.32575003944946296,8.020123169097987,-0.23769038591332736,0.07845575089880247
-0.9,1.1,60,0.8,0.3,40,1.1443744652043306,0.026268663587644125,0.3256508160591208,7.971459609081176,-0.33498996793303293,0.08066512439776949
-0.95,1.3,40,0.9,0.5,30,1.740916549395887,0.034866408399129245,0.32534929903655996,7.797755310050747,-0.284667712868681,0.10716607812703866
-0.88,1.2,60,0.9,0.5,50,1.469894069222422,0.031210498651338847,0.32491877395828506,8.26421842476378,-0.23262923879167807,0.09605631053915595
-0.9,1.1,50,0.9,0.5,40,1.3373012284633128,0.029278237029998433,0.3247216577040896,8.093232619332268,-0.2602528497120854,0.09016410311836646
-0.95,1.4,50,0.8,0.3,40,1.284912706024389,0.028485448215884057,0.32456446324554417,7.725526740406202,-0.334068460021392,0.08776514819594972
-0.95,1.3,50,0.9,0.5,30,1.7348219069097177,0.03478810855365877,0.32447465215267873,7.779240232469699,-0.28466771286868064,0.10721364002661608
-0.95,1.3,60,0.9,0.5,30,1.7319811828001503,0.034751555240179144,0.32409234971751094,7.7692424836729055,-0.2846677128686812,0.10722732354055778
-0.95,1.4,60,0.8,0.3,40,1.2817430869058448,0.028436921142312777,0.3239257534497727,7.709980954613542,-0.333565651125288,0.08778839236912403
-0.88,1.2,50,0.9,0.4,50,1.0744601720125235,0.025113038416266997,0.32364548015412237,7.883735623437728,-0.24405320369496508,0.07759428126204013
-0.9,1.1,50,0.8,0.3,40,1.1138270657234823,0.02576828584636237,0.3235946651355011,7.889541930939088,-0.3345370990772718,0.07963136795092784
-0.92,1.2,50,0.9,0.4,50,1.0922248620193127,0.02541019928281152,0.3235350383537124,7.900180284373774,-0.25408355735566746,0.07853925006734885
-0.88,1.3,40,0.8,0.3,40,1.1527743554154686,0.026405049973196926,0.3233164106447083,7.94129237348714,-0.34649302930707826,0.08166937743909751
-0.95,1.1,40,0.9,0.5,40,1.7632294783438303,0.03515164186259745,0.3233111058228911,7.643041000181772,-0.28466771286868076,0.10872389234242211
-0.88,1.4,50,0.9,0.4,30,1.058427749862695,0.0248427362594128,0.3231620629034702,7.948856085761002,-0.21889765319542698,0.07687392522566433
-0.95,1.1,50,0.9,0.5,40,1.7611916492471815,0.03512568412377659,0.3230299707662509,7.637914330891284,-0.284667712868681,0.10873815838343383
-0.88,1.2,50,0.9,0.5,30,1.317960244968177,0.02898757000734742,0.3229194158868868,8.088971356220455,-0.23816643380100777,0.08976719448018967
-0.95,1.1,60,0.9,0.5,40,1.760238691911634,0.03511353906199188,0.3229060916382961,7.634191217359127,-0.284667712868681,0.10874226275459797
-0.95,1.3,50,0.9,0.5,50,1.8489269210114396,0.03622684025961598,0.32239444772776266,7.54926164743385,-0.2846677128686812,0.11236806500528435
-0.92,1.4,60,0.9,0.5,30,1.375341794556208,0.029843214518829653,0.32236167527401255,8.154262641751355,-0.19859554829281423,0.09257680676048866
-0.92,1.3,50,0.9,0.5,30,1.3374319114628106,0.0292801930928277,0.3222913431354547,8.05028016107885,-0.23652136950153468,0.09085007623217986
-0.92,1.3,60,0.9,0.5,50,1.4565761301537323,0.03102100399448715,0.32222163004582305,8.18174171400714,-0.23510895111554775,0.09627225829028195
-0.88,1.4,60,0.9,0.3,40,0.8557020799297774,0.021237432711235016,0.32220491407075674,7.772124451870534,-0.20175654101306584,0.06591281443513688
-0.92,1.3,40,0.9,0.4,40,1.0692460220141626,0.02502535139754758,0.32209747018451323,7.702502570947813,-0.2704929253820597,0.07769496414613822
-0.88,1.1,50,0.9,0.5,40,1.3218872271165023,0.029046775946772074,0.3220472187829397,8.026812067665388,-0.2602528497120846,0.09019415244927063
-0.88,1.1,60,0.8,0.3,40,1.1272692081712457,0.025989328049274896,0.3220282474276722,7.8846899816421026,-0.33731408069274327,0.08070511905981825
-0.9,1.4,40,0.9,0.5,40,1.4042201158465306,0.030266308427229882,0.32160715669599604,8.116210498303994,-0.2092173486808524,0.09410956129884747
-0.95,1.4,60,0.9,0.5,50,1.8513213906761665,0.03625643155353453,0.3210335480679489,7.518354334060205,-0.28466771286868076,0.11293658177387932
-0.95,1.4,40,0.9,0.5,30,1.7070941532468762,0.0344297397888389,0.32069551861151335,7.677860565132655,-0.28466771286868087,0.10735959123440907
-0.88,1.1,50,0.8,0.3,40,1.0998868286495318,0.025537614070704873,0.32056115078893976,7.816695179685758,-0.33656792167517635,0.0796653431267442
-0.92,1.3,40,0.9,0.5,30,1.3196568996098934,0.029013161842671664,0.3204497923302649,7.863371506752961,-0.25017774771994394,0.09053886923031566
-0.95,1.1,50,0.8,0.3,50,1.356051922633323,0.029557823095382796,0.3203511158983777,7.484400044137993,-0.3850875003732578,0.09226695843556598
-0.9,1.4,50,0.9,0.4,40,1.0538064920712755,0.024764445501187282,0.3203091082347677,7.846468597169318,-0.24378872036520804,0.07731420950738747
-0.95,1.1,50,0.8,0.3,30,1.1659868593787146,0.02661854047733958,0.320165839832714,7.413705994602552,-0.32894066553548096,0.08313985180695015
-0.88,1.3,60,0.9,0.5,30,1.356734580234665,0.029567961400935205,0.3200448714664713,8.11539401508151,-0.19599547945856366,0.09238692457545852
-0.88,1.4,60,0.9,0.4,50,1.1333828068464586,0.026089413860115318,0.319611907256927,8.003981822992127,-0.19019037684922424,0.0816284164254956
-0.95,1.4,50,0.9,0.5,30,1.6990481936172896,0.034325085495767516,0.3195241212911515,7.652522760713554,-0.2846677128686812,0.10742564710628022
-0.88,1.3,40,0.9,0.5,50,1.387079982143998,0.030015785947209217,0.3194583113422129,8.079603749536428,-0.20455395675923982,0.0939583816777127
-0.95,1.4,60,0.9,0.5,30,1.6953040878867762,0.03427628289033691,0.31901339595971173,7.639394236927928,-0.28466771286868087,0.10744465067750843
-0.95,1.2,40,0.9,0.5,40,1.7293749836721362,0.034717987392297145,0.3188463158605642,7.534121645247004,-0.28466771286868087,0.10888627424969147
-0.9,1.3,60,0.9,0.4,40,1.0678396056145791,0.025001662963920923,0.31841275941573255,7.832948516686605,-0.2376903859133268,0.07851966425528112
-0.95,1.2,50,0.9,0.5,40,1.725339120074624,0.03466594431480119,0.3182811095287517,7.522795800358227,-0.284667712868681,0.10891612249978556
-0.92,1.3,40,0.9,0.4,50,1.0793080159391004,0.025194374430034694,0.31812763858348037,7.638009384963807,-0.25505416286717375,0.07919580499895296
-0.95,1.2,60,0.9,0.5,40,1.7234549109157888,0.034641621652304666,0.3180327189427471,7.516180193294765,-0.284667712868681,0.10892470990867113
-0.92,1.2,50,0.8,0.3,40,1.0983294567923707,0.025511752137936883,0.31772310724418196,7.736848736154597,-0.3327931358703108,0.08029555155499017
-0.95,1.4,50,0.9,0.5,50,1.8116606205602697,0.03576317343132529,0.31769608122759113,7.433613057055405,-0.284667712868681,0.11257039524420594
-0.95,1.1,40,0.8,0.3,50,1.3645124089440053,0.029683271862991578,0.31723777616610976,7.355457185933532,-0.3852437776199794,0.09356789793990057
-0.92,1.1,40,0.8,0.3,40,1.087118903225079,0.02532503914562323,0.316643700066876,7.616581992619758,-0.33232742797301973,0.07997960843773148
-0.9,1.3,60,0.9,0.5,50,1.4177428841388373,0.030462744433444877,0.31625124437850466,8.025054074632301,-0.23510895111554775,0.09632450456696261
-0.9,1.4,40,0.8,0.3,40,1.1229155156092956,0.025917884149395665,0.3161719788847001,7.7444698789979896,-0.34481298404671945,0.08197400743994224
-0.92,1.4,50,0.9,0.5,40,1.344845283058648,0.029390983798141646,0.31497873640838014,7.8636322736205795,-0.2256730503050528,0.09331100928678336
-0.9,1.3,50,0.9,0.5,30,1.2761609297828826,0.028351299410815267,0.31483579092494995,7.867170286921775,-0.24682887434870238,0.09005106861428472
-0.95,1.2,50,0.8,0.3,50,1.325459906207612,0.029100556191296922,0.3146805610138226,7.349941409131734,-0.38567257586580783,0.09247649774597504
-0.95,1.3,40,0.9,0.5,40,1.695815145697941,0.03428294813947441,0.31434200714335536,7.422128560741843,-0.28466771286868087,0.10906257312227349
-0.9,1.3,50,0.9,0.4,50,1.037051845119279,0.02447916362178204,0.3141480948445986,7.630328084491305,-0.25264870863298594,0.0779223685373336
-0.9,1.4,60,0.9,0.5,30,1.3253884200003911,0.02909948087805847,0.3140714375619574,7.937456258138664,-0.19859554829281412,0.09265242679802098
-0.95,1.2,50,0.8,0.3,30,1.137862731491957,0.026162579023644827,0.31380437538488687,7.262742280812947,-0.3295791634858093,0.08337225697237631
-0.95,1.3,50,0.9,0.5,40,1.6898207897130657,0.03420469243965152,0.3134901437048308,7.404442342184477,-0.284667712868681,0.10910930734669995
-0.92,1.1,60,0.8,0.3,50,1.2641349146357141,0.02816614744025192,0.3134644996069807,7.81095231217846,-0.3849711727303802,0.08985434546995405
-0.9,1.4,40,0.9,0.5,50,1.3539713385873484,0.029526906348553483,0.3133713515827801,7.905715938652971,-0.20963928338476845,0.09422337491738986
-0.92,1.1,60,0.9,0.5,40,1.3133244842292768,0.02891755319160172,0.3133524355742102,7.800901791723788,-0.26653679654055495,0.09228443729378089
-0.95,1.3,60,0.9,0.5,40,1.6870268093268654,0.03416815973502163,0.31311673225264886,7.394882206109864,-0.2846677128686811,0.10912275268461824
-0.88,1.4,40,0.9,0.5,40,1.3505588673098905,0.02947614102711671,0.31284997083868,7.892309766902831,-0.21083915174874268,0.09421813576679533
-0.92,1.2,60,0.8,0.3,40,1.0879334244241514,0.0253386376844269,0.3128392989501018,7.649805279521901,-0.3325408797469186,0.08099569897216922
-0.95,1.2,40,0.8,0.3,50,1.3355429102551928,0.0292519082484457,0.3119989964482544,7.231592327531476,-0.3859843900393516,0.09375641774955897
-0.9,1.2,50,0.9,0.5,40,1.2651283566798996,0.028181478382343972,0.3114605148872506,7.749016672561469,-0.26864988706325743,0.0904817048560577
-0.9,1.1,60,0.8,0.3,50,1.2521509152394161,0.027980694879167434,0.3113417758897656,7.757395934931854,-0.3876952981351717,0.08987131521044045
-0.9,1.1,60,0.9,0.5,40,1.301080125890362,0.028731965097829715,0.3112856365009342,7.748379298841562,-0.2665367965405553,0.09230096647181306
-0.92,1.4,40,0.9,0.5,30,1.2694261406141725,0.028247727664540312,0.3109278394799628,7.611657495981605,-0.2573788800102884,0.09084978595607773
-0.92,1.4,40,0.9,0.4,40,1.024437758235103,0.024262883562825577,0.31083595740843845,7.411909782563749,-0.27749895505787936,0.07805687528918717
-0.92,1.4,50,0.9,0.5,30,1.2751830661281858,0.028336279605382764,0.3107030636685038,7.739993320681819,-0.2450743878972904,0.09120051560101572
-0.92,1.3,50,0.9,0.4,50,1.036646139700772,0.024472227591694873,0.31011270964472065,7.554127608730873,-0.2624261606987832,0.0789139781459824
-0.92,1.4,60,0.9,0.4,40,1.0346323257410153,0.024437779212781452,0.3098181018792088,7.6020545366310515,-0.2454898292793809,0.0788778288439363
-0.95,1.4,40,0.9,0.5,40,1.6625492924115806,0.03384652572403435,0.30980029817278165,7.308083954987609,-0.28466771286868087,0.10925272158762572
-0.92,1.4,60,0.9,0.5,50,1.3789165339722542,0.029895856379760666,0.3094269819799299,7.837664351546451,-0.23758253096117188,0.09661683731801958
-0.95,1.3,50,0.8,0.3,50,1.2951530528025654,0.02864178535432438,0.3089601422014109,7.211819520636327,-0.38625901886820724,0.09270381982039878
-0.95,1.4,50,0.9,0.5,40,1.6546357279377482,0.03374193043531459,0.30865954326713274,7.283893625786329,-0.28466771286868076,0.1093176322305132
-0.9,1.2,50,0.8,0.3,40,1.0485547901909582,0.024675267265460654,0.30847715883615834,7.50989281511497,-0.3375410276297781,0.07999058134014533
-0.95,1.4,60,0.9,0.5,40,1.6509532309504968,0.03369315534491424,0.30816072422629376,7.2713445264031895,-0.2846677128686811,0.10933630633659894
-0.88,1.1,60,0.9,0.5,40,1.2827248583539412,0.028451959084293543,0.3081351971408863,7.670718041803566,-0.26653679654055484,0.09233595950184384
-0.9,1.2,60,0.8,0.3,40,1.0658801827467275,0.024968634219003194,0.30812110800015746,7.531661764810946,-0.3384429476773104,0.08103513057271765
-0.88,1.1,60,0.8,0.3,50,1.2341859464769342,0.027700893350556477,0.3081052429761044,7.678532465472067,-0.38983521347751604,0.0899072443006264
-0.88,1.4,50,0.9,0.4,40,1.000071036292646,0.023841382260184618,0.3077322049315148,7.539097678993477,-0.24378872036520782,0.07747444654189012
-0.95,1.3,50,0.8,0.3,30,1.1100007622399874,0.025705117930638677,0.30738830327389394,7.107816963882879,-0.33021915381147215,0.08362425523958372
-0.88,1.3,60,0.9,0.4,40,1.0186940553677393,0.02416397084191324,0.30721550678301995,7.560712737718709,-0.23769038591332736,0.07865478892958278
-0.88,1.3,60,0.9,0.5,50,1.3602813169680434,0.02962058919192212,0.3071562729710196,7.797437684672205,-0.23510895111554864,0.09643491537845572
-0.92,1.4,40,0.9,0.4,50,1.0342818658028161,0.02443178086708042,0.3071213681850166,7.353305787992433,-0.26193539227153073,0.07955089875857216
-0.88,1.3,50,0.9,0.5,30,1.2313739027842416,0.02765689960152984,0.30678742033150697,7.6675269797845225,-0.24682887434870227,0.09015004452152722
-0.95,1.3,40,0.8,0.3,50,1.3068255511092715,0.028819167166733717,0.3067141580368219,7.104413140935167,-0.386725630449004,0.0939609940121313
-0.88,1.2,50,0.9,0.5,40,1.2353337774064173,0.02771883551888732,0.30613503592600494,7.618099741793017,-0.2686498870632569,0.09054447307882514
-0.88,1.4,40,0.8,0.3,40,1.0755328752451287,0.025131051792928627,0.3061087629877848,7.496884873499796,-0.3514170470908857,0.08209843961223508
-0.92,1.2,40,0.8,0.3,40,1.0421715307936847,0.024566576419993602,0.3060154911372268,7.351336399876339,-0.33313179006146265,0.08027886538912891
-0.88,1.3,50,0.9,0.4,50,0.99696966341093,0.023787378493252742,0.304823492966995,7.4055959837171965,-0.2526487086329847,0.07803656556034655
-0.92,1.3,50,0.8,0.3,40,1.0425885695058534,0.02457368755355338,0.3046496063061387,7.40532970356915,-0.33343005810632254,0.08066213461263948
-0.88,1.4,40,0.9,0.5,50,1.3014316230198717,0.028737306036204613,0.3046407212748956,7.682709364188075,-0.21126022111374898,0.09433179489577566
-0.95,1.4,50,0.8,0.3,50,1.2651305686818248,0.028181512511031404,0.303193954882851,7.070984671653942,-0.3868468242777916,0.09294879418661318
-0.88,1.2,50,0.8,0.3,40,1.021608931731143,0.024214202064688273,0.3024450922094559,7.365823258256575,-0.34158025392591707,0.0800614812024092
-0.9,1.4,60,0.9,0.5,50,1.3288879827419104,0.02915208472201547,0.30150266483302707,7.630962866518933,-0.2375825309611721,0.09668931031889873
-0.88,1.4,60,0.9,0.5,30,1.2519521620470742,0.027977611141489778,0.3014434697186112,7.621004036291657,-0.19859554829281423,0.09281213213079743
-0.95,1.4,40,0.8,0.3,50,1.2783597564635185,0.028385050229204012,0.30138661594435684,6.974821440840513,-0.38746749455363894,0.09418152209666991
-0.9,1.4,50,0.9,0.5,30,1.205555125644254,0.02725044910341734,0.3013604845546072,7.50882506261792,-0.2554073613898975,0.09042475871941831
-0.95,1.4,50,0.8,0.3,30,1.0824002219179745,0.025246159119387324,0.3009232669994554,6.9499421835922135,-0.33086063094389395,0.08389567005276802
-0.88,1.2,60,0.8,0.3,40,1.0330349353239923,0.02441043075799887,0.30092281912728874,7.359905805402422,-0.3430613137409355,0.08111857661307297
-0.9,1.1,50,0.9,0.5,50,1.2222126736778076,0.027513201986009372,0.3003290493425102,7.364979392444858,-0.28204784590722753,0.09161019237480403
-0.92,1.2,60,0.9,0.5,40,1.2405145113807468,0.027799706899802157,0.3002448147624353,7.464478024443633,-0.27401594327587786,0.09259013156246612
-0.9,1.4,60,0.9,0.4,40,0.9918440622228863,0.02369794927698554,0.3001019320070949,7.355649903902252,-0.2454898292793809,0.07896633360036244
-0.92,1.2,60,0.8,0.3,50,1.192873142764166,0.027049117497760733,0.2999849744040414,7.468952098659506,-0.38544031228634323,0.09016824109773254
-0.95,1.1,60,0.8,0.4,50,1.9583799694438042,0.037555534242134536,0.29991506761284387,7.238944815441643,-0.4872134711290317,0.12522056507882573
-0.9,1.1,40,0.8,0.4,40,1.4394016024879517,0.030775165319043563,0.29942600462455615,7.34896738707772,-0.4245177012792506,0.10278053623843354
-0.9,1.4,50,0.9,0.4,50,0.9738631304221868,0.023382458436655096,0.2984219888239173,7.224115235471833,-0.26116090878227716,0.0783536713524546
-0.92,1.1,40,0.9,0.5,40,1.2076137684605106,0.027283025349526424,0.2984000205499671,7.194555492318887,-0.30671729077691334,0.09143104380235081
-0.9,1.3,50,0.9,0.5,40,1.1950244488452606,0.027083349439557924,0.2981897619759689,7.403435079696491,-0.2769657150261452,0.09082588637547043
-0.88,1.1,50,0.9,0.5,50,1.2075576567172668,0.027282137818707586,0.29771073518533236,7.301119179088807,-0.2820478459072274,0.09163975159217479
-0.92,1.3,60,0.8,0.3,40,1.0220725885049173,0.024222185677769348,0.2976645184354,7.266518434317708,-0.3330523124722642,0.08137411138246266
-0.88,1.1,40,0.8,0.4,40,1.4256973871347998,0.03057779886681722,0.29744290977861393,7.2999403013075455,-0.4259719484284077,0.102802244940302
-0.92,1.4,50,0.9,0.4,50,0.9824076098296393,0.023532723305470293,0.2966923660473071,7.204547789098094,-0.2706889756143135,0.07931691542652648
-0.9,1.2,60,0.9,0.5,40,1.216849672539007,0.02742881533350605,0.2961285902863062,7.359069650909107,-0.27401594327587897,0.09262467803931741
-0.95,1.2,60,0.8,0.4,50,1.9189556974714588,0.037082503505264874,0.2957630437771614,7.138816936722222,-0.4876046209967967,0.12537909750889695
-0.9,1.2,60,0.8,0.3,50,1.1697115032120489,0.02667849678898393,0.2957583345019537,7.361517522646323,-0.39087461217693587,0.09020370240422658
-0.92,1.3,40,0.8,0.3,40,0.9980708472912339,0.02380656252286739,0.2953554840294528,7.083723102306016,-0.3339368341956822,0.08060308276007297
-0.92,1.1,40,0.9,0.5,50,1.2187506735103684,0.027458750063993564,0.2938706055201436,7.10683204940155,-0.3086280467775623,0.09343823284194167
-0.9,1.3,50,0.8,0.3,40,0.9851536607219527,0.02358088306228301,0.2933694417192572,7.128343371583096,-0.3405355447479178,0.08037947962163342
-0.95,1.3,60,0.8,0.4,50,1.87991263703565,0.036607924617063636,0.2915775409641512,7.035940292644158,-0.48799723794843675,0.12555124957845945
-0.92,1.4,50,0.8,0.3,40,0.9881917850168882,0.02363409022227958,0.29157588351740377,7.070080385323767,-0.3340684600213898,0.08105639580740186
-0.92,1.1,50,0.9,0.5,50,1.1929605781519204,0.027050509416601365,0.2909855706491838,7.152288652475257,-0.2945529378607281,0.0929616865752214
-0.88,1.4,50,0.9,0.5,30,1.1478493435372803,0.02632514657849727,0.2906866533722601,7.244027359427822,-0.25540736138989695,0.09056193765038355
-0.9,1.3,60,0.8,0.3,40,0.9901079197427514,0.023667607424202153,0.2906293607685862,7.0906328808902215,-0.3418827129627906,0.08143570684535036
-0.88,1.3,50,0.9,0.5,40,1.1518339090346497,0.02638980582038819,0.29024031728974425,7.207774625262938,-0.27696571502614575,0.09092398350034703
-0.88,1.2,60,0.9,0.5,40,1.1816041744691508,0.026869272044562464,0.2898588891816138,7.20575107897067,-0.27401594327587797,0.09269776793951373
-0.88,1.4,60,0.9,0.5,50,1.255341207857307,0.028030157639522768,0.28944103166105917,7.328928428717075,-0.2375825309611722,0.09684237745651281
-0.88,1.2,60,0.8,0.3,50,1.1352154507526162,0.026119362127577483,0.28931910306858544,7.205350703506193,-0.39512694991521,0.09027873324142609
-0.92,1.2,40,0.9,0.5,40,1.1600714659676439,0.02652311424460585,0.28925990315351563,6.965496695823226,-0.31335237484459,0.09169302055158865
-0.9,1.2,40,0.8,0.4,40,1.365537043552838,0.029698435295712367,0.2882018238234229,7.069669685049158,-0.4273978670661096,0.10304735376660269
-0.9,1.2,50,0.9,0.5,50,1.1535935892313027,0.026418324090690115,0.287397098656796,7.037515481180647,-0.29019748332309714,0.0919227236954064
-0.95,1.4,60,0.8,0.4,50,1.8412495489456648,0.03613179961710311,0.28736020085854924,6.931208105666157,-0.48839131804366953,0.12573696534576373
-0.92,1.3,60,0.9,0.5,40,1.1698407260566568,0.02668057512905153,0.287130303220601,7.126095913874979,-0.2814312692554376,0.09292148836186391
-0.9,1.1,40,0.8,0.3,50,1.0534341097292805,0.02475812940153399,0.28658788423219766,6.753430559022306,-0.38758093883771505,0.08638930940107221
-0.92,1.3,60,0.8,0.3,50,1.1237021354140913,0.025930803015087767,0.28650153069005196,7.124363937145684,-0.3859112114417186,0.09050842748599719
-0.88,1.4,50,0.9,0.4,50,0.9222192996293153,0.022460640029491774,0.28608006423610954,6.926739982285134,-0.26116090878227605,0.07851172744058951
-0.88,1.4,60,0.9,0.4,40,0.9289412056084205,0.022581968004017128,0.28529406200684304,6.995765487329456,-0.245489829279381,0.07915330534806392
-0.92,1.2,40,0.9,0.5,50,1.170968531007329,0.026698708970395613,0.2849545925310165,6.883116306773121,-0.3100991724893988,0.09369460844007817
-0.9,1.4,50,0.9,0.5,40,1.1269354731112409,0.02598385647290158,0.28492212027276537,7.055188798673199,-0.285200948736976,0.09119634673512318
-0.92,1.4,40,0.8,0.3,40,0.9548038386213222,0.02304500128749254,0.28467502335004224,6.812244709832585,-0.3347425557106577,0.08095196064726737
-0.88,1.3,50,0.8,0.3,40,0.9460926569783767,0.022889704502588426,0.2843788838774809,6.913173477965999,-0.34656089743719065,0.08049016927870781
-0.88,1.2,40,0.8,0.4,40,1.3390185120507367,0.029303932903116614,0.28424825750659083,6.973115356155672,-0.43028909673377924,0.10309274420947734
-0.88,1.1,40,0.8,0.3,50,1.0418982055040167,0.024561915054123196,0.2842318470586699,6.697887036054662,-0.38912852540252285,0.08641507033183805
-0.92,1.4,60,0.8,0.3,40,0.9581489271351933,0.023104457576498705,0.28251594435046096,6.880216993409924,-0.3335656511252899,0.08178107479780905
-0.88,1.2,50,0.9,0.5,50,1.1252660930309317,0.0259564745801264,0.2821832059751507,6.911570462092036,-0.2901974833230989,0.0919844768593782
-0.95,1.1,40,0.8,0.3,30,0.9717174458878022,0.02334462530733994,0.2819387482545108,6.464362593655034,-0.3291112122478037,0.08280034387563626
-0.9,1.3,60,0.9,0.5,40,1.1355401571901749,0.026124665748950227,0.28098437756720246,6.969149862150366,-0.2814312692554368,0.09297550979574316
-0.95,1.1,40,0.8,0.4,40,1.4776222289435954,0.03132000692201764,0.28069090980940437,6.638495615933357,-0.4223215010050295,0.1115818354904498
-0.95,1.1,50,0.8,0.4,40,1.4757950297521285,0.031294145266296924,0.2804242091822647,6.633633582648467,-0.42217464929043536,0.11159573332685041
-0.95,1.1,60,0.8,0.4,40,1.4749405700352258,0.03128204515970667,0.2803057392132915,6.63026989427544,-0.4220653377036909,0.11159973123455527
-0.9,1.3,60,0.8,0.3,50,1.090130919576493,0.025375299608724866,0.28019230845898907,6.964200738352252,-0.39404175907104133,0.09056386932348279
-0.92,1.3,40,0.9,0.5,40,1.1134247339831522,0.025761649006033283,0.2800876480592598,6.735061397642739,-0.3199353682460625,0.09197709782825816
-0.92,1.2,50,0.9,0.5,50,1.1348525295749665,0.026113433400227315,0.2800275954507274,6.8738345830973335,-0.30243000106652707,0.09325307157030577
-0.88,1.3,60,0.8,0.3,40,0.9428097886397693,0.022831005571466,0.2799085022109349,6.8342261963875615,-0.3487657045404071,0.08156595955867355
-0.9,1.4,50,0.8,0.3,40,0.9235748115641351,0.02248513948670605,0.27828957768162366,6.744485534589508,-0.34352065705759616,0.08079763415513212
-0.9,1.3,40,0.8,0.4,40,1.2937493906106,0.02862039584781373,0.27696235102053435,6.787686494944649,-0.43026667643414285,0.10333677390574929
-0.95,1.2,40,0.8,0.4,40,1.4472669330097565,0.030887957632594887,0.2764270028894356,6.53629139401506,-0.4230174449502623,0.11174001566319249
-0.95,1.2,40,0.8,0.3,30,0.9475603868056517,0.02291591713215535,0.2760515574179592,6.325693410661987,-0.32991944899293735,0.083013178213877
-0.92,1.3,40,0.9,0.5,50,1.1240864769604277,0.02593711347729899,0.2760070570400506,6.6580862964484915,-0.31156853377842086,0.0939726460455514
-0.95,1.2,50,0.8,0.4,40,1.443648216055338,0.030836107193612516,0.27589117444237543,6.525690195703996,-0.42272443719014374,0.11176909611529877
-0.95,1.2,60,0.8,0.4,40,1.4419587586532328,0.030811874561948116,0.2756537330375131,6.519625239232272,-0.4225061820980087,0.11177746160889102
-0.9,1.3,50,0.9,0.5,50,1.0869415930883357,0.025322078250059388,0.2744599903174343,6.70903038602734,-0.2982683040037829,0.09226145574359468
-0.88,1.4,50,0.9,0.5,40,1.071286682682088,0.02505969483953363,0.27437926555881986,6.795636826716821,-0.28520094873697577,0.0913323198401866
-0.92,1.4,60,0.9,0.5,40,1.1012456792778238,0.02556016420074192,0.27402066964946326,6.7845263350626235,-0.28878318508661005,0.09327823420561437
-0.9,1.4,60,0.8,0.3,40,0.9169691074488575,0.022365590540822655,0.2731961991554801,6.648159773500048,-0.34530928507636927,0.08186640447400244
-0.9,1.2,40,0.8,0.3,50,0.9912565639480657,0.023687684670516518,0.27319472536232126,6.433822676970068,-0.3906459652183717,0.08670622992117073
-0.92,1.4,60,0.8,0.3,50,1.056565665177498,0.02481121030900857,0.2730268716256919,6.776393159633486,-0.3863838654705898,0.09087460937919574
-0.95,1.3,40,0.8,0.4,40,1.4171758380730797,0.03045452868644971,0.27212980865458336,6.431519899661117,-0.4237139790098665,0.111911770478279
-0.88,1.3,60,0.9,0.5,40,1.0847855939182702,0.025286055842494104,0.2716309907969426,6.740124839765492,-0.2814312692554366,0.09308973091879882
-0.95,1.3,50,0.8,0.4,40,1.4118010583985492,0.03037656265169808,0.2713227346260954,6.415035465003104,-0.42327551012123277,0.11195730683445834
-0.88,1.3,40,0.8,0.4,40,1.2552658073241885,0.02802898939874554,0.2710529856562529,6.6431204168755045,-0.43457775303463875,0.10340778697155421
-0.95,1.3,60,0.8,0.4,40,1.409295863673897,0.03034016517362015,0.27096592958751586,6.406222738969261,-0.4229486799652158,0.11197040609425017
-0.92,1.4,40,0.9,0.5,40,1.0676598070725638,0.024998633474376364,0.27089078266057165,6.5009746660352254,-0.32646656329175905,0.09228307153477368
-0.88,1.3,60,0.8,0.3,50,1.0404555802263653,0.02453730212870142,0.27058893448547006,6.730668706854473,-0.4003792395640413,0.09068109963683313
-0.95,1.3,40,0.8,0.3,30,0.9236135816150284,0.022485839969380583,0.2701195852414752,6.183854067486297,-0.3307283710692991,0.08324401930826014
-0.92,1.3,50,0.9,0.5,50,1.0781414283514805,0.025174818440987456,0.26905095539967716,6.594131714123773,-0.3102318800337325,0.09356896132775325
-0.88,1.2,40,0.8,0.3,50,0.9689338528902236,0.023295485141964667,0.26850477838776743,6.324113149977175,-0.39372276560409236,0.08676003936258427
-0.95,1.4,40,0.8,0.4,40,1.3873483415828392,0.030019721697492452,0.267801204712028,6.325008427557329,-0.42441109914760944,0.1120970375386222
-0.92,1.1,50,0.8,0.4,40,1.20009015820008,0.027163828016225633,0.26779167441101326,6.491907939771098,-0.4221746492904356,0.10143641722981246
-0.92,1.4,40,0.9,0.5,50,1.0780906764917506,0.025173967425928145,0.2670350295308272,6.429451901327617,-0.3130361292898781,0.0942721539947702
-0.95,1.4,50,0.8,0.4,40,1.380252722704904,0.02991551357036948,0.2667210772514902,6.302511312809912,-0.42382786328879474,0.11216029073758675
-0.88,1.3,50,0.9,0.5,50,1.045877752543817,0.024629723938841996,0.266676726330886,6.52076577765329,-0.2982683040037827,0.09235798068213133
-0.88,1.4,50,0.8,0.3,40,0.873246716087416,0.021564129345424288,0.26638532673864496,6.459321767885448,-0.35151000003780564,0.08095089023646265
-0.95,1.4,60,0.8,0.4,40,1.3769508484070645,0.02986691902196248,0.26624462530372917,6.290910710578817,-0.4233928268644288,0.11217848618686894
-0.9,1.4,60,0.9,0.5,40,1.057056538712323,0.02481952369935536,0.2658670019131065,6.5774960562342315,-0.2887831850866103,0.09335315597934617
-0.9,1.4,40,0.8,0.4,40,1.2239854177692453,0.02754105279951946,0.26571560885388296,6.502986871479448,-0.4331241572679284,0.10364860731483896
-0.92,1.1,60,0.8,0.4,40,1.2028607738887702,0.027207768904740748,0.26570891182487927,6.462220771746179,-0.42206533770369103,0.1023969001185499
-0.9,1.4,60,0.8,0.3,50,1.0133161441162932,0.02407111068821144,0.26465879515543583,6.564785297652104,-0.3971967584172963,0.09095148594655363
-0.95,1.4,40,0.8,0.3,30,0.8998765507997872,0.022054395420444406,0.26414753287076775,6.0397099303768025,-0.3315379737893952,0.08349271780340405
-0.9,1.1,60,0.8,0.4,40,1.1912010967141384,0.027022489208473832,0.26386110923952366,6.416962752350003,-0.4246251632371715,0.10241179265241314
-0.9,1.1,40,0.8,0.3,30,0.7385157573498038,0.01897560685996802,0.2630711751330994,6.09521782089806,-0.3316617765187566,0.07213107574544196
-0.9,1.4,50,0.9,0.5,50,1.022205313925328,0.024224470724625302,0.26152963844970023,6.378285992135036,-0.30626090496188896,0.0926261010729932
-0.88,1.1,60,0.8,0.4,40,1.1737223127710261,0.026742948489635987,0.2610511560738701,6.34988398369454,-0.4266360141044572,0.10244332525410647
-0.9,1.1,50,0.8,0.4,40,1.147366709423597,0.026317306802719154,0.2605568458081965,6.31455403189345,-0.4242333355482716,0.10100408884321578
-0.88,1.1,40,0.8,0.3,30,0.7287490201675106,0.018780499714202703,0.26025522814331914,6.029822773298529,-0.33335067113520367,0.07216185376249398
-0.9,1.3,40,0.8,0.3,50,0.9308273115204762,0.022615938158552673,0.25980505261089715,6.111813622502872,-0.3936989062796862,0.08704964715379858
-0.92,1.1,50,0.8,0.3,50,0.8994628967836817,0.022046830769722137,0.2597047202537348,6.1180947370859355,-0.385087500373259,0.08489191397130597
-0.88,1.4,60,0.8,0.3,40,0.8564308177367379,0.02125106173476543,0.25901173824703866,6.308517525882152,-0.35442750502825193,0.08204671293505902
-0.88,1.1,50,0.8,0.4,40,1.133205285577969,0.02608651156483277,0.25820330350953213,6.258319918967405,-0.4259904281700656,0.10103089778582067
-0.92,1.4,50,0.9,0.5,50,1.0227978250907461,0.024234669835574207,0.2580651675509153,6.31115764262829,-0.31795914204632647,0.09390910856186276
-0.9,1.1,50,0.8,0.3,50,0.8842912522296811,0.021768275736328446,0.2580457658212217,6.060587573005574,-0.387278321373407,0.08435819772919607
-0.92,1.2,50,0.8,0.4,40,1.1417931933298089,0.026226648608498104,0.25787345572568465,6.248332855495013,-0.42272443719014285,0.10170356051069075
-0.88,1.4,40,0.8,0.4,40,1.174346936892138,0.026752975546523006,0.25786708974654954,6.311396596727473,-0.4388380736192312,0.10374714963750421
-0.95,1.1,50,0.8,0.4,50,1.4306679500035573,0.03064950851488346,0.257320067583996,5.933839823108188,-0.48731046048230686,0.11911044794389641
-0.95,1.1,50,0.8,0.4,30,1.1981736017373752,0.0271334008863926,0.256402584957857,5.878189226253571,-0.4178716210868725,0.1058234295526011
-0.95,1.1,60,0.8,0.5,50,2.1229360713968233,0.03946635843713575,0.25545681037651025,6.11233842592538,-0.5739115260295065,0.15449327179403616
-0.88,1.1,50,0.8,0.3,50,0.8718647547179414,0.02153850347125963,0.2552250787540581,5.995449098603714,-0.3891481912481305,0.08439023146316559
-0.95,1.1,40,0.8,0.4,50,1.4377041119224185,0.030750776467324492,0.2542646249345211,5.81133299388581,-0.4874407582233822,0.12094005005707543
-0.92,1.2,60,0.8,0.4,40,1.1335275548659398,0.02609178017287772,0.25412636715478343,6.178670624262294,-0.4225061820980095,0.10267246356607194
-0.9,1.1,40,0.8,0.5,40,1.517630702132772,0.031881704811203004,0.2536975033064869,6.191236793911472,-0.5032787337539775,0.12566818512473635
-0.88,1.4,60,0.9,0.5,40,0.9920942583026606,0.023702319745368294,0.25346965388042636,6.27383892028003,-0.2887831850866103,0.09351146925284319
-0.95,1.2,50,0.8,0.4,50,1.3991070861967905,0.03019175675059782,0.25313175790903286,5.837913622914671,-0.4877982731142513,0.11927289171455022
-0.92,1.1,60,0.8,0.4,50,1.3297362406560773,0.029164823853431665,0.2528468101398703,6.234511632710375,-0.48721347112903146,0.11534582475965667
-0.88,1.3,40,0.8,0.3,50,0.8984326855169711,0.02202798397916017,0.25280659360489716,5.947829735550863,-0.3982866850700043,0.087133739927634
-0.92,1.1,40,0.8,0.4,40,1.1038715530847951,0.025603700698352716,0.25228058006491316,6.026740258241862,-0.42232150100502863,0.10148898774437869
-0.95,1.2,60,0.8,0.5,50,2.081318874720692,0.03899245653862948,0.2521794588726827,6.035133502700759,-0.5742365432459633,0.15462185823118732
-0.88,1.1,40,0.8,0.5,40,1.5034870066926462,0.031684126485639785,0.25208962079268393,6.151661885315563,-0.5045339513114419,0.1256859619448454
-0.88,1.4,60,0.8,0.3,50,0.9497351946158543,0.02295472261444087,0.2519342706645746,6.254839365099896,-0.4055923143938298,0.09111393441586517
-0.95,1.2,50,0.8,0.4,30,1.1696315470038212,0.02667721076304974,0.2516571841912308,5.769081549071758,-0.41842550322169003,0.10600615614763496
-0.9,1.1,60,0.8,0.4,50,1.3174050153739176,0.028979191158913453,0.2512086144004358,6.193957013037052,-0.4894847383422021,0.11535906612151267
-0.88,1.4,50,0.9,0.5,50,0.9692966661821165,0.023301893869415613,0.25120650188902754,6.128476179179887,-0.30626090496188973,0.09275991542491765
-0.9,1.2,60,0.8,0.4,40,1.110992737307809,0.025721504928628125,0.2504440204652754,6.087742556551508,-0.42761272366619874,0.1027036096962613
-0.95,1.2,40,0.8,0.4,50,1.4078378841932322,0.030318965644732243,0.2503919733665096,5.723158038379674,-0.4880582513471662,0.12108601261092765
-0.95,1.1,60,0.8,0.3,30,0.8226473024194445,0.02061373471010519,0.2503318938549413,5.686633249111409,-0.3288137161717001,0.08234561882094871
-0.9,1.2,50,0.8,0.4,40,1.0810587726014744,0.025223703206551207,0.24903044164530164,6.0319608682620585,-0.4268323713781129,0.10128762989738324
-0.95,1.3,50,0.8,0.4,50,1.367840416506918,0.029732499458738904,0.2489131686680687,5.739763059040053,-0.48828722592141804,0.11944928272713388
-0.95,1.3,60,0.8,0.5,50,2.040104093985298,0.03851700363762456,0.2488796724807167,5.956025817207172,-0.5745627795028857,0.15476154903976286
-0.88,1.1,60,0.8,0.4,50,1.2989195273768592,0.028699117854006806,0.24872035084197494,6.133774853805263,-0.491268914484564,0.11538709139342143
-0.92,1.3,50,0.8,0.4,40,1.084897717457837,0.025287930088107702,0.2479371283380068,6.003579701942323,-0.42327551012123166,0.10199331684455612
-0.92,1.2,50,0.8,0.3,50,0.8491318131444892,0.021114320086027094,0.24778963427480144,5.8337811945763205,-0.38567257586580694,0.08521066729777356
-0.9,1.2,40,0.8,0.3,30,0.6858738719433775,0.01791120245262179,0.24701716699640597,5.715186895302234,-0.33500666634351606,0.07250995009946977
-0.95,1.3,50,0.8,0.4,30,1.1413555466038545,0.026219520248309758,0.24687766850527837,5.657529241949437,-0.4189806799574357,0.10620450365987304
-0.95,1.3,40,0.8,0.4,50,1.3782316007968127,0.029885775926910663,0.2464917352201548,5.6329648364055025,-0.4886762680642227,0.12124453544139359
-0.9,1.4,40,0.8,0.3,50,0.8721015480723591,0.02154289565581613,0.24643194655532855,5.787783438726538,-0.39673979169598317,0.08741924883095199
-0.95,1.4,60,0.8,0.5,50,1.9992904210714055,0.038040001777447596,0.24555828230192878,5.875779127646553,-0.574890231526187,0.15491231417995957
-0.88,1.2,60,0.8,0.4,40,1.077430249345766,0.025162891450164038,0.2448478099459597,5.954972877487323,-0.43160859063336043,0.10276951815790279
-0.9,1.2,40,0.8,0.5,40,1.4413973827871933,0.03080381891573447,0.24469494854947307,5.971452767074589,-0.5057647174233746,0.12588661555269692
-0.95,1.4,50,0.8,0.4,50,1.3368671220601107,0.029271738567916872,0.24466605143900608,5.640128093750273,-0.48877731464940477,0.11963955929216505
-0.88,1.2,50,0.8,0.4,40,1.0536853699463227,0.02476239123030277,0.24434077128930082,5.920803946078765,-0.430327159514714,0.1013436730171567
-0.92,1.2,40,0.8,0.4,40,1.05856340217007,0.024845031838675258,0.24423711282072,5.831710060882295,-0.42301744495026183,0.1017250472368322
-0.9,1.2,50,0.8,0.3,50,0.8261067489685405,0.020679519409811276,0.24415827791086003,5.7307514548745955,-0.3900441737486706,0.08469718736041044
-0.95,1.2,60,0.8,0.3,30,0.7983581496728631,0.02014842788935578,0.24396891403261523,5.540209679696911,-0.3293256922307112,0.08258604572327694
-0.92,1.2,60,0.8,0.4,50,1.2564097213619485,0.028046708919512442,0.24263822774567304,5.9825361489158295,-0.487604620996798,0.115590643651215
-0.95,1.4,40,0.8,0.4,50,1.3488846688904088,0.029451208926878802,0.24256534054212817,5.541466726847165,-0.48929480479330245,0.12141556935156524
-0.92,1.3,60,0.8,0.4,40,1.0662285181358895,0.024974508098184023,0.24253840529720183,5.8935319188977395,-0.42294867996521546,0.10297135444417864
-0.95,1.4,50,0.8,0.4,30,1.1133448599891929,0.025760331264202296,0.24206655011799058,5.544298064860767,-0.41953714646349116,0.10641838474438509
-0.88,1.2,40,0.8,0.5,40,1.4140284292630723,0.030408893023919914,0.24148643184813806,5.893647304241272,-0.5082602507607606,0.12592381605540037
-0.88,1.2,40,0.8,0.3,30,0.666974612046537,0.017521216034217302,0.24142505704737785,5.586038837728291,-0.3383644052419368,0.0725741405987486
-0.9,1.2,60,0.8,0.4,50,1.2325769935908388,0.027675728220124318,0.23937141507633022,5.900923377472105,-0.4921355237027921,0.11561835071785469
-0.92,1.1,50,0.8,0.3,30,0.6529335734462058,0.017228703743922713,0.23875390180404452,5.473913046987193,-0.3289406655354815,0.07216093062245761
-0.88,1.2,50,0.8,0.3,50,0.8020868817793119,0.02022025214478096,0.2385474317356213,5.601771706437565,-0.3937632714069941,0.08476407395234829
-0.92,1.1,40,0.8,0.3,30,0.6536965852523282,0.017244660881269303,0.23826989931365078,5.417817188279111,-0.3291112122478044,0.0723744834364033
-0.92,1.1,40,0.8,0.3,50,0.812945795782096,0.020428605780473452,0.2380138342367361,5.48867121904801,-0.3852437776199803,0.08582948905463417
-0.92,1.4,50,0.8,0.4,40,1.0293741854498544,0.024347677752330377,0.23798993366065332,5.755769781116548,-0.4238278632887935,0.1023054940930712
-0.95,1.3,60,0.8,0.3,30,0.7743038599884875,0.019681598196374495,0.23756641507730555,5.390853425785273,-0.329839588555794,0.08284671968455636
-0.9,1.3,50,0.8,0.4,40,1.016651670918829,0.024128733257187118,0.23749890647697505,5.748419147030289,-0.4294232643194993,0.10159513412128633
-0.88,1.4,40,0.8,0.3,50,0.8303169769364529,0.02075941871654119,0.23715345898903623,5.57066382597423,-0.40282045011971424,0.08753580405293988
-0.9,1.3,60,0.8,0.4,40,1.033565838000381,0.024419522489982803,0.23703650295356557,5.757863565151037,-0.43058885078338394,0.10302009262584541
-0.92,1.3,40,0.8,0.4,40,1.0141087362911763,0.024084811385925775,0.23616921115205142,5.63567607085329,-0.4237139790098695,0.10198116540440741
-0.92,1.3,50,0.8,0.3,50,0.8000107146245443,0.020180277957029036,0.23587208204563243,5.548141179477118,-0.38625901886820757,0.08555602588493244
-0.9,1.3,40,0.8,0.5,40,1.367307573672917,0.029724622190028693,0.23567822935538585,5.749841073263468,-0.5082408989237892,0.12612375046829674
-0.88,1.2,60,0.8,0.4,50,1.1970814482261125,0.02711605046108767,0.2344118471802552,5.781827835834641,-0.4956809534643172,0.11567696252244579
-0.95,1.1,40,0.8,0.5,40,1.534858501300492,0.03212092270637701,0.2343593116653199,5.501459963483429,-0.5013831074531063,0.13705844448053228
-0.95,1.1,50,0.8,0.5,40,1.5329890914485982,0.03209504096667826,0.2341511399179796,5.497670703228055,-0.5012563539981598,0.13706976176977304
-0.95,1.1,60,0.8,0.5,40,1.5321148926090569,0.03208293146323138,0.23405723422853345,5.494931364275776,-0.5011620028949126,0.1370730179264855
-0.92,1.3,60,0.8,0.4,50,1.1852345446600503,0.026927308197714828,0.23241982070443332,5.729135887177081,-0.4879972379484372,0.11585633323398051
-0.95,1.4,60,0.8,0.3,30,0.7504836699052861,0.019213247637429376,0.2311300007892375,5.2393911286784345,-0.3303553999895159,0.08312745023070166
-0.9,1.3,40,0.8,0.3,30,0.6347121584740048,0.016845503610041224,0.23101391307805022,5.334124924748583,-0.33833836735465084,0.07291986610499002
-0.95,1.2,40,0.8,0.5,40,1.5038019588387224,0.0316885378905476,0.23098740726032693,5.422509938239606,-0.5019838038750125,0.13718729633964005
-0.92,1.4,60,0.8,0.4,40,1.0009089579694406,0.023855958991547466,0.23095343809056437,5.605677292211379,-0.42339282686442825,0.1032933702515083
-0.88,1.3,40,0.8,0.5,40,1.3275898614638488,0.029132580864787982,0.2308774630426455,5.633223253319894,-0.5119619576473018,0.1261820035652717
-0.95,1.2,50,0.8,0.5,40,1.5000996448505388,0.03163664718488346,0.23056934052676029,5.414189388682624,-0.5017308974242844,0.13721098873165946
-0.88,1.3,50,0.8,0.4,40,0.9769708945508169,0.023437184758668073,0.23049312403700528,5.581964910822055,-0.43463647337328326,0.10168279360431277
-0.95,1.2,60,0.8,0.5,40,1.4983711588011763,0.0316123957343295,0.23038114908489504,5.409321639204332,-0.5015425129231973,0.13721780562297825
-0.9,1.3,50,0.8,0.3,50,0.7695902081516031,0.01958940278629817,0.23028910468469904,5.399974877323472,-0.39280136059223203,0.08506439248664871
-0.92,1.1,60,0.8,0.3,30,0.6249175002557972,0.016637811367411937,0.23007367406046897,5.293192088011176,-0.3288137161716972,0.07231514616069944
-0.88,1.3,60,0.8,0.4,40,0.985234859233785,0.02358230612768053,0.2286809691503996,5.559108061548431,-0.4365440995231692,0.10312316855789976
-0.92,1.2,40,0.8,0.3,50,0.7739029076385173,0.01967376508888563,0.2284770697498447,5.2659888729182205,-0.3859843900393517,0.0861082694662798
-0.92,1.4,40,0.8,0.4,40,0.9704944368916326,0.0233230431743936,0.22808218009897238,5.436733531467142,-0.42441109914761066,0.10225719152751417
-0.95,1.3,40,0.8,0.5,40,1.473015720758275,0.03125477234656482,0.22759333944455234,5.341799085481586,-0.5025850096477004,0.13732727162773273
-0.9,1.3,60,0.8,0.4,50,1.1506906322482142,0.026371265220825224,0.22753520469270275,5.607271588526567,-0.49477616458049356,0.11589971431647637
-0.9,1.1,60,0.8,0.3,30,0.6163168598009165,0.016454438197342824,0.22747200654522617,5.232731117117395,-0.33178657781013754,0.07233610169113859
-0.95,1.3,50,0.8,0.5,40,1.4675167767338881,0.031176745763945357,0.22696381218263934,5.3288578126066115,-0.502206550011224,0.13736439066707787
-0.92,1.2,40,0.8,0.3,30,0.6180832255194353,0.016492175446243484,0.22683780043500842,5.152171824766482,-0.3299194489929361,0.07270470536487449
-0.95,1.3,60,0.8,0.5,40,1.4649537087766347,0.03114032001984479,0.22668101135069532,5.32183273254834,-0.5019244501285606,0.13737507096114018
-0.9,1.4,40,0.8,0.5,40,1.2953063419983115,0.02864412046450915,0.22665166390955535,5.526110660158583,-0.5107073023234887,0.12637948458185375
-0.9,1.1,50,0.8,0.3,30,0.6097642848342457,0.016314097842747843,0.22621286979230176,5.186560009650653,-0.33133152746003924,0.07211834524590355
-0.9,1.4,50,0.8,0.4,40,0.9540957632808109,0.023032403207847718,0.22597096219467153,5.4627821510625125,-0.4320060201052469,0.10192638462992229
-0.92,1.2,50,0.8,0.3,30,0.6091349090574365,0.01630058909648735,0.224726094653128,5.146711953075575,-0.32957916348580785,0.0725353640913301
-0.95,1.4,40,0.8,0.5,40,1.442499170588731,0.03081962768959201,0.22417806691372813,5.260020313581254,-0.503186721287338,0.1374783363684393
-0.92,1.4,50,0.8,0.3,50,0.7520740932299821,0.019244709653615244,0.22396406060023322,5.260050186652689,-0.38684682427779127,0.08592766893955486
-0.9,1.4,60,0.8,0.4,40,0.9588298959756614,0.0231165492355081,0.22364862869551827,5.426260958778174,-0.4335535630064131,0.10336101486667124
-0.88,1.1,60,0.8,0.3,30,0.6034238153338989,0.016177773949670016,0.2235099869052695,5.14312263163189,-0.33412188594961745,0.072380541798907
-0.95,1.4,50,0.8,0.5,40,1.435239633753525,0.03071533863517839,0.22333567203767377,5.242375680201625,-0.5026833076203046,0.13752992683585774
-0.95,1.4,60,0.8,0.5,40,1.4318614818963384,0.03066670634859059,0.2229579946527719,5.233167385795696,-0.5023078106779064,0.1375447711410842
-0.88,1.1,50,0.8,0.3,30,0.5991482339151997,0.01608555209727114,0.22292826041489988,5.112200521770066,-0.333372132642772,0.07215573327192225
-0.9,1.1,40,0.8,0.4,50,1.049193807323208,0.024686130097838488,0.22290892740721768,5.178440454039195,-0.4893893901169045,0.11074536307261044
-0.88,1.3,40,0.8,0.3,30,0.60728563064256,0.01626086714845787,0.22269054389462004,5.141829466182429,-0.34334505006734606,0.07302001631534348
-0.92,1.4,60,0.8,0.4,50,1.1161528540024621,0.025806628010949018,0.2221974935985794,5.4730052490654755,-0.4883913180436683,0.11614275027589244
-0.88,1.3,50,0.8,0.3,50,0.734770752553358,0.01890091949537398,0.22192283908223948,5.207185914823812,-0.3983491743155365,0.08516887929849229
-0.88,1.1,40,0.8,0.4,50,1.0376817245209216,0.024489929536409383,0.22109713879282994,5.13626231227098,-0.4906797061273247,0.11076547471451756
-0.92,1.1,50,0.8,0.5,40,1.2134305035355988,0.027374911812073854,0.22093784727761584,5.32187244487368,-0.5012563539981594,0.1239032250444459
-0.88,1.4,40,0.8,0.5,40,1.244076006109386,0.027855197208783045,0.22026814104177594,5.371432735176418,-0.5156392068695577,0.1264603999336429
-0.88,1.3,60,0.8,0.4,50,1.0995759934505278,0.025532453778662312,0.2201236089916873,5.4287898717040335,-0.5000601032833661,0.11599143724572732
-0.92,1.1,60,0.8,0.5,40,1.2179534998088837,0.027446200126421738,0.21934293639065378,5.297684755034824,-0.5011620028949115,0.12512917250975228
-0.92,1.3,40,0.8,0.3,50,0.7355954836468463,0.01891738063341153,0.21892463703160372,5.042151633484149,-0.3867256304490043,0.08641046932822201
-0.9,1.1,60,0.8,0.5,40,1.2062139372806349,0.02726087742379768,0.21784064187535718,5.261309409103374,-0.5033714883702872,0.12514137485600899
-0.88,1.4,50,0.8,0.4,40,0.902969122635598,0.02211090011520911,0.2166715740346627,5.241466420067059,-0.4389184976490683,0.10204799689908493
-0.9,1.4,50,0.8,0.3,50,0.7146980702506411,0.018497932091293245,0.2164527412927683,5.0677638247329275,-0.39554988800486424,0.08545944939673195
-0.95,1.1,40,0.8,0.4,30,0.9396191539940906,0.022773863926443205,0.2162321824577981,4.899016860726796,-0.41801956639673366,0.1053213433244978
-0.9,1.4,60,0.8,0.4,50,1.0716502159502848,0.025065809517976545,0.2157070838528287,5.311730463387154,-0.4974066773168444,0.11620299653709237
-0.88,1.1,60,0.8,0.5,40,1.188615398835264,0.02698127181912313,0.21556183197634748,5.207125163839862,-0.505107132353172,0.12516720409985962
-0.92,1.3,40,0.8,0.3,30,0.5831407267463034,0.0157381510641883,0.2154075774106138,4.885538748568198,-0.3307283710693002,0.07306219796617439
-0.9,1.4,40,0.8,0.3,30,0.5849926838469786,0.01577851608972658,0.21508248134983757,4.953007990004438,-0.3416569119360038,0.07336030340872993
-0.9,1.1,50,0.8,0.5,40,1.1503753822090794,0.026366151114279868,0.21371509929203514,5.145613573506507,-0.5030332865763956,0.12337055828821589
-0.92,1.2,60,0.8,0.3,30,0.5737745672685375,0.015533306148295845,0.21365119486613235,4.910976674035038,-0.32932569223070995,0.07270404529227446
-0.92,1.2,50,0.8,0.5,40,1.1547800524045693,0.02643753981249164,0.21299624023036826,5.130171387840023,-0.5017308974242844,0.12412209616422266
-0.9,1.2,40,0.8,0.4,50,0.9871446569921878,0.0236157605760563,0.2127683205785219,4.94351208762475,-0.49194488697973027,0.11099284194115228
-0.88,1.4,60,0.8,0.4,40,0.8969696337113751,0.022001201774064727,0.21256379304811793,5.16209341986554,-0.4414427587529428,0.10350399500579259
-0.95,1.2,40,0.8,0.4,30,0.9158553562969953,0.022345394859437873,0.2118272374453566,4.798676875309333,-0.41872069299174186,0.10548877060818082
-0.88,1.1,50,0.8,0.5,40,1.1361941168103646,0.02613534489242708,0.21180654912741612,5.100233387284424,-0.504549901898796,0.12339252492473632
-0.95,1.1,50,0.8,0.5,50,1.4545965596763049,0.030992752939109858,0.21106917621398297,4.821506872015216,-0.573992117158958,0.1468369446218393
-0.92,1.3,50,0.8,0.3,30,0.566389187071676,0.015370950223278834,0.21073279051649635,4.819039031480746,-0.33021915381147227,0.07294047682662648
-0.9,1.2,50,0.8,0.3,30,0.560056823118972,0.015231153274951614,0.21004371836536911,4.810306090686472,-0.3343499261026064,0.07251420510684906
-0.92,1.2,60,0.8,0.5,40,1.1481452497335853,0.02632995235586688,0.21004332556670557,5.073657611440831,-0.5015425129231954,0.1253548632636985
-0.92,1.4,40,0.8,0.3,50,0.6980122192995275,0.01815945622899262,0.20936507241712737,4.8158994718359525,-0.38746749455363905,0.08673584385084407
-0.95,1.1,50,0.8,0.5,30,1.1958447043505527,0.0270963929484076,0.20931752839153425,4.762313773490441,-0.49597564240280356,0.1294511413192451
-0.88,1.2,40,0.8,0.4,50,0.9648680419083993,0.023223588603366263,0.20915573397658152,4.860270110247955,-0.4945102005388151,0.11103491241586774
-0.9,1.2,60,0.8,0.3,30,0.5571519918205945,0.015166841032558942,0.20848532337597547,4.790503704699052,-0.335256190748915,0.07274776366491548
-0.92,1.1,60,0.8,0.5,50,1.3517090839043573,0.029493260070348137,0.2080837773910314,5.084019680101225,-0.5739115260295071,0.1417374311449775
-0.95,1.1,40,0.8,0.5,50,1.457987943825417,0.031041138987087047,0.2080739411877475,4.707902421002148,-0.5741003851467663,0.14918321251520042
-0.95,1.2,50,0.8,0.5,50,1.422724996256704,0.030534848726547992,0.20776417118854526,4.747267828034168,-0.5743974541329744,0.14696878943019354
-0.95,1.3,40,0.8,0.4,30,0.8922983896932892,0.021915557568382704,0.20739513912024882,4.696439029993305,-0.4194224140956686,0.10567054590260164
-0.9,1.2,60,0.8,0.5,40,1.125456036659806,0.02595959116485802,0.2070466367728693,5.000444619660202,-0.5059501685531392,0.12538040496323424
-0.9,1.1,60,0.8,0.5,50,1.339261557010274,0.02930756813507629,0.20675792034164753,5.051619976864425,-0.5757987846183186,0.14174822462253614
-0.88,1.4,60,0.8,0.4,50,1.006227064127943,0.023948337076237225,0.20586497048434077,5.074202742389445,-0.5044065573489102,0.11633031603139529
-0.95,1.2,50,0.8,0.5,30,1.167332889046977,0.026640219261737874,0.2055563080266264,4.677426239976372,-0.4964552103079236,0.12960059225371512
-0.88,1.4,50,0.8,0.3,50,0.6698349915315338,0.01758051345301226,0.2053697337104039,4.811981944510515,-0.4029060360864003,0.08560420825107025
-0.92,1.3,50,0.8,0.5,40,1.0975395882631869,0.025498628383956,0.20503931828497213,4.9380170853723975,-0.5022065500112249,0.12435970133551143
-0.95,1.2,40,0.8,0.5,50,1.4278732029399919,0.0306092065233754,0.20501592054053927,4.639722466508087,-0.5746134772191724,0.14930160761501846
-0.88,1.1,60,0.8,0.5,50,1.3206017236418175,0.029027405450689603,0.2047484551825758,5.003314066720326,-0.5772813057981712,0.14177105963903677
-0.92,1.1,40,0.8,0.5,40,1.0902239523366473,0.025376850899688108,0.20468060373737432,4.856707863754968,-0.5013831074531052,0.12398268539528613
-0.9,1.2,50,0.8,0.5,40,1.0839745414203827,0.025272495471523104,0.204465261297982,4.922474673637332,-0.5052766159911981,0.12360288154128866
-0.95,1.3,50,0.8,0.5,50,1.3911505231357646,0.030075438485016592,0.20443902894793883,4.671524309759317,-0.5748037385100371,0.1471120198515295
-0.88,1.4,40,0.8,0.3,30,0.5496162697756988,0.014999460167403944,0.2040774265608586,4.699293253841843,-0.34829278711728884,0.07349886962108916
-0.92,1.4,40,0.8,0.3,30,0.5488587774137041,0.014982591538143408,0.20399309266302937,4.617157896540881,-0.3315379737893953,0.07344656303089998
-0.88,1.2,50,0.8,0.3,30,0.5395364686982398,0.01477433756907054,0.2035252527848558,4.663172180541885,-0.3384086095753238,0.072592159286928
-0.95,1.4,40,0.8,0.4,30,0.868947782473072,0.02148435365381407,0.2029379861786107,4.592939469214602,-0.4201247256422165,0.10586659530022716
-0.9,1.3,40,0.8,0.4,50,0.9268401898222633,0.022544089364790798,0.20262273197012776,4.707068840860181,-0.49449030758485824,0.11126140263528983
-0.88,1.2,60,0.8,0.5,40,1.0916635979727816,0.025400848023342304,0.20250297483944185,4.893236998607812,-0.5093991575213352,0.12543444383215518
-0.95,1.3,40,0.8,0.5,50,1.3980205693516945,0.030175894775998913,0.20193967620767797,4.570169922184501,-0.5751270043596739,0.14943024245005496
-0.95,1.3,50,0.8,0.5,30,1.1390868462005583,0.026182545237730004,0.20177217534450462,4.590889897712317,-0.496935899117683,0.12976291301328383
-0.95,1.4,50,0.8,0.5,50,1.359872313378287,0.029614524143767973,0.20109463794111349,4.594884114036357,-0.57521096675505,0.14726660266515904
-0.92,1.3,60,0.8,0.5,40,1.0803851189897506,0.025212420944597413,0.20073603204516663,4.848709313023752,-0.5019244501285622,0.1255998770510941
-0.88,1.2,50,0.8,0.5,40,1.0565627859253208,0.024811161540596594,0.20065825578343793,4.832825059982045,-0.5082931042347693,0.12364884486673822
-0.88,1.2,60,0.8,0.3,30,0.5323949691852561,0.014613975681129876,0.20063010668116874,4.613133641074519,-0.3398968037374268,0.07284039231636193
-0.92,1.2,60,0.8,0.5,50,1.277690987561185,0.028374788313663135,0.1999113724491421,4.885777489207949,-0.5742365432459628,0.14193683914046334
-0.95,1.4,40,0.8,0.5,50,1.3684294452848378,0.029741205358432277,0.19884593293299402,4.499833314249351,-0.5756409635925117,0.1495690906006828
-0.92,1.2,40,0.8,0.5,40,1.045209710787903,0.02461834984739819,0.1982536225193669,4.703735733313682,-0.501983803875012,0.12417604044028646
-0.95,1.4,50,0.8,0.5,30,1.1111058360476616,0.025723372798345245,0.19796642889426658,4.503323312452175,-0.4974177046495908,0.1299380553663674
-0.92,1.3,60,0.8,0.3,30,0.5241321278419337,0.014427530791933707,0.1973001963175899,4.528728416692986,-0.3298395885557954,0.07312476652942615
-0.9,1.2,60,0.8,0.5,50,1.2536334820738873,0.028003689223619954,0.1972654260769022,4.8204788898735895,-0.5780013953062486,0.1419594390184875
-0.88,1.3,40,0.8,0.4,50,0.8945124581057453,0.021956176494943414,0.19722193671880353,4.58240291385063,-0.4983154147291179,0.11132725324692579
-0.92,1.4,50,0.8,0.5,40,1.04167938682899,0.024558182824832686,0.19707096962033718,4.743483622976775,-0.5026833076203054,0.12461593339772328
-0.92,1.4,50,0.8,0.3,30,0.524674210151189,0.014439792370337212,0.1967924044117448,4.490465478689868,-0.3308606309438945,0.07337576068294345
-0.9,1.3,60,0.8,0.5,40,1.0474986530912114,0.0246573065154303,0.1962538171105468,4.7393715492238755,-0.5085189801976386,0.12563988246680172
-0.9,1.3,50,0.8,0.5,40,1.0194771990288825,0.024177473410542882,0.1952077753060245,4.698977546736291,-0.5075129169606871,0.1238550737676314
-0.9,1.1,40,0.8,0.4,30,0.6675496639644583,0.017533145102469172,0.1949879917314771,4.474815734460904,-0.4202321216330718,0.0899191019240534
-0.92,1.1,50,0.8,0.4,50,0.8479429348493883,0.021091997930531514,0.19425245838900385,4.513044010571348,-0.48731046048230975,0.10858033975710796
-0.9,1.3,50,0.8,0.3,30,0.5117743143497835,0.01414685567139684,0.19394557911090238,4.4345154673586,-0.3373588679754074,0.07294239825547844
-0.88,1.2,60,0.8,0.5,50,1.2178031614497558,0.02744383285524754,0.19325658651640837,4.724948287464628,-0.5809473907090207,0.14200723168065185
-0.88,1.1,40,0.8,0.4,30,0.6581816043207451,0.017338314150357803,0.19276832465799382,4.423737407170011,-0.42169719846716835,0.08994379227561963
-0.9,1.1,50,0.8,0.4,50,0.8318741146670405,0.0207889242215471,0.19274408831217898,4.4635165232210205,-0.4891370797336876,0.10785764898727378
-0.9,1.4,40,0.8,0.4,50,0.86823569395945,0.02147112225380865,0.19247826438175394,4.469028788140019,-0.49702567667355324,0.11155089289055338
-0.92,1.3,40,0.8,0.5,40,1.001043417804401,0.02385829754522817,0.1918085623706441,4.550431020029936,-0.5025850096476996,0.12438598804116595
-0.92,1.3,60,0.8,0.5,50,1.2058445241386764,0.027255030358767307,0.1917297136371812,4.686758754655447,-0.574562779502886,0.14215339835297117
-0.92,1.4,60,0.8,0.5,40,1.0146180270362253,0.02409361220496531,0.19142560911742643,4.621568991643512,-0.5023078106779071,0.1258641010262401
-0.88,1.1,50,0.8,0.4,50,0.8197932969586639,0.020559372190186664,0.1905715131904079,4.413894563634052,-0.4906961027257588,0.10788271471426551
-0.9,1.3,60,0.8,0.3,30,0.5000388391572481,0.013878255980019238,0.1896118064903322,4.349740004066389,-0.3387125255741156,0.07319299487148155
-0.88,1.3,50,0.8,0.5,40,0.9797408259752103,0.02348589199997031,0.1895138628145556,4.5645715173460815,-0.5120126414668207,0.12392703969604528
-0.88,1.3,60,0.8,0.5,40,0.998836538455917,0.02381989582192623,0.1894610768515147,4.578682506383544,-0.5136591881613115,0.12572448239906536
-0.9,1.3,60,0.8,0.5,50,1.1709748117674548,0.02669880993250584,0.18777012174042826,4.589198467152281,-0.580195576663472,0.14218880876806395
-0.9,1.4,50,0.8,0.5,40,0.956833644387669,0.023081091184858238,0.18594736525654512,4.473836306125098,-0.5097421944330813,0.12412701386230485
-0.9,1.4,60,0.8,0.5,40,0.9722506636857706,0.023354030820189164,0.1854676778234436,4.476832385908389,-0.5110779392008131,0.12591968096145081
-0.92,1.4,40,0.8,0.5,40,0.9577120399284025,0.023096697826619383,0.1853482447148299,4.39494806337269,-0.5031867212873372,0.12461244433231684
-0.88,1.4,40,0.8,0.4,50,0.8265374071687237,0.02068770036146872,0.18530339448188618,4.303642527891639,-0.5020954873687677,0.11164231728896358
-0.92,1.2,50,0.8,0.4,50,0.7989770031789833,0.02016035843179287,0.1852467193802321,4.3039118753141175,-0.4877982731142513,0.10882977306827386
-0.88,1.3,50,0.8,0.3,30,0.4820277897755807,0.013462047490020446,0.1842501106683963,4.215355782973894,-0.34341324512199733,0.07306398591124177
-0.92,1.4,60,0.8,0.5,50,1.136111291416528,0.026133992530589678,0.18354194503606733,4.485622871086563,-0.5748902315261863,0.14238703052566082
-0.95,1.1,60,0.8,0.4,30,0.7479810586822735,0.019163684614184273,0.18307055677913642,4.105552438688066,-0.4177614954637744,0.10467922833328192
-0.9,1.2,40,0.8,0.4,30,0.6170566166919014,0.016470247465885324,0.18254981339027151,4.18750729562937,-0.4231337358292069,0.09022330486130785
-0.9,1.2,50,0.8,0.4,50,0.775308185555655,0.019701211453714507,0.18221105260849912,4.219761900708,-0.4914431372321262,0.10812303189996256
-0.88,1.3,60,0.8,0.5,50,1.1193780866604328,0.02585973080138726,0.18177326883364103,4.445906716587696,-0.5845861471088729,0.1422636615786125
-0.92,1.4,60,0.8,0.3,30,0.47594982885980897,0.013320491544274171,0.18104209566570165,4.146713172353999,-0.33035539998951735,0.07357676398571282
-0.88,1.4,50,0.8,0.5,40,0.905635370270776,0.02215954423620703,0.17837950633868427,4.294861502825826,-0.5157086239932911,0.1242269624523644
-0.95,1.2,60,0.8,0.4,30,0.724686931027354,0.01869903888408775,0.17830944216758643,3.9990352200004615,-0.41820562279792795,0.10486847278964181
-0.9,1.4,60,0.8,0.5,50,1.0911889279580924,0.025392937621041556,0.17827581325062547,4.356437203075353,-0.5823813422686256,0.1424362461628118
-0.88,1.2,40,0.8,0.4,30,0.5989288232813998,0.016080813112212322,0.17813160982898488,4.086526219887092,-0.42604649629815994,0.09027489914704467
-0.9,1.4,50,0.8,0.3,30,0.46487954529188946,0.01306121122435644,0.17793993857886248,4.059388518591388,-0.3403583597362623,0.07340235884462637
-0.88,1.3,60,0.8,0.3,30,0.4643879917985658,0.013049654565604696,0.17793990961605324,4.0857110842611375,-0.34562867290303534,0.0733374238177504
-0.88,1.2,50,0.8,0.4,50,0.7519565020568448,0.019242384390345313,0.17788124489065144,4.121481467786423,-0.4945439726632229,0.10817545381006381
-0.88,1.4,60,0.8,0.5,40,0.9099665707396978,0.02223842446890334,0.1764433921269107,4.262919720257897,-0.5178874124193451,0.1260371624056506
-0.9,1.1,40,0.8,0.5,50,1.007983057310701,0.0239787875869808,0.17626334359230192,4.051375283340793,-0.5757195571473834,0.13603955932235046
-0.92,1.3,50,0.8,0.4,50,0.7511882376728591,0.019227188918482296,0.1762338510581504,4.094296516994501,-0.48828722592141716,0.10910042992897014
-0.88,1.1,40,0.8,0.5,50,0.996702490709942,0.023782722463119743,0.17480105391352854,4.01762958508904,-0.5767917163186265,0.13605594434736473
-0.95,1.3,60,0.8,0.4,30,0.7016180450763654,0.018232872445399062,0.17352429294324165,3.890833205931708,-0.4186514159182768,0.10507388986372579
-0.9,1.3,50,0.8,0.4,50,0.7203638195768962,0.01861213969271258,0.1716813426365786,3.9756679332912004,-0.49374196975553086,0.10841096304862576
-0.92,1.1,40,0.8,0.4,50,0.7316182807905465,0.018837928295735384,0.1713683848467323,3.889273561470766,-0.4874407582233804,0.10992650897995897
-0.9,1.4,60,0.8,0.3,30,0.44491064334318664,0.012588690307135275,0.17087671412955288,3.9109025263161517,-0.3421556036751753,0.07367118668720983
-0.88,1.4,60,0.8,0.5,50,1.025148739479539,0.024275108561574,0.17030354769538322,4.165518040207921,-0.5881977357051018,0.14254024000130724
-0.9,1.3,40,0.8,0.4,30,0.5679833208399594,0.015406057226469816,0.17013291597129349,3.8993744330435742,-0.4260239090359942,0.09055306633943357
-0.95,1.4,60,0.8,0.4,30,0.6787736686441643,0.0177651873015372,0.16871762535241386,3.781511574513516,-0.4190988703508679,0.10529538490379797
-0.92,1.1,50,0.8,0.4,30,0.5569721229699618,0.015162854971557227,0.16857038073832822,3.822709542545569,-0.41787162108687237,0.08994969878542616
-0.95,1.1,40,0.8,0.5,30,0.8784535747067916,0.021660516992172862,0.16818942844093798,3.7774281165814556,-0.496103737926856,0.1287864355861061
-0.9,1.2,40,0.8,0.5,50,0.9471817596784564,0.02290915694302953,0.16815150426050252,3.866657772226935,-0.5778429899936293,0.13624116563083707
-0.92,1.1,40,0.8,0.4,30,0.554928040932581,0.015117524934084914,0.16745759887610004,3.7617172628039026,-0.41801956639673354,0.09027673294939692
-0.92,1.4,50,0.8,0.4,50,0.7045518222016156,0.01829249465656324,0.1672194411329341,3.8828358578473146,-0.4887773146494043,0.10939215280609205
-0.88,1.2,40,0.8,0.5,50,0.9253531432232138,0.022517255687292792,0.16523337838098667,3.800082359422836,-0.5799745798036293,0.13627546630060214
-0.88,1.3,50,0.8,0.4,50,0.6865129701810155,0.017924316304009036,0.1652117368372909,3.8284475326652485,-0.49836751577200733,0.10849299600101556
-0.88,1.4,50,0.8,0.3,30,0.4265526774341366,0.012148689747765617,0.16512983404480788,3.769718620136832,-0.34838618782369524,0.07357053204855203
-0.95,1.2,40,0.8,0.5,30,0.8554391645630162,0.021232514337870212,0.16469091354131343,3.699224731351174,-0.496710794539187,0.128923411020754
-0.92,1.2,40,0.8,0.4,50,0.6943268300469252,0.018084264274505824,0.16418697130631676,3.7264403397121755,-0.48805825134716585,0.1101443319809266
-0.88,1.3,40,0.8,0.4,30,0.5416763419841779,0.0148222483761975,0.1635400881421075,3.748566176251568,-0.43036708994651574,0.09063373112112895
-0.95,1.3,40,0.8,0.5,30,0.8326250631272529,0.020803144948906782,0.1611744760038495,3.6197781503983557,-0.4973183658953164,0.12907220463623484
-0.9,1.4,50,0.8,0.4,50,0.6669986689397502,0.017521715158078655,0.1611618061484148,3.7303655676083483,-0.4960335823904811,0.10872126328705209
-0.92,1.1,60,0.8,0.4,30,0.5243241059212529,0.014431873703266707,0.16007854732066176,3.641271573662757,-0.4177614954637753,0.09015495170853506
-0.9,1.3,40,0.8,0.5,50,0.8880900583837166,0.021838225508152842,0.16003376598803115,3.680958439490124,-0.5799580501993654,0.13646011123543836
-0.92,1.2,40,0.8,0.4,30,0.521441721752673,0.014366613003330198,0.15867406161864828,3.5630777851195314,-0.4187206929917425,0.09054166041238937
-0.9,1.1,60,0.8,0.4,30,0.516255903338857,0.014248898422965173,0.15801953191641777,3.5942567342001874,-0.4203403838532781,0.09017175440376529
-0.9,1.4,40,0.8,0.4,30,0.5202933917402239,0.01434058013357209,0.15774808665201853,3.610718417950785,-0.42890266934566956,0.09090810822451638
-0.92,1.2,50,0.8,0.4,30,0.5157162004258584,0.014236625194748997,0.1577459621082223,3.5760650852274516,-0.4184255032216889,0.0902503303696731
-0.95,1.4,40,0.8,0.5,30,0.8100108135648767,0.020372410424076337,0.15764120462218773,3.5395806206873313,-0.49792644847453027,0.1292327756115672
-0.92,1.3,40,0.8,0.4,50,0.6577378510337064,0.017329058895859006,0.15699347044487355,3.5632550207301983,-0.4886762680642214,0.11038076199445446
-0.9,1.1,50,0.8,0.4,30,0.5052904605705573,0.01399870429234129,0.1557362276096894,3.5290226285471764,-0.41994563824879394,0.08988726969440435
-0.88,1.3,40,0.8,0.5,50,0.8564124604249244,0.021250718475520847,0.1556671313269432,3.581173497085391,-0.583136437255396,0.13651384395906013
-0.88,1.4,60,0.8,0.3,30,0.3992800597334061,0.01148481975977278,0.15547153164436145,3.5621844978068626,-0.351317746597123,0.07387088580335154
-0.88,1.1,60,0.8,0.4,30,0.504161025613268,0.013972834491430275,0.15489676946209424,3.5240633943799873,-0.42236620939757286,0.09020739773949679
-0.88,1.1,50,0.8,0.4,30,0.49536339216189806,0.013770679225802551,0.15314834192312507,3.4709283250646275,-0.4217158158262734,0.08991725965087453
-0.88,1.4,50,0.8,0.4,50,0.6233835895232589,0.01660517585355148,0.1525718464284008,3.534518033432704,-0.5021668455374109,0.10883512418750196
-0.9,1.4,40,0.8,0.5,50,0.830664140759803,0.020765999068121488,0.15191338112789857,3.494075622608421,-0.5820647583227889,0.13669631281946273
-0.92,1.3,40,0.8,0.4,30,0.48858619574680007,0.013614165343601492,0.14988795132052665,3.3641310184874276,-0.4194224140956686,0.09082895071724874
-0.92,1.4,40,0.8,0.4,50,0.6218405463558747,0.016572315968790496,0.14979178515642919,3.398434134296603,-0.4892948047933028,0.11063567973025921
-0.88,1.4,40,0.8,0.4,30,0.4863610404529637,0.013562627042727815,0.14900717380119408,3.411076670300121,-0.43465913686434976,0.09101996029280525
-0.92,1.2,60,0.8,0.4,30,0.47634726673543537,0.013329765079709066,0.14734370149192874,3.3511430555383894,-0.41820562279792806,0.09046715227551991
-0.92,1.3,50,0.8,0.4,30,0.4754520914639371,0.01330887428765637,0.1469356399849147,3.3293322333441315,-0.4189806799574355,0.09057621615166161
-0.92,1.1,50,0.8,0.5,50,0.7669002627711108,0.019536683142746147,0.1466520566208082,3.3710702326054363,-0.5739921171589579,0.1332179281553568
-0.88,1.4,40,0.8,0.5,50,0.7898044362772874,0.019983117973195075,0.1461064193474122,3.361582901387688,-0.5862774038991031,0.13677097873214708
-0.9,1.1,50,0.8,0.5,50,0.7506601875133241,0.019216740899833606,0.14523589204189397,3.3274284682774704,-0.5755099054890432,0.1323139936668716
-0.9,1.1,40,0.8,0.5,30,0.5826026489701073,0.01572641463627722,0.1446137216257025,3.291724060813606,-0.49801943517172553,0.10874773472036924
-0.88,1.1,50,0.8,0.5,50,0.7391149582722096,0.018987542416465608,0.14348149393767645,3.2876640487075552,-0.5768053407046275,0.13233443488338056
-0.9,1.2,60,0.8,0.4,30,0.46075374124642265,0.01296409513329655,0.143246066952699,3.257196836142549,-0.42335019245256833,0.09050227632132753
-0.9,1.2,50,0.8,0.4,30,0.458809016893313,0.012918226917387532,0.14320943420843038,3.244063605424667,-0.4225640289312105,0.09020513898955876
-0.88,1.1,40,0.8,0.5,30,0.5737118097176201,0.015531929625739016,0.14279850845537803,3.2502654899101993,-0.49928794300759893,0.10876815026812738
-0.92,1.4,40,0.8,0.4,30,0.4563517672606374,0.012860185749985265,0.1411061289699947,3.1638992846110834,-0.4201247256422166,0.0911383923849254
-0.92,1.2,50,0.8,0.5,50,0.7200817621000588,0.01860646270584687,0.13945642090877022,3.206578998392697,-0.5743974541329745,0.13342134112289367
-0.88,1.2,50,0.8,0.4,30,0.4396204350319275,0.012462451941081198,0.13806088511669573,3.128898230305924,-0.4260848425301754,0.09026779692559071
-0.88,1.2,60,0.8,0.4,30,0.4375293459229881,0.012412429409195846,0.13703773083763482,3.1179661760238147,-0.4273758163839021,0.09057672900248438
-0.9,1.2,50,0.8,0.5,50,0.6966020405740083,0.01813070338908096,0.1368040586042634,3.1352347688953985,-0.5774260722857048,0.1325304495645711
-0.92,1.4,50,0.8,0.4,30,0.436158887418163,0.012379607485665467,0.13614873434752575,3.0817002139192406,-0.4195371464634916,0.09092708459607098
-0.92,1.3,60,0.8,0.4,30,0.4297780304001726,0.012226389074895039,0.13464360366336695,3.0609973703814757,-0.41865141591827704,0.09080556923790599
-0.9,1.2,40,0.8,0.5,30,0.5346817791483756,0.014665404279289085,0.13454573666935227,3.062683988808403,-0.5005317405053564,0.1089993978429022
-0.95,1.1,60,0.8,0.5,30,0.6507030644367873,0.017182015478317325,0.13427277498983914,2.9833634731073477,-0.4958802923074521,0.1279635092044351
-0.88,1.2,50,0.8,0.5,50,0.674285625769361,0.017672582995072128,0.13330430418996217,3.0564437110309397,-0.5800026419935296,0.13257323611912958
-0.92,1.3,50,0.8,0.5,50,0.6743888022483864,0.017674714584875684,0.132253957795768,3.041962980529344,-0.5748037385100362,0.13364223558564275
-0.88,1.2,40,0.8,0.5,30,0.5174774376577354,0.014276661404723834,0.1309279673686429,2.980638447134402,-0.5030536966191255,0.10904210682906453
-0.9,1.3,50,0.8,0.4,30,0.4136600466077869,0.0118363995891968,0.13071720684422133,2.9594819556857836,-0.425174216085606,0.09054966729286455
-0.95,1.2,60,0.8,0.5,30,0.6287052929435721,0.01671827320869168,0.13049083429888814,2.900012428246707,-0.49626483118649756,0.12811837167351248
-0.9,1.3,60,0.8,0.4,30,0.4071762794022298,0.011678306099426106,0.12853006520125682,2.920995938974677,-0.42634848259688196,0.09086050085744382
-0.9,1.3,50,0.8,0.5,50,0.6440935667236352,0.017043308978232696,0.12837152496051746,2.942978426970948,-0.5793362356512823,0.13276549439974805
-0.95,1.3,60,0.8,0.5,30,0.6069202280864421,0.01625301318735084,0.1266930193345601,2.815605014936118,-0.49665081235361663,0.1282865723203839
-0.92,1.4,50,0.8,0.5,50,0.6297976554132358,0.016741444037774222,0.12504764256103157,2.8760047558762163,-0.5752109667550496,0.13388052501352263
-0.9,1.3,40,0.8,0.5,30,0.488108336877181,0.013603103614612477,0.12448788748680462,2.833078028741881,-0.5030341398843661,0.10927250746426531
-0.92,1.1,40,0.8,0.5,50,0.6245250306271575,0.016629464010206263,0.12321618205842207,2.7645476316789943,-0.574100385146765,0.13496168873599348
-0.88,1.3,50,0.8,0.5,50,0.6117434538657536,0.01635654495100325,0.12313660908027783,2.824841843683735,-0.5831797294493364,0.13283251076322675
-0.88,1.3,50,0.8,0.4,30,0.38584407373614904,0.011153151555858942,0.12303855987877292,2.787421431504449,-0.43042624757174186,0.0906476113410941
-0.95,1.4,60,0.8,0.5,30,0.5853471784275206,0.01578623741381735,0.12288064104668449,2.7305487431394426,-0.4970382319351213,0.1284680587548358
-0.92,1.4,60,0.8,0.4,30,0.38457854193040264,0.011121751921221223,0.12198928178471345,2.7705781737579596,-0.41909887035086746,0.09116991065533839
-0.9,1.4,50,0.8,0.5,50,0.5930942956093659,0.015954563877246697,0.11994196560701238,2.7498239946887044,-0.5812403998123568,0.13301902963239345
-0.88,1.3,60,0.8,0.4,30,0.3737324608595669,0.0108515026144691,0.11927761877946466,2.713070758905771,-0.4323480796908129,0.09097685488283189
-0.88,1.3,40,0.8,0.5,30,0.46314146762989816,0.013020331374539396,0.11908183210110908,2.7103617311684536,-0.5067945972811366,0.10933936054564725
-0.9,1.4,50,0.8,0.4,30,0.3698087516209685,0.01075322848593463,0.1182706033254643,2.6749642136566325,-0.4277762054874883,0.09092055154519874
-0.92,1.2,40,0.8,0.5,50,0.5895398980298241,0.015877433654182482,0.11748949376624268,2.636765741739842,-0.5746134772191717,0.13513917836578865
-0.92,1.1,50,0.8,0.5,30,0.45109327494754137,0.012735659665876309,0.11707984616417004,2.631425932252206,-0.4959756424028047,0.10877755722379659
-0.92,1.1,40,0.8,0.5,30,0.44644196972235206,0.012625148485341686,0.11560099836938897,2.5722546172249974,-0.4961037379268566,0.10921314403357966
-0.9,1.4,40,0.8,0.5,30,0.4428477909675619,0.012539518381389447,0.11444622430685279,2.6029711514596805,-0.5055266576318594,0.10956690321009226
-0.9,1.4,60,0.8,0.4,30,0.35546089213974397,0.010391538572997572,0.11388474000575838,2.585474435835808,-0.42933527284105777,0.09124610173823237
-0.88,1.4,50,0.8,0.5,50,0.5514128380799714,0.015039436194430822,0.11298320564041733,2.592476971459266,-0.5863366973701116,0.1331121391819563
-0.92,1.3,40,0.8,0.5,50,0.5552137922642237,0.015123865281835513,0.11175383167095293,2.5089145954687457,-0.5751270043596739,0.13533196182808388
-0.92,1.1,60,0.8,0.5,30,0.41478384766120513,0.01186372995096252,0.10880869601420035,2.452138821323396,-0.49588029230745245,0.1090329209479196
-0.92,1.2,40,0.8,0.5,30,0.41529196393540313,0.011876080237870346,0.10852453339136374,2.414745915748805,-0.4967107945391862,0.10943221653893266
-0.92,1.2,50,0.8,0.5,30,0.4126428808317444,0.0118116444505596,0.10833760972253344,2.435019699696408,-0.4964552103079244,0.10902626041695715
-0.88,1.4,50,0.8,0.4,30,0.3339693003961046,0.009842785939809806,0.1080955627505944,2.4467317691150208,-0.4347401598067605,0.09105633653547618
-0.88,1.4,40,0.8,0.5,30,0.41064399506661853,0.011762946622993598,0.1072677042430932,2.4402135568021777,-0.5105107813204321,0.10965972196380809
-0.9,1.1,60,0.8,0.5,30,0.4072954384384655,0.011681217892327567,0.10712113447361421,2.4140631066789684,-0.49811317187649307,0.10904680901418994
-0.92,1.4,40,0.8,0.5,50,0.5215365837084363,0.014368762693903747,0.10601125471903378,2.379946397036318,-0.5756409635925119,0.13553997386396285
-0.88,1.1,60,0.8,0.5,30,0.39606971709801253,0.011405852846424258,0.1045676775561798,2.3569703120146843,-0.4998671929061399,0.10907627589124158
-0.9,1.1,50,0.8,0.5,30,0.3927467390344379,0.011323930393408732,0.10417816180879845,2.338410720667085,-0.4977713891926021,0.10869773661577853
-0.88,1.1,50,0.8,0.5,30,0.38356187238146733,0.011096506822210861,0.10206262533038762,2.291228503398394,-0.4993040624802163,0.10872252978296691
-0.88,1.4,60,0.8,0.4,30,0.3126551505850499,0.009290063244059565,0.10163363352807848,2.309807321272213,-0.4372832189206398,0.09140737098111311
-0.92,1.3,40,0.8,0.5,30,0.3847287413931628,0.011125480032037283,0.10144505194143043,2.257191324807065,-0.4973183658953182,0.10967001168731826
-0.92,1.3,50,0.8,0.5,30,0.3751168539527576,0.010886111741892579,0.09960196672469758,2.238680738806396,-0.49693589911768465,0.10929615247439917
-0.92,1.2,60,0.8,0.5,30,0.3702546974114196,0.010764411434310173,0.09849296210381069,2.220156460850461,-0.49626483118649856,0.10929117374868451
-0.9,1.2,60,0.8,0.5,30,0.355781746479096,0.010399667220825304,0.09513030142828414,2.143996791582483,-0.5007191551968402,0.10932023829090144
-0.92,1.4,40,0.8,0.5,30,0.3547432828992645,0.010373351653611529,0.09436632966263431,2.0987674764665085,-0.49792644847452816,0.10992640797514248
-0.9,1.2,50,0.8,0.5,30,0.349740501499028,0.010246303152946279,0.09403668114598568,2.1108679638261862,-0.5000384710416389,0.10896070584455843
-0.92,1.4,50,0.8,0.5,30,0.33849570749755875,0.009959066762744051,0.09087811309115354,2.041674339028227,-0.4974177046495901,0.10958707684384689
-0.88,1.2,60,0.8,0.5,30,0.33422629167284534,0.00984939809803409,0.0900459875408656,2.030564092363586,-0.5042046621561587,0.10938186550027157
-0.88,1.2,50,0.8,0.5,30,0.3319865626319798,0.00979173044150028,0.08982203297701476,2.01717590131069,-0.5030868979466308,0.10901256759581426
-0.92,1.3,60,0.8,0.5,30,0.3270319975216158,0.009663828744914449,0.0881966082648161,1.9882035788185797,-0.4966508123536154,0.10957143290474584
-0.9,1.3,50,0.8,0.5,30,0.3079671143800371,0.009167329520216816,0.08391450733499792,1.8836414590707562,-0.5022984500279919,0.10924606258628931
-0.9,1.3,60,0.8,0.5,30,0.306054442868682,0.009117133300639901,0.08317266478439818,1.8745123047623922,-0.5033151654904793,0.10961694355078695
-0.92,1.4,60,0.8,0.5,30,0.2850806133237429,0.008561988099393014,0.0779258489096271,1.7559720572979223,-0.49703823193512064,0.10987353001855141
-0.88,1.3,50,0.8,0.5,30,0.28223081529038074,0.008485883790963156,0.07761912116071744,1.7434433879715847,-0.5068458177423492,0.10932723359998321
-0.88,1.3,60,0.8,0.5,30,0.275013948203221,0.00829242295792243,0.07558260295209919,1.7048282426256098,-0.5085097981190345,0.10971338157244716
-0.9,1.4,50,0.8,0.5,30,0.2673943812796187,0.008087015657089802,0.07381786908141919,1.6563802056995787,-0.5045513311522672,0.10955363190137656
-0.9,1.4,60,0.8,0.5,30,0.25805540231666835,0.007833623365054887,0.07125573876436757,1.605325993110869,-0.5059012188227505,0.10993673633725906
-0.88,1.4,50,0.8,0.5,30,0.23423448282169668,0.00717897471951634,0.06546198499742943,1.4700595508206138,-0.5105809334346028,0.10966631579837129
-0.88,1.4,60,0.8,0.5,30,0.21832574672473348,0.006734936539768865,0.06118743025778171,1.3799014541809818,-0.5127827909331095,0.11007058984818746
