Date,A,B,C,D,E
2019-01-02,-0.0,0.0,0.0,0.0,0.0
2019-01-03,0.02386275432784224,0.0,0.0,-0.0,0.0
2019-01-04,-0.03349577326654041,0.0,0.0,0.0,0.0
2019-01-07,-0.007884511226296409,0.0,0.0,0.0,0.0
2019-01-08,-0.009395263590788794,0.0,0.0,0.0,0.0
2019-01-09,-0.004673585785768708,0.0,0.0,0.0,0.0
2019-01-10,-0.0035273325570586156,0.0,0.0,0.0,0.0
2019-01-11,-0.00038648832606136274,0.0,0.0,-0.0,0.0
2019-01-14,0.006100950560825491,0.0,0.0,-0.0,0.0
2019-01-15,-0.011460780193094156,0.0,0.0,0.0,0.0
2019-01-16,-0.002419997716773592,0.0,0.0,-0.0,0.0
2019-01-17,-0.007586665919162572,0.0,0.0,0.0,0.0
2019-01-18,-0.013309960799851472,0.0,0.0,0.0,0.0
2019-01-22,0.013510498822567274,0.0,0.0,-0.0,0.0
2019-01-23,-0.0020924970421554168,0.0,0.0,0.0,0.0
2019-01-24,-0.0005313648655893566,0.0,0.0,0.0,0.0
2019-01-25,-0.008461624516485244,0.0,0.0,0.0,0.0
2019-01-28,0.007600334296158806,0.0,-0.0,-0.0,0.0
2019-01-29,0.0013270041177571024,0.0,0.0,-0.0,0.0
2019-01-30,0.031661517932514815,0.0,0.007915379483128704,0.0,0.0
2019-01-31,0.017564866046103855,0.0,0.004391216511525964,0.0,0.0
2019-02-01,0.0009636957713925476,0.0,0.0002409239428481369,-0.0,0.0
2019-02-04,0.014070741646784679,0.0,0.0035176854116961698,0.0,0.0
2019-02-05,0.008383564300381785,0.0,0.0020958910750954463,0.0,0.0
2019-02-06,-0.0026362524772101104,0.0,-0.0006590631193025276,-0.0,0.0
2019-02-07,-0.019066103272667556,0.0,0.0,-0.0,0.0
2019-02-08,0.002443075466231015,0.0,0.0,0.0,0.0
2019-02-11,0.0011092140563602193,0.0,0.0002773035140900548,-0.0,0.0
2019-02-12,0.025719325863040154,0.0,0.006429831465760039,0.0,0.0
2019-02-13,0.006493530273172343,0.0,0.0016233825682930858,0.0,0.0
2019-02-14,-0.004436313053015617,0.0,-0.0011090782632539042,0.0,0.0
2019-02-15,0.02179423321642604,0.0,0.00544855830410651,0.0,0.0
2019-02-19,0.0034615050327500008,0.0,0.0008653762581875002,0.0,0.0
2019-02-20,0.0040306082773629015,0.0,0.0010076520693407254,-0.0,0.0
2019-02-21,-0.007111760540826184,0.0,0.0,-0.0,0.0
2019-02-22,0.012399783077080784,0.0,0.003099945769270196,0.0,0.0
2019-02-25,0.0027225603159557465,0.0,0.0006806400789889366,0.0,0.0
2019-02-26,-0.0014309464849751041,0.0,-0.00035773662124377603,0.0,0.0
2019-02-27,-0.0008585735229715841,0.0,0.0,-0.0,0.0
2019-02-28,-0.0037255767240298443,0.0,0.0,-0.0,0.0
2019-03-01,0.012487063738468418,0.0,0.0031217659346171045,0.0,0.0
2019-03-04,-0.007274587969616109,0.0,-0.0018186469924040272,0.0,0.0
2019-03-05,-0.0027200270163776352,0.0,0.0,0.0,0.0
2019-03-06,-0.012114049648860092,0.0,0.0,-0.0,0.0
2019-03-07,-0.016730304026898013,0.0,0.0,-0.0,0.0
2019-03-08,-0.004000470410679524,0.0,0.0,-0.0,0.0
2019-03-11,0.02900311710704484,0.0,0.00725077927676121,0.0,0.0
2019-03-12,0.007541025536212942,0.0,0.0018852563840532355,0.0,0.0
2019-03-13,0.013238804819941219,0.0,0.0033097012049853047,0.0,0.0
2019-03-14,-0.0012797021115689144,0.0,-0.0003199255278922286,-0.0,0.0
2019-03-15,0.00988135117341793,0.0,0.0024703377933544823,0.0,0.0
2019-03-18,0.007251683402849096,0.0,0.001812920850712274,0.0,0.0
2019-03-19,0.0004960418940616051,0.0,0.0001240104735154013,0.0,0.0
2019-03-20,-0.006019884380360274,0.0,0.0,0.0,0.0
2019-03-21,0.022589597012952822,0.0,0.005647399253238206,0.0,0.0
2019-03-22,-0.03849291240026553,0.0,0.0,-0.0,0.0
2019-03-25,-0.0015039323396648374,0.0,0.0,-0.0,0.0
2019-03-26,0.014908475118274644,0.0,0.003727118779568661,0.0,0.0
2019-03-27,-0.010458339569581865,0.0,-0.002614584892395466,-0.0,0.0
2019-03-28,0.007580984062125928,0.0,0.0,0.0,0.0
2019-03-29,0.012610674070181016,0.0,0.003152668517545254,0.0,0.0
2019-04-01,0.02371869334196175,0.0,0.005929673335490437,0.0,0.0
2019-04-02,0.0009792243718065308,0.0,0.0002448060929516327,0.0,0.0
2019-04-03,0.0031475743242754817,0.0,0.0007868935810688704,0.0,0.0
2019-04-04,0.005307103523173762,0.0,0.0013267758807934404,-0.0,0.0
2019-04-05,0.009679914490038577,0.0,0.0024199786225096442,0.0,0.0
2019-04-08,0.0015242710582201724,0.0,0.0003810677645550431,0.0,0.0
2019-04-09,-0.010249321322065352,0.0,0.0,-0.0,0.0
2019-04-10,0.006821856352382305,0.0,0.0,0.0,0.0
2019-04-11,-0.0005546478550169098,0.0,-0.00013866196375422746,-0.0,0.0
2019-04-12,0.013531754875437674,0.0,0.0033829387188594184,0.0,0.0
2019-04-15,-0.0013092659109257276,0.0,-0.0003273164777314319,0.0,0.0
2019-04-16,0.0013101235609846995,0.0,0.0,0.0,0.0
2019-04-17,-0.00489427741983306,0.0,0.0,0.0,0.0
2019-04-18,0.003939071726895893,0.0,0.0,0.0,0.0
2019-04-22,0.0017231686164644877,0.0,0.00043079215411612193,0.0,0.0
2019-04-23,0.01798386130163454,0.0,0.004495965325408635,0.0,0.0
2019-04-24,-0.0044386635891131565,0.0,-0.0011096658972782891,-0.0,0.0
2019-04-25,-0.0012325230274994325,0.0,0.0,0.0,0.0
2019-04-26,0.00931481336270057,0.0,0.0023287033406751423,0.0,0.0
2019-04-29,0.0031344954643452994,0.0,0.0007836238660863248,0.0,0.0
2019-04-30,0.0010220624149748225,0.0,0.00025551560374370563,-0.0,0.0
2019-05-01,-0.015033673040252049,0.0,0.0,-0.0,0.0
2019-05-02,-0.0043181815807196156,0.0,0.0,-0.0,0.0
2019-05-03,0.01957647820944075,0.0,0.004894119552360188,0.0,0.0
2019-05-06,-0.008231035867337866,0.0,-0.0020577589668344665,-0.0,0.0
2019-05-07,-0.03339918147767862,0.0,0.0,-0.0,0.0
2019-05-08,0.0013892941519751956,0.0,0.0,-0.0,0.0
2019-05-09,0.0030258715433759686,0.0,0.0,-0.0,0.0
2019-05-10,-0.005023405213317789,0.0,0.0025117026066588943,0.0,0.0
2019-05-13,0.025130237102490627,0.0,0.0,-0.0,0.0
2019-05-14,-0.009043816224240997,0.0,0.0,0.0,0.0
2019-05-15,-0.005857407880798915,0.0,0.0029287039403994575,0.0,0.0
2019-05-16,-0.009261208041631663,0.0,0.004630604020815832,0.0,0.0
2019-05-17,0.006465241642910402,0.0,-0.003232620821455201,-0.0,0.0
2019-05-20,0.006611726769179427,0.0,0.0,-0.0,0.0
2019-05-21,-0.009015250548301212,0.0,0.004507625274150606,0.0,0.0
2019-05-22,0.0030712890226631817,0.0,-0.0015356445113315909,-0.0,0.0
2019-05-23,0.012218631669810853,0.0,0.0,-0.0,0.0
2019-05-24,-0.0022683921431887466,0.0,0.0,-0.0,0.0
2019-05-28,0.00930041937124737,0.0,0.0,-0.0,0.0
2019-05-29,0.006710642864700689,0.0,0.0,-0.0,0.0
2019-05-30,-0.0027312081296979596,0.0,0.0,0.0,0.0
2019-05-31,0.013475581143352788,0.0,0.0,-0.0,0.0
2019-06-03,0.0025428977465895564,0.0,0.0,-0.0,0.0
2019-06-04,-0.02170671852000816,0.0,0.01085335926000408,0.0,0.0
2019-06-05,-0.008662103281538602,0.0,0.004331051640769301,0.0,0.0
2019-06-06,-0.006502608987257297,0.0,0.0032513044936286484,0.0,0.0
2019-06-07,-0.010007274990353254,0.0,0.005003637495176627,0.0,0.0
2019-06-10,0.009178173537341738,0.0,0.0022945433843354346,0.0,0.0
2019-06-11,-0.0004851125090563624,0.0,-0.0001212781272640906,0.0,0.0
2019-06-12,-0.0035305246501751153,0.0,0.0,-0.0,0.0
2019-06-13,0.008252458604673052,0.0,0.002063114651168263,0.0,0.0
2019-06-14,-0.0022098780495936055,0.0,-0.0005524695123984014,-0.0,0.0
2019-06-17,0.0007607859799887429,0.0,0.0,0.0,0.0
2019-06-18,0.02094128792268979,0.0,0.005235321980672447,0.0,0.0
2019-06-19,0.004514771022047448,0.0,0.001128692755511862,0.0,0.0
2019-06-20,0.019108724973724733,0.0,0.004777181243431183,0.0,0.0
2019-06-21,-0.0029070140243847575,0.0,-0.0007267535060961894,-0.0,0.0
2019-06-24,-0.0024488955316026573,0.0,0.0,0.0,0.0
2019-06-25,-0.019616100504386447,0.0,0.0,-0.0,0.0
2019-06-26,-0.0019954641164303677,0.0,0.0,0.0,0.0
2019-06-27,0.007093119683192484,0.0,0.001773279920798121,0.0,0.0
2019-06-28,0.01029131746998102,0.0,0.002572829367495255,0.0,0.0
2019-07-01,0.01815693560835996,0.0,0.00453923390208999,0.0,0.0
2019-07-02,0.005208722329375082,0.0,0.0013021805823437704,0.0,0.0
2019-07-03,0.0159900008472893,0.0,0.003997500211822325,0.0,0.0
2019-07-05,-0.002276193402198423,0.0,-0.0005690483505496058,-0.0,0.0
2019-07-08,-0.010989097878719933,0.0,0.0,-0.0,0.0
2019-07-09,0.0024935506041185995,0.0,0.0,0.0,0.0
2019-07-10,0.009554535358450966,0.0,0.0023886338396127416,0.0,0.0
2019-07-11,0.004689410654567627,0.0,0.0011723526636419068,-0.0,0.0
2019-07-12,0.008953420698925463,0.0,0.0022383551747313657,0.0,0.0
2019-07-15,0.0006660748991134113,0.0,0.00016651872477835283,0.0,0.0
2019-07-16,-0.006450928753040985,0.0,0.0,-0.0,0.0
2019-07-17,-0.013610039999496282,0.0,0.0,-0.0,0.0
2019-07-18,0.0073214358302644555,0.0,0.0,0.0,0.0
2019-07-19,-0.011109066620667463,0.0,0.0,-0.0,0.0
2019-07-22,0.004912704873770046,0.0,0.0,0.0,0.0
2019-07-23,0.014300704318118918,0.0,0.0035751760795297294,0.0,0.0
2019-07-24,0.009398472795925983,0.0,0.0023496181989814957,0.0,0.0
2019-07-25,-0.009553588763757448,0.0,0.0,-0.0,0.0
2019-07-26,0.013399574159694616,0.0,0.003349893539923654,0.0,0.0
2019-07-29,-0.003641778648978633,0.0,-0.0009104446622446583,-0.0,0.0
2019-07-30,-0.004909892117467063,0.0,0.0,-0.0,0.0
2019-07-31,0.01094025154271372,0.0,0.0,-0.0,0.0
2019-08-01,0.00870827911061478,0.0,0.0,-0.0,0.0
2019-08-02,0.007529402563420273,0.0,0.0,-0.0,0.0
2019-08-05,0.030072933127428314,0.0,0.0,-0.0,0.0
2019-08-06,-0.014022462119182899,0.0,0.0,0.0,0.0
2019-08-07,-0.0005913251845723888,0.0,0.0002956625922861944,0.0,0.0
2019-08-08,-0.01961962142432183,0.0,0.009809810712160916,0.0,0.0
2019-08-09,0.006811496507276638,0.0,-0.003405748253638319,-0.0,0.0
2019-08-12,0.012173544511610235,0.0,0.0,-0.0,0.0
2019-08-13,-0.015551974676430547,0.0,0.007775987338215273,0.0,0.0
2019-08-14,0.029567550219500527,0.0,0.0,-0.0,0.0
2019-08-15,-0.0026415857922228447,0.0,0.0,-0.0,0.0
2019-08-16,-0.014755327967436616,0.0,0.007377663983718308,0.0,0.0
2019-08-19,-0.01204774981801271,0.0,0.006023874909006355,0.0,0.0
2019-08-20,0.007662668226324776,0.0,-0.003831334113162388,-0.0,0.0
2019-08-21,-0.008135449900734226,0.0,0.004067724950367113,0.0,0.0
2019-08-22,0.0003080225345228893,0.0,-0.00015401126726144465,-0.0,0.0
2019-08-23,0.025687446681960324,0.0,0.0,-0.0,0.0
2019-08-26,-0.011058725170594919,0.0,0.0,0.0,0.0
2019-08-27,0.003923820752563589,0.0,-0.0019619103762817947,-0.0,0.0
2019-08-28,-0.007041576538451277,0.0,0.0035207882692256387,0.0,0.0
2019-08-29,-0.012772765189123847,0.0,0.0063863825945619235,0.0,0.0
2019-08-30,-0.0008879370650118901,0.0,-0.00022198426625297252,-0.0,0.0
2019-09-03,-0.011694942412927789,0.0,0.0,-0.0,0.0
2019-09-04,0.022700927009791982,0.0,0.005675231752447996,0.0,0.0
2019-09-05,0.025710597440841365,0.0,0.006427649360210341,0.0,0.0
2019-09-06,0.0015449447264552774,0.0,0.00038623618161381934,-0.0,0.0
2019-09-09,0.001006017896350464,0.0,0.000251504474087616,-0.0,0.0
2019-09-10,-0.0004691786908308515,0.0,-0.00011729467270771288,-0.0,0.0
2019-09-11,0.01422250326777652,0.0,0.00355562581694413,0.0,0.0
2019-09-12,0.006926972716876367,0.0,0.0017317431792190918,0.0,0.0
2019-09-13,-0.0013270819493245156,0.0,-0.0003317704873311289,-0.0,0.0
2019-09-16,-0.006178051636266613,0.0,0.0,-0.0,0.0
2019-09-17,0.005064367106300871,0.0,0.0,0.0,0.0
2019-09-18,0.001196066112117311,0.0,0.00029901652802932777,-0.0,0.0
2019-09-19,-0.00013256799204053316,0.0,-3.314199801013329e-05,0.0,0.0
2019-09-20,-0.009449678714058996,0.0,0.0,-0.0,0.0
2019-09-23,-0.0004695967071077778,0.0,0.0,0.0,0.0
2019-09-24,-0.015692984924926323,0.0,0.0,-0.0,0.0
2019-09-25,0.011828963880216037,0.0,0.0,0.0,0.0
2019-09-26,-0.00416651162895576,0.0,-0.00104162790723894,-0.0,0.0
2019-09-27,-0.010774056662720355,0.0,0.0,-0.0,0.0
2019-09-30,0.009274926877191891,0.0,0.0,0.0,0.0
2019-10-01,-0.023789054058928727,0.0,0.0,-0.0,0.0
2019-10-02,0.017664897823258308,0.0,0.0,-0.0,0.0
2019-10-03,-0.008193101317590212,0.0,0.0,0.0,0.0
2019-10-04,-0.013531720454832863,0.0,0.0067658602274164314,0.0,0.0
2019-10-07,0.00431426579557459,0.0,-0.002157132897787295,-0.0,0.0
2019-10-08,0.015524662842245962,0.0,0.0,-0.0,0.0
2019-10-09,-0.009496346682192902,0.0,0.0,0.0,0.0
2019-10-10,-0.006763340237271764,0.0,0.003381670118635882,0.0,0.0
2019-10-11,-0.01036690244887728,0.0,0.00518345122443864,0.0,0.0
2019-10-14,0.0011136181614902485,0.0,-0.0005568090807451243,-0.0,0.0
2019-10-15,-0.009900276072913439,0.0,0.004950138036456719,0.0,0.0
2019-10-16,0.0016063805205225323,0.0,-0.0008031902602612662,-0.0,0.0
2019-10-17,0.0058989765128427685,0.0,0.0014747441282106921,0.0,0.0
2019-10-18,0.004377302434393715,0.0,0.0,-0.0,0.0
2019-10-21,0.013558142363535808,0.0,0.003389535590883952,0.0,0.0
2019-10-22,-0.006533076538523197,0.0,-0.0016332691346307993,-0.0,0.0
2019-10-23,0.005818928171567261,0.0,0.0,0.0,0.0
2019-10-24,0.0032682956743368408,0.0,0.0008170739185842102,0.0,0.0
2019-10-25,0.008189696538583924,0.0,0.002047424134645981,0.0,0.0
2019-10-28,0.01127287936425736,0.0,0.00281821984106434,0.0,0.0
2019-10-29,-0.0005930470981188041,0.0,-0.00014826177452970102,-0.0,0.0
2019-10-30,0.006134324281370063,0.0,0.0015335810703425157,0.0,0.0
2019-10-31,-0.005326653647576007,0.0,-0.0013316634118940018,0.0,0.0
2019-11-01,0.018527567819449864,0.0,0.004631891954862466,0.0,0.0
2019-11-04,0.008035999876352395,0.0,0.002008999969088099,0.0,0.0
2019-11-05,-0.0022130384100274014,0.0,-0.0005532596025068504,0.0,0.0
2019-11-06,0.0004564324513856022,0.0,0.0,-0.0,0.0
2019-11-07,0.00703309451131906,0.0,0.001758273627829765,0.0,0.0
2019-11-08,0.004932766823756651,0.0,0.0012331917059391628,0.0,0.0
2019-11-11,-0.003819843219800001,0.0,-0.0009549608049500002,-0.0,0.0
2019-11-12,0.004215897300054117,0.0,0.0010539743250135292,0.0,0.0
2019-11-13,0.000646834253501094,0.0,0.0001617085633752735,0.0,0.0
2019-11-14,0.002912201531641845,0.0,0.0007280503829104612,-0.0,0.0
2019-11-15,0.014472405695686863,0.0,0.0036181014239217157,0.0,0.0
2019-11-18,0.001476257504255063,0.0,0.00036906437606376574,0.0,0.0
2019-11-19,-0.0005779787307269579,0.0,-0.00014449468268173948,0.0,0.0
2019-11-20,-0.007437360634208856,0.0,0.0,-0.0,0.0
2019-11-21,-0.0032179107617194003,0.0,0.0,-0.0,0.0
2019-11-22,0.004447656965614666,0.0,0.0011119142414036665,0.0,0.0
2019-11-25,0.015500854275825482,0.0,0.0038752135689563705,0.0,0.0
2019-11-26,0.004531306321404749,0.0,0.0011328265803511872,0.0,0.0
2019-11-27,0.00891519379167427,0.0,0.0022287984479185674,0.0,0.0
2019-11-29,-0.007417703371218165,0.0,-0.0018544258428045413,-0.0,0.0
2019-12-02,-0.016989467183762486,0.0,0.0,-0.0,0.0
2019-12-03,-0.013412884574568906,0.0,0.0,-0.0,0.0
2019-12-04,0.012340648024411038,0.0,0.0,0.0,0.0
2019-12-05,0.0035965060665450466,0.0,0.0008991265166362616,0.0,0.0
2019-12-06,0.01826731139867821,0.0,0.0045668278496695525,0.0,0.0
2019-12-09,-0.006288285300277918,0.0,-0.0015720713250694796,-0.0,0.0
2019-12-10,-0.0022297909955830697,0.0,0.0,-0.0,0.0
2019-12-11,0.005677243130222109,0.0,0.0014193107825555273,0.0,0.0
2019-12-12,0.017238604330079177,0.0,0.004309651082519794,0.0,0.0
2019-12-13,0.0011974357351816067,0.0,0.0002993589337954017,0.0,0.0
2019-12-16,0.013740274276712316,0.0,0.003435068569178079,0.0,0.0
2019-12-17,0.00043819778033693524,0.0,0.00010954944508423381,0.0,0.0
2019-12-18,0.0001249619207426278,0.0,3.124048018565695e-05,0.0,0.0
2019-12-19,0.00819782987255957,0.0,0.0020494574681398925,0.0,0.0
2019-12-20,0.008768807257324873,0.0,0.0021922018143312183,0.0,0.0
2019-12-23,0.0030552478859298127,0.0,0.0007638119714824532,0.0,0.0
2019-12-24,6.279154143884469e-05,0.0,1.5697885359711172e-05,0.0,0.0
2019-12-26,0.01064636664618046,0.0,0.002661591661545115,0.0,0.0
2019-12-27,-0.0004957273760015646,0.0,-0.00012393184400039114,-0.0,0.0
2019-12-30,-0.011026617975286257,0.0,0.0,-0.0,0.0
2019-12-31,0.004858274162378606,0.0,0.0,0.0,0.0
2020-01-02,0.01870434941124932,0.0,0.00467608735281233,0.0,0.0
2020-01-03,-0.015144475492042231,0.0,-0.0,-0.0,0.0
2020-01-06,0.007629806874656531,0.0,0.0,0.0,0.0
2020-01-07,-0.00562363399720045,0.0,-0.0014059084993001125,-0.0,0.0
2020-01-08,0.010659178524943247,0.0,0.0026647946312358117,0.0,0.0
2020-01-09,0.013561545902192496,0.0,0.003390386475548124,0.0,0.0
2020-01-10,-0.0057560340777991215,0.0,-0.0014390085194497804,-0.0,0.0
2020-01-13,0.013755150286822726,0.0,0.0034387875717056815,0.0,0.0
2020-01-14,-0.0030486736945689596,0.0,-0.0007621684236422399,-0.0,0.0
2020-01-15,0.00451880305463348,0.0,0.00112970076365837,0.0,0.0
2020-01-16,0.016637211255484452,0.0,0.004159302813871113,0.0,0.0
2020-01-17,0.006225072790504438,0.0,0.0015562681976261095,0.0,0.0
2020-01-21,-0.003916121679437445,0.0,-0.0009790304198593613,-0.0,0.0
2020-01-22,0.0002413067334154917,0.0,0.0,0.0,0.0
2020-01-23,0.0022936491779024237,0.0,0.0005734122944756059,0.0,0.0
2020-01-24,-0.017785971775070797,0.0,0.0,-0.0,0.0
2020-01-27,-0.032058603058133794,0.0,0.0,-0.0,0.0
2020-01-28,0.020958134518541893,0.0,0.0,0.0,0.0
2020-01-29,-0.0016518671155141273,0.0,-0.00041296677887853184,0.0,0.0
2020-01-30,0.006490445910667386,0.0,0.0016226114776668465,0.0,0.0
2020-01-31,0.01815771368566821,0.0,0.0,-0.0,0.0
2020-02-03,0.014856963144065372,0.0,0.0,0.0,0.0
2020-02-04,0.030482463686797523,0.0,0.007620615921699381,0.0,0.0
2020-02-05,0.023095818358305653,0.0,0.005773954589576413,0.0,0.0
2020-02-06,0.006729337779830313,0.0,0.0016823344449575783,0.0,0.0
2020-02-07,-0.01065888362787204,0.0,0.0,-0.0,0.0
2020-02-10,0.01493073838246195,0.0,0.0037326845956154875,0.0,0.0
2020-02-11,0.0034659060351924786,0.0,0.0008664765087981197,0.0,0.0
2020-02-12,0.012885416273431094,0.0,0.0032213540683577735,0.0,0.0
2020-02-13,-0.00213395374559755,0.0,-0.0005334884363993875,-0.0,0.0
2020-02-14,0.003204448659271719,0.0,0.0008011121648179298,0.0,0.0
2020-02-18,-0.005154090551196644,0.0,0.0,0.0,0.0
2020-02-19,0.009561875154148858,0.0,0.0023904687885372145,0.0,0.0
2020-02-20,-0.008215522697061717,0.0,-0.002053880674265429,-0.0,0.0
2020-02-21,-0.020597458300285476,0.0,0.0,-0.0,0.0
2020-02-24,0.03316506548346776,0.0,0.0,-0.0,0.0
2020-02-25,0.03030201968583124,0.0,0.0,-0.0,0.0
2020-02-26,0.0036781850313879483,0.0,0.0,0.0,0.0
2020-02-27,0.04491212053608995,0.0,0.0,-0.0,0.0
2020-02-28,0.004201201510632191,0.0,0.0,0.0,0.0
2020-03-02,-0.04330618442553602,0.0,0.02165309221276801,0.0,0.0
2020-03-03,0.0286321528523249,0.0,-0.01431607642616245,-0.0,0.0
2020-03-04,-0.04203274165175519,0.0,0.021016370825877595,0.0,0.0
2020-03-05,0.03324167076983209,0.0,-0.016620835384916044,-0.0,0.0
2020-03-06,0.016530885582525356,0.0,0.0,-0.0,0.0
2020-03-09,0.07809440296249626,0.0,0.0,-0.06946451527950193,0.0
2020-03-10,-0.05174490341101956,0.0,0.0,0.0,0.0
2020-03-11,0.048748824233094346,0.0,-0.024374412116547173,-0.04355477390497531,0.0
2020-03-12,0.09567688852187595,0.0,0.0,-0.09169129271249632,0.0
2020-03-13,-0.08548606982657825,0.0,0.0,0.08470527264726724,0.0
2020-03-16,0.10942358987381451,0.0,0.0,-0.11978778824198422,0.0
2020-03-17,-0.05399204673164726,0.0,0.0,0.07584174249721776,0.0
2020-03-18,0.050632928113418685,0.0,-0.025316464056709342,-0.030416077397327657,0.0
2020-03-19,-0.0021251024861388412,0.0,0.0,0.0060023721155122445,0.0
2020-03-20,0.043094348472113575,0.0,0.0,-0.03917605541041713,0.0
2020-03-23,0.025568187795271924,0.0,0.0,0.0007220954625970499,0.0
2020-03-24,-0.09060314265214142,0.0,0.04530157132607071,0.07743740144971123,0.0
2020-03-25,-0.014970253646493514,0.0,0.007485126823246757,-0.0074049585298062715,0.0
2020-03-26,-0.05838983084477922,0.0,0.02919491542238961,0.05266046673273661,0.0
2020-03-27,0.029785559831358,0.0,-0.014892779915679,-0.034392820560868786,0.0
2020-03-30,-0.03247558359154468,0.0,0.01623779179577234,0.03637334879467602,0.0
2020-03-31,0.01490520080143698,0.0,-0.00745260040071849,-0.008540023141535902,0.0
2020-04-01,0.04500487514602902,0.0,0.0,-0.0424892079190996,0.0
2020-04-02,-0.02307525378119335,0.0,0.0,0.020294776032093065,0.0
2020-04-03,0.014454063539373618,0.0,-0.007227031769686809,-0.01419276639732403,0.0
2020-04-06,-0.06716616907929485,0.0,0.03358308453964742,0.07149489786203134,0.0
2020-04-07,-0.0010194240197882731,0.0,0.0005097120098941366,-0.00040713141780801543,0.0
2020-04-08,0.06713708421467501,0.0,0.016784271053668753,0.0,0.0
2020-04-09,0.030434134457860917,0.0,0.007608533614465229,0.0,0.0
2020-04-13,-0.018260096801174575,0.0,-0.004565024200293644,0.0,0.0
2020-04-14,0.058985721242460265,0.0,0.014746430310615066,0.0,0.0
2020-04-15,-0.042496126102244736,0.0,-0.010624031525561184,-0.0,0.0
2020-04-16,0.009648478065384936,0.0,0.0,0.0,0.0
2020-04-17,0.054030662901376925,0.0,0.013507665725344231,0.0,0.0
2020-04-20,-0.035235700741387266,0.0,-0.008808925185346816,-0.0,0.0
2020-04-21,-0.06072657649107449,0.0,0.0,-0.0,0.0
2020-04-22,0.0443890971404155,0.0,0.0,0.0,0.0
2020-04-23,-0.00014273875465442565,0.0,-3.568468866360641e-05,-0.0,0.0
2020-04-24,0.02787744099204792,0.0,0.00696936024801198,0.0,0.0
2020-04-27,0.02883566818063077,0.0,0.007208917045157692,0.0,0.0
2020-04-28,-0.009196163226635079,0.0,-0.0022990408066587698,-0.0,0.0
2020-04-29,0.05235680445700597,0.0,0.013089201114251492,0.0,0.0
2020-04-30,-0.018621636995719282,0.0,-0.0046554092489298204,-0.0,0.0
2020-05-01,-0.052946420989580245,0.0,0.0,-0.0,0.0
2020-05-04,0.005516007821916524,0.0,0.0,0.0,0.0
2020-05-05,0.018478951860363413,0.0,0.004619737965090853,0.0,0.0
2020-05-06,-0.013557403083105157,0.0,-0.0033893507707762893,0.0,0.0
2020-05-07,0.024133815863268904,0.0,0.006033453965817226,0.0,0.0
2020-05-08,0.03309271388365609,0.0,0.008273178470914022,0.0,0.0
2020-05-11,0.00041027187266173826,0.0,0.00010256796816543456,0.0,0.0
2020-05-12,-0.03986380042221871,0.0,0.0,-0.0,0.0
2020-05-13,-0.03537190787063049,0.0,0.0,-0.0,0.0
2020-05-14,-0.011967433246053316,0.0,0.0,0.0,0.0
2020-05-15,0.009193850588685937,0.0,0.002298462647171484,0.0,0.0
2020-05-18,0.06092002541968,0.0,0.01523000635492,0.0,0.0
2020-05-19,-0.020542873296853115,0.0,-0.005135718324213279,-0.0,0.0
2020-05-20,0.03397594874055576,0.0,0.00849398718513894,0.0,0.0
2020-05-21,-0.013807860344032585,0.0,-0.0034519650860081463,-0.0,0.0
2020-05-22,0.0037981209118775894,0.0,0.0,0.0,0.0
2020-05-26,0.024641215935670147,0.0,0.006160303983917537,-0.0,0.0
2020-05-27,0.029757798987168016,0.0,0.007439449746792004,0.0,0.0
2020-05-28,-0.003689226070807905,0.0,-0.0009223065177019762,-0.0,0.0
2020-05-29,0.008911487146467945,0.0,0.002227871786616986,0.0,0.0
2020-06-01,0.008083444342783519,0.0,0.0020208610856958797,0.0,0.0
2020-06-02,0.01656053889713327,0.0,0.0041401347242833175,0.0,0.0
2020-06-03,0.026616680468906306,0.0,0.006654170117226577,0.0,0.0
2020-06-04,-0.005254059836899305,0.0,-0.0013135149592248263,-0.0,0.0
2020-06-05,0.05125917345403819,0.0,0.012814793363509547,0.0,0.0
2020-06-08,0.02417532516677312,0.0,0.00604383129169328,0.0,0.0
2020-06-09,-0.014913506837360258,0.0,-0.0037283767093400644,0.0,0.0
2020-06-10,-0.011159979227428396,0.0,0.0,0.0,0.0
2020-06-11,-0.11529756398910007,0.0,0.0,-0.0,0.0
2020-06-12,0.023950602586205516,0.0,0.0,0.0,0.0
2020-06-15,0.018671394500815452,0.0,0.004667848625203863,0.0,0.0
2020-06-16,0.0384955218303471,0.0,0.009623880457586775,0.0,0.0
2020-06-17,-0.00830772573090921,0.0,-0.0020769314327273025,0.0,0.0
2020-06-18,0.0007699411891906038,0.0,0.0,0.0,0.0
2020-06-19,-0.01142946100153508,0.0,0.0,-0.0,0.0
2020-06-22,0.0128297461627227,0.0,0.003207436540680675,0.0,0.0
2020-06-23,0.009207694538218458,0.0,0.0023019236345546146,0.0,0.0
2020-06-24,-0.051017282360467986,0.0,0.0,-0.0,0.0
2020-06-25,0.021441482119000543,0.0,0.0,0.0,0.0
2020-06-26,0.023751624967414564,0.0,0.0,-0.0,0.0
2020-06-29,-0.014697409832128638,0.0,0.0,0.0,0.0
2020-06-30,-0.012809717724381553,0.0,0.0064048588621907765,0.0,0.0
2020-07-01,0.01400955687211436,0.0,0.00350238921802859,0.0,0.0
2020-07-02,-0.005507021516300004,0.0,0.002753510758150002,0.0,0.0
2020-07-06,-0.015437280760442595,0.0,0.007718640380221298,0.0,0.0
2020-07-07,0.010313785919744745,0.0,-0.005156892959872372,-0.0,0.0
2020-07-08,-0.007648647208069903,0.0,0.0,0.0,0.0
2020-07-09,-0.011385988739876396,0.0,-0.002846497184969099,0.0,0.0
2020-07-10,0.02042068967402466,0.0,0.005105172418506165,0.0,0.0
2020-07-13,-0.017317885260970334,0.0,-0.0043294713152425834,-0.0,0.0
2020-07-14,0.025918272582690527,0.0,0.006479568145672632,0.0,0.0
2020-07-15,0.01837410433418496,0.0,0.00459352608354624,0.0,0.0
2020-07-16,-0.006586404426428549,0.0,-0.0016466011066071373,-0.0,0.0
2020-07-17,0.005798296676937209,0.0,0.0,0.0,0.0
2020-07-20,0.016162901333254265,0.0,0.004040725333313566,0.0,0.0
2020-07-21,0.004255375093978664,0.0,0.001063843773494666,-0.0,0.0
2020-07-22,0.011383779700431251,0.0,0.002845944925107813,0.0,0.0
2020-07-23,-0.023863913763565003,0.0,0.0,-0.0,0.0
2020-07-24,-0.012880476254417239,0.0,0.0,-0.0,0.0
2020-07-27,0.014584694970171341,0.0,0.0036461737425428353,0.0,0.0
2020-07-28,-0.012684405691139933,-0.0,-0.003171101422784983,-0.0,0.0
2020-07-29,0.024597705407975567,0.0,0.006149426351993892,0.0,0.0
2020-07-30,-0.007136448641837045,0.0,-0.0017841121604592614,0.0,0.0
2020-07-31,0.01580485262622311,0.0,0.003951213156555777,0.0,0.0
2020-08-03,0.013904168800905392,0.0,0.003476042200226348,0.0,0.0
2020-08-04,0.0077253147262013044,0.0,0.0019313286815503261,0.0,0.0
2020-08-05,0.012422138814226713,0.0,0.0031055347035566783,0.0,0.0
2020-08-06,0.01336877479537213,0.0,0.0033421936988430323,0.0,0.0
2020-08-07,0.0014355053260510786,-0.0,0.00035887633151276965,-0.0,0.0
2020-08-10,0.00597816771412063,-0.0,0.0014945419285301575,-0.0,0.0
2020-08-11,-0.016509559640995874,-0.0,0.0,-0.0,0.0
2020-08-12,0.027884669341314616,0.0,0.006971167335328654,0.0,0.0
2020-08-13,-0.003615439129904585,0.0,-0.0009038597824761463,0.0,0.0
2020-08-14,5.9859438263476505e-05,-0.0,0.0,-0.0,0.0
2020-08-17,0.006352564483121714,0.0,0.0015881411207804286,0.0,0.0
2020-08-18,0.0043209503391006265,0.0,0.0010802375847751566,0.0,0.0
2020-08-19,-0.008327329768056613,-0.0,0.0,-0.0,0.0
2020-08-20,0.006226621866510573,0.0,0.0,0.0,0.0
2020-08-21,0.007094695374143534,0.0,0.0017736738435358834,0.0,0.0
2020-08-24,0.02026714408893948,0.0,0.00506678602223487,0.0,0.0
2020-08-25,0.006998309652695767,0.0,0.0017495774131739417,0.0,0.0
2020-08-26,0.020051302965855555,0.0,0.005012825741463889,0.0,0.0
2020-08-27,0.004373365265962548,-0.0,0.001093341316490637,-0.0,0.0
2020-08-28,0.012918768253368018,0.0,0.0032296920633420045,0.0,0.0
2020-08-31,-0.007245342448214398,0.0,-0.0018113356120535995,0.0,0.0
2020-09-01,0.018837230559776152,0.0,0.004709307639944038,0.0,0.0
2020-09-02,0.02892820546903918,0.0,0.007232051367259795,0.0,0.0
2020-09-03,-0.06882882186933248,-0.0,0.0,-0.0,0.0
2020-09-04,-0.016329748415190082,-0.0,0.0,-0.0,0.0
2020-09-08,-0.054645226321879736,-0.0,0.0,-0.0,0.0
2020-09-09,0.03949460679681094,0.0,0.0,0.0,0.0
2020-09-10,0.017363750043165926,-0.0,-0.008681875021582963,-0.0,0.0
2020-09-11,-0.0005092265636492677,-0.0,0.0,-0.0,0.0
2020-09-14,0.026342426211107828,0.0,0.006585606552776957,0.0,0.0
2020-09-15,0.010104634283919722,0.0,0.0025261585709799306,0.0,0.0
2020-09-16,-0.007937159570371666,-0.0,-0.0019842898925929164,-0.0,0.0
2020-09-17,0.008795163045662635,-0.0,0.0,-0.0,0.0
2020-09-18,0.01151281455970421,-0.0,0.0,-0.0,0.0
2020-09-21,0.01112975867053434,0.0,0.0,0.0,0.0
2020-09-22,-0.010184426215065434,0.0,0.0,0.0,0.0
2020-09-23,0.023190914046383626,-0.0,0.0,-0.0,0.0
2020-09-24,-0.0026655287431300856,0.0,0.0,0.0,0.0
2020-09-25,-0.01616701080656968,0.0,0.00808350540328484,0.0,0.0
2020-09-28,-0.01660952596888987,0.0,0.008304762984444936,0.0,0.0
2020-09-29,0.005446282168169225,-0.0,-0.0027231410840846126,-0.0,0.0
2020-09-30,-0.007582118569603669,0.0,0.0037910592848018343,0.0,0.0
2020-10-01,-0.006419916151604976,0.0,0.003209958075802488,0.0,0.0
2020-10-02,0.009494405635321113,-0.0,0.0,-0.0,0.0
2020-10-05,0.0354658620787589,0.0,0.008866465519689726,0.0,0.0
2020-10-06,0.01421601415380691,-0.0,-0.007108007076903455,-0.0,0.0
2020-10-07,0.03481357027425558,0.0,0.008703392568563895,0.0,0.0
2020-10-08,0.017724582924706134,0.0,0.004431145731176533,0.0,0.0
2020-10-09,0.017861151225192717,0.0,0.004465287806298179,0.0,0.0
2020-10-12,0.03217499516168676,0.0,0.00804374879042169,0.0,0.0
2020-10-13,-0.013052173758709484,-0.0,-0.003263043439677371,-0.0,0.0
2020-10-14,-0.012567173534015375,-0.0,0.0,-0.0,0.0
2020-10-15,-0.0024714957157114803,-0.0,0.0,-0.0,0.0
2020-10-16,-0.0012082870262430934,-0.0,0.0,-0.0,0.0
2020-10-19,-0.030407632451112665,-0.0,0.0,-0.0,0.0
2020-10-20,0.008011800541281477,0.0,0.0,0.0,0.0
2020-10-21,-0.0037857041777928924,-0.0,-0.0009464260444482231,-0.0,0.0
2020-10-22,0.01097098721690859,-0.0,0.0027427468042271475,-0.0,0.0
2020-10-23,0.006789867760270241,0.0,0.0016974669400675602,0.0,0.0
2020-10-26,-0.03695923706248183,-0.0,0.0,-0.0,0.0
2020-10-27,-0.006895656632617042,0.0,0.0,0.0,0.0
2020-10-28,0.03417872724472948,-0.0,0.0,-0.0,0.0
2020-10-29,-0.010163350320793851,0.0,0.0,0.0,0.0
2020-10-30,0.010424749946674083,-0.0,0.0,-0.0,0.0
2020-11-02,-0.011208343129572862,0.0,0.005604171564786431,0.0,0.0
2020-11-03,-0.01765592931965232,0.0,0.00882796465982616,0.0,0.0
2020-11-04,-0.02234939379543488,0.0,0.01117469689771744,0.0,0.0
2020-11-05,0.03900546173060793,0.0,0.009751365432651982,0.0,0.0
2020-11-06,0.0002284120530878786,0.0,-0.0001142060265439393,0.0,0.0
2020-11-09,0.02513163018728992,-0.0,0.00628290754682248,-0.0,0.0
2020-11-10,-0.0029335487239379177,-0.0,-0.0007333871809844794,-0.0,0.0
2020-11-11,0.01485703956093376,0.0,0.00371425989023344,0.0,0.0
2020-11-12,-0.019402101591280196,-0.0,0.0,-0.0,0.0
2020-11-13,0.02768956312308468,0.0,0.00692239078077117,0.0,0.0
2020-11-16,0.024964929640018507,0.0,0.006241232410004627,0.0,0.0
2020-11-17,-0.010757095397194494,-0.0,-0.0026892738492986235,-0.0,0.0
2020-11-18,-0.024069649325937803,-0.0,0.0,-0.0,0.0
2020-11-19,0.008421076364620195,0.0,0.0,0.0,0.0
2020-11-20,-0.013696183525141903,-0.0,0.0,-0.0,0.0
2020-11-23,0.011989501611929576,0.0,0.0,0.0,0.0
2020-11-24,0.03222699178180388,0.0,0.00805674794545097,0.0,0.0
2020-11-25,-0.0030833126150702217,0.0,-0.0007708281537675554,0.0,0.0
2020-11-27,0.005569752167996711,0.0,0.0013924380419991778,0.0,0.0
2020-11-30,-0.00885339644531613,0.0,0.0,0.0,0.0
2020-12-01,0.021874194150272253,0.0,0.005468548537568063,0.0,0.0
2020-12-02,0.004207774588052882,0.0,0.0010519436470132204,0.0,0.0
2020-12-03,-0.0005457132696824463,0.0,-0.00013642831742061157,0.0,0.0
2020-12-04,0.01723559933785479,0.0,0.0043088998344636975,0.0,0.0
2020-12-07,-0.004109902415186273,0.0,-0.0010274756037965682,0.0,0.0
2020-12-08,0.00585233895542725,0.0,0.0014630847388568125,0.0,0.0
2020-12-09,-0.017937842681240213,-0.0,0.0,-0.0,0.0
2020-12-10,-0.0006549283899790481,0.0,0.0,0.0,0.0
2020-12-11,-0.0023447976462971365,-0.0,0.0,-0.0,0.0
2020-12-14,-0.008954123374353085,0.0,0.0,0.0,0.0
2020-12-15,0.027038426676585292,0.0,0.006759606669146323,0.0,0.0
2020-12-16,0.0031393779036394953,0.0,0.0007848444759098738,0.0,0.0
2020-12-17,0.011183692708588211,0.0,0.0027959231771470527,0.0,0.0
2020-12-18,-0.007985548679238619,-0.0,-0.0019963871698096547,-0.0,0.0
2020-12-21,-0.007151268019022661,-0.0,0.0,-0.0,0.0
2020-12-22,-0.003370312607633652,0.0,0.0,0.0,0.0
2020-12-23,0.0017970826596429568,-0.0,0.0,-0.0,0.0
2020-12-24,0.007780486123417418,0.0,0.0019451215308543546,0.0,0.0
2020-12-28,0.017181864677046743,0.0,0.004295466169261686,0.0,0.0
2020-12-29,-0.00381555905673836,0.0,-0.00095388976418459,0.0,0.0
2020-12-30,0.0028533278970783726,0.0,0.0,0.0,0.0
2020-12-31,0.010161360709005862,0.0,0.0025403401772514655,0.0,0.0
2021-01-04,-0.02722787751391942,-0.0,0.0,-0.0,0.0
2021-01-05,0.013774902487848628,0.0,0.0,0.0,0.0
2021-01-06,0.011956710489458011,-0.0,0.002989177622364503,-0.0,0.0
2021-01-07,0.029715275414428977,0.0,0.007428818853607244,0.0,0.0
2021-01-08,0.011395503401564255,0.0,0.002848875850391064,0.0,0.0
2021-01-11,-0.013481364201385793,-0.0,0.0,-0.0,0.0
2021-01-12,0.00042192262887752463,-0.0,0.0,-0.0,0.0
2021-01-13,0.005386211457915735,0.0,0.0013465528644789337,0.0,0.0
2021-01-14,-0.0070041392489794685,-0.0,0.0,-0.0,0.0
2021-01-15,-0.014585016260913353,-0.0,0.0,-0.0,0.0
2021-01-19,0.015703094522126815,0.0,0.003925773630531704,0.0,0.0
2021-01-20,0.02767791090635141,0.0,0.006919477726587853,0.0,0.0
2021-01-21,0.0018236619021689826,0.0,0.00045591547554224565,0.0,0.0
2021-01-22,-0.007078637632279783,-0.0,0.0,-0.0,0.0
2021-01-25,0.007886848434509819,0.0,0.0019717121086274547,0.0,0.0
2021-01-26,-0.0031215047559838283,0.0,-0.0007803761889959571,0.0,0.0
2021-01-27,-0.04888048246869037,-0.0,0.0,-0.0,0.0
2021-01-28,0.01720011196603277,0.0,0.0,0.0,0.0
2021-01-29,0.020019540702345462,-0.0,0.0,-0.0,0.0
2021-02-01,0.03329066911484713,0.0,0.0,0.0,0.0
2021-02-02,0.02828043998533758,0.0,0.007070109996334395,0.0,0.0
2021-02-03,0.0015726272136333819,-0.0,0.00039315680340834547,-0.0,0.0
2021-02-04,0.022731608133531367,0.0,0.005682902033382842,0.0,0.0
2021-02-05,0.007871371618548562,0.0,0.0019678429046371404,0.0,0.0
2021-02-08,0.014444030796909146,0.0,0.0036110076992272866,0.0,0.0
2021-02-09,-0.0013313806417254437,-0.0,-0.0003328451604313609,-0.0,0.0
2021-02-10,-0.0008716020038110894,-0.0,0.0,-0.0,0.0
2021-02-11,0.0032302664486598687,0.0,0.0008075666121649672,0.0,0.0
2021-02-12,0.009879727788966175,0.0,0.0024699319472415437,0.0,0.0
2021-02-16,-0.001732092120316775,-0.0,-0.00043302303007919374,-0.0,0.0
2021-02-17,0.00045875967761466185,-0.0,0.0,-0.0,0.0
2021-02-18,-0.008511925225118677,-0.0,0.0,-0.0,0.0
2021-02-19,-0.00353221937817505,-0.0,0.0,-0.0,0.0
2021-02-22,-0.01538284130127554,-0.0,0.0,-0.0,0.0
2021-02-23,0.0024283663684045997,-0.0,0.0,-0.0,0.0
2021-02-24,0.02203893431701509,0.0,0.005509733579253773,0.0,0.0
2021-02-25,-0.0481917528604372,-0.0,0.0,-0.0,0.0
2021-02-26,-0.01030514152721329,0.0,0.0,0.0,0.0
2021-03-01,0.04848044725671041,0.0,0.012120111814177603,0.0,0.0
2021-03-02,-0.015606260376805015,-0.0,-0.0039015650942012536,-0.0,0.0
2021-03-03,0.0132459879043475,-0.0,0.0,-0.0,0.0
2021-03-04,0.012374565497875523,-0.0,0.0,-0.0,0.0
2021-03-05,-0.018396637559114914,0.0,0.009198318779557457,0.0,0.0
2021-03-08,0.004978562410409726,-0.0,-0.002489281205204863,-0.0,0.0
2021-03-09,-0.014277098185182746,0.0,0.007138549092591373,0.0,0.0
2021-03-10,-0.006224683672916509,-0.0,0.0031123418364582545,-0.0,0.0
2021-03-11,0.020278394359107388,0.0,0.005069598589776847,0.0,0.0
2021-03-12,0.002693806992869252,-0.0,0.000673451748217313,-0.0,0.0
2021-03-15,0.011926718993446439,0.0,0.0029816797483616098,0.0,0.0
2021-03-16,-0.002522570948341629,0.0,-0.0006306427370854073,0.0,0.0
2021-03-17,0.00681947671031935,0.0,0.0017048691775798375,0.0,0.0
2021-03-18,-0.029099168839197942,-0.0,0.0,-0.0,0.0
2021-03-19,-0.003700374040071619,0.0,0.0,0.0,0.0
2021-03-22,0.01597004548931924,0.0,0.00399251137232981,0.0,0.0
2021-03-23,0.007870997897482801,-0.0,-0.0039354989487414005,-0.0,0.0
2021-03-24,-0.010166644142540093,-0.0,0.0,-0.0,0.0
2021-03-25,0.011251138811235073,-0.0,0.0028127847028087682,-0.0,0.0
2021-03-26,0.03222977336347066,0.0,0.008057443340867665,0.0,0.0
2021-03-29,-0.0010104901685974443,-0.0,-0.0002526225421493611,-0.0,0.0
2021-03-30,-0.005305649882256347,-0.0,0.0,-0.0,0.0
2021-03-31,0.008107037597009814,0.0,0.0020267593992524535,0.0,0.0
2021-04-01,0.021597772850247665,0.0,0.005399443212561916,0.0,0.0
2021-04-05,0.02870600632760123,0.0,0.0071765015819003075,0.0,0.0
2021-04-06,-0.0011808744968258011,-0.0,-0.0002952186242064503,-0.0,0.0
2021-04-07,0.002314549050329351,0.0,0.0005786372625823377,0.0,0.0
2021-04-08,0.009493564837856017,0.0,0.002373391209464004,0.0,0.0
2021-04-09,0.014540272809277166,0.0,0.0036350682023192915,0.0,0.0
2021-04-12,0.0007292622016827899,-0.0,0.00018231555042069747,-0.0,0.0
2021-04-13,0.005926905729431997,0.0,0.0014817264323579993,0.0,0.0
2021-04-14,-0.006829501318351694,-0.0,0.0,-0.0,0.0
2021-04-15,0.02148450854484496,0.0,0.00537112713621124,0.0,0.0
2021-04-16,0.006684685776162436,0.0,0.001671171444040609,0.0,0.0
2021-04-19,-0.009825891480116145,-0.0,0.0,-0.0,0.0
2021-04-20,-0.014642649165053534,-0.0,0.0,-0.0,0.0
2021-04-21,0.018923822166236448,0.0,0.004730955541559112,0.0,0.0
2021-04-22,-0.018266145457404015,-0.0,-0.004566536364351004,-0.0,0.0
2021-04-23,0.02168445965550969,0.0,0.005421114913877423,0.0,0.0
2021-04-26,0.004175401027926018,0.0,0.0010438502569815045,0.0,0.0
2021-04-27,-0.00043142667104101307,-0.0,-0.00010785666776025327,-0.0,0.0
2021-04-28,-0.0005744205669484526,-0.0,0.0,-0.0,0.0
2021-04-29,0.012746093287650417,0.0,0.0031865233219126043,0.0,0.0
2021-04-30,-0.01314158021306433,-0.0,0.0,-0.0,0.0
2021-05-03,0.004313556822400422,-0.0,0.0,-0.0,0.0
2021-05-04,-0.012338708896102668,-0.0,0.0,-0.0,0.0
2021-05-05,0.0006256315376158561,-0.0,0.0,-0.0,0.0
2021-05-06,0.015971328346298108,0.0,0.003992832086574527,0.0,0.0
2021-05-07,0.01455596199300846,0.0,0.003638990498252115,0.0,0.0
2021-05-10,-0.019804659521929002,-0.0,0.0,-0.0,0.0
2021-05-11,-0.017849492359911956,-0.0,0.0,-0.0,0.0
2021-05-12,0.021245431416581972,-0.0,0.0,-0.0,0.0
2021-05-13,-0.012012438956138682,0.0,0.0,0.0,0.0
2021-05-14,0.03071122594834419,0.0,0.007677806487086047,0.0,0.0
2021-05-17,-0.005089052137567496,-0.0,-0.001272263034391874,-0.0,0.0
2021-05-18,0.00861555122605473,-0.0,0.0,-0.0,0.0
2021-05-19,0.002621967784601442,0.0,0.0,0.0,0.0
2021-05-20,-0.010758001121178529,0.0,0.005379000560589264,0.0,0.0
2021-05-21,0.0008188335331962282,-0.0,-0.0004094167665981141,-0.0,0.0
2021-05-24,0.020388473672539487,0.0,0.005097118418134872,0.0,0.0
2021-05-25,-0.004437119141817103,0.0,-0.0011092797854542757,0.0,0.0
2021-05-26,-0.0019845106296942916,0.0,0.0,0.0,0.0
2021-05-27,0.0010496248304652234,-0.0,0.00026240620761630584,-0.0,0.0
2021-05-28,0.0035777001505423733,0.0,0.0008944250376355933,0.0,0.0
2021-06-01,-0.0017616188784308484,-0.0,-0.0004404047196077121,-0.0,0.0
2021-06-02,0.003144995390028882,0.0,0.0007862488475072205,0.0,0.0
2021-06-03,0.0037114153774517877,-0.0,0.0,-0.0,0.0
2021-06-04,0.018291945968083922,0.0,0.004572986492020981,0.0,0.0
2021-06-07,-0.0019405316506218018,0.0,-0.00048513291265545044,0.0,0.0
2021-06-08,0.00042674649524565567,0.0,0.0,0.0,0.0
2021-06-09,-0.0029842669058743887,0.0,0.0,0.0,0.0
2021-06-10,0.009297071957805603,0.0,0.0023242679894514007,0.0,0.0
2021-06-11,0.003305030359875616,0.0,0.000826257589968904,0.0,0.0
2021-06-14,0.00447793237960159,0.0,0.0011194830949003975,0.0,0.0
2021-06-15,-0.0036688495617243078,-0.0,-0.0009172123904310769,-0.0,0.0
2021-06-16,-0.01116641049136402,-0.0,0.0,-0.0,0.0
2021-06-17,-0.000663386015110623,0.0,0.0,0.0,0.0
2021-06-18,-0.026980661030686415,-0.0,0.0,-0.0,0.0
2021-06-21,0.02863171306215051,0.0,0.0071579282655376275,0.0,0.0
2021-06-22,0.010692705890073206,0.0,0.0026731764725183016,0.0,0.0
2021-06-23,-0.0024106453260128724,0.0,-0.0006026613315032181,0.0,0.0
2021-06-24,0.011831333559342294,0.0,0.0029578333898355735,0.0,0.0
2021-06-25,0.007104154529917306,-0.0,0.0017760386324793265,-0.0,0.0
2021-06-28,0.004031908370465853,0.0,0.0010079770926164633,0.0,0.0
2021-06-29,0.0010763850133499453,0.0,0.0002690962533374863,0.0,0.0
2021-06-30,0.0016830028816343656,-0.0,0.0004207507204085914,-0.0,0.0
2021-07-01,0.011073128756125428,0.0,0.002768282189031357,0.0,0.0
2021-07-02,0.015287183250985326,0.0,0.0038217958127463314,0.0,0.0
2021-07-06,-0.0036426247923755373,0.0,-0.0009106561980938843,0.0,0.0
2021-07-07,0.007067745474802045,0.0,0.0017669363687005113,0.0,0.0
2021-07-08,-0.01629605186370875,-0.0,0.0,-0.0,0.0
2021-07-09,0.021349906502331706,0.0,0.0053374766255829265,0.0,0.0
2021-07-12,0.007163458985880666,0.0,0.0017908647464701666,0.0,0.0
2021-07-13,-0.006817934401337267,0.0,-0.0017044836003343167,0.0,0.0
2021-07-14,0.00298488112327,0.0,0.0,0.0,0.0
2021-07-15,-0.0068315090045329985,-0.0,0.0,-0.0,0.0
2021-07-16,-0.015686932562835487,-0.0,0.0,-0.0,0.0
2021-07-19,-0.029535700907934004,-0.0,0.0,-0.0,0.0
2021-07-20,0.02866104044141249,0.0,0.0,0.0,0.0
2021-07-21,0.01619202928334129,0.0,0.004048007320835323,0.0,0.0
2021-07-22,0.0041883250327292565,0.0,0.0010470812581823141,0.0,0.0
2021-07-23,0.020575964871369035,0.0,0.005143991217842259,0.0,0.0
2021-07-26,0.0049103129452814365,0.0,0.0012275782363203591,0.0,0.0
2021-07-27,-0.009115702291974337,-0.0,0.0,-0.0,0.0
2021-07-28,-0.000819748201542847,0.0,0.0,0.0,0.0
2021-07-29,0.008294503638948125,0.0,0.0020736259097370313,0.0,0.0
2021-07-30,-0.009713006661810741,-0.0,0.0,-0.0,0.0
2021-08-02,-0.004195955020930731,0.0,0.0,0.0,0.0
2021-08-03,0.01627073473736651,0.0,0.0040676836843416275,0.0,0.0
2021-08-04,-0.009837837869762334,0.0,-0.0024594594674405834,0.0,0.0
2021-08-05,0.012665642195719418,0.0,0.0031664105489298544,0.0,0.0
2021-08-06,0.003305321823218854,-0.0,0.0008263304558047135,-0.0,0.0
2021-08-09,-0.0016271911382117477,0.0,-0.0004067977845529369,0.0,0.0
2021-08-10,0.0024881498346771558,-0.0,0.0006220374586692889,-0.0,0.0
2021-08-11,0.004969380768924392,-0.0,0.001242345192231098,-0.0,0.0
2021-08-12,0.00599359572517999,0.0,0.0014983989312949975,0.0,0.0
2021-08-13,0.003639996528876921,0.0,0.0009099991322192302,0.0,0.0
2021-08-16,0.004709492898001155,0.0,0.0011773732245002888,0.0,0.0
2021-08-17,-0.013110455349510941,-0.0,0.0,-0.0,0.0
2021-08-18,-0.021890106317967062,-0.0,0.0,-0.0,0.0
2021-08-19,-0.001548316499652369,0.0,0.0,0.0,0.0
2021-08-20,0.015914143265939096,0.0,0.003978535816484774,0.0,0.0
2021-08-23,0.017592775896245527,0.0,0.004398193974061382,0.0,0.0
2021-08-24,0.00317511104405499,0.0,0.0007937777610137475,0.0,0.0
2021-08-25,0.004197060458245083,0.0,0.0010492651145612708,0.0,0.0
2021-08-26,-0.011806673520157407,-0.0,0.0,-0.0,0.0
2021-08-27,0.01788217504137979,0.0,0.004470543760344947,0.0,0.0
2021-08-30,0.008794438198858057,0.0,0.002198609549714514,0.0,0.0
2021-08-31,-0.0029623356173436033,-0.0,-0.0007405839043359008,-0.0,0.0
2021-09-01,0.0010623797970992221,0.0,0.0,0.0,0.0
2021-09-02,0.006153341335276785,-0.0,0.0015383353338191963,-0.0,0.0
2021-09-03,-0.00048565792779431405,0.0,-0.00012141448194857851,0.0,0.0
2021-09-07,-0.00715078208983555,0.0,0.0,0.0,0.0
2021-09-08,-0.0024362962842729985,-0.0,0.0,-0.0,0.0
2021-09-09,-0.008560405207921784,-0.0,0.0,-0.0,0.0
2021-09-10,0.007884662269268428,-0.0,0.0,-0.0,0.0
2021-09-13,-0.002559226016002336,-0.0,0.0,-0.0,0.0
2021-09-14,-0.010793174100261815,-0.0,0.0,-0.0,0.0
2021-09-15,0.01670559413106698,0.0,0.004176398532766745,0.0,0.0
2021-09-16,-0.003170278756638112,0.0,-0.000792569689159528,0.0,0.0
2021-09-17,0.009741372077413546,-0.0,0.0,-0.0,0.0
2021-09-20,0.016674153859007834,-0.0,0.0,-0.0,0.0
2021-09-21,0.0009445138502395256,0.0,0.0,0.0,0.0
2021-09-22,-0.009754729523292038,0.0,0.004877364761646019,0.0,0.0
2021-09-23,-0.012150056767339379,0.0,0.0060750283836696894,0.0,0.0
2021-09-24,-0.0016472323719876059,0.0,0.0008236161859938029,0.0,0.0
2021-09-27,0.0028610042365475596,-0.0,0.0,-0.0,0.0
2021-09-28,0.02015174610108339,-0.0,0.0,-0.0,0.0
2021-09-29,-0.0016829360212604616,-0.0,0.0,-0.0,0.0
2021-09-30,0.012222109388035918,-0.0,0.0,-0.0,0.0
2021-10-01,-0.011884189819930002,0.0,0.0,0.0,0.0
2021-10-04,0.012896229165020423,-0.0,0.0,-0.0,0.0
2021-10-05,-0.010405041752934885,0.0,0.0,0.0,0.0
2021-10-06,-0.00415602082200528,0.0,0.00207801041100264,0.0,0.0
2021-10-07,-0.008645874754811489,0.0,0.0043229373774057445,0.0,0.0
2021-10-08,0.0018239134929930456,-0.0,-0.0009119567464965228,-0.0,0.0
2021-10-11,0.007239587384149315,-0.0,0.0,-0.0,0.0
2021-10-12,0.002461787329446574,-0.0,0.0,-0.0,0.0
2021-10-13,-0.003597840277633324,0.0,0.001798920138816662,0.0,0.0
2021-10-14,0.03364113486965037,0.0,0.008410283717412592,0.0,0.0
2021-10-15,0.015231793375370284,0.0,0.003807948343842571,0.0,0.0
2021-10-18,0.005921111790273326,0.0,0.0014802779475683314,0.0,0.0
2021-10-19,0.015429361187655477,0.0,0.0038573402969138693,0.0,0.0
2021-10-20,0.007855675041918087,-0.0,0.0019639187604795216,-0.0,0.0
2021-10-21,0.005216387438935488,0.0,0.001304096859733872,0.0,0.0
2021-10-22,-0.0020722807577560065,-0.0,-0.0005180701894390016,-0.0,0.0
2021-10-25,0.010725650772398065,0.0,0.0026814126930995164,0.0,0.0
2021-10-26,0.0017996895759959664,0.0,0.0004499223939989916,0.0,0.0
2021-10-27,-0.008860490107295504,0.0,0.0,0.0,0.0
2021-10-28,0.019298247621510445,0.0,0.004824561905377611,0.0,0.0
2021-10-29,0.004058579889452574,0.0,0.0010146449723631434,0.0,0.0
2021-11-01,0.0034397456030315077,0.0,0.0008599364007578769,0.0,0.0
2021-11-02,0.008086530505672762,0.0,0.0020216326264181905,0.0,0.0
2021-11-03,0.012210412115641223,0.0,0.0030526030289103057,0.0,0.0
2021-11-04,0.009424734503648668,0.0,0.002356183625912167,0.0,0.0
2021-11-05,0.006939620338633379,0.0,0.0017349050846583447,0.0,0.0
2021-11-08,0.001707287853374595,-0.0,0.00042682196334364875,-0.0,0.0
2021-11-09,-0.006610790063835026,-0.0,0.0,-0.0,0.0
2021-11-10,-0.01608952309058198,-0.0,0.0,-0.0,0.0
2021-11-11,0.0006471534247278754,0.0,0.0,0.0,0.0
2021-11-12,0.01509321538912145,0.0,0.0037733038472803626,0.0,0.0
2021-11-15,0.0006850346741487101,-0.0,0.00017125866853717753,-0.0,0.0
2021-11-16,0.007915483719606264,0.0,0.001978870929901566,0.0,0.0
2021-11-17,-0.00485813311849248,0.0,-0.00121453327962312,0.0,0.0
2021-11-18,0.006792816260817958,0.0,0.0016982040652044894,0.0,0.0
2021-11-19,-0.0035768363596329067,0.0,-0.0008942090899082267,0.0,0.0
2021-11-22,-0.005630555936738668,-0.0,0.0,-0.0,0.0
2021-11-23,0.0026525633576879315,-0.0,0.0,-0.0,0.0
2021-11-24,0.005339703700806719,0.0,0.0013349259252016799,0.0,0.0
2021-11-26,0.02230323649379351,-0.0,0.0,-0.0,0.0
2021-11-29,0.02453329440215013,0.0,0.0,0.0,0.0
2021-11-30,0.01945757131307735,-0.0,0.0,-0.0,0.0
2021-12-01,0.011107247920201457,-0.0,0.0,-0.0,0.0
2021-12-02,-0.015316284716777595,0.0,0.0076581423583887975,0.0,0.0
2021-12-03,0.008701502391229243,-0.0,-0.004350751195614622,-0.0,0.0
2021-12-06,-0.011843437086228814,0.0,0.005921718543114407,0.0,0.0
2021-12-07,0.04136985677128502,0.0,0.010342464192821255,0.0,0.0
2021-12-08,0.005295833920873516,0.0,0.001323958480218379,0.0,0.0
2021-12-09,-0.013502972915023559,-0.0,0.0,-0.0,0.0
2021-12-10,0.018826745049250082,0.0,0.0047066862623125205,0.0,0.0
2021-12-13,0.008858356229379805,-0.0,-0.004429178114689902,-0.0,0.0
2021-12-14,0.006879827963944263,-0.0,0.0,-0.0,0.0
2021-12-15,0.03125006349403181,0.0,0.007812515873507953,0.0,0.0
2021-12-16,0.008818632932880655,-0.0,-0.004409316466440327,-0.0,0.0
2021-12-17,0.010642965397973936,-0.0,0.0,-0.0,0.0
2021-12-20,0.010633434951857312,-0.0,0.0,-0.0,0.0
2021-12-21,-0.017758905138537395,0.0,0.008879452569268698,0.0,0.0
2021-12-22,-0.009998769025438392,0.0,0.004999384512719196,0.0,0.0
2021-12-23,0.012444366850262067,0.0,0.003111091712565517,0.0,0.0
2021-12-27,0.028304377753199716,0.0,0.007076094438299929,0.0,0.0
2021-12-28,-0.0016344007188326959,-0.0,-0.00040860017970817397,-0.0,0.0
2021-12-29,0.0025584854829658887,-0.0,0.0006396213707414722,-0.0,0.0
2021-12-30,-0.005529550274671946,-0.0,0.0,-0.0,0.0
2021-12-31,-0.005040084104670939,-0.0,0.0,-0.0,0.0
2022-01-03,0.011579986255007224,0.0,0.002894996563751806,0.0,0.0
2022-01-04,-0.0006698848498281063,-0.0,-0.00016747121245702656,-0.0,0.0
2022-01-05,-0.03840433508960417,-0.0,0.0,-0.0,0.0
2022-01-06,-0.0018785337766906718,-0.0,0.0,-0.0,0.0
2022-01-07,0.003953621205369129,-0.0,0.0,-0.0,0.0
2022-01-10,-0.0024891157579725043,0.0,0.0,0.0,0.0
2022-01-11,0.018216496016739914,0.0,0.004554124004184978,0.0,0.0
2022-01-12,0.005407468077034405,0.0,0.0013518670192586013,0.0,0.0
2022-01-13,0.013778648081764766,-0.0,0.0,-0.0,0.0
2022-01-14,0.0008181455604079346,0.0,0.0,0.0,0.0
2022-01-18,-0.035419403464363786,-0.0,0.0,-0.0,0.0
2022-01-19,0.010383696882963367,-0.0,0.0,-0.0,0.0
2022-01-20,0.01106783234791242,-0.010390822131338863,0.0,-0.012988527664173577,0.0
2022-01-21,0.019630624797153384,-0.02218278000843439,0.0,-0.027728475010542986,0.0
2022-01-24,-0.004246818634563887,0.0036623706809331582,0.0,0.0045779633511664475,0.0
2022-01-25,0.0122090884732321,-0.018545296763703423,0.0,-0.02318162095462928,0.0
2022-01-26,0.0025086922254144994,-0.0012517421249234495,0.0,-0.0015646776561543119,0.0
2022-01-27,0.0049382622049648495,-0.008056385385133159,0.0,-0.010070481731416447,0.0
2022-01-28,-0.02483552831460578,0.025094998559966622,0.01241776415730289,0.031368748199958274,0.0
2022-01-31,-0.018011287633802997,0.0,0.009005643816901499,0.0,0.0
2022-02-01,-0.006756772303625924,0.0,0.003378386151812962,0.0,0.0
2022-02-02,-0.009714206823928206,0.0,0.004857103411964103,0.0,0.0
2022-02-03,0.023505023320830487,-0.03243504061872065,0.0,-0.04054380077340081,0.0
2022-02-04,-0.004702115789121386,0.010091904529052976,0.0,0.012614880661316219,0.0
2022-02-07,0.0032093064335011467,-0.006435545982615399,-0.0016046532167505734,-0.008044432478269248,0.0
2022-02-08,-0.008227934806084525,0.008988069239179098,0.004113967403042262,0.011235086548973872,0.0
2022-02-09,-0.014636187958046776,0.0,0.007318093979023388,0.0,0.0
2022-02-10,0.01796569299496853,-0.018105884713307676,0.0,-0.022632355891634592,0.0
2022-02-11,0.01971864206720919,-0.025377489465125615,0.0,-0.03172186183140702,0.0
2022-02-14,0.003269344866269952,0.0009911010559568113,0.0,0.001238876319946014,0.0
2022-02-15,-0.016126739614227725,0.019891352573883483,0.008063369807113863,0.02486419071735435,0.0
2022-02-16,-0.001120916806536476,-0.00020216808019783984,0.000560458403268238,-0.0002527101002472998,0.0
2022-02-17,0.021361294864159275,-0.02379497354718554,0.0,-0.029743716933981923,0.0
2022-02-18,0.006475345088232776,-0.00912454237275222,0.0,-0.011405677965940275,0.0
2022-02-22,0.010731533966564788,-0.008034906898329641,0.0,-0.010043633622912052,0.0
2022-02-23,0.01773871554155515,-0.020492086739299434,0.0,-0.02561510842412429,0.0
2022-02-24,-0.015049191169609788,0.02688344363288682,0.0,0.03360430454110852,0.0
2022-02-25,-0.02206379588290419,0.012405648013712068,0.011031897941452096,0.015507060017140084,0.0
2022-02-28,0.002558328379457353,0.002383283015492488,-0.0012791641897286765,0.0029791037693656097,0.0
2022-03-01,0.015230267393768315,-0.01224932034813575,0.0,-0.015311650435169688,0.0
2022-03-02,-0.018396301403781568,0.013423569649413027,0.009198150701890784,0.01677946206176628,0.0
2022-03-03,0.0049784926281547515,-0.01142789688229664,-0.0024892463140773757,-0.0142848711028708,0.0
2022-03-04,0.008124774101462062,-0.01159336216823359,0.0,-0.014491702710291987,0.0
2022-03-07,0.029479060121829437,-0.029504993543232508,0.0,-0.03688124192904063,0.0
2022-03-08,0.007581604814797638,-0.003718367876882134,0.0,-0.004647959846102667,0.0
2022-03-09,-0.026810653692808772,0.02879843050437696,0.013405326846404386,0.0359980381304712,0.0
2022-03-10,0.0045153335598973054,-0.00888381424340441,-0.0022576667799486527,-0.011104767804255511,0.0
2022-03-11,0.012715273641380809,-0.01659084152054149,0.0,-0.02073855190067686,0.0
2022-03-14,0.007308213027667376,-0.015363640350478925,0.0,-0.019204550438098655,0.0
2022-03-15,-0.021990316121315967,0.02509356449607534,0.010995158060657984,0.03136695562009417,0.0
2022-03-16,-0.022174221963116914,0.029669326672718377,0.011087110981558457,0.03708665834089797,0.0
2022-03-17,0.025022031980179715,0.009684764859523833,0.006255507995044929,0.012105956074404789,0.0
2022-03-18,0.021905627659779103,0.016374538426463126,0.005476406914944776,0.020468173033078907,0.0
2022-03-21,-0.0005849041901979657,-0.002224177832949348,-0.00014622604754949142,-0.0027802222911866847,0.0
2022-03-22,0.023402431291934533,0.0,0.005850607822983633,0.0,0.0
2022-03-23,-0.025756745072094578,-0.011497040429201367,0.0,-0.014371300536501708,0.0
2022-03-24,0.030148695680862314,0.0,0.0075371739202155785,0.0,0.0
2022-03-25,0.00976750226186418,-0.0,0.002441875565466045,-0.0,0.0
2022-03-28,0.01422604962603602,0.0,0.003556512406509005,0.0,0.0
2022-03-29,0.02474168346640493,0.0,0.006185420866601232,0.0,0.0
2022-03-30,-0.01234963939167577,-0.0,-0.0030874098479189427,-0.0,0.0
2022-03-31,-0.030783076029625045,-0.0,0.0,-0.0,0.0
2022-04-01,0.005668718238154291,-0.0,0.0,-0.0,0.0
2022-04-04,0.01713311179495003,0.0,0.004283277948737507,0.0,0.0
2022-04-05,-0.025262659976101665,-0.0,0.0,-0.0,0.0
2022-04-06,-0.019998838781716044,-0.0,0.0,-0.0,0.0
2022-04-07,0.010077955478136058,0.0,0.0,0.0,0.0
2022-04-08,-0.005347808021050948,-0.01118318117657875,-0.001336952005262737,-0.013978976470723437,0.0
2022-04-11,-0.034184544689568996,-0.018925993148695676,0.0,-0.023657491435869593,0.0
2022-04-12,-0.0074104054895824945,-0.0033793879918063933,0.0,-0.004224234989757991,0.0
2022-04-13,0.022907259359025378,0.01626155055969054,0.0057268148397563445,0.020326938199613176,0.0
2022-04-14,0.012451826667302046,-0.018293700181821217,0.0,-0.02286712522727652,0.0
2022-04-18,-0.0004111302634672853,0.0006147978172457158,0.0,0.0007684972715571448,0.0
2022-04-19,-0.016142583617481554,0.017880574453679365,0.008071291808740777,0.022350718067099207,0.0
2022-04-20,-0.001482944113645246,-0.011667708531808964,-0.0003707360284113115,-0.014584635664761203,0.0
2022-04-21,0.014953503226839526,-0.016552867855699826,0.0,-0.020691084819624783,0.0
2022-04-22,0.02743900620953399,-0.020948399287485753,0.0,-0.02618549910935719,0.0
2022-04-25,-0.005797310111694154,0.010276207905232582,0.0,0.012845259881540727,0.0
2022-04-26,0.02896066552761034,-0.030195833280708587,0.0,-0.03774479160088573,0.0
2022-04-27,-0.0028116089470178185,-0.0009585252874105166,0.0,-0.0011981566092631457,0.0
2022-04-28,-0.025259502707308368,0.028412659910037875,0.012629751353654184,0.03551582488754734,0.0
2022-04-29,0.036955618927161704,-0.03599877790667474,0.0,-0.044998472383343424,0.0
2022-05-02,-0.006019449257848697,0.013356676844733429,0.0,0.016695846055916785,0.0
2022-05-03,-0.004584037893592852,0.000854019337095302,0.002292018946796426,0.0010675241713691275,0.0
2022-05-04,-0.030452868436302793,0.027049739637146075,0.015226434218151397,0.033812174546432594,0.0
2022-05-05,0.035542866712427124,-0.04029116962285615,0.0,-0.050363962028570186,0.0
2022-05-06,0.005968883217647991,-0.009584843755827688,0.0,-0.01198105469478461,0.0
2022-05-09,0.03201717526264791,-0.031301626389071746,0.0,-0.03912703298633968,0.0
2022-05-10,-0.0023104980165646882,0.00971912154968706,0.0,0.012148901937108825,0.0
2022-05-11,0.015886017224384208,-0.02372652138432594,0.0,-0.029658151730407423,0.0
2022-05-12,0.0010440791066262944,-0.0018916648864477636,0.0,-0.0023645811080597046,0.0
2022-05-13,-0.023907809317198492,0.029648249578856502,0.011953904658599246,0.037060311973570625,0.0
2022-05-16,0.004057454799491156,-0.009273622360248979,-0.002028727399745578,-0.011592027950311223,0.0
2022-05-17,-0.02057031434515655,0.020721145965743305,0.010285157172578274,0.02590143245717913,0.0
2022-05-18,0.04031172623985457,-0.03927210040564031,0.0,-0.049090125507050386,0.0
2022-05-19,0.006124556040259743,-0.004286581503066245,0.0,-0.005358226878832806,0.0
2022-05-20,-0.00043672758053081573,-0.0024864233800058425,0.0,-0.0031080292250073027,0.0
2022-05-23,-0.018710085509589414,0.013301863779620683,0.009355042754794707,0.016627329724525852,0.0
2022-05-24,0.007633802388901656,-0.01700978639868893,-0.003816901194450828,-0.021262232998361164,0.0
2022-05-25,-0.008835027736421086,0.011196421594126172,0.004417513868210543,0.013995526992657714,0.0
2022-05-26,-0.01998133174412664,0.02216560742260647,0.00999066587206332,0.027707009278258088,0.0
2022-05-27,0.049098120969313985,0.026111889666375277,0.012274530242328496,0.032639862082969096,0.0
2022-05-31,0.005610983511095791,-0.002122359264650875,-0.0028054917555478953,-0.0026529490808135936,0.0
2022-06-01,0.008088612820786323,-0.0059167644841440215,0.0,-0.007395955605180027,0.0
2022-06-02,0.03808710934178228,0.021908519557072383,0.00952177733544557,0.027385649446340476,0.0
2022-06-03,0.016411635716283568,-0.02081545814231145,-0.008205817858141784,-0.02601932267788931,0.0
2022-06-06,0.006089796891817212,0.0026648077583528718,0.0,0.0033310096979410897,0.0
2022-06-07,0.019184281914556234,0.006900412373171428,0.0047960704786390584,0.008625515466464284,0.0
2022-06-08,-0.02174422328163028,-0.005756961725634113,0.0,-0.0071962021570426415,0.0
2022-06-09,-0.047565572414753676,-0.021427840395217237,0.0,-0.026784800494021543,0.0
2022-06-10,0.028995591216366856,-0.028216370723401687,0.0,-0.035270463404252106,0.0
2022-06-13,0.037968352714929154,-0.03719721282475091,0.0,-0.04649651603093863,0.0
2022-06-14,0.003013378872429251,0.0014524077037338047,0.0,0.0018155096296672557,0.0
2022-06-15,-0.014256469462178734,0.0199775196753885,0.007128234731089367,0.024971899594235625,0.0
2022-06-16,0.03309598093016153,-0.032277104078928254,0.0,-0.04034638009866032,0.0
2022-06-17,-0.00215561751796578,0.009727641446658986,0.0,0.012159551808323732,0.0
2022-06-21,-0.02517350604608448,0.020183647005621277,0.01258675302304224,0.025229558757026593,0.0
2022-06-22,0.0018128940904276192,-0.0011669049745936632,-0.0009064470452138096,-0.001458631218242079,0.0
2022-06-23,-0.009802518971538277,0.011914208032754914,0.004901259485769138,0.014892760040943642,0.0
2022-06-24,-0.03179397302310005,0.027410827835837637,0.015896986511550026,0.034263534794797046,0.0
2022-06-27,0.0038198325223810503,-0.005865070674826889,-0.0019099162611905252,-0.007331338343533611,0.0
2022-06-28,0.020432680885637322,-0.024373463827589162,0.0,-0.03046682978448645,0.0
2022-06-29,0.0008143249656866747,0.00073346514024486,0.0,0.000916831425306075,0.0
2022-06-30,0.008124388895722867,-0.009922207854589617,0.0,-0.012402759818237019,0.0
2022-07-01,-0.010576510653757198,0.005280101964279105,0.005288255326878599,0.006600127455348881,0.0
2022-07-05,-0.0018885035775944026,0.013696002579338186,0.0009442517887972013,0.01712000322417273,0.0
2022-07-06,-0.0033772786458332593,0.005129496893123964,0.0016886393229166297,0.006411871116404955,0.0
2022-07-07,-0.014977181315121824,0.01711918488312989,0.007488590657560912,0.021398981103912362,0.0
2022-07-08,0.0008224566747027096,0.0010034797747358938,-0.0004112283373513548,0.001254349718419867,0.0
2022-07-11,0.011423571795341037,-0.017091513101289913,0.0,-0.02136439137661239,0.0
2022-07-12,-0.017698249722932102,-0.00775006119646795,0.0,-0.009687576495584937,0.0
2022-07-13,-0.010503227218674471,-0.0016489173277970616,0.0,-0.002061146659746327,0.0
2022-07-14,-0.004856699971713896,0.002856811977613916,0.0,0.0035710149720173945,0.0
2022-07-15,0.03820960800729889,0.014511228693465128,0.009552402001824722,0.01813903586683141,0.0
2022-07-18,-0.01651344340572458,-0.006769997531994676,-0.004128360851431145,-0.008462496914993345,0.0
2022-07-19,0.05403820295037853,0.024602709609619924,0.013509550737594633,0.030753387012024902,0.0
2022-07-20,0.01274638887242574,0.0,0.003186597218106435,0.0,0.0
2022-07-21,0.020366681942776133,0.0,0.005091670485694033,0.0,0.0
2022-07-22,-0.018556398366134985,-0.0,-0.004639099591533746,-0.0,0.0
2022-07-25,0.0024293560491535082,-0.0,0.0,-0.0,0.0
2022-07-26,-0.023661584737961983,-0.015719381762685815,0.0,-0.019649227203357267,0.0
2022-07-27,0.05193266538940078,0.0,0.012983166347350195,0.0,0.0
2022-07-28,0.025085029077274168,0.0,0.006271257269318542,0.0,0.0
2022-07-29,0.029157479681084286,0.0,0.0072893699202710716,0.0,0.0
2022-08-01,-0.005922386525978318,-0.0,-0.0014805966314945795,-0.0,0.0
2022-08-02,-0.013195308213253432,-0.0,0.0,-0.0,0.0
2022-08-03,0.03131958940392554,0.0,0.007829897350981385,0.0,0.0
2022-08-04,-0.0013510946206320984,0.0,-0.0003377736551580246,0.0,0.0
2022-08-05,-0.0033807177054971937,-0.0,0.0,-0.0,0.0
2022-08-08,-0.0023218298840226304,-0.0,0.0,-0.0,0.0
2022-08-09,-0.007941776066951567,-0.0,0.0,-0.0,0.0
2022-08-10,0.042007698184696185,0.0,0.010501924546174046,0.0,0.0
2022-08-11,0.0,-0.0,0.0,-0.0,0.0
2022-08-12,0.03385800529134553,0.0,0.008464501322836382,0.0,0.0
2022-08-15,0.008241489103913313,0.0,0.0020603722759783283,0.0,0.0
2022-08-16,0.003917690609664959,-0.0,0.0009794226524162397,-0.0,0.0
2022-08-17,-0.014196189688463479,-0.0,0.0,-0.0,0.0
2022-08-18,0.005812970237824011,0.0,0.0,0.0,0.0
2022-08-19,-0.026876171847561192,-0.0,0.0,-0.0,0.0
2022-08-22,-0.04164491107897983,-0.0,0.0,-0.0,0.0
2022-08-23,-0.0048387566649821245,-0.0,0.0,-0.0,0.0
2022-08-24,0.0064025308593329555,0.0,0.0016006327148332389,0.0,0.0
2022-08-25,0.028235063979357822,0.0,0.0070587659948394554,0.0,0.0
2022-08-26,0.03384913181466287,-0.0,0.0,-0.0,0.0
2022-08-29,0.006612060146716003,-0.0,0.0,-0.0,0.0
2022-08-30,0.010978046061248747,-0.0,0.0,-0.0,0.0
2022-08-31,0.00760876428361934,-0.0,0.0,-0.0,0.0
2022-09-01,-0.003137697582963561,0.0,0.0,0.0,0.0
2022-09-02,0.010544354071132744,-0.0,0.0,-0.0,0.0
2022-09-06,0.003773090922665978,-0.0,0.0,-0.0,0.0
2022-09-07,-0.017964831625979505,0.0,0.008982415812989752,0.0,0.0
2022-09-08,-0.006536377728347809,0.0,0.0032681888641739043,0.0,0.0
2022-09-09,-0.015535018856853489,0.0,0.007767509428426744,0.0,0.0
2022-09-12,-0.01074781545063419,0.0,0.005373907725317095,0.0,0.0
2022-09-13,0.043482527774613255,-0.0,0.0,-0.0,0.0
2022-09-14,-0.003815891583685227,0.0,0.0,0.0,0.0
2022-09-15,0.011353215423342333,-0.0,0.0,-0.0,0.0
2022-09-16,0.007629085760850751,-0.0,0.0,-0.0,0.0
2022-09-19,-0.00775508731388741,0.0,0.003877543656943705,0.0,0.0
2022-09-20,0.01147854368893686,-0.0,0.0,-0.0,0.0
2022-09-21,0.017444015116753198,-0.014324658905194099,0.0,-0.017905823631492623,0.0
2022-09-22,0.008399639887112231,-0.00984628431447261,0.0,-0.01230785539309076,0.0
2022-09-23,0.016754771261625057,-0.013025157925219057,0.0,-0.01628144740652382,0.0
2022-09-26,0.009892865747389679,-0.003310478329848632,0.0,-0.00413809791231079,0.0
2022-09-27,0.002552638793315243,0.00032075865604586085,0.0,0.00040094832005732606,0.0
2022-09-28,-0.019676375131109314,0.015913904274693105,0.009838187565554657,0.019892380343366378,0.0
2022-09-29,0.02088909273225703,-0.023062111283054243,0.0,-0.028827639103817804,0.0
2022-09-30,0.0154634804074536,-0.01356537157793385,0.0,-0.01695671447241731,0.0
2022-10-03,-0.026401425185590854,0.018768142319790116,0.013200712592795427,0.023460177899737644,0.0
2022-10-04,-0.030986518009121555,0.02515264129864807,0.015493259004560778,0.03144080162331009,0.0
2022-10-05,0.0023283082105397535,-0.0004251987040237104,-0.0011641541052698767,-0.000531498380029638,0.0
2022-10-06,0.01031568527610549,-0.006298392736373249,0.0,-0.00787299092046656,0.0
2022-10-07,0.02789405202931894,-0.030483195550958,0.0,-0.0381039944386975,0.0
2022-10-10,0.0076352592846467005,-0.007996913140358242,0.0,-0.009996141425447802,0.0
2022-10-11,0.006333057253076091,-0.010990720589822268,0.0,-0.013738400737277834,0.0
2022-10-12,0.0032984093669569114,-0.00027399331369917237,0.0,-0.00034249164212396543,0.0
2022-10-13,-0.02639100708880937,0.01876186621938345,0.013195503544404685,0.023452332774229312,0.0
2022-10-14,0.02278888690040104,-0.024045840752103854,-0.01139444345020052,-0.030057300940129816,0.0
2022-10-17,-0.025697361855554046,0.026417105002659903,0.012848680927777023,0.03302138125332488,0.0
2022-10-18,-0.011749546434552727,0.006326542023422377,0.005874773217276363,0.007908177529277971,0.0
2022-10-19,0.007086772942697106,-0.002917466216747844,-0.003543386471348553,-0.0036468327709348047,0.0
2022-10-20,0.008385145292472473,-0.00408165900223958,0.0,-0.005102073752799474,0.0
2022-10-21,0.04860312382013943,0.018758328796103108,0.012150780955034857,0.023447910995128884,0.0
2022-10-24,0.024472883234358367,0.008801271168930924,0.006118220808589592,0.011001588961163655,0.0
2022-10-25,0.031936796954239455,0.0,0.007984199238559864,0.0,0.0
2022-10-26,-0.015067709897191861,-0.017676830346019745,-0.0037669274742979653,-0.02209603793252468,0.0
2022-10-27,-0.010679984459449843,-0.014564821695908316,0.0,-0.018206027119885393,0.0
2022-10-28,0.04758127054519168,0.0,0.01189531763629792,0.0,0.0
2022-10-31,-0.014446736742141475,-0.009302234815145471,-0.0036116841855353687,-0.01162779351893184,0.0
2022-11-01,-0.008751678874909574,-0.008174151243561667,0.0,-0.010217689054452084,0.0
2022-11-02,-0.050192390941387055,-0.027421906673710517,0.0,-0.034277383342138146,0.0
2022-11-03,-0.02059333834160304,-0.01562776980740921,0.0,-0.01953471225926151,0.0
2022-11-04,0.02878621086401978,0.01286812963389341,0.007196552716004945,0.016085162042366763,0.0
2022-11-07,0.019131174135237128,0.008795365993907645,0.004782793533809282,0.010994207492384556,0.0
2022-11-08,0.010790521881654858,0.0058298924851969865,0.0026976304704137144,0.007287365606496232,0.0
2022-11-09,-0.04120420628156096,-0.018460847917225822,0.0,-0.023076059896532275,0.0
2022-11-10,0.10990847186384034,0.0,0.027477117965960085,0.0,0.0
2022-11-11,0.01935696734308845,0.0,0.004839241835772112,0.0,0.0
2022-11-14,-0.017013511187365937,-0.0,-0.004253377796841484,-0.0,0.0
2022-11-15,0.01705814845969922,0.0,0.0,0.0,0.0
2022-11-16,-0.015257618677344986,-0.0,-0.0038144046693362466,-0.0,0.0
2022-11-17,-0.0061197835585706795,-0.0,0.0,-0.0,0.0
2022-11-18,0.009080899796416908,0.0,0.002270224949104227,0.0,0.0
2022-11-21,-0.007271872183272077,-0.0,-0.0018179680458180192,-0.0,0.0
2022-11-22,0.026913469783394817,0.0,0.006728367445848704,0.0,0.0
2022-11-23,0.012603504769478135,0.0,0.003150876192369534,0.0,0.0
2022-11-25,-0.00044757314745491605,-0.0,-0.00011189328686372901,-0.0,0.0
2022-11-28,-0.03191357615478174,-0.0,0.0,-0.0,0.0
2022-11-29,-0.0034352580514669384,-0.0,0.0,-0.0,0.0
2022-11-30,0.0630011897795475,0.0,0.015750297444886874,0.0,0.0
2022-12-01,-0.001471772398501825,0.0,-0.00036794309962545624,0.0,0.0
2022-12-02,-0.002307333492744812,-0.0,0.0,-0.0,0.0
2022-12-05,-0.0359788233374605,-0.0,0.0,-0.0,0.0
2022-12-06,-0.02882978719998608,-0.0,0.0,-0.0,0.0
2022-12-07,-0.003401757444754905,-0.0,0.0,-0.0,0.0
2022-12-08,0.015667652117540065,0.0,0.003916913029385016,0.0,0.0
2022-12-09,0.007470275031672302,-0.0,-0.003735137515836151,-0.0,0.0
2022-12-12,0.028834696809096894,0.0,0.007208674202274223,0.0,0.0
2022-12-13,0.015139342844367576,0.0,0.003784835711091894,0.0,0.0
2022-12-14,-0.01278714205075926,-0.0,-0.003196785512689815,-0.0,0.0
2022-12-15,0.024461561398679277,-0.0,0.0,-0.0,0.0
2022-12-16,0.011805984528889146,-0.007627692875608983,0.0,-0.009534616094511228,0.0
2022-12-19,0.008479652720628672,-0.011242833097525384,0.0,-0.01405354137190673,0.0
2022-12-20,-0.0013682872334295215,-0.000622808456993429,0.0,-0.0007785105712417861,0.0
2022-12-21,-0.014952376156172065,0.011604748148168654,0.007476188078086032,0.014505935185210816,0.0
2022-12-22,0.014265997671567332,-0.019571932793432636,-0.007132998835783666,-0.024464915991790792,0.0
2022-12-23,-0.005752143832275847,0.0017994378680732837,0.0,0.0022492973350916046,0.0
2022-12-27,0.003943522020589008,-0.011310858494895104,-0.001971761010294504,-0.01413857311861888,0.0
2022-12-28,0.012427864350758266,-0.010562166947921448,0.0,-0.01320270868490181,0.0
2022-12-29,-0.018000502535369556,0.019500121151003927,0.009000251267684778,0.024375151438754905,0.0
2022-12-30,0.002634125322696579,-0.0004802646218838192,-0.0013170626613482894,-0.0006003307773547739,0.0
2023-01-03,0.004210015651875287,-0.005407764549535177,0.0,-0.006759705686918971,0.0
2023-01-04,-0.0077201757699632,0.0038110283933518122,0.0038600878849816,0.004763785491689765,0.0
2023-01-05,0.0114133223171895,-0.012523237472601157,0.0,-0.015654046840751445,0.0
2023-01-06,-0.022932092754429645,0.022081077924891803,0.011466046377214822,0.02760134740611475,0.0
2023-01-09,0.0005668237175777691,0.0,-0.00028341185878888453,0.0,0.0
2023-01-10,-0.0070128200256258655,0.0,0.0035064100128129327,0.0,0.0
2023-01-11,-0.012647694174519941,0.0,0.006323847087259971,0.0,0.0
2023-01-12,-0.003640885512034675,0.0,0.0018204427560173375,0.0,0.0
2023-01-13,0.0077589764489660595,0.0,0.0019397441122415149,0.0,0.0
2023-01-17,-0.0036639856872413556,0.0,-0.0009159964218103389,0.0,0.0
2023-01-18,-0.03157582446727836,-0.0,0.0,-0.0,0.0
2023-01-19,-0.014559935117150813,-0.0,0.0,-0.0,0.0
2023-01-20,0.037258170221329934,0.0,0.009314542555332483,0.0,0.0
2023-01-23,0.02399724857968044,0.0,0.00599931214492011,0.0,0.0
2023-01-24,-0.002146528585564411,-0.0,-0.0005366321463911028,-0.0,0.0
2023-01-25,0.0007499524319523054,-0.0,0.0,-0.0,0.0
2023-01-26,0.021980286856627007,0.0,0.005495071714156752,0.0,0.0
2023-01-27,0.004595422258492743,0.0,0.0011488555646231857,0.0,0.0
2023-01-30,-0.025093368391960746,-0.0,0.0,-0.0,0.0
2023-01-31,0.029406416991610396,0.0,0.007351604247902599,0.0,0.0
2023-02-01,0.021255821934463626,0.0,0.005313955483615906,0.0,0.0
2023-02-02,0.029113695888594027,0.0,0.007278423972148507,0.0,0.0
2023-02-03,-0.021258313098778014,-0.0,-0.005314578274694504,-0.0,0.0
2023-02-06,-0.012222528454512549,-0.0,0.0,-0.0,0.0
2023-02-07,0.026157121695949304,0.0,0.006539280423987326,0.0,0.0
2023-02-08,-0.021869536784916654,-0.0,-0.005467384196229164,-0.0,0.0
2023-02-09,-0.01733835007993978,-0.0,0.0,-0.0,0.0
2023-02-10,0.004667694409198564,-0.0,0.0,-0.0,0.0
2023-02-13,0.02347776827792547,0.0,0.005869442069481368,0.0,0.0
2023-02-14,-0.0009204046603505933,0.0,-0.00023010116508764833,0.0,0.0
2023-02-15,0.006495018878294179,0.0,0.0016237547195735447,0.0,0.0
2023-02-16,-0.02753789197695289,-0.0,0.0,-0.0,0.0
2023-02-17,-0.004996382145263212,-0.0,0.0,-0.0,0.0
2023-02-21,0.020060829000315805,-0.0,0.0,-0.0,0.0
2023-02-22,0.0013782049466852797,0.0,0.0,0.0,0.0
2023-02-23,-0.005319458670235866,0.0,0.002659729335117933,0.0,0.0
2023-02-24,0.010682417607301486,-0.0,0.0,-0.0,0.0
2023-02-27,-0.0034059440546243547,0.0,0.0,0.0,0.0
2023-02-28,0.0036960507691928823,-0.0,0.0,-0.0,0.0
2023-03-01,0.0038358899774079136,-0.0,0.0,-0.0,0.0
2023-03-02,-0.007777128133581224,0.0,0.003888564066790612,0.0,0.0
2023-03-03,-0.01603783685939275,0.0,0.008018918429696376,0.0,0.0
2023-03-06,-0.0006930092075949634,0.0,0.0003465046037974817,0.0,0.0
2023-03-07,0.015328988792343567,-0.0,0.0,-0.0,0.0
2023-03-08,-0.001632185091388072,0.0,0.0,0.0,0.0
2023-03-09,0.018449866477869392,-0.0,0.0,-0.0,0.0
2023-03-10,0.014429283899195289,-0.0,0.0,-0.0,0.0
2023-03-13,0.0014254397271207253,0.0,0.0,0.0,0.0
2023-03-14,-0.016530121735984116,0.0,0.008265060867992058,0.0,0.0
2023-03-15,0.0062543288932490615,0.0,-0.0031271644466245307,0.0,0.0
2023-03-16,-0.017545090602354207,0.0,0.008772545301177104,0.0,0.0
2023-03-17,0.011692532916541598,-0.0,-0.005846266458270799,-0.0,0.0
2023-03-20,-0.009615536303575256,0.0,0.0,0.0,0.0
2023-03-21,0.026261179256235945,0.0,0.006565294814058986,0.0,0.0
2023-03-22,0.01704674233969039,-0.0,0.0,-0.0,0.0
2023-03-23,-0.002703581428527446,0.0,0.0,0.0,0.0
2023-03-24,-0.006562148928742628,0.0,0.003281074464371314,0.0,0.0
2023-03-27,0.00373920477110401,-0.0,0.0009348011927760025,-0.0,0.0
2023-03-28,-0.004489198321449672,-0.0,0.0,-0.0,0.0
2023-03-29,0.02906979354184136,0.0,0.00726744838546034,0.0,0.0
2023-03-30,0.011710449025917669,0.0,0.002927612256479417,0.0,0.0
2023-03-31,0.02818927041161956,0.0,0.00704731760290489,0.0,0.0
2023-04-03,0.007620903802938006,-0.0,0.0019052259507345015,-0.0,0.0
2023-04-04,-0.011095951512607227,-0.0,0.0,-0.0,0.0
2023-04-05,-0.005236476825757563,-0.0,0.0,-0.0,0.0
2023-04-06,0.007801887637288285,0.0,0.0019504719093220713,0.0,0.0
2023-04-10,0.0020527128538683215,-0.0,0.0005131782134670804,-0.0,0.0
2023-04-11,0.0005373110662545422,-0.0,0.00013432776656363554,-0.0,0.0
2023-04-12,-0.008152550404276093,-0.0,0.0,-0.0,0.0
2023-04-13,0.026565375821852033,0.0,0.006641343955463008,0.0,0.0
2023-04-14,-0.004885149290352553,-0.0,-0.0012212873225881382,-0.0,0.0
2023-04-17,0.007176514043171878,0.0,0.0017941285107929694,0.0,0.0
2023-04-18,0.0013048636278840675,0.0,0.0003262159069710169,0.0,0.0
2023-04-19,-0.0003382532153770601,-0.0,-8.456330384426503e-05,-0.0,0.0
2023-04-20,-0.010914301939534132,-0.0,0.0,-0.0,0.0
2023-04-21,0.0015537721823499773,0.0,0.0,0.0,0.0
2023-04-24,0.0020863471360659247,-0.0,0.0005215867840164812,-0.0,0.0
2023-04-25,-0.031747554220930674,-0.0,0.0,-0.0,0.0
2023-04-26,-0.008471161253199577,0.0,0.0,0.0,0.0
2023-04-27,0.03981594620496898,0.0,0.009953986551242244,0.0,0.0
2023-04-28,0.01707029873368837,0.0,0.004267574683422093,0.0,0.0
2023-05-01,-0.0020191447432929,-0.0,-0.000504786185823225,-0.0,0.0
2023-05-02,-0.022478798047322224,-0.0,0.0,-0.0,0.0
2023-05-03,-0.013728032338522045,-0.0,0.0,-0.0,0.0
2023-05-04,0.007082993517269376,-0.0,0.0,-0.0,0.0
2023-05-05,0.03702526336998835,0.0,0.009256315842497087,0.0,0.0
2023-05-08,0.0005332248745637536,0.0,0.0001333062186409384,0.0,0.0
2023-05-09,-0.008770893897093845,-0.0,0.0,-0.0,0.0
2023-05-10,-0.004672402058715441,0.0,0.0023362010293577207,0.0,0.0
2023-05-11,0.001744002093048369,0.0,-0.0008720010465241845,0.0,0.0
2023-05-12,0.0013101328146564173,-0.0,0.0,-0.0,0.0
2023-05-15,-0.003449986104051339,0.0,0.0017249930520256695,0.0,0.0
2023-05-16,0.006682674289061219,0.0,0.0,0.0,0.0
2023-05-17,0.024277794629520066,0.0,0.006069448657380017,0.0,0.0
2023-05-18,0.019266375888702836,0.0,0.004816593972175709,0.0,0.0
2023-05-19,-0.0029099410023607497,-0.0,-0.0007274852505901874,-0.0,0.0
2023-05-22,0.0008119525967558161,0.0,0.0,0.0,0.0
2023-05-23,-0.022445414787639617,-0.0,0.0,-0.0,0.0
2023-05-24,0.00724491504226632,-0.0,0.0,-0.0,0.0
2023-05-25,-0.008659989011662095,0.0,0.004329994505831047,0.0,0.0
2023-05-26,0.025901309145664353,0.0,0.006475327286416088,0.0,0.0
2023-05-30,0.0007619810995165288,0.0,0.0001904952748791322,0.0,0.0
2023-05-31,-0.011090406717431556,-0.0,0.0,-0.0,0.0
2023-06-01,0.01900212796025036,0.0,0.00475053199006259,0.0,0.0
2023-06-02,0.028922237298574238,0.0,0.0072305593246435595,0.0,0.0
2023-06-05,-0.00383250229332055,0.0,-0.0009581255733301375,0.0,0.0
2023-06-06,0.004354871296660789,-0.0,0.0010887178241651974,-0.0,0.0
2023-06-07,-0.006915461670673251,-0.0,0.0,-0.0,0.0
2023-06-08,0.012097246960354191,0.0,0.0030243117400885478,0.0,0.0
2023-06-09,0.003588761166473553,0.0,0.0008971902916183883,0.0,0.0
2023-06-12,0.01814344528646794,0.0,0.004535861321616985,0.0,0.0
2023-06-13,0.013185957456078867,0.0,0.003296489364019717,0.0,0.0
2023-06-14,0.002381559155766766,0.0,0.0005953897889416915,0.0,0.0
2023-06-15,0.024795279861263175,0.0,0.006198819965315794,0.0,0.0
2023-06-16,-0.006812198100732747,-0.0,-0.0017030495251831868,-0.0,0.0
2023-06-20,-0.010376522999881121,-0.0,0.0,-0.0,0.0
2023-06-21,-0.01024735965529433,-0.0,0.0,-0.0,0.0
2023-06-22,0.007219610281682609,0.0,0.0,0.0,0.0
2023-06-23,-0.015120373214726701,-0.0,0.0,-0.0,0.0
2023-06-26,-0.008171345168624056,-0.0,0.0,-0.0,0.0
2023-06-27,0.021926369446062743,0.0,0.005481592361515686,0.0,0.0
2023-06-28,0.001009071648288451,0.0,0.00025226791207211274,0.0,0.0
2023-06-29,0.007882718265694866,-0.0,0.0019706795664237164,-0.0,0.0
2023-06-30,0.02360118186925453,0.0,0.005900295467313632,0.0,0.0
2023-07-03,0.0023012446578887236,0.0,0.0005753111644721809,0.0,0.0
2023-07-05,-0.002974666989227215,-0.0,0.0,-0.0,0.0
2023-07-06,-0.015660976919085634,-0.0,0.0,-0.0,0.0
2023-07-07,-0.0050495759034634435,-0.0,0.0,-0.0,0.0
2023-07-10,0.005062357282136887,0.0,0.0,0.0,0.0
2023-07-11,0.012736981384710244,0.0,0.003184245346177561,0.0,0.0
2023-07-12,0.016091721082071242,0.0,0.0040229302705178105,0.0,0.0
2023-07-13,0.015874025609710962,0.0,0.0039685064024277406,0.0,0.0
2023-07-14,-0.0012458039508276286,-0.0,-0.00031145098770690716,-0.0,0.0
2023-07-17,0.0069445909548022655,0.0,0.0017361477387005664,0.0,0.0
2023-07-18,0.014860949290686154,0.0,0.0037152373226715385,0.0,0.0
2023-07-19,0.004447551359813229,-0.0,0.0011118878399533072,-0.0,0.0
2023-07-20,-0.01326876502561114,-0.0,0.0,-0.0,0.0
2023-07-21,0.0,-0.0,0.0,-0.0,0.0
2023-07-24,0.008934222483954368,0.0,0.002233555620988592,0.0,0.0
2023-07-25,0.005460154651513616,0.0,0.001365038662878404,0.0,0.0
2023-07-26,0.00030732594997173734,-0.0,7.683148749293434e-05,-0.0,0.0
2023-07-27,-0.013259597535610679,-0.0,0.0,-0.0,0.0
2023-07-28,0.019580489113520727,0.0,0.004895122278380182,0.0,0.0
2023-07-31,0.00380831705909479,0.0,0.0009520792647736975,0.0,0.0
2023-08-01,-0.005723497404210853,-0.0,0.0,-0.0,0.0
2023-08-02,-0.02782168555714426,-0.0,0.0,-0.0,0.0
2023-08-03,-0.0057317531388714205,-0.0,0.0,-0.0,0.0
2023-08-04,-0.009045196558131519,-0.0,0.0,-0.0,0.0
2023-08-07,0.017457098863099763,0.0,0.004364274715774941,0.0,0.0
2023-08-08,-0.008697535779981225,-0.0,-0.002174383944995306,-0.0,0.0
2023-08-09,0.0066852426524818265,-0.0,0.0,-0.0,0.0
2023-08-10,-0.0003589459153421348,0.0,0.0,0.0,0.0
2023-08-11,0.0005830069625684109,-0.0,0.0,-0.0,0.0
2023-08-14,-0.005520031427574512,0.0,0.002760015713787256,0.0,0.0
2023-08-15,0.011648934932562027,-0.0,0.0,-0.0,0.0
2023-08-16,0.007338064243749831,-0.0,0.0,-0.0,0.0
2023-08-17,0.0076199840800265095,-0.0,0.0,-0.0,0.0
2023-08-18,-0.00048144025372076626,-0.0,0.0,-0.0,0.0
2023-08-21,-0.006506232440103066,0.0,0.003253116220051533,0.0,0.0
2023-08-22,0.0027087183839022977,-0.0,-0.0013543591919511488,-0.0,0.0
2023-08-23,-0.011137748256977664,0.0,0.005568874128488832,0.0,0.0
2023-08-24,0.013858833693353834,-0.0,0.0,-0.0,0.0
2023-08-25,-0.007049616852141671,0.0,0.0,0.0,0.0
2023-08-28,-0.006341310785556775,0.0,0.0031706553927783876,0.0,0.0
2023-08-29,-0.014454938729105526,0.0,0.007227469364552763,0.0,0.0
2023-08-30,0.008237534524712764,0.0,0.002059383631178191,0.0,0.0
2023-08-31,-0.002926486305327547,0.0,-0.0007316215763318867,0.0,0.0
2023-09-01,0.003730013163720791,-0.0,0.0009325032909301978,-0.0,0.0
2023-09-05,-0.008643885583290656,0.0,0.0,0.0,0.0
2023-09-06,-0.013444659236031109,-0.0,0.0,-0.0,0.0
2023-09-07,0.003070413605522959,-0.0,0.0,-0.0,0.0
2023-09-08,-0.0015060914848479268,0.0,0.0,0.0,0.0
2023-09-11,0.01315325237514875,0.0,0.0032883130937871874,0.0,0.0
2023-09-12,-0.01097127332857517,-0.0,-0.0027428183321437927,-0.0,0.0
2023-09-13,0.002332034767281943,0.0,0.0,0.0,0.0
2023-09-14,0.017245082075616924,0.0,0.004311270518904231,0.0,0.0
2023-09-15,-0.024096872410135584,-0.0,0.0,-0.0,0.0
2023-09-18,0.0011729746304292021,0.0,0.0,0.0,0.0
2023-09-19,-0.004147645152853929,-0.0,0.0,-0.0,0.0
2023-09-20,0.009193393671542927,-0.0,0.0,-0.0,0.0
2023-09-21,0.016528382245253548,-0.0,0.0,-0.0,0.0
2023-09-22,0.00224856261753148,0.0,0.0,0.0,0.0
2023-09-25,-0.0042053765121701225,0.0,0.0021026882560850613,0.0,0.0
2023-09-26,0.014691451046755621,-0.0,0.0,-0.0,0.0
2023-09-27,-0.0003990645123490566,0.0,0.0,0.0,0.0
2023-09-28,-0.005797502858587489,0.0,0.0028987514292937444,0.0,0.0
2023-09-29,0.002426878983372016,0.0,-0.001213439491686008,0.0,0.0
2023-10-02,0.0003976445068419876,0.0,0.0,0.0,0.0
2023-10-03,0.013386034760395571,-0.0,0.0,-0.0,0.0
2023-10-04,-0.007281870065066975,0.0,0.0,0.0,0.0
2023-10-05,0.0003767825439805472,-0.0,-0.0001883912719902736,-0.0,0.0
2023-10-06,-0.011872975384052076,0.0,0.005936487692026038,0.0,0.0
2023-10-09,-0.006402164937987731,0.0,0.0032010824689938655,0.0,0.0
2023-10-10,-0.005204865847466822,0.0,0.002602432923733411,0.0,0.0
2023-10-11,-0.004096309054258729,0.0,0.0020481545271293644,0.0,0.0
2023-10-12,0.006096594305087577,-0.0,0.0,-0.0,0.0
2023-10-13,0.00498078190957707,-0.0,0.0,-0.0,0.0
2023-10-16,-0.010521383332395828,0.0,0.005260691666197914,0.0,0.0
2023-10-17,4.5850580251749484e-05,-0.0,-2.2925290125874742e-05,-0.0,0.0
2023-10-18,0.013325150615231096,-0.0,0.0,-0.0,0.0
2023-10-19,0.008786268138048392,-0.0,0.0,-0.0,0.0
2023-10-20,0.012288075713524416,-0.0,0.0,-0.0,0.0
2023-10-23,0.0017332608244706726,0.0,0.0,0.0,0.0
2023-10-24,-0.007539487848579496,0.0,0.003769743924289748,0.0,0.0
2023-10-25,0.014352322757030134,-0.0,0.0,-0.0,0.0
2023-10-26,0.011974458570202628,-0.015253752713345392,0.0,-0.01906719089168174,0.0
2023-10-27,0.004532995809056639,0.003841095890410884,0.0,0.004801369863013605,0.0
2023-10-30,-0.011955895257369509,0.0,0.005977947628684754,0.0,0.0
2023-10-31,-0.006280166629683892,0.0,0.003140083314841946,0.0,0.0
2023-11-01,-0.010664920235379682,0.0,0.005332460117689841,0.0,0.0
2023-11-02,0.038328665825162034,0.0,0.009582166456290508,0.0,0.0
2023-11-03,0.01824665094827127,0.0,0.0045616627370678176,0.0,0.0
2023-11-06,0.0046011807809334115,0.0,0.0011502951952333529,0.0,0.0
2023-11-07,0.005691917435328708,0.0,0.001422979358832177,0.0,0.0
2023-11-08,0.00146466226657882,0.0,0.000366165566644705,0.0,0.0
2023-11-09,-0.015597326135630807,-0.0,0.0,-0.0,0.0
2023-11-10,0.031209788424930274,0.0,0.007802447106232568,0.0,0.0
2023-11-13,-0.001906750987496153,-0.0,-0.00047668774687403825,-0.0,0.0
2023-11-14,0.03880154585347251,0.0,0.009700386463368127,0.0,0.0
2023-11-15,0.0042342375022181855,0.0,0.0010585593755545464,0.0,0.0
2023-11-16,0.0024459195453925275,0.0,0.0006114798863481319,0.0,0.0
2023-11-17,0.002487826948614824,0.0,0.000621956737153706,0.0,0.0
2023-11-20,0.015395222931315455,0.0,0.003848805732828864,0.0,0.0
2023-11-21,-0.004358876134934908,-0.0,-0.001089719033733727,-0.0,0.0
2023-11-22,0.007721830717366096,0.0,0.001930457679341524,0.0,0.0
2023-11-24,0.0012306802369472791,-0.0,0.0003076700592368198,-0.0,0.0
2023-11-27,-0.003601948210861128,-0.0,0.0,-0.0,0.0
2023-11-28,0.001980184438967303,0.0,0.0,0.0,0.0
2023-11-29,-0.0014068490878216267,-0.0,-0.00035171227195540666,-0.0,0.0
2023-11-30,0.00787484191413812,-0.0,0.00196871047853453,-0.0,0.0
2023-12-01,0.011831677704194465,0.0,0.0029579194260486164,0.0,0.0
2023-12-04,-0.01049846122785203,-0.0,-0.0026246153069630074,-0.0,0.0
2023-12-05,-0.00039420310477344955,0.0,0.0,0.0,0.0
2023-12-06,-0.008059657073603343,-0.0,0.0,-0.0,0.0
2023-12-07,0.015260824075915114,0.0,0.0038152060189787784,0.0,0.0
2023-12-08,0.008598387055216428,0.0,0.002149596763804107,0.0,0.0
2023-12-11,0.007779186212807598,0.0,0.0019447965532018996,0.0,0.0
2023-12-12,0.009134122903736497,0.0,0.002283530725934124,0.0,0.0
2023-12-13,0.027580491492727344,0.0,0.006895122873181836,0.0,0.0
2023-12-14,0.006418564438591456,-0.0,0.001604641109647864,-0.0,0.0
2023-12-15,-0.0032927335805394975,0.0,-0.0008231833951348744,0.0,0.0
2023-12-18,0.011249861947360884,0.0,0.002812465486840221,0.0,0.0
2023-12-19,0.01216186821263232,0.0,0.00304046705315808,0.0,0.0
2023-12-20,-0.027714630922406114,-0.0,0.0,-0.0,0.0
2023-12-21,0.01896378040222757,0.0,0.0,0.0,0.0
2023-12-22,0.004019612876930534,0.0,0.0010049032192326335,0.0,0.0
2023-12-26,0.00844481880462089,0.0,0.0021112047011552226,0.0,0.0
2023-12-27,0.00361627149447985,0.0,0.0009040678736199625,0.0,0.0
2023-12-28,0.0007553259262960133,-0.0,0.0001888314815740033,-0.0,0.0
2023-12-29,-0.005789830012548514,-0.0,0.0,-0.0,0.0
2024-01-02,-0.011192638519259335,-0.0,0.0,-0.0,-0.003917423481740767
2024-01-03,-0.01633345257530827,-0.0,0.0,-0.0,-0.005716708401357895
2024-01-04,-0.006442051934143933,-0.0,0.0,-0.0,-0.0022547181769503764
2024-01-05,0.002739277242840288,0.0,0.0,0.0,0.0009587470349941006
2024-01-08,0.02855191587325434,0.0,0.007137978968313585,0.0,0.009993170555639018
2024-01-09,-0.003034255491791704,0.0,-0.000758563872947926,0.0,-0.0010619894221270965
2024-01-10,0.011310848699432885,0.0,0.0028277121748582212,0.0,0.00395879704480151
2024-01-11,-0.0008811869546168083,0.0,-0.00022029673865420207,0.0,-0.00030841543411588287
2024-01-12,0.0013852951095278954,0.0,0.00034632377738197384,0.0,0.00048485328833476333
2024-01-16,-0.00734242896544024,-0.0,0.0,-0.0,-0.002569850137904084
2024-01-17,-0.01111708200234518,-0.0,0.0,-0.0,-0.0038909787008208126
2024-01-18,0.017785331393997517,0.0,0.004446332848499379,0.0,0.00622486598789913
2024-01-19,0.02493246333606436,0.0,0.00623311583401609,0.0,0.008726362167622525
2024-01-22,0.004228697266407178,0.0,0.0010571743166017944,0.0,0.001480044043242512
2024-01-23,0.005832886706190532,0.0,0.001458221676547633,0.0,0.0020415103471666863
2024-01-24,0.002186469049737738,0.0,0.0005466172624344345,0.0,0.0007652641674082083
2024-01-25,0.010877639827751473,0.0,0.0027194099569378682,0.0,0.0038071739397130154
2024-01-26,-0.002540693698948493,-0.0,-0.0006351734247371232,-0.0,-0.0008892427946319725
2024-01-29,0.015838705018337063,0.0,0.003959676254584266,0.0,0.0055435467564179716
2024-01-30,-0.0015469664464151656,-0.0,-0.0003867416116037914,-0.0,-0.000541438256245308
2024-01-31,-0.03263460054387601,-0.0,0.0,-0.0,-0.011422110190356605
2024-02-01,0.02617637205390322,0.0,0.0,0.0,0.009161730218866126
2024-02-02,0.021054589645812083,0.0,0.005263647411453021,0.0,0.007369106376034228
2024-02-05,-0.007282328279716532,-0.0,-0.001820582069929133,-0.0,-0.002548814897900786
2024-02-06,0.005806612208986817,-0.0,0.0,-0.0,0.0020323142731453856
2024-02-07,0.016680913494858896,0.0,0.004170228373714724,0.0,0.005838319723200613
2024-02-08,0.0008832452406899449,0.0,0.00022081131017248623,0.0,0.0003091358342414807
2024-02-09,0.011558923704307666,0.0,0.0028897309260769166,0.0,0.004045623296507683
2024-02-12,-0.0008777822428094328,-0.0,-0.0002194455607023582,-0.0,-0.0003072237849833015
2024-02-13,-0.027546172966606886,-0.0,0.0,-0.0,-0.00964116053831241
2024-02-14,0.018175214228780323,0.0,0.0,0.0,0.006361324980073113
2024-02-15,0.01379960025386806,0.0,0.003449900063467015,0.0,0.004829860088853821
2024-02-16,-0.009960088810906376,-0.0,-0.002490022202726594,-0.0,-0.003486031083817231
2024-02-20,-0.011010593633173249,-0.0,0.0,-0.0,-0.003853707771610637
2024-02-21,0.001811780944308783,-0.0,0.0,-0.0,0.0006341233305080739
2024-02-22,0.041390818064984014,0.0,0.010347704516246004,0.0,0.014486786322744404
2024-02-23,0.0013793552583099,-0.0,0.000344838814577475,-0.0,0.000482774340408465
2024-02-26,-0.0073253523270457865,-0.0,0.0,-0.0,-0.002563873314466025
2024-02-27,0.0037156170938712485,0.0,0.0,0.0,0.001300465982854937
2024-02-28,-0.0026434174920826337,-0.0,-0.0006608543730206584,-0.0,-0.0009251961222289217
2024-02-29,0.007190166856541946,0.0,0.0017975417141354866,0.0,0.002516558399789681
2024-03-01,0.018776427804236384,0.0,0.004694106951059096,0.0,0.006571749731482734
2024-03-04,-0.002144789493845556,-0.0,-0.000536197373461389,-0.0,-0.0007506763228459445
2024-03-05,-0.01998831396290468,-0.0,0.0,-0.0,-0.006995909887016638
2024-03-06,0.010134555924889543,0.0,0.0,0.0,0.00354709457371134
2024-03-07,0.019852946513824854,0.0,0.0049632366284562135,0.0,0.006948531279838698
2024-03-08,-0.01200463505631677,-0.0,-0.0030011587640791926,-0.0,-0.004201622269710869
2024-03-11,-0.0017195960352593964,-0.0,0.0,-0.0,-0.0006018586123407887
2024-03-12,0.021514735615352443,0.0,0.005378683903838111,0.0,0.007530157465373354
2024-03-13,-0.003135012702426332,-0.0,-0.000783753175606583,-0.0,-0.001097254445849216
2024-03-14,-0.00395345146973014,-0.0,0.0,-0.0,-0.001383708014405549
2024-03-15,-0.013733320578052988,-0.0,0.0,-0.0,-0.004806662202318545
2024-03-18,0.011886179776031902,0.0,0.0,0.0,0.004160162921611165
2024-03-19,0.01111475473786605,0.0,0.0027786886844665126,0.0,0.0038901641582531174
2024-03-20,0.018498184096241044,0.0,0.004624546024060261,0.0,0.006474364433684365
2024-03-21,0.006609537125793263,0.0,0.0016523842814483158,0.0,0.002313337994027642
2024-03-22,-0.0037915812027413676,0.0,-0.0009478953006853419,0.0,-0.0013270534209594786
2024-03-25,-0.005525982210410785,-0.0,0.0,-0.0,-0.0019340937736437745
2024-03-26,-0.0036937140283730407,-0.0,0.0,-0.0,-0.0012927999099305641
2024-03-27,0.01680768168679858,0.0,0.004201920421699645,0.0,0.005882688590379503
2024-03-28,-0.0003821717020497939,-0.0,-9.554292551244847e-05,-0.0,-0.00013376009571742785
2024-04-01,-0.0034797658601537496,0.0,0.0,0.0,-0.0012179180510538123
2024-04-02,-0.012716044460297393,-0.0,0.0,-0.0,-0.0044506155611040875
2024-04-03,0.0021967269611784523,0.0,0.0,0.0,0.0007688544364124583
2024-04-04,0.012206082819510522,-0.0,0.0,-0.0,-0.008544257973657364
2024-04-05,0.020894009920770618,0.0,0.0,0.0,0.0073129034722697155
2024-04-08,0.0011184069659124773,0.0,0.00027960174147811934,0.0,0.00039144243806936706
2024-04-09,0.0023135457773810764,0.0,0.0005783864443452691,0.0,0.0008097410220833767
2024-04-10,0.010013018898953119,-0.0,0.0,-0.0,-0.0070091132292671825
2024-04-11,0.015093733423451994,0.0,0.0,0.0,0.005282806698208197
2024-04-12,-0.027606089286008384,-0.0,0.0,-0.0,-0.009662131250102934
2024-04-15,0.012528161637780588,-0.0,0.0,-0.0,-0.00876971314644641
2024-04-16,0.001823810860570263,0.0,0.0,0.0,-0.001276667602399184
2024-04-17,0.005918240509064643,-0.0,0.0,-0.0,-0.00414276835634525
2024-04-18,0.0020576643124392557,-0.0,0.0,-0.0,-0.001440365018707479
2024-04-19,0.0087284351797835,-0.0,0.0,-0.0,-0.00610990462584845
2024-04-22,-0.009209144977934569,0.0,0.0046045724889672845,0.0,0.006446401484554198
2024-04-23,-0.01186673480222633,0.0,0.005933367401113165,0.0,0.00830671436155843
2024-04-24,0.0004746073037222853,0.0,-0.00023730365186114266,0.0,-0.0003322251126055997
2024-04-25,0.0037990942614892775,-0.0,0.0,-0.0,-0.002659365983042494
2024-04-26,-0.009474010854581882,0.0,0.004737005427290941,0.0,0.006631807598207317
2024-04-29,-0.00354149125067571,0.0,0.001770745625337855,0.0,0.002479043875472997
2024-04-30,0.015841338037677177,-0.0,0.0,-0.0,-0.011088936626374023
2024-05-01,0.003247151355315059,-0.0,0.0,-0.0,-0.002273005948720541
2024-05-02,-0.00935353217794499,0.0,0.004676766088972495,0.0,0.006547472524561493
2024-05-03,-0.01239529665298389,0.0,0.006197648326491945,0.0,0.008676707657088722
2024-05-06,-0.010326733512277864,0.0,0.005163366756138932,0.0,0.007228713458594504
2024-05-07,0.0022067436697121856,0.0,0.0005516859174280464,0.0,0.0007723602843992649
2024-05-08,-9.683834295448612e-05,-0.0,4.841917147724306e-05,-0.0,6.778684006814029e-05
2024-05-09,0.01152385582855997,0.0,0.0028809639571399925,0.0,0.004033349539995989
2024-05-10,0.002576087149221973,0.0,0.0006440217873054932,0.0,0.0009016305022276904
2024-05-13,0.00026828481019425254,0.0,6.707120254856314e-05,0.0,9.389968356798839e-05
2024-05-14,0.009177110417638357,0.0,0.002294277604409589,0.0,0.0032119886461734245
2024-05-15,0.024765092432271096,0.0,0.006191273108067774,0.0,0.008667782351294883
2024-05-16,-0.004114618306782614,-0.0,-0.0010286545766956534,-0.0,-0.0014401164073739147
2024-05-17,0.0028755039020218476,-0.0,0.0,-0.0,0.0010064263657076466
2024-05-20,0.002304091143384035,0.0,0.0005760227858460087,0.0,0.0008064319001844122
2024-05-21,0.004904595578456572,0.0,0.001226148894614143,0.0,0.0017166084524598
2024-05-22,-0.005758114932152836,-0.0,0.0,-0.0,-0.0020153402262534925
2024-05-23,-0.014608779545867812,-0.0,0.0,-0.0,-0.005113072841053733
2024-05-24,0.013232782476554128,0.0,0.0,0.0,0.0046314738667939444
2024-05-28,0.001397927057682491,0.0,0.00034948176442062273,0.0,0.0004892744701888718
2024-05-29,-0.014005380112652954,-0.0,0.0,-0.0,-0.0049018830394285335
2024-05-30,-0.013267291198990394,-0.0,0.0,-0.0,-0.004643551919646638
2024-05-31,0.018216274201881877,-0.0,0.004554068550470469,-0.0,0.0063756959706586566
2024-06-03,0.0016305590040905926,0.0,0.00040763975102264816,0.0,0.0005706956514317074
2024-06-04,0.002235957479849837,0.0,0.0005589893699624593,0.0,0.000782585117947443
2024-06-05,0.023770333619319572,0.0,0.005942583404829893,0.0,0.00831961676676185
2024-06-06,-3.741855909078495e-05,-0.0,-9.354639772696238e-06,-0.0,-1.3096495681774733e-05
2024-06-07,-0.0024315502354723684,-0.0,0.0,-0.0,-0.0008510425824153288
2024-06-10,0.006179820072918396,0.0,0.001544955018229599,0.0,0.0021629370255214385
2024-06-11,0.004816205345143043,0.0,0.0012040513362857608,0.0,0.001685671870800065
2024-06-12,0.01642592840343582,0.0,0.004106482100858955,0.0,0.005749074941202536
2024-06-13,0.004027528179358253,0.0,0.0010068820448395632,0.0,0.0014096348627753883
2024-06-14,0.0012168717107408078,0.0,0.00030421792768520195,0.0,0.00042590509875928273
2024-06-17,0.015917526960678607,0.0,0.003979381740169652,0.0,0.005571134436237512
2024-06-18,0.005081181891318565,0.0,0.0012702954728296412,0.0,0.0017784136619614975
2024-06-20,-0.005433062896046836,-0.0,0.0,-0.0,-0.0019015720136163925
2024-06-21,-0.0026809553417943555,-0.0,0.0,-0.0,-0.0009383343696280243
2024-06-24,-0.006501482364531741,-0.0,0.0,-0.0,-0.0022755188275861093
2024-06-25,0.007701927284556209,0.0,0.0019254818211390523,0.0,0.002695674549594673
2024-06-26,0.0024958458807162742,0.0,0.0006239614701790686,0.0,0.0008735460582506959
2024-06-27,0.003153047197346659,0.0,0.0007882617993366647,0.0,0.0011035665190713305
2024-06-28,-0.007869982298870148,-0.0,0.0,-0.0,-0.0027544938046045516
2024-07-01,0.004116005770469666,0.0,0.0,0.0,0.001440602019664383
2024-07-02,0.013459250735083028,0.0,0.003364812683770757,0.0,0.004710737757279059
2024-07-03,0.008925491387292261,0.0,0.0022313728468230654,0.0,0.0031239219855522912
2024-07-05,0.011533166668813877,0.0,0.002883291667203469,0.0,0.004036608334084857
2024-07-08,0.002307430767526153,0.0,0.0005768576918815382,0.0,0.0008076007686341535
2024-07-09,0.0019449597708693922,0.0,0.00048623994271734805,0.0,0.0006807359198042872
2024-07-10,0.019790388361760947,0.0,0.004947597090440237,0.0,0.006926635926616331
2024-07-11,-0.017245006705244315,-0.0,-0.0,-0.0,-0.00603575234683551
2024-07-12,0.0126153134594289,0.0,0.0,0.0,0.004415359710800115
2024-07-15,0.005500240435202919,0.0,0.0013750601088007297,0.0,0.0019250841523210215
2024-07-16,0.011860161826739546,0.0,0.0029650404566848865,0.0,0.00415105663935884
2024-07-17,-0.028041907630836693,-0.0,0.0,-0.0,-0.009814667670792842
2024-07-18,-0.015370070591995022,-0.0,0.0,-0.0,-0.0053795247071982575
2024-07-19,-0.013281433856301206,-0.0,0.0,-0.0,-0.004648501849705422
2024-07-22,0.020619851025248437,0.0,0.005154962756312109,0.0,0.0072169478588369525
2024-07-23,-0.0031370430515338388,-0.0,-0.0007842607628834597,-0.0,-0.0010979650680368435
2024-07-24,0.02266248082266531,-0.0,0.0,-0.0,-0.015863736575865716
2024-07-25,0.005210507280628107,-0.0,0.0,-0.0,-0.003647355096439675
2024-07-26,0.02239965775824926,0.0,0.005599914439562315,0.0,0.00783988021538724
2024-07-29,-0.0005876651219949292,0.0,0.0002938325609974646,0.0,0.0004113655853964504
2024-07-30,0.00506634976860687,-0.0,0.0,-0.0,-0.003546444838024809
2024-07-31,-0.01625458557234216,0.0,0.00812729278617108,0.0,0.011378209900639513
2024-08-01,0.014160914265491042,-0.0,-0.007080457132745521,-0.0,-0.009912639985843729
2024-08-02,0.018618386879309612,-0.0,0.0,-0.0,-0.013032870815516727
2024-08-05,0.029123700429442123,-0.0,0.0,-0.0,-0.020386590300609485
2024-08-06,-0.009219404666640063,0.0,0.0,0.0,0.006453583266648044
2024-08-07,0.006683817912419565,-0.0,-0.0033419089562097826,-0.0,-0.004678672538693696
2024-08-08,-0.023117253053390074,0.0,0.011558626526695037,0.0,0.01618207713737305
2024-08-09,-0.00440963576112674,0.0,0.00220481788056337,0.0,0.003086745032788718
2024-08-12,-0.0005252242697109111,0.0,0.00026261213485545554,0.0,0.00036765698879763774
2024-08-13,-0.016445894947884288,0.0,0.008222947473942144,0.0,0.011512126463519
2024-08-14,-0.0031548363560858217,0.0,0.0015774181780429108,0.0,0.002208385449260075
2024-08-15,0.0342802575116643,0.0,0.008570064377916076,0.0,0.011998090129082505
2024-08-16,-0.0022419791525347676,0.0,0.0011209895762673838,0.0,0.0015693854067743373
2024-08-19,0.019122966683886577,0.0,0.004780741670971644,0.0,0.006693038339360302
2024-08-20,-0.00325222772142153,-0.0,-0.0008130569303553825,-0.0,-0.0011382797024975355
2024-08-21,0.006873105219591391,0.0,0.0017182763048978478,0.0,0.002405586826856987
2024-08-22,-0.015697154414156422,-0.0,0.0,-0.0,-0.005494004044954748
2024-08-23,0.021250618887245665,0.0,0.005312654721811416,0.0,0.0074377166105359825
2024-08-26,-0.004767338641684216,-0.0,-0.001191834660421054,-0.0,-0.0016685685245894754
2024-08-27,0.0027461970305244776,0.0,0.0,0.0,0.0009611689606835671
2024-08-28,-0.011610721228829446,-0.0,0.0,-0.0,-0.004063752430090306
2024-08-29,0.00017859793920305123,-0.0,0.0,-0.0,6.250927872106792e-05
2024-08-30,0.019092647221320203,0.0,0.004773161805330051,0.0,0.0066824265274620705
2024-09-03,-0.04115776672194582,-0.0,0.0,-0.0,-0.014405218352681036
2024-09-04,-0.004093978641053653,-0.0,0.0,-0.0,-0.0014328925243687783
2024-09-05,-0.00486430419207462,0.0,0.0,0.0,-0.0017025064672261169
2024-09-06,-0.033660542623458634,-0.0,0.0,-0.0,-0.01178118991821052
2024-09-09,0.02239240263698905,0.0,0.0,0.0,0.007837340922946167
2024-09-10,0.008711800050137608,0.0,0.002177950012534402,0.0,0.0030491300175481627
2024-09-11,0.02051766565562163,0.0,0.005129416413905408,0.0,0.00718118297946757
2024-09-12,0.01684657069537021,0.0,0.004211642673842553,0.0,0.005896299743379574
2024-09-13,0.01044592300353564,0.0,0.00261148075088391,0.0,0.0036560730512374736
2024-09-16,0.002953359671171718,-0.0,0.0007383399177929295,-0.0,0.0010336758849101013
2024-09-17,0.0008171381099595365,0.0,0.00020428452748988413,0.0,0.00028599833848583776
2024-09-18,-0.005931460814805556,-0.0,0.0,-0.0,-0.0020760112851819445
2024-09-19,0.03412853426490692,0.0,0.00853213356622673,0.0,0.01194498699271742
2024-09-20,-0.0034570537419380543,-0.0,-0.0008642634354845136,-0.0,-0.0012099688096783188
2024-09-23,0.004997867990335081,0.0,0.0012494669975837702,0.0,0.001749253796617278
2024-09-24,0.005722445991757752,0.0,0.001430611497939438,0.0,0.002002856097115213
2024-09-25,-0.004411122920167321,0.0,-0.0011027807300418302,0.0,-0.0015438930220585622
2024-09-26,0.00792949621312422,0.0,0.001982374053281055,0.0,0.002775323674593477
2024-09-27,-0.0029005088972062776,-0.0,-0.0007251272243015694,-0.0,-0.0010151781140221971
2024-09-30,0.008014239419151359,0.0,0.0020035598547878397,0.0,0.0028049837967029753
2024-10-01,-0.017916648709592087,-0.0,0.0,-0.0,-0.00627082704835723
2024-10-02,0.000843944924617368,0.0,0.0,0.0,0.00029538072361607877
2024-10-03,-0.0036565714858634024,-0.0,0.0,-0.0,-0.0012798000200521908
2024-10-04,0.018174759814070462,0.0,0.004543689953517616,0.0,0.006361165934924661
2024-10-07,-0.01808113283796864,-0.0,0.0,-0.0,-0.006328396493289023
2024-10-08,0.018915303606335865,0.0,0.004728825901583966,0.0,0.006620356262217552
2024-10-09,0.013852924218976437,0.0,0.003463231054744109,0.0,0.0048485234766417525
2024-10-10,-0.0035001225591908547,-0.0,-0.0008750306397977137,-0.0,-0.001225042895716799
2024-10-11,0.01197653608295468,0.0,0.00299413402073867,0.0,0.004191787629034138
2024-10-14,0.016356686521604047,0.0,0.004089171630401012,0.0,0.005724840282561416
2024-10-15,-0.01553925563705505,-0.0,-0.0038848139092637624,-0.0,-0.005438739472969267
2024-10-16,0.00869278029876508,0.0,0.0,0.0,0.0030424731045677776
2024-10-17,0.00017178020413455286,0.0,4.2945051033638215e-05,0.0,6.0123071447093494e-05
2024-10-18,0.0076929584806633144,0.0,0.0019232396201658286,0.0,0.00269253546823216
2024-10-21,-0.003284622311476637,0.0,-0.0008211555778691593,0.0,-0.0011496178090168228
2024-10-22,-0.0010623974328731745,0.0,0.0,0.0,-0.00037183910150561105
2024-10-23,-0.01827464000414114,-0.0,0.0,-0.0,-0.006396124001449399
2024-10-24,0.004325669303323565,0.0,0.0,0.0,0.0015139842561632476
2024-10-25,-0.0006907506979907385,0.0,-0.00017268767449768463,0.0,-0.00024176274429675847
2024-10-28,0.006182637926946288,0.0,0.001545659481736572,0.0,0.0021639232744312007
2024-10-29,0.0032369995617611558,0.0,0.0008092498904402889,0.0,0.0011329498466164044
2024-10-30,-0.006050249083929815,-0.0,0.0,-0.0,-0.0021175871793754353
2024-10-31,0.019603163593925776,-0.0,0.0,-0.0,-0.013722214515748043
2024-11-01,0.008440900476346602,0.0,0.0,0.0,0.0029543151667213107
2024-11-04,0.0021541242792295634,-0.0,-0.0010770621396147817,-0.0,-0.0015078869954606943
2024-11-05,-0.012092037786568532,0.0,0.006046018893284266,0.0,0.008464426450597973
2024-11-06,0.04973116599880134,0.0,0.012432791499700335,0.0,0.017405908099580467
2024-11-07,0.015464330411963711,0.0,0.003866082602990928,0.0,0.005412515644187299
2024-11-08,0.008663274805915666,0.0,0.0021658187014789165,0.0,0.003032146182070483
2024-11-11,0.0019056519488946932,-0.0,0.0004764129872236733,-0.0,0.0006669781821131426
2024-11-12,-0.006212687583496468,-0.0,0.0,-0.0,-0.0021744406542237634
2024-11-13,0.0009715389264024488,-0.0,0.0,-0.0,0.00034003862424085706
2024-11-14,-0.0128602423714681,-0.0,0.0,-0.0,-0.004501084830013834
2024-11-15,-0.02561721110692039,-0.0,0.0,-0.0,-0.008966023887422136
2024-11-18,0.008194763412534556,0.0,0.0,0.0,0.0028681671943870946
2024-11-19,0.007310542895961891,0.0,0.0018276357239904728,0.0,0.002558690013586662
2024-11-20,0.0006780192617674707,-0.0,0.00016950481544186768,-0.0,0.00023730674161861475
2024-11-21,0.010736682046869728,0.0,0.002684170511717432,0.0,0.0037578387164044044
2024-11-22,0.006198766797876232,0.0,0.001549691699469058,0.0,0.002169568379256681
2024-11-25,0.006784095882500729,0.0,0.0016960239706251823,0.0,0.002374433558875255
2024-11-26,0.010442961835090081,0.0,0.0026107404587725203,0.0,0.0036550366422815283
2024-11-27,-0.006060119597062208,-0.0,-0.001515029899265552,-0.0,-0.0021210418589717728
2024-11-29,0.01242412980772345,0.0,0.0031060324519308624,0.0,0.004348445432703207
2024-12-02,0.003584723505798859,0.0,0.0008961808764497148,0.0,0.0012546532270296005
2024-12-03,0.0009277709618187302,0.0,0.00023194274045468255,0.0,0.00032471983663655556
2024-12-04,0.012419000424576776,0.0,0.003104750106144194,0.0,0.004346650148601871
2024-12-05,-0.0032912007157006595,-0.0,-0.0008228001789251649,-0.0,-0.0011519202504952307
2024-12-06,0.003791477930837228,0.0,0.000947869482709307,0.0,0.0013270172757930297
2024-12-09,-0.010299455966708004,-0.0,0.0,-0.0,-0.003604809588347801
2024-12-10,-0.006218237746079991,-0.0,0.0,-0.0,-0.0021763832111279966
2024-12-11,0.015461533696659036,0.0,0.003865383424164759,0.0,0.0054115367938306624
2024-12-12,-0.010305594284292896,-0.0,-0.002576398571073224,-0.0,-0.0036069579995025134
2024-12-13,-0.0003970380672326801,0.0,0.0,0.0,-0.00013896332353143803
2024-12-16,0.008540172765389542,0.0,0.0021350431913473855,0.0,0.0029890604678863395
2024-12-17,-0.008240309879883778,-0.0,-0.0020600774699709445,-0.0,-0.002884108457959322
2024-12-18,0.02980337089337326,-0.0,0.0,-0.0,-0.02086235962536128
2024-12-19,0.00030710525847288395,-0.0,0.0,-0.0,-0.00021497368093101874
2024-12-20,-0.01201088957923413,0.0,0.006005444789617065,0.0,0.00840762270546389
2024-12-23,-0.005988323763746806,0.0,0.002994161881873403,0.0,0.004191826634622763
2024-12-24,0.022229714406853063,0.0,0.005557428601713266,0.0,0.0077804000423985714
2024-12-26,0.00013366519648672082,-0.0,3.3416299121680204e-05,-0.0,4.6782818770352286e-05
2024-12-27,0.010526614947115709,-0.0,0.0,-0.0,-0.007368630462980996
2024-12-30,0.011411608606290868,-0.0,0.0,-0.0,-0.007988126024403608
2024-12-31,0.0036380505985887934,-0.0,0.0,-0.0,-0.002546635419012155
2025-01-02,0.002457043731384778,-0.0,0.0,-0.0,-0.0017199306119693445
2025-01-03,-0.01250336668616514,0.0,0.00625168334308257,0.0,0.008752356680315598
2025-01-06,-0.00576066668960995,0.0,0.002880333344804975,0.0,0.0040324666827269645
2025-01-07,0.011304015371139453,-0.0,0.0,-0.0,-0.007912810759797616
2025-01-08,-0.0014608337808474925,0.0,0.0,0.0,0.0010225836465932447
2025-01-10,0.015267378437752055,-0.0,0.0,-0.0,-0.010687164906426438
2025-01-13,-0.0015505471876331445,-0.0,0.0,-0.0,0.0010853830313432011
2025-01-14,-0.0013759292368293874,-0.0,0.0006879646184146937,-0.0,0.0009631504657805711
2025-01-15,-0.018189978739041157,0.0,0.009094989369520579,0.0,0.012732985117328809
2025-01-16,0.0019230696913771217,-0.0,-0.0009615348456885608,-0.0,-0.001346148783963985
2025-01-17,0.020079695852127433,0.0,0.005019923963031858,0.0,0.007027893548244601
2025-01-21,0.01830716871374305,0.0,0.004576792178435762,0.0,0.006407509049810067
2025-01-22,0.011242524201943382,0.0,0.0028106310504858456,0.0,0.003934883470680183
2025-01-23,0.01091645360757365,0.0,0.0027291134018934127,0.0,0.0038207587626507777
2025-01-24,-0.005838556509466519,-0.0,-0.0014596391273666298,-0.0,-0.0020434947783132817
2025-01-27,0.014145367696859479,-0.0,0.0,-0.0,-0.009901757387801635
2025-01-28,0.017184689177712098,0.0,0.0,0.0,0.006014641212199234
2025-01-29,-0.00896583922250449,-0.0,-0.0022414598056261226,-0.0,-0.0031380437278765716
2025-01-30,0.01073415681421297,0.0,0.0026835392035532424,0.0,0.0037569548849745392
2025-01-31,-0.010643899422703162,-0.0,-0.0026609748556757906,-0.0,-0.0037253647979461064
2025-02-03,-0.01345929805748991,-0.0,0.0,-0.0,-0.0047107543201214686
2025-02-04,0.01341665508230827,0.0,0.0,0.0,0.004695829278807895
2025-02-05,0.008109206866885987,0.0,0.002027301716721497,0.0,0.0028382224034100953
2025-02-06,0.006951228060538828,0.0,0.001737807015134707,0.0,0.0024329298211885897
2025-02-07,-0.018306962395358672,-0.0,0.0,-0.0,-0.006407436838375535
2025-02-10,0.013581971977082219,0.0,0.0,0.0,0.004753690191978776
2025-02-11,0.0015214736939737072,-0.0,0.0003803684234934268,-0.0,0.0005325157928907975
2025-02-12,-0.006442985754724573,0.0,0.0,0.0,-0.0022550450141536004
2025-02-13,0.0211151363389126,0.0,0.00527878408472815,0.0,0.007390297718619409
2025-02-14,-9.850741963979281e-05,0.0,-2.4626854909948204e-05,0.0,-3.447759687392748e-05
2025-02-18,0.005871737631555796,0.0,0.001467934407888949,0.0,0.0020551081710445283
2025-02-19,0.0047098866000019335,0.0,0.0011774716500004834,0.0,0.0016484603100006766
2025-02-20,-0.008320526035209053,-0.0,0.0,-0.0,-0.002912184112323168
2025-02-21,0.01710418249222523,-0.0,0.0,-0.0,-0.01197292774455766
2025-02-24,0.004550376782922472,-0.0,0.0,-0.0,-0.00318526374804573
2025-02-25,0.004973156463911055,-0.0,0.0,-0.0,-0.003481209524737738
2025-02-26,-0.0005046465936875411,0.0,0.0,0.0,0.00035325261558127874
2025-02-27,0.01596193074154484,-0.0,0.0,-0.0,-0.011173351519081387
2025-02-28,-0.015605610136830705,0.0,0.0,0.0,0.010923927095781494
2025-03-03,0.017519874487343268,-0.0,0.0,-0.0,-0.012263912141140287
2025-03-04,0.011836787382579095,-0.0,0.0,-0.0,-0.008285751167805366
2025-03-05,-0.010747807056854963,0.0,0.0,0.0,0.007523464939798474
2025-03-06,0.01775110099433308,-0.0,0.0,-0.0,-0.012425770696033156
2025-03-07,-0.0056047542726263,0.0,0.0,0.0,0.0039233279908384095
2025-03-10,0.026635448353614644,-0.031005103392038703,0.0,-0.03875637924004838,-0.01864481384753025
2025-03-11,0.008313067974960453,-0.0019123173022683737,0.0,-0.002390396627835467,-0.005819147582472317
2025-03-12,-0.005306664456809607,0.009024717818021877,0.0,0.011280897272527346,0.0037146651197667246
2025-03-13,0.01333052797936185,-0.014392478517030849,0.0,-0.01799059814628856,-0.009331369585553294
2025-03-14,-0.020655716387676826,0.01933636666529619,0.010327858193838413,0.024170458331620237,0.014459001471373778
2025-03-17,-0.007711215958055018,0.005186978975053514,0.003855607979027509,0.006483723718816892,0.005397851170638512
2025-03-18,0.010808338656692396,-0.013637867244792545,0.0,-0.01704733405599068,-0.007565837059684676
2025-03-19,-0.010890785314426,0.010705096759078893,0.0,0.013381370948848614,0.007623549720098199
2025-03-20,0.0028915839446995717,-0.0027116183073447432,-0.0014457919723497858,-0.003389522884180929,-0.0020241087612897003
2025-03-21,-0.0003298107530131933,0.0026373314845800524,0.0,0.0032966643557250652,0.0002308675271092353
2025-03-24,-0.017908555198050014,0.0,0.008954277599025007,0.0,0.012535988638635009
2025-03-25,-0.0024038818271738815,0.0,0.0012019409135869408,0.0,0.001682717279021717
2025-03-26,0.011938232984461727,-0.0,0.0,-0.0,-0.008356763089123209
2025-03-27,0.002655751809027329,-0.004558353045970432,0.0,-0.005697941307463039,-0.0018590262663191303
2025-03-28,0.02013839279979468,-0.021062210399764327,0.0,-0.026327762999705406,-0.014096874959856275
2025-03-31,-0.006712883545730408,-3.410887873211976e-05,0.0,-4.2636098415149704e-05,0.004699018482011285
2025-04-01,-0.002824468752555598,0.006448788658105009,0.001412234376277799,0.008060985822631261,0.001977128126788918
2025-04-02,-0.00632832407041195,0.005838797069235824,0.003164162035205975,0.00729849633654478,0.004429826849288365
2025-04-03,0.049280806450378245,-0.042826800033283256,0.0,-0.053533500041604065,-0.03449656451526477
2025-04-04,0.05854295896778716,-0.049687114098088084,0.0,-0.0621088926226101,-0.04098007127745101
2025-04-07,0.0017811321197329644,0.0019305053479804714,0.0,0.002413131684975589,-0.001246792483813075
2025-04-08,0.015662774916941125,-0.014406733352175394,0.0,-0.018008416690219242,-0.010963942441858786
2025-04-09,-0.1050192812545172,0.09602467021133894,0.0525096406272586,0.12003083776417367,0.07351349687816204
2025-04-10,0.04381899412347667,-0.03402578990772245,-0.021909497061738337,-0.04253223738465306,-0.03067329588643367
2025-04-11,-0.01784258783073711,0.014738421269886004,0.0,0.018423026587357505,0.012489811481515976
2025-04-14,-0.009701669248105338,0.00542252075896883,0.004850834624052669,0.006778150948711037,0.006791168473673736
2025-04-15,0.0028009238239182777,0.0008918327670116356,-0.0014004619119591388,0.0011147909587645444,-0.001960646676742794
2025-04-16,0.02222803272207108,-0.02412273404109229,0.0,-0.030153417551365358,-0.015559622905449754
2025-04-17,-0.0014268092873082061,-0.00014409609867680473,0.0,-0.0001801201233460059,0.0009987665011157443
2025-04-21,0.02380270230206527,-0.0197973659884787,0.0,-0.024746707485598374,-0.016661891611445687
2025-04-22,-0.026017758916625056,0.02100168205642916,0.013008879458312528,0.02625210257053645,0.018212431241637538
2025-04-23,-0.015495355748962103,0.018142417825388613,0.0077476778744810515,0.022678022281735766,0.010846749024273471
2025-04-24,-0.021049019601060648,0.0225097431268539,0.010524509800530324,0.028137178908567373,0.014734313720742452
2025-04-25,-0.0072253777163768795,0.008918374932867401,0.0036126888581884398,0.011147968666084251,0.0050577644014638155
2025-04-28,-0.00038118993595781525,-0.00025396077183410527,0.00019059496797890763,-0.0003174509647926316,0.00026683295517047065
2025-04-29,-0.006299453156047408,0.0,0.003149726578023704,0.0,0.004409617209233185
2025-04-30,-0.000396812712974981,-0.0,0.0001984063564874905,-0.0,0.0002777688990824867
2025-05-01,0.014174054088956112,0.0,0.003543513522239028,0.0,0.004960918931134639
2025-05-02,0.02968825825450727,0.0,0.007422064563626818,0.0,0.010390890389077544
2025-05-05,-0.01146837108087384,-0.0,-0.00286709277021846,-0.0,-0.004013929878305844
2025-05-06,-0.016717077982026707,-0.0,0.0,-0.0,-0.005850977293709347
2025-05-07,0.008411316654541867,0.0,0.0,0.0,0.0029439608290896535
2025-05-08,0.013935359461930474,0.0,0.0034838398654826186,0.0,0.004877375811675666
2025-05-09,-0.0025482308183193414,-0.0,-0.0006370577045798353,-0.0,-0.0008918807864117694
2025-05-12,0.06609479666854634,0.0,0.016523699167136585,0.0,0.023133178833991217
2025-05-13,0.013207880634340086,0.0,0.0033019701585850214,0.0,0.004622758222019029
2025-05-14,0.0025559086609807657,0.0,0.0006389771652451914,0.0,0.0008945680313432679
2025-05-15,0.009768684797643257,0.0,0.002442171199410814,0.0,0.0034190396791751398
2025-05-16,0.012668156488598203,0.0,0.003167039122149551,0.0,0.004433854771009371
2025-05-19,0.0021876281813386633,0.0,0.0005469070453346658,0.0,0.0007656698634685321
2025-05-20,-0.006724256099591042,-0.0,0.0,-0.0,-0.0023534896348568644
2025-05-21,-0.03370158680968616,-0.0,0.0,-0.0,-0.011795555383390154
2025-05-22,0.0007890823205629616,0.0,0.0,0.0,0.00027617881219703654
2025-05-23,-0.01365156348199359,-0.0,0.0,-0.0,-0.004778047218697756
2025-05-27,0.0415813398756284,0.0,0.0103953349689071,0.0,0.014553468956469938
2025-05-28,-0.011570830162523915,-0.0,-0.002892707540630979,-0.0,-0.00404979055688337
2025-05-29,0.007894975668660376,0.0,0.0,0.0,0.002763241484031131
2025-05-30,-0.0022371226555697454,-0.0,-0.0005592806638924364,-0.0,-0.0007829929294494108
2025-06-02,0.011265803453647916,0.0,0.002816450863411979,0.0,0.003943031208776771
2025-06-03,0.011405180764303413,0.0,0.0028512951910758533,0.0,0.003991813267506195
2025-06-04,-0.0005366805963347154,0.0,-0.00013417014908367886,0.0,-0.0001878382087171504
2025-06-05,-0.009665744299294232,-0.0,0.0,-0.0,-0.0033830105047529813
2025-06-06,0.020537959717925602,0.0,0.005134489929481401,0.0,0.00718828590127396
2025-06-09,0.0018025657762885672,0.0,0.0004506414440721418,0.0,0.0006308980217009985
2025-06-10,0.011339535230386666,0.0,0.0028348838075966665,0.0,0.003968837330635333
2025-06-11,-0.0057040333295219625,-0.0,-0.0014260083323804906,-0.0,-0.001996411665332687
2025-06-12,0.007948452194308953,0.0,0.001987113048577238,0.0,0.0027819582680081332
2025-06-13,-0.02235992428829059,-0.0,0.0,-0.0,-0.007825973500901705
2025-06-16,0.019028184172885432,0.0,0.0,0.0,0.006659864460509901
2025-06-17,-0.0170900650731578,-0.0,-0.00427251626828945,-0.0,-0.00598152277560523
2025-06-18,-0.00030147814174985577,-0.0,0.0,-0.0,-0.00010551734961244952
2025-06-20,-0.004696865456618182,-0.0,0.0,-0.0,-0.0016439029098163638
2025-06-23,0.019754544660780304,0.0,0.004938636165195076,0.0,0.006914090631273106
2025-06-24,0.022094625377198973,0.0,0.005523656344299743,0.0,0.00773311888201964
2025-06-25,0.0011205263775622143,0.0,0.0002801315943905536,0.0,0.00039218423214677496
2025-06-26,0.015647966875485864,0.0,0.003911991718871466,0.0,0.005476788406420052
2025-06-27,0.009936662528402529,0.0,0.0024841656321006322,0.0,0.0034778318849408847
2025-06-30,0.00956221097825427,0.0,0.0023905527445635677,0.0,0.0033467738423889944
2025-07-01,-0.0006471594323487206,-0.0,-0.00016178985808718016,-0.0,-0.0002265058013220522
2025-07-02,0.009066553031631841,0.0,0.0022666382579079603,0.0,0.003173293561071144
2025-07-03,0.015762970323373704,0.0,0.003940742580843426,0.0,0.005517039613180796
2025-07-07,-0.014904229561633509,-0.0,-0.003726057390408377,-0.0,-0.005216480346571728
2025-07-08,-0.0010954324354905953,0.0,0.0,0.0,-0.00038340135242170836
2025-07-09,0.01199325353442271,0.0,0.0029983133836056775,0.0,0.004197638737047948
2025-07-10,0.005640423170810038,-0.0,0.0014101057927025096,-0.0,0.0019741481097835132
2025-07-11,-0.007030651721605885,-0.0,0.0,-0.0,-0.0024607281025620597
2025-07-14,0.0038164318582931678,0.0,0.0,0.0,0.0013357511504026086
2025-07-15,-0.008546530288393361,0.0,0.0,0.0,-0.002991285600937676
2025-07-16,0.0066863822370302195,0.0,0.0,0.0,0.0023402337829605767
2025-07-17,0.012239379955035101,0.0,0.0030598449887587753,0.0,0.004283782984262285
2025-07-18,-0.001464825804220915,-0.0,-0.00036620645105522875,-0.0,-0.0005126890314773202
2025-07-21,0.003792350331333072,0.0,0.000948087582833268,0.0,0.0013273226159665752
2025-07-22,0.0002862423264491376,-0.0,7.15605816122844e-05,-0.0,0.00010018481425719815
2025-07-23,0.01701488648406224,0.0,0.00425372162101556,0.0,0.005955210269421784
2025-07-24,0.0006622992187121923,0.0,0.00016557480467804808,0.0,0.0002318047265492673
2025-07-25,0.008448505236097859,0.0,0.0021121263090244646,0.0,0.0029569768326342502
2025-07-28,-0.0005020071106081048,0.0,-0.0001255017776520262,0.0,-0.00017570248871283666
2025-07-29,-0.005275297204164087,-0.0,0.0,-0.0,-0.0018463540214574302
2025-07-30,-0.002518662022086282,0.0,0.0,0.0,-0.0008815317077301986
2025-07-31,-0.0075024530533991385,-0.0,0.0,-0.0,-0.002625858568689698
2025-08-01,-0.032780739039522944,-0.0,0.0,-0.0,-0.01147325866383303
2025-08-04,0.03039942735990042,0.0,0.0,0.0,0.010639799575965147
2025-08-05,-0.010139738101138107,-0.0,-0.002534934525284527,-0.0,-0.003548908335398337
2025-08-06,0.015319358988383325,0.0,0.003829839747095831,0.0,0.005361775645934163
2025-08-07,-0.0016752479920516539,0.0,-0.00041881199801291347,0.0,-0.0005863367972180788
2025-08-08,0.01559514539911655,0.0,0.0038987863497791375,0.0,0.0054583008896907925
2025-08-11,-0.003955079294789998,-0.0,-0.0009887698236974996,-0.0,-0.0013842777531764992
2025-08-12,0.021292035324564473,0.0,0.005323008831141118,0.0,0.007452212363597565
2025-08-13,0.006846294913606332,0.0,0.001711573728401583,0.0,0.002396203219762216
2025-08-14,0.00018612180383525967,-0.0,4.653045095881492e-05,-0.0,6.514263134234088e-05
2025-08-15,-0.00468257971356123,-0.0,0.0,-0.0,-0.0016389028997464304
2025-08-18,-0.0004350715500418545,-0.0,0.0,-0.0,-0.00015227504251464906
2025-08-19,-0.010850450461139305,-0.0,0.0,-0.0,-0.0037976576613987564
2025-08-20,-0.005314167261293301,-0.0,0.0,-0.0,-0.0018599585414526552
2025-08-21,0.004011822287558586,-0.0,0.0,-0.0,-0.0028082756012910103
2025-08-22,0.0307135794027662,0.0,0.00767839485069155,0.0,0.010749752790968169
2025-08-25,-0.008802124184923654,-0.0,-0.0022005310462309136,-0.0,-0.003080743464723279
2025-08-26,0.008374072699781632,0.0,0.0,0.0,0.002930925444923571
2025-08-27,0.004557026564018685,0.0,0.0011392566410046712,0.0,0.0015949592974065395
2025-08-28,0.00708291584477827,0.0,0.0017707289611945676,0.0,0.0024790205456723946
2025-08-29,-0.01192755178524374,-0.0,0.0,-0.0,-0.004174643124835308
2025-09-02,-0.014820591111748493,-0.0,0.0,-0.0,-0.005187206889111972
2025-09-03,0.010839119426815369,0.0,0.0,0.0,0.0037936917993853787
2025-09-04,0.01671510335401649,0.0,0.004178775838504123,0.0,0.005850286173905771
2025-09-05,-0.005792864829108124,0.0,-0.001448216207277031,0.0,-0.0020275026901878435
2025-09-08,0.004913654887925389,0.0,0.0,0.0,0.0017197792107738862
2025-09-09,0.004623461048033128,0.0,0.001155865262008282,0.0,0.0016182113668115948
2025-09-10,0.005781708558009413,0.0,0.0014454271395023532,0.0,0.0020235979953032945
2025-09-11,0.016620340711888115,0.0,0.004155085177972029,0.0,0.00581711924916084
2025-09-12,-0.0006692258862937006,0.0,-0.00016730647157342515,0.0,-0.0002342290602027952
2025-09-15,0.01064809210057538,0.0,0.002662023025143845,0.0,0.0037268322352013825
2025-09-16,-0.0027537715811294383,-0.0,-0.0006884428952823596,-0.0,-0.0009638200533953034
2025-09-17,-0.0024848705850972763,-0.0,0.0,-0.0,-0.0008697047047840467
2025-09-18,0.009344890284660679,0.0,0.0023362225711651696,0.0,0.0032707115996312374
2025-09-19,0.009905749550664034,0.0,0.0024764373876660084,0.0,0.0034670123427324117
2025-09-22,0.009462015936192447,0.0,0.002365503984048112,0.0,0.0033117055776673565
2025-09-23,-0.010886949679615121,-0.0,0.0,-0.0,-0.0038104323878652923
2025-09-24,-0.006363266905227372,-0.0,0.0,-0.0,-0.00222714341682958
2025-09-25,-0.009226994976944125,-0.0,0.0,-0.0,-0.0032294482419304438
2025-09-26,0.011458288733988464,0.0,0.002864572183497116,0.0,0.004010401056895962
2025-09-29,0.005620732882279711,0.0,0.0014051832205699277,0.0,0.001967256508797899
2025-09-30,0.007533733518223951,0.0,0.0018834333795559877,0.0,0.0026368067313783826
2025-10-01,0.0068151388518660205,0.0,0.0017037847129665051,0.0,0.002385298598153107
2025-10-02,0.002303423206079902,0.0,0.0005758558015199755,0.0,0.0008061981221279657
2025-10-03,-2.9534724443225358e-05,-0.0,-7.383681110806339e-06,-0.0,-1.0337153555128874e-05
2025-10-06,0.007172457820672218,0.0,0.0017931144551680545,0.0,0.0025103602372352762
2025-10-07,-0.007414984501923794,-0.0,0.0,-0.0,-0.0025952445756733276
2025-10-08,0.011926104825584538,0.0,0.0029815262063961345,0.0,0.004174136688954588
2025-10-09,-0.005794016758474907,-0.0,-0.0014485041896187267,-0.0,-0.0020279058654662173
2025-10-10,0.02702782789908964,-0.0,0.0,-0.0,-0.018919479529362748
2025-10-13,0.030688149386417507,0.0,0.0,0.0,0.010740852285246127
2025-10-14,-0.002443309606913413,-0.0,-0.0006108274017283533,-0.0,-0.0008551583624196945
2025-10-15,0.008879231733358584,0.0,0.002219807933339646,0.0,0.0031077311066755042
2025-10-16,0.006810260525524803,-0.0,0.0,-0.0,-0.004767182367867362
2025-10-17,-0.005676300358907982,0.0,0.0,0.0,0.003973410251235587
2025-10-20,0.020800950799243267,0.0,0.005200237699810817,0.0,0.007280332779735143
2025-10-21,-2.9991840025056504e-05,-0.0,-7.497960006264126e-06,-0.0,-1.0497144008769776e-05
2025-10-22,-0.010397631925841422,-0.0,0.0,-0.0,-0.003639171174044497
2025-10-23,0.011859782380999384,0.0,0.002964945595249846,0.0,0.004150923833349784
2025-10-24,0.01634514220926153,0.0,0.004086285552315383,0.0,0.005720799773241535
2025-10-27,0.023595424046297886,0.0,0.0058988560115744715,0.0,0.008258398416204259
2025-10-28,0.005311997913182154,0.0,0.0013279994782955384,0.0,0.0018591992696137536
2025-10-29,0.0009605953976117299,0.0,0.00024014884940293246,0.0,0.0003362083891641054
2025-10-30,-0.021996289838382754,-0.0,0.0,-0.0,-0.007698701443433964
2025-10-31,0.006560561221431005,0.0,0.0,0.0,0.0022961964275008515
2025-11-03,0.003753374175929025,0.0,0.0009383435439822563,0.0,0.0013136809615751587
2025-11-04,-0.023707079884895066,-0.0,0.0,-0.0,-0.008297477959713272
2025-11-05,0.006930778393992476,0.0,0.0,0.0,0.0024257724378973665
2025-11-06,-0.021458666425332007,-0.0,0.0,-0.0,-0.007510533248866202
2025-11-07,0.0019690151627536068,-0.0,0.0,-0.0,0.0006891553069637623
2025-11-10,0.03120886958302105,0.0,0.007802217395755262,0.0,0.010923104354057366
2025-11-11,0.004578299404891517,-0.0,0.0011445748512228793,-0.0,0.001602404791712031
2025-11-12,0.0011127972128841535,-0.0,0.00027819930322103836,-0.0,0.0003894790245094537
2025-11-13,-0.033188042941475704,-0.0,0.0,-0.0,-0.011615815029516495
2025-11-14,-0.0003271721991680021,0.0,0.0,0.0,-0.00011451026970880073
2025-11-17,0.009316523930962162,-0.0,0.0,-0.0,-0.006521566751673513
2025-11-18,0.00839746055820656,-0.0,0.0,-0.0,-0.005878222390744592
2025-11-19,-0.003863199783587179,0.0,0.0,0.0,0.002704239848511025
2025-11-20,0.015242336682765423,-0.0,0.0,-0.0,-0.010669635677935795
2025-11-21,-0.009961222976632822,0.0,0.0,0.0,0.006972856083642975
2025-11-24,-0.014718507062180475,0.0,0.007359253531090237,0.0,0.010302954943526331
2025-11-25,-0.00940589965210692,0.0,0.00470294982605346,0.0,0.006584129756474843
2025-11-26,-0.006903575013019525,0.0,0.0034517875065097625,0.0,0.004832502509113667
2025-11-28,0.010916812677229881,0.0,0.0027292031693074703,0.0,0.0038208844370304583
2025-12-01,0.004565415602551193,-0.0,-0.0022827078012755964,-0.0,-0.0031957909217858347
2025-12-02,0.003704418548224009,0.0,0.0,0.0,0.001296546491878403
2025-12-03,0.006925535586520759,0.0,0.0017313838966301898,0.0,0.0024239374552822656
2025-12-04,0.0014621123079967546,-0.0,0.00036552807699918866,-0.0,0.0005117393077988641
2025-12-05,0.0037990736854189855,0.0,0.0009497684213547464,0.0,0.0013296757898966448
2025-12-08,-0.006008555029349383,-0.0,0.0,-0.0,-0.0021029942602722837
2025-12-09,-0.0017262899339232085,0.0,0.0,0.0,-0.000604201476873123
2025-12-10,0.01326453601802946,0.0,0.003316134004507365,0.0,0.004642587606310311
2025-12-11,0.004653896261054502,-0.0,0.0011634740652636255,-0.0,0.0016288636913690756
2025-12-12,-0.02150411599019253,-0.0,0.0,-0.0,-0.007526440596567385
2025-12-15,-0.003021595766308449,-0.0,0.0,-0.0,-0.0010575585182079571
2025-12-16,-0.00546459519055742,0.0,0.0,0.0,-0.0019126083166950967
2025-12-17,-0.022007240204082734,-0.0,0.0,-0.0,-0.007702534071428956
2025-12-18,0.015102665155229733,0.0,0.0,0.0,0.005285932804330406
2025-12-19,0.01812689095890363,0.0,0.0045317227397259074,0.0,0.00634441183561627
2025-12-22,0.012459784556640319,0.0,0.0031149461391600797,0.0,0.004360924594824111
2025-12-23,0.009140909636865757,0.0,0.0022852274092164393,0.0,0.003199318372903015
2025-12-24,0.0070352406110649746,0.0,0.0017588101527662436,0.0,0.0024623342138727407
2025-12-26,-0.00020283006448629237,-0.0,-5.070751612157309e-05,-0.0,-7.099052257020233e-05
2025-12-29,-0.007127256414109606,-0.0,0.0,-0.0,-0.002494539744938362
2025-12-30,-0.0024422014691645177,-0.0,0.0,-0.0,-0.0008547705142075812
2025-12-31,-0.014817934746781392,-0.0,0.0,-0.0,-0.005186277161373487
2026-01-02,0.003666079466903671,-0.0,0.0,-0.0,0.0012831278134162849
2026-01-05,0.013320227632126258,0.0,0.0033300569080315645,0.0,0.00466207967124419
2026-01-06,0.011894366746178608,0.0,0.002973591686544652,0.0,0.004163028361162512
2026-01-07,-0.006446713584454811,0.0,-0.0016116783961137027,0.0,-0.0022563497545591837
2026-01-08,-0.00020306536397152186,-0.0,0.0,-0.0,-7.107287739003264e-05
2026-01-09,0.013226684788185228,0.0,0.003306671197046307,0.0,0.004629339675864829
2026-01-12,0.0031409076235435762,0.0,0.0007852269058858941,0.0,0.0010993176682402516
2026-01-13,-0.003998950211740571,-0.0,0.0,-0.0,-0.0013996325741091997
2026-01-14,-0.009830474683237167,-0.0,0.0,-0.0,-0.0034406661391330083
2026-01-15,0.0054464287930588995,0.0,0.0,0.0,0.0019062500775706146
2026-01-16,-0.0016757479817908205,-0.0,-0.00041893699544770513,-0.0,-0.0005865117936267872
2026-01-20,0.020356785723545046,-0.0,0.0,-0.0,-0.01424975000648153
2026-01-21,0.023082158404188924,0.0,0.0,0.0,0.008078755441466122
2026-01-22,0.010446460039455374,0.0,0.0026116150098638435,0.0,0.0036562610138093808
2026-01-23,-0.0003627802397405677,0.0,0.00018139011987028386,0.0,0.0002539461678183974
2026-01-26,0.010156294121219656,0.0,0.002539073530304914,0.0,0.003554702942426879
2026-01-27,0.007968529459369211,0.0,0.001992132364842303,0.0,0.002788985310779224
2026-01-28,-0.00020133980729974965,0.0,-5.033495182493741e-05,0.0,-7.046893255491238e-05
2026-01-29,-0.003968764897939625,-0.0,0.0,-0.0,-0.0013890677142788686
2026-01-30,-0.005965160520806423,-0.0,0.0,-0.0,-0.0020878061822822477
2026-02-02,0.009942724261871039,0.0,0.0024856810654677597,0.0,0.003479953491654863
2026-02-03,0.00845539643070059,-0.0,0.0,-0.0,-0.005918777501490413
2026-02-04,0.004843921678897134,-0.0,0.0,-0.0,-0.0033907451752279937
2026-02-05,0.012489211256201727,-0.0,0.0,-0.0,-0.008742447879341208
2026-02-06,-0.019184711840951385,0.0,0.009592355920475693,0.0,0.013429298288665969
2026-02-09,-0.004821832103010459,0.0,0.0024109160515052297,0.0,0.0033752824721073214
2026-02-10,0.002637160432080843,-0.0,-0.0013185802160404214,-0.0,-0.00184601230245659
2026-02-11,-0.00046211762883263674,0.0,0.0,0.0,-0.00016174117009142285
2026-02-12,0.0154488742279012,-0.0,0.0,-0.0,-0.010814211959530839
2026-02-13,-0.0007044854938154099,0.0,0.0,0.0,0.000493139845670787
2026-02-17,0.0032269329414500447,-0.0,0.0008067332353625112,-0.0,0.0011294265295075155
2026-02-18,0.010075517083234065,0.0,0.002518879270808516,0.0,0.0035264309791319223
2026-02-19,0.0026374339404172664,-0.0,-0.0013187169702086332,-0.0,-0.0018462037582920863
2026-02-20,0.014463729178245899,0.0,0.0036159322945614747,0.0,0.005062305212386064
2026-02-23,0.010211314710874664,-0.0,0.0,-0.0,-0.007147920297612264
2026-02-24,-0.00726845293039502,0.0,0.0,0.0,0.005087917051276513
2026-02-25,-0.008438348943581309,0.0,0.004219174471790654,0.0,0.005906844260506916
2026-02-26,0.005554476391621099,-0.0,-0.0027772381958105496,-0.0,-0.0038881334741347694
2026-02-27,0.004801943258527341,-0.0,0.0,-0.0,-0.003361360280969139
2026-03-02,-0.0005685787823312971,0.0,0.0,0.0,0.00039800514763190794
2026-03-03,0.00881433848279567,-0.0,0.0,-0.0,-0.0061700369379569684
2026-03-04,-0.007055308353084655,0.0,0.0,0.0,0.004938715847159258
2026-03-05,-0.011151093692787661,-0.0,-0.0027877734231969153,-0.0,-0.0039028827924756813
2026-03-06,0.013107135070836495,-0.0,0.0,-0.0,-0.009174994549585546
2026-03-09,-0.008760025013039074,0.0,0.0,0.0,0.006132017509127351
2026-03-10,0.0016071269053671289,0.0,-0.0008035634526835644,0.0,-0.00112498883375699
2026-03-11,0.0012551629285171284,-0.0,0.0,-0.0,-0.0008786140499619898
2026-03-12,0.015184948869363502,-0.0,0.0,-0.0,-0.01062946420855445
2026-03-13,0.005660109501006372,-0.0,0.0,-0.0,-0.00396207665070446
2026-03-16,-0.010176866111483163,0.0,0.005088433055741581,0.0,0.007123806278038213
2026-03-17,-0.00263055486997521,0.0,0.001315277434987605,0.0,0.001841388408982647
2026-03-18,0.013953645387120184,-0.0,0.0,-0.0,-0.009767551770984128
2026-03-19,0.0024643404851918405,-0.0,0.0,-0.0,-0.0017250383396342883
2026-03-20,0.01433577587250423,-0.014785376951142038,0.0,-0.018481721188927547,-0.010035043110752961
2026-03-23,-0.01050001924493782,0.0,0.0,0.0,0.007350013471456473
2026-03-24,0.0033568497522664664,-0.0,-0.0016784248761332332,-0.0,-0.0023497948265865263
2026-03-25,-0.0055727589473859585,0.0,0.0027863794736929792,0.0,0.003900931263170171
2026-03-26,0.017858744158138706,-0.01909432019606179,0.0,-0.023867900245077234,-0.012501120910697093
2026-03-27,0.017051883523327982,-0.01562935759322839,0.0,-0.019536696991535485,-0.011936318466329587
2026-03-30,0.0033434623831846144,-0.006114668366945609,0.0,-0.00764333545868201,-0.00234042366822923
2026-03-31,-0.02906792569891481,0.027083130167073755,0.014533962849457405,0.03385391270884219,0.020347547989240364
2026-04-01,-0.007534463782890022,0.0,0.003767231891445011,0.0,0.005274124648023015
2026-04-02,-0.0009004744280911581,0.0,0.00045023721404557904,0.0,0.0006303320996638106
2026-04-06,-0.004726797348638012,0.0,0.002363398674319006,0.0,0.003308758144046608
2026-04-07,-0.0004400741058487867,0.0,0.00022003705292439335,0.0,0.0003080518740941507
2026-04-08,0.05093910927665535,0.0,0.012734777319163837,0.0,0.01782868824682937
2026-04-09,0.01153818234217674,0.0,0.002884545585544185,0.0,0.004038363819761859
2026-04-10,-0.0013235610290991406,0.0,-0.00033089025727478516,0.0,-0.0004632463601846992
2026-04-13,0.019544795568703588,0.0,0.004886198892175897,0.0,0.006840678449046255
2026-04-14,0.02436976150474024,0.0,0.00609244037618506,0.0,0.008529416526659082
2026-04-15,0.01578198973407785,0.0,0.003945497433519463,0.0,0.005523696406927247
2026-04-16,0.004914623245208638,0.0,0.0012286558113021595,0.0,0.0017201181358230233
2026-04-17,0.024171370260448022,0.0,0.0060428425651120055,0.0,0.008459979591156807
2026-04-20,-0.003999335105811408,-0.0,-0.000999833776452852,-0.0,-0.0013997672870339926
2026-04-21,-0.01309389830987251,-0.0,0.0,-0.0,-0.004582864408455378
2026-04-22,0.020253393676141318,0.0,0.0050633484190353295,0.0,0.007088687786649461
2026-04-23,-0.007761447899650387,-0.0,-0.0019403619749125967,-0.0,-0.0027165067648776352
2026-04-24,0.01549859592004843,0.0,0.0038746489800121076,0.0,0.00542450857201695
2026-04-27,0.003445612977404089,0.0,0.0008614032443510222,0.0,0.0012059645420914311
2026-04-28,-0.009731897456292327,-0.0,0.0,-0.0,-0.0034061641097023142
2026-04-29,-0.00030908218798963993,0.0,0.0,0.0,-0.00010817876579637397
2026-04-30,0.019899254854408355,0.0,0.004974813713602089,0.0,0.006964739199042924
2026-05-01,0.005538227656741945,0.0,0.0013845569141854863,0.0,0.0019383796798596808
2026-05-04,-0.0073267593394839015,-0.0,0.0,-0.0,-0.0025643657688193652
2026-05-05,0.016044371769984522,0.0,0.004011092942496131,0.0,0.005615530119494582
2026-05-06,0.027798878890035184,0.0,0.006949719722508796,0.0,0.009729607611512314
2026-05-07,-0.006132210314652609,-0.0,-0.0015330525786631521,-0.0,-0.002146273610128413
2026-05-08,0.016512146002484407,0.0,0.004128036500621102,0.0,0.005779251100869542
2026-05-11,0.004555171190863128,0.0,0.001138792797715782,0.0,0.0015943099168020947
2026-05-12,-0.003029879982903827,-0.0,-0.0007574699957259567,-0.0,-0.0010604579940163394
2026-05-13,0.011189696073560462,0.0,0.0027974240183901156,0.0,0.003916393625746161
2026-05-14,0.01578851253744551,0.0,0.003947128134361377,0.0,0.005525979388105928
2026-05-15,-0.024058703785449165,-0.0,0.0,-0.0,-0.008420546324907206
2026-05-18,-0.0014068712423809249,-0.0,0.0,-0.0,-0.0004924049348333237
2026-05-19,-0.01332171876448629,-0.0,0.0,-0.0,-0.0046626015675702015
2026-05-20,0.020498057136620673,0.0,0.005124514284155168,0.0,0.007174319997817235
2026-05-21,0.003966194139966461,0.0,0.0009915485349916153,0.0,0.0013881679489882613
2026-05-22,0.00786310873679108,0.0,0.00196577718419777,0.0,0.002752088057876878
2026-05-26,0.013277217181980383,0.0,0.0033193042954950958,0.0,0.004647026013693134
2026-05-27,-0.0003464071681238412,-0.0,-8.66017920309603e-05,-0.0,-0.00012124250884334442
2026-05-28,0.011033109005324615,0.0,0.0027582772513311538,0.0,0.003861588151863615
2026-05-29,0.004982785432381398,0.0,0.0012456963580953495,0.0,0.001743974901333489
2026-06-01,0.00544627118173624,0.0,0.00136156779543406,0.0,0.0019061949136076838
2026-06-02,0.002715820725899487,0.0,0.0006789551814748718,0.0,0.0009505372540648204
2026-06-03,-0.014034301087322065,-0.0,0.0,-0.0,-0.0049120053805627225
2026-06-04,0.007557373403678014,-0.0,0.0,-0.0,0.0026450806912873045
2026-06-05,0.0258093996346227,-0.0,0.0,-0.0,-0.018066579744235887
2026-06-08,-0.0022642301373410056,0.0,0.0,0.0,0.001584961096138704
2026-06-09,0.002935503633772485,-0.0,0.0,-0.0,-0.0020548525436407394
2026-06-10,0.015765545498457323,-0.0,0.0,-0.0,-0.011035881848920126
2026-06-11,-0.016996839411566045,0.0,0.008498419705783022,0.0,0.011897787588096231
2026-06-12,0.010816499082520359,0.0,0.0027041247706300897,0.0,0.0037857746788821254
