ma_window,bubble_threshold,mom_lookback,hold_hours,top_n,total_return,annual_return,sharpe,max_drawdown,win_rate,n_trades
1000,-0.8,3,8,5,0.020444414639976705,0.0034666760699564314,3.072677037445663,-0.020808306182151903,43.28358208955223,67
252,-0.6,6,65,20,0.04929200116690757,0.008261581418173458,2.7354828169522616,-0.04455656315130563,11.475409836065573,61
500,-0.4,3,52,5,0.0446475742405783,0.007497048508566584,2.349829791698553,-0.04859930953053293,21.73913043478261,69
500,-0.4,3,52,20,0.040516787877734606,0.006814696218250926,2.1591324706918145,-0.04903769062119068,11.594202898550725,69
500,-0.4,3,52,10,0.03954014966369068,0.006653040090210505,2.112448065115663,-0.04944850545556834,18.84057971014493,69
1000,-0.8,3,8,10,0.004705868494405685,0.0008031251620259638,0.920548219735316,-0.018226051835533275,43.28358208955223,67
252,-0.2,20,52,20,0.00593132353303405,0.001011755091747002,0.41864241753213555,-0.07856299317589888,16.19047619047619,105
252,-0.1,10,52,20,0.003343004505051983,0.0005708538743034453,0.3076455175468084,-0.0813827385144753,12.5,112
252,-0.1,13,52,10,0.003239596966021052,0.0005532195772022241,0.3038178885182293,-0.08271616254012037,15.178571428571427,112
252,-0.1,20,52,20,0.0019871829930206975,0.0003395231563090295,0.2563457160759729,-0.08044518536390743,14.285714285714285,112
252,-0.1,13,52,20,0.0010093031510465256,0.00017251584460731273,0.21941794018612776,-0.08384706221753535,10.714285714285714,112
252,-0.1,6,20,10,-0.032580457934030305,-0.005647933183650311,-0.40884172257955104,-0.18585966153824496,26.5625,256
252,-0.1,6,20,20,-0.04658806633280144,-0.008124785549176172,-0.6676099874700234,-0.19667978659095375,22.265625,256
252,-0.1,6,40,10,-0.02977992936779117,-0.00515630836775427,-0.8647401351861876,-0.10942306402724078,13.043478260869565,138
252,-0.1,6,40,20,-0.03482826627791291,-0.006043383784511747,-1.0440231878478379,-0.11415509097540733,12.318840579710146,138
252,-0.1,3,40,20,-0.03529395778180533,-0.00612540703936959,-1.059933434265533,-0.11162749527335825,13.768115942028986,138
252,-0.1,3,40,10,-0.03780373587421004,-0.006568025690045887,-1.1458264615494194,-0.11510898460452212,19.565217391304348,138
500,-0.8,52,2,5,-0.09235839182204886,-0.0164340623996988,-1.7291659319445352,-0.2013405800611826,43.342776203966004,353
500,-0.8,3,4,5,-0.05044897145168836,-0.008812779684086891,-2.3076424875830295,-0.106871864347314,42.63157894736842,190
1000,-0.8,3,4,5,-0.042434020610331524,-0.007387129784348523,-2.434073238359003,-0.08372206901114954,36.440677966101696,118
252,-0.3,3,13,5,-0.11930737580558382,-0.021490333324956867,-2.5281259705204238,-0.1915890211424749,33.86581469648562,313
500,-0.8,13,2,5,-0.1578255410465529,-0.02894470022299811,-2.5723490338026536,-0.24545200228476138,41.64305949008499,353
500,-0.8,6,2,5,-0.17173767555001596,-0.03170666627244145,-2.6507037148711694,-0.2877370540243249,42.492917847025495,353
1000,-0.8,10,2,10,-0.10894545477676498,-0.01953120910471884,-2.6708316899366173,-0.15427000999747298,36.23853211009174,218
500,-0.8,10,2,5,-0.17479109390002212,-0.03231800082583658,-2.69962412308591,-0.26456948996237895,39.09348441926346,353
1000,-0.8,3,4,10,-0.03745187034588526,-0.0065059138571307296,-2.7056921314549056,-0.06922432200261741,39.83050847457627,118
500,-0.8,26,2,5,-0.1373612466764349,-0.024949895473685313,-2.781945792435938,-0.24476728534027692,40.79320113314447,353
1000,-0.8,3,2,10,-0.11680615679178397,-0.021015686273702205,-2.8120438892749604,-0.1724752384440693,40.36697247706422,218
252,-0.1,6,20,5,-0.12064106101295202,-0.02174387878961237,-2.9513426200072796,-0.18364160783884675,32.421875,256
252,-0.3,3,13,10,-0.13595090567632817,-0.02467748929152802,-3.0175668497751444,-0.20601205108215115,31.309904153354633,313
500,-0.8,26,4,5,-0.06107542797179044,-0.010718409436968224,-3.0207013414208013,-0.14366947940765906,41.578947368421055,190
252,-0.1,3,20,10,-0.12360156356370433,-0.02230783798402558,-3.074186323957193,-0.18655514045975607,26.171875,256
500,-0.8,3,2,5,-0.20111063033096843,-0.037666753999441305,-3.1006147214399027,-0.3304533722905071,39.94334277620396,353
1000,-0.8,3,8,20,-0.01497211255349995,-0.0025762242095478394,-3.190588901695455,-0.026570330158271482,40.298507462686565,67
252,-0.3,3,13,20,-0.14075902709252286,-0.025607693293737577,-3.1933631876522486,-0.20162589024726185,30.35143769968051,313
500,-0.8,20,2,5,-0.18085207421566707,-0.033537065387772125,-3.2126605516322404,-0.26120517381346664,42.20963172804532,353
1000,-0.8,3,2,5,-0.1665309595641612,-0.03066850907957075,-3.333764083550652,-0.21488991453706896,41.74311926605505,218
252,-0.1,3,20,20,-0.13446926993234032,-0.02439170932507051,-3.405335573227272,-0.1941269910821125,22.265625,256
252,-0.7,10,2,5,-0.3652446859975248,-0.07477738511476362,-3.6599824434784884,-0.4677786145345091,37.85942492012779,626
500,-0.8,40,2,5,-0.1958936504225155,-0.036595050840960264,-3.7501791699091327,-0.2747459322186516,42.492917847025495,353
252,-0.2,6,6,5,-0.3218368734824273,-0.064252625496244,-3.8012225491505616,-0.3715826726366297,41.607898448519045,709
252,-0.7,52,2,5,-0.31706345965650784,-0.0631296274553359,-3.8850926315110965,-0.44261746746750097,41.533546325878596,626
500,-0.8,3,2,10,-0.21609740888054985,-0.040778032572918566,-3.9144462630759196,-0.3242589851356181,38.243626062322946,353
500,-0.8,10,2,10,-0.21450793618475972,-0.04044572950202141,-4.017512719072355,-0.24889026548372273,36.54390934844193,353
252,-0.7,6,4,5,-0.1548780191405521,-0.028364391947329426,-4.04037131990406,-0.22400646141034442,40.05763688760807,347
252,-0.4,3,8,5,-0.235770729375683,-0.044937979184278554,-4.057915182430428,-0.29942733450560677,35.23809523809524,420
500,-0.8,52,4,5,-0.08302716224879425,-0.014712297499509752,-4.0660373690503295,-0.14705829481556854,40.526315789473685,190
252,-0.5,6,2,5,-0.6328390990604278,-0.15745778269052935,-4.08118066946863,-0.6821885225659292,40.75235109717868,1276
252,-0.7,20,6,5,-0.0928719695242376,-0.016529251254591926,-4.102975111690955,-0.15464797301944655,43.6,250
252,-0.5,26,2,5,-0.5690107274930176,-0.1340460620385624,-4.1075407101149795,-0.6437195286421973,40.98746081504702,1276
252,-0.7,6,2,5,-0.3835994783072343,-0.079408071360618,-4.2169193729277215,-0.46587967403112296,40.415335463258785,626
500,-0.8,20,4,5,-0.0939577772024498,-0.01673064701443061,-4.237836242007498,-0.15446286346765992,42.63157894736842,190
252,-0.7,3,2,5,-0.4319735467233411,-0.09218424833083871,-4.246332398169164,-0.5369432141117632,38.81789137380191,626
500,-0.8,6,2,10,-0.21784905378626163,-0.04114488776779257,-4.259351759063808,-0.2903824577848113,40.226628895184135,353
252,-0.5,40,2,5,-0.6001128025500521,-0.14506631153063987,-4.263254524580771,-0.6573684837476427,42.241379310344826,1276
1000,-0.8,10,2,5,-0.17161092788048093,-0.03168133013254526,-4.271270138430397,-0.2295159045955314,33.94495412844037,218
252,-0.7,26,2,5,-0.3339514149197238,-0.06713240687485134,-4.279190763977656,-0.4279859092769599,40.73482428115016,626
1000,-0.8,3,2,20,-0.1555558475059997,-0.02849769410156322,-4.304822629875899,-0.18924278575203135,38.53211009174312,218
252,-0.2,6,4,5,-0.48482452916135443,-0.10721857814671676,-4.342207732615392,-0.5558588997882734,40.21421616358325,1027
252,-0.7,40,2,5,-0.34264853677121987,-0.06922672032123689,-4.342833782930912,-0.44010911633427796,42.01277955271566,626
500,-0.8,52,2,10,-0.17605301584937683,-0.032571201978704445,-4.36662221473834,-0.2527170318189521,39.09348441926346,353
252,-0.7,10,4,5,-0.18037684239921148,-0.033441210792141685,-4.398938358580189,-0.2657627705005531,40.92219020172911,347
1000,-0.7,13,2,5,-0.31362162050763487,-0.06232392757469263,-4.427564071986592,-0.34565084245107436,35.56910569105691,492
252,-0.7,3,4,5,-0.18581145143769906,-0.03454013603534756,-4.4310782217577795,-0.2809947229174329,39.19308357348703,347
1000,-0.8,10,2,20,-0.15002275863526537,-0.02741213593548797,-4.511864981090608,-0.19007870954067663,35.77981651376147,218
252,-0.5,52,2,5,-0.616320026776453,-0.1510934392137988,-4.548385190397853,-0.693010614387769,41.61442006269592,1276
252,-0.8,52,2,5,-0.2064021212490209,-0.03875970681626706,-4.550588890941521,-0.25056643505262544,39.811912225705335,319
252,-0.2,6,2,5,-0.8133249331104654,-0.24948771162070804,-4.566180305974949,-0.8232981218147865,40.0,1985
252,-0.7,20,2,5,-0.36989309195565145,-0.07593951615798322,-4.566413281816282,-0.44792852937914873,41.054313099041536,626
252,-0.7,13,6,5,-0.11463101221180427,-0.02060382221106294,-4.57039279819585,-0.16954642009594567,41.6,250
252,-0.2,6,8,5,-0.29726022328122303,-0.05853908242728045,-4.5779281714294,-0.3436350509526176,36.90036900369004,542
252,-0.4,3,8,10,-0.24611253577994985,-0.047160483903499695,-4.593085366191465,-0.3079895498706402,36.19047619047619,420
1000,-0.8,13,2,5,-0.15921387410456145,-0.029218618803557916,-4.618051055000428,-0.20627680477419486,34.862385321100916,218
1000,-0.7,10,2,10,-0.3199645071859326,-0.06381135206938171,-4.629872289926658,-0.3586117336502842,35.97560975609756,492
1000,-0.8,6,8,5,-0.022932341801622735,-0.003959170270917189,-4.639858867496796,-0.03619070044407635,37.3134328358209,67
500,-0.8,40,2,10,-0.19315627339225305,-0.036035026380374924,-4.6635762206705085,-0.2636146320431527,40.50991501416431,353
252,-0.3,6,2,5,-0.7816999179283788,-0.2291319013984907,-4.673423198014724,-0.7896696539046485,39.64632059326868,1753
500,-0.8,13,4,5,-0.09528833368837375,-0.016977711814503693,-4.682196688065642,-0.14634116248819373,40.0,190
1000,-0.8,13,2,10,-0.15164052399550076,-0.027728924097641938,-4.708606022524698,-0.183334439596324,35.77981651376147,218
252,-0.6,6,2,5,-0.568329358181596,-0.1338121161253526,-4.709982639323285,-0.6519614736054496,39.4291754756871,946
500,-0.7,52,2,5,-0.40281733878045667,-0.08438065796765415,-4.7191664398921045,-0.4397167396046855,38.81789137380191,626
1000,-0.5,10,2,5,-0.5428117589487003,-0.12526358057936782,-4.723497234824589,-0.5662088219252475,38.758782201405154,854
252,-0.7,10,2,10,-0.3760011222958658,-0.07747741642715689,-4.729389034255022,-0.4591139004844468,36.26198083067093,626
252,-0.5,20,2,5,-0.6311651305226376,-0.1568021625568422,-4.735054850254366,-0.6775703123428805,41.692789968652036,1276
1000,-0.7,10,2,5,-0.3564799014180562,-0.07260519347326777,-4.74829724472362,-0.408208171236922,34.34959349593496,492
252,-0.7,26,6,5,-0.09828391910626844,-0.017535052442737564,-4.769865276209891,-0.15150808601590604,42.8,250
1000,-0.6,13,2,5,-0.4591966305587045,-0.09977621078616172,-4.776852493345965,-0.47496041178584525,37.39495798319328,714
252,-0.4,6,2,5,-0.7431960342195509,-0.20741918884909094,-4.79525570907198,-0.7638884949532823,39.26218708827404,1518
500,-0.8,20,2,10,-0.208134898936028,-0.039118923659737015,-4.795419793167658,-0.26905850449539914,39.09348441926346,353
252,-0.7,6,6,5,-0.1283795519544194,-0.023221358243890933,-4.800800739714887,-0.170912913274329,40.0,250
1000,-0.8,10,4,10,-0.05668741342147254,-0.009929355771032267,-4.81423927290325,-0.08081545592057704,39.83050847457627,118
252,-0.2,6,6,10,-0.3524034700431409,-0.07160327074679829,-4.820662272002484,-0.39930179940685906,38.928067700987306,709
252,-0.7,13,2,5,-0.3960532912742484,-0.0826155403024631,-4.82623919512974,-0.45663184467376583,40.2555910543131,626
252,-0.7,20,4,5,-0.17304482588045245,-0.03196814588139618,-4.873768810883387,-0.24697242622735516,41.210374639769455,347
252,-0.7,26,4,5,-0.16874723910982292,-0.031109749771839335,-4.890573519595961,-0.2492559307429032,44.09221902017291,347
500,-0.8,3,4,10,-0.0879018989985555,-0.01560994489090195,-4.901574863419414,-0.13492479483933428,36.84210526315789,190
500,-0.8,6,4,5,-0.10108188678617136,-0.018057013612147177,-4.912672937502644,-0.1343465968342641,41.05263157894737,190
1000,-0.8,3,4,20,-0.05713784155667012,-0.010010211540459335,-4.937359767366265,-0.07890437193667588,41.52542372881356,118
500,-0.7,6,2,5,-0.47034267637495586,-0.10297630082234499,-5.013387808105307,-0.4909721351332448,40.2555910543131,626
252,-0.3,26,2,5,-0.7578924841874031,-0.2153659610272095,-5.026608592558846,-0.7767210102120699,41.07244723331432,1753
500,-0.8,26,2,10,-0.2042661501816676,-0.03831779885869957,-5.028930875724156,-0.271321545172295,39.94334277620396,353
252,-0.3,52,2,5,-0.7700843251676545,-0.22226790652859052,-5.030737913550698,-0.7987422169125208,40.10268111808328,1753
252,-0.3,40,2,5,-0.7784676582419752,-0.2271920353609126,-5.053164933830231,-0.7959206935877754,41.12949229891614,1753
1000,-0.4,6,2,5,-0.63997722295563,-0.1602815945419256,-5.055641018026906,-0.6723508699986245,37.92766373411535,1023
252,-0.1,13,2,5,-0.8520158648227495,-0.2787113089643619,-5.056158788250703,-0.860422551819352,40.45146726862303,2215
1000,-0.3,3,2,5,-0.6968219179864927,-0.18459798580747067,-5.056426455566299,-0.7171233903369779,38.6986301369863,1168
500,-0.1,6,2,5,-0.814206566128362,-0.2500950071958613,-5.06061753125672,-0.8299070550763861,39.22951709169832,1843
1000,-0.6,10,2,10,-0.465773066985007,-0.1016576516310429,-5.061523313445264,-0.4919376758951344,36.27450980392157,714
500,-0.8,3,2,20,-0.2444977326879001,-0.04681179628151244,-5.070122299887303,-0.3174865064004121,35.69405099150141,353
1000,-0.4,10,2,5,-0.6151160100638225,-0.15063850556551528,-5.071574671779156,-0.6410632174984922,38.80742913000977,1023
252,-0.1,10,2,5,-0.8690078309917025,-0.2935987945877906,-5.102949697087187,-0.8773252208688499,38.55530474040632,2215
252,-0.5,10,2,5,-0.6953439069328726,-0.18391961872348028,-5.112432491183133,-0.7233353399360647,40.04702194357367,1276
252,-0.1,52,2,5,-0.8363466616727482,-0.2661904480441092,-5.114366320538995,-0.8512592986378317,40.36117381489842,2215
252,-0.4,3,8,20,-0.2621343868644208,-0.050654088791593166,-5.130141071672419,-0.3124290989100763,31.9047619047619,420
1000,-0.3,6,2,5,-0.6927197477340881,-0.18272189402765293,-5.134436202697217,-0.7359748662787633,37.58561643835616,1168
1000,-0.5,10,2,10,-0.5211781741426345,-0.1183207055388994,-5.1395831672722405,-0.5365328343860141,37.23653395784544,854
500,-0.8,13,2,10,-0.23512194831941946,-0.04479938587178045,-5.173625560948131,-0.27168385201739875,39.376770538243626,353
1000,-0.4,10,2,10,-0.5777960951543144,-0.13709029011634288,-5.199319413964089,-0.5917520012936589,37.43890518084066,1023
252,-0.2,6,8,10,-0.30969639244372393,-0.061409148953411985,-5.210159431522994,-0.34374228972254883,33.210332103321036,542
252,-0.6,40,2,5,-0.5369625750101148,-0.12335998322259789,-5.214731728045385,-0.6181345970291815,42.071881606765324,946
500,-0.8,6,2,20,-0.24005353297749932,-0.04585533147195375,-5.22655064075213,-0.29760916150530214,36.827195467422094,353
500,-0.8,10,2,20,-0.23479110812845594,-0.04472874894715628,-5.227003100027957,-0.2527219666057171,37.110481586402265,353
500,-0.7,26,2,5,-0.4059900061206101,-0.08521430019943121,-5.234980464854531,-0.45634370886641895,40.57507987220447,626
252,-0.3,3,2,5,-0.8407683378888218,-0.2696193250214879,-5.247334302539306,-0.8478457264298752,39.53223046206503,1753
252,-0.5,13,2,5,-0.6895400849693778,-0.18128193477678334,-5.248565595342585,-0.7161431247048258,40.43887147335423,1276
252,-0.3,13,2,5,-0.7918380592357285,-0.23537491507092878,-5.251879795884452,-0.8021635836889205,41.12949229891614,1753
252,-0.6,26,2,5,-0.5250724580480337,-0.11955103714681692,-5.257104371806807,-0.5921141199180306,39.4291754756871,946
252,-0.1,6,4,5,-0.5818314042699153,-0.13850620155477034,-5.2624941842430335,-0.5966379375444265,40.03511852502195,1139
252,-0.8,6,2,5,-0.2684453179327897,-0.05204748497820899,-5.263071563739976,-0.3150954481803724,37.30407523510972,319
252,-0.1,6,2,5,-0.8711363248918005,-0.2955749080322697,-5.27796055796629,-0.8783144109957448,39.954853273137694,2215
252,-0.6,52,2,5,-0.5327114395083985,-0.12198893580449754,-5.300019013540499,-0.6217828449489217,41.86046511627907,946
500,-0.1,52,2,5,-0.7861757370075808,-0.23185779794237726,-5.303260204708834,-0.804760189388227,39.06673901247965,1843
252,-0.1,26,2,5,-0.8374573041970719,-0.2670444262788827,-5.304024131577643,-0.845310062992481,40.36117381489842,2215
252,-0.2,52,2,5,-0.8166444105686812,-0.2517867932912997,-5.315218103036676,-0.8365422773879158,40.151133501259444,1985
1000,-0.8,6,4,5,-0.07118628743349265,-0.012548249933680311,-5.330599555723932,-0.09750845361814531,35.59322033898305,118
1000,-0.6,10,2,5,-0.5246287052365648,-0.11941041983601053,-5.359083728888325,-0.5486235089433018,35.154061624649856,714
252,-0.7,40,6,5,-0.10869268480281724,-0.019483654466261102,-5.360497750980216,-0.14835327229913997,42.8,250
252,-0.4,40,2,5,-0.7496224884800863,-0.21084649668098043,-5.39608637299184,-0.7727749413028293,40.57971014492754,1518
252,-0.5,20,2,10,-0.6037059400797822,-0.1463848145711648,-5.413398373340957,-0.6695819998304219,39.6551724137931,1276
500,-0.1,13,2,5,-0.8129076128034156,-0.2492010774816763,-5.418189022307194,-0.8267196773538552,39.66359196961476,1843
1000,-0.7,13,2,10,-0.33109733162012556,-0.06645006871645176,-5.421239728379276,-0.3611693060557616,35.56910569105691,492
252,-0.3,20,2,5,-0.7935192634928705,-0.23643445005634123,-5.424517085947607,-0.8129268168797044,40.387906446092416,1753
252,-0.5,3,2,5,-0.7365974530396058,-0.20397328636321554,-5.426380546036042,-0.7538472994718733,39.89028213166144,1276
1000,-0.3,10,2,5,-0.6802527196950678,-0.17714490246869197,-5.449158478881599,-0.7070406638873805,37.75684931506849,1168
252,-0.4,26,2,5,-0.7299571403305126,-0.20057709306662708,-5.452023139573752,-0.7565997133330248,39.657444005270094,1518
1000,-0.5,6,2,5,-0.5813332720445366,-0.13833080541965492,-5.452651390643527,-0.6248774236610597,38.17330210772833,854
1000,-0.6,3,2,5,-0.5661381182844547,-0.13306183060892485,-5.453406885609566,-0.5804119591724415,39.075630252100844,714
252,-0.1,20,2,5,-0.860380290025236,-0.2858518871058998,-5.463377879797034,-0.8716498526810869,40.496613995485326,2215
252,-0.3,10,2,5,-0.8205191327567111,-0.2545144999312753,-5.465227682518608,-0.8292606545920567,39.41814033086138,1753
252,-0.1,40,2,5,-0.858290223199372,-0.28403506661424205,-5.4741452977722105,-0.8642363351848658,40.496613995485326,2215
252,-0.7,52,4,5,-0.19584156551283682,-0.036584380344816925,-5.485377774236942,-0.26958808836870907,40.92219020172911,347
252,-0.6,6,6,5,-0.20343935878205288,-0.038147009145859334,-5.48937678438657,-0.2666651429334316,41.988950276243095,362
252,-0.7,20,2,10,-0.36908844503965943,-0.07573784178147847,-5.489748456060533,-0.458853563784541,39.61661341853035,626
500,-0.2,52,2,5,-0.7682189779180855,-0.22119254535160315,-5.493877161623551,-0.7764063302779486,40.09691096305269,1651
252,-0.2,40,2,5,-0.8302219788946168,-0.26156564414945505,-5.501936334870591,-0.8401773875919022,41.00755667506297,1985
500,-0.2,6,2,5,-0.8171880536204924,-0.25216660505551625,-5.509521153376879,-0.8288425797662309,38.158691701998784,1651
1000,-0.4,6,4,5,-0.3126585336392371,-0.0620990784344968,-5.5129764295861365,-0.3456557054566243,39.38814531548757,523
500,-0.8,13,2,20,-0.22611083394655096,-0.042884428666232544,-5.523136112833654,-0.2520467743987669,37.110481586402265,353
500,-0.7,20,2,5,-0.4530783051400735,-0.09804278494458729,-5.532141871926139,-0.4856422393221552,39.13738019169329,626
252,-0.6,10,2,5,-0.6187384686987429,-0.1520108270459648,-5.5374536069121785,-0.6458881294999037,39.53488372093023,946
500,-0.4,6,6,10,-0.32029511576076697,-0.06388919558011241,-5.5510272742470095,-0.35290473099008646,32.39740820734342,463
252,-0.2,26,2,5,-0.8232560498388714,-0.25647079214924773,-5.557528498780215,-0.8348254260992041,41.158690176322416,1985
500,-0.7,40,2,5,-0.46387968347097175,-0.10111401768695372,-5.561477828483149,-0.4898282098098927,40.09584664536741,626
252,-0.5,10,2,10,-0.6655177767950065,-0.1707812262725279,-5.5678564828149835,-0.6983287813745276,38.47962382445141,1276
500,-0.2,13,2,5,-0.7971907815358033,-0.238773424659674,-5.594539729871455,-0.8079729164483944,39.43064809206541,1651
500,-0.4,6,6,5,-0.3469705467831451,-0.07027603982220021,-5.606324936366947,-0.38368980150641996,35.20518358531318,463
500,-0.6,40,2,5,-0.5695500714665945,-0.13423146152402332,-5.61275454413164,-0.5808984464763489,39.47667804323095,879
252,-0.2,13,2,5,-0.83839281260099,-0.2677675046052628,-5.626197882266367,-0.8426149189999935,40.503778337531486,1985
1000,-0.5,13,2,5,-0.5699624854056067,-0.13437335878449086,-5.626640429354004,-0.5787571486587135,38.758782201405154,854
1000,-0.4,3,2,5,-0.7069035609759644,-0.1892997632501937,-5.628475407079516,-0.7250292996737668,39.39393939393939,1023
252,-0.2,6,8,20,-0.3175341948269108,-0.06324008334914233,-5.6304973961908695,-0.34865387653176116,32.10332103321033,542
252,-0.6,13,2,5,-0.6118152525805545,-0.14939734832363605,-5.636913765852989,-0.6500094138081078,39.74630021141649,946
252,-0.2,20,2,5,-0.833749447921799,-0.26421203780199687,-5.644565200697055,-0.8467986343164398,41.10831234256927,1985
1000,-0.3,10,2,10,-0.6485090148184945,-0.16371828310217051,-5.656232490047331,-0.6652329097273324,36.64383561643836,1168
1000,-0.3,6,2,10,-0.6717792619932852,-0.1734564368261191,-5.664693100876838,-0.6997601112526065,37.41438356164384,1168
500,-0.7,6,2,10,-0.45974026880863483,-0.09993101797030013,-5.671421066742229,-0.4785418595990608,38.81789137380191,626
1000,-0.2,3,2,5,-0.7765704002897036,-0.22606428390361932,-5.672351985637727,-0.7947582739493877,38.18580833942941,1367
252,-0.7,13,4,5,-0.20294737146181185,-0.03804544940474175,-5.680122657931276,-0.25349830090465564,39.76945244956772,347
1000,-0.2,13,2,5,-0.7413708649146468,-0.20645877549926284,-5.687562690138943,-0.7485267813727992,39.575713240673004,1367
252,-0.2,6,4,10,-0.5206494979306358,-0.1181543195398016,-5.704126446949399,-0.5525569018943612,38.266796494644595,1027
500,-0.6,6,2,5,-0.6150471276859979,-0.15061251428872025,-5.706558477892835,-0.633180359084783,37.54266211604095,879
1000,-0.4,13,2,5,-0.6466030950355499,-0.1629446090810185,-5.722686475961809,-0.6634427098769986,38.80742913000977,1023
252,-0.7,40,4,5,-0.19926603118063668,-0.037287164171727616,-5.722757903395504,-0.25215441539277783,41.210374639769455,347
1000,-0.2,10,2,5,-0.7569640811366325,-0.21485227805473595,-5.729384124663673,-0.7733604449452292,37.527432333577174,1367
1000,-0.1,3,2,5,-0.804872840321375,-0.24378319521333314,-5.7385804824576345,-0.822950755091782,38.77813504823151,1555
500,-0.8,52,4,10,-0.08936471152041248,-0.015880086949570105,-5.760125355218491,-0.13493017049789746,38.94736842105263,190
1000,-0.3,13,2,5,-0.6869037233664848,-0.1800972594731961,-5.7602760109231195,-0.7023169581626493,39.38356164383562,1168
500,-0.8,20,6,5,-0.07719340755908322,-0.013643239181636235,-5.764268699827318,-0.11200785355585952,41.98473282442748,131
252,-0.1,3,2,5,-0.903020439415385,-0.32899591725620847,-5.769172403417122,-0.9080048076076018,39.14221218961625,2215
1000,-0.5,3,2,5,-0.6178575533680982,-0.15167611224371347,-5.784780795383746,-0.6417686585290298,38.05620608899297,854
252,-0.2,10,2,5,-0.8567641976501649,-0.28272252664332675,-5.794579369760976,-0.8621481297487227,39.596977329974806,1985
500,-0.4,6,6,20,-0.3172217140126318,-0.06316675408472172,-5.81861392032465,-0.34014677560463924,30.669546436285096,463
500,-0.1,10,2,5,-0.8404499930929457,-0.26936983856878716,-5.818947545150326,-0.8494258969619748,38.41562669560499,1843
1000,-0.7,10,2,20,-0.33934940920899703,-0.0684295837928286,-5.821962067026512,-0.36831025706124765,35.16260162601626,492
500,-0.6,52,2,5,-0.5741304062387045,-0.13581376259916278,-5.826036312334363,-0.5788984186465929,38.68031854379977,879
500,-0.2,10,2,5,-0.8193432585719964,-0.2536815966116368,-5.846689468174633,-0.8291863752398765,38.40096910963053,1651
252,-0.6,26,4,5,-0.28664797149884225,-0.056123053140726076,-5.848794748936136,-0.34968646624952726,41.91033138401559,513
252,-0.1,6,4,10,-0.5709120105098027,-0.13470048664088696,-5.865195193773256,-0.5873463931308829,37.664618086040385,1139
500,-0.8,6,6,10,-0.06905929604089922,-0.012161945123448592,-5.8666041927344414,-0.08912567291009499,40.458015267175576,131
252,-0.2,3,2,5,-0.8895199802369407,-0.3138734774658749,-5.8781015799367875,-0.8930743000648265,40.2015113350126,1985
1000,-0.7,10,4,5,-0.1712709815829604,-0.03161339266169272,-5.878249168124404,-0.2019421378470615,39.46360153256705,261
1000,-0.4,6,2,10,-0.6442232261199117,-0.1619833853865973,-5.882716146042068,-0.6638171281131331,37.43890518084066,1023
1000,-0.8,6,2,5,-0.2283074424690551,-0.043349520588699675,-5.88570748135762,-0.2509136871246984,34.403669724770644,218
1000,-0.6,6,2,5,-0.5732884627611341,-0.13552185391350158,-5.896535945066268,-0.602690476309923,36.97478991596639,714
1000,-0.1,13,2,5,-0.7849939394460596,-0.23113348878678452,-5.907804572035986,-0.7960903983565971,38.97106109324759,1555
252,-0.7,13,2,10,-0.40885390767614915,-0.08596998776353082,-5.921499679425944,-0.4749310660235192,37.22044728434505,626
1000,-0.8,13,2,20,-0.17330364098867712,-0.03201995934533641,-5.93453234270674,-0.2020580557441647,34.862385321100916,218
252,-0.5,6,2,10,-0.6911952096979281,-0.18202994977872367,-5.936188771888453,-0.7178043235557614,38.557993730407524,1276
500,-0.8,6,6,5,-0.08258463812770789,-0.014631005902021155,-5.940018540342313,-0.09270184460983566,41.221374045801525,131
1000,-0.3,3,2,10,-0.6782849484408752,-0.17628117847515667,-5.941457145580253,-0.69721047206791,37.32876712328767,1168
500,-0.1,20,2,5,-0.8276916188517949,-0.25969524311096503,-5.94464345030321,-0.8381084009660072,39.93488876831253,1843
500,-0.3,52,2,5,-0.7596536507814475,-0.2163449135482991,-5.946389510361436,-0.7703922374236549,39.55071477195371,1469
500,-0.3,3,2,5,-0.8180083746456719,-0.2527414918561872,-5.956623082515695,-0.8298160103382202,37.91695030633084,1469
1000,-0.1,10,2,5,-0.8008157552921832,-0.24111744322870066,-5.978400466632455,-0.8115650852214252,37.7491961414791,1555
252,-0.7,26,2,10,-0.3723319632462777,-0.07655209482134506,-5.981126683226577,-0.4431843990475076,39.13738019169329,626
1000,-0.2,10,2,10,-0.7249631701459496,-0.198068245664902,-5.9822669687322,-0.7374994056077617,36.649597659107535,1367
500,-0.3,6,2,5,-0.8095341765940919,-0.24690330792279203,-5.990662515972085,-0.8192441140681022,38.121170864533696,1469
1000,-0.6,13,2,10,-0.48407527116929894,-0.1069966825567914,-5.999669548181822,-0.4977408815393417,36.41456582633053,714
500,-0.2,26,2,5,-0.7962290150593354,-0.23815735075760647,-6.010780039820788,-0.807702839058555,39.97577225923683,1651
252,-0.4,13,2,5,-0.7969926045990878,-0.23864628164561674,-6.021058564455539,-0.8084695329612668,39.920948616600796,1518
1000,-0.5,13,4,5,-0.2715522198799035,-0.05273712450666601,-6.025115623054592,-0.28192606175884305,39.09090909090909,440
500,-0.3,13,2,5,-0.7916134282701055,-0.2352338850273391,-6.028085136674837,-0.8060919276088004,39.142273655547996,1469
252,-0.3,3,4,5,-0.4905240174796658,-0.10891531809530264,-6.031322111036456,-0.5005470409419087,41.409691629955944,908
252,-0.8,52,4,5,-0.1121562770216934,-0.020136249448513777,-6.036705407884107,-0.14229600998976644,41.84782608695652,184
500,-0.8,52,2,20,-0.20201043795443285,-0.03785218414524971,-6.041427356691095,-0.24768761401932482,38.52691218130311,353
500,-0.1,26,2,5,-0.8169761324220151,-0.2520184368307352,-6.04233522310477,-0.8256852521672474,40.91155724362452,1843
1000,-0.2,6,2,5,-0.7840439497135469,-0.2305536407988733,-6.043614906698055,-0.8046023497250433,38.11265544989027,1367
500,-0.8,40,4,5,-0.11914896253483731,-0.021460238701022094,-6.047644708994819,-0.15209534587381524,40.526315789473685,190
252,-0.5,26,4,5,-0.364482760731097,-0.07458757241364689,-6.051822639867842,-0.4413148659267686,41.86390532544378,676
252,-0.2,6,6,20,-0.4016706707115757,-0.08408026547330338,-6.060306775152907,-0.4330863552250266,34.41466854724965,709
252,-0.3,6,2,10,-0.7985157492859547,-0.23962613139543387,-6.060398005589925,-0.8109963799881149,39.18996006845408,1753
500,-0.7,3,2,5,-0.5129728535172384,-0.1157552915260347,-6.062044418950253,-0.5400385022598209,40.415335463258785,626
500,-0.6,6,4,5,-0.31724917101249905,-0.06317319625041018,-6.075499947798019,-0.3351702951632305,40.0437636761488,457
500,-0.4,52,2,5,-0.7331500732298156,-0.20220137467088162,-6.081441556335647,-0.7452547053958329,38.1169324221716,1317
252,-0.6,20,2,5,-0.5936630832257399,-0.14272402540506457,-6.089044450663583,-0.6391402547617004,40.803382663847785,946
252,-0.4,10,2,5,-0.8127761427547691,-0.24911088779821033,-6.0901165708347165,-0.8251939926875851,39.130434782608695,1518
252,-0.4,52,2,5,-0.7830768591811674,-0.22996552291347439,-6.0970247983805015,-0.803394698705693,39.657444005270094,1518
1000,-0.7,6,4,10,-0.16805293684436895,-0.030971415835126748,-6.104670679877315,-0.2015289367995421,39.46360153256705,261
252,-0.3,20,2,10,-0.7587008969402739,-0.21581458543568255,-6.115864861944721,-0.779718984746285,38.73359954363947,1753
252,-0.2,3,4,5,-0.5355295964113871,-0.12289666704014413,-6.118963653936824,-0.5580949783880825,40.50632911392405,1027
500,-0.1,10,2,10,-0.8110180814528308,-0.24790985854192815,-6.137983484549585,-0.8232814237606355,37.38469886055344,1843
252,-0.5,40,2,10,-0.632046531314232,-0.15714706043296423,-6.145681378073958,-0.6774293405411579,39.811912225705335,1276
1000,-0.3,20,2,5,-0.6859866406521324,-0.1796870976263636,-6.153250978410429,-0.7109774606318885,38.44178082191781,1168
252,-0.5,3,2,10,-0.6934649140378344,-0.183061139741846,-6.158235501470945,-0.7152151483512141,38.793103448275865,1276
252,-0.4,20,2,5,-0.7874399603333767,-0.23263630811330294,-6.163531697124968,-0.8103392683837993,39.85507246376812,1518
1000,-0.6,10,2,20,-0.4733136330362948,-0.10383869588201244,-6.167417613586827,-0.49586278573719444,34.87394957983193,714
500,-0.8,52,6,5,-0.07377972183478343,-0.013020263753827477,-6.177347213231566,-0.099026843179579,38.93129770992366,131
500,-0.4,6,2,5,-0.7815875078149375,-0.229064039210221,-6.184633068523083,-0.7965215936057409,38.1169324221716,1317
1000,-0.1,52,2,5,-0.7595515860343462,-0.216288018334298,-6.187671654299682,-0.7750177063240898,38.0064308681672,1555
252,-0.1,10,2,10,-0.8637824248372086,-0.2888580475987649,-6.190874678282496,-0.8693769846705273,37.60722347629797,2215
252,-0.3,10,2,10,-0.7963168323281411,-0.23821350330102242,-6.193278299188751,-0.8080484122258846,38.847689674843124,1753
500,-0.4,13,2,5,-0.7657343493050333,-0.21977126013450976,-6.203985296961298,-0.7803128541140371,37.357630979498865,1317
500,-0.1,3,2,5,-0.8824857471298944,-0.30659320195659756,-6.206120492532282,-0.8887405095711929,38.958220293000544,1843
500,-0.2,40,2,5,-0.808176164602155,-0.24598783305323946,-6.23209873722311,-0.8159079757634513,38.582677165354326,1651
252,-0.5,20,4,5,-0.38366149749199296,-0.079423910708875,-6.249298163526687,-0.43741781253958323,39.64497041420118,676
1000,-0.1,20,2,5,-0.7786093000007647,-0.2272765495959338,-6.251348380050248,-0.791096228795401,39.42122186495177,1555
1000,-0.4,13,2,10,-0.6224216422334317,-0.15341727710588293,-6.251787680814881,-0.6381303757051526,36.070381231671554,1023
1000,-0.3,13,2,10,-0.6581376215302154,-0.16768085690652368,-6.252272914293779,-0.6661140807234763,35.70205479452055,1168
1000,-0.7,6,4,5,-0.19293336793687732,-0.035989492802839695,-6.261244504656333,-0.23160595804920248,36.7816091954023,261
1000,-0.5,6,2,10,-0.5982368473374348,-0.1443818272629026,-6.264787752565678,-0.6196640347236999,37.11943793911007,854
500,-0.2,3,2,5,-0.8621456426096689,-0.2874040946238532,-6.267160074356436,-0.8711227353486869,38.40096910963053,1651
1000,-0.6,6,2,10,-0.5526071427094844,-0.1284971571617336,-6.267632931259855,-0.5766202502766462,36.27450980392157,714
1000,-0.3,6,2,20,-0.6529261956491366,-0.16552481795829244,-6.268719419844117,-0.6759133134480282,35.95890410958904,1168
1000,-0.7,13,2,20,-0.3384407521133427,-0.06821061339724654,-6.2688988577407745,-0.3709033459091612,33.94308943089431,492
500,-0.2,3,4,5,-0.49729693112193685,-0.11095219970488679,-6.286827489601712,-0.5252030763184766,39.62264150943396,848
1000,-0.3,52,2,5,-0.6662174239540413,-0.1710780789688665,-6.28900751458149,-0.6748227733263318,37.928082191780824,1168
252,-0.5,13,2,10,-0.679949167889264,-0.17701137596748961,-6.292148700152729,-0.7082736892407915,39.89028213166144,1276
1000,-0.7,3,2,10,-0.4215459868068103,-0.08935598180241378,-6.305326117984488,-0.42606448727766877,36.78861788617886,492
1000,-0.1,10,2,10,-0.7731501472702179,-0.22405115055247404,-6.31599335652653,-0.7849577238476027,36.72025723472669,1555
1000,-0.5,10,2,20,-0.5489632469959942,-0.12728746941853164,-6.317968422051119,-0.5689422321102975,35.36299765807963,854
1000,-0.6,3,4,5,-0.28615586806604265,-0.05601174352059779,-6.31831359630568,-0.3002006054749885,37.15846994535519,366
252,-0.7,40,2,10,-0.37967623815033436,-0.07840877293581672,-6.321658087632745,-0.4473097045555152,38.977635782747605,626
500,-0.2,10,2,10,-0.7938508603034886,-0.2366442741658561,-6.323147415728889,-0.8071256507972007,36.82616596002423,1651
500,-0.8,20,8,5,-0.059286957076820634,-0.010396437927957747,-6.331971171863977,-0.0860149583669858,40.56603773584906,106
500,-0.8,3,6,10,-0.07266076169829938,-0.0128164750193549,-6.332766429561725,-0.10498079367149804,39.69465648854962,131
252,-0.5,26,2,10,-0.6419712604106539,-0.16107871738477342,-6.333050244047388,-0.6937109724474311,39.18495297805642,1276
252,-0.3,13,2,10,-0.786812032003012,-0.2322491507523997,-6.340663877381291,-0.7985201309025678,38.73359954363947,1753
1000,-0.4,6,2,20,-0.614829779925798,-0.15053052807626088,-6.3429539311659875,-0.6363255759531169,36.75464320625611,1023
1000,-0.1,6,2,5,-0.8273937003368277,-0.2594765276015555,-6.343441710392823,-0.8417480420324986,37.68488745980708,1555
252,-0.7,3,2,10,-0.4853417008135784,-0.107371896604462,-6.346660346929504,-0.530695285535981,37.69968051118211,626
500,-0.2,20,2,5,-0.8235562065732296,-0.25668686314154465,-6.354412391737835,-0.8316907208568917,38.7038158691702,1651
252,-0.8,40,2,5,-0.2620641132858369,-0.05063862873372227,-6.355131989027693,-0.2952187090157481,39.18495297805642,319
1000,-0.3,3,4,5,-0.3811868252644498,-0.07879291641323882,-6.359221685385697,-0.4214408532476267,36.7003367003367,594
1000,-0.7,3,2,5,-0.48756640001614326,-0.10803288122820043,-6.36066659439186,-0.4924429861561471,37.60162601626016,492
252,-0.6,10,2,10,-0.6160808796570016,-0.1510029841854742,-6.36158841512681,-0.6470396028597186,36.78646934460888,946
252,-0.3,3,2,10,-0.8215037355291877,-0.2552154075741664,-6.364678197557494,-0.8318047354559661,38.50541928123217,1753
252,-0.2,10,2,10,-0.8334115136401941,-0.26395650586101116,-6.367269925789523,-0.8400947030169371,37.984886649874056,1985
1000,-0.4,3,4,5,-0.36858787059542564,-0.07561248681087407,-6.3801040056222265,-0.39732936543908404,37.858508604206506,523
500,-0.5,6,2,5,-0.732233780826087,-0.20173360508145444,-6.38345585881451,-0.7465963525139464,37.63636363636363,1100
500,-0.8,20,4,10,-0.10658626630473822,-0.019087799609346257,-6.386121523355089,-0.148082507075184,37.368421052631575,190
1000,-0.6,3,2,10,-0.5502113050371487,-0.12770088011883263,-6.3906673418802855,-0.5618454858581203,36.83473389355743,714
1000,-0.3,10,2,20,-0.6346331592380985,-0.15816319425168512,-6.391908301043289,-0.647377195669393,35.18835616438356,1168
1000,-0.6,13,2,20,-0.46153388041927823,-0.10044268686382374,-6.397939106765576,-0.47819757577890176,34.31372549019608,714
500,-0.1,40,2,5,-0.844068243752367,-0.27223011838530664,-6.40528095940658,-0.8504165259536641,39.175257731958766,1843
1000,-0.2,3,2,10,-0.7672149181182696,-0.22061667817931307,-6.408234497953071,-0.7845736632004264,37.16166788588149,1367
252,-0.2,20,2,10,-0.80937067913025,-0.24679280361603584,-6.4128202254485425,-0.8233799507338089,39.496221662468514,1985
500,-0.3,10,2,5,-0.8199280860740978,-0.25409528207007637,-6.413215777141988,-0.8273407092891193,36.89584751531655,1469
252,-0.6,20,6,5,-0.19702859830882102,-0.036827706973172725,-6.415412615038863,-0.2422224567098259,42.81767955801105,362
252,-0.5,6,4,5,-0.4372169341980089,-0.09362270899900971,-6.425105332187999,-0.45462613122629214,39.94082840236686,676
500,-0.2,6,2,10,-0.8049360678150566,-0.24382510176084782,-6.426473725720005,-0.8194424969673245,37.67413688673531,1651
252,-0.7,10,4,10,-0.1977046106591014,-0.03696641420803615,-6.429252267671314,-0.2610981542109789,37.46397694524496,347
1000,-0.8,6,2,20,-0.206156322012791,-0.038708803599799335,-6.43172471299397,-0.22222230437505863,35.321100917431195,218
252,-0.7,52,2,10,-0.38757332099057595,-0.08042564856238144,-6.442046300260414,-0.45546532074056023,40.2555910543131,626
1000,-0.5,3,2,10,-0.6014671826183132,-0.14556214403001433,-6.44208011758077,-0.6325102788447297,36.4168618266979,854
252,-0.7,6,2,10,-0.45821502714860163,-0.09949701450698611,-6.444794218238658,-0.5127867639688692,38.977635782747605,626
252,-0.4,3,2,5,-0.8247798893475731,-0.257570909822614,-6.4485717214107305,-0.8349675293399813,38.14229249011858,1518
500,-0.1,6,2,10,-0.8325111667738742,-0.2632777923050823,-6.4505103007837565,-0.8447175728565278,38.03581117742811,1843
252,-0.3,40,4,5,-0.4892477894214722,-0.10853402227454922,-6.457457729441203,-0.510371299033414,42.621145374449334,908
500,-0.7,10,2,5,-0.5563140349825614,-0.12973616834981228,-6.458042687438413,-0.567104981768957,38.498402555910545,626
500,-0.7,13,2,5,-0.5266111379524229,-0.12003946235315599,-6.458605467173289,-0.5358475908749796,38.019169329073485,626
1000,-0.3,26,2,5,-0.686235822880283,-0.17979844509643828,-6.462072055382631,-0.6991571490096347,39.38356164383562,1168
252,-0.6,20,4,5,-0.3115531338737362,-0.061841325603893216,-6.468437302632809,-0.3710741520690114,39.57115009746588,513
1000,-0.1,26,2,5,-0.7751233709634892,-0.2252094777174931,-6.478233957364672,-0.7872579121299401,39.61414790996785,1555
252,-0.8,10,2,5,-0.3259231480427106,-0.06521918431937745,-6.480818564008273,-0.34417363614053187,34.48275862068966,319
252,-0.1,20,2,10,-0.8469237256478888,-0.274526525944946,-6.483876988569427,-0.8575871566141754,38.329571106094804,2215
252,-0.6,6,2,10,-0.6141274997422865,-0.15026588137642372,-6.498653148906611,-0.6634158542516877,38.05496828752643,946
252,-0.8,13,2,5,-0.29862376771469346,-0.05885170158807862,-6.499744516970483,-0.30838060406385226,36.990595611285265,319
252,-0.8,6,2,10,-0.2880528117947636,-0.05644116671833954,-6.5113673708270445,-0.32333222122741956,38.557993730407524,319
1000,-0.4,3,2,10,-0.6844153965831332,-0.17898666704381672,-6.526594560304755,-0.7003912199845823,37.04789833822092,1023
252,-0.7,6,6,10,-0.1386667238548298,-0.025202376543879468,-6.530082616767558,-0.1653953825834512,40.400000000000006,250
1000,-0.7,6,2,5,-0.4568230230416207,-0.09910180656877143,-6.541549175727068,-0.4824816503271301,36.17886178861789,492
500,-0.4,26,2,5,-0.7510444304859338,-0.2116146744210966,-6.544060466765306,-0.7678989996229482,39.48367501898253,1317
500,-0.5,52,2,5,-0.6945089129350754,-0.18353758424489575,-6.548093709628279,-0.7031202114766064,38.0,1100
1000,-0.8,6,4,10,-0.07670577604615825,-0.013554132766173344,-6.5506542188017765,-0.10259342532186155,37.28813559322034,118
500,-0.4,40,2,5,-0.7619034929022039,-0.21760418664750247,-6.554097434867202,-0.7751873047522544,38.876233864844345,1317
1000,-0.5,10,4,5,-0.3108180535406171,-0.06167011229365782,-6.555961628245033,-0.33638497529305333,40.22727272727273,440
500,-0.3,20,2,5,-0.8003479138559206,-0.24081294495951422,-6.556902878487758,-0.8117042430827869,39.55071477195371,1469
1000,-0.3,6,4,5,-0.4137132549510161,-0.0872591786668161,-6.573173682536708,-0.42891138834558484,39.73063973063973,594
500,-0.7,3,2,10,-0.48601998111517897,-0.10757317035032499,-6.573827572947037,-0.5140156383732571,38.019169329073485,626
1000,-0.4,20,2,5,-0.6743141874040798,-0.1745515236040981,-6.577380018399309,-0.6966692178673578,37.732160312805476,1023
1000,-0.7,6,2,10,-0.4226528986979661,-0.08965419479980263,-6.581071656913599,-0.44285525068193543,35.56910569105691,492
252,-0.5,6,6,5,-0.29015816386652893,-0.05691888062723449,-6.585844138544502,-0.3306232026965724,38.6892177589852,473
500,-0.3,26,2,5,-0.7865315995353901,-0.23207655177689857,-6.604130066837041,-0.7990480092722148,40.095302927161335,1469
500,-0.8,20,2,20,-0.2410785276240951,-0.046075514952744756,-6.605030846635808,-0.2773903965309733,36.54390934844193,353
252,-0.5,52,2,10,-0.6583557262683322,-0.16777168235014395,-6.611322579922932,-0.6952643372643446,38.793103448275865,1276
1000,-0.2,6,2,10,-0.7719165461499663,-0.22333123502619445,-6.613048662060892,-0.7886072237304707,36.5764447695684,1367
252,-0.6,40,4,5,-0.31499328349553546,-0.06264461776048114,-6.628160727156263,-0.37119994021495506,39.76608187134503,513
500,-0.4,20,2,5,-0.7753035035426081,-0.22531563883090644,-6.643322343957177,-0.7898185697834325,38.80030372057707,1317
1000,-0.7,6,2,20,-0.3917314851768635,-0.08149630209550984,-6.6477793770162545,-0.4139576393093659,36.17886178861789,492
252,-0.6,6,4,5,-0.38017013732514293,-0.07853428647187277,-6.662271455488576,-0.4248758158518712,37.62183235867446,513
500,-0.1,13,2,10,-0.8100799876663989,-0.24727277986159168,-6.664263319439201,-0.8223646464680023,37.76451437873033,1843
252,-0.3,13,4,5,-0.5108254719260307,-0.11508982657185862,-6.670166179598083,-0.5311872021370394,40.7488986784141,908
252,-0.1,6,2,10,-0.8816913799316186,-0.3057939305696852,-6.670532569856217,-0.888209371544626,38.058690744920995,2215
252,-0.3,26,2,10,-0.7784853090105391,-0.22720256470676836,-6.674192628633555,-0.7927893358038596,39.0188248716486,1753
1000,-0.2,52,2,5,-0.7412408953727483,-0.2063905993975379,-6.678589291369485,-0.7494926584091546,38.18580833942941,1367
500,-0.7,20,2,10,-0.442747252550734,-0.0951519752521448,-6.680220139540476,-0.46558498178747776,36.74121405750799,626
500,-0.6,20,2,5,-0.6193388466098522,-0.1522393157077767,-6.680740775078276,-0.639560091273029,39.47667804323095,879
500,-0.1,20,2,10,-0.7992078931779196,-0.24007342294840917,-6.691202109034381,-0.8107870929281953,38.09007053716766,1843
252,-0.5,52,4,5,-0.4077345786545973,-0.08567427383902404,-6.695248719098382,-0.4746670321538,41.42011834319527,676
252,-0.6,3,2,5,-0.6850383077829378,-0.17926400232519646,-6.707103414989859,-0.7154817009287568,38.6892177589852,946
1000,-0.2,13,2,10,-0.7346755918430772,-0.20298311796739543,-6.7106781242936675,-0.741155007001495,37.3811265544989,1367
500,-0.7,10,2,10,-0.5167206685404278,-0.11692257411173357,-6.712136515554165,-0.5253320331618542,36.5814696485623,626
252,-0.2,6,2,10,-0.8598375199069067,-0.285377920492228,-6.730098435667445,-0.8660132129083078,38.58942065491184,1985
500,-0.3,40,2,5,-0.7994329954760353,-0.24021916866619675,-6.737300042279022,-0.8102144169266544,38.80190605854323,1469
1000,-0.8,6,2,10,-0.22874161218814448,-0.04344157800714843,-6.743462979990902,-0.2428569092667281,34.403669724770644,218
1000,-0.2,20,2,5,-0.7651055342298528,-0.2194135406685268,-6.744113368477818,-0.78080698787087,38.18580833942941,1367
1000,-0.6,6,2,20,-0.5354485961676825,-0.12287051313006392,-6.748562764733382,-0.5630451004735091,35.43417366946779,714
500,-0.8,3,6,5,-0.08988000247898176,-0.015975332989708435,-6.761553972446376,-0.10857905350237895,42.74809160305343,131
1000,-0.4,10,2,20,-0.6147764016607125,-0.15051039901327934,-6.7630033504724105,-0.626621028736297,35.483870967741936,1023
500,-0.8,3,4,20,-0.10482064638641386,-0.018756585955111316,-6.765620959887493,-0.1430201508533694,38.421052631578945,190
1000,-0.1,40,2,5,-0.7948884258563975,-0.23730262567583382,-6.768227912972102,-0.8066809310929051,38.52090032154341,1555
252,-0.2,13,2,10,-0.8326049548168928,-0.2633483517539338,-6.768755060531492,-0.8365435418977092,39.14357682619647,1985
1000,-0.3,20,2,10,-0.6541738236274035,-0.1660385228622312,-6.784938597267204,-0.6723036740276447,36.47260273972603,1168
1000,-0.2,40,2,5,-0.7590767586081947,-0.2160235923456929,-6.785666568318704,-0.777362851497812,38.18580833942941,1367
1000,-0.5,13,2,10,-0.5787690901223319,-0.13743066532709336,-6.785874839849218,-0.5891459654634629,35.94847775175644,854
500,-0.5,13,2,5,-0.7336999858030646,-0.20248274616572348,-6.794242385557851,-0.7413226062204377,36.54545454545455,1100
500,-0.1,6,4,5,-0.5498317917441795,-0.12757506841936594,-6.797567822645489,-0.5722484764459103,39.281942977824706,947
500,-0.1,52,2,10,-0.7918816122370538,-0.23540227354969967,-6.801010767537469,-0.8013608340161271,37.981551817688555,1843
500,-0.3,6,2,10,-0.7914309139952744,-0.23511938987206416,-6.802649362424927,-0.8040934929938953,37.100068073519395,1469
1000,-0.2,10,2,20,-0.7123339157078263,-0.19188813899510881,-6.8126604700834354,-0.7208366574766079,34.82077542062911,1367
252,-0.4,10,2,10,-0.7921707067270494,-0.2355839930514012,-6.816724534787172,-0.8059654714685934,37.285902503293805,1518
252,-0.3,40,2,10,-0.7872985285663541,-0.2325490238758351,-6.820401045721601,-0.7994899303243872,38.220193953223045,1753
1000,-0.1,6,2,10,-0.8085766198515566,-0.2462572313659276,-6.824153868332157,-0.8212120964533466,36.84887459807074,1555
252,-0.4,6,2,10,-0.7877585414559201,-0.23283309611045244,-6.827430474419896,-0.8040237335345362,38.20816864295125,1518
500,-0.2,13,2,10,-0.791785029095258,-0.23534160978916618,-6.831715228793879,-0.801335924102633,38.098122350090854,1651
252,-0.3,6,4,5,-0.5383612017649146,-0.12381334031385227,-6.832537223914887,-0.543815988508868,39.75770925110132,908
252,-0.1,3,2,10,-0.8891320002319062,-0.31346205547309713,-6.8356838153822395,-0.8967296279252621,37.56207674943566,2215
1000,-0.6,20,2,5,-0.5355052822292952,-0.12288881591439293,-6.842519030002475,-0.5391925412412082,38.095238095238095,714
1000,-0.3,13,2,20,-0.6416910176827826,-0.1609664675294884,-6.846574376515253,-0.6491068007582143,34.67465753424658,1168
252,-0.2,40,4,5,-0.5579318153415694,-0.13027959523624533,-6.859688244065505,-0.5704247249384169,40.50632911392405,1027
500,-0.5,3,2,5,-0.7733258091015458,-0.22415392861187033,-6.865248661160073,-0.7818225991146269,38.0,1100
1000,-0.3,3,2,20,-0.6809623992271168,-0.17745748713005693,-6.86819403385052,-0.6931152749804459,35.53082191780822,1168
1000,-0.5,6,6,5,-0.18907850587240227,-0.03520369281428415,-6.873529905636162,-0.1943297120398505,39.202657807308974,301
252,-0.7,10,2,20,-0.4299920894441148,-0.09164352417702781,-6.891355818972742,-0.47827086012809195,35.14376996805112,626
1000,-0.6,52,2,5,-0.5340255501762649,-0.12241164585223985,-6.918396631938306,-0.5329223327091729,38.095238095238095,714
252,-0.6,26,6,5,-0.2067171040430098,-0.03882495654893359,-6.92162301189653,-0.24619548789102685,43.370165745856355,362
252,-0.4,20,2,10,-0.7581550908075169,-0.21551155683232504,-6.925958719207214,-0.7839565858004411,38.0764163372859,1518
252,-0.7,52,6,5,-0.1401991339942551,-0.025499151826360866,-6.926560227915187,-0.18142271612713035,40.0,250
500,-0.2,20,2,10,-0.7818209622080332,-0.22920500844841163,-6.930600394431733,-0.7931052982095833,37.97698364627499,1651
500,-0.1,26,2,10,-0.8013896915280748,-0.24149180501808254,-6.9315619311832695,-0.8149955265321369,38.52414541508411,1843
252,-0.5,40,4,5,-0.42099634394669483,-0.0892080783254855,-6.931744847931746,-0.4643729542548686,41.27218934911242,676
1000,-0.6,13,4,5,-0.2588308828115711,-0.049928640383951284,-6.935492304378714,-0.2645378149935905,36.33879781420765,366
252,-0.2,6,4,20,-0.5549621607275212,-0.12928332009776644,-6.938982615479605,-0.5701506727333103,36.31937682570594,1027
1000,-0.4,52,2,5,-0.6514424757823798,-0.16491589234653814,-6.940208334349614,-0.6592232121174133,37.732160312805476,1023
500,-0.6,10,2,10,-0.6245713039940124,-0.1542434075977258,-6.941248000202499,-0.6352936976678822,35.381114903299206,879
252,-0.1,52,4,5,-0.5893044909024223,-0.14115854753060553,-6.947163077726226,-0.6074406301528633,40.298507462686565,1139
252,-0.7,26,4,10,-0.19378433630776482,-0.03616337881944154,-6.948884279616939,-0.24945117892374646,39.19308357348703,347
1000,-0.6,6,4,10,-0.251396995932328,-0.04830591311920951,-6.950400720234255,-0.26352873245844066,38.52459016393443,366
252,-0.2,26,2,10,-0.82509932184144,-0.2578025252665014,-6.952285463848524,-0.8322941748337288,39.24433249370277,1985
1000,-0.2,26,2,5,-0.7616583994607313,-0.21746652627806884,-6.962121238069029,-0.7756319399914803,39.063643013899046,1367
500,-0.6,10,2,5,-0.68617310661974,-0.17977041333536603,-6.967041570062385,-0.692470132392784,36.063708759954494,879
1000,-0.1,20,2,10,-0.757464105924092,-0.2151287379216339,-6.967327099571804,-0.7726070575663213,36.463022508038584,1555
500,-0.5,40,2,5,-0.7209771040900189,-0.19609270409134805,-6.971942442070038,-0.7314358307816464,37.63636363636363,1100
500,-0.7,6,2,20,-0.4842390352733065,-0.10704515909125134,-6.977782068047133,-0.5007519616470913,37.22044728434505,626
1000,-0.2,20,2,10,-0.7189472517040976,-0.1950956613183289,-6.978646753028515,-0.7351795319924244,36.72275054864667,1367
252,-0.1,6,4,20,-0.596412071390132,-0.14371855429984426,-6.982400844201466,-0.6069784961437374,36.435469710272166,1139
252,-0.1,13,2,10,-0.8800941668369473,-0.3042002302016916,-6.988998647233296,-0.8845319605302608,37.832957110609485,2215
500,-0.6,26,2,5,-0.6058746376742628,-0.14718542242479504,-6.990800994303269,-0.6261986714276921,37.770193401592714,879
1000,-0.2,6,4,5,-0.47551099746010006,-0.10447913444545587,-6.994104490676204,-0.4889319186276102,38.76967095851216,699
252,-0.2,40,2,10,-0.8272079502085563,-0.2593403183378249,-6.995285234804949,-0.8348938625994178,39.64735516372796,1985
1000,-0.1,3,2,10,-0.8151594509910184,-0.250754075538149,-6.996221666461441,-0.8286334055106293,36.78456591639871,1555
1000,-0.4,6,4,10,-0.3311260483379541,-0.06645692211721077,-6.997521715816528,-0.36000053183761116,38.4321223709369,523
1000,-0.1,13,2,10,-0.7799644265768633,-0.22808739517407417,-6.998833881653642,-0.7863325199183057,37.10610932475884,1555
252,-0.3,26,4,5,-0.5086007952308027,-0.11440295735894324,-7.001481855283946,-0.5311812050365685,41.18942731277533,908
1000,-0.3,40,2,5,-0.7144250815794786,-0.19289570320497473,-7.003827777488031,-0.7270600817052688,36.47260273972603,1168
500,-0.8,26,6,5,-0.08309148868628224,-0.014724116961161715,-7.0044928441766166,-0.11917835775355112,39.69465648854962,131
500,-0.4,10,2,5,-0.8067120014946253,-0.2450067983099099,-7.008454573727955,-0.8152890867708744,36.14274867122248,1317
1000,-0.5,40,2,5,-0.5852147460648571,-0.1397021069815252,-7.011038606584931,-0.5949245952481386,37.23653395784544,854
252,-0.2,52,4,5,-0.5636745006872078,-0.1322220244804997,-7.011540363208983,-0.585738768174723,40.116845180136316,1027
500,-0.5,20,2,5,-0.7295580360171934,-0.20037518512773922,-7.012575757609646,-0.744544117837656,38.18181818181819,1100
252,-0.7,20,8,5,-0.10607555347619113,-0.018991938958261123,-7.016340502299733,-0.13348100766014925,37.81094527363184,201
500,-0.6,13,2,5,-0.6591839871077889,-0.16811703380721077,-7.0256578426470675,-0.6660009924709649,37.31513083048919,879
500,-0.8,40,2,20,-0.23889235162640554,-0.04560619037905955,-7.028421439557355,-0.290243531582848,36.26062322946176,353
500,-0.7,13,2,10,-0.4920747405539657,-0.10937969122813074,-7.029179508100445,-0.5034443580692674,36.102236421725244,626
500,-0.2,52,2,10,-0.7727977836074618,-0.2238451846913836,-7.040614708440939,-0.7768699864895485,37.91641429436705,1651
500,-0.6,6,2,10,-0.632800381340328,-0.157442590688336,-7.044441465742556,-0.6475277348137729,36.177474402730375,879
252,-0.1,52,2,10,-0.8561666014827027,-0.28221168934630614,-7.052393209857701,-0.8684192570246403,38.55530474040632,2215
500,-0.8,3,6,20,-0.07334410261444413,-0.012940903086310906,-7.065140790804199,-0.09920319708155911,34.35114503816794,131
500,-0.8,6,8,5,-0.06817712614167437,-0.012001939802804285,-7.076592336836068,-0.07787029525651012,37.735849056603776,106
1000,-0.5,6,2,20,-0.591790478390489,-0.14204974363207168,-7.081152238484804,-0.6137761860593043,36.29976580796253,854
252,-0.1,40,2,10,-0.859167105942869,-0.2847945864779964,-7.088448042406419,-0.8640579039041547,38.690744920993225,2215
1000,-0.7,3,2,20,-0.41393056941200657,-0.08731703910748412,-7.092470260150327,-0.42275828445266384,37.60162601626016,492
252,-0.2,3,2,10,-0.8800842182166166,-0.3041903587535669,-7.099454587769756,-0.8844569404317314,37.833753148614605,1985
1000,-0.6,6,4,5,-0.2912754979712806,-0.05717288607134552,-7.105825136820711,-0.3007772701617666,38.52459016393443,366
500,-0.1,3,2,10,-0.866300007460308,-0.29112294191396615,-7.11688720721887,-0.8717861537510271,37.818773738469886,1843
252,-0.7,20,4,10,-0.20778073682202236,-0.039045450449262775,-7.119206578402907,-0.2657839942592318,40.345821325648416,347
252,-0.3,52,2,10,-0.7953393448691488,-0.2375896017604009,-7.12171786866059,-0.8153685565904139,37.820878494010266,1753
500,-0.3,10,2,10,-0.8038261739038792,-0.24309110559101688,-7.1265945869449485,-0.8131998351864687,36.21511232130701,1469
252,-0.1,10,4,5,-0.6144803840050086,-0.1503988120426314,-7.128558480677974,-0.6308131711180376,40.38630377524144,1139
1000,-0.2,6,2,20,-0.7479774939719235,-0.2099623180785507,-7.129598935978373,-0.7615931017565448,35.040234089246525,1367
500,-0.7,26,4,5,-0.2217377214621873,-0.041961750363669115,-7.132590467226467,-0.256794937134859,38.02395209580838,334
500,-0.2,26,2,10,-0.7844495678020794,-0.23080095988477556,-7.13282391052217,-0.7931264174864139,38.340399757722594,1651
1000,-0.2,3,4,5,-0.4697999992826295,-0.1028192084723959,-7.13490268950913,-0.5024988713496737,40.486409155937054,699
252,-0.4,6,4,5,-0.5217487606552699,-0.11850045260048225,-7.137388839361095,-0.5384540631624877,39.824120603015075,796
252,-0.8,10,2,10,-0.3160047146059246,-0.06288142811495656,-7.146423529397768,-0.33729940561553085,32.9153605015674,319
1000,-0.6,10,4,5,-0.29836793426455543,-0.05879300840434909,-7.153716642334491,-0.31714687495727256,34.69945355191257,366
252,-0.2,3,6,5,-0.409018557680219,-0.08601352556551412,-7.154948826711962,-0.426017035327137,41.18476727785614,709
1000,-0.6,3,2,20,-0.5498038772121152,-0.1275658180001873,-7.158438385510163,-0.5640309640544843,36.83473389355743,714
252,-0.8,3,2,5,-0.37497927956236965,-0.0772192667176057,-7.165440630589001,-0.4136768617999824,35.10971786833856,319
500,-0.5,26,2,5,-0.7156453380223828,-0.19348647562642873,-7.1666576727114935,-0.7321029647507291,37.54545454545454,1100
500,-0.7,40,2,10,-0.4669484177850288,-0.10199592591261109,-7.168550969882972,-0.47881251956350823,38.019169329073485,626
500,-0.6,3,2,10,-0.6337142561262776,-0.15780153032482858,-7.172086802261982,-0.6468313557601387,36.74630261660978,879
252,-0.6,3,2,10,-0.6385144566497639,-0.1596991730243621,-7.175820688081691,-0.6762125565998246,36.36363636363637,946
500,-0.2,3,2,10,-0.8411241068106043,-0.2698986304634774,-7.177386097962748,-0.8514610559271123,37.310720775287706,1651
1000,-0.2,6,6,5,-0.3097572503948157,-0.06142329901556953,-7.180856274146414,-0.343652956701085,38.73684210526316,475
252,-0.6,13,4,5,-0.3695939150476554,-0.07586450640286413,-7.183081512781403,-0.40013801072063815,39.96101364522417,513
500,-0.1,40,2,10,-0.8107781334781992,-0.24774665587174793,-7.183504864084313,-0.8171048164343393,38.19858925664677,1843
500,-0.3,13,2,10,-0.779322198966531,-0.22770260109705576,-7.1846750616920545,-0.7927185929457723,37.91695030633084,1469
1000,-0.4,40,2,5,-0.6831438287221712,-0.1784219397634348,-7.2008901608850575,-0.6985481792951203,37.14565004887586,1023
252,-0.5,20,6,5,-0.272566215352944,-0.052962729031900246,-7.203511088588512,-0.30862283616790087,40.169133192389005,473
252,-0.6,10,4,5,-0.37394757764668973,-0.07695898098248,-7.204503112695937,-0.4066278195012967,39.37621832358674,513
500,-0.6,3,2,5,-0.7024963983138643,-0.18722815690112493,-7.222119609086226,-0.7125417242788453,38.45278725824801,879
252,-0.2,26,4,5,-0.5565611213408179,-0.12981906047237668,-7.226264556749251,-0.5733895505294757,40.70107108081792,1027
1000,-0.4,3,2,20,-0.6639861787689764,-0.17013317841367537,-7.229316375453564,-0.6752794019440497,35.386119257087,1023
1000,-0.5,52,2,5,-0.5917023367296727,-0.14201806909199988,-7.238383869507944,-0.5968593173797492,37.470725995316165,854
1000,-0.4,13,2,20,-0.6224075622372083,-0.1534118789290163,-7.238884763999864,-0.6295851655153187,34.40860215053764,1023
252,-0.1,26,2,10,-0.8636051203151405,-0.2886998507775973,-7.24108445485436,-0.8664734958197217,38.1941309255079,2215
252,-0.6,3,6,5,-0.2499095543918196,-0.04798282775114693,-7.244554541482627,-0.2729370296477004,37.84530386740331,362
252,-0.2,52,2,10,-0.8338143559933358,-0.2642611678917892,-7.2493429519229435,-0.8449615074935207,39.64735516372796,1985
252,-0.4,40,2,10,-0.757705786946781,-0.21526253091984726,-7.254514137971063,-0.7735289073062652,37.8129117259552,1518
252,-0.1,3,4,5,-0.6375907531951535,-0.1593323928268262,-7.256815133520919,-0.669485561838548,40.38630377524144,1139
500,-0.2,40,2,10,-0.7852069806638917,-0.23126381485620284,-7.2607698790346555,-0.7913344753253028,37.91641429436705,1651
252,-0.6,10,8,5,-0.17180754670586307,-0.03172063449433338,-7.262588435437495,-0.19326194675562036,40.70175438596491,285
252,-0.7,40,8,5,-0.11670219547642391,-0.020995982053445217,-7.264717850958089,-0.1371589476694851,34.32835820895522,201
252,-0.6,40,2,10,-0.5663909592181398,-0.13314824337807418,-7.265443538788563,-0.6256723385495631,39.112050739957716,946
1000,-0.4,26,2,5,-0.6801664025010206,-0.17710692253481086,-7.2763223648061155,-0.6884894975374938,38.12316715542522,1023
500,-0.7,6,4,5,-0.28905026785602794,-0.05666734781445415,-7.283196037553408,-0.2884758739132518,40.119760479041915,334
252,-0.6,13,2,10,-0.630287274977641,-0.1564593304376758,-7.283356207480543,-0.6613286835934501,38.05496828752643,946
1000,-0.5,20,2,5,-0.6320649945262118,-0.15715429252875224,-7.3040445372944385,-0.6514751238378139,37.11943793911007,854
252,-0.1,13,6,5,-0.4192707476718174,-0.08874449246761984,-7.307006443205497,-0.449238278688765,41.03225806451613,775
500,-0.7,52,2,10,-0.4613233018184204,-0.10038254134435487,-7.308762097773639,-0.47180406033849764,36.5814696485623,626
1000,-0.5,10,4,10,-0.3046430015781695,-0.06023777895754079,-7.3124828955983485,-0.32307799228089695,39.31818181818182,440
252,-0.6,13,6,5,-0.2249930278349488,-0.042648173558118674,-7.319517790189308,-0.2474661654690442,41.988950276243095,362
500,-0.2,6,4,5,-0.54041966471072,-0.12448265523179436,-7.322285764618665,-0.5525941654061756,38.56132075471698,848
252,-0.6,52,4,5,-0.3453533939505373,-0.06988274706248021,-7.323552842837714,-0.4180238211285666,40.74074074074074,513
252,-0.6,3,4,5,-0.373831859296605,-0.07692980884587397,-7.327277772052594,-0.4042989522317131,37.8167641325536,513
500,-0.7,10,2,20,-0.505496153313387,-0.11344869509528621,-7.329656598367128,-0.5154026155170108,33.54632587859425,626
252,-0.5,3,4,5,-0.47251948648939435,-0.10360778070805521,-7.337314076019836,-0.49765085849375523,38.75739644970414,676
1000,-0.5,6,4,5,-0.3292346198016123,-0.06600604257905218,-7.337455640813166,-0.3362648726647246,39.77272727272727,440
252,-0.3,52,4,5,-0.5328220422597092,-0.12202447538997774,-7.3390376612041495,-0.5579434493461786,41.519823788546255,908
1000,-0.6,40,2,5,-0.5378562615910456,-0.1236495355900078,-7.341026498145357,-0.5468423261305464,37.675070028011206,714
1000,-0.5,3,2,20,-0.5884750911734613,-0.14086221272595667,-7.341595509328807,-0.6159213086265198,36.0655737704918,854
252,-0.7,6,4,10,-0.21879055954661364,-0.04134235323982882,-7.347656714935151,-0.2674773845933949,39.19308357348703,347
252,-0.7,3,4,10,-0.2279728632840492,-0.04327860873441802,-7.348721304798087,-0.28622522580076304,36.59942363112392,347
1000,-0.6,6,6,5,-0.19146031641744332,-0.035688849893020014,-7.3493363671511105,-0.20468690998800831,35.7429718875502,249
252,-0.3,20,4,5,-0.5178836393182491,-0.11728631485690033,-7.364740428598228,-0.547989970063171,40.41850220264317,908
1000,-0.2,13,2,20,-0.7180025426737962,-0.19463366426989037,-7.374852995444469,-0.7246076240118612,35.25969275786394,1367
500,-0.3,3,2,10,-0.8200899644497966,-0.2542099856768467,-7.379228687472173,-0.829720421800014,36.48740639891082,1469
500,-0.1,6,2,20,-0.8259343911759349,-0.25840968175149337,-7.380306436430831,-0.8350810432053165,36.84210526315789,1843
252,-0.6,52,2,10,-0.5713065683464535,-0.13483659517023117,-7.3946069473055065,-0.6168908204900345,38.79492600422833,946
500,-0.6,40,2,10,-0.5793922466618249,-0.13764900184711004,-7.399775912786612,-0.5905045653421401,36.6325369738339,879
500,-0.7,26,2,10,-0.4674821924143596,-0.10214975423601513,-7.4018019201617715,-0.48719038602031717,36.90095846645367,626
252,-0.7,10,6,5,-0.15769737474321932,-0.028919431846621824,-7.402649239973669,-0.1740393945544918,42.8,250
1000,-0.3,40,2,10,-0.6552694284090301,-0.16649090146472045,-7.410626846842333,-0.6784917645812336,35.87328767123288,1168
1000,-0.8,10,8,5,-0.03331532573145357,-0.005777132525802364,-7.412970490005165,-0.04255521710283072,37.3134328358209,67
1000,-0.5,13,2,20,-0.5615125362936261,-0.13148827915100836,-7.415771498761066,-0.5705052208710908,34.30913348946136,854
1000,-0.3,20,2,20,-0.6459327726101265,-0.16267332582570448,-7.419283522697424,-0.6661061298289902,35.44520547945205,1168
500,-0.6,6,2,20,-0.6091540328772532,-0.1484030258478265,-7.423663614884024,-0.6224944570787501,35.60864618885097,879
500,-0.8,26,2,20,-0.25973264944946495,-0.05012640162576287,-7.427471714385599,-0.28990973391767083,38.243626062322946,353
500,-0.4,10,2,10,-0.7791286888588324,-0.22758684050026712,-7.435012946724456,-0.7899504910872617,35.231586940015184,1317
252,-0.6,20,2,10,-0.5941744955304935,-0.14290862094435108,-7.436739720146958,-0.6401018198562406,38.6892177589852,946
500,-0.1,13,4,5,-0.5535033299396872,-0.12879592123769168,-7.440618710343758,-0.5719779084461754,39.38753959873284,947
1000,-0.1,10,2,20,-0.7732918659440746,-0.22413406364927468,-7.447871873846647,-0.7806387117415864,34.46945337620579,1555
500,-0.3,20,2,10,-0.7719442161691721,-0.22334734750411944,-7.4615985137328815,-0.7856694096833663,37.78080326752893,1469
500,-0.2,6,2,20,-0.8011080657523415,-0.24130799687178583,-7.461816844653484,-0.8117323481016304,36.099333737129015,1651
252,-0.4,13,2,10,-0.7986608087218409,-0.23971976908294268,-7.464052736894193,-0.8100888654770075,37.878787878787875,1518
500,-0.4,6,2,10,-0.7847796995689738,-0.23100253736209164,-7.466370210536998,-0.7981191568798122,36.522399392558846,1317
252,-0.6,26,2,10,-0.5749107699387752,-0.13608474859770392,-7.467085101782869,-0.6178167536223116,38.372093023255815,946
1000,-0.5,3,4,5,-0.368629699509018,-0.07562295854571743,-7.4677929740454365,-0.379706593924966,37.95454545454545,440
252,-0.7,6,2,20,-0.47286168220169955,-0.10370724610287552,-7.471293107406371,-0.521424115253641,36.102236421725244,626
500,-0.4,3,2,5,-0.852737075698767,-0.2793136247592982,-7.481405066631312,-0.8603064326525773,37.43356112376613,1317
252,-0.3,6,2,20,-0.8158592659950803,-0.25123990288109166,-7.484820639504466,-0.8286432274237943,37.02224757558471,1753
500,-0.3,3,4,5,-0.5236603533804687,-0.11910394391771983,-7.493686403951746,-0.5502309418139516,37.46666666666666,750
1000,-0.8,3,6,10,-0.061771816713779404,-0.010843915150071215,-7.511514682637811,-0.07325381648942164,37.2093023255814,86
252,-0.4,40,4,5,-0.5006552236443786,-0.11197061967987076,-7.517740116721487,-0.5235199806878789,39.44723618090452,796
500,-0.1,10,2,20,-0.8206488491603453,-0.25460665835920604,-7.520893811160124,-0.8298955525035697,35.268583830710796,1843
252,-0.5,13,4,5,-0.442740291063044,-0.09515004233957092,-7.525223818709427,-0.46534523415053664,40.0887573964497,676
500,-0.3,52,2,10,-0.7572857573754745,-0.2150300762141737,-7.5273116349915234,-0.7641721474395725,37.44043567052417,1469
252,-0.5,3,2,20,-0.7001159733066987,-0.18611978845510113,-7.528601484554868,-0.7218059553046519,36.75548589341693,1276
1000,-0.8,13,4,5,-0.08184380824570436,-0.01449498832516194,-7.529735817847087,-0.10613028418830661,32.20338983050847,118
500,-0.6,52,2,10,-0.5871270470018108,-0.1403816269794429,-7.5424896421407235,-0.594823227300205,37.20136518771331,879
1000,-0.2,52,2,10,-0.7239180960045648,-0.19754801055053228,-7.5474370347955535,-0.7323134705224406,38.03950256035114,1367
252,-0.4,3,2,10,-0.8088008195857683,-0.24640826135316463,-7.550058441217062,-0.8203990347018574,36.49538866930172,1518
1000,-0.5,6,4,10,-0.311273863278821,-0.061776260662100624,-7.5515214226957745,-0.3260040708598103,39.09090909090909,440
500,-0.7,3,4,5,-0.2997733051904309,-0.05911564714928075,-7.552497011002555,-0.31000123513946964,34.73053892215569,334
500,-0.7,20,2,20,-0.43179224343644007,-0.09213470714975425,-7.5564180403995795,-0.45751715818638916,36.102236421725244,626
500,-0.1,52,4,5,-0.556674784489924,-0.12985720485640773,-7.562486645664827,-0.5719513417816727,39.17634635691658,947
1000,-0.2,6,4,10,-0.45243572061519344,-0.09786166402182728,-7.565115427979108,-0.46876434434922865,38.483547925608015,699
252,-0.7,10,6,10,-0.14382414269295063,-0.026202941074795594,-7.569657725457515,-0.16101237406515834,42.4,250
1000,-0.4,20,2,10,-0.6553090936366128,-0.1665073017040577,-7.5729832196513005,-0.6672128580031289,35.386119257087,1023
252,-0.1,40,4,5,-0.6179898645818936,-0.15172634469628532,-7.573708408476527,-0.6252172395745261,41.43985952589991,1139
252,-0.4,26,2,10,-0.7723274796436626,-0.22357069180807898,-7.584449210847385,-0.7905817003246256,38.537549407114625,1518
500,-0.5,3,2,10,-0.738597925216778,-0.20501033836056293,-7.598155268755433,-0.7498702415548855,36.36363636363637,1100
500,-0.3,40,2,10,-0.7667430828394908,-0.22034677327873609,-7.612233370412981,-0.7767439737260574,37.44043567052417,1469
500,-0.7,52,4,5,-0.2539565640336654,-0.048863121725468806,-7.621332178500499,-0.2544328087118808,35.32934131736527,334
500,-0.3,26,2,10,-0.7717578931733446,-0.22323888137342274,-7.629386094215436,-0.7870126473529551,38.257317903335604,1469
500,-0.2,10,2,20,-0.8010902884995992,-0.2412964014682094,-7.629579347637772,-0.8102059089026892,35.67534827377347,1651
252,-0.5,10,2,20,-0.7152138901825975,-0.19327735560837556,-7.630337421298931,-0.7352193008713638,35.9717868338558,1276
252,-0.1,13,4,5,-0.622676429961905,-0.15351498986972245,-7.632773924997938,-0.6345248982059429,41.35206321334504,1139
252,-0.3,3,6,5,-0.38152080273879785,-0.07887795206534187,-7.640233581716839,-0.3985554832961703,38.853503184713375,628
500,-0.5,10,2,10,-0.7341952687326403,-0.20273657811817214,-7.644158091957005,-0.743873902454723,34.36363636363636,1100
1000,-0.1,20,2,20,-0.7497854121730683,-0.2109343294472814,-7.644227139536159,-0.7656460156540386,35.17684887459807,1555
1000,-0.4,10,4,10,-0.3483770216027203,-0.07061875255512595,-7.645235508362158,-0.36103033181984323,37.09369024856596,523
500,-0.5,10,2,5,-0.786862160941449,-0.2322800236528303,-7.649795960452239,-0.7930277284749011,35.63636363636364,1100
1000,-0.2,26,2,10,-0.7456504771984533,-0.20871969057438833,-7.652075632630628,-0.7551952941468255,37.527432333577174,1367
1000,-0.6,26,2,5,-0.5511758750460339,-0.12802103933331155,-7.653779799078128,-0.555445399677417,38.51540616246499,714
252,-0.5,3,6,5,-0.3039721213921355,-0.060082800803999414,-7.654086821809937,-0.3238762854606865,40.59196617336152,473
1000,-0.1,3,4,5,-0.517576438882937,-0.11719016157367979,-7.667725953237492,-0.553040624404173,39.135959339263025,787
1000,-0.3,52,2,10,-0.6640171469303258,-0.17014625734468414,-7.668379618556179,-0.6730813045095047,35.87328767123288,1168
252,-0.5,20,2,20,-0.6581623056787126,-0.16769113372531064,-7.6706050033449875,-0.6903635992306895,37.93103448275862,1276
1000,-0.7,10,4,10,-0.17926937820633804,-0.03321801314057393,-7.671915897880343,-0.20325685782720815,37.547892720306514,261
252,-0.2,52,6,5,-0.4004970037306004,-0.08377329390574906,-7.67587782811986,-0.42369710586463205,38.5049365303244,709
1000,-0.2,20,2,20,-0.7143321938945862,-0.19285081852141095,-7.676808918185841,-0.732805635666345,35.25969275786394,1367
500,-0.4,13,2,10,-0.7668911270250165,-0.2204314105323424,-7.68351214508888,-0.7809340304006653,36.14274867122248,1317
500,-0.5,20,2,10,-0.684329663210814,-0.17894853198788796,-7.684446864611854,-0.6998397418151586,35.72727272727273,1100
1000,-0.7,20,2,5,-0.43059850415973555,-0.09180884430665659,-7.687797718732637,-0.4459513960539928,37.80487804878049,492
1000,-0.3,6,6,5,-0.2924147194135104,-0.05743220922349346,-7.6899666351007125,-0.31697805277387414,37.03703703703704,405
500,-0.8,40,4,10,-0.12293117346878457,-0.022179994250193458,-7.693326399665776,-0.1586914727925065,36.31578947368421,190
1000,-0.2,10,4,5,-0.4866040397233594,-0.10774666114697007,-7.695879935798418,-0.5020532968512397,39.05579399141631,699
252,-0.6,52,6,5,-0.23015883266590276,-0.043742371908182975,-7.696694990676702,-0.2718446868174379,41.71270718232044,362
1000,-0.5,26,2,5,-0.6249495461852952,-0.15438917429442744,-7.699473663602166,-0.6362773619495012,37.23653395784544,854
500,-0.4,20,2,10,-0.753069421425002,-0.2127149406912412,-7.701580567370679,-0.7685514809918501,36.59832953682612,1317
1000,-0.1,26,2,10,-0.7820645003506178,-0.22935219999106105,-7.709658673107194,-0.7928300145396152,36.52733118971061,1555
252,-0.5,10,4,5,-0.45712630803813403,-0.09918784149684223,-7.713518378281853,-0.48046708088574597,38.16568047337278,676
252,-0.4,13,4,5,-0.5059966917984616,-0.11360220730988024,-7.714622431222295,-0.5310865382225046,40.45226130653266,796
1000,-0.3,26,2,10,-0.6868795243403181,-0.18008642376284012,-7.716177189744471,-0.6973332743227225,36.81506849315068,1168
252,-0.7,20,6,10,-0.13665504646835602,-0.02481344738250235,-7.719100587935948,-0.1737097278983376,40.8,250
252,-0.7,13,2,20,-0.443666879289219,-0.09540749311450125,-7.720840642450563,-0.48126746939030585,34.185303514377,626
1000,-0.1,52,2,10,-0.7681278661188573,-0.22114020398308842,-7.72215021697969,-0.7740316794588016,37.041800643086816,1555
1000,-0.2,3,2,20,-0.7789606108258633,-0.2274863619542058,-7.7224699566115556,-0.7872323881251797,35.1865398683248,1367
500,-0.2,13,2,20,-0.7854938717578853,-0.23143948735294528,-7.725111951086263,-0.7937162989048501,36.34161114476075,1651
500,-0.2,6,6,5,-0.37450233143967304,-0.0770988943239228,-7.725199122901647,-0.38938604765439433,39.65217391304348,575
1000,-0.7,52,2,5,-0.43657576374253626,-0.09344621681466525,-7.731959326173449,-0.4496174769913275,37.60162601626016,492
1000,-0.3,6,4,10,-0.41170513381551244,-0.08672535165039541,-7.7319811797855635,-0.4320285106654066,38.72053872053872,594
1000,-0.8,6,4,20,-0.07768995660313516,-0.013734015245737141,-7.733023654427129,-0.09977238290554191,38.983050847457626,118
1000,-0.2,40,2,10,-0.7379547969868117,-0.2046762229209963,-7.7338570074265585,-0.7547989275828637,37.30797366495977,1367
252,-0.2,10,4,5,-0.5823529905322151,-0.13869004176582767,-7.734741496429561,-0.5986386684380611,40.116845180136316,1027
252,-0.1,52,6,5,-0.44066925415273506,-0.09457588923416893,-7.7400979269474135,-0.4635191380030087,41.677419354838705,775
1000,-0.8,10,8,10,-0.03092880382268992,-0.005357847512037717,-7.743539705291811,-0.04049876718098766,34.32835820895522,67
500,-0.4,26,2,10,-0.7432632476502332,-0.20745466479526387,-7.744030165006749,-0.760911709642093,37.737281700835226,1317
252,-0.8,52,2,10,-0.2639064282716451,-0.05104433868666336,-7.744525490686172,-0.29064010250085426,35.42319749216301,319
252,-0.2,20,4,5,-0.5714791673449211,-0.13489616838659102,-7.746771792041827,-0.5892195469337185,40.116845180136316,1027
1000,-0.6,40,2,10,-0.49077494157727086,-0.10899037925804,-7.749875259798624,-0.505714100499491,38.23529411764706,714
1000,-0.1,40,2,10,-0.7753653155592484,-0.22535208399443885,-7.764601258029647,-0.785973973315662,36.91318327974277,1555
1000,-0.5,20,2,10,-0.5878670157806896,-0.1406452689159825,-7.7696245709188085,-0.6077380314061298,35.831381733021075,854
252,-0.6,26,8,5,-0.16448061281399418,-0.030261169382144293,-7.776035013955063,-0.19056228182208856,42.45614035087719,285
252,-0.7,10,8,5,-0.13423755320502662,-0.02434705215844568,-7.787976297679255,-0.1503840689890692,38.308457711442784,201
252,-0.5,6,2,20,-0.7267947581994388,-0.19898397127917022,-7.792524457860948,-0.7484194467114134,36.5987460815047,1276
252,-0.4,3,4,5,-0.5432457593904783,-0.1254056276414065,-7.793404676684116,-0.5614264245080739,37.437185929648244,796
252,-0.8,3,2,20,-0.33263862948033185,-0.06681825309246647,-7.793509257142106,-0.36306026128142,32.9153605015674,319
252,-0.4,26,4,5,-0.4824407207469329,-0.10651352983877616,-7.793744241074523,-0.5062651187503484,41.33165829145729,796
1000,-0.7,3,4,5,-0.22288259551388456,-0.04220288995886723,-7.817976764048307,-0.23897606703474472,36.7816091954023,261
252,-0.3,10,4,5,-0.5552442861141692,-0.12937773166712385,-7.819427962532153,-0.5690249839816577,39.86784140969163,908
252,-0.7,26,8,5,-0.12535260958112227,-0.02264214618957816,-7.820800815410413,-0.1441451279166801,39.800995024875625,201
252,-0.4,52,4,5,-0.5072468140388013,-0.11398617641161024,-7.825638660789443,-0.5307999198200106,38.94472361809046,796
252,-0.7,3,2,20,-0.502566419654597,-0.1125527377579526,-7.830022801947489,-0.5287875126141528,35.3035143769968,626
500,-0.5,6,2,10,-0.7409666315555499,-0.20624682619870383,-7.832472487247485,-0.7535661360135351,35.81818181818181,1100
500,-0.2,52,4,5,-0.5259048874629952,-0.11981511316931959,-7.834380179407632,-0.5399100766681117,38.79716981132076,848
1000,-0.3,3,6,5,-0.2973460699251076,-0.0585587496053136,-7.843277176208076,-0.3261282522272064,37.53086419753087,405
500,-0.1,13,2,20,-0.8151397367240334,-0.25074041154767124,-7.850112578681568,-0.8237264014510971,35.268583830710796,1843
1000,-0.7,13,4,5,-0.19658259869005223,-0.036736247772400255,-7.853086448492581,-0.21144102904372009,36.015325670498086,261
500,-0.4,40,2,10,-0.7445241401201239,-0.2081216081480921,-7.858509853961191,-0.7560951021990208,37.28170083523158,1317
252,-0.2,13,4,5,-0.592034768486071,-0.1421375612330038,-7.866877457317532,-0.6005119085354103,40.21421616358325,1027
252,-0.1,10,6,5,-0.4599531299043572,-0.09999166777460478,-7.868113976540642,-0.48124130444391655,40.64516129032258,775
500,-0.6,20,2,10,-0.5986275870412225,-0.14452417860334132,-7.883911347302929,-0.6163428747409618,35.72241183162685,879
1000,-0.4,20,2,20,-0.6331685734984878,-0.1575871151520436,-7.88792689744174,-0.6562535809460878,35.87487781036168,1023
1000,-0.1,6,2,20,-0.8050381364604223,-0.2438927756013468,-7.8902617721654,-0.8134951637248737,35.241157556270096,1555
252,-0.2,20,2,20,-0.8192693787057089,-0.25362941572550846,-7.89100559331024,-0.829803823438794,37.27959697732997,1985
252,-0.4,52,2,10,-0.7839444427533151,-0.23049302686404205,-7.90644846208152,-0.8019605779499261,38.14229249011858,1518
500,-0.1,3,4,5,-0.6081818552987541,-0.1480411865484449,-7.908418748247345,-0.6205520882645624,38.01478352692714,947
252,-0.3,10,6,5,-0.37936358020648475,-0.07832936065960594,-7.90914414764285,-0.3905105546729508,38.05732484076433,628
252,-0.1,6,6,5,-0.46001562787454786,-0.10000947887694911,-7.920394161336577,-0.46909341588754305,41.29032258064516,775
252,-0.7,13,4,10,-0.22990855863055426,-0.043689219855838624,-7.923881044733735,-0.27193336037371996,36.023054755043226,347
252,-0.8,3,2,10,-0.3650275893696966,-0.07472328223424629,-7.928694622889391,-0.39265131133495745,33.5423197492163,319
500,-0.1,20,2,20,-0.805931244627985,-0.2444861829529852,-7.93898053080484,-0.816990618022204,36.08247422680412,1843
252,-0.1,10,2,20,-0.8823453900540007,-0.3064516532403587,-7.948427420446114,-0.8869786439653293,35.71106094808126,2215
500,-0.8,6,4,10,-0.13612489844941,-0.024711075908949942,-7.9500266552082275,-0.16951493999539502,39.473684210526315,190
500,-0.8,10,4,10,-0.12756964195184395,-0.023066216997796096,-7.952885772984795,-0.13711103509070588,38.94736842105263,190
1000,-0.6,3,6,5,-0.19112271340577847,-0.03562001066611098,-7.965539182492764,-0.20373778062723857,40.16064257028113,249
500,-0.2,13,4,5,-0.5448820186028345,-0.12594217861139467,-7.96876494572374,-0.5602012699388483,37.5,848
252,-0.6,13,8,5,-0.18456404080858446,-0.03428736225685547,-7.975026796300711,-0.2163332731835863,42.45614035087719,285
1000,-0.6,3,4,10,-0.29549260930867094,-0.058134570042380984,-7.977679493572279,-0.3157102107591895,36.33879781420765,366
1000,-0.6,52,2,10,-0.5085915661012597,-0.11440011323809707,-7.982066198648967,-0.5115813631021069,38.51540616246499,714
1000,-0.5,3,4,10,-0.34365582932694705,-0.0694707636224442,-7.983927460822704,-0.36877166333509825,36.59090909090909,440
252,-0.3,3,2,20,-0.8365527852963011,-0.26634857360675446,-7.988679791746808,-0.8437018411185249,36.50884198516828,1753
252,-0.8,6,2,20,-0.320387499695879,-0.06391095346973186,-7.993464771111135,-0.35285645964041257,35.42319749216301,319
252,-0.6,10,6,5,-0.2520540057460109,-0.04844879089618337,-7.99938161651988,-0.26971938717686017,42.26519337016575,362
1000,-0.2,13,4,5,-0.49002836176091835,-0.10876713819572315,-8.00222227493672,-0.5082176557693128,37.33905579399141,699
500,-0.3,6,2,20,-0.7921930314139586,-0.2355980346548152,-8.00314998359024,-0.8019620604173403,35.12593601089176,1469
500,-0.6,6,4,10,-0.34790550971531997,-0.07050379198299195,-8.005554779912847,-0.362479190596407,37.63676148796499,457
1000,-0.6,20,2,10,-0.5242816496426328,-0.11930051995352031,-8.009113714059557,-0.5291638597550654,34.87394957983193,714
1000,-0.6,10,4,10,-0.2895207725019019,-0.05677412980940322,-8.010696288240863,-0.3018490042114882,34.69945355191257,366
500,-0.6,10,2,20,-0.6324311667409448,-0.15729778547694673,-8.01583366700063,-0.6394317161541261,33.78839590443686,879
1000,-0.4,6,4,20,-0.32952515076848954,-0.06607523090409939,-8.036223753168175,-0.35708619481519965,36.137667304015295,523
500,-0.5,3,4,5,-0.4578443029338899,-0.09939167895204015,-8.038591748473703,-0.4700294057158575,37.04347826086957,575
1000,-0.3,3,8,5,-0.22547891955195698,-0.04275083499113774,-8.040224330430794,-0.2508525300963018,35.92233009708738,309
1000,-0.1,13,2,20,-0.7773207885755138,-0.2265093705914406,-8.040287492314889,-0.7838521502452839,33.633440514469456,1555
252,-0.1,20,6,5,-0.44465937988011106,-0.09568365211344632,-8.041645200939916,-0.4637091636767843,40.12903225806452,775
1000,-0.4,26,2,10,-0.659163152933405,-0.1681083382682108,-8.044223415131224,-0.6736418245168814,36.26588465298143,1023
1000,-0.2,10,4,10,-0.438552836700303,-0.0939909731585522,-8.046270305454998,-0.461203134288395,37.625178826895564,699
252,-0.1,20,4,5,-0.6367076083803452,-0.158982441457307,-8.048038933288842,-0.6512831370741895,40.298507462686565,1139
252,-0.3,13,2,20,-0.8041363553118084,-0.2432958877415593,-8.05209384099138,-0.8138889912475291,36.56588705077011,1753
252,-0.7,20,2,20,-0.42889170215219896,-0.0913439097443891,-8.05426635134424,-0.47846321165881067,37.38019169329074,626
252,-0.4,6,6,5,-0.38419660378811804,-0.07956062873306635,-8.05441107129985,-0.40772070276079964,37.91208791208791,546
252,-0.3,20,2,20,-0.7898438602466179,-0.23412728240772884,-8.055901617941666,-0.8054617665544717,37.19338277239019,1753
252,-0.8,10,2,20,-0.3138802169220011,-0.06238434588089714,-8.058231384267417,-0.3334341579550796,33.85579937304075,319
1000,-0.7,40,2,5,-0.4492529482711145,-0.09696714689247932,-8.058303529847606,-0.4774972457870228,36.17886178861789,492
500,-0.6,52,6,5,-0.21541487945322402,-0.04063527120792754,-8.065352623175356,-0.2194402688286674,39.1025641025641,312
1000,-0.7,6,6,5,-0.1568623582140497,-0.028754883784950835,-8.07227643160968,-0.17159314090919442,37.569060773480665,181
252,-0.5,20,4,10,-0.40138324891088273,-0.08400504443070822,-8.085232683438637,-0.45255798137080194,38.75739644970414,676
252,-0.6,40,6,5,-0.24605721102105094,-0.04714852728055041,-8.093333950749402,-0.2825859309661084,40.055248618784525,362
252,-0.7,40,4,10,-0.21995725707372027,-0.04158732291015488,-8.095965660337228,-0.25839690801893356,39.481268011527376,347
500,-0.1,20,4,5,-0.5568860452779982,-0.12992812371986595,-8.097140513677225,-0.570629545911166,39.915522703273496,947
252,-0.5,52,2,20,-0.6698990745653368,-0.17264871649568325,-8.099923448360189,-0.6945157743780045,37.539184952978054,1276
252,-0.1,26,4,5,-0.6333153542021028,-0.15764476371013036,-8.102424746675041,-0.6419202358868012,40.298507462686565,1139
252,-0.7,52,13,5,-0.07437405002709951,-0.013128587781600198,-8.10821633420308,-0.08995351109324912,38.35616438356164,146
500,-0.8,13,6,5,-0.1069469957319138,-0.019155535797993672,-8.109814645321363,-0.13547946210228534,36.6412213740458,131
252,-0.6,3,8,5,-0.20052481766527186,-0.03754612419680947,-8.110850237873565,-0.2029936607512145,37.54385964912281,285
252,-0.1,6,2,20,-0.8920143227835641,-0.31654751333321374,-8.111941304677384,-0.8992920887647147,35.395033860045146,2215
500,-0.1,3,2,20,-0.8596145233896793,-0.2851836327085091,-8.113146287846716,-0.8660525804474728,35.756918068366794,1843
252,-0.2,3,4,10,-0.5555657956909729,-0.1294853834667402,-8.114649002627521,-0.5754428842116317,38.948393378773126,1027
252,-0.7,40,20,5,-0.04229915883803159,-0.0073632261640631524,-8.11475406108543,-0.056184948689086855,34.95145631067961,103
1000,-0.2,13,6,5,-0.31623773312568615,-0.06293602680044119,-8.122372787176579,-0.3314903637568031,38.315789473684205,475
252,-0.8,20,2,10,-0.2833372056197382,-0.055375408879884236,-8.124478100711407,-0.30383489280525744,35.73667711598746,319
500,-0.7,13,2,20,-0.491957648745865,-0.10934458640603406,-8.133494890759673,-0.49920109196773466,34.66453674121406,626
500,-0.2,3,2,20,-0.8339827410277956,-0.26438869576384905,-8.133576454723324,-0.8428644689024465,35.5542095699576,1651
252,-0.3,10,2,20,-0.8209903818900198,-0.25484956853476104,-8.138240831279555,-0.83059495065042,36.33770678836281,1753
500,-0.6,13,2,10,-0.6389343773866174,-0.15986617029340733,-8.1385876244045,-0.6465944157422686,36.86006825938566,879
1000,-0.4,10,4,5,-0.40316780495906357,-0.08447256495448763,-8.143082689622341,-0.42271406781719145,37.66730401529637,523
500,-0.7,3,2,20,-0.5036115138549623,-0.11287184039710807,-8.143698125658911,-0.5227499086909705,35.14376996805112,626
252,-0.6,10,2,20,-0.6456252316238599,-0.16254900471850176,-8.14940803777955,-0.6591972141864477,35.72938689217759,946
500,-0.4,52,2,10,-0.752258326858529,-0.21227334270384657,-8.15194092669619,-0.7602375742758671,37.66135155656796,1317
500,-0.6,52,4,5,-0.3551684651964663,-0.07228229042890033,-8.153554029059682,-0.3591951205468614,38.29321663019694,457
1000,-0.4,13,4,5,-0.39887871618186244,-0.08335084824525574,-8.158036575564926,-0.4145115480843944,36.90248565965583,523
500,-0.2,20,2,20,-0.789180551967592,-0.23371447122442923,-8.159440967194977,-0.798146978675903,35.67534827377347,1651
1000,-0.4,3,8,5,-0.21153297110573477,-0.03982526371842399,-8.167637461495753,-0.22582666477639746,37.77777777777778,270
1000,-0.4,3,4,10,-0.381495912969416,-0.07887161344579396,-8.174298727629326,-0.39565705805429796,36.7112810707457,523
252,-0.5,40,2,20,-0.6685429952767183,-0.17206851483950403,-8.174607262773963,-0.6909893151786084,37.93103448275862,1276
500,-0.8,26,4,10,-0.1305532849567721,-0.023638336407084126,-8.175603197415487,-0.1754058332034174,34.21052631578947,190
500,-0.3,13,2,20,-0.7718022081656828,-0.22326467226287805,-8.183237404070361,-0.7816796556846357,35.73859768550034,1469
1000,-0.1,13,4,5,-0.5133584727893644,-0.11587505091896178,-8.189836828820363,-0.5396191600763035,38.50063532401525,787
252,-0.7,52,4,10,-0.2276884538278593,-0.04321835005359809,-8.203203949721335,-0.2674526965480518,39.76945244956772,347
500,-0.7,6,4,10,-0.2678205180367048,-0.05190909137383415,-8.211709202732386,-0.27223358107992823,38.02395209580838,334
500,-0.1,26,4,5,-0.5739529609563692,-0.13575220110499164,-8.22097442512719,-0.5833496033887404,39.070749736008445,947
500,-0.5,6,2,20,-0.7136046813402677,-0.1924996917030024,-8.22158282279774,-0.7256077095473292,35.72727272727273,1100
1000,-0.4,6,8,5,-0.19736650214788243,-0.036897027486780254,-8.22164012198189,-0.20640621736244735,37.407407407407405,270
252,-0.2,6,2,20,-0.8685883219037612,-0.2932124625896677,-8.222211938588403,-0.8762295270392669,36.423173803526446,1985
1000,-0.3,26,2,20,-0.6664134577271693,-0.17116134648079184,-8.238801981665166,-0.6805534805929221,35.70205479452055,1168
252,-0.1,20,2,20,-0.8600108617141315,-0.28552912324335145,-8.240182289521968,-0.867990539682798,36.5237020316027,2215
252,-0.6,6,4,10,-0.3885256959335822,-0.08067033494454323,-8.243925656836973,-0.41800947217327844,35.67251461988304,513
1000,-0.8,52,2,5,-0.258093229055785,-0.04976701805694084,-8.24587093898981,-0.26955714783026974,37.15596330275229,218
252,-0.7,6,8,5,-0.14084281952732747,-0.025623942427366098,-8.246570696362701,-0.1544116014358926,36.81592039800995,201
252,-0.5,13,2,20,-0.7130477600318935,-0.19223139841367998,-8.247396314732752,-0.733410752539967,37.06896551724138,1276
252,-0.5,6,4,10,-0.44630816253638195,-0.09614332451124319,-8.253310647333889,-0.4673206584243794,38.01775147928994,676
252,-0.1,13,2,20,-0.8745250874376702,-0.29877762987619627,-8.258951901236093,-0.8796176436576375,35.620767494356656,2215
500,-0.4,6,2,20,-0.7697507640850542,-0.22207508089068395,-8.269919909015503,-0.7806669978706064,35.155656795747916,1317
500,-0.6,40,4,5,-0.3628606543085744,-0.07418409678453786,-8.270338148107523,-0.371305010222702,38.51203501094092,457
500,-0.8,40,8,5,-0.07268931694082481,-0.012821673059568495,-8.272375301833648,-0.09117295052144592,35.84905660377358,106
500,-0.3,3,2,20,-0.8082081396771708,-0.2460093265135963,-8.273935590952094,-0.8196471810231418,35.19400953029271,1469
1000,-0.7,6,4,20,-0.18597806400425299,-0.03457392250429869,-8.274396770502296,-0.2118212410573519,36.015325670498086,261
500,-0.3,6,4,5,-0.5358536853786888,-0.1230013489366143,-8.283872278857304,-0.540995718496124,38.4,750
500,-0.1,40,4,5,-0.5870996840356266,-0.14037188539777756,-8.284809156381522,-0.5947382883748957,38.01478352692714,947
1000,-0.5,10,4,20,-0.30697613511283484,-0.060777716528827574,-8.29228423513822,-0.32426433262433985,36.36363636363637,440
252,-0.2,10,2,20,-0.856128138569734,-0.28217887077624726,-8.29347817538246,-0.8601440668404845,35.91939546599497,1985
252,-0.7,52,2,20,-0.41813464066047856,-0.0884398974579389,-8.298667390514092,-0.46568652857605775,37.38019169329074,626
1000,-0.7,3,6,5,-0.15003068090058969,-0.02741368604216199,-8.298988766205744,-0.1542638282750578,38.12154696132597,181
1000,-0.1,3,2,20,-0.8269196902540219,-0.2591291794992472,-8.304582836028985,-0.8349105454348893,34.46945337620579,1555
1000,-0.5,3,6,5,-0.22501580646344832,-0.04265298513909943,-8.315435758639692,-0.22903531223670504,38.87043189368771,301
500,-0.4,6,4,5,-0.49929267304727143,-0.11155673650484788,-8.31735279235958,-0.5192629503592877,38.03863298662704,673
500,-0.5,13,2,10,-0.7309216141290386,-0.20106604612018641,-8.319997478563817,-0.7387446711912807,36.09090909090909,1100
1000,-0.7,6,6,10,-0.1396052841314538,-0.02538409147901788,-8.320106141639288,-0.15384900506391808,34.806629834254146,181
1000,-0.3,13,4,5,-0.4398248390533782,-0.09434229790025361,-8.321662293242163,-0.4537384752643592,38.04713804713805,594
500,-0.2,6,4,10,-0.5065594482027151,-0.11377495545562122,-8.326037944355006,-0.5238502438266632,38.56132075471698,848
252,-0.5,10,4,10,-0.4245951707663863,-0.09017860950898837,-8.330953779872873,-0.4502101172900833,36.68639053254438,676
252,-0.3,3,4,10,-0.5222176303739448,-0.11864828979253472,-8.332503085644408,-0.5347477335848367,38.54625550660793,908
1000,-0.2,26,2,20,-0.7342175362623065,-0.20274799941002164,-8.338117308237475,-0.7443205286015098,35.55230431602048,1367
1000,-0.1,52,4,5,-0.48972967174842563,-0.10867790027656365,-8.338319086686901,-0.5143388941361526,38.88182973316391,787
252,-0.3,40,8,5,-0.2868687483790415,-0.056173011684086616,-8.353343053231244,-0.30522762812424353,39.54451345755693,483
1000,-0.5,40,2,10,-0.576581271870963,-0.1366662296111848,-8.360069438646983,-0.5923955850436197,36.18266978922717,854
500,-0.8,10,4,5,-0.16218377894285396,-0.029805843329604342,-8.361751050094803,-0.16782090959486184,36.84210526315789,190
500,-0.6,3,2,20,-0.6266233455145975,-0.15503568844788518,-8.3670140991165,-0.6378213539645698,34.470989761092156,879
252,-0.2,13,2,20,-0.8441820713759758,-0.27232098986517306,-8.372739971939357,-0.8480603400414992,36.221662468513856,1985
1000,-0.5,13,4,10,-0.3145969740973271,-0.06255190731415783,-8.374035819968798,-0.3212789722756473,37.5,440
1000,-0.5,6,6,10,-0.19668904968969392,-0.03675807339078341,-8.379330595002962,-0.20896787793685312,35.880398671096344,301
252,-0.2,3,2,20,-0.8801939651724573,-0.30429929198049666,-8.38081661872691,-0.8840034253926881,36.92695214105793,1985
252,-0.8,20,2,5,-0.3243698834351326,-0.06485120757136409,-8.385766685155561,-0.3408293574350971,35.73667711598746,319
252,-0.4,6,2,20,-0.8052531222388662,-0.2440354122154188,-8.386833840217381,-0.8190861171691414,36.36363636363637,1518
500,-0.1,10,4,5,-0.6008835713824707,-0.1453483155478137,-8.400405070063476,-0.6174484253760631,38.12038014783527,947
500,-0.2,20,4,5,-0.5365084096514661,-0.12321301221148229,-8.400634671631206,-0.5479029639236037,39.03301886792453,848
1000,-0.5,52,2,10,-0.576140258934611,-0.1365125339690162,-8.400899206342993,-0.5847510318072798,37.822014051522245,854
500,-0.3,10,2,20,-0.7984263872771332,-0.23956847491182165,-8.401485642626058,-0.8064756984085205,34.24098025867937,1469
500,-0.6,26,2,10,-0.6159180579303919,-0.15094142520457088,-8.403669224513553,-0.6291065897119708,35.381114903299206,879
1000,-0.8,10,4,5,-0.09419361096245438,-0.0167744159393034,-8.406453159379483,-0.1042344566288339,38.13559322033898,118
500,-0.5,52,2,10,-0.7044433943628756,-0.18814019228094836,-8.406923242717726,-0.7123564755910011,36.90909090909091,1100
252,-0.7,20,20,5,-0.047331631894768855,-0.008257105440711343,-8.417407573325272,-0.06518014169920983,34.95145631067961,103
1000,-0.4,40,2,10,-0.6567502601501533,-0.1671042394406167,-8.41873899720497,-0.6757857936452749,35.87487781036168,1023
500,-0.6,3,4,5,-0.3900979917713401,-0.0810749850531356,-8.426613830855572,-0.3983730592459177,37.85557986870897,457
252,-0.3,26,2,20,-0.7953245570938161,-0.23758018214297927,-8.429345500468093,-0.8080385293542129,37.02224757558471,1753
500,-0.4,3,2,10,-0.8303135598036463,-0.261633771496525,-8.429418674165888,-0.8371441164055963,36.29460895975703,1317
252,-0.7,52,8,5,-0.13692321918120498,-0.02486525132758577,-8.431477327308446,-0.16030729617105488,36.318407960199,201
252,-0.6,40,8,5,-0.17892809188226966,-0.03314928083207569,-8.438141718640535,-0.21491963946613302,40.0,285
252,-0.5,26,2,20,-0.681116815006169,-0.17752557727857932,-8.441021596300516,-0.7063468428233891,37.61755485893417,1276
252,-0.8,26,4,5,-0.15200640770364682,-0.02780064027794371,-8.445798948635385,-0.17784057557109,39.130434782608695,184
252,-0.4,20,4,5,-0.520554001790744,-0.11812428103310202,-8.454149224507587,-0.5496944458482673,38.69346733668342,796
1000,-0.4,52,2,10,-0.6568769201566133,-0.16715680186071558,-8.463838995588315,-0.6644819585787107,36.950146627565985,1023
500,-0.5,40,2,10,-0.7070265499808214,-0.18935794416859975,-8.469039227149938,-0.7174984781464337,36.45454545454545,1100
1000,-0.7,40,2,10,-0.39965804310571384,-0.08355416969437113,-8.474813401680082,-0.4280740086746506,36.58536585365854,492
1000,-0.6,6,4,20,-0.2768135905762068,-0.05391057282744405,-8.47713881342231,-0.2855733445696633,35.79234972677596,366
500,-0.2,3,6,5,-0.387582942228169,-0.08042811889533541,-8.48180722436648,-0.4050482128215199,37.21739130434783,575
500,-0.8,40,6,5,-0.10499616003789536,-0.018789486407773337,-8.482553551522223,-0.12447795997511801,37.404580152671755,131
252,-0.2,40,6,5,-0.43289079913894857,-0.09243508895475905,-8.482676256175292,-0.44526721164425087,39.77433004231312,709
500,-0.7,20,4,5,-0.2746599550795795,-0.05342939271627922,-8.496411916654711,-0.2915072364010889,36.227544910179645,334
252,-0.3,3,8,5,-0.32739888005883955,-0.06556944493158734,-8.50396909588428,-0.33591278022014726,36.85300207039337,483
1000,-0.8,3,6,5,-0.0775337985433614,-0.013705463016547736,-8.5059929481983,-0.08385725637558772,37.2093023255814,86
1000,-0.7,3,6,10,-0.13613445613422104,-0.024712921034860114,-8.506270980337783,-0.14044353209309146,38.12154696132597,181
500,-0.2,3,4,10,-0.5264383046677001,-0.11998453409752796,-8.508108467157665,-0.5393114480320103,36.556603773584904,848
252,-0.7,26,2,20,-0.4316598909448184,-0.09209855006340495,-8.515339680277723,-0.4714812502929474,36.26198083067093,626
252,-0.3,6,6,5,-0.41080719981025904,-0.08648713882319059,-8.515995731983896,-0.4210783355844012,37.57961783439491,628
1000,-0.6,26,2,10,-0.5334746182730563,-0.1222343074014508,-8.51614999906958,-0.5418752474247138,35.714285714285715,714
1000,-0.5,26,2,10,-0.6004865170259571,-0.14520298748788418,-8.523597791673236,-0.6105849258509315,37.58782201405152,854
252,-0.1,40,6,5,-0.4729269003977207,-0.1037262090279868,-8.531710709410975,-0.48331667291583436,40.64516129032258,775
500,-0.2,10,4,5,-0.5650103912991636,-0.13267691798388215,-8.531731436791064,-0.5775091749819778,38.79716981132076,848
252,-0.7,26,6,10,-0.14095643297092686,-0.025645976586705865,-8.532557075533532,-0.16776380591039586,42.4,250
252,-0.6,6,6,10,-0.24372350515811114,-0.04664483488381932,-8.535109308227652,-0.2859150072085417,37.84530386740331,362
252,-0.2,40,8,5,-0.317528909840855,-0.06323884290037673,-8.538686802884785,-0.32950210557704784,39.85239852398524,542
1000,-0.7,26,2,5,-0.4491974453766233,-0.09695158588048725,-8.542653317747842,-0.45747155969392617,36.58536585365854,492
500,-0.2,40,4,5,-0.5511294475909876,-0.1280056161135289,-8.551398133928725,-0.5652770594997947,39.386792452830186,848
500,-0.5,3,2,20,-0.7300253036488619,-0.20061160180124715,-8.552283616515533,-0.740329559696466,34.27272727272727,1100
500,-0.1,26,2,20,-0.8165773949767435,-0.25174003805404366,-8.553218059549828,-0.8233007855269823,36.51654910472056,1843
1000,-0.1,10,4,5,-0.5315116789112545,-0.12160386845304816,-8.560563059993648,-0.541612901495053,37.99237611181703,787
1000,-0.4,6,6,5,-0.27015996273740195,-0.05242778404433268,-8.567602793441875,-0.28025602621703527,36.54390934844193,353
500,-0.3,52,4,5,-0.5106534712759963,-0.11503662908319323,-8.567956367542735,-0.5179287455383463,37.2,750
500,-0.1,40,2,20,-0.809552642424704,-0.2469157935095999,-8.573896107537168,-0.8139099487863383,36.57080846446012,1843
252,-0.2,52,8,5,-0.3250605557193862,-0.06501474487065018,-8.579853315302707,-0.3454147946491022,40.03690036900369,542
252,-0.2,13,6,5,-0.4169209639107512,-0.08811504987054442,-8.58147858369093,-0.4242441611017115,41.04372355430183,709
1000,-0.8,13,4,10,-0.0834935711949093,-0.014798011945235001,-8.588462097134057,-0.09660989070828685,34.74576271186441,118
252,-0.8,26,2,5,-0.3211093831936589,-0.064081053029454,-8.588587373481566,-0.35064152772276835,36.05015673981191,319
1000,-0.2,3,4,10,-0.47609314395223523,-0.10464917811885122,-8.59412956848654,-0.49539387205430196,37.05293276108726,699
500,-0.1,52,2,20,-0.8109393196619886,-0.24785626910566572,-8.5962695118148,-0.8147906481094613,35.051546391752574,1843
1000,-0.5,6,4,20,-0.31801391178225746,-0.06335271177650925,-8.599041089176527,-0.3284662900569151,38.18181818181819,440
500,-0.3,20,2,20,-0.7723889682528885,-0.22360655290540876,-8.601090718239846,-0.7864572613246266,35.46630360789653,1469
500,-0.2,26,2,20,-0.7933062180914621,-0.2362997889233739,-8.601111591806228,-0.800502620311102,35.97819503331314,1651
252,-0.3,6,4,10,-0.5340184370918843,-0.1224093551273423,-8.601964870960488,-0.5484269598255609,37.66519823788546,908
252,-0.2,40,4,10,-0.5462049327931284,-0.1263771500027271,-8.603702819226749,-0.5541936079276046,39.62999026290166,1027
252,-0.5,52,4,10,-0.4136097956511823,-0.08723163865351813,-8.611087363737372,-0.4609680745518375,38.46153846153847,676
252,-0.8,6,4,5,-0.1528178014091175,-0.027959771604466277,-8.6127012354595,-0.1534334636573793,34.23913043478261,184
500,-0.3,10,4,5,-0.547157122010512,-0.12669087887763686,-8.618944558332952,-0.5552052448201411,37.733333333333334,750
252,-0.4,10,2,20,-0.8118512433187539,-0.24847787778217134,-8.619332545832714,-0.8214376072149814,35.573122529644266,1518
500,-0.7,26,2,20,-0.46566929355833864,-0.10162781455490333,-8.627149099708351,-0.47870964737976873,37.06070287539936,626
1000,-0.3,3,4,10,-0.4109831394222734,-0.08653379010726747,-8.630552280837854,-0.43557714216829735,34.34343434343434,594
1000,-0.6,10,4,20,-0.27657780262442744,-0.05385783359139107,-8.640669765260519,-0.29047020653932587,34.42622950819672,366
1000,-0.3,40,2,20,-0.6592546665531737,-0.16814653650188593,-8.643484865108272,-0.6816158475483358,34.76027397260274,1168
1000,-0.1,20,4,5,-0.5010365201984441,-0.11208660851350205,-8.64441762428644,-0.52502776145606,37.73824650571792,787
1000,-0.6,6,6,10,-0.1930582740117538,-0.03601500646349243,-8.647756952889615,-0.2047305050095617,33.734939759036145,249
1000,-0.2,20,4,5,-0.48243551851537525,-0.10651199414463575,-8.652877781288458,-0.5048166954886344,38.483547925608015,699
1000,-0.8,10,4,20,-0.08271492953950521,-0.014654937032687054,-8.653432660289765,-0.10346741274711224,36.440677966101696,118
500,-0.8,52,4,20,-0.11207400752658958,-0.02012072413813859,-8.658108979758625,-0.13936088999519836,37.89473684210527,190
252,-0.5,26,6,5,-0.30609218664017535,-0.060572974674490854,-8.66009661927433,-0.33756269540135375,41.2262156448203,473
500,-0.7,10,4,10,-0.2922919456492986,-0.057404245363427364,-8.662173367434168,-0.2969393696432565,35.029940119760475,334
1000,-0.1,26,2,20,-0.7789703427284346,-0.22749217804446975,-8.665464684086391,-0.7878116688680722,35.30546623794212,1555
1000,-0.2,10,8,5,-0.25105752925746183,-0.048232131138174816,-8.67091757994071,-0.26374718497831207,40.11142061281337,359
252,-0.6,3,2,20,-0.6499717413406522,-0.16431441301520588,-8.671473875724372,-0.6715656814441977,35.20084566596194,946
252,-0.6,10,4,10,-0.3835960856069751,-0.0794072049223159,-8.671798407719278,-0.41653858063978944,36.25730994152047,513
1000,-0.5,20,2,20,-0.5833111299487639,-0.13902824763333144,-8.672281994949314,-0.6002888735501843,35.597189695550355,854
252,-0.1,3,2,20,-0.9016484770644259,-0.3273821391027266,-8.684399515406083,-0.9064381889766406,35.53047404063206,2215
252,-0.8,13,2,10,-0.33672486204418195,-0.06779779311116096,-8.693332792347446,-0.34444115626046623,34.1692789968652,319
500,-0.7,52,2,20,-0.4615233737836052,-0.10043968549344018,-8.696876584923341,-0.4720563388466642,35.623003194888184,626
1000,-0.3,10,4,5,-0.45520089835090205,-0.09864232232255077,-8.70823435863016,-0.4718873393255635,37.878787878787875,594
1000,-0.8,40,2,5,-0.25728019044800676,-0.04958903292584049,-8.710384150311905,-0.27320141329308856,35.77981651376147,218
500,-0.6,13,2,20,-0.6166634511135212,-0.15122341785432858,-8.711204104606342,-0.6221327763312703,34.8122866894198,879
252,-0.5,3,4,10,-0.44874177691030404,-0.09682388197894998,-8.719023378847826,-0.4715524010440223,36.98224852071006,676
500,-0.2,26,4,5,-0.5494391522043893,-0.12744499777265195,-8.720517096929111,-0.5631660549161481,39.386792452830186,848
252,-0.3,10,4,10,-0.5371045877557576,-0.12340596404288673,-8.72468697308148,-0.5538069891919128,39.20704845814978,908
252,-0.8,40,2,10,-0.28337872542407316,-0.05538476722576524,-8.727655739743266,-0.3126420425606249,35.10971786833856,319
1000,-0.1,6,4,5,-0.5605728261206411,-0.13117028732782354,-8.729829877309198,-0.5618351595530713,37.86531130876747,787
1000,-0.3,52,4,5,-0.4195020682692967,-0.08880657100296185,-8.730709592808365,-0.4275264754417415,36.02693602693603,594
500,-0.8,6,13,5,-0.044045523432124534,-0.007672977283604054,-8.733631463895971,-0.0568129269392873,42.465753424657535,73
500,-0.1,6,4,10,-0.5622247431581164,-0.1317296618910847,-8.733999539733908,-0.5797403516993838,37.69799366420274,947
1000,-0.3,52,2,20,-0.6609798895128887,-0.16886824931415312,-8.73593848218023,-0.6753933872370665,34.50342465753425,1168
252,-0.5,40,4,10,-0.41619769168649723,-0.08792172835197987,-8.736214958136273,-0.45254764775256573,39.201183431952664,676
252,-0.3,40,4,10,-0.5138174399533167,-0.11601769209627588,-8.7513975693899,-0.528541761426447,41.18942731277533,908
1000,-0.2,52,2,20,-0.7253290469229028,-0.19825076546234033,-8.75466574457147,-0.7313312961391223,35.33284564740307,1367
500,-0.7,13,4,5,-0.31372861974285904,-0.06234892452074703,-8.756486534242317,-0.32854921599045894,36.52694610778443,334
252,-0.5,40,6,5,-0.32659876382480735,-0.06537946074147627,-8.763759245912631,-0.3530900204529299,38.6892177589852,473
500,-0.8,13,4,10,-0.129278134144856,-0.023393624886157816,-8.771131828269166,-0.138591800694711,36.84210526315789,190
252,-0.7,40,2,20,-0.4340048735827847,-0.09274020715097853,-8.780415237528171,-0.4716520255871388,36.74121405750799,626
252,-0.6,6,2,20,-0.6714050045082263,-0.17329535222324555,-8.781002165955728,-0.6910465000136011,35.72938689217759,946
252,-0.2,10,6,5,-0.42963491262973985,-0.09154621923525064,-8.785065525101466,-0.44421670898920207,39.492242595204516,709
500,-0.4,13,2,20,-0.7613818639397454,-0.21731134682827324,-8.787959445386448,-0.7700744915407673,34.09263477600607,1317
1000,-0.2,40,2,20,-0.7293123910614727,-0.20025103546089285,-8.791416633883316,-0.7442804855990099,35.040234089246525,1367
1000,-0.5,13,8,5,-0.16383286826157994,-0.03013265507339169,-8.79476571558457,-0.1704096217853387,38.095238095238095,231
252,-0.8,13,2,20,-0.31871909359573725,-0.06351839436079976,-8.798495928546515,-0.33076428006265146,33.5423197492163,319
252,-0.1,3,4,10,-0.6222376931919379,-0.1533467654148324,-8.799939148024938,-0.6454814962876843,37.3134328358209,1139
252,-0.1,52,2,20,-0.8632852430858364,-0.28841487670136456,-8.802704486063893,-0.8700964810195231,35.93679458239278,2215
252,-0.2,26,2,20,-0.841156856194475,-0.26992436725342694,-8.80369042405261,-0.8473843086725024,37.22921914357683,1985
1000,-0.6,3,4,20,-0.2933955805019792,-0.05765576194744648,-8.807817311722758,-0.3138621047327901,36.0655737704918,366
1000,-0.2,40,4,5,-0.4886765939903316,-0.10836362329445803,-8.812956645893797,-0.5032920218478749,38.340486409155936,699
500,-0.5,26,2,10,-0.7263038320065607,-0.19873802847501865,-8.819609722961976,-0.7378483876986651,34.63636363636364,1100
252,-0.7,10,26,5,-0.03393190351060704,-0.005885597772463003,-8.82027359138929,-0.0470988418553735,30.337078651685395,89
500,-0.1,3,6,5,-0.43782421182173314,-0.09379002542632331,-8.82197270997629,-0.47311801925302055,37.98449612403101,645
1000,-0.6,20,2,20,-0.5190698966662732,-0.1176580890618143,-8.824089259500715,-0.5229781105964931,34.03361344537815,714
500,-0.8,52,6,10,-0.08307519673994945,-0.014721123383034995,-8.826354389914686,-0.10389065973648604,36.6412213740458,131
1000,-0.7,10,6,5,-0.14175832402542576,-0.02580156384940402,-8.834973981609442,-0.15140419947026973,38.12154696132597,181
1000,-0.2,26,4,5,-0.4848080640161292,-0.10721369905753675,-8.851874293778712,-0.4997221977890206,38.62660944206009,699
252,-0.3,20,4,10,-0.5183457869786668,-0.11743106211688414,-8.855840064953663,-0.538875359887075,39.20704845814978,908
252,-0.3,26,6,5,-0.39305318887589036,-0.08183788816524529,-8.856201961493987,-0.4082250071058934,38.375796178343954,628
252,-0.6,52,2,20,-0.5820380619981013,-0.13857901814678697,-8.857892858680435,-0.6111806037592113,38.16067653276956,946
500,-0.6,3,4,10,-0.3588945331721768,-0.07320115594025944,-8.866572494593685,-0.3712911274090429,36.542669584245075,457
1000,-0.3,10,4,10,-0.41489327132582066,-0.08757357467214166,-8.872183866962553,-0.4310319380163464,36.868686868686865,594
1000,-0.1,26,4,5,-0.5060131968224278,-0.11360727149949978,-8.8825025699598,-0.5316310390514905,37.99237611181703,787
1000,-0.6,13,4,10,-0.2850137440321796,-0.05575364969711094,-8.894943369555458,-0.2898609444196091,36.0655737704918,366
500,-0.4,10,2,20,-0.7819439156691931,-0.22927930301724708,-8.899475632707444,-0.7911205603188856,33.33333333333333,1317
500,-0.8,6,8,10,-0.07493344712360805,-0.013230597852402881,-8.899940599088545,-0.08739259169679703,33.0188679245283,106
500,-0.3,6,6,5,-0.3864906707949798,-0.08014787438078019,-8.90713843042474,-0.3940520845514035,35.88235294117647,510
500,-0.2,52,2,20,-0.7908248587126956,-0.23473979314770965,-8.908088943959594,-0.7947149289305402,35.13022410660206,1651
500,-0.3,13,4,5,-0.5398063040313164,-0.12428295981278481,-8.908272932256557,-0.5517889727589657,37.333333333333336,750
252,-0.8,40,4,5,-0.1548122505852535,-0.028351462579394804,-8.909402499957286,-0.16950684986153752,38.04347826086957,184
1000,-0.4,20,4,5,-0.40722907949695586,-0.08554087858340986,-8.910203525799414,-0.426532380115599,35.5640535372849,523
1000,-0.5,10,8,5,-0.16490015933655755,-0.030344452651918874,-8.911972077695964,-0.17275983731832867,36.79653679653679,231
252,-0.1,26,6,5,-0.4741087316890824,-0.10407017724212864,-8.9180881397319,-0.4909523882470703,39.483870967741936,775
500,-0.8,10,6,10,-0.09136107002813953,-0.016249341661980332,-8.918172618781645,-0.0985809139619176,41.98473282442748,131
1000,-0.7,10,6,10,-0.13152080979098013,-0.023824210669144197,-8.925090621741575,-0.1411017507059007,36.46408839779006,181
252,-0.1,40,2,20,-0.8688782917379145,-0.293479390686353,-8.92853460337384,-0.8719373807677556,36.56884875846501,2215
252,-0.4,20,2,20,-0.7786642490116575,-0.2273093484188976,-8.932503560319844,-0.7976175018016235,35.96837944664031,1518
252,-0.1,26,2,20,-0.8722923884240787,-0.29665957347154803,-8.932544121120518,-0.8760176640269101,36.11738148984199,2215
1000,-0.5,20,4,5,-0.3526044558747733,-0.07165254719357883,-8.932776621966802,-0.370068751600788,37.72727272727273,440
500,-0.2,40,2,20,-0.7938797210117606,-0.23666254955382726,-8.935021840818155,-0.7964823794240194,35.614778921865536,1651
500,-0.5,13,2,20,-0.7075274429537003,-0.18959510489036546,-8.935845312912202,-0.7137728113753526,33.18181818181819,1100
1000,-0.1,40,4,5,-0.5192401685014109,-0.11771151479396524,-8.939173905273739,-0.5285565662825158,38.6277001270648,787
500,-0.3,26,4,5,-0.5102896149565783,-0.11492414427548714,-8.947690161679839,-0.5318981865830263,38.4,750
500,-0.6,20,2,20,-0.590774506577036,-0.14168498798051565,-8.959975693833746,-0.6055107776050425,34.69852104664392,879
1000,-0.4,13,4,10,-0.3792530917737267,-0.0783013055325078,-8.970066773751498,-0.39434908205412333,37.66730401529637,523
500,-0.5,10,2,20,-0.730626693920468,-0.20091637832658737,-8.971814605659,-0.7378179337591422,33.27272727272727,1100
252,-0.2,40,2,20,-0.842082792363334,-0.2706538604244585,-8.974898978478107,-0.8464046582435434,37.22921914357683,1985
252,-0.3,40,2,20,-0.8119419608794854,-0.24853985150276636,-8.985324176165822,-0.8190434474377863,36.67997718197376,1753
500,-0.1,6,8,5,-0.3336001149677754,-0.067048289398283,-8.99434564495029,-0.3539511276325269,38.25910931174089,494
500,-0.8,20,6,10,-0.08686081898137055,-0.015417904149012562,-8.99707152957456,-0.10472511241272175,38.16793893129771,131
1000,-0.1,40,2,20,-0.7717071415036739,-0.22320934950006577,-8.999372311114442,-0.7808417645323712,35.434083601286176,1555
252,-0.7,40,6,10,-0.14434006291684776,-0.026303306819475236,-9.001384389695815,-0.16748859764785917,40.0,250
1000,-0.5,3,8,5,-0.19375935158516078,-0.03615827129890736,-9.006915831596574,-0.2046324877500848,37.66233766233766,231
252,-0.2,13,8,5,-0.3426402932359024,-0.06922472438577254,-9.012811286562261,-0.3612842309764105,35.79335793357934,542
500,-0.5,20,2,20,-0.6877820363432826,-0.18049101645771914,-9.012960303822053,-0.7005877347287032,33.909090909090914,1100
500,-0.4,52,4,5,-0.494362656462616,-0.11006697194628423,-9.013798047127827,-0.5067476313393677,39.22734026745914,673
1000,-0.5,26,2,20,-0.5789419525447514,-0.13749120460538278,-9.017346597756852,-0.5940861814647724,36.4168618266979,854
1000,-0.3,20,4,5,-0.43401303333286945,-0.09274244374624752,-9.017367457601654,-0.46057134451355275,36.53198653198653,594
1000,-0.5,3,13,5,-0.0886494407742392,-0.015747950804641087,-9.018112893121867,-0.10491048235679667,40.54054054054054,148
252,-0.1,10,4,10,-0.6261363811005347,-0.1548473483675502,-9.020421492427174,-0.6373621893501524,38.71817383669886,1139
1000,-0.4,26,2,20,-0.6540309665977546,-0.16597962434400615,-9.021753705017534,-0.6653297067857528,36.168132942326494,1023
500,-0.4,3,2,20,-0.8081395430329351,-0.2459632198949332,-9.026327413727454,-0.8170488213531707,34.16856492027335,1317
500,-0.7,40,2,20,-0.47926500794343363,-0.10557843377354614,-9.028490833532793,-0.48526297434011445,35.14376996805112,626
252,-0.4,3,2,20,-0.8102345657470829,-0.24737757722180298,-9.032957310666806,-0.8202028505817175,34.980237154150196,1518
252,-0.5,13,4,10,-0.4316557857105223,-0.0920974286750863,-9.047189362516173,-0.4566163540711321,37.1301775147929,676
252,-0.2,10,4,10,-0.5775964120648818,-0.13702051697909134,-9.054633433593006,-0.5927981772327924,39.337877312560856,1027
500,-0.3,26,2,20,-0.7754659532726251,-0.22541143908096561,-9.056938654140026,-0.7861837919982356,36.14703880190606,1469
1000,-0.3,6,4,20,-0.4096181825213495,-0.08617216722385346,-9.057768514478404,-0.4270108284677413,35.69023569023569,594
252,-0.4,13,2,20,-0.8010557958279328,-0.24127390570391138,-9.059772338452822,-0.8125193005784284,35.177865612648226,1518
1000,-0.8,10,6,10,-0.06435026195475857,-0.011309285285623583,-9.062575681320402,-0.0724225383880962,37.2093023255814,86
252,-0.7,3,6,5,-0.20210753276791804,-0.037872203565666784,-9.062593970296883,-0.2172019958996002,36.0,250
252,-0.1,20,4,10,-0.6085717961738799,-0.14818623096633277,-9.063902052927016,-0.6212473956677812,38.63037752414399,1139
252,-0.8,3,8,5,-0.07927154698067262,-0.01402342223425912,-9.067966007397025,-0.1169116197329284,30.275229357798167,109
1000,-0.6,40,2,20,-0.4990968497011994,-0.11149733071101098,-9.069346759161506,-0.5157903953825873,35.99439775910364,714
1000,-0.5,13,4,20,-0.309631578836147,-0.06139408030000515,-9.073292396303556,-0.31897718727298496,37.5,440
252,-0.4,10,6,5,-0.3771534250493449,-0.07776894521427258,-9.07952578319642,-0.3894840816506582,37.91208791208791,546
1000,-0.6,20,4,5,-0.3053049200487372,-0.06039080842017386,-9.080249535795865,-0.3131995187236222,37.15846994535519,366
252,-0.5,40,8,5,-0.24370484655941826,-0.046640812924438335,-9.08338904618402,-0.26812292307314856,35.869565217391305,368
252,-0.2,3,8,5,-0.3663257693861054,-0.07504703166513027,-9.086549047107965,-0.3725500277989785,35.239852398523986,542
500,-0.3,20,4,5,-0.5319168763321861,-0.12173382646073061,-9.089916283942493,-0.542275876072625,38.800000000000004,750
500,-0.8,52,8,5,-0.0833415175780311,-0.014770064273622818,-9.091864934844972,-0.10127133012013745,38.67924528301887,106
252,-0.2,20,6,5,-0.438002611478143,-0.09383920636614274,-9.092099800806313,-0.4628251732136952,39.492242595204516,709
252,-0.2,52,2,20,-0.8417225323518542,-0.2703696114083334,-9.095696965815257,-0.848711259590621,37.02770780856423,1985
252,-0.5,26,4,10,-0.42264378533491986,-0.08965173763541767,-9.096057487504744,-0.46210649414508376,40.38461538461539,676
500,-0.4,20,2,20,-0.7602020602507524,-0.21665096361340463,-9.097715556917416,-0.7754742874497373,35.231586940015184,1317
252,-0.3,52,2,20,-0.8090675632119939,-0.24658814198820933,-9.098802728482463,-0.818190936651792,35.995436394751856,1753
500,-0.7,10,4,5,-0.35164666580208126,-0.07141783590062933,-9.102821254297584,-0.35656883744283674,35.92814371257485,334
500,-0.2,52,4,10,-0.4995203180842087,-0.11162582007500843,-9.112184746819757,-0.5092391880527796,38.325471698113205,848
1000,-0.5,40,2,20,-0.5596135221281868,-0.13084624604748196,-9.125932716150636,-0.5768568821081219,36.65105386416862,854
252,-0.3,13,8,5,-0.3239644793420774,-0.06475528057807789,-9.132303719269311,-0.3428402874856654,38.923395445134574,483
252,-0.8,26,2,10,-0.30251056679708654,-0.05974559946270552,-9.134917056296677,-0.322729322853446,35.10971786833856,319
1000,-0.2,13,4,10,-0.46350181707071636,-0.10100571412178705,-9.140520393055287,-0.48502278610226535,35.7653791130186,699
252,-0.1,3,6,5,-0.5122767494741587,-0.11553930568303439,-9.141398327740724,-0.540131138476388,38.45161290322581,775
252,-0.2,52,4,10,-0.5698521045120822,-0.13433536951421798,-9.144523392443,-0.591157097068995,39.04576436222006,1027
252,-0.3,26,4,10,-0.514540186116639,-0.11624253890859804,-9.145288406736174,-0.5331212740950932,39.4273127753304,908
500,-0.4,13,4,5,-0.5038670801667418,-0.11294995818702913,-9.163434111470917,-0.5239203468826149,35.51263001485884,673
500,-0.7,26,6,5,-0.17418989426436216,-0.032197484653361585,-9.164385376514335,-0.1910928860163692,35.74468085106383,235
1000,-0.1,52,2,20,-0.7754979325584501,-0.22543030475179648,-9.166034652670865,-0.7796069159410843,34.91961414790997,1555
252,-0.5,13,6,5,-0.3346757074021076,-0.06730595218959023,-9.170649895667276,-0.35252667337777277,38.266384778012686,473
252,-0.7,6,13,5,-0.08663996339209878,-0.015377187803421344,-9.17374726847073,-0.10788355893822654,34.93150684931507,146
1000,-0.7,3,4,10,-0.22636089305176843,-0.04293731889412156,-9.179310264350274,-0.23935385090130046,37.547892720306514,261
500,-0.1,10,4,10,-0.5718707617612221,-0.1350314025211985,-9.180660593844841,-0.5881138619682279,36.95881731784583,947
500,-0.8,20,4,20,-0.12841966899996593,-0.023229045917702584,-9.187017501923203,-0.15157784979257083,37.89473684210527,190
252,-0.3,13,4,10,-0.5389859749126132,-0.12401622507556354,-9.18798435445283,-0.5587114200331025,37.88546255506608,908
252,-0.1,40,4,10,-0.6015246623677593,-0.14558321799235796,-9.190650221960087,-0.6080585367620832,39.42054433713784,1139
500,-0.8,6,6,20,-0.0922314914108695,-0.016410548973179284,-9.195512292614662,-0.10294381726753865,35.87786259541985,131
500,-0.7,3,4,10,-0.2970832440401321,-0.05849854336174365,-9.196626186143218,-0.3070974334769798,35.62874251497006,334
1000,-0.8,6,8,20,-0.036418608491114335,-0.006323629648286366,-9.201272890808413,-0.04208074649918714,34.32835820895522,67
1000,-0.7,20,2,10,-0.42769907234401217,-0.09101971938096487,-9.205683250135122,-0.4373774954106435,36.58536585365854,492
252,-0.5,26,8,5,-0.2354827266253724,-0.044876443690520795,-9.211178572899778,-0.25511115046561383,40.21739130434783,368
252,-0.2,10,8,5,-0.33903457887061017,-0.0683536869616641,-9.21145939693646,-0.34873681954294455,36.90036900369004,542
1000,-0.8,6,8,10,-0.03859512829565903,-0.0067077923028127096,-9.21331233224381,-0.04324686849380566,31.343283582089555,67
1000,-0.4,3,6,5,-0.2989970666108158,-0.05893737548672806,-9.214037393899153,-0.3220535451254968,36.54390934844193,353
252,-0.1,26,8,5,-0.35116737470700843,-0.07130049108969339,-9.215867269598201,-0.37157089778828356,39.42953020134228,596
1000,-0.2,52,4,5,-0.49479909706981284,-0.11019836964103691,-9.222792895083254,-0.5141490318524491,37.19599427753934,699
252,-0.5,6,8,5,-0.2716271336502504,-0.05275378321168467,-9.226588405333194,-0.28664382834738167,38.315217391304344,368
252,-0.6,13,2,20,-0.6494150234473157,-0.164087281274086,-9.22781654716596,-0.6625194424780124,36.36363636363637,946
500,-0.1,13,4,10,-0.5544859856081593,-0.1291240834326347,-9.229424477188957,-0.5687421040745229,37.48680042238649,947
1000,-0.5,3,6,10,-0.21833007584056874,-0.041245749660804965,-9.231610129998346,-0.23067374328260337,37.87375415282392,301
1000,-0.3,13,4,10,-0.41554417097011276,-0.08774722120648737,-9.234673074184858,-0.42784219175423666,37.03703703703704,594
252,-0.6,20,8,5,-0.17610035488482356,-0.03258070667986224,-9.235988809494655,-0.20870248419775927,38.94736842105263,285
1000,-0.2,6,6,10,-0.3266605712935967,-0.0653941299900962,-9.237300437282158,-0.34365449789409763,34.73684210526316,475
1000,-0.1,3,6,5,-0.4084009881624091,-0.08585027574295967,-9.24431086779441,-0.4272735216419208,37.5234521575985,533
500,-0.2,10,4,10,-0.5321401890625024,-0.12180548889044718,-9.24833168500306,-0.5437256696875532,38.20754716981132,848
1000,-0.5,10,6,5,-0.2128981256731559,-0.04010974221058783,-9.251055246132966,-0.22441175374341293,37.2093023255814,301
252,-0.7,13,6,10,-0.16416852940675186,-0.030199240865127708,-9.254455125960208,-0.18970875485171068,39.6,250
1000,-0.2,20,4,10,-0.4476477973544236,-0.09651764432561516,-9.273725115049938,-0.46763931038932427,38.197424892703864,699
500,-0.6,3,6,5,-0.27108094707062147,-0.05263235931286381,-9.274360999117437,-0.276168133870492,38.46153846153847,312
1000,-0.5,10,6,10,-0.20003894125966526,-0.0374461287216179,-9.277962991719587,-0.2123926519971392,37.2093023255814,301
500,-0.6,10,4,5,-0.4182898240713895,-0.08848147368644665,-9.283052649078549,-0.426283421693077,35.010940919037196,457
252,-0.5,52,6,5,-0.3319606334593186,-0.06665620702994501,-9.290213995311854,-0.35626949575191713,38.47780126849894,473
500,-0.1,52,4,10,-0.5549673227711185,-0.12928504709904132,-9.293462615739003,-0.5613037771060227,37.90918690601901,947
252,-0.1,3,8,5,-0.37762328954178237,-0.07788794772016538,-9.295972805579806,-0.41161665509373124,35.23489932885906,596
1000,-0.7,10,4,20,-0.18313105280882047,-0.03399737863992114,-9.299706013467402,-0.20495224012807234,35.24904214559387,261
1000,-0.6,6,6,20,-0.18745156449446188,-0.034872975578260856,-9.301556653756712,-0.19664221817334537,33.734939759036145,249
500,-0.6,26,4,5,-0.3746762918155748,-0.07714278970820387,-9.306164182380403,-0.3931577088164855,37.63676148796499,457
500,-0.6,40,6,5,-0.24340001805955724,-0.04657511717983864,-9.307766415097312,-0.2538399310315801,38.141025641025635,312
252,-0.4,26,2,20,-0.7801872013160929,-0.22822108934871388,-9.311387592258184,-0.7959252221349485,36.693017127799735,1518
1000,-0.3,6,6,10,-0.2989010334083586,-0.0589153317904737,-9.316265593281122,-0.3164015076802995,33.58024691358025,405
252,-0.3,40,6,5,-0.417375341413049,-0.08823660092827379,-9.31683816301551,-0.43345987569060607,38.853503184713375,628
500,-0.3,40,2,20,-0.7772028750643037,-0.22643934889501116,-9.317408383569015,-0.7830606209163496,35.73859768550034,1469
252,-0.2,26,6,5,-0.44417963976360963,-0.09555011545696479,-9.319508051570214,-0.4545197570665457,39.35119887165021,709
500,-0.6,52,2,20,-0.6010732568147013,-0.14541778567182506,-9.321285313032684,-0.608667042297143,35.72241183162685,879
500,-0.3,26,6,5,-0.3507074913142667,-0.07118796540007433,-9.32307401634682,-0.3681084010037162,36.86274509803922,510
252,-0.7,13,8,5,-0.14517674679420067,-0.026466179770818443,-9.328342137239082,-0.15616054015082914,38.80597014925373,201
252,-0.1,52,4,10,-0.6084810896947594,-0.14815248062920583,-9.329349303450073,-0.6254774719389838,39.33274802458297,1139
252,-0.3,13,6,5,-0.4042807762888295,-0.08476472984062222,-9.330515076505607,-0.41126193151970825,38.853503184713375,628
252,-0.7,3,8,5,-0.15484893881634554,-0.028358674975517695,-9.343370516377702,-0.17194468298294863,33.83084577114428,201
252,-0.6,3,4,10,-0.3782812010043676,-0.07805470206928777,-9.344920271302561,-0.4000284263863807,34.69785575048733,513
252,-0.6,40,2,20,-0.596638071741851,-0.1438005662774654,-9.34812021151749,-0.6311706402332908,38.266384778012686,946
1000,-0.2,6,4,20,-0.4635256843379145,-0.1010125530548942,-9.353149122670454,-0.4737872732111852,35.050071530758224,699
252,-0.4,6,4,10,-0.53747634064512,-0.12352638541791594,-9.355515432174732,-0.5589054122465597,36.18090452261307,796
500,-0.1,6,6,5,-0.4528913549875574,-0.09799007239032242,-9.358534316136037,-0.46538768964765265,38.139534883720934,645
1000,-0.4,40,2,20,-0.6458978910329303,-0.16265922071326977,-9.360404538967314,-0.6647801270455564,35.67937438905181,1023
252,-0.6,26,2,20,-0.6011128477786085,-0.14543228886449344,-9.370200306570627,-0.6236617792300203,36.469344608879496,946
500,-0.7,52,8,5,-0.13237939757023398,-0.02398930050309911,-9.374881627549781,-0.1311915312352896,35.51912568306011,183
1000,-0.3,40,4,5,-0.45480992797410114,-0.09853174541010934,-9.378961662925656,-0.4600014938903616,37.20538720538721,594
1000,-0.6,13,4,20,-0.2729220164508511,-0.05304195324425687,-9.37963053534018,-0.28010715917616946,34.15300546448087,366
1000,-0.1,6,4,10,-0.5276942870534869,-0.12038407772830129,-9.388705137807115,-0.5398795007805697,36.213468869123254,787
252,-0.6,26,4,10,-0.3547032850101517,-0.07216788412943109,-9.402078105559179,-0.38701968160514777,36.84210526315789,513
500,-0.3,52,2,20,-0.7738874058115194,-0.2244829570723964,-9.411961698729048,-0.7807580748098515,35.330156569094626,1469
1000,-0.7,52,2,10,-0.43690939885002067,-0.09353803429971808,-9.4136219592517,-0.45301560523528606,36.99186991869919,492
500,-0.8,26,8,5,-0.07910528625070312,-0.013992979672961314,-9.41946939535154,-0.09115114729882534,38.67924528301887,106
500,-0.1,52,6,5,-0.4201690775624697,-0.08898568837244814,-9.424756607729238,-0.4348699933227911,36.434108527131784,645
500,-0.6,40,2,20,-0.6020292191746593,-0.1457683133063007,-9.428675237028603,-0.6088356460943948,35.72241183162685,879
252,-0.1,52,8,5,-0.35885742454245717,-0.07319198298072171,-9.43586299483705,-0.3763209398859986,38.758389261744966,596
500,-0.1,40,4,10,-0.551767395811462,-0.12821765863968615,-9.439535723926454,-0.5611133901287774,37.80359028511088,947
1000,-0.2,3,8,5,-0.26439010395894225,-0.05115099202321549,-9.449201402265029,-0.27477574360715673,35.65459610027855,359
500,-0.2,6,6,10,-0.37591886069856484,-0.07745662158720257,-9.453948750771994,-0.390385553451714,37.391304347826086,575
500,-0.1,3,4,10,-0.5993043614705185,-0.14477100799758202,-9.454065899110637,-0.6089258296306799,35.90285110876452,947
252,-0.4,10,4,5,-0.5903656628501402,-0.1415384161314367,-9.462971758970314,-0.6037327839574452,38.69346733668342,796
500,-0.4,3,4,5,-0.5480121217135823,-0.12697305192953123,-9.46451646979041,-0.5602594849185822,35.809806835066865,673
252,-0.4,3,4,10,-0.5328804969446561,-0.12204326124173881,-9.465499973803343,-0.5512102924790189,35.55276381909548,796
1000,-0.5,3,4,20,-0.3518893804718425,-0.07147728715076551,-9.468017110486256,-0.3723928447808864,34.54545454545455,440
500,-0.2,6,8,5,-0.29403351503208464,-0.057801294751368415,-9.479588701017313,-0.3032125423419747,36.65158371040724,442
1000,-0.7,40,2,20,-0.3968889334116683,-0.08283271602871645,-9.488163086243516,-0.42477440634207897,35.36585365853659,492
1000,-0.3,3,4,20,-0.39841812694766876,-0.08323078615337942,-9.490174176136287,-0.4134775774049837,33.670033670033675,594
252,-0.2,26,4,10,-0.5743490012543624,-0.13588962950342032,-9.490333954756464,-0.5820606613149992,38.558909444985396,1027
1000,-0.5,20,4,10,-0.3328731158779792,-0.06687432883871813,-9.494796250008275,-0.34899017445901437,36.36363636363637,440
500,-0.1,20,6,5,-0.4130203999739527,-0.0870748231746502,-9.499566389111463,-0.43667848041265367,38.44961240310077,645
252,-0.5,6,6,10,-0.32737616536802583,-0.06556404884174849,-9.505867568378648,-0.346941300304622,35.72938689217759,473
500,-0.3,10,4,10,-0.5254226295773979,-0.1196620771351048,-9.506146662078473,-0.5350605442786023,36.8,750
500,-0.4,26,2,20,-0.7564387187832948,-0.21456231675316828,-9.508810510974964,-0.7686589914783021,36.14274867122248,1317
252,-0.2,26,8,5,-0.34056252117508645,-0.06872231196408374,-9.508941284939283,-0.3516938068708343,38.37638376383764,542
1000,-0.5,13,6,5,-0.21624638783187877,-0.040809207476540044,-9.50966295533492,-0.22237206482134086,36.21262458471761,301
1000,-0.6,10,6,5,-0.20741935744769358,-0.03897050803394608,-9.516629375092217,-0.20893465863140537,35.34136546184739,249
1000,-0.3,6,13,5,-0.1288274685121199,-0.02330720964059496,-9.518891718369906,-0.1558406209677421,32.142857142857146,196
252,-0.4,52,2,20,-0.7824044832425786,-0.22955790980353075,-9.521602905527505,-0.7966316088496006,36.42951251646904,1518
500,-0.2,13,6,5,-0.4109260216320175,-0.08651864376807905,-9.52195704917337,-0.42146376604606106,37.565217391304344,575
252,-0.6,40,4,10,-0.35375009317862294,-0.07193366978757876,-9.52205006470689,-0.3901124921947533,35.86744639376218,513
252,-0.6,13,4,10,-0.3896604559407423,-0.08096229294398516,-9.522283132108843,-0.4110734750880377,37.03703703703704,513
252,-0.4,10,4,10,-0.5269088956452488,-0.12013413191885591,-9.528863072512323,-0.545210361975995,36.68341708542713,796
500,-0.6,20,4,5,-0.38380966303218733,-0.07946175669762656,-9.530602068072396,-0.4011158752074112,37.63676148796499,457
252,-0.6,52,8,5,-0.1841610214284638,-0.03420576341218551,-9.531181911775056,-0.22117642052941233,38.59649122807017,285
500,-0.6,13,4,5,-0.4164497766632381,-0.08798908492553037,-9.535031273807279,-0.4252699440930636,35.667396061269145,457
252,-0.7,52,20,5,-0.05119185743020693,-0.008945424231896593,-9.536660565368251,-0.06886336660791104,37.86407766990291,103
500,-0.7,40,4,5,-0.3196362809091188,-0.06373410051200512,-9.539253250282222,-0.3251155735813208,36.52694610778443,334
1000,-0.5,6,13,5,-0.0869465775591518,-0.015433716571496725,-9.539642974609098,-0.09105934692464723,38.513513513513516,148
500,-0.3,40,6,5,-0.3642020631907613,-0.07451769190152846,-9.54211317287823,-0.3736044313990433,38.03921568627451,510
500,-0.1,26,4,10,-0.5535981394048713,-0.12882755716555971,-9.545409521724935,-0.5692475215369416,36.95881731784583,947
500,-0.3,6,4,10,-0.5169404777166688,-0.11699126786522296,-9.545642977812125,-0.5244274763852743,36.666666666666664,750
252,-0.2,20,8,5,-0.3370007181836622,-0.06786410065170811,-9.554122092246882,-0.351144283675799,37.269372693726936,542
1000,-0.6,3,8,5,-0.15047646200506382,-0.027500928917164158,-9.555997934630943,-0.15041718444189278,37.5,192
1000,-0.1,3,4,10,-0.5315930862812113,-0.12162997056384472,-9.562110211078815,-0.5553442752789428,36.0864040660737,787
500,-0.1,10,8,5,-0.3291236890735013,-0.0659796316001735,-9.565206674283681,-0.34359813712880294,39.27125506072874,494
1000,-0.6,26,2,20,-0.5341542795196371,-0.1224531073525984,-9.568047032227637,-0.5414342496324471,34.87394957983193,714
1000,-0.4,3,4,20,-0.3815457888855516,-0.07888431544179275,-9.575130609897556,-0.395121106054217,34.41682600382409,523
252,-0.4,13,4,10,-0.5078842456387385,-0.1141822714540538,-9.581790864902084,-0.5297878010752199,36.55778894472362,796
252,-0.4,40,4,10,-0.49620347222435923,-0.11062181967052898,-9.585331292553644,-0.5111798243144392,37.93969849246231,796
1000,-0.4,52,4,5,-0.41308655083399215,-0.0870924168646573,-9.586999634705213,-0.4363283316236929,36.90248565965583,523
500,-0.2,40,6,5,-0.38909731263480085,-0.08081734779335936,-9.587087793720858,-0.40179883688776674,37.565217391304344,575
500,-0.2,52,6,5,-0.3885398858191792,-0.08067398303090234,-9.589363212070069,-0.39268380611901543,35.65217391304348,575
252,-0.4,6,8,5,-0.31812501672391047,-0.06337880647272476,-9.593839896791655,-0.33328786986090764,37.38095238095238,420
252,-0.7,6,4,20,-0.24542454612057374,-0.047011849308208564,-9.595336467828368,-0.2819077655137292,36.023054755043226,347
500,-0.1,20,4,10,-0.5513071361365831,-0.1280646514786421,-9.596888872541967,-0.5645576130642274,39.070749736008445,947
500,-0.1,3,8,5,-0.3450920116129116,-0.06981925431363123,-9.601026809368271,-0.35409196634858364,33.80566801619433,494
1000,-0.1,10,4,10,-0.5243924289333687,-0.11933559250133186,-9.60258798179689,-0.5335057952323878,36.34053367217281,787
1000,-0.8,20,2,5,-0.2543286443252566,-0.04894425413030301,-9.60430408421465,-0.2736565834690803,37.15596330275229,218
1000,-0.7,26,2,10,-0.44472666757345636,-0.09570238942899367,-9.615082495673423,-0.45715006146962556,35.77235772357724,492
500,-0.6,40,8,5,-0.17853383794407263,-0.03306991075060972,-9.617218341754292,-0.18066659613169422,38.84297520661157,242
252,-0.3,52,4,10,-0.5397683935244961,-0.12427062430950653,-9.618550085958177,-0.5581376890359335,40.7488986784141,908
252,-0.6,52,4,10,-0.3552969236758584,-0.07231389553090728,-9.619221864956266,-0.3971124115064385,38.20662768031189,513
252,-0.5,10,8,5,-0.2605357887963937,-0.05030270169821427,-9.625214376301495,-0.273950353930943,38.58695652173913,368
500,-0.2,10,6,5,-0.4032675449048587,-0.08449872914545409,-9.645721451946075,-0.41573341525533514,39.82608695652174,575
252,-0.4,40,2,20,-0.7859688529661795,-0.23173076203179022,-9.646520573551957,-0.7961708644165864,36.89064558629776,1518
252,-0.5,20,8,5,-0.2362108501006266,-0.04503205378827613,-9.64882361079964,-0.2597351144445802,38.58695652173913,368
1000,-0.4,40,4,5,-0.43010116502637097,-0.09167324948755295,-9.660341893071887,-0.44940872514856733,36.137667304015295,523
252,-0.4,20,8,5,-0.27424685765642876,-0.053337231049073286,-9.662512558274928,-0.30122226038103417,37.857142857142854,420
252,-0.2,20,4,10,-0.5751321795966375,-0.1361617095366886,-9.668337065052894,-0.5889171088823892,38.266796494644595,1027
500,-0.3,3,6,5,-0.39775957545509555,-0.08305925341631148,-9.675209570584947,-0.40455839228567436,35.88235294117647,510
500,-0.7,13,4,10,-0.2827753254441766,-0.05524880821620537,-9.675262185872052,-0.2924076788585187,32.93413173652694,334
252,-0.2,52,13,5,-0.19771845648514286,-0.036969256168885356,-9.682330094163026,-0.21424480758609898,35.24355300859599,349
500,-0.4,40,2,20,-0.7566693716662867,-0.2146895562337371,-9.690745402026451,-0.7636629825093508,35.83902809415338,1317
1000,-0.2,6,8,5,-0.2656585874139935,-0.05143097650568207,-9.692390417472245,-0.2688257902725386,37.32590529247911,359
500,-0.6,52,4,10,-0.34496690594971136,-0.06978887215561957,-9.693989502328886,-0.35146383936215986,37.85557986870897,457
252,-0.8,3,4,5,-0.1828889915500188,-0.03394843606161524,-9.694589191647257,-0.2042518057317806,32.065217391304344,184
252,-0.6,13,6,10,-0.2384822820901794,-0.04551828184396156,-9.698893057275802,-0.2655161216293972,38.12154696132597,362
252,-0.6,20,2,20,-0.6209370715378142,-0.1528490191881532,-9.704972070399835,-0.6407970316123253,36.469344608879496,946
1000,-0.2,26,4,10,-0.460587210084047,-0.10017245164963218,-9.711319271098521,-0.4806496987531461,38.62660944206009,699
252,-0.1,13,4,10,-0.6350012747736232,-0.1583082895519664,-9.711995772905524,-0.6449590960373222,37.57682177348551,1139
500,-0.8,10,4,20,-0.13337829215363728,-0.024181539152049347,-9.715267464457385,-0.13832521576347723,37.89473684210527,190
1000,-0.4,10,4,20,-0.3694799503474767,-0.0758359408889413,-9.71866943875011,-0.3818284968372141,34.79923518164436,523
500,-0.2,26,6,5,-0.38257909953763336,-0.0791476618994531,-9.719410775461121,-0.3987345644516933,39.30434782608695,575
1000,-0.7,3,6,20,-0.1346326403562259,-0.024423200537638023,-9.721244880613856,-0.13540314057483438,37.569060773480665,181
500,-0.8,6,4,20,-0.14033545416397908,-0.025525573600798213,-9.73157567036306,-0.16279525483686252,36.31578947368421,190
500,-0.4,26,6,5,-0.34049538448822214,-0.06870609998156396,-9.737403248734926,-0.3651738278116292,36.285097192224626,463
1000,-0.7,20,2,20,-0.4190598430730613,-0.08868791075062388,-9.745698689144922,-0.43446859326942544,34.959349593495936,492
1000,-0.3,6,8,5,-0.24481394671679946,-0.046880028321319434,-9.74789455546971,-0.2498483755327221,36.56957928802589,309
252,-0.6,20,4,10,-0.36678941787988095,-0.07516279290959615,-9.756510494658697,-0.40874868368801043,38.01169590643275,513
1000,-0.5,52,2,20,-0.5832374357648576,-0.13900221204728347,-9.756995169653292,-0.5913190176399972,35.48009367681499,854
252,-0.3,52,8,5,-0.32922075039253706,-0.06600274027818287,-9.76097154076032,-0.34890905593775,38.095238095238095,483
1000,-0.7,13,4,10,-0.19610497141830785,-0.03663834948737388,-9.762582780520349,-0.2136285477504849,38.31417624521073,261
252,-0.7,26,20,5,-0.05264848621732332,-0.009205759835967608,-9.764645807181315,-0.06260442639176356,33.980582524271846,103
500,-0.2,26,4,10,-0.5145429410518007,-0.11624339650152038,-9.765479504745858,-0.5288230312720786,37.971698113207545,848
500,-0.5,40,4,5,-0.47869182079695527,-0.10541016138515757,-9.765757702333698,-0.48825113466476033,38.78260869565218,575
500,-0.6,10,4,10,-0.38653144246778315,-0.0801583277506015,-9.771821705767865,-0.39616953132319277,34.79212253829322,457
1000,-0.1,6,6,5,-0.41194202402102165,-0.08678824647694827,-9.77409478652142,-0.42483942147834264,34.52157598499062,533
500,-0.6,6,6,5,-0.29459503747097515,-0.05792948581195323,-9.776194159470087,-0.3007209511835901,35.256410256410255,312
1000,-0.3,6,6,20,-0.27891189123699645,-0.05438053353283934,-9.779276527262551,-0.2935488824467013,31.851851851851855,405
1000,-0.2,13,8,5,-0.2646931426524014,-0.05121784346477887,-9.780108623032184,-0.2762302902660779,37.32590529247911,359
252,-0.8,52,6,5,-0.10815886801964214,-0.019383262079572083,-9.7916837792846,-0.12095999944251457,39.849624060150376,133
1000,-0.2,6,8,10,-0.23757108864761833,-0.04532308541414021,-9.806117222979346,-0.241982867620806,35.65459610027855,359
252,-0.6,6,8,5,-0.23873440408062807,-0.045572325772709976,-9.806123467017693,-0.254123377578654,35.78947368421053,285
500,-0.8,52,13,5,-0.04056077868803398,-0.007055355929090346,-9.806859739213266,-0.05469175987683217,43.83561643835616,73
252,-0.7,3,6,10,-0.17445536106956105,-0.032250691023159805,-9.813093590774923,-0.20008481764580588,36.4,250
500,-0.1,52,8,5,-0.31443926213227635,-0.06251502540331566,-9.813356215815244,-0.3289484370542741,38.05668016194332,494
500,-0.6,26,2,20,-0.6132780349790632,-0.1499463028175927,-9.81563309731932,-0.6227759378652689,34.01592718998862,879
252,-0.3,52,13,5,-0.1848594001547159,-0.034347184537086184,-9.817947785698273,-0.2065024204615612,36.102236421725244,313
500,-0.5,26,4,5,-0.4621527314514057,-0.1006195561963722,-9.81970728468119,-0.4857886454932244,37.565217391304344,575
252,-0.7,13,13,5,-0.08312222592639662,-0.014729764922680855,-9.821773088233751,-0.10103220090850062,36.986301369863014,146
500,-0.4,40,6,5,-0.3476528732065308,-0.07044222435135383,-9.828482934793175,-0.3605770986041592,37.365010799136066,463
252,-0.2,26,13,5,-0.19387233888522948,-0.03618136985701881,-9.829916396105528,-0.1974330829532469,38.68194842406877,349
500,-0.5,6,4,5,-0.5216158347355984,-0.11845856219045914,-9.834660184668385,-0.5292856185022441,35.130434782608695,575
500,-0.4,40,4,5,-0.5242844492528425,-0.11930140622227792,-9.838220744472618,-0.5372734499093391,38.632986627043095,673
500,-0.4,20,4,5,-0.5112834316559701,-0.11523154300477512,-9.83916556158862,-0.5280795239804117,37.147102526002975,673
252,-0.2,13,4,10,-0.5960456768126786,-0.14358567632112307,-9.843350287165658,-0.6040192780114639,37.877312560856865,1027
252,-0.7,40,13,5,-0.0841153291272072,-0.014912331949176627,-9.84405527123862,-0.09506505292787937,39.04109589041096,146
500,-0.5,3,4,10,-0.4585186273075279,-0.09958332231182843,-9.847284344296737,-0.4683795268109484,35.65217391304348,575
1000,-0.4,52,2,20,-0.6613664167965918,-0.1690303627009765,-9.849004019680189,-0.6676536353810902,34.01759530791789,1023
252,-0.7,26,13,5,-0.0865742394977339,-0.015365072697932636,-9.849061694159074,-0.09694460913419545,37.67123287671233,146
1000,-0.7,3,20,5,-0.03381887905779546,-0.0058657107870540015,-9.85112097660456,-0.04665606151422297,40.0,65
1000,-0.2,52,4,10,-0.46624246976896966,-0.10179267500605838,-9.857543299940424,-0.48231962644614446,38.91273247496424,699
252,-0.3,52,6,5,-0.43655686889570755,-0.09344101823905415,-9.868232298961921,-0.46178488610517465,37.57961783439491,628
500,-0.2,13,4,10,-0.5384336375608585,-0.1238368509724862,-9.870639348865557,-0.5494703665088577,35.84905660377358,848
252,-0.1,20,8,5,-0.366643957888499,-0.0751264676845056,-9.87469459928967,-0.3841562583665069,36.74496644295302,596
1000,-0.3,26,4,5,-0.46958137084602125,-0.1027559583091131,-9.879160542441051,-0.475834740578716,38.04713804713805,594
1000,-0.5,3,20,5,-0.056196159577900806,-0.009841207912895555,-9.881100475971593,-0.05958748580367956,40.5940594059406,101
500,-0.6,6,4,20,-0.3689348648822649,-0.07569937313028097,-9.88440847542832,-0.3799734420659274,34.13566739606127,457
500,-0.7,26,4,10,-0.2548201143093023,-0.049051471010982284,-9.885808212526666,-0.27464132948706577,33.83233532934132,334
1000,-0.2,10,6,5,-0.3618155366775624,-0.07392458966812687,-9.892206491975843,-0.36878539336312366,39.578947368421055,475
500,-0.5,52,4,5,-0.4763530162516272,-0.1047251368026536,-9.89768810169866,-0.4804420366983919,38.08695652173913,575
500,-0.7,3,8,5,-0.1654602175427301,-0.030455682664575545,-9.90287666441386,-0.16290887180304048,32.78688524590164,183
252,-0.4,40,6,5,-0.3942053218583339,-0.08213615316544132,-9.905667715270345,-0.4116112647098965,39.1941391941392,546
252,-0.4,20,4,10,-0.5074652012142977,-0.11405333583539312,-9.907034525244761,-0.532951257203776,37.68844221105528,796
1000,-0.4,6,8,10,-0.19872151225203338,-0.037175249226716445,-9.90707036658353,-0.20387552875030057,35.55555555555556,270
500,-0.2,20,4,10,-0.5229219129731068,-0.11887058012662266,-9.915086766685938,-0.5354967875891918,37.5,848
252,-0.3,20,8,5,-0.32077996333912095,-0.06400341225691075,-9.916838456242953,-0.3448040899215027,38.095238095238095,483
1000,-0.1,20,4,10,-0.49969821558603367,-0.11167982486712213,-9.92570195727308,-0.5193724858552298,35.19695044472681,787
1000,-0.4,3,8,10,-0.20807352228888865,-0.03910618872800109,-9.926513739584879,-0.2173594953686584,37.77777777777778,270
252,-0.5,3,6,10,-0.31891506932417457,-0.06356446413528516,-9.92762520961955,-0.33711561097694076,37.2093023255814,473
500,-0.1,26,6,5,-0.42790889660802034,-0.09107671489908087,-9.932680398816682,-0.4323687240474987,38.44961240310077,645
252,-0.1,13,8,5,-0.3726442664537679,-0.07663067941191215,-9.934227232694598,-0.3900440522332447,37.919463087248324,596
1000,-0.3,20,4,10,-0.41706211844267027,-0.08815280187422658,-9.935605218492787,-0.42602111080004057,36.195286195286194,594
500,-0.3,3,4,10,-0.5453865638992904,-0.12610794823908134,-9.942361858260986,-0.5571556954438379,35.46666666666667,750
252,-0.2,3,6,10,-0.4441751025287295,-0.09554885296441151,-9.943072095714498,-0.45940364851703797,38.081805359661494,709
252,-0.7,52,6,10,-0.16129604321631896,-0.029630135180355732,-9.954115535058708,-0.183160423028632,39.2,250
252,-0.4,13,6,5,-0.39667342072762,-0.08277668239942326,-9.965781789688583,-0.41464144038688655,36.81318681318682,546
1000,-0.8,52,2,10,-0.2453672077964243,-0.046999466899911746,-9.967727793757396,-0.2595933893096163,34.862385321100916,218
252,-0.5,13,6,10,-0.30065949236655665,-0.05931937010054744,-9.969707875306888,-0.32309477654420504,36.57505285412262,473
500,-0.3,40,4,5,-0.5618799139141291,-0.13161275097358316,-9.980403198993438,-0.5706211308613334,38.666666666666664,750
252,-0.5,20,6,10,-0.2998515178480755,-0.05913361862375344,-9.982481317243298,-0.3264390184350391,35.94080338266385,473
1000,-0.2,3,6,5,-0.40424660596635875,-0.08475575309618377,-9.992327476370988,-0.42830317997154876,38.10526315789474,475
1000,-0.5,26,4,5,-0.36018570373014525,-0.07352059751287543,-9.9963772609389,-0.37336797834189084,39.31818181818182,440
500,-0.2,3,6,10,-0.38721541651182967,-0.08033377645461504,-10.001259936784109,-0.41109583207286293,35.47826086956521,575
1000,-0.6,52,4,5,-0.3199552350727246,-0.0638091693543581,-10.003463442870963,-0.31883083840406035,35.24590163934426,366
500,-0.5,26,2,20,-0.7109458380787431,-0.19122268413482846,-10.004680982406931,-0.7208895315713778,33.36363636363636,1100
500,-0.4,52,6,5,-0.3480593661031469,-0.0705412965432024,-10.006243712482954,-0.35848073927299795,37.365010799136066,463
1000,-0.2,10,4,20,-0.45506150378518073,-0.09860289025544766,-10.011308848695837,-0.46285071999048455,34.33476394849785,699
252,-0.3,20,6,5,-0.4306518220291784,-0.09182338674679258,-10.017094763537052,-0.4526722448346121,36.78343949044586,628
1000,-0.1,3,8,5,-0.2982796012683837,-0.05877274721237835,-10.019997464188409,-0.30879884880224695,35.57213930348259,402
1000,-0.1,13,4,10,-0.5165230381956145,-0.11686083369409228,-10.023500741326583,-0.5358877574063488,35.95933926302414,787
1000,-0.6,52,2,20,-0.5325495183368663,-0.12193691883052482,-10.030625787295751,-0.5315743930016519,35.57422969187675,714
252,-0.4,26,6,5,-0.3875168945228359,-0.0804111612440328,-10.038536571136673,-0.41043520445985204,38.64468864468865,546
500,-0.6,52,6,10,-0.22039115361453954,-0.04167850498460546,-10.042000938290617,-0.23011271045880521,34.93589743589743,312
252,-0.7,3,13,5,-0.09521439982552715,-0.016963975480656424,-10.042283707813711,-0.10197357454624101,42.465753424657535,146
252,-0.4,26,4,10,-0.5061244386664112,-0.1136414071776427,-10.042487281439238,-0.5262719678192347,39.824120603015075,796
1000,-0.4,20,4,10,-0.3863307145044008,-0.08010686905976239,-10.047942192345921,-0.3960448807168362,35.75525812619503,523
1000,-0.2,40,4,10,-0.46736796179115636,-0.1021168234057045,-10.05731832958276,-0.4825716142298082,38.62660944206009,699
500,-0.2,40,4,10,-0.5244159532827493,-0.11934304114478456,-10.061717987989049,-0.5320902481780695,37.971698113207545,848
252,-0.1,10,8,5,-0.3756966454371483,-0.07740045933592477,-10.066156085981863,-0.3855503999708424,38.25503355704698,596
500,-0.8,6,8,20,-0.07897554927122419,-0.013969227823805053,-10.075630049769257,-0.08775886063117155,31.132075471698112,106
1000,-0.3,52,4,10,-0.4090214864847177,-0.08601430010966138,-10.077004605311169,-0.4197262721300109,38.04713804713805,594
1000,-0.5,6,8,5,-0.1995803938579509,-0.03735180384445047,-10.081349383882749,-0.20667730449679567,40.25974025974026,231
500,-0.2,3,8,5,-0.3141938499688688,-0.062457648248743225,-10.088313358974284,-0.3261362245425038,35.74660633484163,442
500,-0.7,20,4,10,-0.26922702610613325,-0.052220771928228826,-10.093264246451715,-0.28151934427768077,33.83233532934132,334
1000,-0.5,20,6,5,-0.22904470236714636,-0.04350586797284095,-10.09345175769423,-0.24375314665035164,38.205980066445186,301
1000,-0.8,40,2,10,-0.23679707572165143,-0.04515742773295328,-10.096306879782952,-0.25612406509573327,34.403669724770644,218
252,-0.2,10,6,10,-0.43092762974345855,-0.09189863128579356,-10.100602137762964,-0.4477493628092759,36.67136812411847,709
1000,-0.7,6,6,20,-0.15232773858923987,-0.02786364490297133,-10.102296905280593,-0.16263160790432263,34.25414364640884,181
500,-0.1,40,6,5,-0.44930920287137843,-0.09698291998231634,-10.102805252823623,-0.4540003635490387,38.29457364341085,645
500,-0.2,20,6,5,-0.4003859048866122,-0.08374426191966922,-10.111352311677278,-0.4112680790563774,38.608695652173914,575
1000,-0.3,10,4,20,-0.4094919025079762,-0.08613874644998076,-10.115265210646715,-0.41819647570642826,34.34343434343434,594
252,-0.4,13,8,5,-0.2940426168749767,-0.05780337195489493,-10.117421442116463,-0.3153408829817711,35.95238095238095,420
500,-0.8,10,6,5,-0.11910460889770202,-0.021451813405204412,-10.124960578735607,-0.12458896008559539,41.221374045801525,131
1000,-0.2,3,4,20,-0.4784936472930581,-0.10535201863575505,-10.126522863543018,-0.4875696315675757,34.33476394849785,699
500,-0.6,20,6,5,-0.25588459083432336,-0.04928389355424667,-10.127171603574164,-0.2758569234294984,38.46153846153847,312
252,-0.4,52,8,5,-0.2913255072729781,-0.05718426252980502,-10.129626147549008,-0.3083907971548664,35.476190476190474,420
500,-0.6,13,6,5,-0.27709618308659034,-0.053973799730631655,-10.13136467911374,-0.286626800981854,36.53846153846153,312
500,-0.5,40,2,20,-0.7092696926684783,-0.19042264916648932,-10.13302175552377,-0.7151949807686165,34.36363636363636,1100
252,-0.5,20,13,5,-0.1381988505812518,-0.025111852762465636,-10.134787519291606,-0.15988775583717818,36.885245901639344,244
1000,-0.5,40,4,5,-0.36591297922036825,-0.07494402752358109,-10.138365545827025,-0.3733994434639122,38.63636363636363,440
1000,-0.5,3,8,10,-0.189091847573034,-0.03520640712743017,-10.138457526422968,-0.20704591425111274,35.4978354978355,231
252,-0.6,10,6,10,-0.2643303893475072,-0.051137821454787846,-10.142058386727955,-0.28156653324495595,39.226519337016576,362
500,-0.7,20,8,5,-0.13546103541715626,-0.024582957510063563,-10.153349993731078,-0.1458012757261682,32.78688524590164,183
500,-0.8,6,26,5,-0.020408544319546196,-0.0035196979992164756,-10.155245261390478,-0.02659780603270301,32.55813953488372,43
252,-0.5,52,8,5,-0.26295101102748086,-0.05083383417067877,-10.16024840769283,-0.2903212027061206,36.141304347826086,368
252,-0.3,6,8,5,-0.3699772571289671,-0.07596062340547804,-10.180132732421049,-0.3752570119594074,38.095238095238095,483
500,-0.1,10,6,5,-0.46075341733277053,-0.10021986847310482,-10.183777532370408,-0.4700231865499629,38.139534883720934,645
500,-0.2,6,4,20,-0.5268656047862512,-0.12012036488449207,-10.189282156501498,-0.5387264766525923,35.259433962264154,848
252,-0.4,26,8,5,-0.2860471478003085,-0.055987160498922495,-10.19355721345125,-0.30500936800073253,38.333333333333336,420
252,-0.3,26,13,5,-0.18374124346930198,-0.034120807000392994,-10.194927157145974,-0.20036296065717896,35.14376996805112,313
500,-0.4,52,2,20,-0.7690974251988305,-0.2216980675201905,-10.200384913313037,-0.775619450381242,34.70007593014427,1317
252,-0.8,26,2,20,-0.2980670408369528,-0.05872400028250391,-10.204639337332507,-0.3091991742520247,35.73667711598746,319
500,-0.7,10,4,20,-0.28859154127376896,-0.05656329526289405,-10.208683863456388,-0.28863938815852386,31.137724550898206,334
1000,-0.5,20,4,20,-0.32420466701814854,-0.06481210819083127,-10.213983922379235,-0.33947631366617315,36.36363636363637,440
500,-0.4,10,4,5,-0.5501307415794544,-0.1276741653308835,-10.215327326971794,-0.5652546668080569,34.91827637444279,673
252,-0.1,26,4,10,-0.6332165806964367,-0.15760596801716198,-10.217698897314577,-0.6384684277384616,38.45478489903424,1139
1000,-0.6,26,4,5,-0.3136022050518277,-0.06231939212124393,-10.220488385871942,-0.3171361619959022,39.61748633879781,366
1000,-0.2,10,8,10,-0.24393160449877738,-0.04668969737033102,-10.223047510777029,-0.2589808543519472,37.04735376044568,359
252,-0.8,6,4,10,-0.15461092354842954,-0.028311889102455523,-10.235025507026243,-0.16527861131062183,36.95652173913043,184
500,-0.5,3,6,5,-0.34975660248014506,-0.07095550836832065,-10.241091598146419,-0.35670200712099875,36.36363636363637,396
252,-0.4,40,8,5,-0.3023371206142492,-0.05970562186398398,-10.244116678105565,-0.3203595104346829,37.142857142857146,420
252,-0.6,3,6,10,-0.2717776498949518,-0.05278725806433204,-10.262265994125851,-0.29501513271961344,36.46408839779006,362
252,-0.7,6,6,20,-0.17306499449903723,-0.03197218305290128,-10.263227706025075,-0.1855524267744515,39.6,250
500,-0.7,6,6,5,-0.22925068344373956,-0.04354957160317685,-10.266732101587063,-0.22960528860817864,34.46808510638298,235
252,-0.7,10,4,20,-0.24686736772932316,-0.04732368865637149,-10.267864748629375,-0.28315488965337976,35.73487031700288,347
500,-0.6,52,8,5,-0.19776767864445954,-0.036979359719772176,-10.267994895852924,-0.2030613004632108,37.60330578512397,242
1000,-0.8,13,8,5,-0.040154781264503114,-0.006983519677881023,-10.26820871361797,-0.051781268983120854,34.32835820895522,67
500,-0.7,6,13,5,-0.0804791162186278,-0.014244666627295732,-10.276034625233716,-0.08721185497957173,32.231404958677686,121
1000,-0.5,10,8,10,-0.16719035308851304,-0.030799686464010212,-10.276902117145397,-0.17548772075820185,33.33333333333333,231
500,-0.8,13,6,10,-0.10101215852324041,-0.018043989443829567,-10.278821980301588,-0.13072862921998107,35.11450381679389,131
500,-0.4,3,6,5,-0.4009516188732136,-0.08389213893262648,-10.282524598884232,-0.4051813212041172,36.7170626349892,463
252,-0.7,52,26,5,-0.03943276880764779,-0.0068558306598593965,-10.287170165893505,-0.05431378164628242,26.96629213483146,89
252,-0.8,26,4,10,-0.1496438941381093,-0.027338019553626802,-10.289438016970283,-0.16738339768968458,38.04347826086957,184
252,-0.1,52,13,5,-0.22135082259749161,-0.04188032610271475,-10.289731833405133,-0.24412208080988806,37.301587301587304,378
1000,-0.6,3,6,10,-0.21277888921768684,-0.04008487875989619,-10.289887648363251,-0.22318604950504717,34.93975903614458,249
500,-0.8,26,4,20,-0.14038885413993796,-0.02553592460894305,-10.291999343613275,-0.158111614851148,35.78947368421053,190
252,-0.5,10,6,5,-0.3575098862478031,-0.07285917998762093,-10.292302932519862,-0.3739781559148364,37.420718816067655,473
1000,-0.3,13,8,5,-0.24558285533823931,-0.04704604077848085,-10.299344368913678,-0.2541007232468029,37.86407766990291,309
1000,-0.4,26,4,5,-0.42925942071142553,-0.09144397919928005,-10.300979070527822,-0.438671696972852,39.19694072657744,523
252,-0.8,6,6,5,-0.13163660203278715,-0.023846467383721315,-10.30561555400701,-0.134192507248325,33.08270676691729,133
500,-0.7,52,6,5,-0.1925762982594451,-0.03591657481210664,-10.306088253927419,-0.1949605472138145,37.02127659574468,235
500,-0.8,3,8,5,-0.09576612529079143,-0.0170665042057333,-10.308711722581895,-0.10442967769130351,38.67924528301887,106
1000,-0.2,20,6,5,-0.3412377721194194,-0.06888544584068523,-10.32632336144482,-0.3548480617099654,38.315789473684205,475
1000,-0.3,3,6,10,-0.3200015794252459,-0.06382007935924061,-10.326733876858054,-0.3416254864503483,34.81481481481482,405
500,-0.3,20,6,5,-0.36438152503358834,-0.0745623665273254,-10.331206829843612,-0.37657188742847614,37.254901960784316,510
500,-0.1,6,4,20,-0.5697804174690532,-0.13431070165193226,-10.336304968939022,-0.5820744773493194,35.691657866948255,947
500,-0.8,20,8,10,-0.06849620043671933,-0.012059798036173297,-10.338832140327094,-0.08535632061832932,34.90566037735849,106
1000,-0.8,10,6,5,-0.07280077525439643,-0.012841963591424754,-10.342795940177908,-0.0813528678835872,34.883720930232556,86
252,-0.2,40,6,10,-0.4207140677861646,-0.0891321658248696,-10.343429714440873,-0.4320063502971908,37.09449929478138,709
252,-0.4,20,6,5,-0.39486766741314516,-0.08230783459434854,-10.347944193916046,-0.4144825955818394,38.82783882783883,546
500,-0.5,52,2,20,-0.711751864990446,-0.19160877612428717,-10.348561194131735,-0.7183600575179039,34.45454545454545,1100
500,-0.7,26,8,5,-0.13979538673797665,-0.025420917312667712,-10.353278683414146,-0.15445305232842288,36.6120218579235,183
252,-0.7,20,8,10,-0.12557085823187908,-0.022683852912772973,-10.356682831214185,-0.14970447596631464,34.32835820895522,201
252,-0.8,52,2,20,-0.30110212206412346,-0.059421205086391815,-10.363494918634462,-0.3146946628680767,33.5423197492163,319
500,-0.6,40,4,10,-0.3636289011627587,-0.07437508085360689,-10.372220650513425,-0.37267107761873264,37.41794310722101,457
500,-0.4,13,6,5,-0.37715651498211167,-0.07776972755792078,-10.38292178777801,-0.3924514878681735,36.7170626349892,463
1000,-0.1,40,4,10,-0.5048789089125991,-0.11325956713017582,-10.385144730689058,-0.5186655350098124,36.0864040660737,787
1000,-0.5,52,4,5,-0.36010081802749483,-0.07349957999279866,-10.395919492331531,-0.36293638599664757,37.72727272727273,440
252,-0.8,26,8,5,-0.07969317363525563,-0.014100643073636565,-10.397322638759059,-0.10322692709991477,37.61467889908257,109
252,-0.4,52,4,10,-0.5154766221374342,-0.11653427785456472,-10.399648978287221,-0.5340782109637012,38.06532663316583,796
252,-0.8,20,4,5,-0.17213376956999726,-0.031785863941788506,-10.405375014749206,-0.18294468503980266,34.23913043478261,184
500,-0.6,13,4,10,-0.38503276269708897,-0.07977446209795158,-10.40541711030063,-0.39300953407640793,35.010940919037196,457
252,-0.8,20,2,20,-0.31235369926409673,-0.06202796404094746,-10.41078101333217,-0.3199885163301831,34.48275862068966,319
1000,-0.1,13,8,5,-0.29276186749723565,-0.05751130000892346,-10.412261669994699,-0.30749941491081934,37.56218905472637,402
252,-0.8,3,4,10,-0.17744803031233014,-0.032851482179102276,-10.423109052123081,-0.2000606843980659,30.978260869565215,184
252,-0.7,3,4,20,-0.2634485340494347,-0.05094342383566286,-10.427361371892987,-0.288145518752982,33.71757925072046,347
1000,-0.7,3,4,20,-0.21438285201464513,-0.040419602450333714,-10.428730644976087,-0.22541698975356605,36.39846743295019,261
252,-0.6,26,6,10,-0.24411960297178326,-0.04673023527210318,-10.430338146354256,-0.2650066584257553,38.950276243093924,362
500,-0.1,3,13,5,-0.2073689684824045,-0.038960060681969,-10.431526583662775,-0.2211611884943716,35.33123028391167,317
252,-0.5,3,8,5,-0.28915103218215576,-0.056690211554244696,-10.443870982148917,-0.30754739498223793,36.41304347826087,368
1000,-0.4,13,6,5,-0.30613415950672895,-0.060582691620013396,-10.448171058666547,-0.30928333651724416,34.56090651558073,353
252,-0.3,26,8,5,-0.33165566915735456,-0.06658336275809462,-10.45375704740347,-0.3502690337419563,37.060041407867494,483
500,-0.5,6,6,5,-0.36728523176303274,-0.07528666280998764,-10.454491117947711,-0.37880602976011735,35.60606060606061,396
1000,-0.8,20,8,5,-0.04187664395085877,-0.007288355432109039,-10.462665780367324,-0.04951030601456463,35.82089552238806,67
500,-0.7,6,4,20,-0.29258735952493853,-0.05747153781692693,-10.464241575274578,-0.2968182498725638,34.73053892215569,334
1000,-0.3,13,6,5,-0.3459013214412193,-0.07001591312755961,-10.474857838672328,-0.35396462141905594,35.06172839506173,405
1000,-0.5,3,13,10,-0.09019654633950058,-0.016033864916157325,-10.476460535031858,-0.10287269929209952,36.486486486486484,148
1000,-0.4,20,4,20,-0.3712186207352731,-0.07627220888558583,-10.477854086496933,-0.3901263548005649,35.18164435946463,523
252,-0.5,10,6,10,-0.3255407742927944,-0.0651285327489407,-10.483076334042503,-0.3464218543506905,36.36363636363637,473
1000,-0.4,52,4,10,-0.3900808461475399,-0.08107056774986521,-10.495310939810214,-0.4054593569496021,38.623326959847034,523
252,-0.5,6,8,10,-0.2514524311694002,-0.048317964422647464,-10.499572083076492,-0.26627693846104505,34.23913043478261,368
500,-0.3,10,6,5,-0.39057504038477153,-0.081197930506416,-10.500292811004108,-0.4035051727851816,36.86274509803922,510
500,-0.8,40,6,10,-0.09918151054991597,-0.017702351769786073,-10.500654086841474,-0.11649246231911992,36.6412213740458,131
500,-0.1,6,8,10,-0.3308017317252211,-0.06637953636928473,-10.506046315467026,-0.3502576198392978,34.41295546558704,494
252,-0.6,40,6,10,-0.24744768251199845,-0.04744925269109279,-10.513579387032312,-0.27004023239030417,37.569060773480665,362
1000,-0.7,26,2,20,-0.4425974680821543,-0.09511039081743689,-10.515170265074886,-0.4534030561744745,35.16260162601626,492
1000,-0.1,40,6,5,-0.38493263491996,-0.07974884342995214,-10.516874450254802,-0.39274206800110156,37.71106941838649,533
1000,-0.1,6,4,20,-0.5217626572501188,-0.11850483254483202,-10.516946268542416,-0.5322247707395213,33.03684879288437,787
1000,-0.3,20,4,20,-0.4035484373587249,-0.0845724334908814,-10.518403078434263,-0.4195707072289634,35.69023569023569,594
1000,-0.5,13,13,5,-0.08861116367222654,-0.015740882075699014,-10.519132571832392,-0.09004224396005822,38.513513513513516,148
252,-0.4,6,6,10,-0.39315978303680865,-0.08186546362375036,-10.524569305925716,-0.411736073285516,35.34798534798535,546
500,-0.3,52,4,10,-0.5055226617523562,-0.11345682184677008,-10.532576843771752,-0.5096528336970252,37.06666666666666,750
1000,-0.1,13,6,5,-0.41798830744341176,-0.08840070076425399,-10.535347999315826,-0.4292752513178676,36.58536585365854,533
252,-0.4,52,6,5,-0.41474265683220535,-0.08753341666332892,-10.536546623159891,-0.44194395217896554,37.54578754578755,546
1000,-0.1,52,4,10,-0.5064983871386074,-0.11375620377269269,-10.537908025818679,-0.5197717275933238,36.72172808132147,787
500,-0.3,13,6,5,-0.3950222005617169,-0.08234791233872285,-10.537929340992315,-0.4107872241589168,37.05882352941177,510
252,-0.3,3,4,20,-0.548694762446766,-0.12719865971440691,-10.540806054273666,-0.5601369231077573,35.24229074889868,908
500,-0.1,26,6,10,-0.3944623999293573,-0.08220276988220276,-10.543354922256533,-0.4057765792589634,37.36434108527132,645
1000,-0.4,40,6,5,-0.28130501906206695,-0.054917913129989615,-10.545099181790002,-0.28645886531072273,38.52691218130311,353
1000,-0.1,6,6,10,-0.39015079860923463,-0.08108859056032403,-10.546340572013031,-0.40227499986289605,32.645403377110696,533
1000,-0.3,20,6,5,-0.31450427736217257,-0.06253022876157677,-10.547025467168723,-0.3288058276338206,36.2962962962963,405
500,-0.8,40,4,20,-0.1382643983063524,-0.02512453243429358,-10.564735891958069,-0.15678118883857606,34.21052631578947,190
500,-0.6,26,6,5,-0.2560417285564073,-0.04931822704812583,-10.568597762304817,-0.2722540733981589,37.5,312
252,-0.4,3,6,5,-0.43841064380617545,-0.09395174075494239,-10.571340906206906,-0.45539515190710067,39.1941391941392,546
1000,-0.7,52,2,20,-0.43044746202161543,-0.09176765371607165,-10.575698227221565,-0.4387529235969435,35.56910569105691,492
500,-0.2,10,8,5,-0.2915313219616187,-0.05723108967165391,-10.57717988207727,-0.30620720040759664,38.23529411764706,442
252,-0.7,20,13,5,-0.08467131831724706,-0.015014613833778556,-10.580202927393016,-0.10136461092765447,39.04109589041096,146
500,-0.6,20,4,10,-0.36043451075219557,-0.07358221492472161,-10.593118840910417,-0.3751592767567885,35.22975929978118,457
252,-0.1,40,8,5,-0.3986816276438421,-0.08329946371789121,-10.60190928715801,-0.4064106530054954,37.58389261744966,596
1000,-0.6,40,4,5,-0.3275541364810698,-0.06560633161021501,-10.604888769680487,-0.3263055009187005,38.79781420765027,366
1000,-0.7,10,6,20,-0.1379923896752877,-0.025071919811563426,-10.605105215385429,-0.14642786175684108,36.46408839779006,181
252,-0.5,13,8,5,-0.2677712667333736,-0.05189818633986132,-10.607128765893016,-0.2808692685516283,37.5,368
1000,-0.1,20,6,5,-0.37592977981785203,-0.077459381691382,-10.609149236766457,-0.3880945988588511,38.83677298311445,533
252,-0.7,26,4,20,-0.23602689610893046,-0.04499272865972992,-10.610557728806857,-0.26534509457672395,37.752161383285305,347
1000,-0.8,3,20,5,-0.01799942217498751,-0.0031010690589595713,-10.61763293445867,-0.01853765936010965,34.375,32
252,-0.5,20,4,20,-0.42539049807378737,-0.09039377195266063,-10.618103881777076,-0.4533975315598002,35.798816568047336,676
1000,-0.4,10,6,5,-0.3061182914992916,-0.06057901803321997,-10.619768739441511,-0.31619397469298094,35.41076487252124,353
1000,-0.5,6,8,10,-0.18510539593392583,-0.034397022404516475,-10.621494334097202,-0.19452652771978107,36.36363636363637,231
500,-0.1,3,4,20,-0.5826680015939578,-0.13880116393015196,-10.623828099898574,-0.5932704818118503,34.95248152059134,947
500,-0.7,13,6,5,-0.20843790847405175,-0.03918180656622683,-10.629746897824988,-0.2185617622228645,36.59574468085106,235
500,-0.5,20,4,5,-0.4921910330037511,-0.10941456303879549,-10.6300577872549,-0.5068682034432616,37.913043478260875,575
252,-0.8,13,4,5,-0.17860023961381122,-0.033083276334144096,-10.631723985917125,-0.1905933758199132,35.32608695652174,184
1000,-0.8,26,2,5,-0.2626822571131724,-0.05077466110933837,-10.634841775927574,-0.2800486060554873,35.321100917431195,218
252,-0.1,52,6,10,-0.4622285774040815,-0.10064124478274916,-10.636285688962232,-0.4808912563809411,37.54838709677419,775
1000,-0.2,13,6,10,-0.3321864528997871,-0.06671016439718724,-10.640130943055494,-0.34620341666017806,33.89473684210526,475
1000,-0.5,40,6,5,-0.23683079210514713,-0.04516464096099382,-10.64326115111302,-0.24563049253410496,36.21262458471761,301
500,-0.4,6,4,10,-0.5184082666752798,-0.11745063994520755,-10.643913680616603,-0.5351135744219817,35.51263001485884,673
500,-0.5,20,6,5,-0.3317106251472901,-0.06659648760007053,-10.649136966724136,-0.3476878228667394,37.121212121212125,396
500,-0.4,26,4,5,-0.5422888638289144,-0.12509258695056524,-10.656829783010625,-0.5561276379652311,37.89004457652303,673
500,-0.3,13,4,10,-0.5303959187864703,-0.12124649429917433,-10.65963827453232,-0.5401673968025038,36.0,750
1000,-0.2,13,4,20,-0.4601551667200994,-0.10004925178713397,-10.661658777521017,-0.4747027735358371,32.904148783977114,699
252,-0.2,52,6,10,-0.4275374193791154,-0.09097582066464038,-10.664782482690184,-0.4449460615276284,36.24823695345557,709
500,-0.3,26,4,10,-0.5094718310449238,-0.11467158210227035,-10.664959723509341,-0.5204347867170952,38.53333333333334,750
500,-0.2,3,4,20,-0.5415694076113488,-0.12485757974212841,-10.666503902465058,-0.5504924212745768,34.19811320754717,848
252,-0.6,20,6,10,-0.24364657299688375,-0.04662825228022205,-10.670043862978362,-0.26214985840779637,36.74033149171271,362
1000,-0.4,13,4,20,-0.37895359288468977,-0.0782252778483522,-10.675088836066656,-0.3885714981334234,33.460803059273424,523
500,-0.1,6,6,10,-0.4374276087636658,-0.09368073684855327,-10.688487275795422,-0.44894318585949555,36.434108527131784,645
500,-0.2,3,13,5,-0.18640800303419414,-0.034661134025978924,-10.690917827466144,-0.20053008322520804,34.64285714285714,280
252,-0.6,52,13,5,-0.12249641146682655,-0.022097128210512684,-10.693680754715851,-0.14235169504762768,39.69072164948454,194
252,-0.5,6,4,20,-0.4798362224079388,-0.10574627986254337,-10.694296237524291,-0.49835006533191284,35.20710059171598,676
252,-0.1,10,13,5,-0.23229167978373844,-0.04419591836107639,-10.699278365082513,-0.24369007796900066,35.714285714285715,378
500,-0.1,13,6,5,-0.4673290945214914,-0.10210561993913991,-10.700485546680683,-0.48203210230027016,36.89922480620155,645
1000,-0.3,40,6,5,-0.31918525730788483,-0.06362799767395588,-10.701508119799058,-0.32341111681498924,36.54320987654321,405
1000,-0.7,3,13,5,-0.06432612537905036,-0.011304924074171718,-10.701682048028086,-0.0790025280219927,31.46067415730337,89
1000,-0.4,6,6,10,-0.29103926079884235,-0.057119154216594525,-10.703359580895048,-0.2936674108734788,34.844192634560905,353
500,-0.1,3,6,10,-0.437581463535209,-0.0937231257321467,-10.717382739561929,-0.45804467417919914,35.50387596899225,645
500,-0.5,13,4,5,-0.5197745988876644,-0.11787930351275155,-10.718677345592237,-0.5287011619015325,36.0,575
252,-0.8,10,4,5,-0.19084313671562758,-0.03556302137249456,-10.724786260878417,-0.19825501163905113,31.521739130434785,184
252,-0.7,10,6,20,-0.1688727676028583,-0.031134770501030418,-10.726945508778895,-0.17721885493581735,38.4,250
252,-0.2,20,6,10,-0.42430253784175676,-0.09009950462953775,-10.729921614604958,-0.43885147785007705,35.54301833568406,709
1000,-0.3,26,4,10,-0.43910543239072564,-0.0941435179384168,-10.733926667466806,-0.44410359217634454,37.37373737373738,594
1000,-0.7,20,4,5,-0.2474028279598306,-0.047439544547383194,-10.736738068111608,-0.2550867041919158,34.86590038314176,261
500,-0.4,20,6,5,-0.35934114304294107,-0.07331158890596912,-10.745082621780421,-0.3760126683234719,37.14902807775378,463
1000,-0.2,20,4,20,-0.45776789953962904,-0.09936997753009147,-10.74817814605683,-0.47406222752658345,34.47782546494993,699
500,-0.3,26,8,5,-0.26193705107950493,-0.05061067838054223,-10.754104360605256,-0.28220967412675313,38.81748071979435,389
252,-0.2,3,4,20,-0.5965424704691389,-0.1437658694297208,-10.761348809157123,-0.6085152977445798,35.637779941577406,1027
500,-0.2,52,8,5,-0.3014012192784008,-0.059490048097567416,-10.763379288269425,-0.31006626909795354,38.23529411764706,442
252,-0.6,3,8,10,-0.20943310602426357,-0.03938847823483427,-10.763529271207963,-0.21891053816206285,33.68421052631579,285
252,-0.3,6,4,20,-0.5586842793648832,-0.130532916554023,-10.765225416455843,-0.5706201640311992,36.013215859030836,908
1000,-0.1,10,8,5,-0.296590117961398,-0.05838563196129298,-10.768574967833382,-0.30709964092727926,38.80597014925373,402
500,-0.1,13,13,5,-0.19326939102629315,-0.03605813725361351,-10.76896973568139,-0.20176937331735345,38.170347003154575,317
500,-0.4,10,6,5,-0.3921965768289686,-0.08161643190211298,-10.769243866733689,-0.40327376808172666,36.285097192224626,463
500,-0.7,52,20,5,-0.041125786944544274,-0.007155369141091494,-10.770973471173656,-0.05608388225140315,35.714285714285715,84
252,-0.2,26,6,10,-0.41837524092433653,-0.088504362211965,-10.776721740824708,-0.42631005603538563,37.9407616361072,709
500,-0.3,52,6,5,-0.3869552915994544,-0.08026703173300398,-10.778437126702398,-0.3935862199523108,35.68627450980392,510
1000,-0.8,26,20,5,-0.018103297421791176,-0.003119101705684635,-10.778502569680013,-0.023160517683351256,37.5,32
1000,-0.3,10,8,5,-0.2517256770310816,-0.048377377323629345,-10.779764899442375,-0.25921959058812727,39.15857605177994,309
1000,-0.8,3,6,20,-0.07934302448306141,-0.014036511260979156,-10.78234857747639,-0.08458094464798749,32.55813953488372,86
1000,-0.5,52,4,10,-0.32795647990342425,-0.06570195544957402,-10.782611530006532,-0.3321879082784396,37.72727272727273,440
500,-0.3,20,4,10,-0.5250847600108364,-0.11955493696966213,-10.785787491176768,-0.5388876934505067,37.2,750
1000,-0.4,6,13,5,-0.11701733754995514,-0.02105571816133489,-10.79102179059169,-0.12671312606392515,35.46511627906977,172
1000,-0.8,40,4,5,-0.1283067583252212,-0.023207409469198303,-10.792387570934913,-0.1349431387001766,36.440677966101696,118
500,-0.8,13,4,20,-0.13535938687782822,-0.024563347639737554,-10.796989203864136,-0.13624212199366748,36.84210526315789,190
252,-0.2,13,6,10,-0.4278488978895615,-0.09106041540564991,-10.799095390109192,-0.43615224294563526,38.081805359661494,709
500,-0.6,3,4,20,-0.3590386302150874,-0.07323677976230047,-10.799420339710988,-0.3681651957077554,35.667396061269145,457
252,-0.4,10,8,5,-0.3137758655741736,-0.06235996302509306,-10.8001281308211,-0.32708038093400327,35.95238095238095,420
1000,-0.7,13,6,5,-0.1530248834794481,-0.02800040497966927,-10.800353679707758,-0.15442898352903156,38.12154696132597,181
1000,-0.8,10,20,5,-0.01340873988371083,-0.0023057055946542615,-10.80103318332382,-0.017151839460426643,43.75,32
1000,-0.5,3,6,20,-0.22441324639311833,-0.04252574446911417,-10.801719709345837,-0.23029794836899786,36.21262458471761,301
1000,-0.3,40,4,10,-0.4273846421175722,-0.09093434169193604,-10.806918248994766,-0.4374728678184837,37.878787878787875,594
500,-0.8,13,13,5,-0.04497623610556789,-0.007838248621150679,-10.8113104815723,-0.05213051510069633,38.35616438356164,73
252,-0.3,6,6,10,-0.41834817565496085,-0.08849710942932187,-10.820411452562178,-0.43038075472594584,36.624203821656046,628
252,-0.5,3,4,20,-0.4743384367773711,-0.10413710653986652,-10.820612495144227,-0.49315544237382025,35.50295857988166,676
252,-0.1,13,6,10,-0.47136079547896115,-0.10327138287541604,-10.822794024776435,-0.4840720018741602,38.193548387096776,775
500,-0.2,6,6,20,-0.379657637856323,-0.07840404770201304,-10.827270740177996,-0.39065774514884155,34.26086956521739,575
1000,-0.5,6,6,20,-0.220366642072797,-0.04167335283558504,-10.833943433358499,-0.22951344861482958,34.55149501661129,301
500,-0.1,20,4,20,-0.544583657985595,-0.12584422314861743,-10.834357478613144,-0.5605758263122722,36.008447729672646,947
252,-0.3,40,13,5,-0.19807838247805787,-0.03704314798022357,-10.835848777285257,-0.2126426265124597,39.936102236421725,313
1000,-0.1,26,4,10,-0.5194331770419165,-0.11777209353196472,-10.83835504833403,-0.5372737768155303,34.30749682337992,787
500,-0.7,52,4,10,-0.27876084505035326,-0.05434666556745771,-10.839326205907648,-0.27940983833525546,36.82634730538922,334
1000,-0.8,40,2,20,-0.22801325990578525,-0.04328716917982478,-10.845505644202834,-0.2515543932288732,35.77981651376147,218
1000,-0.4,6,6,20,-0.27303415438777134,-0.05306692902358168,-10.846535636188229,-0.27856302897885965,32.01133144475921,353
252,-0.8,52,4,10,-0.16256901927361855,-0.029882141373288706,-10.848462456869768,-0.1795307882503635,38.04347826086957,184
252,-0.8,3,4,20,-0.1665302530953544,-0.030668368583342875,-10.851966541181968,-0.18681739574501688,32.608695652173914,184
500,-0.7,40,6,5,-0.21795820819195955,-0.04116777102186164,-10.860986444486047,-0.22468680889424197,34.46808510638298,235
1000,-0.6,6,8,5,-0.17386460773158374,-0.03213230820122859,-10.873994819669816,-0.17849405983766997,33.85416666666667,192
252,-0.7,20,4,20,-0.2474432954893252,-0.047448303159912775,-10.875223791787542,-0.275747861770418,36.023054755043226,347
252,-0.1,26,13,5,-0.23071958573052076,-0.04386151409722605,-10.880399258267762,-0.24344026775220118,37.03703703703704,378
1000,-0.3,13,4,20,-0.4179725867604285,-0.08839649032121,-10.885710328574064,-0.43087062221771777,34.84848484848485,594
252,-0.5,10,8,10,-0.24540678746468314,-0.0470080141820155,-10.887179033623152,-0.26215524551112523,35.32608695652174,368
1000,-0.6,40,6,5,-0.2129099368557772,-0.04011220527460346,-10.892192296567691,-0.21048613217755707,38.152610441767074,249
1000,-0.6,20,4,10,-0.3084638393165152,-0.06112279076500837,-10.906138502650043,-0.31256445373004194,36.33879781420765,366
252,-0.6,10,4,20,-0.4038342837558915,-0.08464746726521222,-10.908332350748072,-0.420052124089903,34.89278752436647,513
1000,-0.2,6,6,20,-0.33579552321067574,-0.0675745760504941,-10.924939481100335,-0.3459414583401771,35.578947368421055,475
1000,-0.2,3,6,10,-0.37924173683665685,-0.07829842253131392,-10.92666403134203,-0.3993206398598871,36.84210526315789,475
1000,-0.1,3,6,10,-0.4060028196029939,-0.08521767451465057,-10.929013731482808,-0.4224183218599058,35.27204502814259,533
252,-0.1,40,6,10,-0.4722115133357532,-0.103518308446362,-10.930782158280197,-0.48024734444950645,38.70967741935484,775
252,-0.2,20,13,5,-0.20034482604060366,-0.03750907526527114,-10.93098330440928,-0.2134916213617073,35.816618911174785,349
500,-0.3,40,4,10,-0.5151282507217774,-0.11642569104735812,-10.935479772740994,-0.5207714914780596,38.13333333333333,750
500,-0.1,13,8,5,-0.34938359091368343,-0.07086439783378828,-10.936326021501817,-0.3657405952179026,37.24696356275304,494
1000,-0.6,6,8,10,-0.15316191234021548,-0.028027297133197404,-10.937737084763928,-0.159561848278993,33.33333333333333,192
252,-0.5,52,4,20,-0.43111685237650443,-0.09195027158535718,-10.942134528186083,-0.45504236250222485,35.50295857988166,676
252,-0.1,40,13,5,-0.23395328121622305,-0.04454997963454688,-10.942290843579368,-0.24888347722369775,37.301587301587304,378
252,-0.8,40,4,10,-0.15773799646497455,-0.028927440197527243,-10.946691600367341,-0.17532359090875238,39.67391304347826,184
252,-0.1,10,6,10,-0.4906563611023812,-0.10895490340289748,-10.953343706641766,-0.5022791937914823,36.774193548387096,775
252,-0.2,3,13,5,-0.21232226069875593,-0.03998969042817313,-10.962065438967542,-0.2251191568334927,36.38968481375358,349
500,-0.1,20,8,5,-0.33619709335565573,-0.06767099703548551,-10.969374009953361,-0.3546957003919703,37.65182186234818,494
252,-0.8,6,6,10,-0.11804233573925849,-0.02125013189397984,-10.969414045988694,-0.12739765632136246,32.33082706766917,133
252,-0.3,10,8,5,-0.3549504581722377,-0.07222866531963335,-10.97038592226809,-0.3667764357561989,37.47412008281574,483
1000,-0.4,10,8,5,-0.22803487398844036,-0.04329174957113424,-10.974030456522167,-0.2357807329191035,36.666666666666664,270
1000,-0.3,10,13,5,-0.13336363312888666,-0.024178716674631007,-10.982801459592592,-0.14992152328930153,36.734693877551024,196
500,-0.1,40,8,5,-0.3522430693852925,-0.07156395381427105,-10.982916003970537,-0.3603452311385227,37.449392712550605,494
500,-0.7,13,8,5,-0.17099416820288782,-0.03155808921968861,-10.98558020223614,-0.17830110381009312,31.147540983606557,183
252,-0.5,10,20,5,-0.09274136563746882,-0.01650504029393285,-10.986796435999473,-0.1148384435061961,35.67251461988304,171
252,-0.1,6,6,10,-0.4939412375543403,-0.10994018597682231,-10.99052261310981,-0.5033172596800308,38.45161290322581,775
500,-0.4,10,4,10,-0.5242867038343011,-0.11930211995517581,-11.00926342919102,-0.5379349486621684,35.21545319465082,673
252,-0.8,20,4,10,-0.1576167670495916,-0.028903541427427903,-11.010574976449012,-0.16541927039206816,36.95652173913043,184
500,-0.3,3,8,5,-0.32336578311892683,-0.06461370384746923,-11.011268510492224,-0.3526691737243117,34.447300771208226,389
252,-0.1,20,6,10,-0.46712088240595395,-0.10204561446163041,-11.018169015602549,-0.47664140129646504,36.90322580645161,775
500,-0.5,3,6,10,-0.32624453538746534,-0.06529541046667386,-11.031429797175152,-0.3328411632288394,32.82828282828283,396
500,-0.3,3,13,5,-0.1612300295780087,-0.029617075363514878,-11.03549105607941,-0.17908130778500098,34.67741935483871,248
1000,-0.3,13,8,10,-0.2252246114326225,-0.04269709694683543,-11.043514116737322,-0.23352897045539112,37.54045307443366,309
500,-0.7,40,4,10,-0.29557642742827483,-0.0581537325178314,-11.061664392781264,-0.29712860653279116,36.82634730538922,334
252,-0.1,3,6,10,-0.48874592361558933,-0.10838429728644539,-11.066454212457561,-0.49573073805471635,37.93548387096774,775
1000,-0.4,3,6,10,-0.30614782666935614,-0.06058585574721609,-11.067449385998039,-0.3195042318202165,35.12747875354108,353
500,-0.5,10,4,5,-0.5365432819074563,-0.12322429287907488,-11.071656410825376,-0.5438471128904377,36.347826086956516,575
500,-0.6,3,6,10,-0.2715097187699458,-0.052727674092572285,-11.071770358684873,-0.2791013127935501,35.57692307692308,312
252,-0.7,6,8,10,-0.1538810054612454,-0.028168479581427097,-11.074929967095306,-0.16973819348028218,32.33830845771145,201
1000,-0.6,40,4,10,-0.2901983376214615,-0.05692800764821604,-11.078877444247507,-0.29376507083569303,36.6120218579235,366
1000,-0.6,10,6,10,-0.20890066218124703,-0.03927787935045968,-11.084302964920578,-0.2156481709689393,35.34136546184739,249
500,-0.7,3,4,20,-0.30776697506590867,-0.06096107597721545,-11.084893072085084,-0.31627413251513103,32.035928143712574,334
252,-0.3,10,6,10,-0.41453393973877006,-0.08747778104709547,-11.088858414034428,-0.42752617701439666,36.94267515923567,628
252,-0.6,6,4,20,-0.4234217980873206,-0.08986162298504852,-11.08992353076339,-0.4398993187611657,32.748538011695906,513
1000,-0.4,26,4,10,-0.40829105938381705,-0.08582123171647094,-11.095416064108475,-0.42375603468913725,37.66730401529637,523
500,-0.7,6,8,5,-0.17955590231813345,-0.03327573508038184,-11.097371661203765,-0.1753705407058983,34.97267759562842,183
500,-0.5,13,6,5,-0.36575032995355405,-0.07490345667766074,-11.097528887906327,-0.37902531834578734,37.62626262626262,396
500,-0.8,10,6,20,-0.09998781499820197,-0.01785275426147437,-11.097539818389421,-0.10029079071532476,33.587786259541986,131
1000,-0.3,3,13,5,-0.14088004545958055,-0.02563116174813207,-11.100214851890637,-0.15656103497938234,34.183673469387756,196
252,-0.7,52,4,20,-0.24871313500622494,-0.04772334014522228,-11.102204201093329,-0.2787030201009604,36.023054755043226,347
1000,-0.3,3,8,10,-0.2509834200878407,-0.04821602743743625,-11.106495388000136,-0.2681643474958689,37.54045307443366,309
1000,-0.2,52,6,5,-0.35963145010399433,-0.07338340719585756,-11.108918570738492,-0.37286982266390156,36.21052631578948,475
252,-0.7,40,4,20,-0.25144878367069345,-0.048317171454554164,-11.119842756789419,-0.27525217440239536,36.59942363112392,347
500,-0.8,13,8,5,-0.09817196877315004,-0.017514196046558794,-11.120437493268128,-0.10214299354027179,41.509433962264154,106
1000,-0.1,10,6,5,-0.4229994647548969,-0.0897476605490628,-11.122228762032224,-0.43470507160951355,36.210131332082554,533
1000,-0.6,20,6,5,-0.21252734605420454,-0.04003243665894918,-11.122267079956359,-0.20945744043770764,37.75100401606426,249
252,-0.8,40,2,20,-0.31521797740927804,-0.06269720117561539,-11.124758092440521,-0.3299573207499936,34.48275862068966,319
500,-0.2,6,8,10,-0.2822760325371071,-0.05513637844753905,-11.128928248962168,-0.2923482554593244,36.425339366515836,442
252,-0.2,40,8,10,-0.32677020218507435,-0.06542015229082843,-11.14067713587319,-0.3363516967772665,37.08487084870848,542
1000,-0.2,40,6,5,-0.36873571539511274,-0.0756495018603216,-11.147180179194539,-0.3738757926563927,37.26315789473684,475
252,-0.1,3,13,5,-0.24358262875662795,-0.046614470266171715,-11.150665919402963,-0.2716554008169382,32.804232804232804,378
1000,-0.6,20,8,5,-0.1541743351471383,-0.028226098744474126,-11.151323126572235,-0.15397143345162312,31.770833333333332,192
252,-0.1,3,4,20,-0.6469955321543233,-0.16310362862455385,-11.164787201325872,-0.6600893378816679,34.416154521510094,1139
1000,-0.2,26,6,5,-0.3568250568844288,-0.07269026864793104,-11.165659756192431,-0.3645480712719684,39.1578947368421,475
1000,-0.8,52,4,5,-0.13287707260782222,-0.024085055807033795,-11.173218177635992,-0.13697344738201145,32.20338983050847,118
252,-0.7,40,8,10,-0.13464115889411055,-0.024424842702521876,-11.175366310542856,-0.14375114741665196,36.81592039800995,201
1000,-0.3,26,4,20,-0.4135635953226451,-0.08721934180766999,-11.177834140632234,-0.4213077856381937,36.36363636363637,594
1000,-0.6,20,4,20,-0.2897811674103796,-0.05683325217054502,-11.178903403511871,-0.29479376154814363,35.24590163934426,366
252,-0.2,20,4,20,-0.5770966751566242,-0.13684601899962712,-11.179516169441296,-0.5868589298926636,36.416747809152874,1027
500,-0.3,6,4,20,-0.5257251901438107,-0.11975807431652141,-11.186136599040234,-0.5324058460053669,33.86666666666667,750
500,-0.7,13,4,20,-0.286146846233143,-0.056009703452437276,-11.19629272990293,-0.29569122736397,31.437125748502993,334
1000,-0.5,26,4,10,-0.3513939030919,-0.07135594306221982,-11.197450813020833,-0.3634202823477014,37.95454545454545,440
252,-0.6,6,8,10,-0.23029401979595687,-0.0437710882900233,-11.207329379937933,-0.24074198021898163,30.175438596491226,285
500,-0.4,13,4,10,-0.5002008485445699,-0.11183249649642202,-11.21011664622807,-0.5163515611471623,34.62109955423477,673
500,-0.2,26,6,10,-0.37750077513320424,-0.07785691133902584,-11.210757017670131,-0.3914518659666083,36.52173913043478,575
252,-0.8,10,4,10,-0.17004967318551722,-0.03136950747997991,-11.212456076720567,-0.17243794420497938,34.78260869565217,184
500,-0.1,26,8,5,-0.34550058170750164,-0.06991850989595261,-11.22638639006221,-0.3584471276892808,38.46153846153847,494
500,-0.1,10,4,20,-0.583059708028688,-0.13893943790820285,-11.22650134381032,-0.5946769722565397,34.31890179514255,947
252,-0.5,40,4,20,-0.4367676060070933,-0.09349900693124413,-11.242169340057611,-0.45608244138632503,36.83431952662722,676
500,-0.5,3,4,20,-0.4577372374503774,-0.09936126906257947,-11.248216930581709,-0.46800322842287123,34.08695652173913,575
500,-0.3,6,6,10,-0.391520690429483,-0.08144188041385003,-11.256066089144682,-0.4002717370274578,32.94117647058823,510
1000,-0.3,6,8,10,-0.23998573242353205,-0.04584077562816369,-11.259973763233772,-0.2447900300011031,35.59870550161812,309
252,-0.6,3,4,20,-0.39055461404152714,-0.08119266457382168,-11.265422715128837,-0.4092626583532085,33.33333333333333,513
1000,-0.6,13,6,5,-0.243210234215412,-0.04653422660453932,-11.28212158567149,-0.24129992193062078,34.53815261044177,249
1000,-0.5,40,4,10,-0.34452526494305924,-0.06968165721309294,-11.285446320932454,-0.3508832140784536,37.95454545454545,440
500,-0.3,3,4,20,-0.5383660280468098,-0.12381490669655182,-11.294742455878582,-0.549362589355723,33.86666666666667,750
1000,-0.6,13,8,5,-0.1563555550063851,-0.028655079193623423,-11.294958709510343,-0.15499472244098955,32.8125,192
500,-0.2,26,8,5,-0.31286823130665986,-0.06214801369675971,-11.302928778698666,-0.31632001049148584,37.782805429864254,442
252,-0.5,26,6,10,-0.32127360781824565,-0.06411977070155261,-11.304783523617258,-0.3448565084045755,38.05496828752643,473
500,-0.8,26,6,10,-0.10768569352854784,-0.01929431604008547,-11.307462237531903,-0.1287483302536877,36.6412213740458,131
500,-0.1,10,8,10,-0.33255602702367204,-0.06679850319566227,-11.312100689273667,-0.34615845212493257,36.43724696356275,494
1000,-0.5,10,8,20,-0.16238628525918952,-0.029845946707570792,-11.314032979444548,-0.17247879423400603,32.900432900432904,231
252,-0.6,52,6,10,-0.26462771413818587,-0.051203407762742015,-11.315677255361397,-0.2831832816905301,37.569060773480665,362
252,-0.6,10,13,5,-0.12627145259241013,-0.0228177929268496,-11.317841670401865,-0.14005431546774239,35.56701030927835,194
500,-0.3,10,4,20,-0.5308106666553788,-0.12137925434429264,-11.318913228185876,-0.5395243706093025,32.53333333333333,750
500,-0.4,40,4,10,-0.49457036338232774,-0.11012949383440562,-11.319345215644946,-0.5071829693172804,36.2555720653789,673
1000,-0.4,10,6,10,-0.289332402165578,-0.05673137174021625,-11.324771532367622,-0.29337285100735266,34.844192634560905,353
500,-0.1,26,4,20,-0.5564060731906249,-0.12976704070199552,-11.32697514114201,-0.5666954350685354,36.008447729672646,947
500,-0.2,13,4,20,-0.534853591110829,-0.1226785096417441,-11.3329431381975,-0.543966917514151,35.37735849056604,848
1000,-0.4,6,8,20,-0.20029435469986423,-0.03749868763823794,-11.342817205871535,-0.2068017569749352,34.074074074074076,270
1000,-0.2,26,4,20,-0.46962462882352374,-0.10276847131596734,-11.344406381524967,-0.4819791548467729,36.62374821173104,699
500,-0.6,10,8,5,-0.21004800134350765,-0.039516280746581756,-11.347625696915898,-0.213313045709966,38.429752066115704,242
1000,-0.1,20,4,20,-0.5041039216789491,-0.1130223822406895,-11.34942193278907,-0.5216403532649236,33.54510800508259,787
500,-0.4,52,4,10,-0.5041996708783748,-0.11305166964451585,-11.350958209417362,-0.5129315958278603,37.147102526002975,673
1000,-0.2,3,8,10,-0.2635797776496157,-0.050972343163506295,-11.354067569921755,-0.2704330022033472,33.98328690807799,359
252,-0.6,10,8,10,-0.2073769489953441,-0.03896171527793246,-11.356353607427014,-0.22044453047264123,35.08771929824561,285
1000,-0.4,10,13,5,-0.11765973664151796,-0.021177541556193114,-11.358903827984888,-0.12963584527640803,36.627906976744185,172
1000,-0.7,26,4,5,-0.24808235994607253,-0.04758667123070226,-11.358938644426162,-0.2533925240642716,37.16475095785441,261
500,-0.4,3,4,10,-0.5434513123359432,-0.12547294356333505,-11.359436747411566,-0.5530997775313473,34.17533432392273,673
500,-0.6,40,6,10,-0.23762470670992786,-0.04533456615239584,-11.365784682707758,-0.24713763428953106,36.217948717948715,312
252,-0.6,26,13,5,-0.12492658905805398,-0.022560759677677344,-11.37763119176154,-0.131727919704963,36.08247422680412,194
500,-0.5,52,4,10,-0.46507249917668425,-0.10145631661892884,-11.389881122675957,-0.47136334131442803,37.565217391304344,575
500,-0.1,20,6,10,-0.41399435132062523,-0.08733402455339556,-11.390436174324622,-0.42645946542509083,36.27906976744186,645
1000,-0.1,10,4,20,-0.5232483654646523,-0.11897370950757147,-11.393453622277264,-0.5287279813962253,33.7992376111817,787
1000,-0.4,40,4,10,-0.40710623403632173,-0.08550847536172468,-11.395039067681964,-0.42698413741835173,36.52007648183556,523
500,-0.4,6,8,5,-0.3072555944073925,-0.0608424904718291,-11.39891496640192,-0.31802467943721646,35.22727272727273,352
1000,-0.7,13,6,10,-0.150087029053385,-0.02742471172507921,-11.400664476551503,-0.15771940348298474,38.12154696132597,181
1000,-0.8,13,8,10,-0.0402024447551137,-0.006991951841214705,-11.402527271881455,-0.04763751079075795,34.32835820895522,67
500,-0.4,13,8,5,-0.2851433182533587,-0.05578291330242058,-11.408039970586582,-0.29935338972920433,34.94318181818182,352
500,-0.8,52,8,10,-0.0845179130788215,-0.014986387679278734,-11.410968708579688,-0.09442450859159413,36.79245283018868,106
1000,-0.6,26,4,10,-0.30687817254632965,-0.06075501558657981,-11.411106738268886,-0.3137315664628588,36.6120218579235,366
1000,-0.7,40,4,5,-0.26050256306685016,-0.05029540504919816,-11.419499148638721,-0.28178265845324835,39.46360153256705,261
252,-0.7,10,13,5,-0.09235154226087627,-0.016432793172267313,-11.419719836778697,-0.10945949080454342,36.986301369863014,146
1000,-0.8,20,4,5,-0.11185739006039375,-0.020079851342968413,-11.420000629837087,-0.12403633899517674,35.59322033898305,118
500,-0.6,10,4,20,-0.39647250078251395,-0.08272445784844007,-11.422721609617508,-0.4014845594315386,33.260393873085334,457
252,-0.5,10,4,20,-0.4677018362741707,-0.10221309044659843,-11.423340425491029,-0.48794826848939643,34.9112426035503,676
1000,-0.4,20,6,5,-0.3085026134537273,-0.06113179268430591,-11.425174212646276,-0.3172351673536763,34.844192634560905,353
1000,-0.3,3,6,20,-0.3131737526132773,-0.06221933262508628,-11.426236535190478,-0.32629080085107454,34.32098765432099,405
500,-0.3,3,20,5,-0.09804013156918312,-0.017489637469545904,-11.434452027769405,-0.10980167052408418,27.710843373493976,166
1000,-0.7,10,8,5,-0.1126953448684671,-0.0202380079947464,-11.439241000394118,-0.11866912105563632,32.62411347517731,141
500,-0.1,52,4,20,-0.5657045208291083,-0.13291373830273556,-11.441627030857408,-0.5707862221525035,35.90285110876452,947
1000,-0.8,20,2,10,-0.2555880064225764,-0.04921910830813325,-11.449861318348342,-0.2697394489075864,34.862385321100916,218
500,-0.3,20,8,5,-0.28050911805287604,-0.05473902822848842,-11.450313872575435,-0.29741311701585993,35.732647814910024,389
500,-0.2,10,4,20,-0.5459711793257536,-0.12630021596190721,-11.454064581738544,-0.5530857054010262,34.7877358490566,848
500,-0.6,13,8,5,-0.22780015059577696,-0.04324201338734446,-11.456193367856134,-0.23796036734856318,36.77685950413223,242
500,-0.1,40,4,20,-0.5555409451637714,-0.12947706040512508,-11.463936408763102,-0.5615355759891713,35.1636747624076,947
252,-0.3,26,6,10,-0.39906015221352964,-0.08339816423086321,-11.466171091019946,-0.41076668872582744,35.98726114649681,628
500,-0.7,20,6,5,-0.20662023702458887,-0.03880488793753345,-11.490290622645595,-0.21635909606623882,36.17021276595745,235
252,-0.5,6,6,20,-0.33865774019518824,-0.06826288104114553,-11.492880236212486,-0.3573265745783526,32.346723044397464,473
252,-0.3,20,13,5,-0.1940241167673965,-0.03621240279217508,-11.493273325117356,-0.2095914472644117,35.78274760383386,313
1000,-0.8,26,2,10,-0.26956451669433723,-0.05229563342437571,-11.49842362499279,-0.2808070509254116,33.48623853211009,218
252,-0.2,40,13,5,-0.2236696549032795,-0.042368835565963714,-11.499405085136123,-0.23379534879520858,38.68194842406877,349
252,-0.3,3,6,10,-0.43627324643178633,-0.09336300200522907,-11.505848745595102,-0.450838837648149,36.30573248407643,628
1000,-0.4,3,13,5,-0.13533736930948015,-0.024559100298200853,-11.51056523850475,-0.1348331226366395,33.72093023255814,172
1000,-0.8,13,4,20,-0.09889134805177302,-0.017648254157963672,-11.514986804227574,-0.11228473981930187,35.59322033898305,118
500,-0.6,20,8,5,-0.1912104806341266,-0.035637904625328454,-11.521116582119642,-0.19658761943714154,36.77685950413223,242
252,-0.2,40,4,20,-0.5822139242172446,-0.13864100734132023,-11.523469246572906,-0.5859876146442189,36.31937682570594,1027
252,-0.3,20,6,10,-0.41506404337422764,-0.08761911761316876,-11.52628493832576,-0.4279002528810376,35.35031847133758,628
252,-0.3,20,4,20,-0.541802270240554,-0.12493360980956614,-11.52950995839437,-0.5580329131213682,36.34361233480176,908
1000,-0.7,6,8,5,-0.13329526758096566,-0.02416555396043618,-11.532787201277124,-0.1397140000271111,31.914893617021278,141
500,-0.7,10,6,5,-0.22398497865882316,-0.042435358363523745,-11.539072748268758,-0.2287854130452942,37.87234042553192,235
1000,-0.1,26,6,5,-0.39696783999480956,-0.08285323601302641,-11.539485753998221,-0.4005004708048856,38.27392120075047,533
1000,-0.8,52,2,20,-0.24450685523447657,-0.046813764394949,-11.540322410434186,-0.25509246964478005,34.403669724770644,218
252,-0.3,26,4,20,-0.5368213376364823,-0.1233142650456549,-11.548197329879843,-0.5505978588984395,37.33480176211454,908
252,-0.2,52,4,20,-0.5865932228742302,-0.14019167500999064,-11.550068349829411,-0.5944364896514105,36.90360272638753,1027
500,-0.5,10,4,10,-0.49331043556882226,-0.10975056953399676,-11.55081217964383,-0.5020264570144358,35.30434782608695,575
252,-0.5,6,13,5,-0.15843323240570273,-0.029064551831338825,-11.552098361176961,-0.17349565131426714,35.24590163934426,244
500,-0.5,40,6,5,-0.3444840324844808,-0.0696716504755035,-11.555304675793938,-0.3546213771531118,36.11111111111111,396
500,-0.1,52,13,5,-0.20717086228368964,-0.03891899184360115,-11.555426707161836,-0.2116994823474021,34.06940063091483,317
252,-0.6,13,8,10,-0.20251755129073057,-0.03795676520131519,-11.561385955479016,-0.2146223335875952,36.84210526315789,285
500,-0.6,52,13,5,-0.09559247775873059,-0.017034229195650563,-11.562280051091776,-0.10041966011347514,37.10691823899371,159
1000,-0.3,10,8,10,-0.24544229632533376,-0.04701568268408296,-11.563736406442509,-0.2512240007037515,36.89320388349515,309
252,-0.4,6,4,20,-0.5528196834625769,-0.12856796747060117,-11.57043340356973,-0.5670471683800407,35.301507537688444,796
500,-0.1,13,4,20,-0.5755858832347494,-0.1363195186813465,-11.572258866404061,-0.5864827603170206,34.95248152059134,947
500,-0.1,52,6,10,-0.4262057811111555,-0.09061458949168688,-11.575060311499984,-0.42833914440520093,34.883720930232556,645
1000,-0.1,3,13,5,-0.190397257279728,-0.03547216646789364,-11.58572126711208,-0.19800821408753544,36.75889328063241,253
1000,-0.7,10,13,5,-0.05504765548532842,-0.009635275039410751,-11.585799011576569,-0.05887942031796278,35.95505617977528,89
1000,-0.5,26,4,20,-0.33368879633449744,-0.06706952035489044,-11.590218974630407,-0.34624265827492573,36.13636363636364,440
500,-0.7,40,8,5,-0.16702825814184807,-0.030767431897015807,-11.59654100272837,-0.1706330010931837,34.42622950819672,183
500,-0.5,26,8,5,-0.23283841381955406,-0.04431234864536571,-11.59791078492869,-0.2505142944220238,33.993399339933994,303
1000,-0.3,10,6,5,-0.3626076068813351,-0.07412123168176354,-11.59907392621835,-0.3716587781376818,34.074074074074076,405
1000,-0.5,13,8,10,-0.18033358843476566,-0.03343248872452187,-11.609696005005505,-0.18479582293800345,32.900432900432904,231
1000,-0.4,10,8,10,-0.21433041831067146,-0.040408651346092506,-11.616742988147298,-0.22295511079511277,34.44444444444444,270
500,-0.2,40,8,5,-0.32097401438074724,-0.06404914425397568,-11.617055316954785,-0.3371456718013791,38.68778280542987,442
1000,-0.6,26,8,5,-0.151479450157869,-0.027697360444870922,-11.618140262138539,-0.15151866519613288,36.45833333333333,192
1000,-0.3,20,8,5,-0.2394264366546215,-0.0457207435891962,-11.622512599745308,-0.25285178511863426,36.89320388349515,309
252,-0.4,3,4,20,-0.5461462645434807,-0.12635783774495146,-11.624093996273766,-0.5598304704494936,34.92462311557789,796
1000,-0.6,52,4,10,-0.30350617062905316,-0.059975235678719985,-11.625586293371594,-0.30271894467505955,37.43169398907104,366
252,-0.7,13,4,20,-0.264087642084169,-0.05108429059153863,-11.62620323408909,-0.278963137992992,33.71757925072046,347
252,-0.3,40,6,10,-0.41782047800976607,-0.08835575616889446,-11.633222331627184,-0.42999065732401964,36.94267515923567,628
500,-0.2,20,6,10,-0.38888531435408713,-0.08076281112070005,-11.636510189124401,-0.4019436864906667,35.65217391304348,575
252,-0.7,13,20,5,-0.058440202043122835,-0.010244176860376597,-11.642578500470837,-0.061837810904312285,36.89320388349515,103
500,-0.4,6,4,20,-0.5000368295636348,-0.1117826627678743,-11.64445739688524,-0.5132068393990032,34.76968796433878,673
1000,-0.1,52,6,5,-0.4018422990377102,-0.08412519653806327,-11.649350624526972,-0.41309523246954305,36.39774859287054,533
500,-0.1,13,8,10,-0.32902444390541097,-0.06595600584989236,-11.652372217630983,-0.34108845793939324,36.43724696356275,494
500,-0.6,26,4,10,-0.3925837019046955,-0.08171648163381295,-11.653255595065952,-0.4040504319620042,34.57330415754923,457
500,-0.6,6,6,10,-0.2867454203706309,-0.056145102798990654,-11.65366795764203,-0.291418532838548,33.33333333333333,312
1000,-0.5,10,6,20,-0.21673412617344745,-0.04091130456869507,-11.663985512716694,-0.22406824755360233,36.544850498338874,301
500,-0.6,26,8,5,-0.2090140374918391,-0.039301424423158204,-11.664508898732855,-0.21699575275006222,34.29752066115703,242
1000,-0.1,6,6,20,-0.38126456137200326,-0.07881270578919208,-11.671305698864895,-0.39053051779275094,31.51969981238274,533
500,-0.2,13,8,5,-0.311836128331875,-0.061907280461664715,-11.684221988913558,-0.32337615210162773,34.841628959276015,442
500,-0.2,52,8,10,-0.28651819787013155,-0.056093693268781886,-11.687188990008334,-0.2938265450343107,37.10407239819005,442
252,-0.3,13,4,20,-0.5569147397567948,-0.12993775843055433,-11.687754296705078,-0.5720730345164577,36.013215859030836,908
1000,-0.1,13,4,20,-0.5182212963742965,-0.11739205962962462,-11.69141886697423,-0.5282876471620633,33.54510800508259,787
1000,-0.6,10,8,5,-0.15876757495678284,-0.029130522963455308,-11.695413372236798,-0.15844119388204858,30.729166666666668,192
1000,-0.7,40,4,10,-0.22909362504351716,-0.04351624716901281,-11.696835575558694,-0.24924058347786493,37.16475095785441,261
252,-0.4,10,6,10,-0.39327068720667613,-0.08189415832597424,-11.701042131408737,-0.4058772616992452,34.798534798534796,546
500,-0.4,26,4,10,-0.5003875983087351,-0.1118892530055432,-11.706159667199964,-0.5182330854696422,35.0668647845468,673
500,-0.5,26,6,5,-0.3366117529381627,-0.06777061168384768,-11.712048202177021,-0.3505092618611201,35.35353535353536,396
1000,-0.2,10,6,10,-0.36770518351706905,-0.07539164292387313,-11.714348289529093,-0.37517791169996484,35.78947368421053,475
500,-0.2,20,4,20,-0.5303076063487648,-0.12121823819998623,-11.715033010863857,-0.5404587541346287,36.20283018867924,848
1000,-0.7,6,8,10,-0.12260719298021261,-0.022118240037481973,-11.721203009943686,-0.12602247521476262,31.914893617021278,141
252,-0.5,13,4,20,-0.46370433954617796,-0.10106375297781778,-11.723138320178045,-0.481009469703209,33.72781065088758,676
500,-0.5,52,6,5,-0.3451532040579286,-0.06983411677233642,-11.727093942450654,-0.35175888023284096,37.121212121212125,396
252,-0.1,26,6,10,-0.4905991247298094,-0.1089377823823603,-11.727759420505802,-0.49463539551350744,39.35483870967742,775
1000,-0.8,40,8,5,-0.06092282423262674,-0.01069091694431179,-11.733865409522895,-0.06447792785577289,34.32835820895522,67
1000,-0.6,3,8,10,-0.16260116524120416,-0.029888509297191,-11.73566117349637,-0.17191142187800446,34.375,192
500,-0.2,20,8,5,-0.31816893947868397,-0.06338912337617308,-11.73767920794185,-0.32356138599393736,35.294117647058826,442
252,-0.6,52,4,20,-0.3617803855979018,-0.07391586763251035,-11.741357326826684,-0.3819022992864338,37.23196881091618,513
252,-0.4,20,6,10,-0.37617584998732057,-0.07752159323443564,-11.742899875149902,-0.3919783548082071,35.34798534798535,546
1000,-0.1,3,8,10,-0.3027027417729211,-0.05978990348506863,-11.74392567119409,-0.30912532343717747,32.33830845771145,402
252,-0.1,20,4,20,-0.6346343001564912,-0.15816364376535097,-11.744984214393059,-0.6422561564874172,35.55750658472344,1139
252,-0.7,40,6,20,-0.16054065896951686,-0.02948074452404259,-11.747603158398649,-0.17520174293904012,40.8,250
500,-0.1,10,6,10,-0.4395624828093231,-0.09426978148545684,-11.753168329878662,-0.44870277110084045,35.348837209302324,645
500,-0.4,26,6,10,-0.335649474124707,-0.06753952019673881,-11.754826261874332,-0.34797634722954474,36.285097192224626,463
500,-0.7,6,6,10,-0.21160723849151375,-0.03984072946207862,-11.756939737101428,-0.2133675674021338,31.06382978723404,235
500,-0.7,3,6,5,-0.2367855952961303,-0.045154971689749246,-11.76035240823902,-0.24307094605769974,36.17021276595745,235
252,-0.6,40,8,10,-0.19564281669648886,-0.036543668470028545,-11.762974128670951,-0.2216976989041144,38.59649122807017,285
252,-0.6,26,8,10,-0.19385521366964586,-0.036177868691097514,-11.763722635334991,-0.20922876428783777,40.0,285
252,-0.5,52,6,10,-0.33505586369872364,-0.06739710286073175,-11.76396217329464,-0.35642687768619896,35.517970401691336,473
1000,-0.3,10,6,10,-0.3272564557459744,-0.06553561318347523,-11.766199919869946,-0.33553232235466646,34.81481481481482,405
1000,-0.8,6,6,20,-0.08909838690938843,-0.015830877197142046,-11.766961359326219,-0.09361056480507912,30.23255813953488,86
252,-0.5,26,4,20,-0.44640463327550806,-0.09617025519608424,-11.774570148212328,-0.4730782380429339,36.68639053254438,676
1000,-0.3,6,13,10,-0.13848000614465927,-0.025166245650099506,-11.781706228013785,-0.15952643132380118,31.122448979591837,196
500,-0.4,10,8,5,-0.28718968402723655,-0.05624565754698285,-11.786798311190728,-0.29704999364750295,34.659090909090914,352
1000,-0.8,10,6,20,-0.07639432181957706,-0.013497240186320703,-11.790078286746349,-0.08127986913101615,30.23255813953488,86
500,-0.7,52,8,10,-0.14118249363058455,-0.025689825914143594,-11.798636412755355,-0.1448248773134676,31.693989071038253,183
500,-0.5,40,4,10,-0.4636087456062111,-0.10103635541935174,-11.802114858076095,-0.4713438811010159,36.869565217391305,575
1000,-0.5,6,8,20,-0.18340968885789632,-0.03405373119470678,-11.802798779059925,-0.19190284949974,33.33333333333333,231
500,-0.2,10,6,10,-0.41600763097864824,-0.08787096047260257,-11.804547087689015,-0.4272240477529048,35.47826086956521,575
1000,-0.2,40,8,5,-0.2756984616081676,-0.05366127493836037,-11.808525261352848,-0.28451522241302474,36.211699164345404,359
500,-0.5,6,4,10,-0.5137331164663175,-0.11599147705710644,-11.817366346193365,-0.5220244790123663,34.78260869565217,575
500,-0.3,10,6,10,-0.3817171406994574,-0.07892796041089567,-11.829337788248257,-0.3936446380933991,36.07843137254902,510
252,-0.2,3,8,10,-0.3827315034396106,-0.0791865340144029,-11.829373358637788,-0.38454399985131904,32.656826568265686,542
252,-0.3,13,6,10,-0.41173645422299077,-0.08673366607707145,-11.836253771444058,-0.4209542070265547,36.78343949044586,628
1000,-0.5,20,6,10,-0.23054696899406169,-0.04382483086356859,-11.836682625835389,-0.24408146772471873,36.21262458471761,301
500,-0.1,26,13,5,-0.21309611212068458,-0.040151033682292114,-11.847062604541886,-0.21577335858819835,32.80757097791798,317
252,-0.8,40,6,5,-0.12329137733522977,-0.022248675237984128,-11.84740119761275,-0.12862176246086698,39.097744360902254,133
1000,-0.6,3,13,5,-0.09377117036867577,-0.016696020919613086,-11.847838214705844,-0.09573317094451117,36.36363636363637,121
1000,-0.7,13,4,20,-0.2074083436770071,-0.03896822445642667,-11.859440181074728,-0.22332618165828988,34.48275862068966,261
252,-0.7,3,8,10,-0.15601290962870074,-0.02858763030860101,-11.863553225626475,-0.18063053516228555,34.32835820895522,201
252,-0.3,10,4,20,-0.5790337439181665,-0.13752335983770014,-11.873363677865948,-0.5867336271767896,36.56387665198238,908
252,-0.2,26,4,20,-0.5918181850408757,-0.14205970145036917,-11.884331530785458,-0.597066337175598,35.637779941577406,1027
252,-0.3,40,4,20,-0.5465951864248868,-0.126505665353695,-11.886239389438964,-0.5570229001533222,37.66519823788546,908
500,-0.4,40,6,10,-0.34620832285938796,-0.07009056592900953,-11.886858695827293,-0.3555566689373688,35.20518358531318,463
252,-0.7,26,8,10,-0.1399683954149875,-0.025454437650619388,-11.887525049596178,-0.15301879152400022,35.82089552238806,201
252,-0.1,52,4,20,-0.6291777594433561,-0.15602699144008292,-11.892983014580546,-0.6380973792202769,36.87445127304653,1139
500,-0.4,20,4,10,-0.5140546990980368,-0.11609147300491107,-11.904445409105008,-0.5290627429991086,35.21545319465082,673
1000,-0.8,6,6,5,-0.10544307930063457,-0.018873286645949228,-11.908967471847927,-0.10739436863133311,27.906976744186046,86
252,-0.6,26,4,20,-0.36895282378817196,-0.07570387106382714,-11.914007210616811,-0.38975919944353377,34.1130604288499,513
500,-0.6,52,20,5,-0.06907262326149677,-0.012164363338237338,-11.917021150254026,-0.0777991537907543,31.818181818181817,110
1000,-0.7,20,20,5,-0.03342745695926719,-0.0057968538172068484,-11.924377019830407,-0.03672394294399339,44.61538461538462,65
1000,-0.6,3,6,20,-0.22663656722533954,-0.04299564341496953,-11.926024159864156,-0.23348407248917147,34.53815261044177,249
500,-0.1,3,8,10,-0.3499546457228373,-0.0710038993464096,-11.932963951372194,-0.355840723489109,34.21052631578947,494
252,-0.5,20,8,10,-0.24868462082849452,-0.04771715997637804,-11.938111181474516,-0.26896043890083576,34.78260869565217,368
500,-0.3,40,6,10,-0.3686677266363029,-0.07563247901461745,-11.93994354177271,-0.37594835661832904,36.86274509803922,510
500,-0.2,52,4,20,-0.5273284540036742,-0.1202676108577525,-11.940970381143712,-0.5311590423432886,35.7311320754717,848
1000,-0.5,20,13,5,-0.10159851883446902,-0.018153538641911604,-11.946602905068826,-0.11453109562169217,37.16216216216216,148
1000,-0.6,6,8,20,-0.15635234091204275,-0.02865444640169179,-11.94696216039752,-0.16096056695139627,30.208333333333332,192
252,-0.1,20,8,10,-0.3667414595918401,-0.07515081568637194,-11.947473176111759,-0.37430565590747744,35.40268456375839,596
252,-0.5,40,6,10,-0.33576400413856955,-0.06756701005347299,-11.960799729913022,-0.3519828945292717,35.095137420718814,473
252,-0.7,13,8,10,-0.14960387563735233,-0.027330192425825905,-11.977725869664468,-0.1622972538783083,30.34825870646766,201
1000,-0.2,26,6,10,-0.3442778584288366,-0.06962162175926612,-11.989966738347299,-0.3571839258697871,37.68421052631579,475
500,-0.8,40,8,10,-0.08376788685355563,-0.014848441278384139,-11.993419180245269,-0.0926199797333207,37.735849056603776,106
500,-0.2,40,6,10,-0.3939784154400895,-0.08207737430656747,-11.994191277626998,-0.39954150739762195,35.65217391304348,575
252,-0.2,10,4,20,-0.6169735913890224,-0.15134088218131636,-11.995692007950826,-0.6249622077569368,34.858812074001946,1027
1000,-0.1,52,8,5,-0.29190633620485607,-0.05731644225002397,-12.001101947469609,-0.3026225754584476,36.318407960199,402
1000,-0.2,40,4,20,-0.47201353746513075,-0.1034608154113027,-12.012933861427872,-0.4838600937609506,35.7653791130186,699
1000,-0.3,40,8,5,-0.2566675159351093,-0.04945501688759446,-12.013914847501404,-0.2598458361006871,35.92233009708738,309
500,-0.1,20,8,10,-0.3195117442925507,-0.0637047975751105,-12.01648605171849,-0.33385175309606485,34.81781376518219,494
1000,-0.1,3,4,20,-0.5626414814049145,-0.13187105476462946,-12.017477879781094,-0.5735637456914794,32.52858958068615,787
500,-0.1,40,6,10,-0.43245144703640337,-0.0923148975891136,-12.017951875518811,-0.4372796720522314,36.434108527131784,645
252,-0.7,26,6,20,-0.16585899394785786,-0.030534919128552884,-12.024316836363797,-0.18094108577313261,37.6,250
500,-0.2,13,13,5,-0.18109344739989308,-0.03358576818587511,-12.034087341295967,-0.19207530254702343,36.07142857142857,280
500,-0.2,3,20,5,-0.11189829487575154,-0.020087568897111163,-12.034673327539661,-0.12115617862693095,35.751295336787564,193
252,-0.5,3,8,10,-0.2699213651019907,-0.05237482002893479,-12.039490317923164,-0.28329350351009064,35.59782608695652,368
252,-0.1,6,8,5,-0.4509344440764631,-0.09743919517271471,-12.040004349024255,-0.4507518640766678,35.90604026845637,596
252,-0.6,13,4,20,-0.40781653187695577,-0.08569590921682091,-12.042084852254726,-0.42312275770095964,34.50292397660819,513
500,-0.8,10,13,5,-0.05507713377807366,-0.009640558058448878,-12.043873401593407,-0.06590622195338325,39.726027397260275,73
500,-0.2,40,4,20,-0.5312015044393511,-0.12150444988097209,-12.047691975797028,-0.5361901563241173,35.84905660377358,848
500,-0.1,40,8,10,-0.323214581983966,-0.06457796497460111,-12.053789527439847,-0.333249549098373,36.032388663967616,494
1000,-0.5,3,8,20,-0.19620726852846893,-0.03665931305824677,-12.056024913974573,-0.2053536484706422,32.03463203463203,231
252,-0.5,6,20,5,-0.10442177064150737,-0.01868183562672321,-12.06316903626244,-0.1235899444932238,32.16374269005848,171
1000,-0.2,13,8,10,-0.2655170702449454,-0.05139972043808705,-12.066700148539537,-0.27749167134588193,34.540389972144844,359
252,-0.5,26,13,5,-0.16276437164875435,-0.029920842636908862,-12.068216800446578,-0.18175671226841839,33.60655737704918,244
252,-0.2,52,8,10,-0.3562893925389111,-0.07255825235231417,-12.072566278942686,-0.3688123029271846,36.34686346863469,542
500,-0.2,52,6,10,-0.3994751068388741,-0.08350642313915668,-12.077237192420565,-0.4005136752765457,35.30434782608695,575
1000,-0.2,52,4,20,-0.4764319470104993,-0.10474821384649136,-12.0791856469123,-0.4836820202164369,34.763948497854074,699
1000,-0.3,26,6,5,-0.33163670064684403,-0.06657883281897092,-12.079287151612203,-0.33792182627042433,35.06172839506173,405
500,-0.3,10,8,5,-0.3091623720905541,-0.06128502838885619,-12.079516084882133,-0.31608928652097223,35.98971722365039,389
252,-0.1,13,13,5,-0.2474512299245647,-0.047450020499652745,-12.08037550867602,-0.2614868522787377,37.56613756613756,378
1000,-0.6,3,8,20,-0.15417587633596674,-0.028226401526108447,-12.082562695022117,-0.16264191006090223,31.770833333333332,192
500,-0.3,26,6,10,-0.35941904654735934,-0.07333085859733712,-12.085537127222182,-0.37229598792951557,36.07843137254902,510
252,-0.4,3,13,5,-0.1998910748996322,-0.03741570717532672,-12.094845415470703,-0.20530419700473512,32.73381294964029,278
252,-0.2,10,8,10,-0.3584850859426546,-0.07309996818133258,-12.112063750353178,-0.36738407421589847,35.79335793357934,542
1000,-0.3,52,6,5,-0.33435532437295534,-0.06722916696920034,-12.133654161336727,-0.33434771927621243,35.30864197530864,405
1000,-0.2,20,8,5,-0.27825585814193987,-0.05423347877504159,-12.139707693293001,-0.2835790327098844,38.71866295264624,359
1000,-0.3,26,6,10,-0.3014676790119184,-0.05950534840896804,-12.140355310547536,-0.3050063403361285,36.04938271604938,405
1000,-0.4,3,6,20,-0.29787109756786034,-0.05867907503994896,-12.142452135137496,-0.30707308107297626,32.577903682719544,353
500,-0.7,26,4,20,-0.26926995680933097,-0.05223029314083316,-12.151651161716549,-0.2759865895476653,32.93413173652694,334
252,-0.6,20,4,20,-0.37592650555661555,-0.0774585540286582,-12.154972837297741,-0.39537417862809954,35.4775828460039,513
500,-0.3,13,4,20,-0.5291830790498191,-0.12085882343686061,-12.156088815412843,-0.5357949300344673,35.06666666666667,750
1000,-0.1,10,6,10,-0.4006883482293432,-0.0838233058811052,-12.159759195418076,-0.41246776193278945,34.8968105065666,533
1000,-0.6,40,6,10,-0.2047117974953353,-0.038409916933757504,-12.163056054037465,-0.20168507335479313,37.34939759036144,249
1000,-0.3,52,4,20,-0.4173395643609481,-0.08822702731745835,-12.16705944844584,-0.4286901470915331,36.36363636363637,594
500,-0.3,52,6,10,-0.3711864578905857,-0.07626412949581929,-12.168039144193312,-0.38070415731936746,35.294117647058826,510
500,-0.3,6,8,5,-0.343636149848491,-0.06946599277473253,-12.17032179445991,-0.3494988100178905,35.98971722365039,389
1000,-0.3,40,4,20,-0.4209316690309498,-0.08919068259762719,-12.172987586824998,-0.43657971073078217,36.195286195286194,594
252,-0.3,6,13,5,-0.2124705294234691,-0.040020593364085366,-12.173101074284379,-0.21883500028494374,34.185303514377,313
252,-0.4,13,4,20,-0.5346589534840525,-0.12261574579425871,-12.185566069558348,-0.5531693677701257,34.79899497487437,796
252,-0.3,13,13,5,-0.20511094371048766,-0.03849245927698364,-12.187367286827742,-0.20918324568038704,34.504792332268366,313
252,-0.7,3,6,20,-0.18829805693370127,-0.035044978130856164,-12.188614182973899,-0.19828949703338128,36.4,250
500,-0.2,26,4,20,-0.5321220492548806,-0.12179966665651398,-12.188902698249432,-0.5413263732751614,35.613207547169814,848
252,-0.7,20,6,20,-0.17455544502479758,-0.03227075410153646,-12.19507546840032,-0.1912569451491507,36.0,250
1000,-0.3,13,6,10,-0.33235989967573154,-0.06675161809508934,-12.198119059702504,-0.3409876737419172,34.074074074074076,405
1000,-0.1,40,6,10,-0.3720673933501888,-0.07648554668094698,-12.224287381828354,-0.37627315480029344,37.3358348968105,533
500,-0.5,20,4,10,-0.4702082247163064,-0.1029373677762222,-12.237414571461704,-0.48376997175711034,34.78260869565217,575
500,-0.7,6,8,10,-0.1640442683342892,-0.03017458835683584,-12.241960911000612,-0.16286371190316007,28.96174863387978,183
252,-0.1,40,4,20,-0.6351974060148011,-0.1583856455880267,-12.243145105766185,-0.6401366840257805,36.52326602282704,1139
500,-0.3,13,8,5,-0.31426646594947616,-0.062474624029757564,-12.245526338982858,-0.3213477989602386,35.98971722365039,389
252,-0.4,52,13,5,-0.1873215152142712,-0.03484656345367687,-12.248927074796839,-0.20138763519876757,37.410071942446045,278
252,-0.7,52,8,10,-0.14992337620754903,-0.027392691332540853,-12.250346565053855,-0.1631237411619334,31.8407960199005,201
1000,-0.4,3,8,20,-0.22144345926491216,-0.0418998187689148,-12.252721384520664,-0.2346550581149145,32.592592592592595,270
252,-0.6,40,4,20,-0.3727689745868856,-0.07666206867430958,-12.2550810118941,-0.39419229654509247,35.28265107212476,513
1000,-0.1,26,4,20,-0.5202638893656395,-0.11803305598691005,-12.257251856393948,-0.5318897430853393,34.30749682337992,787
252,-0.8,52,8,5,-0.09385735453913646,-0.0167120122105624,-12.258407539945363,-0.10451681859739703,34.862385321100916,109
1000,-0.5,13,6,10,-0.2336783224125354,-0.044491346283078825,-12.25955624766952,-0.24017179036857483,35.880398671096344,301
500,-0.7,20,4,20,-0.27802285503822477,-0.05418127604164025,-12.261061675944712,-0.2902003987064581,32.93413173652694,334
1000,-0.5,40,6,10,-0.22943888513168664,-0.04358951139241396,-12.265117300590797,-0.2379827623306341,34.55149501661129,301
252,-0.5,52,13,5,-0.16453430352193044,-0.030271825473357827,-12.266577024276183,-0.18944221386280957,36.885245901639344,244
1000,-0.4,52,8,5,-0.2188587671345672,-0.04135666633119839,-12.278836895756633,-0.22856494720674614,36.666666666666664,270
500,-0.7,52,6,10,-0.19074926895477806,-0.03554389090055421,-12.280791886432592,-0.1922128798808186,36.59574468085106,235
500,-0.6,20,4,20,-0.367147366937026,-0.07525221176636887,-12.282115149189094,-0.3783038671219301,34.13566739606127,457
1000,-0.2,52,6,10,-0.3414890715261485,-0.06894619266044844,-12.288918894586105,-0.35160217047846154,36.0,475
1000,-0.7,52,4,10,-0.23841839488452055,-0.045504589576635945,-12.304925789681834,-0.24936871136067218,37.547892720306514,261
252,-0.1,10,4,20,-0.6667079630993064,-0.17128651717323995,-12.307610901398782,-0.6711329157846564,34.67954345917472,1139
252,-0.1,13,4,20,-0.6485237777635652,-0.16372428941505868,-12.309226748326427,-0.6554491344007791,35.64530289727831,1139
1000,-0.1,26,8,5,-0.2935542764744312,-0.05769195527760107,-12.313058417852805,-0.2977015745853069,38.80597014925373,402
1000,-0.3,20,6,10,-0.313065026659785,-0.06219394932418709,-12.316493735056063,-0.3208136079572168,33.58024691358025,405
252,-0.6,13,13,5,-0.1446315915466866,-0.026360042206965084,-12.321970214485225,-0.15891467415757643,32.98969072164948,194
252,-0.4,10,13,5,-0.18959114497132912,-0.03530801372091941,-12.327000980022397,-0.1987272716472971,34.172661870503596,278
500,-0.6,3,8,5,-0.2714632186777174,-0.05271733500085729,-12.328341278018977,-0.2742003458669785,33.47107438016529,242
1000,-0.1,20,8,5,-0.3012865808311558,-0.059463658953440746,-12.328352078194929,-0.3060405094187265,38.308457711442784,402
252,-0.7,10,8,10,-0.15492003870342674,-0.028372652963680967,-12.331137500924411,-0.16111161915758543,35.82089552238806,201
252,-0.3,6,8,10,-0.368917175770035,-0.07569494287218159,-12.339569401802098,-0.3782287826004337,35.196687370600415,483
500,-0.1,3,13,10,-0.20429303762148432,-0.03832335544745191,-12.340585812527348,-0.2135073183306755,31.230283911671926,317
500,-0.8,20,6,20,-0.0986770844622612,-0.017608316332503815,-12.343718620480075,-0.10873168486258455,33.587786259541986,131
500,-0.1,6,8,20,-0.34161681303774594,-0.06897707909262274,-12.345600684202662,-0.3509483131601314,32.388663967611336,494
252,-0.7,13,26,5,-0.0447527215614516,-0.007798545839114768,-12.349500096830804,-0.05183569166374269,32.58426966292135,89
1000,-0.7,6,8,20,-0.12209204641627125,-0.02202008640171016,-12.359780006780603,-0.12451680540563581,29.078014184397162,141
500,-0.2,13,8,10,-0.28679504069725736,-0.05615633130002806,-12.370983603396683,-0.30005680936270185,36.425339366515836,442
252,-0.4,13,6,10,-0.40084595892805985,-0.08386451074992551,-12.371564118244729,-0.420584821968093,33.88278388278388,546
252,-0.4,20,13,5,-0.17776913386980364,-0.032916052686911446,-12.389130672399274,-0.18804361393569224,35.61151079136691,278
252,-0.1,3,8,10,-0.3972203610293419,-0.0829189201192797,-12.3902479366797,-0.41172013964783627,32.88590604026846,596
500,-0.6,6,13,5,-0.12470169255249375,-0.022517808932198347,-12.390762451655167,-0.13753268327438606,30.18867924528302,159
1000,-0.1,6,8,5,-0.34414441567762155,-0.06958924845024839,-12.393818958441532,-0.3465063890414708,34.82587064676617,402
1000,-0.2,20,6,10,-0.34977830658722275,-0.07096081107335472,-12.397388571909993,-0.3590153592521318,33.89473684210526,475
252,-0.5,10,13,5,-0.16279012576135488,-0.029925945343257654,-12.39944955320854,-0.17950935805597257,36.0655737704918,244
252,-0.2,13,4,20,-0.6123820967308549,-0.14960987034202444,-12.416237355356273,-0.6185464772760554,35.54040895813048,1027
1000,-0.1,52,4,20,-0.5161530907065062,-0.11674531700853996,-12.417543209440534,-0.5227100831737963,34.30749682337992,787
500,-0.4,3,6,10,-0.40291333398007234,-0.08440582750308945,-12.42087347977118,-0.409480198021566,33.69330453563715,463
252,-0.3,13,8,10,-0.3341443360855779,-0.0671786167822297,-12.421275293125897,-0.3472593030283233,36.64596273291926,483
500,-0.5,10,8,5,-0.2698691615747195,-0.052363233778651375,-12.421898208152218,-0.27603545430348386,34.98349834983499,303
1000,-0.5,52,6,5,-0.2503420978853699,-0.048076725188455294,-12.428682138866412,-0.25394259118570506,34.55149501661129,301
252,-0.8,20,8,5,-0.09118591872410509,-0.016216918053255314,-12.432102491890754,-0.10488396109061604,31.19266055045872,109
500,-0.1,52,8,10,-0.32844650662646935,-0.06581848285622938,-12.435651980708595,-0.3337222481969685,36.032388663967616,494
1000,-0.8,6,6,10,-0.10192122711811669,-0.018213855245870603,-12.447992558103971,-0.10744327657585617,25.581395348837212,86
1000,-0.3,3,8,20,-0.2461628449199843,-0.04717135719725818,-12.451187808568084,-0.26081913076493557,34.627831715210355,309
252,-0.3,40,8,10,-0.3228911852429295,-0.06450154705400579,-12.454907193849174,-0.3336669421391485,33.74741200828157,483
1000,-0.8,26,40,5,-0.009510975142916545,-0.001632799043049804,-12.456032959724203,-0.012410931037655892,26.08695652173913,23
500,-0.5,26,4,10,-0.48137174767646085,-0.1061982384393867,-12.457183781141,-0.49287386290717206,36.347826086956516,575
500,-0.1,13,6,10,-0.4500667834772184,-0.09719546638235765,-12.458273128483404,-0.46313467334968417,35.348837209302324,645
1000,-0.2,3,6,20,-0.38019556584332104,-0.07854075081050138,-12.460590564925518,-0.394126713599264,33.473684210526315,475
500,-0.6,52,8,10,-0.2016735741919402,-0.03778274379864255,-12.461274066357301,-0.20445728546514497,33.47107438016529,242
1000,-0.3,52,8,5,-0.2534616137020148,-0.04875524938377862,-12.463727492383416,-0.2532328314078688,36.56957928802589,309
500,-0.2,13,6,10,-0.4233421762842827,-0.08984013254371359,-12.470795414467498,-0.43275288293131364,36.52173913043478,575
1000,-0.8,26,2,20,-0.2716694955475679,-0.052763203928947844,-12.475268853847677,-0.27868158287346223,32.56880733944954,218
1000,-0.4,26,4,20,-0.4039097528479402,-0.0846672826395447,-12.479790299246305,-0.41588494009042276,35.5640535372849,523
252,-0.7,13,13,10,-0.08629507123277969,-0.015313620729520583,-12.48109432454847,-0.09952144499721483,34.93150684931507,146
252,-0.3,52,4,20,-0.560590951984575,-0.13117641566810923,-12.484040941142188,-0.5734279992061554,36.34361233480176,908
1000,-0.8,20,2,20,-0.25417610590002504,-0.04891098894659163,-12.488192414319183,-0.26791095742234294,33.02752293577982,218
1000,-0.4,13,6,10,-0.30250737117826776,-0.059744862830226286,-12.495051236521862,-0.30322369644618485,33.711048158640224,353
252,-0.4,10,4,20,-0.5549833199982106,-0.12929039919953056,-12.4985520652958,-0.5651745517353699,34.04522613065327,796
500,-0.8,6,13,10,-0.05100010317684289,-0.008911177686254823,-12.502703761475505,-0.05860920862502428,34.24657534246575,73
252,-0.6,6,13,5,-0.1441826039405233,-0.026272669852209662,-12.514241576398849,-0.15848160011347467,34.02061855670103,194
500,-0.2,10,8,10,-0.29899261098364105,-0.05893635267578479,-12.514958425168407,-0.30990714880765724,36.425339366515836,442
500,-0.4,52,6,10,-0.3581952600631143,-0.07302837511476323,-12.517571941206171,-0.36312185173673983,34.98920086393088,463
1000,-0.6,10,6,20,-0.20739917946109898,-0.03896632438267422,-12.520592052380213,-0.21190500532783685,32.1285140562249,249
500,-0.8,26,6,20,-0.10063161453185254,-0.017972924425588843,-12.521395794524398,-0.11755652880674283,31.297709923664126,131
1000,-0.1,6,13,5,-0.18092182572313065,-0.0335511381960234,-12.52150119002655,-0.19527790192169814,35.573122529644266,253
500,-0.7,20,6,10,-0.18850704837458343,-0.03508746691617237,-12.52392936651706,-0.1962790691071319,33.191489361702125,235
252,-0.8,40,8,5,-0.09575201015846235,-0.017063880503877638,-12.525337427407983,-0.10694789402925242,33.02752293577982,109
252,-0.3,3,8,10,-0.3620368665281112,-0.07397951738316189,-12.52805440768735,-0.37047569839674976,33.126293995859214,483
500,-0.1,20,13,5,-0.210850721337708,-0.03968324571605086,-12.530882998311967,-0.22064704904889054,33.4384858044164,317
1000,-0.7,52,4,5,-0.27234158466641045,-0.05291272833209526,-12.535136589205285,-0.28122719274348473,34.86590038314176,261
500,-0.4,20,6,10,-0.3540526704227527,-0.07200798676925302,-12.538424388343309,-0.3685299230236032,33.477321814254864,463
252,-0.6,6,6,20,-0.2839241333712793,-0.05550774106572387,-12.54020190017324,-0.2988621827492295,34.25414364640884,362
500,-0.4,10,6,10,-0.38367642606114327,-0.07942772357812078,-12.547661535311905,-0.3943017009782166,35.42116630669546,463
252,-0.4,52,4,20,-0.5164631433697382,-0.11684212647018033,-12.55360652615077,-0.5318683349469893,35.92964824120603,796
500,-0.3,20,4,20,-0.531955844573776,-0.12174632956765308,-12.558629412330095,-0.5453910266806414,34.93333333333333,750
252,-0.2,6,13,5,-0.23068906539507394,-0.0438550276444436,-12.560513540053568,-0.23912863272570473,35.816618911174785,349
500,-0.7,10,8,5,-0.18291549972754761,-0.03395379518718511,-12.562500264932584,-0.18444360283042072,34.42622950819672,183
1000,-0.2,10,8,20,-0.2508470343626522,-0.04818639467948238,-12.566360331445134,-0.26277018947406117,32.03342618384401,359
252,-0.3,10,8,10,-0.3456018363684811,-0.06994311604145698,-12.568054717827035,-0.35873875236214314,37.060041407867494,483
500,-0.6,6,8,5,-0.25395789236052424,-0.048863411308532334,-12.57777962144285,-0.26191871111964615,35.12396694214876,242
252,-0.1,26,4,20,-0.6433613168660277,-0.1616365767752963,-12.584229477844518,-0.648241518606444,35.46971027216857,1139
500,-0.3,52,13,5,-0.19287217756041797,-0.0359769950817338,-12.589296356119808,-0.1941602269905799,33.064516129032256,248
1000,-0.6,26,4,20,-0.30276781301611155,-0.05980490730463883,-12.589831711293982,-0.3096366774118535,35.51912568306011,366
1000,-0.2,13,6,20,-0.34509900884073585,-0.06982095374633579,-12.590126637483547,-0.3528329020374191,31.789473684210527,475
500,-0.6,13,4,20,-0.3955669061158609,-0.08248924792962065,-12.590697161229103,-0.3995727070663466,32.16630196936542,457
252,-0.6,40,13,5,-0.1416493776157367,-0.025780418402083782,-12.603112294477375,-0.1586683788382799,36.597938144329895,194
500,-0.2,3,6,20,-0.41800201290680306,-0.08840437155148473,-12.614875507856768,-0.42711589511265413,31.82608695652174,575
1000,-0.1,40,4,20,-0.5186960753533678,-0.11754085114287394,-12.61793502128489,-0.5309550661380482,32.14739517153748,787
1000,-0.7,52,6,5,-0.17415310683137142,-0.03219011262504723,-12.618609690051658,-0.17826262995518805,36.46408839779006,181
252,-0.2,20,8,10,-0.3531191914056627,-0.0717788046808342,-12.630575916959543,-0.358066237838652,36.53136531365313,542
252,-0.4,20,4,20,-0.5262622809754913,-0.11992860897573254,-12.639993081556565,-0.5437180936774257,35.678391959798994,796
500,-0.1,6,6,20,-0.4422540267438928,-0.0950150766805008,-12.646705348026138,-0.44969718225594113,33.33333333333333,645
252,-0.1,26,8,10,-0.3779394753979327,-0.07796806999156791,-12.650837388387176,-0.38360345804378926,37.41610738255034,596
252,-0.2,10,13,5,-0.22467377711333913,-0.04258074984246185,-12.657679288342058,-0.22699598929330422,35.24355300859599,349
1000,-0.1,40,8,5,-0.31008553226996494,-0.061499645567902106,-12.668195992153086,-0.3195089995615258,36.81592039800995,402
500,-0.3,52,8,5,-0.3030129151278599,-0.05986143221374507,-12.669489970910151,-0.30670999800422116,33.67609254498715,389
252,-0.8,10,6,10,-0.12448553307622878,-0.0224765354064852,-12.669584629014066,-0.12556763966579754,34.58646616541353,133
1000,-0.4,13,8,5,-0.2599650706012483,-0.05017740493710987,-12.67294461320298,-0.2670949170193231,34.44444444444444,270
1000,-0.7,20,4,10,-0.2430008229414098,-0.04648911699312552,-12.675026246846814,-0.2502081447299691,36.39846743295019,261
252,-0.6,10,6,20,-0.277070603697225,-0.05396807578597629,-12.692962186218995,-0.2865359983742841,33.70165745856354,362
500,-0.7,26,6,10,-0.18588875742998356,-0.03455581179017564,-12.695244859808367,-0.19554102688799668,35.319148936170215,235
1000,-0.7,40,4,20,-0.21853082255194167,-0.04128785794561518,-12.702393136886904,-0.23736732365447843,37.547892720306514,261
500,-0.6,26,6,10,-0.25345226044595104,-0.04875321145184519,-12.70407560334756,-0.2677333790380506,35.8974358974359,312
1000,-0.1,20,6,10,-0.3827162212353047,-0.07918263577892037,-12.705909546538166,-0.3931317771516456,34.146341463414636,533
1000,-0.7,6,20,5,-0.03610696083244236,-0.006268681736986248,-12.712579423401543,-0.040401020952357425,35.38461538461539,65
252,-0.3,52,6,10,-0.4369187490768198,-0.09354060816266918,-12.716924959657172,-0.4549583757916891,35.19108280254777,628
252,-0.2,26,8,10,-0.3514647308023494,-0.0713732843000685,-12.717730589207177,-0.3553187929084314,35.608856088560884,542
252,-0.3,20,8,10,-0.32833125322924295,-0.0657910694831143,-12.718203317259483,-0.3450618196052633,36.231884057971016,483
1000,-0.1,13,6,10,-0.4104318308083088,-0.08638764641112351,-12.727173229325462,-0.4187261668617893,33.39587242026266,533
500,-0.3,20,6,10,-0.37367008021623493,-0.07688903247286816,-12.727347684217325,-0.3864654549313661,34.90196078431372,510
252,-0.5,3,6,20,-0.34230453475250056,-0.06914344773450598,-12.727600718043085,-0.35481606046623104,35.30655391120507,473
252,-0.4,26,6,10,-0.3954720273895582,-0.08246462200792692,-12.73140087070786,-0.4125250708238327,37.91208791208791,546
252,-0.8,10,4,20,-0.17231146667237285,-0.03182140408852152,-12.739801623054136,-0.17799648769479048,33.69565217391305,184
500,-0.5,3,8,5,-0.30079688032989926,-0.059350972972113336,-12.744817306745489,-0.3160989485976229,30.693069306930692,303
252,-0.1,20,13,5,-0.25054630549458534,-0.04812107060730486,-12.748380915264764,-0.26174968094274365,35.44973544973545,378
1000,-0.2,3,13,5,-0.19711164220888888,-0.03684474107482727,-12.750899204787038,-0.2004085460917423,33.33333333333333,231
252,-0.4,26,4,20,-0.5209400415410381,-0.1182457411461999,-12.75435657907867,-0.537548953757863,36.18090452261307,796
252,-0.8,20,6,5,-0.1304042372283123,-0.02360971761971431,-12.75481098834309,-0.12845954446819852,33.83458646616541,133
1000,-0.5,40,4,20,-0.3400122381787567,-0.06858947147270456,-12.754875027158356,-0.34869381756816675,34.77272727272727,440
500,-0.2,52,13,5,-0.200333111089243,-0.037506664134750345,-12.75932839435098,-0.203934765319578,30.714285714285715,280
1000,-0.1,10,13,5,-0.18258812211885045,-0.033887619758950605,-12.762838912579754,-0.1947267191778458,37.54940711462451,253
252,-0.2,3,6,20,-0.4659354057584887,-0.1017043371337576,-12.762998825714305,-0.4779509033027415,35.119887165021154,709
1000,-0.4,52,6,5,-0.2978183221801469,-0.05866697664548215,-12.764564860739139,-0.29685359536610356,36.26062322946176,353
500,-0.3,26,4,20,-0.5213660751523768,-0.11837987879221235,-12.77079758819723,-0.5319975187678467,36.13333333333333,750
1000,-0.6,40,4,20,-0.2929954307855518,-0.057564530870800046,-12.771468333064844,-0.29989119107678264,34.97267759562842,366
252,-0.4,3,6,10,-0.4305509845829777,-0.09179588430127428,-12.776308253650145,-0.44553316402909593,35.53113553113553,546
252,-0.4,6,8,10,-0.3327549206560524,-0.06684606125412151,-12.782328163273949,-0.34851806572587574,32.61904761904762,420
252,-0.4,13,13,5,-0.18898331984678274,-0.035184328690001876,-12.784221752986832,-0.1991314284906488,29.856115107913666,278
1000,-0.5,26,6,5,-0.2596492721035395,-0.0501081082443392,-12.784654789009446,-0.26985430109090824,38.53820598006645,301
252,-0.5,13,8,10,-0.27011408482874044,-0.05241759893002951,-12.786775591878657,-0.2867028302856214,34.78260869565217,368
1000,-0.5,6,13,10,-0.1029109677864185,-0.018398957341801747,-12.791974542028061,-0.10731722793168019,35.13513513513514,148
500,-0.7,20,8,10,-0.13893409793714095,-0.025254126192634674,-12.792282924551863,-0.14875937052240318,33.87978142076503,183
1000,-0.2,10,6,20,-0.3569203365164455,-0.07271376018408693,-12.797184393749694,-0.3624078828406867,32.631578947368425,475
500,-0.1,6,13,5,-0.2355871824852459,-0.044898759807826094,-12.799812838990285,-0.23872302881883978,35.33123028391167,317
1000,-0.4,6,13,10,-0.12077665589875441,-0.021769674437310815,-12.811617632150753,-0.13142659758873787,30.813953488372093,172
1000,-0.4,40,4,20,-0.400400977506596,-0.0837482003858927,-12.812356238580923,-0.4192931141387187,34.608030592734224,523
500,-0.1,3,6,20,-0.4435393915476141,-0.0953720498083569,-12.816366223702957,-0.45785821554979356,32.093023255813954,645
500,-0.6,10,6,5,-0.31515764538808133,-0.06268308072503659,-12.818572631646415,-0.3244519238787188,33.65384615384615,312
252,-0.6,3,6,20,-0.28575152752629795,-0.05592033271886521,-12.826255305446534,-0.29864657949528617,35.0828729281768,362
252,-0.4,3,20,5,-0.12388242932163918,-0.02236142332628921,-12.832974959632256,-0.14031299881626447,32.804232804232804,189
252,-0.4,52,6,10,-0.40542015643457996,-0.0850642963937388,-12.833460117200662,-0.4244849014530292,35.53113553113553,546
252,-0.4,20,8,10,-0.2965298201763482,-0.058371830040963135,-12.845008393320546,-0.31809904062461547,35.476190476190474,420
500,-0.8,52,6,20,-0.09695302654930105,-0.017287245377240357,-12.851300740929116,-0.10119580244809245,30.53435114503817,131
1000,-0.1,26,6,10,-0.38643420761285263,-0.08013339884640891,-12.851887657681296,-0.39567317141629266,36.58536585365854,533
500,-0.3,40,8,5,-0.3119670718940223,-0.06193780585580411,-12.852322385265397,-0.3198072151456166,34.96143958868895,389
500,-0.4,20,8,5,-0.2823153270611104,-0.05514522435809266,-12.855498704818034,-0.29031246120765253,36.93181818181818,352
500,-0.5,13,4,10,-0.5049532136617509,-0.1132823242685741,-12.868109333933969,-0.5113623511695389,34.43478260869565,575
1000,-0.2,40,6,10,-0.35997236378514563,-0.07346777938943783,-12.87680781576786,-0.36742230675619814,35.1578947368421,475
500,-0.6,20,6,10,-0.258208936082731,-0.049792361029510124,-12.876834274210411,-0.2714865330240289,34.61538461538461,312
1000,-0.3,40,6,10,-0.3120610524196591,-0.061959717443444084,-12.880686669517198,-0.3132153637816517,36.04938271604938,405
1000,-0.7,3,8,5,-0.1452881539530313,-0.026487876799002552,-12.883225697710948,-0.14935506447835367,32.62411347517731,141
500,-0.6,52,4,20,-0.3746663572758553,-0.07714028265539585,-12.885066043735238,-0.38050788455604256,35.010940919037196,457
500,-0.4,3,4,20,-0.5352036241007159,-0.1227914378808036,-12.887786289712182,-0.5452469510600024,31.79791976225854,673
500,-0.1,26,8,10,-0.3335683783134453,-0.06704069198421136,-12.89211560113921,-0.3425371898701216,33.198380566801625,494
1000,-0.8,52,4,10,-0.12437294647897901,-0.02245504144896726,-12.897445423640779,-0.13260057085948684,36.440677966101696,118
500,-0.5,6,6,10,-0.37880268691392593,-0.07818698193752316,-12.897740956936596,-0.3888336644590351,33.33333333333333,396
1000,-0.3,6,8,20,-0.2409192799307276,-0.046041290105996,-12.902230846013815,-0.24692373012008928,35.59870550161812,309
1000,-0.4,26,6,5,-0.31686978888406103,-0.06308420180308139,-12.90237724185989,-0.3228899311393645,33.994334277620396,353
500,-0.8,3,8,10,-0.0969329273498003,-0.01728350530507594,-12.903422573566365,-0.10386494594199858,32.075471698113205,106
252,-0.1,52,8,10,-0.3808447730114546,-0.07870586423021031,-12.910809367631165,-0.39241558264884613,36.241610738255034,596
500,-0.7,3,20,5,-0.05019618221558586,-0.008767663015845306,-12.914048666599152,-0.056087577682329304,34.523809523809526,84
252,-0.2,20,6,20,-0.44016898366973545,-0.09443746368076844,-12.923485540419652,-0.45061166687708754,34.55571227080395,709
500,-0.7,10,6,10,-0.2096819446282594,-0.039440188000416154,-12.926489494639076,-0.21209193713989416,32.76595744680851,235
1000,-0.4,3,13,10,-0.1341226289054921,-0.024324907266571993,-12.928695421868873,-0.13442592913015083,30.813953488372093,172
252,-0.5,6,8,20,-0.2659108926974201,-0.05148671408421701,-12.93889809888877,-0.27909476495633423,33.42391304347826,368
500,-0.2,40,8,10,-0.30689414574034235,-0.060758716885840336,-12.942110845789136,-0.3165191339782988,35.06787330316742,442
1000,-0.8,52,8,5,-0.06133628487701315,-0.01076541297560829,-12.945874798231978,-0.06591925909159024,38.80597014925373,67
1000,-0.1,13,13,5,-0.17769143400030463,-0.03290042615318822,-12.948960467995558,-0.187955406004212,35.177865612648226,253
1000,-0.4,52,4,20,-0.40658830660321676,-0.08537192165511076,-12.955010831761445,-0.4148356678496249,35.5640535372849,523
252,-0.1,6,13,5,-0.26330179892104844,-0.05091109603068189,-12.957061188184896,-0.27111866976749943,33.06878306878307,378
252,-0.8,52,4,20,-0.1677503244442452,-0.03091115278320633,-12.976062343341003,-0.17919804308549903,34.78260869565217,184
1000,-0.8,40,4,10,-0.12081270872399807,-0.021776533702173695,-12.978988048740332,-0.13090858268401373,37.28813559322034,118
252,-0.6,52,8,10,-0.20231247286208176,-0.03791446561441669,-12.979571528482378,-0.2281918541765079,36.140350877192986,285
500,-0.3,3,6,10,-0.42986326783565887,-0.0916084237461482,-12.985536136067935,-0.438043700581744,33.33333333333333,510
1000,-0.1,3,26,5,-0.08166859109155855,-0.014462831473845195,-12.985595203573839,-0.09643678331921135,29.00763358778626,131
500,-0.7,3,8,10,-0.17237296504338118,-0.03183370548745457,-12.990201331371953,-0.17247734982280472,30.601092896174865,183
500,-0.6,40,8,10,-0.19813941426828663,-0.03705568036421292,-12.991029911854447,-0.20340114194508752,34.29752066115703,242
1000,-0.3,13,13,5,-0.14841141737726193,-0.02709710221058126,-12.995304561775113,-0.15697474693440783,34.69387755102041,196
1000,-0.6,52,6,5,-0.23693058572934345,-0.04518599219428476,-12.999710250720865,-0.2331366798609732,35.7429718875502,249
500,-0.3,3,8,10,-0.3172152996823808,-0.06316524913775867,-13.000972452355862,-0.33048594062885994,33.41902313624679,389
1000,-0.4,13,8,10,-0.22773230708157755,-0.04322764017372027,-13.002225107363753,-0.2329371727617756,34.074074074074076,270
500,-0.7,10,13,5,-0.09448878861899335,-0.01682921194695275,-13.00736451143051,-0.10016627588711624,36.36363636363637,121
1000,-0.7,13,6,20,-0.15049436220653123,-0.027504432920145816,-13.012123572367402,-0.1594955064536433,37.01657458563536,181
500,-0.7,6,6,20,-0.2052028410090817,-0.038511468252473646,-13.022698579820824,-0.20644635609418005,28.085106382978726,235
252,-0.5,20,6,20,-0.3204592722408547,-0.06392785874081908,-13.0255054570747,-0.34106551645530525,35.517970401691336,473
252,-0.2,10,6,20,-0.45580084670878707,-0.09881213181000381,-13.026835002331651,-0.46481391758626955,34.132581100141046,709
252,-0.4,6,13,5,-0.20704968018058867,-0.0388938741163144,-13.030508095003256,-0.22043183129302724,31.654676258992804,278
252,-0.1,13,8,10,-0.3902969022920003,-0.08112623878095482,-13.044474992444114,-0.4026935181521184,35.06711409395973,596
252,-0.4,13,8,10,-0.3100763577198218,-0.06149751148861993,-13.047784951168255,-0.32844024868494914,33.33333333333333,420
1000,-0.1,3,6,20,-0.42011569211629873,-0.08897134606241097,-13.048661702061874,-0.42686012583786215,33.771106941838646,533
500,-0.7,6,13,10,-0.08392455229629026,-0.01487724777933297,-13.050466816161306,-0.0912979869427133,27.27272727272727,121
1000,-0.5,52,4,20,-0.3436191665734283,-0.06946187565632367,-13.069724621528518,-0.3490347477459719,34.77272727272727,440
500,-0.7,13,13,5,-0.09349958825361782,-0.0166456376759736,-13.07329884514893,-0.11039929515840374,32.231404958677686,121
252,-0.3,10,13,5,-0.21291825281815047,-0.040113939475609484,-13.077365415083491,-0.21774913369930027,35.46325878594249,313
500,-0.1,26,6,20,-0.4157406206097717,-0.0877996613931733,-13.079954177497259,-0.4229066515668851,34.418604651162795,645
1000,-0.7,40,6,5,-0.186966368336292,-0.03477445338283336,-13.08927212292785,-0.19876543944953717,33.70165745856354,181
500,-0.6,6,6,20,-0.2842672926225942,-0.05558515343105486,-13.099242751141016,-0.2860260105017626,31.08974358974359,312
500,-0.6,40,4,20,-0.3762270372127102,-0.07753453696196988,-13.099913704708005,-0.38176043408197935,34.79212253829322,457
500,-0.7,40,6,10,-0.2079110862313429,-0.039072489106099284,-13.100316337466063,-0.21118147360642547,33.191489361702125,235
500,-0.3,13,13,5,-0.1831860412691736,-0.03400849848079257,-13.100710774682412,-0.18848769428533763,33.46774193548387,248
252,-0.3,52,8,10,-0.3453211386053593,-0.06987491073493945,-13.110534353934664,-0.3589710072935156,35.81780538302277,483
1000,-0.1,10,8,10,-0.3108851512982297,-0.06168573427687152,-13.115387776816824,-0.31893792969307677,33.08457711442786,402
252,-0.8,26,4,20,-0.16106310284416692,-0.029584055192227954,-13.116532065213988,-0.16902043757352714,35.869565217391305,184
1000,-0.5,10,13,5,-0.10426261455915486,-0.018652017075569738,-13.1206746044511,-0.10685544920330903,38.513513513513516,148
252,-0.5,52,8,10,-0.271468011729293,-0.052718400689580114,-13.121845054109949,-0.2906158742947824,33.96739130434783,368
500,-0.8,3,13,5,-0.057495156276320736,-0.010074375421277426,-13.124382568374877,-0.060768679590470054,36.986301369863014,73
1000,-0.2,6,8,20,-0.26646503367723107,-0.05160918693095373,-13.125369778562828,-0.2676999540018151,32.86908077994429,359
252,-0.2,13,8,10,-0.3765340966786278,-0.07761220166170546,-13.128049349318573,-0.38317398031093797,33.210332103321036,542
252,-0.3,6,6,20,-0.43253444320889145,-0.09233759652791906,-13.140484299413323,-0.4428956569847321,32.1656050955414,628
1000,-0.5,26,13,5,-0.10584011363063883,-0.018947762255803524,-13.144691765783156,-0.1117794792688468,34.45945945945946,148
500,-0.5,20,8,5,-0.25682212416558936,-0.04948882715401359,-13.152028968852425,-0.27157188242522645,32.01320132013201,303
1000,-0.4,26,6,10,-0.2908145309693174,-0.05706805346692756,-13.155717203258096,-0.29577711359106384,36.26062322946176,353
1000,-0.5,3,13,20,-0.09993679816695655,-0.017843234622762272,-13.163705349920834,-0.11117490517908057,33.108108108108105,148
252,-0.1,40,8,10,-0.38647008743325817,-0.0801425972714962,-13.166354952149367,-0.39022836501685365,36.40939597315436,596
252,-0.6,3,8,20,-0.2198739256058998,-0.04156981586198971,-13.169328436704905,-0.22886785959039513,28.421052631578945,285
500,-0.7,13,8,10,-0.15958220338709617,-0.029291353226848504,-13.18658799318526,-0.16390977146786,28.96174863387978,183
1000,-0.5,20,6,20,-0.23331715987149526,-0.044414356984010306,-13.191709354992055,-0.24896143335512444,34.21926910299003,301
1000,-0.6,40,8,5,-0.16531178634000776,-0.030426197552127165,-13.193579572456011,-0.16162335315933052,34.89583333333333,192
500,-0.1,10,8,20,-0.3384899505960497,-0.06822246298080514,-13.194530379151226,-0.3476826598467617,33.40080971659919,494
1000,-0.1,13,8,10,-0.3043188343067569,-0.06016287851417701,-13.19722623247171,-0.31373755874863685,33.582089552238806,402
500,-0.4,10,4,20,-0.5269440711907533,-0.12014531895113811,-13.199856424622249,-0.5369654909550163,32.68945022288261,673
252,-0.7,10,20,5,-0.061082796858426214,-0.010719737080508995,-13.200605813945783,-0.06673870801810189,35.92233009708738,103
252,-0.4,40,6,10,-0.40462056767227805,-0.08485401826792771,-13.203433948876135,-0.41888524104529146,34.24908424908425,546
1000,-0.4,20,8,5,-0.22292773781861075,-0.04221240411005134,-13.214725266911017,-0.23462148345446399,35.92592592592593,270
500,-0.5,10,6,5,-0.4035226902083351,-0.08456567640901147,-13.2201953447702,-0.41102667820805794,34.5959595959596,396
252,-0.5,40,8,10,-0.27463261406392847,-0.05342329161556503,-13.221999749509312,-0.28983972329659,35.05434782608695,368
500,-0.5,3,6,20,-0.34131482787722056,-0.06890407055222503,-13.222817280220168,-0.34494034659028483,32.323232323232325,396
252,-0.5,40,13,5,-0.17961223588625275,-0.03328708576930017,-13.232964476352343,-0.1961255087612499,33.60655737704918,244
1000,-0.3,10,6,20,-0.32372749868473927,-0.06469922813701978,-13.240832779738813,-0.3258625282237063,31.11111111111111,405
252,-0.8,3,8,10,-0.09049020498480509,-0.016088180249509976,-13.250039124616553,-0.10737612066426405,29.357798165137616,109
1000,-0.3,40,6,20,-0.2924149606555321,-0.057432264174518965,-13.251892611775753,-0.30521862260665944,35.30864197530864,405
1000,-0.8,26,4,5,-0.12810409445159565,-0.023168579938236733,-13.25279012305959,-0.14936948035675424,34.74576271186441,118
1000,-0.7,26,4,10,-0.25347679202850837,-0.04875855655481853,-13.25430615430555,-0.261861363679586,36.39846743295019,261
500,-0.5,13,8,5,-0.2885399957782797,-0.056551606719429603,-13.265456069208847,-0.2949400467203649,36.303630363036305,303
500,-0.4,20,4,20,-0.5049014268580811,-0.11326646334864954,-13.266463862643064,-0.5195817000607815,33.7295690936107,673
500,-0.2,26,8,10,-0.30619924441963464,-0.06059776009288931,-13.266631808787269,-0.31339437268608306,35.74660633484163,442
1000,-0.4,40,8,5,-0.23545633507898334,-0.044870805758252086,-13.267679953078984,-0.24591389891944282,33.7037037037037,270
500,-0.1,10,6,20,-0.43838248252834267,-0.09394397176124758,-13.26856372817301,-0.4466348761319149,34.26356589147287,645
1000,-0.3,10,8,20,-0.24117445096527235,-0.04609613326837403,-13.274223272022473,-0.24499756364512504,33.33333333333333,309
500,-0.5,6,8,5,-0.3118110853388696,-0.0619014430199879,-13.275104094972635,-0.3157147021867226,31.353135313531354,303
1000,-0.8,3,13,5,-0.037206373120189706,-0.006462589463948398,-13.278355096396226,-0.03947800142069213,28.26086956521739,46
500,-0.5,6,4,20,-0.5033542055564231,-0.11279322381815327,-13.28046071412651,-0.5115654170725491,31.82608695652174,575
1000,-0.2,3,8,20,-0.2670307285377531,-0.05173429248667272,-13.29178866665958,-0.2728265598611056,29.526462395543174,359
500,-0.8,3,13,10,-0.051469758178418146,-0.008995066382988637,-13.294936633444342,-0.05690733269821435,32.87671232876712,73
252,-0.8,6,4,20,-0.17803784539587386,-0.03297010378338794,-13.297982588245143,-0.18673203164453245,32.065217391304344,184
252,-0.4,40,4,20,-0.5373715123862054,-0.12349242043137998,-13.313271493128196,-0.5485951581212525,35.175879396984925,796
1000,-0.8,3,13,10,-0.0320960354250861,-0.005562809875474861,-13.315007586651804,-0.03868032484929884,34.78260869565217,46
1000,-0.3,20,6,20,-0.30279865692731267,-0.05981201955336923,-13.317515439926268,-0.31162824559321944,32.839506172839506,405
252,-0.4,26,13,5,-0.1936409554927967,-0.03613406987348622,-13.317847379570775,-0.20558764288750164,33.45323741007194,278
500,-0.8,10,8,5,-0.1077508530256891,-0.01930656222131688,-13.318589758036431,-0.10997975930483672,37.735849056603776,106
1000,-0.4,20,6,10,-0.30295754598941915,-0.059848661664369085,-13.32140819604744,-0.3110015233388532,32.01133144475921,353
500,-0.7,13,6,10,-0.20461722545278893,-0.038390364727262094,-13.322000558869162,-0.21031009770874887,31.48936170212766,235
500,-0.3,52,4,20,-0.5233220467595443,-0.1189969942118354,-13.32725283851555,-0.5290155030533756,33.6,750
500,-0.5,52,6,10,-0.3428322634665386,-0.06927120985271229,-13.334835063881437,-0.3473256518809781,35.35353535353536,396
500,-0.3,6,8,10,-0.3222484238033301,-0.06434975376255225,-13.337985059551443,-0.32795819360952827,34.96143958868895,389
1000,-0.5,26,6,10,-0.2414901343893503,-0.04616400334212656,-13.340698148217712,-0.24923713196016228,36.544850498338874,301
1000,-0.5,20,8,5,-0.20600122266047782,-0.038676690386294954,-13.347664166022158,-0.216082906316578,32.03463203463203,231
1000,-0.1,10,6,20,-0.3887050744688101,-0.08071645664670535,-13.348134052843422,-0.39552662733761845,32.4577861163227,533
1000,-0.6,26,6,5,-0.2312884870524501,-0.04398246112736082,-13.356214631535815,-0.22679131797098318,36.54618473895582,249
500,-0.4,13,6,10,-0.380260131383208,-0.07855716539791413,-13.366898344665865,-0.38888010627541114,33.69330453563715,463
1000,-0.6,13,8,10,-0.16180225674271398,-0.029730310332036103,-13.366978645322096,-0.1626384267509453,31.770833333333332,192
252,-0.8,13,8,5,-0.09434952504306893,-0.0168033575763733,-13.367180653684985,-0.09750431950925809,34.862385321100916,109
1000,-0.8,3,20,10,-0.019316712263925062,-0.0033298666235102026,-13.36773050589788,-0.022160085314978595,37.5,32
500,-0.1,20,6,20,-0.42532540338737224,-0.09037615240538699,-13.36826955232968,-0.4329716390038112,33.02325581395349,645
1000,-0.4,10,6,20,-0.2999370872807364,-0.059153282422915066,-13.384780796429117,-0.3025603966224405,30.878186968838527,353
500,-0.3,6,6,20,-0.4015146986253424,-0.0840394423658063,-13.385261389791106,-0.40665091361563477,30.784313725490197,510
1000,-0.3,13,6,20,-0.32215086066708454,-0.06432672387503124,-13.395106655767972,-0.3337082427709962,32.098765432098766,405
1000,-0.1,52,6,10,-0.3934886945405637,-0.0819505769571437,-13.400160021810873,-0.39424580470449744,35.27204502814259,533
1000,-0.8,6,40,5,-0.010699700400019219,-0.0018377864832230806,-13.413348656062624,-0.012638364518422152,34.78260869565217,23
500,-0.5,20,6,10,-0.33597292979758353,-0.06761716717551247,-13.413512656245295,-0.35096758323584365,33.33333333333333,396
1000,-0.7,3,8,10,-0.13111562454691839,-0.02374634836651568,-13.413603524984877,-0.13673098056745792,31.914893617021278,141
252,-0.6,20,8,10,-0.21101128735046293,-0.03971666018562603,-13.418043303271718,-0.22605592920658013,37.54385964912281,285
252,-0.2,52,6,20,-0.44372288297349294,-0.09542306502026943,-13.42217851720642,-0.45324248487793894,33.70944992947813,709
252,-0.1,6,8,10,-0.4190195045703601,-0.08867709063293228,-13.433424560904115,-0.422721112824334,32.04697986577181,596
252,-0.8,20,4,20,-0.17163254453485743,-0.03168565095177234,-13.434446511791416,-0.1771952181115365,34.23913043478261,184
500,-0.7,52,4,20,-0.2811070826577379,-0.054873410057074135,-13.434679402671764,-0.28742994732224425,33.532934131736525,334
500,-0.2,20,8,10,-0.3077751143610352,-0.06096296400842416,-13.435368693350165,-0.31653824261317665,34.16289592760181,442
252,-0.8,40,6,10,-0.1181108471727802,-0.021263133290183034,-13.438884166596202,-0.11979246222315165,34.58646616541353,133
1000,-0.5,13,8,20,-0.18554073290965278,-0.03448525069734243,-13.452490093189983,-0.19302404525850614,34.1991341991342,231
1000,-0.7,52,6,10,-0.16226300806512572,-0.029821532527285144,-13.453215769941307,-0.16672149420209037,38.67403314917127,181
252,-0.7,6,8,20,-0.1623180525985789,-0.02983243334150909,-13.458366915198322,-0.1713301246921689,28.855721393034827,201
1000,-0.5,20,8,10,-0.18689455234693486,-0.034759874826454595,-13.463565547351962,-0.1948110569218755,32.467532467532465,231
252,-0.5,26,8,10,-0.2646091670751016,-0.05119931585867887,-13.468211656688652,-0.2820716924857849,35.05434782608695,368
1000,-0.3,26,6,20,-0.3040265401909784,-0.06009536732219234,-13.468721043442343,-0.31512397312562,34.81481481481482,405
252,-0.5,10,6,20,-0.3424078186683269,-0.06916844588367455,-13.471729059746794,-0.358598607629391,32.98097251585624,473
500,-0.5,10,4,20,-0.48701034225753725,-0.10786744718952179,-13.485935067725949,-0.49420688465068574,32.869565217391305,575
500,-0.3,40,4,20,-0.532947728282489,-0.12206487009680811,-13.494747038071845,-0.53682841504644,35.333333333333336,750
252,-0.7,20,13,10,-0.09461989264832293,-0.016853554505050994,-13.507782884665634,-0.1074489568047694,34.24657534246575,146
252,-0.5,3,13,5,-0.17868485128315714,-0.0331003085943693,-13.517468708914999,-0.1893647349868719,33.60655737704918,244
500,-0.1,20,8,20,-0.3218882109611728,-0.06426473877146965,-13.517723153306806,-0.3405067310807237,34.0080971659919,494
252,-0.4,6,6,20,-0.41450065154249593,-0.08746890926781181,-13.530276854104677,-0.42927122852520205,31.135531135531135,546
252,-0.7,13,6,20,-0.1967268315596774,-0.03676582037342391,-13.530391428919932,-0.20390136120925306,38.4,250
252,-0.1,3,6,20,-0.5052184782102827,-0.113363589315148,-13.537044315320413,-0.5106555323884809,34.96774193548387,775
1000,-0.6,10,8,10,-0.16281117617006624,-0.029930116193364498,-13.542903487439933,-0.1633400282303642,29.6875,192
500,-0.6,26,4,20,-0.3864593718867716,-0.08013985010536773,-13.544285508451072,-0.39488390496806647,32.822757111597376,457
1000,-0.6,40,6,20,-0.20311952282742995,-0.038080980278498267,-13.545204529383689,-0.20688914943628556,36.54618473895582,249
1000,-0.3,52,6,10,-0.3258223657491749,-0.06519528713808698,-13.546511656545205,-0.32504613089544476,33.58024691358025,405
252,-0.6,13,6,20,-0.2751456916172663,-0.05353781578425898,-13.549101913393047,-0.28529089468539004,33.97790055248619,362
252,-0.4,40,13,5,-0.19970518911986646,-0.03737747024838378,-13.549192092225624,-0.2089215579939946,36.69064748201439,278
500,-0.6,10,6,10,-0.28273018960166263,-0.05523864195116657,-13.550549939170095,-0.28876619713347373,34.294871794871796,312
1000,-0.2,10,20,5,-0.10788127617039478,-0.019331076385286527,-13.558108707854732,-0.11511387652456662,33.55263157894737,152
500,-0.5,40,8,5,-0.2709414131240446,-0.052601351320999634,-13.560253863008953,-0.27956854387283947,33.993399339933994,303
252,-0.2,13,13,5,-0.23575352380327752,-0.04493430245243302,-13.5606665767575,-0.23716270978477372,35.24355300859599,349
500,-0.6,3,6,20,-0.2859821756554495,-0.055972470959909315,-13.564098606461277,-0.2903469423855385,32.371794871794876,312
1000,-0.1,6,8,10,-0.3221647060773294,-0.06432999193230082,-13.567969927255106,-0.32693558563158653,31.094527363184078,402
500,-0.8,10,13,10,-0.054600152136855096,-0.009555091488014256,-13.572847434079673,-0.06331897462611336,31.506849315068493,73
500,-0.6,13,6,10,-0.280140294787777,-0.05465618796780769,-13.575469667688374,-0.2829562978553477,34.61538461538461,312
252,-0.4,52,8,10,-0.30847209646725793,-0.06112470773467704,-13.583697977866906,-0.32287051095215047,33.33333333333333,420
1000,-0.2,40,6,20,-0.34279467329498103,-0.06926210653077547,-13.584623298154906,-0.3530460152072674,34.10526315789474,475
500,-0.6,6,8,10,-0.23778677891852473,-0.045369273240945085,-13.585005405767644,-0.24137412542254455,29.75206611570248,242
252,-0.4,40,8,10,-0.31398452382526754,-0.06240872142421028,-13.598535515052482,-0.3254430306306262,34.04761904761905,420
1000,-0.2,26,6,20,-0.35016639362659974,-0.0710556525185867,-13.613322233707695,-0.36105604393998436,34.526315789473685,475
500,-0.2,3,8,10,-0.33005778682360953,-0.06620213977874378,-13.61332260687768,-0.3383885851058357,32.80542986425339,442
1000,-0.3,20,8,10,-0.24082107561605293,-0.04602018741331848,-13.620699063557739,-0.2493507884037235,33.33333333333333,309
1000,-0.7,3,8,20,-0.11790647411157051,-0.021224351945884568,-13.628118222805083,-0.12405470446814626,29.78723404255319,141
500,-0.4,13,4,20,-0.5115839303556082,-0.11532459267878814,-13.644097954987679,-0.5207824541798131,33.7295690936107,673
500,-0.7,3,6,10,-0.23411031016173545,-0.04458347296325016,-13.650660328471877,-0.24178488949393906,32.76595744680851,235
500,-0.2,10,13,5,-0.19639080683531918,-0.036696930792530114,-13.659432486845768,-0.19848221074946792,34.64285714285714,280
252,-0.8,52,6,10,-0.1209659506181946,-0.021805691488009593,-13.660220235776773,-0.12779298629564706,31.57894736842105,133
252,-0.7,52,6,20,-0.18330546581390972,-0.03403265081149631,-13.665658215862454,-0.19211360426230717,35.199999999999996,250
500,-0.4,26,4,20,-0.500115460911154,-0.11180655156271802,-13.672324123871805,-0.5137634499654858,34.02674591381872,673
252,-0.6,20,13,5,-0.1409928426166871,-0.025653038374332193,-13.673343557539685,-0.15274097112857032,36.597938144329895,194
252,-0.1,6,6,20,-0.5114671049734565,-0.11528841196399786,-13.68598220586488,-0.5162525082283447,34.45161290322581,775
1000,-0.2,20,6,20,-0.3473411778801332,-0.0703662912908114,-13.688259180501754,-0.35490914280363983,31.789473684210527,475
1000,-0.4,10,8,20,-0.21538618448765834,-0.0406292714769092,-13.688948702360799,-0.22547026665825498,32.592592592592595,270
252,-0.5,13,20,5,-0.1088657039633536,-0.01951620405389165,-13.689671342754734,-0.1205990418976094,33.91812865497076,171
252,-0.6,26,6,20,-0.2609093604925192,-0.05038475989029978,-13.695373843123745,-0.2740507659321769,33.97790055248619,362
252,-0.4,10,8,10,-0.32538781899318214,-0.0650922826755489,-13.700773477204505,-0.3410410843758698,33.095238095238095,420
1000,-0.4,13,13,5,-0.12960696439930997,-0.023456701568516425,-13.715743031132128,-0.13248490177858874,33.13953488372093,172
252,-0.7,3,13,10,-0.09921411653098089,-0.01770843169975478,-13.717422816878901,-0.1085007554288333,34.93150684931507,146
252,-0.1,20,6,20,-0.4872634075474209,-0.10794271879118245,-13.718364709370793,-0.4965194402057108,34.193548387096776,775
252,-0.8,3,6,10,-0.14734231429168143,-0.026888354200375386,-13.72182304455457,-0.15548159102285686,33.08270676691729,133
252,-0.5,3,20,5,-0.10879080501783478,-0.019502112891738643,-13.727343360939004,-0.12176324557063034,29.239766081871345,171
1000,-0.7,20,4,20,-0.23751362671489817,-0.04531078236657171,-13.734010980861648,-0.24756871556836701,35.63218390804598,261
1000,-0.2,52,8,5,-0.3023321085604187,-0.05970446675853314,-13.751321101115956,-0.3074129656743756,35.65459610027855,359
252,-0.6,10,26,5,-0.07080849857958749,-0.0124795822854048,-13.755767395230611,-0.07656125302649164,29.66101694915254,118
500,-0.2,26,13,5,-0.20473892673598026,-0.03841552609843801,-13.75807103046548,-0.20671482159090449,32.5,280
500,-0.3,13,6,10,-0.4077245549815627,-0.0856716277930637,-13.762595286578732,-0.4176790662476574,35.09803921568627,510
1000,-0.3,10,13,10,-0.14475267899278077,-0.026383612162487746,-13.764797991469122,-0.15708393569401202,29.081632653061224,196
252,-0.6,3,13,5,-0.14696790115360348,-0.026815299362450307,-13.768118957704456,-0.15125595173090345,34.5360824742268,194
500,-0.7,40,8,10,-0.1603265263038135,-0.029438416258244726,-13.773376701207562,-0.16081821813482322,32.78688524590164,183
1000,-0.6,13,6,10,-0.23641506889988906,-0.04507572026397044,-13.776983576319502,-0.23631636523259958,31.72690763052209,249
252,-0.3,20,6,20,-0.41609527610466013,-0.08789437001232103,-13.785428124654807,-0.4309159910954109,33.917197452229296,628
1000,-0.4,13,6,20,-0.2957926417737996,-0.05820317211033943,-13.791012725932736,-0.2953614371672042,31.728045325779036,353
1000,-0.3,13,8,20,-0.2363132766776348,-0.04505395363561604,-13.812804281343483,-0.24248526118584346,34.3042071197411,309
252,-0.8,10,6,5,-0.143415320014183,-0.026123445400700218,-13.821554874519254,-0.14376831749946895,35.338345864661655,133
500,-0.7,40,4,20,-0.3011671334127016,-0.05943616662847795,-13.823420543020665,-0.3033822319717989,32.93413173652694,334
1000,-0.6,3,13,10,-0.09776924112708896,-0.01743918545356049,-13.829106304083394,-0.09952054248446507,31.40495867768595,121
500,-0.1,10,13,5,-0.23268373417974442,-0.04427940171473732,-13.829645495039346,-0.23516816501753823,35.646687697160885,317
500,-0.5,6,6,20,-0.3625648502186971,-0.0741106115978275,-13.837967798591663,-0.36958793123511013,32.07070707070707,396
1000,-0.5,13,13,10,-0.1015382922737258,-0.01814228383387262,-13.849626066779047,-0.10728263063900545,37.16216216216216,148
252,-0.1,13,6,20,-0.49477787064474055,-0.11019197689651206,-13.853113395452837,-0.5027323481658148,35.225806451612904,775
500,-0.1,13,13,10,-0.2064579176889697,-0.038771263669344025,-13.855811271299658,-0.21381657069654691,34.06940063091483,317
1000,-0.6,52,6,10,-0.22152599456075728,-0.04191718751785789,-13.859349567421118,-0.21920177856954404,36.94779116465863,249
1000,-0.2,26,8,5,-0.3078096675950829,-0.06097097935262952,-13.859579430992833,-0.31109522743540363,36.211699164345404,359
1000,-0.2,13,13,5,-0.18255353282086428,-0.033880629233681625,-13.863848928212382,-0.18758658151543262,32.467532467532465,231
1000,-0.1,20,6,20,-0.3783291385189056,-0.0780668580366134,-13.867179556301414,-0.38558929779845463,32.08255159474672,533
500,-0.3,40,6,20,-0.3682011617348562,-0.07551570270870134,-13.873745836671194,-0.37618743977628744,33.52941176470588,510
500,-0.4,6,8,10,-0.31457871283348804,-0.0625476364454216,-13.87840655748568,-0.3238306661167617,29.545454545454547,352
500,-0.1,40,6,20,-0.4245171011334591,-0.09015750237186815,-13.88270300493026,-0.4291480599511809,34.418604651162795,645
252,-0.5,13,6,20,-0.34702513959010295,-0.07028933091543721,-13.88274492047998,-0.35996710602185233,34.46088794926004,473
252,-0.8,6,6,20,-0.1333253938444684,-0.02417135419397598,-13.882956982242888,-0.13703198978244757,30.82706766917293,133
500,-0.8,40,40,5,-0.01362820140327603,-0.002343658727443687,-13.894226469820806,-0.019511336571598092,39.39393939393939,33
500,-0.5,20,4,20,-0.4727108317273818,-0.10366339207922881,-13.895929497814278,-0.4841084826397608,33.39130434782609,575
1000,-0.5,26,8,5,-0.21043108363387708,-0.039595943932625555,-13.902301712046437,-0.21508403179244717,34.63203463203463,231
252,-0.3,3,6,20,-0.4421667319447784,-0.09499085779948213,-13.908352166356684,-0.453785243584081,32.961783439490446,628
500,-0.2,10,6,20,-0.4184517419199718,-0.0885248639864109,-13.910347848068778,-0.42531666169546145,33.04347826086956,575
500,-0.1,52,6,20,-0.42584820471149143,-0.09051770874356346,-13.917928444211919,-0.4281608549371635,32.86821705426357,645
1000,-0.4,20,6,20,-0.2866383904120803,-0.056120885372681784,-13.920131702739024,-0.2943908485502459,31.1614730878187,353
1000,-0.7,40,6,10,-0.17387096016283143,-0.0321335808105464,-13.925290370518507,-0.1842529373567725,37.569060773480665,181
1000,-0.6,20,8,10,-0.1589420263199175,-0.029164953637198843,-13.931685538787127,-0.15910568326278984,30.208333333333332,192
500,-0.4,52,8,5,-0.3041949910965074,-0.06013427156905882,-13.935039964605581,-0.3118965367367902,34.090909090909086,352
252,-0.8,26,8,10,-0.08513454876187765,-0.015099870806508209,-13.93860669394555,-0.09874260991652695,31.19266055045872,109
500,-0.8,3,8,20,-0.09332635498901576,-0.016613506404569045,-13.939231401691474,-0.10166475701912092,30.18867924528302,106
252,-0.2,26,6,20,-0.44631456720796425,-0.09614511231305145,-13.939553084566963,-0.44948026712091016,34.41466854724965,709
1000,-0.5,3,20,10,-0.06682332643319433,-0.011756635743954913,-13.943229176498786,-0.06988158712203418,32.67326732673268,101
500,-0.2,6,8,20,-0.3023874635479088,-0.059717224554540094,-13.94388477754097,-0.3095359140420656,33.710407239819006,442
1000,-0.3,20,13,5,-0.1515801373390826,-0.02771709028749403,-13.95213194746802,-0.15884162777188182,35.714285714285715,196
252,-0.6,6,8,20,-0.2377746447690391,-0.04536667455149879,-13.962117494583207,-0.2449663502406565,30.87719298245614,285
1000,-0.5,13,6,20,-0.23256546279255363,-0.04425421349558245,-13.963058266031805,-0.2379935348972868,35.880398671096344,301
500,-0.2,13,6,20,-0.41878875854839726,-0.08861520890252694,-13.97101231829247,-0.427801948564993,32.0,575
500,-0.7,52,13,5,-0.08974780050629538,-0.0159508926018882,-13.974172625851908,-0.09694700261618938,32.231404958677686,121
1000,-0.3,3,26,5,-0.06532616143962122,-0.011485697665412742,-13.975782569986839,-0.07813530020922743,27.358490566037734,106
252,-0.4,10,26,5,-0.09307401815422478,-0.016566712123431526,-13.98265121243601,-0.10208120059497927,33.11258278145696,151
500,-0.6,52,6,20,-0.24984011014506524,-0.0479677568323118,-13.984055191134674,-0.2551678832622083,32.05128205128205,312
1000,-0.3,52,8,10,-0.2543527209622588,-0.04894950521625663,-13.987894830221993,-0.2534264454038675,34.3042071197411,309
252,-0.2,13,6,20,-0.46007900123225753,-0.10002754119837953,-13.991209231940434,-0.4648815086509974,35.54301833568406,709
500,-0.4,40,4,20,-0.5051485357289813,-0.11334215860037822,-14.005882087557863,-0.5131403492397594,32.838038632986624,673
252,-0.7,52,13,10,-0.09849125220545851,-0.0175736843598554,-14.006694229808499,-0.10432675651114531,34.24657534246575,146
500,-0.7,26,8,10,-0.15548846970277774,-0.02848443957061253,-14.013308342576577,-0.15838545252893876,32.78688524590164,183
252,-0.8,26,6,5,-0.13992440855249166,-0.025445914689794735,-14.015533425014187,-0.14416480682194488,34.58646616541353,133
500,-0.8,20,13,5,-0.06155732630902411,-0.01080525068131355,-14.026791776379516,-0.07166549608950035,35.61643835616438,73
252,-0.8,10,8,5,-0.10636173920424541,-0.019045650342926823,-14.049829642449339,-0.10716339622129789,31.19266055045872,109
1000,-0.8,26,4,10,-0.13386520775846622,-0.02427531333774391,-14.049953400580328,-0.15414349153223827,32.20338983050847,118
500,-0.8,40,65,5,-0.007518808262789167,-0.0012897205001509704,-14.053756575920985,-0.010292480245305491,26.08695652173913,23
500,-0.4,3,6,20,-0.39798433945658374,-0.08311778015095383,-14.055032855163132,-0.40658521234129597,32.82937365010799,463
252,-0.1,10,8,10,-0.41194674445115154,-0.08678949997407459,-14.05572487435973,-0.41994645019971744,33.89261744966443,596
252,-0.3,26,8,10,-0.34150550664611234,-0.06895016620549832,-14.05766015290179,-0.3529158176207823,35.81780538302277,483
500,-0.2,6,13,5,-0.21809148951907842,-0.04119571586188653,-14.059957769954169,-0.21990528058172265,35.35714285714286,280
1000,-0.3,40,8,10,-0.24466640783618587,-0.046848189725709144,-14.062928154003552,-0.24635974556395357,35.92233009708738,309
500,-0.2,20,6,20,-0.40175149935826615,-0.08410142450202485,-14.064092673034466,-0.41267617073424767,33.73913043478261,575
252,-0.4,26,8,10,-0.3091605296462274,-0.06128460029338845,-14.06459479117794,-0.3239662331044919,35.0,420
500,-0.3,20,13,5,-0.20017213837653836,-0.03747353625644134,-14.067381672616694,-0.20694394283073747,34.274193548387096,248
500,-0.5,13,6,10,-0.368269899029141,-0.07553290244193045,-14.06916483682325,-0.37848030997459836,31.565656565656564,396
1000,-0.8,26,8,5,-0.05727991388619813,-0.010035721402724795,-14.08085956583466,-0.0660795872142319,35.82089552238806,67
500,-0.2,10,20,5,-0.11219862976060746,-0.0201442424193361,-14.082349140868908,-0.11381813033604637,38.34196891191709,193
1000,-0.2,6,13,5,-0.20193941523595138,-0.0378375416586878,-14.104686110807528,-0.20425461955064417,34.1991341991342,231
252,-0.7,6,13,10,-0.101618029712773,-0.018157184861549713,-14.106836082638402,-0.11755313401551382,28.767123287671232,146
500,-0.6,3,8,10,-0.25504793005552395,-0.0491011901549927,-14.119570292373249,-0.25579695985915174,32.231404958677686,242
252,-0.1,52,6,20,-0.4893772950778421,-0.10857267836074991,-14.122119088002016,-0.49897572557154946,32.774193548387096,775
1000,-0.2,52,6,20,-0.34624122973612226,-0.07009856953991855,-14.134465564270803,-0.3488557925448742,33.05263157894737,475
252,-0.6,52,6,20,-0.26945010045923845,-0.05227025062877377,-14.139451857702053,-0.2810911508100925,34.25414364640884,362
500,-0.4,52,4,20,-0.5178674608381348,-0.11728124974965692,-14.1440132055383,-0.5250886030896222,33.87815750371471,673
252,-0.1,10,6,20,-0.5172092560201338,-0.11707530044956382,-14.148489740830707,-0.5243574624889411,32.516129032258064,775
252,-0.7,40,13,10,-0.09137829114745888,-0.016252529875947053,-14.14892057145036,-0.09830262062809336,32.87671232876712,146
1000,-0.5,52,6,10,-0.2528729693389664,-0.04862703398182644,-14.15459476187702,-0.256639274016192,34.883720930232556,301
252,-0.2,40,6,20,-0.4530176607181323,-0.0980256839778133,-14.161968410416238,-0.4565320378433956,33.85049365303244,709
500,-0.2,3,13,10,-0.2021235011242627,-0.03787549618247954,-14.166475792569033,-0.20661395012096684,31.785714285714285,280
500,-0.4,26,8,5,-0.3036660308188427,-0.0600121328135782,-14.16976000120306,-0.3111190916194566,34.090909090909086,352
1000,-0.1,3,8,20,-0.31942994448881834,-0.06368555284772104,-14.172880541362002,-0.32313346551483624,28.35820895522388,402
1000,-0.8,40,8,10,-0.05847715436955547,-0.010250819152712087,-14.177283831274744,-0.06563190107737704,35.82089552238806,67
500,-0.1,3,8,20,-0.3532793877764019,-0.0718181156225407,-14.186809952880665,-0.3614316149134985,30.5668016194332,494
252,-0.8,20,8,10,-0.0827018435764385,-0.01465253335562966,-14.189117585012816,-0.09487383674158678,33.02752293577982,109
500,-0.5,40,4,20,-0.47307400820312207,-0.10376898942265034,-14.192899976873463,-0.4783016863222649,34.78260869565217,575
1000,-0.1,13,6,20,-0.4040405183964876,-0.08470162172937057,-14.196497509785804,-0.4107043772995276,31.894934333958723,533
1000,-0.1,40,6,20,-0.375130820216906,-0.07725752856088275,-14.199502698458517,-0.3806548885499099,34.33395872420263,533
500,-0.5,40,6,10,-0.3536953992945736,-0.07192023932315927,-14.20073234946874,-0.3608614720022113,34.5959595959596,396
500,-0.5,26,4,20,-0.47136496236067926,-0.10327259153285573,-14.222394531226952,-0.4805748274805369,33.21739130434783,575
252,-0.5,13,13,5,-0.1737477306827746,-0.03210889517713866,-14.224095443720854,-0.18259671587165238,32.78688524590164,244
500,-0.5,10,6,10,-0.37336394802721573,-0.07681189582595382,-14.23333263545933,-0.3816150807095904,34.34343434343434,396
1000,-0.2,40,8,10,-0.2745899039814945,-0.053413761315477926,-14.235520876592927,-0.2788267161750544,35.93314763231198,359
500,-0.5,3,13,5,-0.16517151463636415,-0.030398337277743437,-14.240045817012591,-0.1711785854569643,31.088082901554404,193
1000,-0.1,13,8,20,-0.29100975237726,-0.057112443605182195,-14.242404672979244,-0.29865499222446945,31.343283582089555,402
500,-0.6,10,8,10,-0.22129067134319058,-0.0418676700671351,-14.254691862520813,-0.2227490399568327,33.47107438016529,242
1000,-0.5,40,8,5,-0.2205754650334093,-0.041717250215389856,-14.25773866495667,-0.22761218370555936,34.1991341991342,231
1000,-0.6,26,8,10,-0.1598021703914504,-0.029334802978235097,-14.258877464866599,-0.1597712546356248,32.8125,192
1000,-0.3,3,13,10,-0.15116051645658013,-0.02763487759395633,-14.264143256322143,-0.16258752012783206,29.591836734693878,196
252,-0.2,3,8,20,-0.3905208024748965,-0.08118394823821473,-14.274279420729837,-0.3943892179947843,29.520295202952028,542
1000,-0.5,10,13,10,-0.10299983003478141,-0.018415584712147326,-14.274952468666829,-0.1086107166850584,35.13513513513514,148
252,-0.6,20,6,20,-0.2742246554922294,-0.05333227899758197,-14.276771156995189,-0.2849136675585511,31.767955801104975,362
500,-0.4,3,8,5,-0.3519490430836133,-0.07149190391370364,-14.28096816114591,-0.3553630569442927,31.818181818181817,352
1000,-0.8,10,8,20,-0.046619391503770924,-0.00813035823803021,-14.286725070897406,-0.052648999511424766,31.343283582089555,67
1000,-0.1,52,13,5,-0.18967648866890652,-0.03532538628341009,-14.287479732952931,-0.19628401481201208,35.177865612648226,253
500,-0.8,6,40,5,-0.01755635833222835,-0.0030241713382169744,-14.295196565672144,-0.0221939563751562,30.303030303030305,33
500,-0.4,40,6,20,-0.3528555940795788,-0.07171413751189837,-14.298671838895386,-0.3599193327466519,32.82937365010799,463
1000,-0.6,13,6,20,-0.2260472942264934,-0.04287099157986207,-14.299170290699173,-0.2288237776681341,32.93172690763052,249
1000,-0.5,10,20,5,-0.07293131682099929,-0.012865730722877444,-14.305113609903517,-0.08335995117627693,31.683168316831683,101
1000,-0.2,10,13,5,-0.18733534833934784,-0.034849372700790804,-14.305916451268464,-0.18729960162419812,34.1991341991342,231
500,-0.6,40,26,5,-0.05741690032085345,-0.010060321082954404,-14.308201970722653,-0.058860095547861424,34.065934065934066,91
500,-0.8,52,8,20,-0.0822032229517945,-0.014560966085329863,-14.309218583531704,-0.0885166795449247,29.245283018867923,106
500,-0.2,40,13,5,-0.21346874004945704,-0.040228771232358795,-14.310092994859236,-0.21357243350877453,35.714285714285715,280
1000,-0.7,26,8,5,-0.13152808079644862,-0.023825608174787294,-14.312101979737552,-0.12965925214774887,34.751773049645394,141
500,-0.4,13,13,5,-0.18555400790087684,-0.034487941709726244,-14.316875142857826,-0.19327533116941564,30.94170403587444,223
500,-0.7,10,6,20,-0.1984678117911467,-0.037123127714696724,-14.319549380348993,-0.19758865074386844,29.361702127659573,235
500,-0.5,52,4,20,-0.48070100314733466,-0.10600067869473007,-14.32562103159685,-0.48560911107224414,32.869565217391305,575
1000,-0.6,26,6,10,-0.22129113995707994,-0.04186776866201414,-14.335558713352404,-0.2209969337377714,36.54618473895582,249
1000,-0.5,52,8,5,-0.2040641846011485,-0.038276065398106573,-14.34135495824802,-0.20807707246229112,35.064935064935064,231
252,-0.4,10,20,5,-0.12934607489907235,-0.02340665575852008,-14.343142551246116,-0.14064307410817134,34.39153439153439,189
252,-0.5,10,26,5,-0.08015597824094645,-0.014185439418644363,-14.349673028313626,-0.09178274325682989,31.11111111111111,135
1000,-0.1,3,13,10,-0.19563056811614754,-0.03654115973334238,-14.359349871869133,-0.20328439085115924,31.620553359683797,253
500,-0.8,40,52,5,-0.006908700805704826,-0.0011847657955619262,-14.366183878244245,-0.009605671567034069,34.61538461538461,26
252,-0.3,10,6,20,-0.44085402097329396,-0.09462704043077763,-14.366306526858715,-0.44903884014771533,32.324840764331206,628
1000,-0.4,52,6,10,-0.2990888789979945,-0.058958452667679295,-14.376673210523505,-0.2999528627755139,34.27762039660057,353
1000,-0.8,40,6,5,-0.10995171516314917,-0.019720631890515428,-14.377124246634548,-0.11082823884259085,33.72093023255814,86
252,-0.6,10,8,20,-0.22228093643563085,-0.04207612856419152,-14.382995020915304,-0.2297342798822838,30.526315789473685,285
1000,-0.4,52,8,10,-0.22653806547721478,-0.042974801372872684,-14.384261675717504,-0.23132379367750933,32.96296296296296,270
500,-0.2,40,6,20,-0.4002445554368844,-0.08370733138963515,-14.385610388060057,-0.40258617019256426,33.39130434782609,575
500,-0.3,20,6,20,-0.37880598949511035,-0.07818781996200086,-14.393556634036262,-0.39149937148133085,32.35294117647059,510
500,-0.5,52,8,5,-0.2767915224169707,-0.05390563618667776,-14.394216482665302,-0.27892245118492554,34.32343234323432,303
500,-0.2,26,6,20,-0.4043222591785044,-0.08477562821309392,-14.404817929231005,-0.4109699173377819,34.95652173913044,575
500,-0.3,3,6,20,-0.42219460217254123,-0.08953066774232776,-14.412343598029038,-0.4327998217009943,32.15686274509804,510
500,-0.1,13,6,20,-0.45095575076245653,-0.09744518430818672,-14.413745545747439,-0.46268112294945507,33.95348837209302,645
252,-0.7,40,8,20,-0.14376983172969893,-0.026192378481837864,-14.418283750674334,-0.15196223249449414,31.8407960199005,201
1000,-0.1,6,8,20,-0.3124008712846087,-0.06203896702754774,-14.420236712587009,-0.31574998932442666,28.35820895522388,402
500,-0.8,40,8,20,-0.08425622595682059,-0.0149382469951721,-14.421510085793622,-0.09462777567957392,33.9622641509434,106
500,-0.3,10,6,20,-0.3970628235477257,-0.08287793983261671,-14.423674290056422,-0.40481508920484865,32.549019607843135,510
500,-0.8,40,6,20,-0.11063309520479603,-0.019848998636853854,-14.434323491920034,-0.11886542417714718,32.06106870229007,131
1000,-0.4,40,6,10,-0.3018987347149207,-0.05960461504601522,-14.436150523658773,-0.3037503031677602,35.977337110481585,353
500,-0.7,3,13,5,-0.1059048165067622,-0.018959901804424528,-14.43841002999742,-0.10822871590320238,30.57851239669421,121
500,-0.8,13,6,20,-0.11919103855937085,-0.021468231672844507,-14.441475594335502,-0.12679372784133014,32.06106870229007,131
252,-0.6,6,20,5,-0.10076448273357341,-0.01799773418051831,-14.44786170636767,-0.10837609362214551,31.654676258992804,139
500,-0.1,40,13,5,-0.23252741450443448,-0.04424611104809251,-14.454160074974915,-0.23342514222886368,32.17665615141956,317
500,-0.6,26,13,5,-0.12124489849837905,-0.021858778539881607,-14.458936112102428,-0.13171742053965196,32.075471698113205,159
500,-0.1,20,13,10,-0.2054819467304394,-0.038569212502100436,-14.462082090801449,-0.21045074734093228,32.49211356466877,317
500,-0.6,40,13,5,-0.11542269202008903,-0.020753629749611924,-14.466603212894057,-0.12009710421453024,37.735849056603776,159
252,-0.5,52,20,5,-0.11342844801690988,-0.02037647639335649,-14.485787986557295,-0.12545965841946094,33.33333333333333,171
1000,-0.1,26,8,10,-0.3011244493505064,-0.05942634329972507,-14.509026700779184,-0.3026817550538978,35.32338308457712,402
252,-0.8,40,4,20,-0.17671806929783107,-0.03270477249864967,-14.510743294387398,-0.18408770108205574,35.32608695652174,184
252,-0.3,52,13,10,-0.21371271083710897,-0.04027968490065048,-14.521425072902764,-0.22733917841480167,33.86581469648562,313
252,-0.1,40,6,20,-0.5015475873330926,-0.11224218832267385,-14.524794824751602,-0.5039926334049436,33.5483870967742,775
1000,-0.2,52,8,10,-0.29011397289987506,-0.05690884143593877,-14.530758724293175,-0.29188017153953183,32.86908077994429,359
252,-0.4,3,13,10,-0.20019114315570352,-0.03747744711609946,-14.531474516065384,-0.20630823458898417,30.935251798561154,278
252,-0.8,10,6,20,-0.1279755537501832,-0.023143955967504737,-14.53158407804272,-0.12875608615723366,29.32330827067669,133
500,-0.7,3,8,20,-0.16887894990181862,-0.03113600285700724,-14.533028183029739,-0.16995557305908415,23.497267759562842,183
500,-0.3,26,13,5,-0.20874061644533748,-0.039244646817984896,-14.533311709720257,-0.21030673904632935,32.25806451612903,248
252,-0.6,40,6,20,-0.27166324456179636,-0.05276181376506217,-14.542101510015051,-0.28532536422193044,35.635359116022094,362
500,-0.5,26,6,10,-0.35744517175817425,-0.07284321194700494,-14.545027288872229,-0.36942456778943045,33.83838383838384,396
1000,-0.5,20,13,10,-0.10760515420590655,-0.01927918037400478,-14.546886234746223,-0.11988040276632794,33.108108108108105,148
500,-0.3,10,8,10,-0.31902257520720556,-0.06358974117657812,-14.555338887912603,-0.3244483709666085,33.16195372750643,389
500,-0.8,10,8,10,-0.09615765783461927,-0.017139295286024092,-14.561095589150831,-0.09732594907655445,33.9622641509434,106
500,-0.3,26,6,20,-0.3769202416451465,-0.07770991451994524,-14.564288931598295,-0.3870741315819607,34.31372549019608,510
1000,-0.1,10,8,20,-0.3026207434375118,-0.05977099834943278,-14.565297742631527,-0.30956663986642474,29.1044776119403,402
252,-0.8,3,6,5,-0.1759227294485345,-0.0325450454960452,-14.565545739896105,-0.18484036391261016,33.08270676691729,133
1000,-0.3,26,8,5,-0.2901323942747186,-0.056913026294003966,-14.569989780954316,-0.29355749180190793,36.24595469255664,309
500,-0.5,13,4,20,-0.4917291920685992,-0.10927611303771378,-14.573080703776638,-0.49419929191069945,33.21739130434783,575
500,-0.3,40,13,5,-0.20810346946645686,-0.039112402312576844,-14.57362346860547,-0.20900987378078761,32.66129032258064,248
1000,-0.2,13,8,20,-0.2706140419371871,-0.052528620424254435,-14.575127884188426,-0.27881186740642183,30.64066852367688,359
1000,-0.6,52,4,20,-0.3213200117635233,-0.06413071232402467,-14.578223728864794,-0.32055103593047285,32.240437158469945,366
500,-0.8,26,8,10,-0.0987999643737657,-0.017631219664794195,-14.57929817812259,-0.10883245461471747,32.075471698113205,106
500,-0.1,13,8,20,-0.35324669879674186,-0.07181009334602728,-14.586643483578797,-0.36103209393775293,32.59109311740891,494
252,-0.1,13,20,5,-0.1712460308512126,-0.03160840722653613,-14.587293651254273,-0.178961548595317,32.03125,256
500,-0.2,52,6,20,-0.4061027154455408,-0.08524398325460725,-14.58941948359932,-0.4117744031727334,33.21739130434783,575
1000,-0.5,26,8,10,-0.19116880747433906,-0.035629408111875205,-14.593239775376372,-0.19447073804476056,33.76623376623377,231
1000,-0.7,26,4,20,-0.24728267390081282,-0.04741354123633712,-14.599019174732977,-0.25596288989954485,34.099616858237546,261
500,-0.1,40,8,20,-0.32969244017728505,-0.06611508121784859,-14.615316543112302,-0.3353391072848434,34.21052631578947,494
500,-0.6,40,6,20,-0.25269656560636666,-0.048588626962459136,-14.617660309504284,-0.25785772585809386,32.371794871794876,312
500,-0.4,20,6,20,-0.3605936478764298,-0.07362163587967296,-14.6317490058579,-0.37304005754863323,31.101511879049674,463
500,-0.5,3,8,10,-0.296435353298815,-0.058350208924580205,-14.633606327925394,-0.30217269948406245,31.353135313531354,303
500,-0.4,40,8,5,-0.32026459292996445,-0.06388200750562334,-14.641366438367935,-0.3289087672356257,35.51136363636363,352
1000,-0.3,20,8,20,-0.23390885012461482,-0.04454050378326313,-14.648334439064504,-0.24077783734234115,33.00970873786408,309
1000,-0.2,3,13,10,-0.18548433614299353,-0.03447381874880984,-14.66227979484266,-0.18851727823739517,32.900432900432904,231
1000,-0.1,26,6,20,-0.39333214316954257,-0.0819100609580633,-14.667749358289543,-0.4019918823989381,33.58348968105066,533
252,-0.6,52,26,5,-0.07361529859099936,-0.012990305659414836,-14.669753773278078,-0.08475066986760194,32.20338983050847,118
1000,-0.1,20,8,10,-0.3076965050387157,-0.06094473017008806,-14.682507587627557,-0.31392206215909224,33.33333333333333,402
1000,-0.6,6,26,5,-0.04283190127187009,-0.007457668543038198,-14.689476733942012,-0.04748406010360151,34.84848484848485,66
500,-0.7,6,8,20,-0.17217728599028737,-0.03179456681893744,-14.697409940764443,-0.17142858459552057,27.322404371584703,183
1000,-0.4,10,13,10,-0.13279476050211936,-0.024069215379475928,-14.702110565155397,-0.14027645571651226,34.30232558139535,172
252,-0.8,13,4,10,-0.20005671690961135,-0.03744978614017458,-14.707384991888244,-0.20423712513468273,33.15217391304348,184
252,-0.8,20,6,10,-0.1217911962795799,-0.02196278589535261,-14.707581208572917,-0.11998993916176393,30.075187969924812,133
252,-0.2,26,13,10,-0.22131947259999274,-0.04187372985179172,-14.740237435638573,-0.22533131969179376,33.2378223495702,349
1000,-0.7,40,6,20,-0.16036361231758356,-0.029445746524441097,-14.740425619267702,-0.16850085001299664,38.67403314917127,181
500,-0.1,52,8,20,-0.3370418912750086,-0.06787399938921479,-14.746904806591575,-0.3436130365338508,33.40080971659919,494
252,-0.3,3,8,20,-0.36461039886145474,-0.07461935678011078,-14.7489913434131,-0.37232929638601386,30.020703933747413,483
1000,-0.7,20,6,5,-0.19440935414311755,-0.03629119127507596,-14.75243993618134,-0.19490700271238504,34.25414364640884,181
1000,-0.2,6,20,5,-0.11941113034157413,-0.021510046566291185,-14.758022434243996,-0.13684964309409953,32.23684210526316,152
500,-0.8,52,20,5,-0.03347769108323717,-0.005805689453778018,-14.76610328634957,-0.03938773426257669,33.33333333333333,51
1000,-0.6,6,13,5,-0.11230147512957145,-0.020163653106452184,-14.769497885462354,-0.11357972604752964,33.057851239669425,121
500,-0.6,13,26,5,-0.06027867084116678,-0.010574909585589931,-14.773651483059547,-0.06423040273116953,30.76923076923077,91
252,-0.5,26,6,20,-0.33711457374133524,-0.06789147478031454,-14.787560693663078,-0.35469271823696036,35.095137420718814,473
500,-0.5,10,8,10,-0.27279622463851194,-0.05301394022286898,-14.788272885647228,-0.2772934379445773,32.01320132013201,303
252,-0.6,3,13,10,-0.14044594860463067,-0.025546992343470132,-14.79190437625399,-0.14833342769409696,29.896907216494846,194
252,-0.5,40,20,5,-0.1152040853987566,-0.020712252274944998,-14.793179075400932,-0.12348237635154224,32.748538011695906,171
1000,-0.4,26,6,20,-0.2942009921185982,-0.05783951957603417,-14.821288940751197,-0.3046078876303663,34.56090651558073,353
500,-0.6,52,26,5,-0.049560401143322386,-0.008654235700089385,-14.829398353902631,-0.054434503776985665,32.967032967032964,91
500,-0.6,20,13,5,-0.1170490969005612,-0.0210617392200545,-14.839353559237772,-0.13109374300027465,32.70440251572327,159
252,-0.6,13,8,20,-0.22284842747272682,-0.042195689038142636,-14.854776720035387,-0.2308471786507461,33.33333333333333,285
500,-0.1,26,8,20,-0.3360209373974079,-0.06762869428635065,-14.863928922008496,-0.3429105983773192,34.0080971659919,494
252,-0.7,10,13,10,-0.09939790263282833,-0.01774270510204523,-14.868530141636283,-0.11112618892077042,33.56164383561644,146
1000,-0.5,20,8,20,-0.1871621068920577,-0.034814193486529144,-14.87167977358196,-0.19545063415333153,31.601731601731604,231
1000,-0.5,40,6,20,-0.2353744300320303,-0.044853309701389676,-14.871976912420587,-0.24155008689296786,34.55149501661129,301
1000,-0.8,26,4,20,-0.12591123649468283,-0.022748915499922973,-14.873943386652002,-0.1402156802767881,30.508474576271187,118
252,-0.8,13,6,5,-0.152374913625554,-0.027872896366708422,-14.875229430605959,-0.1540603587153293,31.57894736842105,133
1000,-0.7,3,13,10,-0.07329684608608134,-0.012932295799569338,-14.875333592446536,-0.08172273457515089,26.96629213483146,89
252,-0.4,20,6,20,-0.38969522489022057,-0.08097124561491842,-14.878074959065126,-0.4039339824671757,34.43223443223443,546
500,-0.3,26,8,10,-0.29728142359583654,-0.05854393916300937,-14.87824894274606,-0.30297918315782746,34.96143958868895,389
500,-0.8,20,8,20,-0.08227074923866595,-0.014573364276350587,-14.878612998043582,-0.08883193049178129,30.18867924528302,106
500,-0.3,10,13,5,-0.19531598347168133,-0.03647673780622174,-14.883845547561835,-0.19851495256208562,35.08064516129033,248
500,-0.1,52,13,10,-0.2168408059813942,-0.040933642620182065,-14.88561326395451,-0.21750803497027693,31.545741324921135,317
500,-0.3,52,8,10,-0.3011777412231995,-0.05943860799179501,-14.893264878162006,-0.3025310907072536,32.904884318766065,389
252,-0.7,20,26,5,-0.05050144385580113,-0.008822145967009254,-14.893492201738724,-0.057974238537381595,31.46067415730337,89
1000,-0.6,3,13,20,-0.09359146221092152,-0.01666268050502695,-14.894177139119625,-0.09649141403068318,28.09917355371901,121
252,-0.5,40,6,20,-0.34063975421233106,-0.06874096367803462,-14.894724460797885,-0.3541531615192288,33.61522198731501,473
252,-0.3,3,20,5,-0.14716913658659903,-0.02685456076398718,-14.910390282136891,-0.15717067907239224,32.38095238095238,210
252,-0.7,3,8,20,-0.16673591276689725,-0.030709272517631225,-14.911296008191973,-0.17609870571826292,28.855721393034827,201
252,-0.1,10,26,5,-0.12194623343331246,-0.021992312542784553,-14.915575202132624,-0.1313005302871505,30.34825870646766,201
1000,-0.6,10,8,20,-0.1591246126839807,-0.029200996220675624,-14.917461233111089,-0.16189946625099838,31.25,192
1000,-0.5,52,8,10,-0.19514367365703134,-0.0364414603487746,-14.921721810984819,-0.19866374491413785,34.63203463203463,231
500,-0.8,20,20,5,-0.0430171709705508,-0.007490522602637828,-14.92225556721184,-0.05221332044125271,31.372549019607842,51
252,-0.4,13,6,20,-0.4157457000972914,-0.08780101750334957,-14.928413504479314,-0.43100673584258,31.684981684981683,546
500,-0.1,26,13,10,-0.2169761843617204,-0.040961993596304924,-14.93002244943896,-0.22076892579880014,30.5993690851735,317
252,-0.8,26,6,10,-0.12536441242320784,-0.022644401459898322,-14.932537261729927,-0.12668722554957512,33.08270676691729,133
500,-0.7,10,8,10,-0.17795432675017564,-0.03295330250963735,-14.93399722081284,-0.17894348632771961,27.322404371584703,183
252,-0.1,26,6,20,-0.5081299936789752,-0.11425792792010303,-14.935889286774177,-0.5115721675833411,34.83870967741935,775
500,-0.2,10,8,20,-0.3018769772383114,-0.05959960335883774,-14.938483821209571,-0.31142094026885314,31.90045248868778,442
1000,-0.3,6,13,20,-0.14556298988092142,-0.026541412317677593,-14.947710196880996,-0.15729101689704794,28.061224489795915,196
252,-0.7,40,20,10,-0.0596323056886765,-0.010458570147943269,-14.95151468625298,-0.06590859673272798,31.06796116504854,103
252,-0.8,13,4,20,-0.18782684369271263,-0.03494921188395961,-14.954741986366557,-0.18972948643224208,33.15217391304348,184
1000,-0.2,20,8,10,-0.279929188934125,-0.0546087879626973,-14.96090351144698,-0.28586223006679856,33.98328690807799,359
1000,-0.5,6,13,20,-0.10474518968720092,-0.018742443060535963,-14.967450386154761,-0.10836147878712987,29.72972972972973,148
1000,-0.8,10,13,10,-0.033529873631957696,-0.005814868200234358,-14.97669940713187,-0.04312969934590849,34.78260869565217,46
1000,-0.7,13,13,5,-0.06960159457268345,-0.012260367993844778,-14.980505473053448,-0.0704309956481064,31.46067415730337,89
252,-0.3,13,6,20,-0.4329426087037205,-0.09244926732685377,-14.982793419322125,-0.4409003111479469,34.71337579617834,628
1000,-0.8,40,4,20,-0.12440735153311722,-0.022461609490105006,-14.985393244416365,-0.1366634305045189,32.20338983050847,118
252,-0.6,26,8,20,-0.2086485699641687,-0.0392255364448717,-14.986277536870311,-0.21944312022734735,34.03508771929825,285
500,-0.4,10,6,20,-0.38673154865384274,-0.080209640937705,-14.98679764139936,-0.39408528394262965,31.749460043196542,463
1000,-0.4,40,6,20,-0.28778181845154804,-0.05637976220488472,-14.989814380287761,-0.2966210776992184,35.41076487252124,353
500,-0.7,52,6,20,-0.1951406070646009,-0.03644083257366526,-14.991033512921046,-0.2008901422650199,34.46808510638298,235
500,-0.8,52,13,10,-0.052386702163429555,-0.009158948100072783,-14.992604280752673,-0.05985056281303913,35.61643835616438,73
500,-0.4,26,6,20,-0.36199986849424437,-0.07397033443373169,-14.996469739619904,-0.37032698716216106,33.69330453563715,463
252,-0.2,40,8,20,-0.35582399705809975,-0.07244362797166348,-14.997295600803513,-0.3606025459258658,32.656826568265686,542
1000,-0.6,20,6,10,-0.23052086386830672,-0.043819283788985586,-15.001237076896798,-0.22751279464810148,33.734939759036145,249
500,-0.7,10,20,5,-0.061962430003021485,-0.010878281632302866,-15.001293736865124,-0.0675215281191267,35.714285714285715,84
500,-0.6,10,13,5,-0.14167465820799352,-0.025785324922954045,-15.006471583432214,-0.14730691338078805,32.70440251572327,159
1000,-0.3,26,8,10,-0.2621432838848776,-0.05065604620675923,-15.01127183737396,-0.2648308453019147,36.24595469255664,309
1000,-0.7,13,8,5,-0.1391010691010226,-0.02528644984106243,-15.01430506551254,-0.14011462670355435,30.49645390070922,141
500,-0.5,52,13,5,-0.17027510218416164,-0.0314145013858218,-15.017700365976104,-0.17304971972999106,31.606217616580313,193
500,-0.7,52,20,10,-0.04804505597436848,-0.008384142063865507,-15.019087781195667,-0.055567230795321665,34.523809523809526,84
1000,-0.3,26,13,5,-0.16010073525574708,-0.029393793135623625,-15.023070235969415,-0.16222064669073788,35.204081632653065,196
252,-0.5,52,6,20,-0.3439496405849588,-0.06954200567075652,-15.02313178006568,-0.3608832110088698,30.866807610993657,473
500,-0.3,3,20,10,-0.10912540645382218,-0.019565070957470843,-15.027598220672022,-0.12042361830936921,28.313253012048197,166
500,-0.3,52,6,20,-0.38605998539456665,-0.08003748694741397,-15.0276503234434,-0.3919108401007514,32.745098039215684,510
1000,-0.7,26,6,5,-0.1896374419980993,-0.03531743775514551,-15.030622011686603,-0.193008963150615,34.806629834254146,181
1000,-0.4,26,8,5,-0.25069564581646964,-0.048153507469946843,-15.035277045544147,-0.25745966227221995,35.92592592592593,270
1000,-0.6,3,26,5,-0.05222404532883129,-0.009129867508263723,-15.037091193675428,-0.05509561910989613,27.27272727272727,66
500,-0.7,26,6,20,-0.19006544461298225,-0.0354045813673074,-15.040692255490294,-0.19449016248853424,35.319148936170215,235
500,-0.1,40,20,5,-0.1458056599180385,-0.02658869408421949,-15.041495186298754,-0.15085045971743327,25.0,212
252,-0.3,52,6,20,-0.4341493124396234,-0.0927798019310927,-15.052350492123741,-0.44558871614315876,34.07643312101911,628
252,-0.3,26,6,20,-0.4282128290087126,-0.09115930417693163,-15.054663056758061,-0.4379657950118775,34.07643312101911,628
1000,-0.6,6,13,10,-0.10908688622511797,-0.019557822055092267,-15.05990423223217,-0.10960497105302891,28.09917355371901,121
500,-0.3,20,20,5,-0.1131739321650772,-0.020328392729382805,-15.069778433336976,-0.1226900676425946,29.518072289156628,166
500,-0.7,10,13,10,-0.09030936883904417,-0.01605473093467158,-15.07108582102319,-0.09549975754357953,33.057851239669425,121
1000,-0.6,40,8,10,-0.1576933501710569,-0.02891863844160092,-15.072286709484795,-0.15802704982613613,34.89583333333333,192
500,-0.3,3,26,5,-0.09584458961952003,-0.01708108966885291,-15.07561763878403,-0.11118395057954245,31.060606060606062,132
252,-0.7,26,13,10,-0.10347582737062488,-0.01850467373056308,-15.081574459960311,-0.11173751336464732,32.87671232876712,146
252,-0.8,6,8,5,-0.09884301039427135,-0.017639243535741644,-15.092004297309748,-0.09955357988529834,29.357798165137616,109
500,-0.6,3,13,5,-0.15483667755349728,-0.0283562645528449,-15.097518228778545,-0.1526584491384676,28.30188679245283,159
500,-0.3,3,13,10,-0.18258207007884986,-0.03388639661904236,-15.100237094487124,-0.19051394258338494,30.64516129032258,248
500,-0.2,13,20,5,-0.11613419841476902,-0.020888361143204026,-15.10694074799007,-0.11844042219920015,31.606217616580313,193
1000,-0.2,26,8,10,-0.28307329620087207,-0.05531593558840098,-15.108830188982756,-0.2852165483144409,34.540389972144844,359
1000,-0.6,20,8,20,-0.15355344181454822,-0.028104155361215466,-15.111903465408233,-0.15596991078238387,30.729166666666668,192
500,-0.8,13,13,10,-0.05341373081017131,-0.00934266096337788,-15.117442254486297,-0.05969462758423272,28.767123287671232,73
252,-0.5,3,8,20,-0.2877791993762925,-0.056379168841856786,-15.121812797625386,-0.2985293226933037,31.793478260869566,368
1000,-0.7,52,4,20,-0.24613276381983829,-0.047164855709137754,-15.124043244908359,-0.25252217736150295,35.63218390804598,261
500,-0.6,20,6,20,-0.2670585153958177,-0.051740439717495756,-15.12469019410118,-0.2774525776879153,31.41025641025641,312
252,-0.2,3,13,10,-0.235519749541375,-0.04488435303643323,-15.128367498968233,-0.24297918160645215,33.5243553008596,349
1000,-0.3,52,6,20,-0.32181922791863493,-0.0642484621332634,-15.128449653003859,-0.323926633809271,31.35802469135803,405
500,-0.2,52,8,20,-0.30137873696396833,-0.05948487250867007,-15.140299561141493,-0.3079642355730947,33.257918552036195,442
500,-0.3,13,6,20,-0.4025476157978639,-0.08430995568957167,-15.14655860702525,-0.41044497384075307,33.33333333333333,510
1000,-0.2,26,13,5,-0.1905307103693622,-0.035499355270285915,-15.146654213759847,-0.1936203636602315,29.43722943722944,231
500,-0.7,13,13,10,-0.08814714119793943,-0.015655209445565532,-15.150865923502414,-0.1006250434053425,32.231404958677686,121
1000,-0.8,13,20,5,-0.01948006852641171,-0.003358257409921128,-15.154109736272076,-0.021667331821686453,37.5,32
252,-0.8,3,6,20,-0.1464785830248464,-0.02671986452358932,-15.158347808817263,-0.15350774302816605,28.57142857142857,133
1000,-0.6,10,13,5,-0.11171384885280489,-0.020052771604811448,-15.168335119483208,-0.10917711871315017,33.057851239669425,121
500,-0.2,40,20,5,-0.13903045351433074,-0.02527277886201762,-15.174468596118055,-0.13987485893233564,30.05181347150259,193
1000,-0.5,26,6,20,-0.2462959955387417,-0.04720013788903732,-15.17884088947689,-0.255089746336959,36.21262458471761,301
252,-0.4,10,6,20,-0.4167172481768757,-0.08806057912931908,-15.192817955326516,-0.4261285472923475,29.853479853479854,546
500,-0.2,13,8,20,-0.30745609260846163,-0.06088897591462028,-15.20196381429411,-0.31741713570802865,31.221719457013574,442
500,-0.3,6,8,20,-0.32128927841801613,-0.06412346561514926,-15.20926195701863,-0.3257631549019656,31.619537275064268,389
252,-0.1,26,20,5,-0.17406183220259375,-0.03217182279491304,-15.213189411592305,-0.17968407003353548,32.421875,256
252,-0.2,20,13,10,-0.2238597726360898,-0.04240894138598983,-15.220135383768648,-0.23229996375926676,33.2378223495702,349
1000,-0.4,13,13,10,-0.128251610754486,-0.02319684268952693,-15.222810526113516,-0.13189659160532174,34.30232558139535,172
252,-0.4,3,6,20,-0.4386918226129607,-0.09402932868601344,-15.23276086761769,-0.45171515601162515,33.150183150183146,546
252,-0.3,40,6,20,-0.43085732165203505,-0.0918794472986122,-15.234068111411466,-0.4369011326314859,34.23566878980891,628
1000,-0.1,52,8,10,-0.3081078528845561,-0.061040163443300766,-15.241096666522186,-0.3078120910194706,33.08457711442786,402
500,-0.2,40,8,20,-0.3051098445183076,-0.06034569619366592,-15.248296014932071,-0.31069849746942746,33.93665158371041,442
1000,-0.8,10,13,5,-0.039834447705502596,-0.006926858369843303,-15.252135158641,-0.04982122390580224,30.434782608695656,46
1000,-0.8,52,8,10,-0.058235596229099906,-0.010207402257613407,-15.255847518555585,-0.06136038193748117,38.80597014925373,67
252,-0.7,6,26,5,-0.051397212239066015,-0.008982106145741131,-15.258639203979577,-0.060064730392298205,29.213483146067414,89
1000,-0.4,40,8,10,-0.2228711483001301,-0.04220047742730504,-15.259186328717947,-0.23101370728120785,36.2962962962963,270
252,-0.2,26,26,5,-0.1225262109602746,-0.022102806934907404,-15.26263048564425,-0.12963427390920346,30.851063829787233,188
1000,-0.8,20,4,10,-0.12915808631461623,-0.023370602062992796,-15.264660489492522,-0.14066930839616854,33.89830508474576,118
252,-0.3,6,8,20,-0.3776273987858485,-0.07788898879624284,-15.265395384149697,-0.38612450488758,31.05590062111801,483
1000,-0.1,40,8,10,-0.30846395644081726,-0.061122817956305475,-15.274824061178576,-0.3122921421578748,34.07960199004975,402
252,-0.3,26,20,5,-0.1344231822683929,-0.024382826377945865,-15.280062880788554,-0.14515919025729307,31.428571428571427,210
252,-0.3,40,13,10,-0.21218008451201764,-0.03996006185943057,-15.29952728875768,-0.2223854666537295,32.9073482428115,313
500,-0.7,13,8,20,-0.16325917802977408,-0.030018902245362633,-15.303270654336517,-0.1682040693751652,27.322404371584703,183
1000,-0.4,20,8,10,-0.2272738385832851,-0.04313053723208049,-15.312784832866663,-0.23570149550830088,31.851851851851855,270
500,-0.4,52,8,10,-0.29087520094738306,-0.05708184773736957,-15.3371460425783,-0.29519680948600135,32.95454545454545,352
1000,-0.2,3,20,5,-0.12624819240084328,-0.022813344601990804,-15.344650000432576,-0.1287250536186657,28.289473684210524,152
500,-0.6,13,13,5,-0.12751102424576866,-0.02305499319418247,-15.345377056139245,-0.13273326378283712,30.81761006289308,159
500,-0.3,40,8,10,-0.30358135437124634,-0.0599925878717158,-15.356624523469085,-0.3075877013720273,32.390745501285345,389
500,-0.5,6,8,10,-0.30170039100771284,-0.05955893270762136,-15.372846453109494,-0.30517527727721794,30.363036303630363,303
1000,-0.1,40,13,5,-0.19588606504639328,-0.03659349680959545,-15.382424364360647,-0.20346819113115955,32.80632411067194,253
252,-0.2,52,13,10,-0.24118472593956464,-0.046098341958665356,-15.382860546650553,-0.24880287648536226,33.5243553008596,349
252,-0.5,6,13,10,-0.1697819327168455,-0.0313160816882776,-15.38471705370766,-0.18119039234758616,31.147540983606557,244
500,-0.4,13,6,20,-0.3852388713360685,-0.07982720788963604,-15.385262740559554,-0.39032501238994777,31.533477321814257,463
252,-0.5,20,8,20,-0.26243996617929677,-0.0507213298755822,-15.386253098722324,-0.28116356291221967,32.33695652173913,368
500,-0.2,20,8,20,-0.30734017406792546,-0.06086209887834859,-15.390926156500292,-0.31754208270756734,32.57918552036199,442
252,-0.5,10,8,20,-0.2797330292690833,-0.054564754178686115,-15.400195503273158,-0.2923050611830562,29.891304347826086,368
500,-0.4,6,8,20,-0.3067596111793901,-0.06072754482544007,-15.421122079419456,-0.31324451748981263,29.261363636363637,352
500,-0.6,6,8,20,-0.235120514507821,-0.04479907968733643,-15.434766814157346,-0.2379021371461013,30.991735537190085,242
500,-0.3,3,8,20,-0.32581852035474734,-0.06519437538887929,-15.440329912101127,-0.3362934038555063,29.30591259640103,389
1000,-0.1,6,13,10,-0.19077659007076808,-0.03554945881888982,-15.449652705565724,-0.20275842135147792,33.59683794466403,253
252,-0.4,6,8,20,-0.3417194779822329,-0.06900190589953692,-15.450587168935613,-0.3544172745966814,31.666666666666664,420
500,-0.7,13,6,20,-0.20652949985615998,-0.03878609113207332,-15.46358438333598,-0.21347469698182298,31.06382978723404,235
1000,-0.3,13,13,10,-0.151072676943117,-0.02761767222181344,-15.470947354855085,-0.15846919618425181,31.122448979591837,196
500,-0.8,40,20,5,-0.0400120181018262,-0.006958265477976844,-15.471967460470538,-0.04199578517610414,27.450980392156865,51
500,-0.6,40,20,5,-0.08463476484332633,-0.015007887736245396,-15.472510776496621,-0.08468052852511565,29.09090909090909,110
500,-0.3,13,8,10,-0.326669068520103,-0.06539614679041517,-15.474506873154546,-0.3304640124773437,32.904884318766065,389
500,-0.4,52,6,20,-0.36629802537455824,-0.0750401069174158,-15.475572610191605,-0.3727373580882203,34.34125269978402,463
500,-0.8,13,8,10,-0.10301868583650531,-0.018419113072165927,-15.488663038128575,-0.10410875634339878,31.132075471698112,106
1000,-0.7,20,8,5,-0.13944985172126745,-0.025353986813848484,-15.489409903123477,-0.14069076472398168,28.368794326241137,141
500,-0.6,26,6,20,-0.2688342497383168,-0.052133683129378716,-15.492745248680599,-0.27421793068918043,33.01282051282051,312
500,-0.7,3,6,20,-0.2268806535007436,-0.04304729925652562,-15.49340079573509,-0.23361277378326484,32.76595744680851,235
252,-0.4,52,6,20,-0.4033511928488537,-0.08452067481195169,-15.496350218430937,-0.41793297180349376,33.33333333333333,546
500,-0.6,13,8,10,-0.23622200984845,-0.0450344397380511,-15.51260948134799,-0.24176381668899527,32.231404958677686,242
500,-0.1,6,13,10,-0.2431690848321365,-0.046525361734434,-15.517768856951152,-0.2457203053469984,29.02208201892745,317
500,-0.4,3,8,10,-0.3300491567023677,-0.06620008285076706,-15.524891883841173,-0.3354343772262104,30.39772727272727,352
500,-0.3,20,8,10,-0.311611256762922,-0.06185486992495992,-15.525552908443057,-0.3221551578069871,34.447300771208226,389
1000,-0.5,6,20,5,-0.08232684991687134,-0.014583665239062849,-15.531998614946678,-0.08965329264953137,32.67326732673268,101
1000,-0.7,10,20,5,-0.04508318506289799,-0.007857248638327041,-15.536228254820767,-0.0480107728561483,38.46153846153847,65
1000,-0.6,26,6,20,-0.22007923646483962,-0.04161295226877337,-15.541212039287002,-0.22341035857718672,34.13654618473896,249
252,-0.3,26,13,10,-0.21034901928671346,-0.03957887569310503,-15.54395176714395,-0.2181521897964609,30.990415335463258,313
500,-0.4,10,8,10,-0.3117033257742804,-0.061876326618683586,-15.548682990852326,-0.3179630960286409,31.25,352
500,-0.6,20,8,10,-0.21401008169776348,-0.0403417602125703,-15.551724236034877,-0.2179872163176222,32.64462809917356,242
1000,-0.7,10,8,10,-0.12856185131223663,-0.023256294833877478,-15.554540700368245,-0.13241292674472793,29.078014184397162,141
1000,-0.5,26,13,10,-0.11006207086431852,-0.019741416523793243,-15.557363298653227,-0.11541181730016548,37.83783783783784,148
1000,-0.1,52,6,20,-0.3974117225915662,-0.08296871102194192,-15.57527444067706,-0.3997571006001419,31.33208255159475,533
500,-0.7,40,6,20,-0.1996275518237336,-0.03736150234352531,-15.587226374772449,-0.20172392028875907,32.340425531914896,235
252,-0.5,20,13,10,-0.1576597809198288,-0.028912020714628173,-15.59092951613953,-0.17095399341094075,31.557377049180328,244
252,-0.7,52,52,5,-0.028523652775896857,-0.004936154727832709,-15.596742988380079,-0.034942746497608757,28.07017543859649,57
252,-0.1,26,13,10,-0.2547183554695256,-0.04902926694908605,-15.61573004961225,-0.2570905868028647,32.804232804232804,378
252,-0.7,20,20,10,-0.0633430462610346,-0.011127371791951224,-15.620243282994927,-0.07279785128725613,30.097087378640776,103
500,-0.2,52,20,5,-0.1271628359370225,-0.022988336848277613,-15.621600867835985,-0.13246417490458984,31.606217616580313,193
1000,-0.8,13,13,10,-0.036163392211505,-0.00627863029902187,-15.62856695272564,-0.04363179698435937,32.608695652173914,46
252,-0.2,52,8,20,-0.37645771887518553,-0.07759288042457135,-15.639947119625482,-0.3819768511059701,32.656826568265686,542
1000,-0.6,13,13,5,-0.11179073042879895,-0.02006727523214702,-15.643043666555768,-0.1093153174316317,37.1900826446281,121
252,-0.4,13,26,5,-0.10269601492063307,-0.018358742297622355,-15.644859336856227,-0.10888009260740628,30.4635761589404,151
252,-0.8,40,8,10,-0.09505497514194972,-0.016934358786782067,-15.651523790672174,-0.10876430193701436,29.357798165137616,109
500,-0.7,20,6,20,-0.1968655285274622,-0.0367942620799957,-15.655960934635225,-0.2050594712035858,32.340425531914896,235
252,-0.2,10,8,20,-0.38220292458785565,-0.0790517488133049,-15.665527396438323,-0.3867232244012525,31.918819188191883,542
500,-0.5,13,20,5,-0.09145435084072062,-0.016266611707176692,-15.668816821952795,-0.1003546485402057,32.33082706766917,133
500,-0.2,52,13,10,-0.20459653900809371,-0.03838608818492495,-15.671470090692564,-0.20252233342821735,30.357142857142854,280
252,-0.2,40,13,10,-0.23409673595336056,-0.04458057744155197,-15.672818085892445,-0.2416612723623902,34.67048710601719,349
1000,-0.2,52,13,5,-0.1937868082327665,-0.036163884151685144,-15.675427417668484,-0.2024483923563295,29.004329004329005,231
1000,-0.5,40,8,10,-0.20351590444318546,-0.038162814954149415,-15.678221081049973,-0.20817267890640812,33.33333333333333,231
500,-0.4,26,8,10,-0.2815171379049203,-0.054965616194779576,-15.699826737155295,-0.2931838487838514,33.23863636363637,352
252,-0.7,20,8,20,-0.15014756697831855,-0.027436557898949943,-15.713255733875853,-0.15896313700065445,32.83582089552239,201
1000,-0.8,10,13,20,-0.03416905929769898,-0.005927332302193111,-15.714600914247399,-0.0425379662113462,32.608695652173914,46
1000,-0.5,20,13,20,-0.10566107730495389,-0.01891417526918593,-15.716915729246347,-0.11808803622148112,34.45945945945946,148
252,-0.3,13,20,5,-0.14270398191590417,-0.02598520047093389,-15.718597805192186,-0.1534344483861495,33.33333333333333,210
500,-0.4,3,20,5,-0.11412197396805113,-0.020507556857088494,-15.719927900415037,-0.11985933630827872,28.947368421052634,152
252,-0.1,10,20,5,-0.174775177799667,-0.032314809354641816,-15.722020399925873,-0.18415236920555655,33.59375,256
252,-0.5,52,8,20,-0.2732594706040844,-0.05311712194846263,-15.729422258758229,-0.2890851534234624,29.891304347826086,368
500,-0.8,40,13,5,-0.06552518173184196,-0.01152169310984974,-15.734008213608663,-0.07597649443584842,35.61643835616438,73
500,-0.3,10,20,5,-0.10786682698987526,-0.019328360389847643,-15.737099884488412,-0.11215098009285485,33.734939759036145,166
252,-0.2,20,8,20,-0.3656786281908945,-0.07488557429982468,-15.737177072844167,-0.36957952083023315,33.39483394833948,542
500,-0.4,13,8,10,-0.3082090664619227,-0.061063652344498176,-15.741605248542877,-0.316395257113821,31.53409090909091,352
252,-0.8,52,6,20,-0.12326435830157911,-0.022243522638618174,-15.742016563882773,-0.1292717935794545,27.06766917293233,133
1000,-0.6,52,8,5,-0.19795321793060616,-0.03701744892715009,-15.742806896099951,-0.19562738078282405,33.33333333333333,192
252,-0.6,10,13,10,-0.14387647046204455,-0.026213118494383236,-15.74968271594274,-0.15580281905114146,30.412371134020617,194
1000,-0.7,20,6,10,-0.17920077896946152,-0.033204195906098244,-15.749824360882767,-0.18205348564441182,33.14917127071823,181
1000,-0.3,40,8,20,-0.24356799949917785,-0.046611317332463265,-15.753814937512248,-0.24952610727788016,34.95145631067961,309
500,-0.5,26,8,10,-0.2623466408514198,-0.05070079169013342,-15.756346022212648,-0.2701801597665282,32.01320132013201,303
1000,-0.6,3,20,5,-0.0586707163214486,-0.010285616029799272,-15.760410778468682,-0.06317127822426938,30.120481927710845,83
500,-0.6,26,26,5,-0.06677987237367145,-0.011748766899124075,-15.766742743298934,-0.06688002694025108,28.57142857142857,91
500,-0.2,6,20,5,-0.1271130705365232,-0.0229788116782903,-15.774362529805003,-0.13540210387409657,35.751295336787564,193
500,-0.8,10,13,20,-0.05531056589638983,-0.00968239795001935,-15.778997622513238,-0.0629785906707957,28.767123287671232,73
1000,-0.8,13,8,20,-0.051319595659349515,-0.008968240955012252,-15.799789983475286,-0.06004798260487798,29.850746268656714,67
500,-0.5,20,6,20,-0.3442865739498444,-0.0696237363410338,-15.810454309998356,-0.35417823204476684,30.303030303030305,396
252,-0.2,26,8,20,-0.36543326921278196,-0.0748243945890813,-15.820300888885301,-0.3691815850298098,33.39483394833948,542
500,-0.8,13,52,5,-0.010020722093741052,-0.0017206763851119744,-15.839949582653686,-0.013229029888443766,15.384615384615385,26
252,-0.5,13,13,10,-0.16095256499235255,-0.02956219243625402,-15.845999405976022,-0.17348243064123325,35.24590163934426,244
252,-0.4,40,6,20,-0.4065958890276614,-0.08537392007985134,-15.84631660145135,-0.41688970620630295,32.05128205128205,546
252,-0.7,10,8,20,-0.1577945403424894,-0.028938588047665026,-15.848627399151276,-0.16225151937751248,33.33333333333333,201
500,-0.7,20,8,20,-0.14948029177555955,-0.027306022865948187,-15.850775572303498,-0.15696473389001586,30.601092896174865,183
500,-0.7,26,8,20,-0.1477034853899949,-0.02695885047862201,-15.856185447259904,-0.15052926102693842,32.78688524590164,183
252,-0.1,20,20,5,-0.18664930818494152,-0.03471009861233676,-15.860912945465586,-0.19692058025212011,32.8125,256
500,-0.5,10,20,5,-0.09626665650784805,-0.01715956423302667,-15.86110526454327,-0.10297016946341453,33.08270676691729,133
1000,-0.4,26,8,10,-0.23163575157746608,-0.044056325192781354,-15.867886225760339,-0.23575807664446413,32.96296296296296,270
500,-0.6,26,8,10,-0.21670930141153533,-0.040906106788262564,-15.868147288675761,-0.2218620086401838,32.231404958677686,242
252,-0.3,13,8,20,-0.3502124307930492,-0.07106690628364343,-15.872578143611221,-0.3602661723640048,32.50517598343685,483
500,-0.3,13,20,5,-0.11004252282009452,-0.01973773464682682,-15.874979758279006,-0.11491319782861265,34.33734939759036,166
500,-0.2,20,13,5,-0.2184712549190969,-0.041275362205869914,-15.882732427668762,-0.22259382653465887,34.64285714285714,280
1000,-0.1,20,13,5,-0.21226056772941015,-0.039976833480505514,-15.901964696120682,-0.21923499143983105,33.201581027667984,253
1000,-0.2,10,20,10,-0.11746278494088913,-0.02114018418044794,-15.910720125325877,-0.12482001906578033,30.263157894736842,152
252,-0.6,20,20,5,-0.10301319732089531,-0.018418086036617654,-15.911879353482162,-0.10890638706830646,35.97122302158273,139
1000,-0.1,10,13,10,-0.19954604223612082,-0.03734473939405447,-15.937074642700622,-0.2118145219069495,32.41106719367589,253
1000,-0.8,52,4,20,-0.13025325878862415,-0.02358073226026003,-15.937177863980368,-0.13857212560111465,34.74576271186441,118
1000,-0.7,52,6,20,-0.16917798015347651,-0.031195619486087955,-15.94777269490485,-0.1719074580417448,34.25414364640884,181
500,-0.7,52,8,20,-0.15774055068882054,-0.028927943759527897,-15.949407039259745,-0.16042526455024086,30.601092896174865,183
500,-0.3,40,20,5,-0.11952494065369113,-0.02153167260802613,-15.95179273374449,-0.12134875110917087,25.903614457831324,166
252,-0.3,10,13,10,-0.21221691929515796,-0.039967737557013217,-15.956534518994017,-0.21761276065272928,33.54632587859425,313
252,-0.1,20,13,10,-0.2611898540995199,-0.0504463952941433,-15.974467410183122,-0.26524114785967323,33.5978835978836,378
500,-0.7,20,13,5,-0.09270876583710497,-0.01649899749036443,-15.97459330823316,-0.0931424516525926,29.75206611570248,121
252,-0.7,10,26,10,-0.04938422849241553,-0.008622816528252808,-15.975369253421755,-0.05682650759742225,28.08988764044944,89
252,-0.1,6,8,20,-0.422479709400995,-0.08960750463169065,-15.975504165418014,-0.4274731260050275,31.543624161073826,596
500,-0.6,10,6,20,-0.29061546643875946,-0.05702279989566328,-15.988613622412402,-0.293073079051297,30.128205128205128,312
500,-0.6,52,8,20,-0.21668519008273845,-0.04090105851637649,-16.007278496438463,-0.2200583426905096,30.57851239669421,242
1000,-0.5,40,13,5,-0.1324781287157175,-0.02400829327534304,-16.015526488843307,-0.13718661298744061,34.45945945945946,148
252,-0.3,6,20,5,-0.14332750814169837,-0.026106374463337745,-16.02680050657389,-0.15558470148008097,32.857142857142854,210
1000,-0.8,52,6,10,-0.09693547112372136,-0.01728397864837361,-16.03595967624394,-0.10082359155393505,31.3953488372093,86
500,-0.2,13,13,10,-0.20582223269936806,-0.03863963710169094,-16.037367966363085,-0.21073132625194335,33.214285714285715,280
252,-0.4,13,20,5,-0.14004733742143805,-0.025469734479138473,-16.047360880258058,-0.1470336752733945,30.158730158730158,189
252,-0.7,52,20,10,-0.06854501768263088,-0.012068651591645274,-16.047733654451093,-0.07675327585886194,33.00970873786408,103
1000,-0.7,6,13,10,-0.07408205165547577,-0.013075360085080256,-16.053218342031396,-0.08024790458234943,26.96629213483146,89
252,-0.6,52,8,20,-0.2159068462616297,-0.04073816315009848,-16.058139962541052,-0.22754059524822334,34.385964912280706,285
500,-0.6,6,13,10,-0.1395959998914753,-0.02538229314999696,-16.06384797310861,-0.1458295234968,25.78616352201258,159
1000,-0.1,26,13,5,-0.21391261208059376,-0.040321411565694465,-16.06404082780933,-0.21587590737965978,32.80632411067194,253
252,-0.1,3,13,10,-0.2720291835100722,-0.05284321201093456,-16.066634122186617,-0.28383136726296987,32.804232804232804,378
1000,-0.7,10,13,10,-0.06669295514840379,-0.011733028471828555,-16.071285284492337,-0.06986545764173613,29.213483146067414,89
252,-0.1,10,13,10,-0.2665783686230264,-0.051634244973957855,-16.072528104981597,-0.27245496526513036,33.33333333333333,378
500,-0.1,10,13,10,-0.23861304242468073,-0.04554630928927972,-16.07859747044675,-0.2405137410161724,31.545741324921135,317
1000,-0.4,13,8,20,-0.23375026925223163,-0.044506686839545284,-16.084466430239562,-0.23740459020686544,32.22222222222222,270
500,-0.3,10,26,5,-0.1003545600859781,-0.01792120133146846,-16.08743533588188,-0.10198971587267924,33.33333333333333,132
500,-0.6,52,20,10,-0.07792199500700436,-0.013776448980404421,-16.124338310444973,-0.07988583024904772,29.09090909090909,110
500,-0.6,10,26,5,-0.06243924966891856,-0.010964274842902855,-16.133299202712607,-0.06718182952125451,31.868131868131865,91
252,-0.6,40,8,20,-0.22187390277980712,-0.041990418197409674,-16.14351684807757,-0.23298601299808042,33.68421052631579,285
500,-0.6,13,6,20,-0.28660580573327943,-0.056113513109324664,-16.144715246620272,-0.2870267479542641,32.69230769230769,312
252,-0.7,40,26,5,-0.05324275679397683,-0.009312066007016728,-16.145346356471574,-0.06098620826345491,26.96629213483146,89
500,-0.6,40,8,20,-0.20768055613745084,-0.039024672261932625,-16.149144012761365,-0.21236485158383145,30.57851239669421,242
252,-0.1,40,26,5,-0.13561031565945558,-0.024611759875798778,-16.15413987746384,-0.14454669024330424,29.850746268656714,201
1000,-0.6,13,8,20,-0.173593865909628,-0.032078076890485585,-16.157437234725823,-0.1740930931745348,29.6875,192
1000,-0.7,3,20,10,-0.044031788781530024,-0.007670539351467109,-16.16045792390705,-0.051533004210914,32.30769230769231,65
500,-0.1,3,13,20,-0.22170641886875897,-0.04195516137252575,-16.163801267272355,-0.22916806308095938,29.96845425867508,317
252,-0.5,3,13,10,-0.17893861350440143,-0.033151399447914676,-16.164456818134255,-0.1872199444243211,31.557377049180328,244
500,-0.8,6,13,20,-0.05566060177931109,-0.009745153724669886,-16.16783250103356,-0.060761627671201524,31.506849315068493,73
1000,-0.4,52,6,20,-0.3006829653121763,-0.05932476913536211,-16.17604072270752,-0.30347518709621546,31.1614730878187,353
252,-0.1,13,13,10,-0.2613931908846302,-0.050491088459542866,-16.17686510748072,-0.2681771683364683,34.12698412698413,378
252,-0.5,13,8,20,-0.2903140783824033,-0.05695430502930898,-16.179075779803693,-0.3025925558988456,32.880434782608695,368
1000,-0.7,3,13,20,-0.06905913878674264,-0.012161916589963906,-16.18110830346481,-0.07573035554394192,28.08988764044944,89
1000,-0.8,3,26,5,-0.020513030915205066,-0.003537873755360077,-16.187031434437497,-0.020553163636303218,31.03448275862069,29
1000,-0.2,40,8,20,-0.27322490762025653,-0.053109421632852594,-16.18848380586971,-0.27436032594895376,32.86908077994429,359
1000,-0.3,52,8,20,-0.2569672066200941,-0.049520559594167346,-16.190238765994163,-0.2591006739477788,32.038834951456316,309
252,-0.4,3,26,5,-0.11522615400776948,-0.020716428997608616,-16.194632807246823,-0.1190389228432891,25.82781456953642,151
1000,-0.1,6,20,5,-0.14108207908103465,-0.0256703471713563,-16.19500162006946,-0.14172491176911006,32.35294117647059,170
252,-0.7,3,26,5,-0.05745477516296427,-0.010067123075070072,-16.19621119810154,-0.06034793326345256,26.96629213483146,89
1000,-0.7,6,20,10,-0.04201451214523366,-0.00731278302412397,-16.203107602433008,-0.04497404270764194,30.76923076923077,65
252,-0.7,13,8,20,-0.1648789500555763,-0.03034024161125093,-16.206462039686,-0.16915387944389182,30.34825870646766,201
500,-0.3,52,20,5,-0.11989718154621587,-0.021602421377327263,-16.207198819419766,-0.1244047007661433,27.710843373493976,166
252,-0.5,10,13,10,-0.16778889112348516,-0.030918832045916167,-16.208651212606213,-0.17951568109900795,31.557377049180328,244
252,-0.1,6,13,10,-0.26542343093971366,-0.0513790416181521,-16.208910556520948,-0.27179813127731045,31.746031746031743,378
500,-0.4,52,13,5,-0.21364881061608865,-0.04026634845374433,-16.211552170773963,-0.2163559702891643,31.390134529147986,223
252,-0.8,40,20,5,-0.04263902214740356,-0.00742347069699556,-16.22188225987841,-0.04645933602790797,30.508474576271187,59
1000,-0.2,3,20,10,-0.11985557409797087,-0.02159451216007291,-16.235145369537477,-0.12589237679985144,28.289473684210524,152
252,-0.6,40,20,5,-0.103671036226062,-0.018541220914875423,-16.23604486418718,-0.10972712003818741,30.215827338129497,139
500,-0.5,3,8,20,-0.29057487913371494,-0.05701357442846089,-16.243342900027976,-0.29431737275670977,27.722772277227726,303
500,-0.5,40,8,10,-0.2686803662653017,-0.052099573710292724,-16.256523188998766,-0.2742753238257052,32.67326732673268,303
252,-0.1,52,26,5,-0.1323847298644507,-0.023990326223301217,-16.2650230969738,-0.1449364985416075,28.855721393034827,201
252,-0.4,20,13,10,-0.19154430648034115,-0.03570597965906808,-16.26748949961937,-0.19974027585476817,30.935251798561154,278
252,-0.4,26,26,5,-0.10664985189509901,-0.01909973778620444,-16.27078262136851,-0.11028376497174275,29.13907284768212,151
252,-0.1,52,13,10,-0.26312384475246786,-0.050871897395233345,-16.27313147808091,-0.27108768736441613,33.06878306878307,378
500,-0.3,6,13,5,-0.21265814812132233,-0.04005970473925757,-16.278087006452466,-0.21477948377267042,32.25806451612903,248
1000,-0.3,10,20,5,-0.1070014416212891,-0.01916576137814685,-16.27956658866964,-0.1097765383104422,36.6412213740458,131
252,-0.5,13,26,5,-0.0908611097276989,-0.01615680386319629,-16.282140927729635,-0.10019077056910919,27.40740740740741,135
252,-0.1,3,20,5,-0.19072533172893713,-0.03553901273161297,-16.28603371491044,-0.20124762922816386,27.734375,256
252,-0.3,6,13,10,-0.2286131613792668,-0.04341433798601457,-16.29351102051438,-0.23632536232765955,30.35143769968051,313
500,-0.5,6,20,5,-0.10701697360934037,-0.019168678563436736,-16.29676973940095,-0.11784840055286572,33.08270676691729,133
500,-0.8,40,26,5,-0.02669110523552043,-0.004615436512728888,-16.30742544062026,-0.03137378047660633,25.581395348837212,43
252,-0.3,10,8,20,-0.3644401066536358,-0.0745769519020053,-16.30966458000734,-0.3704295719551556,32.50517598343685,483
1000,-0.1,20,8,20,-0.30625518572463784,-0.06061071257221451,-16.310391922499836,-0.3120990674253741,31.592039800995025,402
500,-0.5,52,8,10,-0.26615555723082285,-0.05154077888895714,-16.31570398851815,-0.26918268405293766,32.67326732673268,303
500,-0.6,3,8,20,-0.2537022498859167,-0.04880768761939214,-16.31720107028462,-0.25404741980693557,30.165289256198346,242
500,-0.5,3,13,10,-0.1627460255007378,-0.029917207762607312,-16.329881809018286,-0.1622965647325204,29.533678756476682,193
252,-0.3,20,8,20,-0.3430366289537363,-0.06932070919560884,-16.332966632669933,-0.3542826991000716,32.50517598343685,483
500,-0.1,40,13,10,-0.22077560819673314,-0.04175933213705307,-16.341937662146595,-0.22394478055248435,30.5993690851735,317
252,-0.5,3,26,5,-0.09728416142452068,-0.017348873107042695,-16.343750868525003,-0.10443091815239891,27.40740740740741,135
1000,-0.4,52,8,20,-0.22739336360642293,-0.043155847849427054,-16.349217492651768,-0.23078635004666548,31.851851851851855,270
252,-0.1,40,8,20,-0.3994459170512883,-0.0834988056898629,-16.349393342709,-0.401069373362247,32.718120805369125,596
1000,-0.8,3,40,5,-0.010560903365069652,-0.0018138413699968492,-16.35235232320297,-0.010682923803688071,39.130434782608695,23
1000,-0.6,6,13,20,-0.10956162805306446,-0.0196471791527012,-16.356759892656644,-0.10949597590654181,25.6198347107438,121
1000,-0.6,20,6,20,-0.2254834882248251,-0.04275180053465866,-16.371594414802665,-0.22313315801482458,29.71887550200803,249
252,-0.6,6,13,10,-0.1569578837665231,-0.0287737011712218,-16.374238179809435,-0.16862056226530098,25.773195876288657,194
1000,-0.1,13,13,10,-0.19831100319492267,-0.037090918998388345,-16.382572509329812,-0.20710457667424853,33.201581027667984,253
252,-0.5,52,13,10,-0.1764344342801859,-0.032647795800802015,-16.384645037735854,-0.1938226986166598,32.78688524590164,244
252,-0.4,6,13,10,-0.20962261802841198,-0.03942785844460461,-16.39671335399121,-0.22070392987346366,28.41726618705036,278
252,-0.6,52,13,10,-0.14792327411125417,-0.027001762729957912,-16.400774575139074,-0.1598743748628233,31.958762886597935,194
1000,-0.1,3,13,20,-0.1936520579591644,-0.03613633921098236,-16.401322282269618,-0.19887368765136704,29.249011857707508,253
252,-0.5,6,26,5,-0.09283532342666301,-0.01652245761821325,-16.40431542458221,-0.09977402716653172,28.14814814814815,135
252,-0.6,10,20,5,-0.10158064206164896,-0.01815019786377081,-16.408570570917732,-0.10764455813370677,34.53237410071942,139
1000,-0.7,6,52,5,-0.014239101526777764,-0.002449343162091,-16.4223922955205,-0.017469938829406173,26.666666666666668,30
1000,-0.5,3,26,5,-0.05930327380420808,-0.010399373070793416,-16.423668987018463,-0.06338837974762324,38.2716049382716,81
252,-0.4,6,26,5,-0.11127768479809519,-0.019970509413900328,-16.428702590648363,-0.12060315607278749,31.125827814569533,151
500,-0.5,40,6,20,-0.3553680311708788,-0.07233139260860866,-16.43264829972081,-0.36095800191126426,34.090909090909086,396
252,-0.7,26,26,5,-0.059925372674079824,-0.01051131113622239,-16.436389234716664,-0.06802288166943116,29.213483146067414,89
500,-0.5,20,8,10,-0.2722574968316255,-0.0528940144543425,-16.437237058338347,-0.2834916044994531,30.363036303630363,303
252,-0.2,10,20,5,-0.1639754251913348,-0.030160931677223668,-16.441276340838076,-0.16635473697522496,34.72803347280335,239
1000,-0.7,20,6,20,-0.17768602686859813,-0.032899338748707097,-16.443867794642333,-0.1815543253323525,33.14917127071823,181
1000,-0.8,13,13,5,-0.03845554443247301,-0.006683133682946152,-16.449455053761298,-0.04798064095164101,30.434782608695656,46
500,-0.2,26,13,10,-0.20901970640752565,-0.039302601781417534,-16.45383107697416,-0.21239692982981395,32.857142857142854,280
1000,-0.4,20,8,20,-0.21784585462158357,-0.04114421713119609,-16.455755593535674,-0.22954841850883723,32.96296296296296,270
252,-0.4,26,6,20,-0.4103826513538028,-0.08637461517532796,-16.45696437343703,-0.4238002819801048,32.6007326007326,546
252,-0.6,26,26,5,-0.08509502721757878,-0.015092595520465268,-16.460514790681433,-0.09149318332176692,28.8135593220339,118
252,-0.5,40,8,20,-0.2806111729937232,-0.054761956693417324,-16.461335455862717,-0.2917443082698936,29.891304347826086,368
1000,-0.4,3,13,20,-0.1442744757909975,-0.026290544891925283,-16.464605877656357,-0.14348973666261688,29.069767441860467,172
1000,-0.1,52,13,10,-0.1964828532649877,-0.03671579917155321,-16.47053043906963,-0.1989335313388304,32.80632411067194,253
1000,-0.3,26,8,20,-0.2549337927418771,-0.049076278933895656,-16.47145839597794,-0.25787329051600083,33.00970873786408,309
1000,-0.8,10,20,10,-0.018116324153934604,-0.003121363245929265,-16.475608482507887,-0.020176786486314158,40.625,32
1000,-0.1,3,20,5,-0.13566873484867925,-0.024623032489069163,-16.47921057689829,-0.1394589451173609,31.76470588235294,170
1000,-0.3,6,26,5,-0.07508145252483289,-0.013257596253175352,-16.483234810135265,-0.08051910822162422,25.471698113207548,106
1000,-0.8,13,6,5,-0.09888365004135102,-0.01764681914509758,-16.485906193126826,-0.10916822119295133,32.55813953488372,86
252,-0.7,52,8,20,-0.15814748013961089,-0.029008185557843902,-16.497492773004467,-0.1633775070960216,32.83582089552239,201
252,-0.6,52,20,5,-0.10157181781323499,-0.018148548824912014,-16.50405404654396,-0.11489047294040766,35.25179856115108,139
500,-0.2,6,13,10,-0.21503977350766768,-0.04055685595346348,-16.515482261002056,-0.21828912739528117,30.714285714285715,280
500,-0.2,3,8,20,-0.33551221187669633,-0.06750657925245052,-16.52031739790296,-0.34128296579499995,29.411764705882355,442
500,-0.5,26,13,5,-0.18747511539161676,-0.0348777589801178,-16.520404036822633,-0.19127284199462102,30.569948186528496,193
252,-0.3,13,26,5,-0.12077249477939478,-0.021768882774563125,-16.53136679425063,-0.1297449494050955,26.190476190476193,168
1000,-0.5,26,8,20,-0.19095160832210434,-0.03558513043428102,-16.532892046421757,-0.19806188297237481,33.76623376623377,231
1000,-0.8,6,13,5,-0.036376303116290254,-0.00631616974532534,-16.53932570528075,-0.04309757899219124,23.91304347826087,46
1000,-0.6,40,8,20,-0.15537210315642702,-0.028461550060624563,-16.54070067289344,-0.15734047891338798,33.33333333333333,192
252,-0.3,52,8,20,-0.35823579774232195,-0.07303838715873856,-16.541011721458585,-0.36636335180015833,29.606625258799173,483
252,-0.1,3,8,20,-0.42530242683635733,-0.09036993360732071,-16.541437504879053,-0.4331434267086346,31.543624161073826,596
500,-0.5,26,6,20,-0.3499593138958347,-0.07100504014097453,-16.556357036484016,-0.3579404498446477,32.82828282828283,396
500,-0.3,13,13,10,-0.19474435817167934,-0.036359731463125766,-16.570342129062446,-0.19898729304938745,31.451612903225808,248
252,-0.1,26,8,20,-0.40086496505862435,-0.08386948021461904,-16.572505580079714,-0.4036107362643434,34.060402684563755,596
500,-0.5,13,6,20,-0.3742488824981727,-0.07703495971700813,-16.575372830864296,-0.38203618288924934,31.818181818181817,396
252,-0.2,10,13,10,-0.23910995489380438,-0.04565285496203075,-16.576971734547566,-0.2426653617569906,31.805157593123205,349
252,-0.1,20,8,20,-0.40492739358272833,-0.08493468052065212,-16.57892372967729,-0.4096614340636283,32.21476510067114,596
1000,-0.7,6,13,5,-0.08083719955830482,-0.014310319047911801,-16.5789254264914,-0.08369005532014684,29.213483146067414,89
252,-0.1,13,26,5,-0.12835952155699082,-0.0232175199064677,-16.59598555397689,-0.1356666110283532,29.35323383084577,201
500,-0.8,6,26,10,-0.027082818892663174,-0.004683949098528761,-16.596180771647973,-0.031301941999848926,25.581395348837212,43
1000,-0.8,20,8,10,-0.06134068172465257,-0.010766205331877221,-16.60114505965067,-0.0656222717062186,32.83582089552239,67
252,-0.6,13,13,10,-0.14840149303253825,-0.0270951634312272,-16.601901993179982,-0.15635396559766213,30.927835051546392,194
500,-0.5,10,6,20,-0.37470449578799614,-0.0771499073641645,-16.603382603493255,-0.3786561384644409,30.808080808080806,396
252,-0.1,40,13,10,-0.26559460305617766,-0.05141684403722391,-16.603948346733034,-0.2710224117046489,31.48148148148148,378
252,-0.8,40,52,5,-0.016448108908703518,-0.0028319504862083233,-16.60503026160873,-0.022038995062877653,28.125,32
252,-0.5,26,13,10,-0.16816452265388648,-0.030993641920886827,-16.606313036546396,-0.17925666472973067,35.24590163934426,244
500,-0.3,10,13,10,-0.19399054215547273,-0.03620553761475698,-16.621997007756256,-0.1939276267333152,33.064516129032256,248
252,-0.8,3,8,20,-0.09642816074293492,-0.017189600625732826,-16.62402637728401,-0.10755658496285003,25.688073394495415,109
1000,-0.6,52,6,20,-0.2321711397556807,-0.04417025788941109,-16.626038356502466,-0.22990366887106262,34.53815261044177,249
252,-0.1,13,8,20,-0.41020559938233647,-0.08632770861378469,-16.63806025620667,-0.42001473010947254,31.711409395973156,596
500,-0.5,13,13,5,-0.17525798616142774,-0.03241164403347596,-16.63827327910036,-0.18082786608359036,29.533678756476682,193
1000,-0.7,26,20,5,-0.049927246050241014,-0.00871967544463459,-16.645921985039845,-0.05137272026293582,38.46153846153847,65
500,-0.4,40,8,10,-0.30500696307950403,-0.06032190855662933,-16.649804390657764,-0.3129516932392161,31.25,352
1000,-0.7,20,20,10,-0.040429327836950635,-0.007032094559283997,-16.652100078099526,-0.04263598883373765,40.0,65
500,-0.3,10,8,20,-0.319830396528868,-0.0637797839610228,-16.653425426263645,-0.32444277878556116,28.79177377892031,389
252,-0.1,52,20,5,-0.18592793564521704,-0.034563756640276,-16.653913618489405,-0.18894573541897708,34.375,256
252,-0.7,26,8,20,-0.15653960269632827,-0.028691317896541002,-16.655854826188612,-0.16232008470305448,30.845771144278604,201
252,-0.6,13,20,5,-0.1120362904679214,-0.020113606843413123,-16.66954287593706,-0.11738586484580849,34.53237410071942,139
1000,-0.2,10,13,10,-0.1883846329023665,-0.03506257826678516,-16.671985507304772,-0.18786130368368792,32.900432900432904,231
252,-0.5,52,26,5,-0.09830289780182044,-0.0175385883948439,-16.672393809250615,-0.11261937814723866,26.666666666666668,135
1000,-0.3,40,13,5,-0.17422189645471442,-0.032203897963021144,-16.675394264031382,-0.17521315699183204,33.6734693877551,196
1000,-0.7,40,20,5,-0.05565930671257835,-0.00974492150460382,-16.678261229222617,-0.05972812744860345,36.92307692307693,65
500,-0.3,6,20,5,-0.12459983004265696,-0.022498358235325422,-16.68111145811636,-0.1343577321101972,31.92771084337349,166
252,-0.6,40,13,10,-0.14727490977258317,-0.0268752003856757,-16.681447800842626,-0.16236880318527602,29.896907216494846,194
252,-0.4,52,8,20,-0.31790193210570905,-0.06332641520114479,-16.688535809951848,-0.3296515026200755,30.0,420
252,-0.4,26,13,10,-0.19559481431394,-0.03653383687191203,-16.6997380977887,-0.20163831954768396,33.81294964028777,278
500,-0.1,52,20,5,-0.1481060634684611,-0.027037458097092903,-16.704277575937382,-0.15515598195088665,27.830188679245282,212
500,-0.2,40,13,10,-0.207290901908748,-0.03894387590454074,-16.70481720613708,-0.20768795520223138,30.0,280
1000,-0.5,52,13,5,-0.13196019009161186,-0.023908678096200897,-16.70511515044731,-0.1349202736469879,32.432432432432435,148
1000,-0.2,13,20,5,-0.12521541531894242,-0.02261593315548982,-16.71585829882756,-0.12892316608963295,30.92105263157895,152
1000,-0.8,20,4,20,-0.12860100858832002,-0.02326379988390259,-16.723553244702345,-0.14068571175433964,33.89830508474576,118
252,-0.3,26,8,20,-0.3473281277912107,-0.07036311277410923,-16.72504161999167,-0.3558534623056965,34.161490683229815,483
1000,-0.2,20,8,20,-0.280841296615996,-0.054813667971760016,-16.726879126951285,-0.286758203454506,32.31197771587744,359
252,-0.4,20,8,20,-0.31243035146920795,-0.062045843668853684,-16.72741978348433,-0.3270546273506606,31.19047619047619,420
500,-0.3,52,13,10,-0.21016335942519038,-0.03954026645758735,-16.736493009046885,-0.20764315433073255,30.241935483870968,248
252,-0.6,3,20,5,-0.1108703889648116,-0.019893722092546695,-16.7418633933162,-0.11400644763405532,30.215827338129497,139
252,-0.7,40,65,5,-0.021547838780017314,-0.003717968522807036,-16.74456775400598,-0.026633205013887773,27.659574468085108,47
252,-0.3,26,26,5,-0.11863169786762373,-0.021362002375133082,-16.75988119257373,-0.12626341867331203,27.380952380952383,168
1000,-0.2,26,8,20,-0.2800476712731147,-0.05463538961250114,-16.763093443606962,-0.28326564254576014,32.590529247910865,359
500,-0.3,40,40,5,-0.0509062242517645,-0.008894413375978516,-16.77216606097032,-0.06077646612655441,26.881720430107524,93
252,-0.2,13,8,20,-0.3906743735716074,-0.08122354079169325,-16.77282435499755,-0.39548780232698966,30.996309963099634,542
252,-0.5,26,20,5,-0.12794454891057672,-0.023138016958650587,-16.776071909654064,-0.13315163560267818,32.748538011695906,171
1000,-0.2,52,8,20,-0.2903205968250955,-0.05695578618607999,-16.776496141901653,-0.2910554813233267,31.47632311977716,359
1000,-0.7,26,6,10,-0.19094990606531737,-0.03558478345537708,-16.783345967489005,-0.19416961666404264,33.14917127071823,181
500,-0.5,52,6,20,-0.3574176154633054,-0.07283641294654364,-16.79080291573061,-0.36229618060085067,33.33333333333333,396
1000,-0.4,6,13,20,-0.13599355408510683,-0.0246857213893521,-16.793924918733975,-0.1420702183975694,28.488372093023255,172
1000,-0.2,20,13,5,-0.19883620856768236,-0.03719881751140941,-16.794245174310813,-0.2024159328320706,30.303030303030305,231
500,-0.7,40,8,20,-0.16123697161208572,-0.029618448701649758,-16.797311017115184,-0.1616857145957803,31.147540983606557,183
252,-0.4,6,20,5,-0.14469837303786992,-0.02637304103881921,-16.79909603176588,-0.15235387854856142,30.687830687830687,189
1000,-0.7,13,20,5,-0.04714894275477488,-0.008224587387178461,-16.803818298864094,-0.04924372601297233,41.53846153846154,65
252,-0.6,26,20,5,-0.10830301297239031,-0.019410365825470843,-16.81730752998318,-0.11221609991775539,32.37410071942446,139
500,-0.2,26,8,20,-0.3231443227122346,-0.06456136029362192,-16.823062100551677,-0.32745023693639685,32.126696832579185,442
500,-0.8,26,8,20,-0.09638339728437495,-0.01718127511761902,-16.831669264837114,-0.1013954317427529,26.41509433962264,106
252,-0.6,26,13,10,-0.14224674715689056,-0.025896389427287114,-16.843814954119207,-0.14956705335195575,33.50515463917525,194
252,-0.4,13,8,20,-0.33769490956042747,-0.06803106468660702,-16.860892423608156,-0.3533481923411391,30.476190476190478,420
252,-0.3,40,8,20,-0.349398034516858,-0.07086792497307104,-16.86137191346477,-0.3557681858716194,32.091097308488614,483
500,-0.3,26,20,5,-0.11820483293848694,-0.021280970305799563,-16.870127993748362,-0.12238130086348364,28.915662650602407,166
252,-0.3,20,20,5,-0.14864289399576547,-0.027142327849310588,-16.87434431557199,-0.1550198101480067,30.952380952380953,210
500,-0.4,3,13,5,-0.20641353568124687,-0.038762070978896834,-16.874464873918104,-0.21013492963394387,28.251121076233183,223
1000,-0.1,10,20,5,-0.13960754568022893,-0.025384529536567557,-16.87815948602074,-0.14037369749301176,31.176470588235293,170
252,-0.3,10,20,5,-0.14471380440984893,-0.026376044832206347,-16.879508719107942,-0.1562599555305807,31.9047619047619,210
1000,-0.5,52,8,20,-0.19716747460956385,-0.036856194329996095,-16.885759734979594,-0.20196270544841155,32.03463203463203,231
252,-0.3,20,13,10,-0.22465838115989378,-0.042577498897078514,-16.891207196313427,-0.23346209564283682,31.309904153354633,313
252,-0.4,40,8,20,-0.31774169363881966,-0.06328879207093996,-16.89830448786663,-0.32770465469216836,32.38095238095238,420
500,-0.8,10,8,20,-0.09814865985349452,-0.01750985385456605,-16.90317176219552,-0.09889973136077512,28.30188679245283,106
500,-0.8,3,13,20,-0.05727254253480363,-0.010034397757958335,-16.90333082858924,-0.05852086364006548,31.506849315068493,73
500,-0.7,10,20,10,-0.056924614679671914,-0.009971931470308615,-16.922681326043328,-0.061899107744885606,33.33333333333333,84
1000,-0.8,40,8,20,-0.06260832682785156,-0.010994776184696242,-16.923657669236807,-0.07157620751478422,29.850746268656714,67
500,-0.1,13,13,20,-0.22050017651159437,-0.04170142243715613,-16.92510968265967,-0.2268832852237832,28.075709779179807,317
500,-0.2,10,13,10,-0.22054833084344294,-0.041711545694583574,-16.92734558852501,-0.2204874884670427,31.428571428571427,280
252,-0.6,6,26,5,-0.08435445935229746,-0.014956316944134462,-16.927640291795164,-0.08938301353767897,26.27118644067797,118
252,-0.4,40,26,5,-0.1037285542268559,-0.018551990747266323,-16.93399697793028,-0.11245607808309688,31.788079470198678,151
252,-0.1,52,8,20,-0.40511472835730356,-0.0849839463948957,-16.952960260697317,-0.41053847226139817,32.718120805369125,596
500,-0.4,26,13,5,-0.2136771057687461,-0.040272253749728315,-16.95740511325532,-0.21695357678191962,29.596412556053814,223
252,-0.2,6,20,5,-0.1693501992242148,-0.031229962280601375,-16.963314486290468,-0.17500086028048567,33.47280334728033,239
252,-0.5,10,20,10,-0.11375167305407097,-0.020437557236507864,-16.965907639410332,-0.12758547668834985,30.994152046783626,171
1000,-0.2,3,13,20,-0.18866302561392256,-0.035119183616922234,-16.96899818439916,-0.19190528187626887,28.13852813852814,231
1000,-0.5,52,6,20,-0.2545942285745817,-0.04900218551775315,-16.971413454020652,-0.25963216799858047,29.568106312292358,301
1000,-0.2,13,13,10,-0.19009735140984352,-0.03541107929002674,-16.97908123077227,-0.19536486872877512,31.601731601731604,231
252,-0.5,26,8,20,-0.27896570416087885,-0.05439260102625898,-16.98435910409824,-0.2945616150123569,35.05434782608695,368
252,-0.1,3,26,5,-0.13657851531633514,-0.02479866601484737,-16.99162660026898,-0.13885754777058157,24.875621890547265,201
252,-0.6,20,8,20,-0.2218996739903022,-0.04199584382059396,-16.992441351593822,-0.23123945110337984,32.631578947368425,285
500,-0.7,6,26,5,-0.045896487465337366,-0.00800179362261555,-16.996687754834355,-0.04548059904169088,25.352112676056336,71
1000,-0.2,20,13,10,-0.17602507222032227,-0.03256559168727602,-17.002608108632042,-0.17811421867248656,29.87012987012987,231
1000,-0.3,52,13,5,-0.17647482195620767,-0.032655907897405356,-17.00546973836536,-0.18338601273551192,32.142857142857146,196
500,-0.4,13,26,5,-0.09324784687279286,-0.016598946410659288,-17.02131913631518,-0.09411001258788321,30.508474576271187,118
1000,-0.3,10,26,5,-0.07515081481552777,-0.013270250205886347,-17.0289057843031,-0.08200355138656601,27.358490566037734,106
1000,-0.1,26,8,20,-0.30793871350557434,-0.061000917179355185,-17.038508552879613,-0.3096081165635002,30.597014925373134,402
252,-0.4,52,13,10,-0.20796381591803825,-0.03908342798573128,-17.049511738381163,-0.21672361857247724,32.37410071942446,278
500,-0.3,13,26,5,-0.10815906971641731,-0.019383300002317916,-17.05273950310757,-0.11301806767741707,31.060606060606062,132
500,-0.4,10,20,5,-0.12001279092015804,-0.021624399350096968,-17.054458715399743,-0.1312331646070536,30.263157894736842,152
500,-0.7,52,13,10,-0.0920773067143168,-0.01638198369730015,-17.06616699758229,-0.09123814614453618,30.57851239669421,121
1000,-0.3,10,13,20,-0.15491978315930532,-0.028372602722858242,-17.070068125475515,-0.1625203089465056,26.02040816326531,196
500,-0.8,10,40,5,-0.01840924242046804,-0.0031722226644023133,-17.07349430473229,-0.02275869538346087,18.181818181818183,33
1000,-0.8,3,13,20,-0.037275749965972715,-0.0064748318907696945,-17.076299898658824,-0.04253407532611597,32.608695652173914,46
500,-0.5,40,13,5,-0.18192189907089173,-0.033753018642959876,-17.088934929359077,-0.18499886223284767,33.67875647668394,193
500,-0.3,13,8,20,-0.3248441803264075,-0.06496349661409195,-17.090397037427778,-0.3274705767234437,30.077120822622106,389
1000,-0.6,26,8,20,-0.16810068441617887,-0.03098092607549141,-17.103056052453805,-0.16831814650232868,29.166666666666668,192
500,-0.8,6,52,5,-0.012003373420976127,-0.0020628307661565426,-17.107417791170523,-0.015144695484051396,15.384615384615385,26
500,-0.7,10,8,20,-0.17571411889947752,-0.03250317168447736,-17.116234799145392,-0.17363011226164793,25.136612021857925,183
252,-0.7,3,20,5,-0.0747347814796534,-0.013194363893721972,-17.125809152090795,-0.07788226445642621,33.00970873786408,103
1000,-0.8,52,6,5,-0.11414549122645268,-0.020512003247641575,-17.13028674854823,-0.11906876228015806,30.23255813953488,86
252,-0.6,20,26,5,-0.0834340100018256,-0.014787064055103993,-17.141803639789153,-0.09143634395049294,25.423728813559322,118
252,-0.8,40,40,5,-0.020851514282230865,-0.0035967649900597864,-17.142853566859976,-0.025142553101635934,30.76923076923077,39
500,-0.8,20,13,10,-0.06116371149012534,-0.010734315941672845,-17.14349020963583,-0.0679261600075236,27.397260273972602,73
500,-0.6,10,20,5,-0.09116852568089107,-0.016213698575643032,-17.158738207756116,-0.09546548307441649,29.09090909090909,110
500,-0.6,40,20,10,-0.07547019725673865,-0.013328526173155608,-17.16643647987845,-0.07869357912759001,30.0,110
252,-0.3,52,20,5,-0.1479411969298251,-0.0270052624428867,-17.167291374338436,-0.16576681459822318,29.04761904761905,210
500,-0.7,26,13,5,-0.10938247629425368,-0.01961345412050175,-17.18039946162311,-0.12465916912349406,31.40495867768595,121
1000,-0.3,3,20,5,-0.11885542065401178,-0.021404484823848713,-17.184165713086113,-0.12605261752901942,31.297709923664126,131
500,-0.6,26,20,5,-0.09050458064662625,-0.0160908395564473,-17.197967914413113,-0.0928466035555735,29.09090909090909,110
1000,-0.6,10,13,10,-0.11683814476398002,-0.021021749473873808,-17.200342940938043,-0.11462089493289151,26.446280991735538,121
1000,-0.3,3,13,20,-0.16005938647527185,-0.02938562244658327,-17.203158794280807,-0.16388300181299853,28.061224489795915,196
500,-0.8,10,26,5,-0.032221890619154925,-0.005584921905598228,-17.20611062552479,-0.03867064474775339,23.25581395348837,43
1000,-0.1,40,8,20,-0.30686644471890234,-0.06075229806622284,-17.20910936423821,-0.30686738101425093,29.850746268656714,402
500,-0.6,3,20,5,-0.0890430701374304,-0.015820657615028155,-17.217178447668964,-0.0916585495506902,26.36363636363636,110
1000,-0.5,13,20,5,-0.08046605874428514,-0.014242273018680085,-17.21835940524072,-0.0855370408353926,30.693069306930692,101
1000,-0.6,13,20,5,-0.06584868993515491,-0.011580217398376003,-17.228830800858898,-0.06304399292995799,28.915662650602407,83
252,-0.6,20,13,10,-0.14337904367772758,-0.02611639297723456,-17.230505772802708,-0.15274454099156654,31.443298969072163,194
252,-0.4,13,13,10,-0.20373440845942858,-0.03820794047684062,-17.240568055719947,-0.21370011686814994,30.935251798561154,278
252,-0.4,26,8,20,-0.3174844394255063,-0.06322840548307396,-17.240652007163074,-0.3295148883750215,33.33333333333333,420
252,-0.4,10,13,10,-0.20695036400151912,-0.03887329096815151,-17.247043439766998,-0.2160158683525829,28.41726618705036,278
252,-0.7,3,13,20,-0.10316067812284746,-0.018445685113795185,-17.250170803420538,-0.10807096398669624,31.506849315068493,146
500,-0.4,13,8,20,-0.3055190820134521,-0.0604403465782436,-17.256744470933665,-0.3119204816957324,27.84090909090909,352
252,-0.8,10,8,10,-0.10592530158202473,-0.01896374536445089,-17.260467688480926,-0.1047372887204936,29.357798165137616,109
1000,-0.2,6,20,10,-0.1175056139040146,-0.021148307298132774,-17.262839960718466,-0.12822125377947857,28.289473684210524,152
500,-0.6,3,13,10,-0.14781277121880843,-0.026980186645751747,-17.276093813629025,-0.14446213518219642,28.30188679245283,159
1000,-0.3,6,20,5,-0.12203156107786395,-0.022008564938423847,-17.282613056644347,-0.12906922435119095,28.24427480916031,131
1000,-0.6,26,13,5,-0.10811819092314623,-0.019375614174034994,-17.283726850181633,-0.10538721027712583,28.92561983471074,121
500,-0.8,20,20,10,-0.038313341708149595,-0.006658015471397216,-17.312265717563943,-0.0451479336394256,25.49019607843137,51
500,-0.4,20,8,10,-0.3044744627832836,-0.06019883362780487,-17.323207961545457,-0.31287132938937623,31.818181818181817,352
500,-0.3,20,8,20,-0.3125609351084476,-0.06207630696203903,-17.35493613191971,-0.32142527220749817,31.10539845758355,389
500,-0.1,20,20,5,-0.16320781381819693,-0.03000872076645067,-17.36996612553839,-0.16644054512754702,29.245283018867923,212
252,-0.8,52,20,5,-0.046794917812606474,-0.008161586845951474,-17.3748139397598,-0.053531010532780976,32.20338983050847,59
500,-0.6,13,20,5,-0.09417853994804493,-0.016771618592851367,-17.400165969349267,-0.10062171354410421,31.818181818181817,110
500,-0.1,13,20,5,-0.15195082195171206,-0.027789743366496977,-17.401383274963894,-0.1543923606459192,29.245283018867923,212
1000,-0.6,52,8,10,-0.18792827567296133,-0.03496982235427859,-17.4048467496682,-0.1862544208151552,30.729166666666668,192
252,-0.2,3,20,5,-0.17413773156082535,-0.03218703157390934,-17.407613134279337,-0.1790133309852846,30.962343096234306,239
1000,-0.1,52,8,20,-0.3075156217513313,-0.06090277987504711,-17.41721351222396,-0.30858170770329896,28.60696517412935,402
500,-0.5,13,8,10,-0.2985602542793283,-0.058837128711193176,-17.41904041787056,-0.30094246256196877,31.353135313531354,303
500,-0.2,10,26,5,-0.10401597604834534,-0.0186058170051151,-17.42344340346419,-0.10829230149955016,29.80132450331126,151
500,-0.4,26,26,5,-0.09701249664437361,-0.017298312015536776,-17.42604984824282,-0.09981884975466437,28.8135593220339,118
252,-0.3,13,13,10,-0.2232778464831765,-0.042286208255652324,-17.42898621349429,-0.22603939880183677,33.22683706070288,313
500,-0.8,6,40,10,-0.016568548300216146,-0.0028528314553014633,-17.430568516310885,-0.0202644984964917,24.242424242424242,33
500,-0.2,3,13,20,-0.2125141334397227,-0.040029682456902416,-17.43188051943252,-0.21755909815123486,26.42857142857143,280
252,-0.5,20,20,5,-0.1327387772285672,-0.02405844247597655,-17.47313939141631,-0.1384077316354072,30.409356725146196,171
500,-0.6,20,26,5,-0.06635639539860871,-0.011672097797633785,-17.48919022612207,-0.06788347663489591,29.67032967032967,91
500,-0.7,13,20,5,-0.07142378050800291,-0.012591428997819842,-17.50763320580349,-0.07806397881931715,36.904761904761905,84
1000,-0.7,26,6,20,-0.17810045581320577,-0.032982699920118486,-17.513095946608846,-0.1818319453886329,34.806629834254146,181
1000,-0.4,26,13,5,-0.15329703376636994,-0.028053818481998283,-17.517930107744082,-0.1517745659667552,33.13953488372093,172
500,-0.3,6,13,10,-0.19818835410100044,-0.03706573033391847,-17.51889750254535,-0.20251326404614722,30.241935483870968,248
1000,-0.3,20,13,10,-0.15792036151167166,-0.028963396417741483,-17.51920343879475,-0.16046710843942424,27.55102040816326,196
1000,-0.7,10,8,20,-0.1325462033712853,-0.02402138974526602,-17.527061029689584,-0.13636023664876396,27.659574468085108,141
1000,-0.5,10,20,10,-0.07784403308419952,-0.013762190803302432,-17.530096338785036,-0.08505963521014481,30.693069306930692,101
500,-0.5,6,8,20,-0.3040117692550305,-0.06009195630206354,-17.53690872972835,-0.3076481117880572,27.722772277227726,303
500,-0.3,40,13,10,-0.20398726240758247,-0.038260172773800005,-17.54002722199276,-0.20440913115559323,30.241935483870968,248
252,-0.5,6,20,10,-0.11411240687022894,-0.020505748041020566,-17.550584029178246,-0.12626649960956504,29.82456140350877,171
252,-0.6,13,26,5,-0.08830487447602298,-0.015684327739790005,-17.564736198322148,-0.09366339843386884,28.8135593220339,118
252,-0.5,26,26,5,-0.10108892873287578,-0.018058328986171546,-17.564952514115376,-0.10954024260452422,30.37037037037037,135
1000,-0.8,26,8,10,-0.06869872843829439,-0.012096531275117894,-17.56529077971348,-0.07768750791136336,31.343283582089555,67
1000,-0.5,26,13,20,-0.1096684207948464,-0.019667285391653855,-17.57785653341623,-0.11327865682167415,31.756756756756754,148
1000,-0.4,40,8,20,-0.22845707669616022,-0.043381242826116884,-17.579042200221586,-0.23711081844043969,31.48148148148148,270
1000,-0.8,20,40,5,-0.012161642366120495,-0.0020901684212497607,-17.58176559665806,-0.014223543899045565,21.73913043478261,23
1000,-0.7,26,8,10,-0.1370036260758104,-0.02488078643415803,-17.583973889152656,-0.13654095357510077,29.078014184397162,141
500,-0.6,26,13,10,-0.12116126523535009,-0.021842860683270904,-17.585939048779792,-0.12591675482495324,30.18867924528302,159
1000,-0.7,20,8,10,-0.13625880398667156,-0.02473692812358219,-17.594180694899986,-0.137653886388153,26.24113475177305,141
1000,-0.7,40,8,20,-0.12436770029378297,-0.02245403995327766,-17.594565572575434,-0.12985512273867617,34.04255319148936,141
252,-0.2,6,13,10,-0.2539046047679894,-0.048851794635472956,-17.603705806724722,-0.25965640056869266,29.799426934097422,349
500,-0.3,26,8,20,-0.3050000884305659,-0.06032031914506386,-17.60862156199242,-0.31180132407644057,32.904884318766065,389
252,-0.3,3,26,5,-0.12345545796204893,-0.022279968663908023,-17.61627323615803,-0.13226409258252203,25.595238095238095,168
252,-0.7,20,13,20,-0.10043011977860616,-0.01793530620612316,-17.62608004218708,-0.11040525391746514,30.82191780821918,146
252,-0.2,52,26,5,-0.1353539022441842,-0.024562289607508503,-17.651007991404217,-0.1396546382776006,31.382978723404253,188
1000,-0.4,20,13,5,-0.15910850937475896,-0.02919781716347214,-17.65816165108911,-0.15772210936969766,30.23255813953488,172
500,-0.4,10,8,20,-0.3052343364137795,-0.060374484376788606,-17.65904276292831,-0.308196149501788,28.40909090909091,352
252,-0.5,40,26,5,-0.10261301496521757,-0.018343216161432974,-17.666548894483007,-0.10879424534917637,28.14814814814815,135
500,-0.4,6,20,5,-0.1280276567904941,-0.02315393675263744,-17.66768884194741,-0.13603392532097613,30.263157894736842,152
1000,-0.4,6,20,5,-0.09621872987840074,-0.017150651743613188,-17.678771426615356,-0.1044990222035398,25.862068965517242,116
252,-0.4,52,26,5,-0.10979391578661857,-0.019690915323221536,-17.684184665168964,-0.12107000049236338,32.450331125827816,151
252,-0.4,52,20,5,-0.14708682781017635,-0.026838501242839596,-17.690803122101848,-0.158458581738523,32.27513227513227,189
252,-0.8,6,20,5,-0.03912754461565471,-0.006801875216471576,-17.693158922235813,-0.04096529065404886,28.8135593220339,59
1000,-0.8,20,8,20,-0.060329782960890865,-0.010584112099763732,-17.699837657781604,-0.06420171019434928,31.343283582089555,67
500,-0.4,3,8,20,-0.32820581150278116,-0.06576123721625549,-17.705069527189135,-0.3319909041204049,26.420454545454547,352
1000,-0.5,6,26,5,-0.05836674980412426,-0.010230974240160728,-17.721858452677594,-0.061842130870378376,34.5679012345679,81
500,-0.6,20,8,20,-0.2125973347231821,-0.04004702660842663,-17.729857955055365,-0.21592517823790947,32.64462809917356,242
252,-0.4,26,20,5,-0.15173990923595126,-0.027748401875559492,-17.73279821894755,-0.15415587346563864,32.27513227513227,189
500,-0.5,10,8,20,-0.28215334159834693,-0.05510876107397833,-17.73512503581591,-0.28504404172097897,25.742574257425744,303
252,-0.8,52,8,10,-0.10711219278665696,-0.019186563348247088,-17.7362825543852,-0.11767652542339546,29.357798165137616,109
1000,-0.7,52,20,5,-0.05426325854885505,-0.009494747726577546,-17.743079221426935,-0.05718051577331118,38.46153846153847,65
500,-0.4,52,20,5,-0.12101606127253006,-0.02181522710384287,-17.76338459817458,-0.12681010760006162,28.947368421052634,152
252,-0.6,40,26,5,-0.08970916243651406,-0.015943750076506502,-17.764331912160326,-0.09473661094890906,29.66101694915254,118
252,-0.4,20,20,5,-0.15345955343364825,-0.02808572214822269,-17.766392252422452,-0.1605182381237643,31.216931216931215,189
500,-0.8,13,13,20,-0.05661941096575729,-0.00991715151949002,-17.777845330512015,-0.061594549986277225,27.397260273972602,73
1000,-0.8,3,26,10,-0.01881075031331869,-0.003241956953774161,-17.790490273836852,-0.021019529738650844,31.03448275862069,29
1000,-0.8,13,6,10,-0.09756902868920614,-0.017401904939021606,-17.79347176137787,-0.10626146768413114,30.23255813953488,86
1000,-0.5,13,26,5,-0.060495985165631594,-0.010614038950452542,-17.799630254714152,-0.05998513021751051,29.629629629629626,81
1000,-0.7,40,8,5,-0.1613747882151636,-0.02964571482215439,-17.806994392153296,-0.1647726427617292,33.33333333333333,141
252,-0.6,3,26,5,-0.09049855734743517,-0.01608972532167352,-17.808345900006184,-0.09855537105587997,22.88135593220339,118
252,-0.8,20,6,20,-0.13422804655549148,-0.024345220219057273,-17.81619811681102,-0.13296249930900994,30.075187969924812,133
252,-0.1,10,8,20,-0.42790906903977655,-0.0910767617446282,-17.838800254731602,-0.4311283706863017,31.543624161073826,596
500,-0.1,6,13,20,-0.24213254688248276,-0.04630219058227125,-17.8397031372917,-0.24271635197034436,28.075709779179807,317
1000,-0.2,26,13,10,-0.19297461192166965,-0.03599791705134503,-17.847628552302048,-0.1931758465778618,31.16883116883117,231
1000,-0.8,6,20,5,-0.02248206727561408,-0.0038806944416153177,-17.851628647000098,-0.023934723242589495,31.25,32
1000,-0.5,13,13,20,-0.11436194501543018,-0.020552932600423346,-17.85700446066267,-0.11856464924500798,33.108108108108105,148
500,-0.8,52,20,10,-0.03957851011687641,-0.006881598824546642,-17.873203236416302,-0.04150597515702359,29.411764705882355,51
1000,-0.2,40,13,5,-0.21143736984232453,-0.039805357098721905,-17.873374374429574,-0.20973868423700692,29.43722943722944,231
500,-0.7,40,20,10,-0.05856869962144473,-0.010267275619308625,-17.873410514155733,-0.06343565748041491,29.761904761904763,84
1000,-0.5,10,13,20,-0.11313996028454243,-0.020321975556499283,-17.881233853384803,-0.1182688430450296,30.405405405405407,148
1000,-0.4,52,13,5,-0.15433618322107634,-0.028257897881385108,-17.881264262668452,-0.15815376150106386,27.325581395348834,172
500,-0.3,52,8,20,-0.3131888788821169,-0.06222286428720869,-17.88486219989602,-0.3171560602398187,29.048843187660665,389
500,-0.7,20,20,5,-0.06582513359471576,-0.011575955368783752,-17.888926199167617,-0.07055104336715157,32.142857142857146,84
1000,-0.2,6,13,10,-0.2098238434396711,-0.03946968124594219,-17.896185276171973,-0.21035277552137566,28.57142857142857,231
252,-0.8,26,6,20,-0.12954051988383875,-0.02344395449560399,-17.910909175615373,-0.12903135121681164,28.57142857142857,133
252,-0.4,10,8,20,-0.35189643960029915,-0.0714790165107908,-17.912804517607285,-0.36125555126710507,28.095238095238095,420
500,-0.6,52,13,10,-0.12116297840590773,-0.02184318673714747,-17.937518709919985,-0.12026971036340095,30.81761006289308,159
1000,-0.4,26,8,20,-0.23428377413831591,-0.04462047840352634,-17.937642482280683,-0.2381775698056794,30.74074074074074,270
1000,-0.8,10,40,5,-0.01309323858658007,-0.0022511558414088917,-17.941367670557213,-0.014545896538303849,30.434782608695656,23
1000,-0.8,10,26,5,-0.019893265753547107,-0.0034300872490767853,-17.95536806276905,-0.021082275961514907,34.48275862068966,29
1000,-0.3,3,20,10,-0.11331642926238938,-0.020355312167595008,-17.95578149756343,-0.11749528122392994,28.24427480916031,131
500,-0.4,40,13,5,-0.21104111571434303,-0.039722868215791185,-17.95949157700376,-0.21051988439096903,33.6322869955157,223
500,-0.8,52,26,5,-0.027141507564582668,-0.004694215996643991,-17.985486381144252,-0.03128674905447415,32.55813953488372,43
500,-0.5,26,20,5,-0.10302245112450514,-0.01841981765268208,-17.992864061885893,-0.10520301794575693,30.075187969924812,133
500,-0.6,10,8,20,-0.2368765935549494,-0.04517444007159421,-18.018089490523334,-0.23633557453739562,28.512396694214875,242
252,-0.2,13,20,5,-0.1814213751625976,-0.03365195450533531,-18.027121552477425,-0.18174312221764577,31.799163179916317,239
500,-0.2,10,20,10,-0.12356323694908145,-0.0223005268944777,-18.02916317288404,-0.12559803470195618,30.569948186528496,193
252,-0.2,52,20,5,-0.18252120918465797,-0.03387409682214704,-18.032351224645737,-0.18509276271920938,27.615062761506277,239
500,-0.1,26,13,20,-0.22221006452240988,-0.04206120216745668,-18.04471585685695,-0.22586038264329977,28.075709779179807,317
1000,-0.7,10,13,20,-0.07097358853708091,-0.01250958651447609,-18.047348647786933,-0.0741573365196253,28.08988764044944,89
1000,-0.8,26,8,20,-0.06617441037965188,-0.011639158869816812,-18.052786172181698,-0.07369237973119613,25.37313432835821,67
252,-0.2,20,20,5,-0.1872746347165466,-0.034837043202535445,-18.06379413166985,-0.18914227885584622,30.543933054393307,239
1000,-0.4,13,13,20,-0.14001005840007408,-0.02546251066669769,-18.071932046440036,-0.14311125603078412,30.813953488372093,172
500,-0.7,3,20,10,-0.057758888346045145,-0.010121747372397571,-18.07677040056125,-0.0614793428736885,28.57142857142857,84
500,-0.1,52,13,20,-0.2231849236285499,-0.04226661710096946,-18.095219975777432,-0.22491222836635205,27.129337539432175,317
1000,-0.8,26,20,10,-0.02572295577526429,-0.00444620057067957,-18.106252548766737,-0.029202265199424704,28.125,32
252,-0.7,40,52,5,-0.02865838377302199,-0.00495975408553484,-18.10651018985408,-0.0353421888767963,26.31578947368421,57
252,-0.2,13,13,10,-0.25321441018233537,-0.048701394616378235,-18.127465794445104,-0.25327376097229504,32.95128939828081,349
252,-0.2,26,20,5,-0.17853463533385394,-0.03307007124697925,-18.140510857530188,-0.1787359553557608,29.288702928870293,239
1000,-0.5,6,20,10,-0.08078762037831433,-0.014301227739804467,-18.141536638470154,-0.08590658224313386,26.732673267326735,101
252,-0.4,40,20,5,-0.14498238548853992,-0.02642833267379474,-18.145672759198035,-0.14866123223637762,31.746031746031743,189
500,-0.6,6,13,20,-0.1395987771381033,-0.025382831092528035,-18.149249520900927,-0.14341478516439943,25.78616352201258,159
252,-0.3,10,26,5,-0.11796515564859267,-0.021235486451887775,-18.149820137555782,-0.12118309003272887,27.976190476190478,168
1000,-0.5,40,8,20,-0.20610672861646284,-0.03869853475579832,-18.151253922725044,-0.20842891225127347,31.16883116883117,231
500,-0.4,3,26,5,-0.10554660613063971,-0.018892703543852196,-18.159068134863606,-0.11025037543892213,24.576271186440678,118
500,-0.7,6,20,5,-0.0626332174176023,-0.010999266806049901,-18.16760666593453,-0.06561265173875597,27.380952380952383,84
500,-0.7,6,13,20,-0.0971316388222917,-0.017320484697408767,-18.17245170155644,-0.1002025418935435,27.27272727272727,121
1000,-0.7,10,20,10,-0.047258765043004414,-0.00824413476605268,-18.173274765963946,-0.04823205719895318,33.84615384615385,65
1000,-0.4,3,20,5,-0.09454526478619363,-0.016839697722418334,-18.17354483044111,-0.09684693650890641,29.310344827586203,116
500,-0.3,26,13,10,-0.21120062866780676,-0.03975607016240712,-18.17905341153496,-0.21369798926906491,31.451612903225808,248
1000,-0.1,20,13,10,-0.2185694136963926,-0.04129595378528139,-18.187178411254717,-0.22646310782226942,31.620553359683797,253
252,-0.2,40,20,5,-0.18518406414343436,-0.03441296293518603,-18.189333796854484,-0.18388506997269127,30.543933054393307,239
500,-0.2,20,13,10,-0.21711465371791527,-0.040990996089429355,-18.19204529802318,-0.22054284856500617,31.071428571428573,280
252,-0.8,10,8,20,-0.0988159434085738,-0.017634198154221514,-18.20843141884048,-0.10340110507088329,25.688073394495415,109
252,-0.4,40,13,10,-0.20999713780372375,-0.039505705919557155,-18.20925911928048,-0.21507629270648543,33.093525179856115,278
1000,-0.7,3,52,5,-0.017817638878359743,-0.0030695154515975043,-18.210788414636696,-0.022166290401169353,23.333333333333332,30
252,-0.7,52,26,10,-0.04871356514623315,-0.008503252514447168,-18.215311326110292,-0.05593967541354283,28.08988764044944,89
252,-0.7,13,13,20,-0.10468123722654166,-0.018730457185992422,-18.224744725983197,-0.11229183451448976,26.027397260273972,146
500,-0.5,26,26,5,-0.09450714928333026,-0.01683262086179238,-18.23614789717617,-0.09562986914562865,29.807692307692307,104
252,-0.2,20,26,5,-0.13572466597032207,-0.024633825594695402,-18.236193791420305,-0.143852959520822,27.659574468085108,188
252,-0.8,40,6,20,-0.13008651723411724,-0.0235487254906126,-18.240046288431557,-0.13026166720769916,30.075187969924812,133
500,-0.1,20,13,20,-0.22111903191872717,-0.041831560983397686,-18.24574845825877,-0.22624007210767372,31.230283911671926,317
500,-0.8,40,13,10,-0.061900090733827295,-0.010867041582775627,-18.246685111904654,-0.06799633849454534,32.87671232876712,73
500,-0.3,40,8,20,-0.3119663561346807,-0.06193763898582039,-18.269402076737407,-0.31419224468137363,31.10539845758355,389
1000,-0.3,13,20,5,-0.11766205198581747,-0.0211779807668383,-18.271523071761848,-0.12172510861386587,30.53435114503817,131
500,-0.8,13,26,5,-0.03203814539593197,-0.0055526397322960275,-18.29401076788335,-0.035475204877844946,20.930232558139537,43
500,-0.6,13,13,10,-0.12294503690496206,-0.02218263719413971,-18.30804659184671,-0.12593030104649416,33.9622641509434,159
500,-0.4,26,8,20,-0.2863548847555435,-0.05605675174343472,-18.313194824064027,-0.2957718813157375,30.113636363636363,352
500,-0.5,20,20,5,-0.10787230056261754,-0.019329389246576678,-18.314011493011122,-0.11161290550234026,31.57894736842105,133
1000,-0.1,26,13,10,-0.2117323717524635,-0.039866790455323375,-18.32028791818549,-0.21515977706388933,30.8300395256917,253
252,-0.7,10,13,20,-0.10705230121574405,-0.01917531387672633,-18.328177222955098,-0.11618597130291808,25.34246575342466,146
1000,-0.1,20,20,5,-0.14528698320380884,-0.02648764877831611,-18.34977559417163,-0.15161805115478633,31.176470588235293,170
500,-0.4,10,26,5,-0.1002760609199167,-0.01790654877968212,-18.353014770942853,-0.09994079662440347,31.35593220338983,118
252,-0.3,40,20,5,-0.15519482348343472,-0.028426683853211898,-18.353299433021007,-0.16619848480335653,29.523809523809526,210
252,-0.6,20,20,10,-0.10267766181422033,-0.01835530902663407,-18.35499963653626,-0.11182528732919561,30.935251798561154,139
1000,-0.2,10,20,20,-0.11496200645293475,-0.02066644188787492,-18.35888097731845,-0.12233245564584072,25.0,152
1000,-0.4,10,20,5,-0.09313599075983481,-0.016578203553920923,-18.36095651774609,-0.09851016306996041,30.17241379310345,116
1000,-0.5,40,13,10,-0.12366703678717561,-0.02232032810623752,-18.36249119243685,-0.12747384377461835,31.756756756756754,148
252,-0.1,6,26,5,-0.1468773261865487,-0.026797630526155136,-18.367189589647477,-0.1513334705553535,30.845771144278604,201
1000,-0.6,10,13,20,-0.1136590704523579,-0.020420055946827165,-18.37430887660627,-0.11374687893485058,28.09917355371901,121
500,-0.8,13,8,20,-0.10408755640574341,-0.018619224277546698,-18.384571943873627,-0.10388196223334012,29.245283018867923,106
252,-0.8,13,8,10,-0.10598069091202611,-0.01897413828226635,-18.387386601874503,-0.10639385209716434,32.11009174311927,109
500,-0.6,20,13,10,-0.1234819429722851,-0.022285020335201966,-18.409409422506556,-0.13061389352774966,31.446540880503143,159
1000,-0.4,10,13,20,-0.14580194246658207,-0.026587969692969837,-18.422582449628504,-0.1513745361285318,29.651162790697676,172
500,-0.5,52,13,10,-0.17961554888796882,-0.033287753328384184,-18.43269153248246,-0.17867959127732502,31.088082901554404,193
500,-0.8,10,52,5,-0.01383435864478666,-0.0023793174284740815,-18.43290704178114,-0.01751249094179319,15.384615384615385,26
1000,-0.8,26,13,5,-0.03834854249497588,-0.006664232933364933,-18.433357528737943,-0.04514123823559568,30.434782608695656,46
252,-0.2,40,26,5,-0.13977725098160287,-0.02541740384329061,-18.437851759473208,-0.14186729116671482,31.382978723404253,188
252,-0.7,26,20,10,-0.07115687544982896,-0.012542903122378823,-18.447638098823386,-0.07328895595376006,27.184466019417474,103
1000,-0.3,13,13,20,-0.15892078274005594,-0.029160760571702138,-18.45042226088874,-0.1645032468833605,27.040816326530614,196
1000,-0.8,6,40,10,-0.012675327255844637,-0.0021789217830415764,-18.454394649280683,-0.014052619611181316,34.78260869565217,23
1000,-0.8,13,13,20,-0.03789665754141114,-0.00658443150551713,-18.455367314888655,-0.04547099041624969,23.91304347826087,46
1000,-0.2,52,13,10,-0.1908604558409145,-0.0355665512522777,-18.48278967363619,-0.18934886582476862,29.004329004329005,231
500,-0.4,13,20,5,-0.11938903832131076,-0.021505848946758332,-18.499615630458262,-0.12716249717409278,30.92105263157895,152
1000,-0.5,52,13,10,-0.1325754274593699,-0.024027012251643387,-18.511550811202248,-0.13472515580385258,32.432432432432435,148
252,-0.3,6,26,5,-0.1380133356652552,-0.02507597075072543,-18.51850264743966,-0.14203489578744066,27.380952380952383,168
500,-0.2,6,20,10,-0.12709528753419974,-0.022975408094976224,-18.53476489073459,-0.1319947198995015,31.606217616580313,193
500,-0.7,26,26,5,-0.05125609392651498,-0.00895689789719778,-18.53625295642641,-0.051364102127884004,30.985915492957744,71
500,-0.3,13,20,10,-0.11334920284976613,-0.020361504004922093,-18.54346353588872,-0.11822286347793387,30.72289156626506,166
252,-0.8,13,8,20,-0.09895034382264867,-0.017659252101970058,-18.54980042064194,-0.09931091492012722,27.522935779816514,109
500,-0.6,10,13,10,-0.14378814159332276,-0.02619593938840825,-18.566747587308743,-0.1481357402082757,29.559748427672954,159
500,-0.6,26,8,20,-0.22184484714861885,-0.04198430128248365,-18.56908445676573,-0.22656126080592676,29.75206611570248,242
1000,-0.3,3,26,10,-0.07341019258801729,-0.012952941300192422,-18.56970282471603,-0.07689862068483488,29.245283018867923,106
500,-0.4,52,8,20,-0.2960159567391495,-0.058254248543573084,-18.582687305279975,-0.30056530137948023,29.829545454545453,352
1000,-0.7,26,20,10,-0.04450250035031478,-0.007754108300113471,-18.585678871174817,-0.04652497730475591,40.0,65
500,-0.3,20,13,10,-0.21434821518593938,-0.04041236826593453,-18.597407020560194,-0.2199164576578383,31.85483870967742,248
1000,-0.4,40,13,5,-0.16477943178923227,-0.030320483734630366,-18.61696033401956,-0.16489477190269675,29.069767441860467,172
1000,-0.7,52,8,5,-0.16476985931832455,-0.030318583365316565,-18.619088289343836,-0.16644844861744967,34.04255319148936,141
500,-0.1,3,20,5,-0.17390399772688925,-0.032140199495767297,-18.622111282958098,-0.18062596168697775,28.77358490566038,212
252,-0.8,20,8,20,-0.09390457317571099,-0.016720774063580524,-18.62285184361239,-0.10178602575612294,30.275229357798167,109
500,-0.4,20,13,5,-0.21987060737183084,-0.04156911876867553,-18.626119747324772,-0.22037002798496397,29.596412556053814,223
500,-0.3,3,40,5,-0.063491909623557,-0.01115424782750074,-18.630874574285386,-0.07040475131900004,29.03225806451613,93
252,-0.4,3,13,20,-0.21110626509753705,-0.03973642811201272,-18.63634858573608,-0.2168176804869022,28.776978417266186,278
1000,-0.3,40,13,10,-0.16375613137613865,-0.030117435731629505,-18.64481955673404,-0.16776592726706718,33.16326530612245,196
500,-0.4,10,13,5,-0.2138326704052873,-0.04030472377314154,-18.66053717788757,-0.21065792198609434,30.94170403587444,223
1000,-0.6,20,20,5,-0.06493638809157576,-0.01141522041870513,-18.665782947068664,-0.06428431163070414,27.710843373493976,83
500,-0.2,3,20,10,-0.13507740493261644,-0.02450895814584575,-18.66656558067937,-0.13719958124809706,27.979274611398964,193
252,-0.8,3,13,5,-0.07234843260321067,-0.01275962899977301,-18.67462117344327,-0.07598598526887024,30.666666666666664,75
1000,-0.2,6,40,5,-0.05418049370179168,-0.00947992576575074,-18.68050228767603,-0.059985456198553444,22.22222222222222,81
1000,-0.2,10,26,5,-0.0933888124108786,-0.01662509040800675,-18.680808777864538,-0.09680997649358991,31.40495867768595,121
252,-0.5,6,13,20,-0.1728001797181311,-0.03191918132616556,-18.681033971006812,-0.18259815986911343,27.86885245901639,244
1000,-0.7,3,20,20,-0.0433777759652334,-0.007554484166533482,-18.68956969159607,-0.050087767629938496,32.30769230769231,65
252,-0.7,26,52,5,-0.03260668310660886,-0.0056525425108248095,-18.696832911641405,-0.039403292215355434,28.07017543859649,57
500,-0.2,13,26,5,-0.1116196719415633,-0.02003500664898661,-18.69734308653689,-0.11655760316360064,25.165562913907287,151
1000,-0.1,10,13,20,-0.20732496729654548,-0.03895093818494999,-18.69817499245606,-0.2159523934102454,31.225296442687743,253
500,-0.2,13,13,20,-0.21603551955686284,-0.04076508323639305,-18.701604317678946,-0.2209892070588586,29.642857142857142,280
500,-0.4,13,13,10,-0.1934593135036511,-0.036096946037409094,-18.71276292022191,-0.19677023512119762,31.390134529147986,223
500,-0.5,10,13,5,-0.18856721407319554,-0.03509970052198297,-18.715688641160877,-0.18592380191711222,30.05181347150259,193
252,-0.6,3,13,20,-0.1522584027022723,-0.027850048264790206,-18.716289376800063,-0.1584790458052081,26.288659793814436,194
500,-0.1,40,13,20,-0.22026119888876516,-0.04165119097114389,-18.740434082998863,-0.22387821224258297,28.706624605678233,317
500,-0.7,10,26,5,-0.04715208197368281,-0.008225146113958859,-18.74102532884134,-0.04554704114537933,29.577464788732392,71
500,-0.3,3,13,20,-0.1978965319994873,-0.037005811144132705,-18.743984122552718,-0.20082971136397665,25.403225806451612,248
1000,-0.7,13,20,10,-0.045055013087217266,-0.007852243574810513,-18.753894118189557,-0.04677780623554517,36.92307692307693,65
1000,-0.2,40,13,10,-0.1941692843215398,-0.036242088694073527,-18.775261550384087,-0.19394550012196032,30.735930735930733,231
252,-0.5,13,20,10,-0.11728411529337368,-0.0211063004835641,-18.785752466762904,-0.126354939537073,30.994152046783626,171
252,-0.7,52,40,5,-0.039236050001353884,-0.006821054427920803,-18.788522056614138,-0.04414976167946372,22.727272727272727,66
252,-0.7,6,13,20,-0.10838042300960482,-0.01942492282538255,-18.7915462801097,-0.11670847757155456,26.027397260273972,146
1000,-0.7,40,52,5,-0.01775862091096414,-0.003059272263364665,-18.80059442215566,-0.022256187456257348,26.666666666666668,30
1000,-0.7,6,52,10,-0.015902281655718276,-0.0027373452028227607,-18.811588028045307,-0.018919315662058067,16.666666666666664,30
1000,-0.6,6,20,5,-0.07133358396427725,-0.012575029115844516,-18.816268052855772,-0.07377617788945456,26.506024096385545,83
500,-0.7,10,13,20,-0.09805613167222293,-0.017492617803112176,-18.817395528820253,-0.10225821070535723,23.96694214876033,121
500,-0.2,20,20,5,-0.15252758246673126,-0.02790283907374369,-18.822093256549213,-0.1542584842963074,29.015544041450774,193
500,-0.2,52,13,20,-0.21102935740888729,-0.03972042099447404,-18.832164149558942,-0.21071664263204481,27.857142857142858,280
252,-0.1,40,20,5,-0.2060070196417163,-0.03867789055369142,-18.849852775131463,-0.20908880888158754,32.421875,256
252,-0.2,6,26,5,-0.13701918270604596,-0.024883792209333122,-18.85278637457936,-0.13978736136337633,29.78723404255319,188
500,-0.8,20,65,5,-0.009315020585056732,-0.0015990276191480968,-18.861745471016125,-0.012067994680497462,21.73913043478261,23
500,-0.6,13,8,20,-0.2386565753764588,-0.045555641119166324,-18.863974972109645,-0.2415548605263551,28.512396694214875,242
500,-0.3,6,20,10,-0.11988131843469618,-0.021599405900006863,-18.869305944458215,-0.1259665258052035,27.710843373493976,166
500,-0.5,6,13,5,-0.18137832604606485,-0.03364326456238631,-18.88212351856413,-0.18335753947638522,28.497409326424872,193
500,-0.7,26,20,5,-0.07444327385758898,-0.013141208472008947,-18.885612142901294,-0.07580644167785522,27.380952380952383,84
252,-0.8,13,6,10,-0.15983219144914662,-0.029340733723908108,-18.898580759543947,-0.15846054928315367,28.57142857142857,133
252,-0.2,3,26,5,-0.1340748479547028,-0.024315701018806757,-18.898615179696673,-0.13649934755072124,29.25531914893617,188
1000,-0.7,40,8,10,-0.14082754485875337,-0.02562098024664239,-18.900560150260382,-0.14375622781847008,31.914893617021278,141
500,-0.6,6,26,5,-0.07234615330515348,-0.012759214210345537,-18.902126860035697,-0.07726703834428228,29.67032967032967,91
500,-0.5,20,8,20,-0.2737475973995681,-0.05322590455246934,-18.906867831679293,-0.2827419176563213,28.052805280528055,303
1000,-0.1,6,13,20,-0.20540957656529335,-0.03855423820661008,-18.91819049864285,-0.21358005766847254,29.64426877470356,253
500,-0.8,20,40,5,-0.01927918055356337,-0.0033233442883342512,-18.924977710967795,-0.02230425029648786,24.242424242424242,33
1000,-0.8,40,6,10,-0.10655971669135966,-0.01908281513528909,-18.933626619882908,-0.10641034184042741,29.069767441860467,86
500,-0.8,13,40,5,-0.020448917146627887,-0.0035267207828275637,-18.933762693679117,-0.023266527709582374,18.181818181818183,33
500,-0.4,40,20,5,-0.12581476145267634,-0.0227304723664844,-18.95102411656031,-0.12821614510310053,26.973684210526315,152
1000,-0.7,13,8,10,-0.14943981915601345,-0.0272981081821303,-18.956135591664772,-0.14974620713939468,29.78723404255319,141
252,-0.5,40,13,10,-0.18763398685688937,-0.03491003022593586,-18.969342743646052,-0.1967729412054905,30.737704918032787,244
500,-0.5,26,8,20,-0.2677744630107055,-0.05189889402883208,-18.974121360551113,-0.27500657025824227,28.052805280528055,303
252,-0.7,10,52,5,-0.03133118886063124,-0.005428481989274037,-18.97417903184806,-0.03812983308842599,15.789473684210526,57
500,-0.3,13,13,20,-0.19994447440669172,-0.037426692879364176,-18.977110276130517,-0.20568571595894258,30.241935483870968,248
1000,-0.8,52,6,20,-0.09745407805327377,-0.01738050367861399,-18.978028256533303,-0.09889710877861169,27.906976744186046,86
1000,-0.6,3,20,10,-0.06178736642995852,-0.010846718457827587,-18.979728886049628,-0.06462710271563177,31.32530120481928,83
500,-0.1,10,13,20,-0.24509049377146142,-0.046939720516948724,-18.984812792207848,-0.24678345144153957,26.498422712933756,317
500,-0.4,52,13,10,-0.2080898920122055,-0.039109585172865446,-18.99137755136744,-0.2068329416617325,28.251121076233183,223
1000,-0.3,52,13,10,-0.169037403303268,-0.031167590949518043,-19.00330025874811,-0.17038697954754556,30.612244897959183,196
500,-0.3,10,20,10,-0.11426188659021697,-0.0205340114733098,-19.014157515824376,-0.11794377424126334,31.92771084337349,166
1000,-0.1,40,13,10,-0.2106081880706443,-0.03963278419735139,-19.01864624426744,-0.21251170503223182,29.64426877470356,253
500,-0.2,26,13,20,-0.20923057504845965,-0.03934640135898626,-19.019465255289177,-0.2109328521817605,27.500000000000004,280
500,-0.5,3,20,5,-0.11291098962229495,-0.020278729090457803,-19.019512427415542,-0.11523631397173162,28.57142857142857,133
1000,-0.8,26,40,10,-0.014298464231225383,-0.002459615679053062,-19.020910864434928,-0.017278840666808182,21.73913043478261,23
1000,-0.3,6,40,5,-0.05389681809265756,-0.009429131813949554,-19.02123408680636,-0.06125616165818393,25.0,72
1000,-0.1,3,26,10,-0.10159349494927905,-0.0181525997819999,-19.025783741853623,-0.11142196690469142,20.610687022900763,131
500,-0.4,6,13,5,-0.2193690753312112,-0.04146378536496975,-19.04929759927218,-0.2207481110202234,30.493273542600896,223
1000,-0.8,3,20,20,-0.023744331909366978,-0.004100763299050736,-19.061294696451508,-0.02618009222392259,31.25,32
1000,-0.4,13,20,5,-0.10050016825013375,-0.01794838316776559,-19.063591553224338,-0.1037243247175409,29.310344827586203,116
1000,-0.3,26,13,10,-0.16802917724961075,-0.03096668362784727,-19.087401095944454,-0.16982011552591136,28.57142857142857,196
500,-0.1,52,20,10,-0.15225692106111677,-0.02784975772778231,-19.088018543153645,-0.1571625157601293,26.41509433962264,212
1000,-0.7,40,20,10,-0.04905777956092794,-0.008564609380117272,-19.09186721946332,-0.052858466538860505,32.30769230769231,65
1000,-0.4,20,13,10,-0.15445790746054366,-0.028281817003138476,-19.09520433343191,-0.15443601722339273,29.069767441860467,172
1000,-0.8,26,40,20,-0.01363163912334886,-0.0023442532939412786,-19.111406484745924,-0.01633141784551051,21.73913043478261,23
1000,-0.2,10,13,20,-0.19226219733568772,-0.03585245366334344,-19.117017108173663,-0.19143209400894845,27.27272727272727,231
252,-0.5,20,13,20,-0.16752040236255228,-0.03086537762083652,-19.143064685466133,-0.17940006443197642,29.918032786885245,244
500,-0.7,20,13,10,-0.08812106403516495,-0.015650395882686685,-19.155304509887767,-0.09035256517485779,29.75206611570248,121
1000,-0.1,20,13,20,-0.20565647235643036,-0.03860532869651967,-19.164354826837762,-0.21139124259719433,31.620553359683797,253
500,-0.7,52,26,5,-0.05030517913560384,-0.00878711506740415,-19.17606987082234,-0.04830036295029405,22.535211267605636,71
1000,-0.7,40,13,5,-0.09213785692590759,-0.016393201150095127,-19.20237035075663,-0.0944563525992771,29.213483146067414,89
252,-0.5,10,13,20,-0.16992874763313115,-0.03134537583845387,-19.234868323542585,-0.17855253375918867,28.278688524590162,244
1000,-0.8,13,6,20,-0.09867066521319989,-0.017607119933108373,-19.236706084103062,-0.10421477338728258,29.069767441860467,86
500,-0.2,40,40,5,-0.07425326931913723,-0.013106569262520296,-19.265188163377903,-0.07838948997119644,22.429906542056074,107
1000,-0.1,10,26,5,-0.1142897022435625,-0.02053927125745847,-19.270834004637685,-0.1152682785139657,29.00763358778626,131
1000,-0.1,6,26,5,-0.11398057410461426,-0.02048082455284128,-19.284875573525063,-0.12095186009040049,27.480916030534353,131
500,-0.2,13,20,10,-0.12568888400453415,-0.022706410912069486,-19.294728248181492,-0.12886339019167103,32.64248704663213,193
1000,-0.5,3,20,20,-0.07867825687879004,-0.013914810900620966,-19.295459462167102,-0.08014558970458674,27.722772277227726,101
1000,-0.1,13,13,20,-0.20356627448568632,-0.03817321648192451,-19.301456492487226,-0.21063574166528065,27.66798418972332,253
500,-0.8,3,20,5,-0.04424339482833484,-0.007708103135474875,-19.307366361231285,-0.04295934399808343,25.49019607843137,51
252,-0.8,52,13,5,-0.07967488035364723,-0.014097292054114141,-19.33658884330984,-0.08822677130674028,29.333333333333332,75
1000,-0.5,20,20,10,-0.08196695961866851,-0.014517592811921443,-19.343020874284267,-0.08561517268877439,27.722772277227726,101
1000,-0.7,20,8,20,-0.13792568876051692,-0.02505902044701147,-19.34813705307162,-0.1381986271778124,26.24113475177305,141
1000,-0.5,10,26,5,-0.061678368094783886,-0.010827069014660129,-19.37592936862563,-0.061835800242268646,29.629629629629626,81
1000,-0.1,26,26,5,-0.1114572489889456,-0.020004371845682045,-19.387886650911494,-0.11450927202400818,29.00763358778626,131
500,-0.5,13,8,20,-0.30176516144114207,-0.0595738493907505,-19.39234484041503,-0.3018922487751815,27.39273927392739,303
1000,-0.2,52,20,5,-0.13438363738546166,-0.024375204800510253,-19.39925164062498,-0.14141197477947187,24.342105263157894,152
1000,-0.8,52,8,20,-0.0648715088520464,-0.011403491580376901,-19.418824595993133,-0.06760594683543886,32.83582089552239,67
1000,-0.6,52,13,5,-0.11839108730000758,-0.021316323102232193,-19.42834237930676,-0.11604550281303116,32.231404958677686,121
500,-0.2,40,20,10,-0.14228325481257453,-0.025903479053908995,-19.428700560530494,-0.14218792429849514,26.94300518134715,193
1000,-0.7,13,13,10,-0.07919064568663747,-0.014008608530286404,-19.431881933513186,-0.08175741680964821,30.337078651685395,89
252,-0.8,40,13,5,-0.08208987314523886,-0.01454015614854065,-19.440917372221747,-0.08758608855048333,28.000000000000004,75
500,-0.1,52,26,5,-0.1232915616089778,-0.022248710379914938,-19.45122080630327,-0.12833296085022305,25.149700598802394,167
500,-0.4,40,8,20,-0.3032783362424577,-0.05992266163382154,-19.458835122292598,-0.30894842573442616,28.125,352
252,-0.8,40,8,20,-0.0979900754747367,-0.017480313821471083,-19.460120727051407,-0.10442906920402684,29.357798165137616,109
252,-0.1,6,13,20,-0.2785409869602352,-0.0542973789264003,-19.464519177349764,-0.2823101547848934,27.77777777777778,378
252,-0.7,40,13,20,-0.10518532723076868,-0.018824952238834958,-19.481551952949673,-0.11024544774674039,26.027397260273972,146
500,-0.2,40,65,5,-0.04175137156577913,-0.007266162101840168,-19.48281522699034,-0.04928166984031446,17.142857142857142,70
500,-0.7,40,13,10,-0.10075289530434672,-0.017995570402078664,-19.485964935128912,-0.10101477739449427,28.92561983471074,121
1000,-0.2,26,20,5,-0.14015476228940427,-0.025490552386866816,-19.502955180703093,-0.144321071709824,30.92105263157895,152
1000,-0.6,10,26,5,-0.04995708359479045,-0.008724998945546347,-19.50434411443083,-0.051156115108864864,28.78787878787879,66
500,-0.6,40,13,10,-0.12188935850345584,-0.02198148027597524,-19.50751740778232,-0.12268972882210116,31.446540880503143,159
252,-0.7,20,26,10,-0.056461348240460674,-0.009888787166354773,-19.518410269599695,-0.06288757065312756,26.96629213483146,89
500,-0.5,52,8,20,-0.27998816083003,-0.05462202787669712,-19.521716045368425,-0.28379971840365315,29.7029702970297,303
500,-0.5,6,40,5,-0.056490574559294404,-0.009894031531874403,-19.524979155037222,-0.06016253236254154,27.631578947368425,76
252,-0.1,20,26,5,-0.14539301801545557,-0.02650830167283813,-19.533840881166014,-0.14677368118551326,24.378109452736318,201
500,-0.7,40,20,5,-0.07138637275664073,-0.012584627216537858,-19.537837545245193,-0.07268003397762768,28.57142857142857,84
252,-0.5,20,26,5,-0.10602387627838061,-0.01898224169272822,-19.549154661043282,-0.11400531972517958,26.666666666666668,135
252,-0.2,3,13,20,-0.2522705782928717,-0.04849591102137785,-19.549903809276845,-0.2581591056390473,29.512893982808023,349
500,-0.5,20,13,5,-0.20375955517433186,-0.03821313444349883,-19.559073543676774,-0.2087570916177599,30.569948186528496,193
500,-0.8,52,26,10,-0.027839252772364653,-0.004816317732665665,-19.559408498404846,-0.031327519608725596,27.906976744186046,43
500,-0.3,26,26,5,-0.1257582837534622,-0.022719676307938363,-19.569513718326952,-0.12738825353769623,25.0,132
252,-0.8,52,8,20,-0.10707253463640432,-0.019179114262919406,-19.570129621057767,-0.1163188124760276,25.688073394495415,109
1000,-0.7,6,13,20,-0.08225531578606327,-0.014570530544417704,-19.572394178918312,-0.086586131361722,23.595505617977526,89
500,-0.6,20,20,5,-0.09910563137589012,-0.017688203536215363,-19.57527452288789,-0.10279788255766387,27.27272727272727,110
500,-0.4,3,13,10,-0.20294150314427561,-0.038044238335953606,-19.581988567784755,-0.20435366901195462,28.251121076233183,223
500,-0.1,40,20,10,-0.14527710317922526,-0.02648572450805342,-19.58624118552936,-0.14835949383449043,26.41509433962264,212
1000,-0.2,6,13,20,-0.2030310518022851,-0.0380627196645118,-19.590828093575126,-0.2028222471719443,27.27272727272727,231
500,-0.5,40,13,10,-0.17658742843088848,-0.03267852729616472,-19.613682423730637,-0.17848283306192603,29.015544041450774,193
252,-0.7,6,20,5,-0.07801599284208549,-0.013793641237060505,-19.61649836928361,-0.08175652270900269,29.126213592233007,103
1000,-0.2,3,20,20,-0.12778927462709322,-0.02310827664346804,-19.620919408314297,-0.13056417823491573,24.342105263157894,152
500,-0.3,52,13,20,-0.20344311278706606,-0.03814778427582921,-19.630571302795254,-0.2040804731467981,25.806451612903224,248
500,-0.7,3,13,10,-0.11630869721824577,-0.020921418098840183,-19.64439913590213,-0.11776310226715403,25.6198347107438,121
1000,-0.1,3,20,10,-0.13849061048350086,-0.025168297473535772,-19.64659277374963,-0.14024452041829805,30.0,170
252,-0.3,52,26,5,-0.1347829323524561,-0.02445217511093234,-19.654017186918953,-0.14399073717945066,28.57142857142857,168
500,-0.4,26,13,10,-0.20221239866559637,-0.03789382752980475,-19.664835038404032,-0.20372027057760644,31.390134529147986,223
500,-0.6,52,65,5,-0.021805468753557822,-0.0037628301962515653,-19.680862129535218,-0.024787508800164892,27.906976744186046,43
1000,-0.2,13,13,20,-0.19319287264625362,-0.0360425036183426,-19.681814598648682,-0.19494171179846942,26.83982683982684,231
1000,-0.6,10,20,5,-0.07121022309756697,-0.01255260130717284,-19.69412850119021,-0.06915518879863292,28.915662650602407,83
1000,-0.8,13,26,5,-0.021045216062406724,-0.0036304739051646884,-19.6947332436365,-0.02154831054611761,24.137931034482758,29
500,-0.1,40,65,5,-0.049002069347642285,-0.008554677681337663,-19.730585148427902,-0.05625257498700165,15.384615384615385,78
500,-0.6,3,13,20,-0.1475917039012612,-0.026937029423238834,-19.740554515025078,-0.14542315856781907,22.0125786163522,159
1000,-0.2,20,26,5,-0.10104907463865953,-0.018050884702744074,-19.74534797397015,-0.10411379492162176,24.793388429752067,121
500,-0.5,3,13,20,-0.16988269259746192,-0.03133618596154608,-19.750098684764897,-0.16908797791869812,24.870466321243523,193
1000,-0.8,20,20,5,-0.026123740703196452,-0.004516242271920712,-19.756770710299538,-0.02835932691879617,31.25,32
1000,-0.3,20,13,20,-0.15355276029484888,-0.02810402155156788,-19.759197457041473,-0.15956901879069663,27.040816326530614,196
500,-0.2,52,20,10,-0.13865755513600142,-0.025200602195269317,-19.762272515513473,-0.13813883088532197,26.94300518134715,193
252,-0.6,3,20,10,-0.1091856918475742,-0.01957641624381301,-19.763549975549747,-0.11367562141716991,27.33812949640288,139
500,-0.8,52,13,20,-0.05852161328069416,-0.010258811062764717,-19.771378314633868,-0.061609640706535185,30.136986301369863,73
1000,-0.1,26,20,5,-0.14584069228819163,-0.02659552070183213,-19.781104100504482,-0.15000681024275297,30.58823529411765,170
252,-0.5,3,20,10,-0.11896211107680188,-0.02142474728789656,-19.795351434663985,-0.12786406592658883,25.730994152046783,171
252,-0.4,3,26,10,-0.1143641603846074,-0.020553351548534105,-19.800801481460784,-0.12002489844567377,25.165562913907287,151
500,-0.8,6,20,5,-0.03968998306853844,-0.006901310272686034,-19.8055006064321,-0.03894117998419444,31.372549019607842,51
500,-0.7,13,20,10,-0.06730887428804799,-0.011844581468954951,-19.809250052044682,-0.07338052751769863,29.761904761904763,84
252,-0.1,26,26,5,-0.15431875096832892,-0.02825447263315828,-19.811805571798192,-0.15377207697957218,25.870646766169152,201
1000,-0.3,3,20,20,-0.11440868574601804,-0.0205617719167136,-19.81223453090669,-0.1164720283997368,26.717557251908396,131
1000,-0.6,40,13,5,-0.11404498677838137,-0.020493001630875418,-19.813390900038446,-0.11123765823505771,29.75206611570248,121
1000,-0.5,40,13,20,-0.120102059799707,-0.02164137148894596,-19.81729489412978,-0.12490154641216888,29.72972972972973,148
500,-0.1,20,20,10,-0.14971476520531435,-0.027351881814206225,-19.818605773081615,-0.15383495666116354,27.358490566037734,212
252,-0.5,3,13,20,-0.1828244672807724,-0.03393539187201755,-19.825083644030293,-0.19021417338379354,26.639344262295083,244
500,-0.1,26,20,5,-0.16950955227575037,-0.03126174467633991,-19.829950778809646,-0.17228483221062607,28.30188679245283,212
1000,-0.8,10,26,10,-0.019237588145387452,-0.0033161165187395314,-19.835718996203287,-0.020248597717382077,31.03448275862069,29
252,-0.6,26,65,5,-0.030688196853509653,-0.0053156230949158445,-19.85146880183254,-0.03671435583628113,26.229508196721312,61
1000,-0.3,6,26,10,-0.07620398594587907,-0.01346247982819826,-19.85834684951165,-0.08113098257848994,22.641509433962266,106
1000,-0.2,13,20,10,-0.13044733453192403,-0.023617992353505146,-19.869399526381056,-0.13243404961377125,29.605263157894733,152
1000,-0.1,40,13,20,-0.20548883683810004,-0.03857063821080364,-19.878804052182637,-0.20964965098030963,26.48221343873518,253
252,-0.7,26,13,20,-0.1098985055411088,-0.019710611037702108,-19.885627066277962,-0.1158165686721675,28.767123287671232,146
500,-0.4,20,8,20,-0.30860164925245415,-0.061154787030085256,-19.888232308867806,-0.3156576161211768,27.556818181818183,352
500,-0.6,13,26,10,-0.06123029708613559,-0.01074631383819491,-19.889611798567646,-0.06314200964269767,28.57142857142857,91
500,-0.3,26,20,10,-0.11445980691585589,-0.0205714400772673,-19.89517149818592,-0.1180456019243854,28.915662650602407,166
252,-0.8,26,8,20,-0.09939004910304017,-0.01774124041577485,-19.897452608127388,-0.10462010591286308,26.605504587155966,109
252,-0.2,10,26,5,-0.1355964613570637,-0.024609086631228516,-19.905294596433638,-0.1361972274545452,28.191489361702125,188
500,-0.5,40,8,20,-0.2802109665355236,-0.05467205860644431,-19.905720567445112,-0.2837815037369106,30.363036303630363,303
1000,-0.5,13,20,10,-0.08540532357628272,-0.015149723140524873,-19.906725648308413,-0.08836501662553509,26.732673267326735,101
1000,-0.4,52,20,5,-0.09578441427196338,-0.017069903787508278,-19.91301376135845,-0.10276577369665096,26.72413793103448,116
1000,-0.6,40,20,5,-0.07056333467346643,-0.012435033191856903,-19.93099819163313,-0.06952565323582816,26.506024096385545,83
1000,-0.7,26,52,5,-0.018303460325238774,-0.003153854260806388,-19.957133636416927,-0.0207146114112553,20.0,30
1000,-0.4,10,20,10,-0.09716529010768737,-0.01732674773202536,-19.969494933955893,-0.10153726266978058,25.862068965517242,116
1000,-0.1,52,13,20,-0.2035608789581944,-0.03817210226720702,-19.975157610048,-0.20543543053849622,26.877470355731226,253
252,-0.1,26,20,10,-0.1875155285596386,-0.03488596753071993,-19.977256932553782,-0.18896994918772902,28.125,256
1000,-0.5,10,40,5,-0.04053951184489368,-0.007051592397348316,-19.978119336906108,-0.04284316692115797,26.785714285714285,56
252,-0.5,40,20,10,-0.12236947593328507,-0.02207294059977538,-19.982262688693417,-0.12837126659669829,30.994152046783626,171
500,-0.1,13,26,5,-0.13605529075685396,-0.02469763854610796,-20.00415473364397,-0.13922509861864862,25.748502994011975,167
500,-0.7,6,26,10,-0.04540891770897382,-0.007915127542532208,-20.022505178615088,-0.044896252106938594,25.352112676056336,71
500,-0.3,20,26,5,-0.11884520379027652,-0.021402544561137327,-20.022598799098873,-0.1240802842589459,25.757575757575758,132
500,-0.4,6,20,10,-0.12485890843165592,-0.022547833065911682,-20.026632990847055,-0.13152618505388425,26.31578947368421,152
500,-0.7,40,13,5,-0.11793184272248591,-0.021229165427995023,-20.032785479661758,-0.11713540011312606,30.57851239669421,121
1000,-0.4,26,13,10,-0.15267648811572843,-0.02793204801965876,-20.03486238054316,-0.15365210797336604,27.906976744186046,172
500,-0.6,52,40,5,-0.04092161942801498,-0.007119223415421039,-20.045918206251635,-0.04492836072764195,25.396825396825395,63
500,-0.7,13,26,5,-0.05374065074797729,-0.009401174429491954,-20.047175650966704,-0.05213162715051389,32.3943661971831,71
252,-0.7,52,13,20,-0.11218340244157932,-0.020141368625073985,-20.053774964874528,-0.11710918742888754,26.027397260273972,146
1000,-0.2,20,13,20,-0.18270094523571223,-0.033910423107258114,-20.058804550595415,-0.18326885695002726,29.87012987012987,231
252,-0.1,13,13,20,-0.2764790946472968,-0.05383575958141351,-20.077580017309064,-0.281298241361014,28.835978835978835,378
500,-0.8,26,13,10,-0.07422600159219739,-0.013101598641164558,-20.079277990654003,-0.07807335318189457,24.65753424657534,73
1000,-0.5,20,20,5,-0.09015978407446679,-0.016027066362417575,-20.08039434267663,-0.09112325929823295,28.71287128712871,101
500,-0.2,20,20,10,-0.1399364107773845,-0.02544824022314518,-20.087254894753222,-0.14221881383045776,29.015544041450774,193
500,-0.1,10,20,5,-0.16231663325444345,-0.029832152252428745,-20.0883841170971,-0.16620283322817098,28.30188679245283,212
500,-0.5,13,13,10,-0.17715679228681291,-0.032792935380852595,-20.088883868497934,-0.18003331606598072,31.088082901554404,193
1000,-0.1,6,26,10,-0.10140088652552393,-0.01811660854527919,-20.093198921228492,-0.10799396432940045,24.427480916030532,131
1000,-0.6,26,13,10,-0.10830990151871411,-0.019411661177915263,-20.0952075952322,-0.10694477069771047,26.446280991735538,121
500,-0.3,40,26,5,-0.11898701773817066,-0.021429477811616415,-20.097950009214635,-0.1216759993865163,24.242424242424242,132
500,-0.8,20,13,20,-0.06212104132987395,-0.010906882757563019,-20.103712206650453,-0.06710565356237086,31.506849315068493,73
1000,-0.2,3,40,5,-0.06229908314424837,-0.010938992406006265,-20.111767537341148,-0.06499948946677725,25.925925925925924,81
1000,-0.7,6,20,20,-0.04825220761923443,-0.008421043528858418,-20.121770573587415,-0.05048192260548867,29.230769230769234,65
500,-0.6,10,20,10,-0.09738103087670713,-0.01736690508767369,-20.123406507480944,-0.1012899303550382,29.09090909090909,110
1000,-0.7,52,8,10,-0.15750051999226133,-0.02888062754078602,-20.129190717907434,-0.16001165460587674,31.20567375886525,141
252,-0.1,3,13,20,-0.2861614099336043,-0.05601299668980375,-20.14105092353472,-0.2910866333078772,28.835978835978835,378
500,-0.7,3,13,20,-0.10357759161048175,-0.01852372530341373,-20.157473046081645,-0.10521753434142145,26.446280991735538,121
500,-0.2,20,13,20,-0.21518827452985212,-0.04058789612193825,-20.165968343286412,-0.21828930734809793,30.0,280
252,-0.5,52,20,10,-0.12383655188296272,-0.02235266956593185,-20.167612054136573,-0.1304539533455935,30.409356725146196,171
252,-0.3,40,13,20,-0.22754430518018276,-0.04318781587357212,-20.17014319732777,-0.2313201022136152,30.670926517571885,313
500,-0.3,40,65,5,-0.03903984614009992,-0.006786375107979081,-20.17124261517306,-0.045936773987986124,17.1875,64
500,-0.3,40,13,20,-0.21171110993964992,-0.039862362102546456,-20.171289765038214,-0.21163958019688567,28.62903225806452,248
1000,-0.6,6,26,10,-0.05341985376077396,-0.009343756720134322,-20.171881272985438,-0.05669017770375273,28.78787878787879,66
252,-0.2,13,26,5,-0.14062727923495766,-0.025582147240916564,-20.173013855648946,-0.14044950625034125,28.191489361702125,188
500,-0.3,20,20,10,-0.12182373177636496,-0.021968981884969985,-20.18256276310917,-0.12386855136860775,26.506024096385545,166
500,-0.4,26,20,5,-0.12379200346619179,-0.02234416975657383,-20.185437955985932,-0.12890922622507672,30.263157894736842,152
1000,-0.2,52,13,20,-0.18323979397477508,-0.034019369025506285,-20.187691489189135,-0.1824615651069027,27.27272727272727,231
252,-0.4,6,13,20,-0.21293765537693232,-0.04011798572144698,-20.189834447902243,-0.22108728776901665,26.618705035971225,278
1000,-0.2,26,13,20,-0.18676818410957796,-0.03473422482315547,-20.205192174713943,-0.18764098374186566,26.406926406926406,231
252,-0.2,52,13,20,-0.25545330937495125,-0.049189692447058064,-20.20974470246181,-0.2607287885983145,27.793696275071632,349
500,-0.5,3,26,5,-0.09636424107669106,-0.017177712379363164,-20.214489432190828,-0.0985295254607993,25.0,104
500,-0.5,10,20,10,-0.10499494723453817,-0.01878925904653972,-20.219258596199463,-0.11123374982774503,30.075187969924812,133
252,-0.2,20,13,20,-0.24643274953842953,-0.04722970184462605,-20.22713003739687,-0.25171449595145323,28.939828080229223,349
500,-0.8,40,20,10,-0.04176052251003326,-0.007267783207134171,-20.227426382970233,-0.04190934753425957,27.450980392156865,51
252,-0.8,6,8,10,-0.1089770004172238,-0.01953714469866119,-20.229423514910064,-0.10819977714414086,26.605504587155966,109
1000,-0.1,52,20,5,-0.14181840737187412,-0.0258132263994576,-20.230607584549137,-0.14503224704962425,26.47058823529412,170
500,-0.1,6,20,5,-0.17234777742775165,-0.03182866716631805,-20.230721701162874,-0.17848986678237433,28.30188679245283,212
1000,-0.6,52,8,20,-0.1831627399810296,-0.03400378638700219,-20.236154907525265,-0.18196053877761542,31.25,192
252,-0.7,40,40,5,-0.0397388131618569,-0.006909945358027136,-20.23787172460043,-0.04379888251127151,27.27272727272727,66
1000,-0.1,13,20,5,-0.14761374538539562,-0.026941331991241158,-20.238687759558733,-0.14703040641223453,32.94117647058823,170
252,-0.4,20,26,5,-0.12168003078857326,-0.021941617215507803,-20.247158476410668,-0.12493052090594314,24.503311258278146,151
1000,-0.8,6,13,10,-0.04612929869999882,-0.008043189036817888,-20.255236129012378,-0.05404985706363574,26.08695652173913,46
252,-0.4,3,20,10,-0.1428370782404328,-0.026011059828862093,-20.25599023970724,-0.15234870619039764,28.04232804232804,189
500,-0.4,40,26,5,-0.11059133306936342,-0.019841128627575588,-20.265151071629585,-0.10988210486737626,28.8135593220339,118
1000,-0.5,3,26,10,-0.061795804716799574,-0.010848239730973264,-20.26806480841689,-0.06592029021884716,28.39506172839506,81
500,-0.4,40,20,10,-0.11159013239011317,-0.02002943481053876,-20.27832978407205,-0.12010348684377925,28.947368421052634,152
500,-0.2,10,13,20,-0.22923984718599744,-0.043547272200199716,-20.278876081192937,-0.22924309692710887,25.357142857142854,280
1000,-0.3,26,13,20,-0.15809358987600286,-0.02899755717196717,-20.292424942110866,-0.16285336748539736,28.57142857142857,196
1000,-0.5,3,40,5,-0.04537761529057316,-0.007909564755673726,-20.302312676209542,-0.04546734391824547,28.57142857142857,56
500,-0.2,6,13,20,-0.22465753158965462,-0.04257731950692456,-20.30844384137805,-0.22654705023019217,24.285714285714285,280
252,-0.7,40,20,20,-0.06793472229806197,-0.011957995317858794,-20.321987871453075,-0.07251899682443941,25.24271844660194,103
252,-0.4,13,20,10,-0.14384505581931462,-0.026207008483523864,-20.326756802971484,-0.1504229711468159,27.513227513227513,189
1000,-0.1,40,20,5,-0.144731330106475,-0.0263794563508023,-20.332864605206616,-0.14748778586912792,28.235294117647058,170
1000,-0.8,26,26,5,-0.024440262559724535,-0.004222195854323152,-20.342145138869242,-0.026118166333014226,20.689655172413794,29
1000,-0.6,20,13,5,-0.11671779615227795,-0.02099893879178094,-20.34411416965007,-0.11442430646599189,29.75206611570248,121
252,-0.4,10,26,10,-0.10999776326631383,-0.019729304430875394,-20.348193736306285,-0.11670741297746945,26.490066225165563,151
1000,-0.6,3,20,20,-0.06309608893114949,-0.011082793519543999,-20.363587404651344,-0.06524644331832508,32.53012048192771,83
500,-0.7,13,13,20,-0.10142606649359409,-0.018121313366484815,-20.364377499682327,-0.10572968105133784,26.446280991735538,121
1000,-0.2,20,20,5,-0.13739219391677493,-0.02495587704563129,-20.372437430386423,-0.1395496591063825,28.289473684210524,152
252,-0.7,26,40,5,-0.04272348277977511,-0.007438445029310792,-20.385446910851545,-0.046777512227874185,27.27272727272727,66
1000,-0.6,26,20,5,-0.06715032429878542,-0.011815859645663451,-20.390325471398892,-0.06461170986441789,25.301204819277107,83
1000,-0.1,6,20,10,-0.14739156244267626,-0.026897965392585044,-20.39300233307925,-0.14917590402744707,28.823529411764703,170
252,-0.4,10,20,10,-0.14358826844907102,-0.026157071428620005,-20.404880999783682,-0.14935178878611188,25.396825396825395,189
252,-0.7,20,52,5,-0.03092804396121185,-0.005357714149319515,-20.40608379457376,-0.03438527986569573,22.807017543859647,57
500,-0.3,3,26,10,-0.10605081635307423,-0.018987296960281008,-20.407782166301356,-0.11148811547629289,25.0,132
500,-0.7,3,26,5,-0.06227194146902226,-0.010934097107771601,-20.40930596226679,-0.061459668800283085,25.352112676056336,71
500,-0.8,52,40,5,-0.01921536091140985,-0.0033122540592231964,-20.41885513120054,-0.020900305569207744,39.39393939393939,33
500,-0.4,20,26,5,-0.10790237205958686,-0.019335041820213394,-20.418949286173724,-0.10722882171373072,26.27118644067797,118
500,-0.5,52,20,5,-0.11211259532759088,-0.020128006003302112,-20.425651461808854,-0.1197015005707901,27.06766917293233,133
500,-0.2,26,20,5,-0.15431736404156926,-0.02825420011963553,-20.443262656600368,-0.15476800964797788,30.05181347150259,193
252,-0.7,13,26,10,-0.05354963421690939,-0.009366983475428192,-20.45222913502675,-0.05769456989945432,30.337078651685395,89
252,-0.7,13,20,10,-0.07146307792955697,-0.012598574618950975,-20.45497540195087,-0.07354274802965743,30.097087378640776,103
1000,-0.8,52,13,5,-0.048327399793327785,-0.008434439717798448,-20.4551493905106,-0.04798672676770943,32.608695652173914,46
252,-0.7,20,40,5,-0.04037280391330289,-0.00702209297223344,-20.466786240574876,-0.04509540267387013,27.27272727272727,66
500,-0.6,52,26,10,-0.06147389469690534,-0.010790213111303126,-20.470231033614073,-0.06269049685908601,28.57142857142857,91
252,-0.7,13,52,5,-0.03407023825215416,-0.005909940802970581,-20.47234475701252,-0.03901706477750566,21.052631578947366,57
1000,-0.8,20,6,5,-0.10938124853563191,-0.019613223016307635,-20.47840219592331,-0.10975843277435093,32.55813953488372,86
1000,-0.6,3,26,10,-0.059981487511789444,-0.010521411242323087,-20.481425964201936,-0.061439715529231886,24.242424242424242,66
252,-0.1,20,13,20,-0.2726827974928314,-0.052988684176616396,-20.505756469223954,-0.27406774737027817,30.158730158730158,378
500,-0.5,52,26,5,-0.08594963446390014,-0.015249973214056078,-20.525703616815512,-0.08828090198290983,25.961538461538463,104
500,-0.4,20,20,5,-0.13304186718020317,-0.024116773193442187,-20.532211981070517,-0.1344229343396377,32.23684210526316,152
252,-0.3,6,20,10,-0.15461117063304686,-0.02831193766539819,-20.540850647458026,-0.1640391337789444,26.666666666666668,210
252,-0.8,10,20,5,-0.04713855723492277,-0.00822273895478176,-20.546170267024117,-0.04476316150119053,33.89830508474576,59
500,-0.6,40,26,10,-0.06881794822276821,-0.012118157696897724,-20.548623686257034,-0.06972781891614399,30.76923076923077,91
500,-0.3,6,13,20,-0.20396722692948321,-0.03825603352301665,-20.551210970241677,-0.20688370050241967,26.61290322580645,248
252,-0.1,10,20,10,-0.19017313666392754,-0.03542651405364239,-20.55285986708472,-0.1944110847582401,30.46875,256
500,-0.6,26,26,10,-0.06805131840670253,-0.011979131406967602,-20.553429595321926,-0.06922812652626054,25.274725274725274,91
500,-0.5,6,20,10,-0.11128275112452868,-0.019971464750091816,-20.558822707883824,-0.1175174313360492,27.06766917293233,133
500,-0.5,10,26,5,-0.0926229843540769,-0.016483097619421128,-20.567580000606362,-0.09135775903668997,28.846153846153843,104
500,-0.2,6,26,5,-0.11290566821579107,-0.020277724128387797,-20.56786364470677,-0.11560937012434713,27.81456953642384,151
252,-0.3,20,26,5,-0.13098985892485793,-0.023722186774397747,-20.569318744171245,-0.13539814857819288,24.404761904761905,168
500,-0.4,10,20,10,-0.11761507218959644,-0.021169069092803694,-20.590001253545246,-0.12404443520706543,31.57894736842105,152
252,-0.1,10,13,20,-0.2851813662776941,-0.05579150706879088,-20.593944926586207,-0.2895831732079204,27.513227513227513,378
252,-0.6,13,20,10,-0.11403064897919069,-0.020490291037142616,-20.595206590990372,-0.11763294721424045,26.618705035971225,139
252,-0.8,40,65,5,-0.01887543148713844,-0.0032531930565682377,-20.608495695565203,-0.022842805550520873,25.0,32
1000,-0.3,6,20,10,-0.12569944443671133,-0.022708429426656074,-20.614332519625222,-0.13101777860034924,25.954198473282442,131
252,-0.6,10,13,20,-0.15634141739225926,-0.02865229579052897,-20.61627016913946,-0.16547502538539005,26.288659793814436,194
500,-0.3,10,26,10,-0.10582501806687838,-0.01894493013206633,-20.62180846797159,-0.10675693858877666,25.757575757575758,132
1000,-0.5,10,20,20,-0.07863873419277834,-0.013907577694828532,-20.634623557999298,-0.08354316836830511,27.722772277227726,101
500,-0.2,52,26,5,-0.11069880234382223,-0.019861381664934008,-20.63705339035193,-0.11553357189811864,25.165562913907287,151
500,-0.5,40,20,5,-0.11727872977914289,-0.02110527923926042,-20.639847123747582,-0.11985933984485542,27.06766917293233,133
500,-0.7,40,13,20,-0.09474114772996578,-0.01687607097478261,-20.648609366254245,-0.09516047306106945,32.231404958677686,121
500,-0.2,3,40,5,-0.07652337461394565,-0.013520812013796513,-20.651464027493606,-0.08104881149470466,27.102803738317753,107
1000,-0.7,26,13,5,-0.09423820336945876,-0.01678269300771562,-20.67346968714203,-0.09645802412508797,26.96629213483146,89
1000,-0.8,26,20,20,-0.02587789671364138,-0.004473275420254996,-20.67923275665001,-0.028526281565848244,28.125,32
252,-0.3,52,13,20,-0.2374233847806957,-0.04529146241656812,-20.68681447001407,-0.2453564905147485,28.115015974440894,313
252,-0.1,13,20,10,-0.19619722701798348,-0.03665725517087537,-20.690606272938748,-0.19826369964805202,29.6875,256
500,-0.8,26,13,20,-0.06910610478797907,-0.012170438664251937,-20.690612955381475,-0.07151675062079466,23.28767123287671,73
500,-0.8,10,40,10,-0.018570560616114173,-0.0032002377264888082,-20.697576652163963,-0.0221783770002959,15.151515151515152,33
500,-0.2,40,13,20,-0.21815754469151494,-0.041209566986636914,-20.69874485506968,-0.217855236286159,28.214285714285715,280
252,-0.2,40,13,20,-0.25004206973107446,-0.04801158968495156,-20.70575042663711,-0.2530151418098108,29.22636103151863,349
1000,-0.4,20,13,20,-0.1465028032032748,-0.0267245872725298,-20.71406846559167,-0.1478968065223042,30.23255813953488,172
1000,-0.2,13,26,5,-0.10536330690428086,-0.018858326263955116,-20.726387057009273,-0.10876394239332521,25.6198347107438,121
500,-0.8,3,20,10,-0.03808844895460761,-0.006618297455462718,-20.74296973763474,-0.03915666288103048,25.49019607843137,51
500,-0.8,10,26,10,-0.03278950218807242,-0.0056846776071309835,-20.748083869454113,-0.03766471478963618,23.25581395348837,43
252,-0.6,6,26,10,-0.0849324944655866,-0.015062678571404198,-20.758293105027487,-0.09020448576322282,20.33898305084746,118
1000,-0.2,40,13,20,-0.18835562881088974,-0.035056681815736956,-20.760374677796488,-0.18862656679615042,28.57142857142857,231
1000,-0.7,26,26,5,-0.039179371028742804,-0.006811035733475301,-20.764710209148422,-0.04134824599616993,29.411764705882355,51
1000,-0.2,40,20,5,-0.13397741884484105,-0.02429693006161593,-20.768096260039805,-0.13668704981538415,32.23684210526316,152
1000,-0.4,6,20,10,-0.0966690514863926,-0.017234409511140525,-20.76823191903498,-0.10080166514969024,25.0,116
1000,-0.8,6,13,20,-0.04575605691328688,-0.00797682816808587,-20.772908804534886,-0.052495720133311496,21.73913043478261,46
500,-0.3,20,13,20,-0.21156739585314843,-0.039832432318224864,-20.779258369744593,-0.21745238880893425,29.435483870967744,248
252,-0.6,6,13,20,-0.1649363347940438,-0.030351635387715792,-20.79290208031014,-0.1727400908960306,23.195876288659793,194
500,-0.4,52,26,5,-0.09893466167907294,-0.017656328591168835,-20.79524754071661,-0.10136655921657456,27.11864406779661,118
1000,-0.8,10,40,10,-0.013132398765698494,-0.002257925798216598,-20.80140117461789,-0.014437022318065984,34.78260869565217,23
252,-0.5,13,13,20,-0.17692058525488463,-0.03274546393050004,-20.80214380339667,-0.18365082161536284,25.40983606557377,244
252,-0.8,13,6,20,-0.15943739793090617,-0.029262755168670718,-20.815739848774314,-0.15874939295515356,26.31578947368421,133
1000,-0.1,20,26,5,-0.11241989752051784,-0.020186006057389072,-20.817075079109486,-0.1148635524807361,25.954198473282442,131
500,-0.7,26,13,10,-0.10013024860402753,-0.017879334455673912,-20.82090904250514,-0.10321179079513076,27.27272727272727,121
252,-0.1,26,13,20,-0.2751133125116253,-0.05353058644966291,-20.821351938323332,-0.27456445071238345,29.100529100529098,378
1000,-0.2,6,20,20,-0.12052140453086102,-0.02172111801154153,-20.82712558855498,-0.12816690565708788,23.026315789473685,152
1000,-0.7,13,13,20,-0.08212329032360566,-0.01454629100036331,-20.827973108485672,-0.0842285611905711,28.08988764044944,89
1000,-0.8,6,26,5,-0.02718183129430296,-0.0047012704600736255,-20.83712124343224,-0.02676807991528718,27.586206896551722,29
1000,-0.5,13,26,10,-0.05756133231983085,-0.010086261028924848,-20.84062273303117,-0.058833461129010556,29.629629629629626,81
252,-0.2,26,26,10,-0.13082474329162008,-0.02369046981511158,-20.84500156173122,-0.13297442759335443,26.595744680851062,188
500,-0.8,40,26,10,-0.028404433229542225,-0.004915274604171405,-20.852451589347165,-0.03156190929309288,25.581395348837212,43
252,-0.7,3,20,10,-0.0743646173806003,-0.013126868109094914,-20.862631058882812,-0.07734074291196646,27.184466019417474,103
1000,-0.5,20,26,5,-0.06936389066168014,-0.012217220771855497,-20.868723102657324,-0.07521018966554094,25.925925925925924,81
252,-0.5,3,26,10,-0.1009036285606183,-0.01802371938014613,-20.87274243992072,-0.10941195233166123,22.22222222222222,135
252,-0.8,3,20,5,-0.048097963033664315,-0.00839356615926845,-20.87415224275923,-0.047780805149935546,25.423728813559322,59
500,-0.6,20,40,5,-0.05012661112318817,-0.008755248031844687,-20.88667500808655,-0.05379284642094584,22.22222222222222,63
1000,-0.3,20,20,5,-0.12154779176635266,-0.021916438502531332,-20.88849544408435,-0.1268389550207567,28.24427480916031,131
500,-0.7,20,20,10,-0.06648212393861264,-0.01169485752321886,-20.90001504825888,-0.06880454212319398,28.57142857142857,84
252,-0.3,26,20,10,-0.15098160504813074,-0.027599835272258733,-20.91351370337872,-0.15349884567550187,28.57142857142857,210
252,-0.4,6,20,10,-0.14247628129501544,-0.025940968108788987,-20.924761017830402,-0.14731633360917573,25.925925925925924,189
1000,-0.3,10,40,5,-0.05590470789127788,-0.009788929418179881,-20.936276562977586,-0.05999473683466616,16.666666666666664,72
500,-0.7,10,26,10,-0.04860912126585226,-0.00848463883624151,-20.991928341593535,-0.0482083639281492,23.943661971830984,71
1000,-0.7,26,13,10,-0.08817561016155528,-0.01566046463937376,-20.992149878586282,-0.09244944094577867,24.719101123595504,89
1000,-0.3,52,20,5,-0.11764459904294078,-0.02117467004376683,-20.99614784177298,-0.12421084560583073,29.00763358778626,131
252,-0.8,26,13,5,-0.0856882925477781,-0.015201833616160565,-20.996946625631338,-0.09099420163396743,24.0,75
252,-0.8,52,40,5,-0.025456968827673676,-0.004399729527080898,-21.010838028678243,-0.029053276291964747,23.076923076923077,39
1000,-0.8,13,40,5,-0.014763445882550186,-0.002540096941369696,-21.025258600518015,-0.015635822233483698,34.78260869565217,23
1000,-0.1,40,26,5,-0.10633847757464265,-0.019041284064067687,-21.031945223128098,-0.1103347284637296,26.717557251908396,131
252,-0.7,40,26,10,-0.05494917111432085,-0.009617625930328,-21.032485393693463,-0.060129954159243826,23.595505617977526,89
252,-0.7,52,65,5,-0.026937719037476993,-0.00465856777620044,-21.039492970711766,-0.029345916091835345,27.659574468085108,47
252,-0.7,3,26,10,-0.05838407215652297,-0.010234087757082677,-21.047590190725842,-0.06126569433554052,24.719101123595504,89
252,-0.2,26,13,20,-0.2509482327860798,-0.04820838180454701,-21.054799694285055,-0.25131207254269083,29.799426934097422,349
500,-0.1,52,26,10,-0.11525938256435841,-0.020722718023833075,-21.064682909297687,-0.11801495827299413,23.353293413173652,167
1000,-0.7,52,20,10,-0.05722052394508215,-0.010025057226970002,-21.067227398213717,-0.059320850693735716,32.30769230769231,65
500,-0.3,52,26,5,-0.10931817308714564,-0.019601350516121996,-21.074081789592974,-0.11044886421741196,27.27272727272727,132
252,-0.3,40,26,5,-0.13611192727358357,-0.024708571830361348,-21.08036125089776,-0.13949739771998182,26.190476190476193,168
500,-0.5,26,13,10,-0.18651638012212768,-0.034683123941376626,-21.08107242366164,-0.19025468906474552,29.015544041450774,193
252,-0.6,10,20,10,-0.11332240138713123,-0.020356440453039193,-21.081265919532054,-0.11845980074037132,28.05755395683453,139
1000,-0.6,6,20,10,-0.07171001323671533,-0.012643481678337287,-21.08865735652274,-0.07365069946330871,27.710843373493976,83
252,-0.6,52,26,10,-0.08570774919350688,-0.015205417168308921,-21.095449428579826,-0.0934505769043652,22.88135593220339,118
500,-0.4,40,13,10,-0.20749731438103092,-0.038986672251381194,-21.120276524428544,-0.2084961416488863,27.802690582959645,223
252,-0.6,52,13,20,-0.1564178687771587,-0.02866734794392989,-21.140469800676673,-0.1620819155100971,25.257731958762886,194
1000,-0.7,26,8,20,-0.14445576652931502,-0.026325822378533204,-21.15332007289722,-0.1429896505062318,23.404255319148938,141
1000,-0.4,52,13,10,-0.16007990816354856,-0.029389677574888307,-21.15652009246832,-0.16136105502181253,26.16279069767442,172
1000,-0.2,26,26,5,-0.10355644426849897,-0.01851976610178374,-21.15941578125422,-0.10373432650474612,23.140495867768596,121
1000,-0.6,13,13,10,-0.1295282632186664,-0.023441603199213734,-21.164754528357783,-0.12745562482662554,26.446280991735538,121
500,-0.1,40,26,5,-0.13413327026111876,-0.024326957658928894,-21.183502836623113,-0.1374113105401018,23.353293413173652,167
1000,-0.1,10,26,10,-0.11362157201394818,-0.020412969416943705,-21.189117469644064,-0.11537791408564257,23.66412213740458,131
1000,-0.7,6,26,5,-0.039941973302384914,-0.006945875987595218,-21.190753443077057,-0.03991195020143734,29.411764705882355,51
1000,-0.5,6,20,20,-0.08184675896042948,-0.014495529900710902,-21.199920682664203,-0.08467971031421151,24.752475247524753,101
252,-0.7,26,65,5,-0.02543019576294514,-0.004395052540708377,-21.20197294907239,-0.028050093141890886,21.27659574468085,47
1000,-0.5,52,13,20,-0.13150722618644217,-0.023821599891978296,-21.20971751330324,-0.13550009906771743,27.027027027027028,148
500,-0.3,3,20,20,-0.12793028795307226,-0.023135285316375098,-21.209927980976328,-0.13122641270777102,27.10843373493976,166
252,-0.3,26,13,20,-0.2295190978571926,-0.043606536435914944,-21.237209648296286,-0.2333765977975899,28.753993610223645,313
252,-0.6,40,26,10,-0.09034296338987802,-0.016060944511650077,-21.239188553464565,-0.09385201154254308,28.8135593220339,118
500,-0.6,40,40,5,-0.04440513351611364,-0.007736819237898485,-21.245930152205705,-0.04426177091023076,28.57142857142857,63
1000,-0.8,20,20,10,-0.02746187072817652,-0.004750268845545302,-21.251620033403256,-0.030261450097912146,25.0,32
500,-0.7,52,13,20,-0.09850577066902877,-0.01757638982894494,-21.255789052745577,-0.09785674771460873,28.09917355371901,121
500,-0.2,3,26,5,-0.12044886222204665,-0.021707320431992194,-21.256156598780077,-0.12182226245910066,29.80132450331126,151
252,-0.4,13,26,10,-0.10852954798849312,-0.019452968812914806,-21.2573554905479,-0.11258604977225806,29.13907284768212,151
1000,-0.1,26,13,20,-0.21800959187897895,-0.041178544073199874,-21.262162499410145,-0.22151578071697064,27.27272727272727,253
500,-0.3,6,26,5,-0.11775881196740146,-0.021196336564754836,-21.2658549086781,-0.11853721986386101,28.030303030303028,132
1000,-0.3,52,13,20,-0.17040815757294148,-0.03144106298104943,-21.26670722920441,-0.17446340105975988,25.510204081632654,196
252,-0.5,6,26,10,-0.09572199446170004,-0.017058301339305415,-21.278701105132956,-0.10213480346016379,22.962962962962962,135
500,-0.4,10,26,10,-0.10252221016215324,-0.01832623139855938,-21.282211817952955,-0.10220666151195912,28.8135593220339,118
1000,-0.5,40,20,5,-0.09432306429957527,-0.016798445495289305,-21.30142484140463,-0.09597340324516113,22.772277227722775,101
1000,-0.2,52,26,5,-0.10454711692430418,-0.018705322864378093,-21.31171208380366,-0.10501726608445772,23.96694214876033,121
252,-0.7,10,26,20,-0.05669326440676015,-0.009930405868602166,-21.312539080754878,-0.06282075554012456,23.595505617977526,89
252,-0.6,52,20,10,-0.10627515126360088,-0.01902939799960901,-21.313943256123512,-0.1136160675778638,31.654676258992804,139
500,-0.8,26,13,5,-0.0800820113303804,-0.014171884621606345,-21.31659086893298,-0.08174250421461293,28.767123287671232,73
500,-0.6,3,26,5,-0.07553519507832263,-0.013340388013944993,-21.324411348498163,-0.0737471831318327,25.274725274725274,91
252,-0.6,6,20,10,-0.11509072501960393,-0.020690798959637657,-21.328839728618703,-0.11986151583246529,26.618705035971225,139
252,-0.5,20,20,10,-0.13453080679970997,-0.02440357056660647,-21.333047210913104,-0.1416413890803141,29.239766081871345,171
1000,-0.1,20,20,10,-0.1408579422384877,-0.025626875182353515,-21.34109976623491,-0.14536487588821112,27.058823529411764,170
500,-0.6,52,13,20,-0.13262444941599005,-0.024036444079555852,-21.351476173543194,-0.1337794994796131,25.78616352201258,159
1000,-0.4,13,20,10,-0.09820803186557647,-0.017520914382148534,-21.353490466907253,-0.10073941913757722,25.862068965517242,116
252,-0.3,20,13,20,-0.23133011249298363,-0.04399131350721852,-21.393853097834466,-0.23785349142941625,28.434504792332266,313
252,-0.4,6,26,10,-0.11871044911628481,-0.021376955334625802,-21.39855139961178,-0.12615931935181568,25.82781456953642,151
500,-0.1,26,20,10,-0.15588892977918467,-0.028563230778394066,-21.407414672402066,-0.1585766557720084,23.11320754716981,212
1000,-0.3,10,20,10,-0.12378958341842405,-0.022343708023270903,-21.40942776554449,-0.12604428351804886,25.954198473282442,131
1000,-0.6,52,13,10,-0.11358929423166064,-0.020406869696131258,-21.435519009865164,-0.11170068839720704,27.27272727272727,121
1000,-0.2,6,40,10,-0.05834905968796211,-0.010227794670441992,-21.440114073154124,-0.06285096368262155,20.98765432098765,81
500,-0.1,40,40,5,-0.08480518541566051,-0.015039248227098345,-21.44228661968651,-0.09171811622927983,16.379310344827587,116
500,-0.4,13,26,10,-0.09926820256353541,-0.01771851734655483,-21.447070842205143,-0.09994161439208171,25.423728813559322,118
252,-0.1,10,26,10,-0.13524775697240232,-0.024541814382298965,-21.451380432369362,-0.13981497902050077,23.88059701492537,201
500,-0.4,6,26,5,-0.12471166089483665,-0.02251971249292417,-21.45669368348729,-0.13215819992119504,22.88135593220339,118
252,-0.3,6,13,20,-0.2439159738121086,-0.046686327319013454,-21.461364426346254,-0.2471458602048726,27.79552715654952,313
1000,-0.2,20,20,10,-0.13075615701577947,-0.023677296588352714,-21.46213561061184,-0.134306212524682,26.973684210526315,152
500,-0.6,3,20,10,-0.09897799260256224,-0.01766440657065471,-21.46842537991223,-0.09988655667913926,23.636363636363637,110
252,-0.3,10,20,10,-0.1519975848495555,-0.02779891062503903,-21.48042515035872,-0.16092110719383979,25.71428571428571,210
500,-0.7,20,26,5,-0.06079289127675436,-0.010667511650357397,-21.481311253985425,-0.058498909167461255,26.76056338028169,71
500,-0.3,26,13,20,-0.21026178003705542,-0.039560732758485706,-21.48922210182841,-0.21171125984379235,29.03225806451613,248
1000,-0.4,13,40,5,-0.051070919144729054,-0.008923824467832353,-21.492916254682843,-0.058553901753322424,25.0,60
1000,-0.7,52,13,5,-0.09553041241151239,-0.017022694661973592,-21.495964799514727,-0.09735520549200427,28.08988764044944,89
500,-0.8,6,52,10,-0.014298413469488014,-0.0024596068946854954,-21.49603932325835,-0.017471758857908415,11.538461538461538,26
500,-0.1,3,26,5,-0.1379840552750995,-0.025070307967348437,-21.507884297193264,-0.14071199116209843,28.143712574850298,167
1000,-0.2,26,20,10,-0.1314310753794936,-0.02380696428673479,-21.5115454807537,-0.13300160418433038,28.947368421052634,152
1000,-0.8,40,40,5,-0.016767845585046404,-0.002887388930827406,-21.514949050803292,-0.016058355918191713,21.73913043478261,23
500,-0.6,10,13,20,-0.1466882052223486,-0.026760742924421765,-21.520052669100824,-0.14976168613130125,25.157232704402517,159
1000,-0.1,3,26,20,-0.09824734922412703,-0.01752823922158464,-21.53472281000298,-0.10562900301042999,22.900763358778626,131
500,-0.8,20,26,5,-0.033388270597064285,-0.005789961626186946,-21.54456539049748,-0.035886068687651096,23.25581395348837,43
252,-0.4,20,13,20,-0.20674788343200068,-0.03883133375353409,-21.54587646096098,-0.21306989954172828,29.496402877697843,278
252,-0.3,10,13,20,-0.23828622682809164,-0.04547626642091618,-21.55618914457549,-0.24204634539953673,29.073482428115017,313
1000,-0.3,40,13,20,-0.16398952465020833,-0.030163728565307357,-21.559747173915706,-0.16621095167041233,28.061224489795915,196
1000,-0.1,52,26,5,-0.10219038781375722,-0.018264177147481186,-21.560816134891102,-0.10941859235144558,25.954198473282442,131
1000,-0.4,10,26,5,-0.07320270921602157,-0.012915150828904265,-21.57586801789234,-0.07222945734331998,26.373626373626376,91
252,-0.3,40,40,5,-0.08557426955352176,-0.015180833972770702,-21.58041715051603,-0.09136479394527974,24.786324786324787,117
1000,-0.4,26,13,20,-0.1498395247576264,-0.027376286898490143,-21.581590362946375,-0.15068091928716276,27.325581395348834,172
500,-0.3,3,52,5,-0.051202097693075266,-0.008947253263426713,-21.60646405496689,-0.0614843318599827,21.333333333333336,75
500,-0.6,40,13,20,-0.1244281508130376,-0.022465580246719186,-21.61018864538385,-0.12602564280558481,25.157232704402517,159
1000,-0.5,10,26,10,-0.061386860447029234,-0.010774527389036614,-21.611319251333985,-0.06299694810698031,24.691358024691358,81
500,-0.3,10,13,20,-0.2175148675551254,-0.04107484504172865,-21.61818386664031,-0.21751816673204138,26.61290322580645,248
500,-0.1,13,20,10,-0.161696778854731,-0.02970943306111462,-21.644803438626024,-0.1653248641465177,26.88679245283019,212
500,-0.6,26,13,20,-0.12774848869299393,-0.023100465475458853,-21.648165058940283,-0.1279384786423995,23.270440251572328,159
252,-0.4,13,13,20,-0.21349758523700235,-0.040234790181645774,-21.65000607901054,-0.2220041008231236,25.179856115107913,278
252,-0.6,13,13,20,-0.1613297285932005,-0.029636799659698565,-21.65528148861333,-0.1691833075072836,26.288659793814436,194
252,-0.1,40,13,20,-0.27900926227880296,-0.05440236943665355,-21.658555976081328,-0.2808089815513358,26.455026455026452,378
252,-0.6,20,65,5,-0.030868504265612606,-0.0053472646515082545,-21.661055213543996,-0.037334717646953286,26.229508196721312,61
252,-0.5,26,20,10,-0.12933217472932668,-0.023403989670988,-21.668116376985836,-0.13256444535401024,29.239766081871345,171
252,-0.6,10,26,10,-0.08979463130066512,-0.01595954994833315,-21.66912821590105,-0.09469242923553578,19.491525423728813,118
252,-0.2,10,13,20,-0.25862423968198944,-0.04988335076423167,-21.671496020187867,-0.26092137205150234,28.653295128939828,349
252,-0.4,20,20,10,-0.1510888513160028,-0.027620840230784927,-21.686805166379177,-0.15531360818953843,26.984126984126984,189
252,-0.7,6,26,10,-0.060270968429536054,-0.010573522835955251,-21.68736926274792,-0.06768690009100264,19.101123595505616,89
1000,-0.3,10,26,10,-0.0832573029245951,-0.014754587153905208,-21.701025685386853,-0.08804596463145031,22.641509433962266,106
252,-0.3,52,40,5,-0.08208884466870203,-0.014539967339870286,-21.702903105450645,-0.08931751380195818,24.786324786324787,117
252,-0.6,26,13,20,-0.15503749636696174,-0.02839574686372115,-21.744951877258984,-0.16156530165815097,28.350515463917525,194
500,-0.5,13,26,5,-0.09576857664755367,-0.017066959864099007,-21.7468156377526,-0.09570567260604124,25.961538461538463,104
252,-0.1,20,52,5,-0.07725981367530432,-0.013655376796397722,-21.74806171663103,-0.0809322097908507,23.214285714285715,112
252,-0.6,40,20,10,-0.10805330962321746,-0.019363416112874843,-21.75758040604811,-0.1106074149069155,27.33812949640288,139
1000,-0.2,3,26,5,-0.11313965776840651,-0.02032191841314379,-21.76002657706358,-0.11339872576775067,22.31404958677686,121
1000,-0.7,13,8,20,-0.15342173739945675,-0.028078298161849924,-21.76103446904845,-0.1541760610067825,25.53191489361702,141
500,-0.6,6,20,5,-0.10807926625264508,-0.0193682960216639,-21.76247724936814,-0.11017808925940398,30.0,110
500,-0.8,26,40,5,-0.020286147803993626,-0.0034984088027880667,-21.773638468919962,-0.022219588481320662,21.21212121212121,33
500,-0.5,10,40,5,-0.061109197247083635,-0.010724493678045288,-21.774906260425873,-0.06474458407049344,19.736842105263158,76
500,-0.5,6,26,5,-0.10770156697246414,-0.019297299252494016,-21.777743784053463,-0.11381338640935956,24.03846153846154,104
252,-0.6,52,65,5,-0.03501936328722688,-0.006077038145251623,-21.778112550171258,-0.039123161041949905,26.229508196721312,61
1000,-0.5,13,40,5,-0.04077256059770784,-0.007092838135248858,-21.78573871510545,-0.04331677368583298,25.0,56
1000,-0.1,10,20,10,-0.1520145123447375,-0.02780222914384234,-21.78622092733922,-0.15329675059190995,32.35294117647059,170
500,-0.4,10,40,5,-0.07039255921787435,-0.012404007088897107,-21.78766914053584,-0.0777563730303864,17.857142857142858,84
252,-0.2,6,13,20,-0.2647013724948807,-0.05121965931660111,-21.799209255546966,-0.26767141958414453,26.64756446991404,349
1000,-0.4,3,20,10,-0.09974618676228886,-0.017807670873099424,-21.799697236830063,-0.10170424957428237,25.862068965517242,116
1000,-0.3,13,20,10,-0.1214489522055836,-0.021897621200732797,-21.804463982415054,-0.1247066964309087,26.717557251908396,131
252,-0.4,10,13,20,-0.21421456064411593,-0.0403844559022033,-21.805025101992534,-0.2221061457237411,25.899280575539567,278
500,-0.2,52,40,5,-0.0740807516124441,-0.013075123134410616,-21.813676784586157,-0.07942199516051252,21.49532710280374,107
500,-0.1,20,26,5,-0.13710333371811056,-0.024900052230517167,-21.814716407729534,-0.14159441804869544,22.15568862275449,167
1000,-0.4,40,13,10,-0.15361903956711653,-0.02811703524871767,-21.830752121539653,-0.15570755237058453,26.744186046511626,172
252,-0.1,52,52,5,-0.0752793657923958,-0.013293704193125144,-21.841577417472095,-0.07792247141338571,25.0,112
500,-0.2,40,26,5,-0.1167172726731035,-0.020998839578009187,-21.8538050509623,-0.11763734475833187,23.841059602649008,151
252,-0.8,6,8,20,-0.11210661123872134,-0.020126876734715027,-21.856336259470993,-0.1167772102694471,22.018348623853214,109
252,-0.6,40,65,5,-0.03558606358520089,-0.006176873021590756,-21.861261522579206,-0.04244284546007682,21.311475409836063,61
252,-0.1,20,20,10,-0.20251527903928013,-0.037956296476108986,-21.86479033298182,-0.20564795300772254,26.953125,256
252,-0.2,40,20,10,-0.17463475798377814,-0.03228665480672532,-21.86974432917344,-0.17457533046585005,28.03347280334728,239
1000,-0.7,20,13,5,-0.09225986694147303,-0.01641580644973062,-21.874519135864155,-0.09084164580231513,29.213483146067414,89
500,-0.2,26,20,10,-0.14096673727203557,-0.025647975119455824,-21.877069750580013,-0.1419669339395141,27.461139896373055,193
1000,-0.7,52,52,5,-0.016634095171583763,-0.002864196420462095,-21.890934530165314,-0.0202482058301533,23.333333333333332,30
252,-0.5,10,26,10,-0.09493943183924336,-0.01691289674227725,-21.896903786733965,-0.10147939223475555,22.22222222222222,135
252,-0.3,13,13,20,-0.23865348630184668,-0.04555497892300597,-21.902818516206203,-0.24105646506032996,27.15654952076677,313
500,-0.4,13,20,10,-0.12131593537860264,-0.021872299922775063,-21.91233350506468,-0.12563954396544563,30.92105263157895,152
252,-0.6,3,26,10,-0.09513040118992999,-0.016948370319802564,-21.917777390513713,-0.10435726777087262,16.101694915254235,118
500,-0.7,6,20,10,-0.0594273788387889,-0.010421699149726793,-21.92611973907345,-0.06195069573067313,28.57142857142857,84
1000,-0.5,26,20,10,-0.0808077311342077,-0.014304915389510398,-21.926549541375667,-0.08184820577806795,28.71287128712871,101
500,-0.8,20,40,10,-0.020898830428279003,-0.0036049986629906883,-21.928523331379832,-0.022770628038497498,21.21212121212121,33
1000,-0.7,26,20,20,-0.0485928889878654,-0.008481746119959443,-21.940254034389792,-0.0508138432675439,36.92307692307693,65
1000,-0.7,10,20,20,-0.048958180630664816,-0.008546853791084996,-21.965154426294315,-0.04996905152690656,33.84615384615385,65
252,-0.6,10,40,5,-0.06725372061453783,-0.011834589750518987,-21.971523398752982,-0.07445657782131776,22.093023255813954,86
1000,-0.3,13,40,5,-0.06321542096760535,-0.011104332931343053,-21.974915107039234,-0.06650804480690597,18.055555555555554,72
252,-0.6,40,13,20,-0.15706714670106303,-0.028795226824032905,-21.982497861785102,-0.16218538006208727,28.350515463917525,194
252,-0.3,3,20,10,-0.16039928934992642,-0.029452798550577697,-22.017566292120463,-0.16357252572159986,28.095238095238095,210
252,-0.3,20,20,10,-0.16025625762634166,-0.029424527981702475,-22.02000692155302,-0.16519851504320582,27.61904761904762,210
500,-0.4,20,13,10,-0.22295287326271873,-0.04221770183203555,-22.021377880137585,-0.22439072082650446,31.838565022421523,223
252,-0.4,52,20,10,-0.15313358120524856,-0.028021736802619657,-22.025163396370672,-0.1609243654364818,24.33862433862434,189
1000,-0.3,6,20,20,-0.1193062340123544,-0.021490116396279846,-22.0373566195508,-0.12380649330651783,23.66412213740458,131
500,-0.4,10,13,10,-0.2149485224376958,-0.04053778477158121,-22.04073990232876,-0.2123152246491975,28.251121076233183,223
252,-0.2,26,20,10,-0.17529826917962155,-0.032419725539220456,-22.04093527166654,-0.1745353278660624,28.870292887029287,239
1000,-0.7,3,26,5,-0.04569848996577697,-0.007966594914818437,-22.043959885593758,-0.0457982555575579,25.49019607843137,51
500,-0.8,40,13,20,-0.06493348569375657,-0.011414695710181055,-22.046479777885835,-0.06839847237386021,28.767123287671232,73
252,-0.5,52,13,20,-0.1906683160102287,-0.035527393976031885,-22.051688826959733,-0.1979727354980213,25.81967213114754,244
500,-0.8,26,20,5,-0.05441255277531687,-0.009521486835451065,-22.05404308311037,-0.05333628818554792,23.52941176470588,51
252,-0.7,10,20,10,-0.07490237908683162,-0.013224931032157161,-22.056953611505683,-0.07751136551129223,25.24271844660194,103
252,-0.6,52,40,5,-0.05886226758025048,-0.010320057282067974,-22.073561469669873,-0.06739259986193191,22.093023255813954,86
500,-0.7,26,13,20,-0.09660309009796919,-0.01722213882994239,-22.074740840278622,-0.0965370352861451,27.27272727272727,121
500,-0.4,52,20,10,-0.12300180466825827,-0.022193459837447693,-22.07588966135413,-0.12355158191286475,28.289473684210524,152
500,-0.3,52,65,5,-0.04149034568649401,-0.0072199263278721615,-22.076803643660117,-0.04886516678600927,18.75,64
252,-0.2,52,65,5,-0.052443968539002905,-0.009169187450293825,-22.0770160167185,-0.05470353328494537,24.719101123595504,89
252,-0.6,20,13,20,-0.15797603341336064,-0.028974374320241303,-22.082438436296425,-0.16646464641605685,29.896907216494846,194
500,-0.3,13,26,10,-0.1142821026711226,-0.020537834207308037,-22.09144565454151,-0.11789990948346252,28.78787878787879,132
252,-0.1,52,20,10,-0.20119695501685386,-0.03768453606810995,-22.105449694839972,-0.20312635050261196,26.953125,256
500,-0.7,40,26,5,-0.06095015493700562,-0.010695840464821638,-22.107396231172526,-0.059181657522059616,23.943661971830984,71
1000,-0.7,20,20,20,-0.04707307600827626,-0.008211084879873765,-22.11472866182826,-0.048351804616627136,30.76923076923077,65
500,-0.1,10,20,10,-0.15930047510479617,-0.029235717630957336,-22.115449757409124,-0.16278670641705217,24.528301886792452,212
1000,-0.7,52,13,10,-0.09104441729778634,-0.016190727415756223,-22.117924094083985,-0.09393495327628343,33.70786516853933,89
500,-0.5,13,40,5,-0.05634765703874467,-0.009868387717843596,-22.135580745452817,-0.060635295211468265,19.736842105263158,76
500,-0.1,6,26,5,-0.1370476451349778,-0.02488929169539489,-22.141922938238558,-0.1380050821282235,25.748502994011975,167
252,-0.8,6,13,5,-0.08079363158580288,-0.014302329990098062,-22.142149357034107,-0.08033314694472049,24.0,75
500,-0.3,26,40,5,-0.06740717762072668,-0.011862391456002763,-22.14559326524792,-0.07357637533760308,21.50537634408602,93
252,-0.5,52,26,10,-0.10171794049540395,-0.018175857354190805,-22.15744416240255,-0.10912539228483653,20.74074074074074,135
500,-0.5,40,26,5,-0.10265113693680483,-0.018350347185177585,-22.161411051008358,-0.10108478178579527,23.076923076923077,104
252,-0.8,13,13,5,-0.08488396587278613,-0.015053746903057719,-22.16651876834581,-0.0835437954154662,21.333333333333336,75
1000,-0.8,40,6,20,-0.10549541728379908,-0.018883102624764003,-22.17755672962819,-0.10683047237159116,30.23255813953488,86
1000,-0.4,40,20,5,-0.1105207532430682,-0.019827828665748837,-22.181703803566727,-0.11491890315399522,24.137931034482758,116
1000,-0.6,20,20,10,-0.065705108579595,-0.011554240723421816,-22.18441283241875,-0.06475228839697222,25.301204819277107,83
252,-0.5,26,13,20,-0.18238265468654602,-0.0338460982212857,-22.18810136581324,-0.19057389544072278,28.688524590163933,244
252,-0.5,10,20,20,-0.12338309665719338,-0.02226616733109754,-22.20156635388201,-0.13259855457785974,28.07017543859649,171
500,-0.8,3,26,5,-0.04345173291451565,-0.0075676045971739825,-22.206222368949547,-0.04401869276817627,20.930232558139537,43
252,-0.2,20,20,10,-0.18612263413984964,-0.03460324375254664,-22.206287618301882,-0.18572781945906558,26.359832635983267,239
252,-0.8,26,20,5,-0.05949853599148369,-0.010434501184071299,-22.210171629761415,-0.058947243534955396,27.11864406779661,59
1000,-0.7,52,8,20,-0.14955989405328485,-0.02732159051974692,-22.219691245392422,-0.15120156651248506,30.49645390070922,141
500,-0.1,10,26,5,-0.14310285083234653,-0.026062706893060228,-22.229306625512553,-0.14444317799688855,23.353293413173652,167
1000,-0.8,20,40,10,-0.014707775930425382,-0.002530459659029427,-22.23677929066215,-0.01685158511834839,17.391304347826086,23
1000,-0.8,20,13,5,-0.048151875298952374,-0.008403169754163997,-22.241020394234873,-0.05127993931507446,28.26086956521739,46
500,-0.5,13,20,10,-0.10798703875716342,-0.019350957564565396,-22.255186669461146,-0.11480747641823119,28.57142857142857,133
500,-0.2,13,26,10,-0.1108621193426006,-0.0198921633260285,-22.274799136911547,-0.1148471700751511,25.165562913907287,151
1000,-0.7,13,20,20,-0.04760361035127203,-0.008305526270990904,-22.27593531865852,-0.04879588933469714,27.692307692307693,65
252,-0.6,52,52,5,-0.047138329456680284,-0.008222698414611984,-22.291185397037964,-0.05062645957120715,22.535211267605636,71
500,-0.4,26,20,10,-0.11768941058153592,-0.021183170644641924,-22.294049360274435,-0.12060471770544112,27.631578947368425,152
500,-0.3,20,40,5,-0.06683592465363442,-0.011758917139779501,-22.299410615516692,-0.07439408036244555,21.50537634408602,93
252,-0.8,40,20,10,-0.04725017017875377,-0.00824260489020101,-22.300139329674476,-0.051126343530514706,30.508474576271187,59
1000,-0.8,26,6,10,-0.1200285187135286,-0.021627389474396685,-22.300602404771773,-0.12745685333195822,25.581395348837212,86
252,-0.2,20,26,10,-0.13851723065389054,-0.025173448277235444,-22.305393133967506,-0.14241513494297453,23.404255319148938,188
1000,-0.6,40,13,10,-0.11094592158756822,-0.01990796002510764,-22.31220163461527,-0.10896559300294362,25.6198347107438,121
1000,-0.5,20,26,10,-0.06607978313558094,-0.011622033629014372,-22.313413449164674,-0.07031266636282907,25.925925925925924,81
252,-0.6,26,20,10,-0.1164311834871854,-0.02094462506154804,-22.322023227005733,-0.11890446028130985,26.618705035971225,139
500,-0.4,3,20,10,-0.13248225079110143,-0.024009086272182012,-22.323329916569097,-0.13315256653014573,27.631578947368425,152
500,-0.1,13,26,10,-0.13037446254746232,-0.023604001043983858,-22.329762104889827,-0.13357109640311093,25.149700598802394,167
500,-0.7,52,26,10,-0.054990222092509145,-0.009624982376157387,-22.334611210802656,-0.05315617766538783,23.943661971830984,71
500,-0.2,6,40,5,-0.07491563183816341,-0.013227348319113763,-22.339438951454948,-0.078838093441156,21.49532710280374,107
500,-0.3,6,20,20,-0.12314918360217109,-0.02222156000299902,-22.339513441962577,-0.1266306518873096,25.903614457831324,166
1000,-0.8,20,6,10,-0.1045172831207547,-0.0186997323945437,-22.347608732791198,-0.10656120696031501,29.069767441860467,86
500,-0.6,26,40,5,-0.052819417300532634,-0.009236331200494718,-22.35256324812446,-0.0533260851594658,23.809523809523807,63
1000,-0.1,13,26,5,-0.12441378402441505,-0.02246283749817779,-22.352966269985618,-0.12486049512089126,23.66412213740458,131
252,-0.5,13,26,10,-0.09560959063078067,-0.017037409652551738,-22.359138803566847,-0.10027793871149115,25.925925925925924,135
1000,-0.4,20,20,10,-0.11003333486203626,-0.01973600411675469,-22.371560985889392,-0.11301000881582224,26.72413793103448,116
252,-0.1,52,13,20,-0.283306947538578,-0.05536858915039933,-22.373892285882047,-0.2874107784379666,26.984126984126984,378
500,-0.4,13,13,20,-0.20291400648410096,-0.038038563835737005,-22.37425168367962,-0.20290656013714947,29.596412556053814,223
1000,-0.1,52,20,10,-0.13967688008808254,-0.025397959938250003,-22.3929087561624,-0.14108833057003256,27.058823529411764,170
500,-0.1,3,20,10,-0.16681632060166163,-0.03072526721800939,-22.395964012249287,-0.1721011858793181,26.41509433962264,212
252,-0.2,10,20,10,-0.18202999163650924,-0.03377485106766254,-22.404301425734335,-0.18207726602112584,30.543933054393307,239
500,-0.5,3,40,5,-0.05994762129739095,-0.010515315604730291,-22.418354107284948,-0.060880843557353015,25.0,76
1000,-0.8,40,40,10,-0.014607708764335148,-0.0025131377049742998,-22.42431524973673,-0.014477714985527634,26.08695652173913,23
1000,-0.6,10,20,10,-0.07099624125450876,-0.012513703871248949,-22.425624046577557,-0.07047908581426932,22.89156626506024,83
252,-0.4,26,26,10,-0.1147569392429546,-0.020627643631004222,-22.430529256067803,-0.11561834936686588,27.81456953642384,151
500,-0.3,13,40,5,-0.06946070528686754,-0.012234793137184896,-22.431231826496482,-0.07298914088687025,26.881720430107524,93
252,-0.6,6,40,5,-0.06871256230112721,-0.01209904061465783,-22.44317018791062,-0.07591149693691002,25.581395348837212,86
1000,-0.3,26,20,5,-0.12908685278312226,-0.0233569421102513,-22.461336823349576,-0.1311574840150721,27.480916030534353,131
500,-0.6,3,40,5,-0.05043823117670876,-0.008810862606339676,-22.46246590257424,-0.05163018709879774,28.57142857142857,63
1000,-0.8,13,20,10,-0.024351931893034973,-0.00420677910682421,-22.465984914006157,-0.025030679334452133,28.125,32
1000,-0.3,13,26,5,-0.09379921019991555,-0.016701223512755048,-22.47889889317751,-0.09461959347835358,25.471698113207548,106
1000,-0.6,3,26,20,-0.05675514133403592,-0.009941511475878184,-22.480878780762573,-0.05842769440949558,22.727272727272727,66
500,-0.4,3,26,10,-0.10948662946655596,-0.01963306010423893,-22.486296621775463,-0.11059321228774477,22.88135593220339,118
1000,-0.2,52,20,10,-0.13853898554185595,-0.025177657783183593,-22.494429778171188,-0.14212210805463232,23.684210526315788,152
252,-0.3,3,26,10,-0.1271800305767472,-0.02299162803196453,-22.4951412332545,-0.1330455922065621,25.595238095238095,168
500,-0.3,52,20,10,-0.13364479934100082,-0.02423285987135415,-22.502415908486544,-0.13314426450767292,22.89156626506024,166
500,-0.6,20,26,10,-0.07273579432876953,-0.012830133832902657,-22.503554682959123,-0.07203842210592659,26.373626373626376,91
252,-0.4,26,13,20,-0.21326528805440503,-0.04018632334225203,-22.517467254691592,-0.21651187556214269,27.33812949640288,278
1000,-0.5,6,26,10,-0.06503769699021189,-0.011433536342915884,-22.52885815442363,-0.06846917981238443,25.925925925925924,81
500,-0.6,40,20,20,-0.08723146547015181,-0.015486253894804958,-22.542830873922956,-0.08951996450635102,26.36363636363636,110
252,-0.7,20,65,5,-0.02581031604373729,-0.004461465730042247,-22.56330274355595,-0.028720901760845075,21.27659574468085,47
252,-0.2,52,20,10,-0.18448217617873586,-0.03427078451919441,-22.56474417320607,-0.1837670778211309,25.94142259414226,239
1000,-0.4,6,40,5,-0.050738811207852175,-0.00886452121469583,-22.5677323961363,-0.05669264932408391,18.333333333333332,60
500,-0.5,20,13,10,-0.1960302779012114,-0.036623044070204,-22.599354656605502,-0.20043824574741265,26.94300518134715,193
1000,-0.2,10,26,10,-0.09704227869566528,-0.017303854308552413,-22.600575701609216,-0.09910664031532634,25.6198347107438,121
1000,-0.6,40,20,10,-0.06745323230907618,-0.011870735893659057,-22.615490578937987,-0.06751984424298407,26.506024096385545,83
252,-0.1,40,20,10,-0.20466701168960189,-0.03840065749493293,-22.619312440774085,-0.20750402112315525,26.953125,256
252,-0.8,52,52,5,-0.021038084688733028,-0.0036292327711974215,-22.623132258233163,-0.023930049845326984,31.25,32
1000,-0.5,13,20,20,-0.08426364718417967,-0.014939612067473407,-22.633019278222662,-0.08631460212851394,22.772277227722775,101
1000,-0.2,20,26,10,-0.09620928571412368,-0.017148895542511644,-22.64898796448115,-0.09798047458330073,24.793388429752067,121
252,-0.1,6,26,10,-0.1487719474296676,-0.027167546588688474,-22.66477923006925,-0.15273218834731417,24.875621890547265,201
252,-0.3,10,26,10,-0.12762585011968686,-0.023076980023127747,-22.6865898847607,-0.12921361529561493,24.404761904761905,168
500,-0.6,10,26,10,-0.06962212224161923,-0.012264094536573733,-22.696038320661213,-0.07371658643252543,25.274725274725274,91
500,-0.7,10,20,20,-0.06305812990289605,-0.01107594239834453,-22.70565119148327,-0.06684953787487735,27.380952380952383,84
500,-0.5,6,13,10,-0.18580407786836362,-0.0345386409212084,-22.71256920853533,-0.18728005861266395,24.352331606217618,193
1000,-0.6,13,20,10,-0.07118242961996013,-0.012547548612869774,-22.736633675690893,-0.06969823073258141,24.096385542168676,83
1000,-0.5,26,20,5,-0.09941237976852402,-0.017745405121067925,-22.743961957155857,-0.09932561026120379,27.722772277227726,101
1000,-0.7,40,20,20,-0.049653779280454446,-0.008670891001695824,-22.744466036102192,-0.05325178744844561,30.76923076923077,65
252,-0.8,10,13,5,-0.08692832059781885,-0.015430350195332787,-22.762708398192743,-0.08483577696087097,24.0,75
500,-0.5,10,13,10,-0.19206305265111978,-0.03581181060232874,-22.77163967597006,-0.19030650201621824,27.979274611398964,193
1000,-0.2,13,20,20,-0.12733664353583807,-0.02302160740774628,-22.796562039202133,-0.12851208905527378,24.342105263157894,152
252,-0.4,20,26,10,-0.1190371682364395,-0.021439003235195542,-22.797679739185398,-0.12332310438072969,22.516556291390728,151
252,-0.2,52,26,10,-0.14573781988495504,-0.026575475028669193,-22.802385506302283,-0.14692926183264765,25.53191489361702,188
1000,-0.6,26,13,20,-0.1089401434035181,-0.019530209739548554,-22.805933684551214,-0.10755598544999456,24.793388429752067,121
252,-0.2,13,13,20,-0.2698522847368705,-0.05235948821567937,-22.806209992251155,-0.2712569656992947,27.507163323782237,349
1000,-0.4,52,13,20,-0.15878526626199607,-0.02913401434635654,-22.8087330507028,-0.16160078673861322,22.674418604651162,172
1000,-0.1,40,20,10,-0.14613822002168775,-0.026653508097768674,-22.813567628847476,-0.14647412391388115,27.647058823529413,170
1000,-0.7,3,52,10,-0.020241126903387863,-0.0034905785888061924,-22.82332935187404,-0.023790102313382522,20.0,30
1000,-0.4,3,40,5,-0.05124806771638968,-0.008955464252534462,-22.830111684124258,-0.0512419104890347,25.0,60
1000,-0.4,6,40,10,-0.047236483353196634,-0.008240168674768622,-22.838658280615096,-0.05205346566410174,15.0,60
500,-0.4,26,26,10,-0.1048027181655915,-0.01875322556837733,-22.851497331594217,-0.10614710862029875,26.27118644067797,118
252,-0.4,26,20,10,-0.15730718345746852,-0.028842524066482578,-22.869271244358526,-0.15752055999899062,28.04232804232804,189
500,-0.6,6,26,10,-0.0783079293427762,-0.01384704585251284,-22.871740150235244,-0.08338082712039463,23.076923076923077,91
500,-0.2,20,26,5,-0.12216534152265723,-0.022034048797250017,-22.878778417774935,-0.12642802988834045,22.516556291390728,151
500,-0.1,13,65,5,-0.04993336498464829,-0.008720767150279474,-22.87927384746549,-0.05545454702954822,19.230769230769234,78
252,-0.4,40,13,20,-0.218967173713146,-0.041379417153156295,-22.889132811684913,-0.2211188940982013,29.496402877697843,278
1000,-0.2,3,40,10,-0.06056494185041372,-0.010626456779202487,-22.890375592443366,-0.0629612590370704,22.22222222222222,81
500,-0.8,13,20,5,-0.050606015423498185,-0.008840813189469388,-22.893659276248567,-0.05002860561448952,27.450980392156865,51
500,-0.8,52,52,5,-0.010304256888984953,-0.0017695723335310332,-22.894632070487834,-0.01216632288717956,26.923076923076923,26
252,-0.2,26,52,5,-0.07472165513046691,-0.013191970050192348,-22.89744274856134,-0.07775474956904926,18.095238095238095,105
1000,-0.6,13,13,20,-0.12564877025756938,-0.022698743779055897,-22.898679448733883,-0.12355238030122473,21.487603305785125,121
500,-0.8,40,40,10,-0.017410373130928414,-0.0029988405884608937,-22.915578947501118,-0.018761853893769165,27.27272727272727,33
1000,-0.5,20,20,20,-0.08227272593651735,-0.014573727220146493,-22.928078624744128,-0.08564405791353724,24.752475247524753,101
252,-0.3,13,20,10,-0.16059458457912157,-0.02949140557683949,-22.929095764057497,-0.16517391723017105,27.61904761904762,210
1000,-0.1,26,26,10,-0.11503798903694373,-0.02068081951486167,-22.930083812041588,-0.11806735437319682,20.610687022900763,131
1000,-0.2,40,26,5,-0.11866386949319419,-0.021368110855742195,-22.931508316922724,-0.11819076498865377,22.31404958677686,121
252,-0.2,3,20,10,-0.18265433024405375,-0.03390100115889061,-22.936978503438144,-0.18605024304097317,25.94142259414226,239
500,-0.3,3,26,20,-0.10344420592153802,-0.018498754154202657,-22.94164247806943,-0.10613888407231709,25.0,132
252,-0.4,52,13,20,-0.22081482600453783,-0.04176757908797568,-22.941793284594226,-0.22586100189471336,29.136690647482016,278
1000,-0.1,6,40,5,-0.07906048692151091,-0.013984777635334011,-22.962157632060677,-0.07793263988115395,20.0,90
500,-0.7,52,65,5,-0.017035631403883866,-0.002933831230877426,-22.97142263644296,-0.017087564797836907,33.33333333333333,36
1000,-0.5,40,26,5,-0.06944828220973454,-0.01223253819837189,-22.975536550320893,-0.07329541386652738,19.753086419753085,81
1000,-0.4,13,26,5,-0.08508575011683295,-0.015090887791918917,-22.981366075827868,-0.08379749096849376,21.978021978021978,91
1000,-0.1,6,20,20,-0.151217595002345,-0.027646058520170436,-22.981566131515805,-0.15305192261488776,30.0,170
500,-0.7,52,20,20,-0.06044285372173841,-0.01060447147144905,-22.98184024052916,-0.06232030324481419,28.57142857142857,84
500,-0.5,26,26,10,-0.09539546735295568,-0.01699761806335376,-22.982448560447487,-0.09605442535608899,25.961538461538463,104
252,-0.8,6,20,10,-0.0425818186968937,-0.007413329511502198,-22.995076275563132,-0.04308780498261011,23.728813559322035,59
1000,-0.4,40,20,10,-0.10197005492357658,-0.018222983094655754,-23.015780256601147,-0.10792772065192247,18.96551724137931,116
252,-0.7,52,20,20,-0.07631451614235918,-0.0134826648387526,-23.016607277226637,-0.07834728495299892,28.155339805825243,103
500,-0.6,26,20,10,-0.09872774981282317,-0.01761775942865995,-23.020937070911693,-0.09962797202233975,27.27272727272727,110
1000,-0.7,10,26,5,-0.0420322954761817,-0.0073159341004871425,-23.02262866154276,-0.04118924222638565,27.450980392156865,51
252,-0.5,6,20,20,-0.12247216100447689,-0.022092507052221877,-23.030247850029067,-0.12993260026497466,28.654970760233915,171
500,-0.5,52,20,10,-0.11070247572724312,-0.01986207396537021,-23.03133314980774,-0.1159202898389976,23.308270676691727,133
500,-0.3,10,40,5,-0.07396456723806633,-0.013053948052623499,-23.036784896391442,-0.0775388933442589,21.50537634408602,93
252,-0.1,52,40,5,-0.09687088937006771,-0.017271961672506664,-23.054780534391412,-0.10204892433062851,24.637681159420293,138
500,-0.5,52,13,20,-0.17805192033753314,-0.03297293534972756,-23.066321556021045,-0.17881793096278398,26.94300518134715,193
500,-0.4,20,26,10,-0.10977466888498066,-0.01968729107128031,-23.069793388547318,-0.1101528181620487,24.576271186440678,118
500,-0.7,6,40,5,-0.030796629946688747,-0.005334651078019892,-23.08907375954975,-0.030291141495054963,22.916666666666664,48
1000,-0.8,10,26,20,-0.02073404889264352,-0.0035763257908237867,-23.096009975746878,-0.021229602994154106,31.03448275862069,29
500,-0.6,13,20,10,-0.09722168001926779,-0.017337243217243725,-23.10469858890884,-0.101786657542002,26.36363636363636,110
252,-0.2,10,26,10,-0.13608127596261754,-0.024702654734943263,-23.10574141492417,-0.1361556510128178,28.191489361702125,188
252,-0.2,52,52,5,-0.07651864312216738,-0.013519947746333028,-23.107477309149512,-0.0797719216081535,25.71428571428571,105
1000,-0.1,3,20,20,-0.14468163136920176,-0.02636978224046893,-23.121687760496158,-0.1443511485960085,27.058823529411764,170
500,-0.6,52,20,20,-0.0884214667273967,-0.015705853894362076,-23.139303478590442,-0.08921491738776088,24.545454545454547,110
500,-0.1,40,26,10,-0.12407030672523423,-0.022397275713008313,-23.1448878699878,-0.12707058268054816,21.55688622754491,167
500,-0.6,13,13,20,-0.14420797214625503,-0.026277605456273334,-23.147890777381182,-0.14484851941038923,23.89937106918239,159
252,-0.2,26,40,5,-0.09347279031238898,-0.016640666866377662,-23.15631389514853,-0.0968784521161945,27.27272727272727,132
1000,-0.8,13,40,10,-0.0142201386910068,-0.0024460618150178304,-23.158879357766182,-0.014977472544399517,26.08695652173913,23
1000,-0.8,6,40,20,-0.013608221475663096,-0.0023402031585106897,-23.167834348252498,-0.014503462112867127,30.434782608695656,23
252,-0.6,20,26,10,-0.09389425876415591,-0.01671886009718415,-23.181513700863064,-0.09803920595635074,21.1864406779661,118
500,-0.2,13,40,5,-0.07256720796674043,-0.012799445939048693,-23.198523868896693,-0.07558991336600995,22.429906542056074,107
500,-0.5,3,20,10,-0.11580982577075116,-0.02082692654462337,-23.22228674699799,-0.11736375492313,22.55639097744361,133
252,-0.8,40,13,10,-0.08129701765775421,-0.01439465502502113,-23.23376177901427,-0.0870876189782297,26.666666666666668,75
1000,-0.7,20,13,10,-0.09277691610174466,-0.016511630247210696,-23.246113305204133,-0.09317815190788059,24.719101123595504,89
500,-0.3,40,20,10,-0.12887935955396945,-0.023317157872438043,-23.261752585165066,-0.1297799126869158,27.710843373493976,166
1000,-0.8,20,40,20,-0.014542307669290877,-0.002501817349284563,-23.280740302438204,-0.016906381283889438,21.73913043478261,23
1000,-0.8,26,6,5,-0.11895016675224845,-0.02142247874093317,-23.28232607529482,-0.12305484853330073,30.23255813953488,86
500,-0.7,26,26,10,-0.052038975765414275,-0.009096784889536691,-23.284396038403436,-0.050433655209334516,22.535211267605636,71
1000,-0.2,13,26,10,-0.10215986777458463,-0.018258470535666094,-23.28818692763183,-0.10522824599768543,21.487603305785125,121
252,-0.5,40,13,20,-0.19146324183963648,-0.035689446507827016,-23.30152979905993,-0.19601375229123708,26.639344262295083,244
252,-0.5,52,52,5,-0.06048538490951505,-0.010612130106585238,-23.324743214568887,-0.06392465560666316,23.75,80
500,-0.8,10,20,5,-0.05240653385416716,-0.009162493990654275,-23.331887992528635,-0.053957161592715575,29.411764705882355,51
1000,-0.2,26,20,20,-0.1236688496661198,-0.02232067395449422,-23.337058849414486,-0.12377926044582943,25.657894736842106,152
500,-0.7,3,26,10,-0.06347219303783003,-0.011150687959321615,-23.33813945022317,-0.0631081502906522,21.12676056338028,71
1000,-0.4,6,26,5,-0.08270270139853475,-0.014652690922626332,-23.35921550430458,-0.08125733365597598,24.175824175824175,91
500,-0.4,52,13,20,-0.20950200111746964,-0.03940279358989329,-23.36480154914925,-0.209141835334561,25.56053811659193,223
1000,-0.4,10,20,20,-0.0998653206485216,-0.017829897813093964,-23.37477016466487,-0.10340181477631749,26.72413793103448,116
500,-0.3,40,26,10,-0.11904639299504394,-0.021440755404983136,-23.377337931902623,-0.11963115943987013,21.96969696969697,132
1000,-0.3,10,40,10,-0.060525727937229656,-0.01061939498308806,-23.380890894519403,-0.06590977871771497,15.277777777777779,72
252,-0.2,6,20,10,-0.18849061625552188,-0.0350841258729081,-23.396737068394458,-0.19203241203444,21.75732217573222,239
500,-0.5,40,20,10,-0.10900257724602225,-0.01954195733527564,-23.407600464103265,-0.11218034644860864,29.32330827067669,133
1000,-0.6,20,13,10,-0.1228786650840461,-0.02216998429574213,-23.43592346813637,-0.12087798668755623,28.09917355371901,121
500,-0.4,26,13,20,-0.20645693372218132,-0.03877105985911544,-23.43724388259501,-0.20843784739730264,27.802690582959645,223
500,-0.7,10,40,5,-0.0346872774496817,-0.006018557586372042,-23.498156694039604,-0.036616280236200005,22.916666666666664,48
500,-0.3,3,40,10,-0.06866748199937889,-0.012090863563038345,-23.504815446797934,-0.07465143510087857,22.58064516129032,93
500,-0.5,40,13,20,-0.1861309067385084,-0.03460492170490437,-23.506242088598977,-0.1875324018642499,25.906735751295333,193
1000,-0.8,26,6,20,-0.1148927883405978,-0.02065334514290129,-23.50690778784648,-0.12090696645657484,26.744186046511626,86
252,-0.8,6,13,10,-0.07884217015945894,-0.013944812075543989,-23.531353104506476,-0.07815740928256776,18.666666666666668,75
1000,-0.2,6,26,5,-0.1160629180969901,-0.02087485939610667,-23.541654407660584,-0.11612877021009149,23.96694214876033,121
252,-0.8,3,13,10,-0.08016257902617818,-0.014186649088640424,-23.556534927726812,-0.08167151758866453,21.333333333333336,75
1000,-0.2,20,20,20,-0.12652615482351792,-0.022866509107610455,-23.56140166285816,-0.12845932786225178,25.657894736842106,152
252,-0.4,40,40,5,-0.08445211594635127,-0.014974282384018878,-23.561609501937046,-0.09022246667466216,25.233644859813083,107
1000,-0.5,40,20,10,-0.08840430053171988,-0.01570268439653877,-23.56178607914215,-0.09123259990946786,28.71287128712871,101
1000,-0.8,10,20,20,-0.02372752214831053,-0.004097831060846158,-23.562337787600818,-0.024551536956287534,28.125,32
500,-0.5,26,40,5,-0.059328153300837294,-0.01040384861298671,-23.562564793257422,-0.05889906188410987,27.631578947368425,76
500,-0.1,20,20,20,-0.15336197589067202,-0.028066566433751494,-23.57634290167085,-0.1579773921264127,23.11320754716981,212
500,-0.1,6,20,10,-0.17528311981847966,-0.03241668626358707,-23.591440256232136,-0.18093992793448155,25.471698113207548,212
252,-0.1,10,52,5,-0.07652144991929832,-0.013520460443269822,-23.603957272367076,-0.08228666199954782,17.857142857142858,112
500,-0.4,3,13,20,-0.2158274036294907,-0.04072154457177535,-23.611250976664422,-0.21898769725394618,25.56053811659193,223
252,-0.3,26,40,5,-0.08790726762506662,-0.015610935674694182,-23.63881836475169,-0.08907206164473724,20.51282051282051,117
1000,-0.5,10,40,10,-0.04272951087196808,-0.007439513813547127,-23.64525948519427,-0.04402997675896769,25.0,56
252,-0.2,13,20,10,-0.19507512715666786,-0.03642742837788482,-23.64660514559095,-0.19390536395198588,30.125523012552303,239
500,-0.5,13,13,20,-0.1898513870670705,-0.035360993340061375,-23.657975683891834,-0.19119683031832047,26.94300518134715,193
500,-0.2,10,20,20,-0.13741594192918227,-0.024960467250659812,-23.66574032012694,-0.13879705574416046,30.05181347150259,193
1000,-0.1,40,26,10,-0.11404694248967617,-0.020493371365387647,-23.675526454402114,-0.11699624466179348,23.66412213740458,131
1000,-0.2,26,26,10,-0.09860193899912872,-0.017594311400702667,-23.676818660992463,-0.09929894751339585,22.31404958677686,121
1000,-0.3,10,20,20,-0.1199795552877374,-0.021618080829893915,-23.688952094784177,-0.12149966406009283,23.66412213740458,131
252,-0.7,20,20,20,-0.07087177556364743,-0.012491082021174105,-23.690206210859422,-0.07482791049806148,23.300970873786408,103
1000,-0.5,26,26,5,-0.07603419472049766,-0.013431476475710968,-23.705170412913073,-0.07710834935498456,23.456790123456788,81
1000,-0.7,20,52,5,-0.020032951329890802,-0.0034543757435522293,-23.717862181422745,-0.021430055570702766,20.0,30
1000,-0.7,26,13,20,-0.08715550231326497,-0.01547224389516566,-23.74543804284398,-0.09085265570288081,26.96629213483146,89
252,-0.1,13,26,10,-0.14360179514952598,-0.02615970163604564,-23.762314524446154,-0.14559100197987274,23.383084577114428,201
500,-0.2,40,20,20,-0.14311711249787862,-0.026065478709825007,-23.78231513128648,-0.14249363010242866,23.83419689119171,193
1000,-0.8,20,20,20,-0.028307827236278782,-0.004898356578353247,-23.783003322222388,-0.031267048867231195,31.25,32
1000,-0.3,6,40,10,-0.05876276529488733,-0.010302165871429625,-23.78386199948853,-0.06561204940376186,11.11111111111111,72
252,-0.1,40,26,10,-0.15390166681564876,-0.028172537578183277,-23.78519140625549,-0.15776265365121467,23.88059701492537,201
1000,-0.7,6,52,20,-0.01896215209286012,-0.0032682587072279112,-23.799720111547128,-0.02187605945423976,16.666666666666664,30
500,-0.4,40,26,10,-0.11130001190950867,-0.019974719578717215,-23.822300478592748,-0.1117785841488399,27.966101694915253,118
500,-0.5,26,13,20,-0.18283863145904544,-0.03393825522110028,-23.824566350937005,-0.18443194231765947,25.38860103626943,193
1000,-0.4,40,13,20,-0.15531435393684623,-0.02845019165537166,-23.865483534714542,-0.15788059649356945,23.837209302325583,172
252,-0.6,40,40,5,-0.06255654736287475,-0.010985434739170019,-23.868412816091833,-0.07165228312581562,25.581395348837212,86
252,-0.6,26,26,10,-0.0944875587138655,-0.01682898359986429,-23.87685839082661,-0.09880362535223597,23.728813559322035,118
500,-0.6,40,40,10,-0.042955546010892576,-0.007479594002160028,-23.88336571525711,-0.04553133648360164,20.634920634920633,63
1000,-0.8,52,13,10,-0.051581304768901215,-0.009014995638801926,-23.892619532433766,-0.05109090495124513,28.26086956521739,46
1000,-0.3,13,26,10,-0.09095002471426283,-0.01617325807943648,-23.899066179660746,-0.09277144979208385,23.58490566037736,106
500,-0.6,20,13,20,-0.13690218779997498,-0.02486118813333671,-23.903244586226574,-0.13636292198782984,25.78616352201258,159
500,-0.2,20,20,20,-0.14196410242264756,-0.025841509523158668,-23.907386642039487,-0.14411987829969686,21.761658031088082,193
252,-0.2,40,40,5,-0.09320054964528723,-0.016590175244381666,-23.90785878926016,-0.09574554631516397,25.0,132
1000,-0.4,20,20,5,-0.12211612358642754,-0.022024672890187502,-23.90817976187112,-0.12279508485235613,23.275862068965516,116
500,-0.7,26,20,10,-0.07258472655922399,-0.012802634645421529,-23.92919995539911,-0.07313237138483208,27.380952380952383,84
252,-0.1,20,40,5,-0.10811306900824202,-0.019374651197545667,-23.933309964274162,-0.11841607029776169,19.565217391304348,138
500,-0.7,20,13,20,-0.09845929851113888,-0.017567730018702044,-23.934600657514583,-0.10094728105559281,23.96694214876033,121
1000,-0.8,40,13,5,-0.05691107760706404,-0.00996950143687747,-23.95167094581246,-0.05638217538875934,26.08695652173913,46
252,-0.8,3,13,20,-0.0763257505184739,-0.01348471657120498,-23.963714049414357,-0.07851019779061985,17.333333333333336,75
500,-0.2,52,26,10,-0.11040937075195656,-0.019806841687584065,-23.96495203150308,-0.11002881138036591,19.867549668874172,151
1000,-0.1,10,26,20,-0.1121033362323558,-0.020126258704818545,-23.971906863880722,-0.11287189925126973,21.374045801526716,131
500,-0.4,40,13,20,-0.21050780894963728,-0.03961190305838169,-23.981043540777975,-0.21188836827517898,24.663677130044842,223
500,-0.4,13,20,20,-0.1188773308817882,-0.021408645811167304,-23.98763028872038,-0.123073442016712,24.342105263157894,152
500,-0.3,6,40,5,-0.07713048296533331,-0.013631738582677189,-23.99172381211007,-0.07906836188102806,23.655913978494624,93
252,-0.1,52,26,10,-0.15168776711773124,-0.02773818269171946,-23.993210342670874,-0.15585063390758658,21.890547263681594,201
252,-0.1,3,52,5,-0.07998822928012395,-0.014154699902545698,-23.993819260473323,-0.08140389974404638,17.857142857142858,112
252,-0.4,52,26,10,-0.11691980363274901,-0.02103722843184541,-24.00743386628313,-0.12185363962146367,25.165562913907287,151
500,-0.5,40,26,10,-0.09848508107999654,-0.017572534401371076,-24.00918204668417,-0.09815606486995887,22.115384615384613,104
252,-0.3,40,20,10,-0.1593971924610995,-0.02925481559585008,-24.01489223224951,-0.16440214873938308,26.666666666666668,210
1000,-0.2,40,20,10,-0.1337211608086808,-0.024247567048131136,-24.038550942059942,-0.13504393680750093,28.289473684210524,152
252,-0.2,3,26,10,-0.13735693160121487,-0.024949061457622435,-24.04545095828013,-0.1387113073107561,25.53191489361702,188
1000,-0.8,6,20,10,-0.026145939911705884,-0.004520122533196669,-24.054062090409335,-0.026632316785551113,21.875,32
252,-0.2,40,26,10,-0.14555644603362317,-0.02654013747033468,-24.07805908552641,-0.14762723530544286,26.063829787234045,188
500,-0.2,6,20,20,-0.1441997753117088,-0.026276010677880546,-24.078682752664523,-0.14865552767098866,27.979274611398964,193
500,-0.6,10,20,20,-0.0992301564541701,-0.017711422678388322,-24.080221118198338,-0.10171760895395587,26.36363636363636,110
1000,-0.4,26,20,5,-0.11667667848524776,-0.020991146005892358,-24.096279372648734,-0.11711381049564673,25.0,116
500,-0.5,6,13,20,-0.18290569394497846,-0.03395181274741543,-24.100925696385303,-0.1850452032881722,23.316062176165804,193
1000,-0.3,40,20,5,-0.12329795711218894,-0.022249930038343968,-24.111175723051,-0.12267743197370418,29.770992366412212,131
1000,-0.2,3,26,10,-0.11433217706585053,-0.020547303272504647,-24.13129353921822,-0.11621331118856515,27.27272727272727,121
252,-0.4,40,20,10,-0.1564412608513649,-0.028671953725283306,-24.141752612800378,-0.1599490039262127,26.455026455026452,189
500,-0.2,3,20,20,-0.144293213819207,-0.026294190850313037,-24.149032213733555,-0.14573698551882897,26.94300518134715,193
1000,-0.3,13,20,20,-0.11709778510261926,-0.02107097006355574,-24.157481358580746,-0.11995537776153775,22.137404580152673,131
1000,-0.3,52,40,5,-0.05766438971132026,-0.01010477212194072,-24.163445523237215,-0.059968381966748474,25.0,72
1000,-0.1,20,20,20,-0.1402455698817463,-0.02550815170788212,-24.168609581984622,-0.14418416720505,25.294117647058822,170
1000,-0.3,6,26,20,-0.07916609550874643,-0.014004113400651774,-24.17127263395855,-0.0828652866126115,20.754716981132077,106
500,-0.2,52,20,20,-0.1456106996227311,-0.026550707192032896,-24.17252246179479,-0.14486275065709509,23.83419689119171,193
1000,-0.5,52,20,5,-0.09208134344240892,-0.016382731516957794,-24.176636810045444,-0.09285930776385765,21.782178217821784,101
252,-0.6,13,26,10,-0.09249161657290517,-0.016458750598215888,-24.189922951145586,-0.09602832455611576,17.796610169491526,118
1000,-0.1,26,20,10,-0.14495377562790923,-0.026422762207384487,-24.194113867595703,-0.14664710966816707,26.47058823529412,170
1000,-0.6,10,26,10,-0.0560108645358639,-0.00980796947968443,-24.19431492741884,-0.05523161492853057,24.242424242424242,66
252,-0.1,26,40,5,-0.10273559425199585,-0.01836614650504309,-24.197271318488717,-0.11119443650609528,23.18840579710145,138
500,-0.3,13,20,20,-0.12322795676291731,-0.022236580979500542,-24.209654860594444,-0.1266469306532768,24.69879518072289,166
500,-0.8,20,26,10,-0.03363025963405586,-0.0058325269382363265,-24.214655389019438,-0.03608423776701608,20.930232558139537,43
500,-0.6,6,20,10,-0.10548770127287388,-0.018881655458456326,-24.222645454205956,-0.1054675153998138,24.545454545454547,110
252,-0.3,3,40,5,-0.09458853876842943,-0.01684773265121342,-24.223453493547034,-0.09637203277480444,25.64102564102564,117
252,-0.8,52,20,10,-0.058412388406517746,-0.010239177417697864,-24.233577035637776,-0.06164139560692361,27.11864406779661,59
252,-0.4,40,26,10,-0.11580487587321187,-0.020825989202885697,-24.241624789242113,-0.11951120348951294,23.178807947019866,151
500,-0.1,10,20,20,-0.15866939780120737,-0.02911114878671761,-24.25540055633488,-0.15994376472693217,27.358490566037734,212
500,-0.7,40,20,20,-0.06740688222767155,-0.011862337936193068,-24.25715241906931,-0.06967843610093738,26.190476190476193,84
252,-0.1,20,26,10,-0.150074004077283,-0.02742216306494427,-24.257400859228856,-0.15164653516642312,23.383084577114428,201
500,-0.3,26,26,10,-0.12338293527567035,-0.022266136552164806,-24.260092354663186,-0.12486530688845887,21.96969696969697,132
500,-0.2,10,26,10,-0.12057485332178641,-0.021731284599126544,-24.26075619178037,-0.12211406320182372,25.165562913907287,151
500,-0.4,10,20,20,-0.12099374050235556,-0.021810979602358338,-24.264538408851074,-0.1258611052973403,26.973684210526315,152
252,-0.5,13,20,20,-0.13042663305259738,-0.023614017602306192,-24.268015081523284,-0.13627395534270348,24.561403508771928,171
500,-0.3,6,26,10,-0.10891400431561504,-0.019525291593026073,-24.271923980372247,-0.1102025326531747,24.242424242424242,132
1000,-0.6,26,26,5,-0.053777626345172025,-0.009407793527823727,-24.27521085293227,-0.05164353261274335,27.27272727272727,66
1000,-0.7,52,20,20,-0.054883049256126415,-0.009605777272261196,-24.30786044489825,-0.056706363585353525,30.76923076923077,65
1000,-0.3,52,26,5,-0.09327265813798002,-0.01660354775660544,-24.30881461753494,-0.09721030683919629,21.69811320754717,106
500,-0.5,20,13,20,-0.1865485081403978,-0.034689643243535295,-24.32115324960381,-0.18953083851572627,26.42487046632124,193
500,-0.4,6,20,20,-0.12851344419648703,-0.023247017306670337,-24.351091389795545,-0.13256965029251966,26.31578947368421,152
1000,-0.3,52,20,10,-0.1222527125884898,-0.022050693863909787,-24.35392544387673,-0.12289329514808156,24.427480916030532,131
252,-0.8,13,20,5,-0.05461162560027555,-0.009557146907607117,-24.354549058015234,-0.05397119759917823,27.11864406779661,59
252,-0.7,6,52,5,-0.03649854779774686,-0.0063377264582772375,-24.369550945167063,-0.043620844819862725,19.298245614035086,57
1000,-0.6,6,20,20,-0.07545927857341928,-0.013326533625224624,-24.371582371057873,-0.07652591638402872,25.301204819277107,83
500,-0.3,52,40,5,-0.06518837485391482,-0.011460780866378029,-24.37218998058541,-0.0690200486109398,21.50537634408602,93
252,-0.5,52,40,5,-0.07811695203292723,-0.013812108348119634,-24.372713334416137,-0.084917507363933,21.21212121212121,99
252,-0.2,52,40,5,-0.09221702436179413,-0.016407868541069792,-24.37360989311395,-0.09376648975809054,24.242424242424242,132
500,-0.3,6,52,5,-0.05287655207156772,-0.009246550887918592,-24.376509975751965,-0.061238120445947786,18.666666666666668,75
1000,-0.7,40,52,10,-0.021044691287559147,-0.0036303825738531748,-24.421576429183453,-0.024948962505206618,13.333333333333334,30
500,-0.8,20,20,20,-0.042210375803660716,-0.007347491308378196,-24.428200509872376,-0.043470217195876515,19.607843137254903,51
500,-0.5,20,20,10,-0.11778662509216797,-0.021201613146763165,-24.446313551056317,-0.1216026520160921,27.819548872180448,133
500,-0.2,10,40,5,-0.07537475931486715,-0.013311110385685998,-24.45214772536655,-0.08008265021717742,24.299065420560748,107
500,-0.5,26,52,5,-0.04443748851981366,-0.007742564232087856,-24.455254304195396,-0.04636463460498985,21.311475409836063,61
500,-0.5,40,40,5,-0.05499204325155338,-0.009625308738898886,-24.45794269635788,-0.05561666875695126,21.052631578947366,76
252,-0.1,3,26,10,-0.15330839712626743,-0.028056049018273854,-24.47066495937216,-0.15453687914844183,22.388059701492537,201
500,-0.6,13,40,5,-0.05939710979245305,-0.010416253624777716,-24.471302063101394,-0.0627193127785366,15.873015873015872,63
252,-0.1,40,40,5,-0.10375078823547879,-0.01855615405918387,-24.481807056103143,-0.11256979089498853,21.73913043478261,138
1000,-0.5,20,26,20,-0.0645970859249877,-0.01135388899303369,-24.484336149056094,-0.06967384805779941,23.456790123456788,81
1000,-0.8,20,6,20,-0.10678887260980385,-0.01912584134048989,-24.487720830589655,-0.10845739827744716,24.418604651162788,86
252,-0.4,52,40,5,-0.08642350264121901,-0.01533728959760039,-24.48855658936382,-0.0921607293566602,21.49532710280374,107
1000,-0.8,10,40,20,-0.014234174371346664,-0.002448490557413807,-24.502440396443358,-0.014835898178538476,26.08695652173913,23
1000,-0.1,6,26,20,-0.10858375047396007,-0.019463163657263194,-24.504916365408416,-0.11254493046247283,21.374045801526716,131
252,-0.5,26,26,10,-0.10549466625131243,-0.0188829617653965,-24.509737140492952,-0.10961974783072947,25.185185185185183,135
1000,-0.5,3,26,20,-0.06698536130544408,-0.011785980382176153,-24.527462122120095,-0.06997130497485304,23.456790123456788,81
500,-0.4,6,13,10,-0.23572523474161866,-0.044928257391854576,-24.530223490520093,-0.23500400659352827,22.421524663677133,223
500,-0.6,40,26,20,-0.07153855533415521,-0.01261229970701494,-24.532558993982903,-0.07267398302749006,24.175824175824175,91
1000,-0.2,52,26,10,-0.10447982263466482,-0.018692713001460914,-24.54061571646362,-0.10537955402721744,22.31404958677686,121
1000,-0.1,20,26,10,-0.11409726265069309,-0.020502884812127586,-24.541587341578207,-0.11544460919805966,19.083969465648856,131
500,-0.3,10,20,20,-0.12503266368677834,-0.022581020991394363,-24.544754087364687,-0.12721832303672165,25.903614457831324,166
500,-0.5,3,26,10,-0.10136290725480757,-0.018109512409491435,-24.552412330484014,-0.1010380666724553,23.076923076923077,104
1000,-0.1,10,20,20,-0.14943263598752043,-0.027296703499465336,-24.552848517896255,-0.14973915642199387,31.176470588235293,170
1000,-0.4,6,20,20,-0.1008667348003146,-0.018016829220826702,-24.553736500876827,-0.10349353615539425,22.413793103448278,116
500,-0.7,13,26,10,-0.05301415549740629,-0.009271166088681282,-24.55462030851553,-0.052255482914508544,21.12676056338028,71
1000,-0.4,10,40,10,-0.04967958132850547,-0.00867549339840279,-24.555696728917525,-0.053346998688185154,20.0,60
500,-0.5,26,20,10,-0.11384031030250685,-0.020454310520254038,-24.568342570182118,-0.1154111837457068,28.57142857142857,133
500,-0.3,20,26,10,-0.12169086684933694,-0.021943680573819124,-24.571286757023646,-0.12501007291913424,21.96969696969697,132
1000,-0.3,20,26,5,-0.0970004394179168,-0.017296068268189857,-24.5818889014303,-0.09718373721603046,26.41509433962264,106
1000,-0.8,52,13,20,-0.04885912944800552,-0.008529197378250974,-24.584928016720912,-0.04947451032982342,23.91304347826087,46
500,-0.8,26,20,10,-0.05237547193394132,-0.00915694017122537,-24.609252355720677,-0.05210698945976555,19.607843137254903,51
252,-0.6,26,40,5,-0.06079407981620988,-0.010667725734109235,-24.629907159462704,-0.06504623982374014,22.093023255813954,86
252,-0.5,40,26,10,-0.10782026536811273,-0.019319608504748675,-24.631906584160753,-0.11228319878793802,22.962962962962962,135
500,-0.7,3,20,20,-0.06414565883377066,-0.011272318726833763,-24.63694824067043,-0.06643184779785882,23.809523809523807,84
500,-0.4,40,20,20,-0.12229985923217301,-0.022059676344218238,-24.648460196266527,-0.12578697209075895,23.026315789473685,152
500,-0.8,40,52,10,-0.010593896492131383,-0.0018195330560245582,-24.654426705263756,-0.011986595864765692,19.230769230769234,26
252,-0.6,13,40,5,-0.07341286387111567,-0.012953427886351787,-24.6589799789795,-0.07933374569493223,23.25581395348837,86
500,-0.6,6,40,5,-0.057937082235165804,-0.01015376104970811,-24.665531900645252,-0.06128761529195259,22.22222222222222,63
500,-0.3,52,26,10,-0.11137760216792025,-0.019989351252040488,-24.666823834410625,-0.11069891544124288,21.21212121212121,132
500,-0.3,26,65,5,-0.043221846470498426,-0.007526824043027958,-24.670929717216936,-0.04836248724997827,18.75,64
1000,-0.8,26,13,20,-0.04623538538193883,-0.008062054745266112,-24.70357408270373,-0.05077616686834063,19.565217391304348,46
1000,-0.8,3,40,10,-0.013374087610439345,-0.0022997135559634785,-24.704448729977642,-0.013922807689871197,34.78260869565217,23
1000,-0.3,20,20,10,-0.12377246882634863,-0.022340442672806993,-24.70538892642627,-0.12574346054821683,27.480916030534353,131
500,-0.4,20,20,10,-0.1268313528070043,-0.022924898981498187,-24.710937401094732,-0.12821378209978795,27.631578947368425,152
1000,-0.7,40,13,10,-0.092136139980034,-0.016392883062410157,-24.719005812818075,-0.09247817585190132,23.595505617977526,89
1000,-0.7,3,52,20,-0.020253332572565008,-0.0034927014178323113,-24.737277888919618,-0.023580539538998524,16.666666666666664,30
252,-0.3,20,26,10,-0.13730207730507282,-0.024938459541984703,-24.74266561460714,-0.13844000963889214,18.452380952380953,168
500,-0.7,10,26,20,-0.05047485422054643,-0.00881739968437334,-24.74795270682176,-0.049704715260268206,23.943661971830984,71
252,-0.8,10,13,10,-0.08110029064385071,-0.014358568725000076,-24.750328015899136,-0.07973548787490203,21.333333333333336,75
1000,-0.3,3,40,5,-0.06467447716210573,-0.01136787641907766,-24.753659634799035,-0.06538328253681547,22.22222222222222,72
500,-0.2,26,40,5,-0.07927147016533742,-0.014023408168216678,-24.790229633206724,-0.08425334331375123,16.822429906542055,107
1000,-0.3,3,26,20,-0.08130219510771275,-0.0143956048286501,-24.793860999483705,-0.08429717459873753,21.69811320754717,106
252,-0.1,40,52,5,-0.08247975550174846,-0.014611743748766282,-24.79807787590168,-0.08361977382400532,20.535714285714285,112
500,-0.5,20,40,5,-0.059179553688636255,-0.010377118667805996,-24.805120096052683,-0.059258997386014145,23.684210526315788,76
252,-0.2,6,26,10,-0.15357860954079605,-0.028109096857715676,-24.81859028666177,-0.1544622820635685,23.404255319148938,188
500,-0.5,6,40,10,-0.061486722011780404,-0.010792525012339071,-24.819251059660306,-0.06404048433436338,15.789473684210526,76
500,-0.8,3,40,5,-0.023248760830272386,-0.004014335112776601,-24.82508980111692,-0.023253964782418923,21.21212121212121,33
500,-0.5,10,26,10,-0.09833930922218981,-0.01754537243943266,-24.830087329228853,-0.0975995930678415,23.076923076923077,104
252,-0.2,40,52,5,-0.07899262622850178,-0.013972354062360637,-24.83843103530987,-0.08134893122175346,18.095238095238095,105
500,-0.3,13,26,20,-0.11384235132425224,-0.02045469630915575,-24.844226661151986,-0.1171037593058365,22.727272727272727,132
1000,-0.4,10,40,5,-0.05100031341989131,-0.008911215231684144,-24.845775695599702,-0.05632311237533216,18.333333333333332,60
500,-0.1,52,40,5,-0.08462330571363796,-0.015005779221241466,-24.851779135698667,-0.08892904750559338,21.551724137931032,116
500,-0.8,26,40,10,-0.022954092566309647,-0.0039629618491122676,-24.858534668933373,-0.023993954334170065,21.21212121212121,33
252,-0.3,52,20,10,-0.16829640746200103,-0.03101991442559726,-24.868409820190177,-0.17376744354981233,25.238095238095237,210
1000,-0.6,10,26,20,-0.05491433058097073,-0.009611382620756448,-24.880160893821646,-0.05461124917526339,22.727272727272727,66
1000,-0.3,26,26,5,-0.09437414417274059,-0.016807927893469743,-24.880882880952004,-0.09684136713534008,21.69811320754717,106
500,-0.6,10,40,5,-0.059226251260187324,-0.010385518201736055,-24.88105670042325,-0.062127592073634275,17.46031746031746,63
500,-0.8,10,52,10,-0.015313791446108893,-0.002635394100450328,-24.89754529283442,-0.018028356037261384,11.538461538461538,26
252,-0.7,20,26,20,-0.059422525252193936,-0.010420825959913449,-24.912545832471555,-0.06396944280450001,21.34831460674157,89
500,-0.8,10,40,20,-0.019675686334428955,-0.0033922603075412505,-24.931545393499214,-0.022973426518346662,9.090909090909092,33
252,-0.3,26,26,10,-0.13335345098851947,-0.024176756208618144,-24.94386440978749,-0.13486431431628687,22.61904761904762,168
1000,-0.2,40,26,10,-0.11150366643796084,-0.020013126227004907,-24.967297997078465,-0.11228460478048952,22.31404958677686,121
500,-0.6,3,20,20,-0.10107666039602803,-0.018056037373724187,-24.985291924483885,-0.10075302658513807,22.727272727272727,110
500,-0.1,6,20,20,-0.16865514587691932,-0.0310913954544495,-24.98873727106171,-0.17316366466120003,23.58490566037736,212
1000,-0.5,26,26,10,-0.07154238406350621,-0.012612995961851947,-24.99319567118615,-0.07379261775868362,23.456790123456788,81
1000,-0.5,40,26,10,-0.06640491435992879,-0.01168088053217109,-24.999221770571555,-0.07047587600225647,18.51851851851852,81
500,-0.7,13,20,20,-0.07001171298303777,-0.01233483281120995,-24.99945484952819,-0.07548494744007472,22.61904761904762,84
500,-0.6,26,26,20,-0.0689468574232045,-0.0121415443578472,-25.0008791863309,-0.06847623748772225,26.373626373626376,91
1000,-0.2,6,26,10,-0.11102177826076898,-0.019922260050606377,-25.00515495329757,-0.11139197786440624,23.140495867768596,121
1000,-0.1,10,40,5,-0.08289841226657624,-0.014688642798075024,-25.006615416579738,-0.08167813298428839,24.444444444444443,90
500,-0.2,40,40,10,-0.07749105951844515,-0.013697649232390918,-25.00789731866018,-0.07792168404220878,15.887850467289718,107
500,-0.2,26,20,20,-0.14715238186894652,-0.02685129159480637,-25.008752670827487,-0.14818018490704987,22.797927461139896,193
500,-0.1,20,65,5,-0.05517863665923439,-0.009658750172578001,-25.011590615944392,-0.06086685298489536,19.230769230769234,78
500,-0.3,10,65,5,-0.03884621128561949,-0.006752155618361511,-25.014899923157135,-0.04553467660091792,25.0,64
252,-0.6,3,65,5,-0.037053000140129355,-0.006435527446143063,-25.02728796533595,-0.04114616962349171,22.950819672131146,61
1000,-0.3,10,40,20,-0.05960562302551753,-0.010453768953186282,-25.034587913332572,-0.06421670994013395,12.5,72
1000,-0.1,26,26,20,-0.11048150392774592,-0.019820432959269274,-25.038010967971776,-0.11253626289266871,21.374045801526716,131
252,-0.8,13,13,10,-0.08495155643678298,-0.015066187027091837,-25.03907177258062,-0.08340026340875795,22.666666666666664,75
252,-0.3,6,26,10,-0.14741418091395453,-0.02690237973232934,-25.045933937712974,-0.1498854806231743,24.404761904761905,168
500,-0.2,13,20,20,-0.14223211882414166,-0.025893548739420735,-25.052813315340472,-0.1444434309277448,23.316062176165804,193
500,-0.6,52,40,10,-0.043261189550917956,-0.007533802706669146,-25.05354051575931,-0.04564827447815023,22.22222222222222,63
500,-0.1,40,20,20,-0.15621261953819032,-0.02862693994414578,-25.068343240237557,-0.1577458939283063,21.22641509433962,212
1000,-0.4,13,40,10,-0.048267481430174786,-0.008423764630091646,-25.073109099584556,-0.053723378127944366,23.333333333333332,60
500,-0.3,26,20,20,-0.12670514311518866,-0.022900750741844833,-25.088483556050758,-0.12860133625164116,23.49397590361446,166
500,-0.4,52,26,10,-0.09884084386901404,-0.01763883968317337,-25.09718096465374,-0.09891898906012875,22.88135593220339,118
1000,-0.6,20,13,20,-0.11881394036085813,-0.021396607506058207,-25.097593143887387,-0.11694879465801555,27.27272727272727,121
1000,-0.6,40,13,20,-0.11410488627195148,-0.020504326160478037,-25.112098239291424,-0.1123868029047993,23.140495867768596,121
500,-0.4,20,13,20,-0.2162513639234953,-0.04081024884383144,-25.12560883782041,-0.2165689671916532,28.699551569506728,223
500,-0.5,6,20,20,-0.11783663751418783,-0.02121110162740736,-25.127723912282427,-0.12086647519056426,28.57142857142857,133
1000,-0.4,3,20,20,-0.10316982648944606,-0.018447397233269047,-25.133610235178793,-0.10395574265766783,25.0,116
500,-0.5,20,26,5,-0.11166156932895333,-0.02004290972278555,-25.1458143088181,-0.11003579659423646,23.076923076923077,104
252,-0.7,26,20,20,-0.07596881582916215,-0.013419539751857168,-25.15706247025301,-0.07804839756847826,23.300970873786408,103
1000,-0.3,40,20,10,-0.11720645741569102,-0.021091574875111374,-25.166867269561205,-0.11927349745068849,24.427480916030532,131
1000,-0.5,26,20,20,-0.08630543692797521,-0.015315530940846145,-25.16909752833497,-0.08764232760729884,24.752475247524753,101
500,-0.5,52,26,10,-0.09154088393713644,-0.01628263379195416,-25.176059936815342,-0.09085374368442589,20.192307692307693,104
252,-0.8,6,13,20,-0.07949514303066152,-0.014064370155366213,-25.176359649869518,-0.07880693700108543,18.666666666666668,75
1000,-0.7,6,40,5,-0.029191780678213153,-0.0050532100434101945,-25.18026289480082,-0.029468745248559025,18.91891891891892,37
1000,-0.1,20,26,20,-0.11101113279626917,-0.019920253173215663,-25.18114409218279,-0.11164269470462618,16.793893129770993,131
500,-0.1,26,65,5,-0.05566605137119385,-0.009746130900827543,-25.186681640382044,-0.06374679365056712,19.230769230769234,78
252,-0.3,52,26,10,-0.13701273269425573,-0.024882545964495684,-25.1877214458852,-0.14147610526486953,20.833333333333336,168
1000,-0.2,10,40,10,-0.06723182096672586,-0.011830622514824585,-25.188191570266202,-0.06713371900698184,20.98765432098765,81
252,-0.4,52,65,5,-0.04981324456492442,-0.008699337010699915,-25.18861745236141,-0.052819384887311194,23.28767123287671,73
1000,-0.4,26,20,10,-0.1053262625631145,-0.018851379406080393,-25.194426002017654,-0.10649335216181222,24.137931034482758,116
500,-0.2,40,26,10,-0.11759526976609147,-0.021165312856688212,-25.203137613464985,-0.11843793291126015,21.192052980132452,151
1000,-0.1,13,20,10,-0.16295707928610847,-0.02995902728686417,-25.208524707960684,-0.16223358823871825,25.882352941176475,170
252,-0.6,40,52,5,-0.048640364196975705,-0.008490206681064039,-25.210460524795508,-0.051083699912405134,21.12676056338028,71
500,-0.1,52,20,20,-0.16155189858732943,-0.02968076041462231,-25.215572268622026,-0.16300448270209655,23.58490566037736,212
500,-0.6,52,26,20,-0.06918580662165297,-0.012184901536130277,-25.225984500749103,-0.06962888875685047,24.175824175824175,91
252,-0.4,52,52,5,-0.06766030629514563,-0.011908258900842794,-25.232495282259542,-0.07061258025596995,21.176470588235293,85
252,-0.8,52,13,10,-0.09130855900423152,-0.01623962039756499,-25.240838961482133,-0.09505197491379036,22.666666666666664,75
500,-0.5,10,20,20,-0.11266369386320063,-0.020232031894265257,-25.253754284648238,-0.11769749067247604,24.06015037593985,133
500,-0.3,20,52,5,-0.059704201359758735,-0.01047150739174818,-25.258647594118298,-0.06710732072040126,16.0,75
500,-0.4,26,52,5,-0.04926204642207643,-0.008601029037084706,-25.268356637894925,-0.05326310578896021,15.942028985507244,69
500,-0.3,20,65,5,-0.04101337966454344,-0.007135467817306229,-25.283733021844895,-0.046017667747964786,18.75,64
252,-0.5,20,26,10,-0.114622133527571,-0.020602142750226538,-25.28908751100311,-0.11861358917071974,23.703703703703706,135
500,-0.1,3,20,20,-0.16718971536346383,-0.03079955955568492,-25.29749003926894,-0.17314348657651968,22.641509433962266,212
1000,-0.8,26,26,20,-0.025961111002846038,-0.004487818011175926,-25.3030339207368,-0.027253027282181375,27.586206896551722,29
252,-0.7,10,52,10,-0.03479898479340082,-0.006038227469517321,-25.305386018733184,-0.039094442066535784,15.789473684210526,57
1000,-0.4,3,40,10,-0.050574224508888155,-0.008835137966798912,-25.30633454355406,-0.051324289867913264,25.0,60
252,-0.8,10,13,20,-0.07775129672180914,-0.013745231883066089,-25.32682594557674,-0.07955295210182922,21.333333333333336,75
1000,-0.6,6,26,20,-0.06086640838312951,-0.010680754223257982,-25.347410678867433,-0.06259557064296373,22.727272727272727,66
500,-0.8,3,40,10,-0.02175814426032663,-0.0037545887439346393,-25.397422337402034,-0.022430048678976355,24.242424242424242,33
500,-0.1,13,20,20,-0.16648418880122062,-0.03065920793962873,-25.410451686584395,-0.16905136889349937,23.11320754716981,212
1000,-0.7,13,26,5,-0.0452731533555949,-0.007891001805737652,-25.413558068380357,-0.044714824657819174,27.450980392156865,51
1000,-0.1,3,40,5,-0.08385310292522907,-0.014864109682675708,-25.41694859936846,-0.08262803763698845,22.22222222222222,90
1000,-0.3,6,65,5,-0.03395427730367462,-0.005889534735958546,-25.425455039316006,-0.032330137359883104,17.02127659574468,47
252,-0.6,3,20,20,-0.11999328769516848,-0.0216206915127779,-25.425681623919008,-0.12347357692667393,20.863309352517987,139
252,-0.3,13,26,10,-0.13640826636236492,-0.024765787713513232,-25.432329741423267,-0.13772867517617027,24.404761904761905,168
1000,-0.4,40,20,20,-0.09900612676783249,-0.017669651662690855,-25.434625711901717,-0.10608479883402633,20.689655172413794,116
1000,-0.7,20,13,20,-0.08951065674043457,-0.015907058831388987,-25.44024932230611,-0.08888576088590439,24.719101123595504,89
1000,-0.8,40,26,20,-0.029232369464140318,-0.005060323308180847,-25.463549427420936,-0.031717209998202156,17.24137931034483,29
1000,-0.5,3,40,10,-0.049296529203512796,-0.008607177767146701,-25.465969384402968,-0.04917001021101319,21.428571428571427,56
1000,-0.4,52,20,10,-0.10479963756618826,-0.018752648160012653,-25.467117139444454,-0.1098449395249046,20.689655172413794,116
252,-0.5,26,20,20,-0.12963460987922204,-0.02346200546359256,-25.4970061279393,-0.13331984067348945,27.485380116959064,171
1000,-0.3,3,52,5,-0.03742589906481775,-0.006501330113460213,-25.497202997782786,-0.03740562650257717,29.82456140350877,57
500,-0.3,13,65,5,-0.038998358107572906,-0.00677904278928676,-25.500506429165466,-0.04453333030920004,25.0,64
500,-0.1,10,26,10,-0.14078949677087327,-0.025613601859828306,-25.514814210474697,-0.1411767133899655,23.353293413173652,167
500,-0.4,6,40,5,-0.08114596709560473,-0.014366946739752584,-25.52130147291039,-0.08456682935303883,16.666666666666664,84
252,-0.6,13,20,20,-0.11794618251107303,-0.0212318863339227,-25.526809648905974,-0.121415035727375,23.741007194244602,139
1000,-0.6,13,26,5,-0.06046030317901363,-0.010607613578566322,-25.531962996356864,-0.05935160838637976,25.757575757575758,66
1000,-0.6,20,26,5,-0.058197868228829,-0.010200621979913227,-25.5337112128986,-0.05640331413358057,21.21212121212121,66
252,-0.2,6,65,5,-0.055870518977455874,-0.009782797735009341,-25.540011767733922,-0.060921884609513755,22.47191011235955,89
252,-0.1,6,52,5,-0.08043320195832049,-0.01423625005771556,-25.560704964040397,-0.08024714083316697,16.964285714285715,112
500,-0.5,13,26,10,-0.09784657249104378,-0.017453586759861306,-25.56707603797358,-0.09777662819885446,23.076923076923077,104
1000,-0.7,20,26,5,-0.042484051894973396,-0.007395998305992579,-25.569639847959344,-0.04200223637240852,25.49019607843137,51
500,-0.5,13,20,20,-0.10861447223485388,-0.019468942284127988,-25.57381815477951,-0.11265819515670616,27.06766917293233,133
252,-0.4,40,52,5,-0.05829501344456012,-0.01021808086352538,-25.583336051028823,-0.06245410402671869,22.35294117647059,85
500,-0.1,52,65,5,-0.04978778639338266,-0.008694795422155122,-25.594005621656564,-0.05263352056985182,21.794871794871796,78
1000,-0.6,52,13,20,-0.11827788693915298,-0.021294835891297104,-25.59478589537454,-0.11680007060327835,20.66115702479339,121
252,-0.4,10,20,20,-0.15356154897906538,-0.028105747129577696,-25.60073568024525,-0.1560377339058765,23.809523809523807,189
1000,-0.4,20,20,20,-0.1047746795624177,-0.018747970247967927,-25.602742726695194,-0.10723868119235924,21.551724137931032,116
1000,-0.8,52,20,10,-0.04043407928293996,-0.007032935322901501,-25.614516601472808,-0.03884614080242621,21.875,32
1000,-0.5,6,40,5,-0.050786244434954164,-0.008872990132970604,-25.617002948030006,-0.051492846046841234,26.785714285714285,56
252,-0.3,52,65,5,-0.05530216963152035,-0.009680892872229285,-25.619066540703308,-0.05616553292703008,19.753086419753085,81
500,-0.4,10,13,20,-0.22231484912522148,-0.042083271344820816,-25.622775607019708,-0.2198717950619219,22.869955156950674,223
1000,-0.2,3,40,20,-0.06391578900888228,-0.011230795111125791,-25.627410380436313,-0.06630543706085845,17.28395061728395,81
500,-0.1,26,26,5,-0.15587284415085356,-0.028560065306094895,-25.630354740255214,-0.1578397957609715,19.760479041916167,167
500,-0.1,26,20,20,-0.16348615714608394,-0.030063900537230515,-25.636908962707448,-0.16611880009500601,21.69811320754717,212
500,-0.1,3,26,10,-0.13485972140536873,-0.02446698077024012,-25.64012775012908,-0.1348252812216204,23.952095808383234,167
1000,-0.6,52,20,5,-0.0789229441042294,-0.013959597821140424,-25.640898292592183,-0.0773933809291043,28.915662650602407,83
1000,-0.7,52,13,20,-0.09012605363861792,-0.016020828694086275,-25.64576440312674,-0.09144408173667373,26.96629213483146,89
1000,-0.5,13,65,5,-0.026428243844372257,-0.004569473617659137,-25.646478345466164,-0.026805138699076636,15.789473684210526,38
500,-0.8,6,26,20,-0.03253832072895002,-0.005640527380122218,-25.656448909524514,-0.03455927715579454,20.930232558139537,43
1000,-0.6,3,52,5,-0.029051547429508218,-0.0050286357872927345,-25.659019768651756,-0.03135744679118946,16.216216216216218,37
252,-0.5,13,65,5,-0.044208477379612754,-0.0077019042010740835,-25.66307351834185,-0.047429915960462865,23.88059701492537,67
500,-0.4,20,26,20,-0.10627486385428786,-0.019029344055762065,-25.667033059355308,-0.10584005429911092,19.491525423728813,118
252,-0.8,3,20,10,-0.047830249195361496,-0.008345883962597389,-25.68342601190823,-0.04816115580110325,20.33898305084746,59
500,-0.8,40,65,10,-0.010137109548615908,-0.0017407461499664434,-25.68557765494571,-0.010726627490070695,21.73913043478261,23
252,-0.6,20,20,20,-0.11119777923705187,-0.019955442550321223,-25.69258598863352,-0.11444649788461514,25.899280575539567,139
1000,-0.1,13,26,10,-0.12434780714147897,-0.02245024239973059,-25.727383470361058,-0.12500098154076567,24.427480916030532,131
1000,-0.5,13,40,10,-0.04420578852917956,-0.007701426854182514,-25.73476883893853,-0.045033691872272796,17.857142857142858,56
1000,-0.4,13,20,20,-0.1035238960661582,-0.018513672584382523,-25.75497454851642,-0.10650016818041763,24.137931034482758,116
252,-0.1,20,20,20,-0.20405248133251364,-0.03827364734474681,-25.76851337310878,-0.20723392350944247,23.4375,256
252,-0.6,3,26,20,-0.09618580056299986,-0.017144528398507775,-25.769855155506303,-0.10349838237312947,18.64406779661017,118
500,-0.6,10,40,10,-0.060393201818818465,-0.01059553096534449,-25.776643150087853,-0.06210834975158397,15.873015873015872,63
1000,-0.3,10,52,5,-0.04563994746369193,-0.007956188769200234,-25.794770071605637,-0.044928974718888126,21.052631578947366,57
1000,-0.6,26,20,10,-0.0691361512535249,-0.012175890842113568,-25.79848871733479,-0.06674230627141475,20.481927710843372,83
1000,-0.7,6,26,10,-0.044308576870452865,-0.007719675479951449,-25.82665166373725,-0.043777746839684495,29.411764705882355,51
252,-0.5,52,65,5,-0.04761007827159991,-0.008306677906409266,-25.828433020166774,-0.052452905492310964,19.402985074626866,67
252,-0.5,3,26,20,-0.10363705333397044,-0.018534858131736276,-25.828466204069183,-0.11116328976648004,20.0,135
252,-0.2,10,65,5,-0.057020462697065954,-0.00998913792932643,-25.829878153977816,-0.06348958970423035,22.47191011235955,89
1000,-0.1,52,26,10,-0.10895235673427017,-0.019532507754767336,-25.834002307517775,-0.11406500084039473,23.66412213740458,131
252,-0.5,52,20,20,-0.13237569181440623,-0.023988587666925798,-25.842001946993673,-0.13654232563511925,22.22222222222222,171
252,-0.6,26,52,5,-0.05088979689749562,-0.008891480023293541,-25.842119502131375,-0.05363421673956659,19.718309859154928,71
252,-0.7,26,26,10,-0.06744933662994823,-0.011870030040206925,-25.845156956143867,-0.07108931646419336,23.595505617977526,89
1000,-0.1,40,20,20,-0.14546241267190185,-0.026521819143631165,-25.84926304110315,-0.1450864246020075,25.294117647058822,170
1000,-0.6,40,26,5,-0.060747864532895934,-0.010659401446178496,-25.85329939321569,-0.06122001474173333,25.757575757575758,66
500,-0.4,52,40,5,-0.06857595674954386,-0.012074262937842972,-25.862006809631044,-0.07064537199304055,20.238095238095237,84
1000,-0.4,13,26,10,-0.08046299493727371,-0.01424171138621022,-25.86669590174944,-0.0801605804016059,21.978021978021978,91
252,-0.1,26,26,10,-0.16003425724041065,-0.029380656969350216,-25.874086129605534,-0.15985376090811731,25.37313432835821,201
252,-0.1,10,20,20,-0.20400149165415238,-0.038263112532492816,-25.87941708246394,-0.20423244482901615,24.21875,256
1000,-0.6,52,20,10,-0.07707779318681207,-0.013622109079960087,-25.882371321121312,-0.07566599966270515,22.89156626506024,83
500,-0.2,6,26,10,-0.11982038454854482,-0.021587823171989373,-25.883461558160857,-0.120940912765227,22.516556291390728,151
500,-0.6,6,26,20,-0.07835302858685167,-0.013855297211385786,-25.90677865283816,-0.08163066612376779,23.076923076923077,91
252,-0.1,13,52,5,-0.08249366135796676,-0.014614297515149755,-25.91464075531244,-0.08810717489821751,19.642857142857142,112
252,-0.5,3,20,20,-0.12494998007846037,-0.022565227421245004,-25.91730700953244,-0.12919797475867423,23.391812865497073,171
252,-0.2,3,65,5,-0.06285433193450696,-0.011039163393924412,-25.919096242184963,-0.06410419398860645,22.47191011235955,89
252,-0.8,40,20,20,-0.051150014414253486,-0.008937950746581325,-25.919960239991216,-0.052255198573117,25.423728813559322,59
500,-0.8,40,20,20,-0.04265616631890812,-0.007426510160845834,-25.93576412901831,-0.04288420303295837,21.568627450980394,51
252,-0.6,3,40,5,-0.06492831006550526,-0.011413760040191678,-25.938988211502043,-0.06754109548853715,29.069767441860467,86
252,-0.1,13,20,20,-0.2045456388924639,-0.038375565913821186,-25.94368141029967,-0.2080633516815018,21.875,256
500,-0.6,3,26,10,-0.080674753999747,-0.0142805330073843,-25.948552787446207,-0.07854386958245996,27.472527472527474,91
500,-0.4,3,40,5,-0.07530170426180327,-0.013297780098456391,-25.948964974820623,-0.07362675699598653,21.428571428571427,84
1000,-0.2,20,26,20,-0.09732179006386321,-0.01735587738365163,-25.952337192469976,-0.09879761709993173,19.834710743801654,121
252,-0.4,26,40,5,-0.08913731401510128,-0.01583806915357755,-25.95748062476606,-0.09361010029885675,23.364485981308412,107
1000,-0.6,20,26,10,-0.054276459503926344,-0.009497111921951573,-25.971051756593884,-0.05375878675462176,24.242424242424242,66
500,-0.4,6,26,10,-0.1208185806472708,-0.021777650892652267,-25.975822874620317,-0.1255608115846214,21.1864406779661,118
500,-0.3,26,52,5,-0.061655065615767946,-0.010822868455303336,-25.97668455333904,-0.06742360867240194,20.0,75
252,-0.2,20,52,5,-0.08180626957322279,-0.014488098585743292,-25.993037569879583,-0.08565806776036955,18.095238095238095,105
252,-0.7,20,52,10,-0.034669110815977455,-0.006015358910060109,-26.011513788027607,-0.039227131229705,22.807017543859647,57
1000,-0.1,26,20,20,-0.14404573765903272,-0.02624604342431569,-26.014610390505684,-0.14470309623393185,25.882352941176475,170
252,-0.5,40,65,5,-0.046045582618487235,-0.008028302786267871,-26.01669320419491,-0.05292506732814051,20.8955223880597,67
1000,-0.6,10,20,20,-0.07261256918528358,-0.012807702618731542,-26.019273401406906,-0.07245578263246066,21.686746987951807,83
500,-0.8,52,20,20,-0.04504795206371359,-0.007850989124960961,-26.02898250617921,-0.04562163627768401,19.607843137254903,51
1000,-0.6,26,40,5,-0.03414027052578439,-0.00592226561878384,-26.031946963599644,-0.03476966876208554,27.659574468085108,47
500,-0.2,26,65,5,-0.045541049452788585,-0.007938610485107467,-26.034196003603853,-0.052053869194952695,20.0,70
1000,-0.6,20,20,20,-0.0678853736938072,-0.011949050254975058,-26.035461132719767,-0.06754435874591413,20.481927710843372,83
1000,-0.1,40,52,5,-0.05063014522121312,-0.008845120876748602,-26.037774323907932,-0.05468069426364808,19.11764705882353,68
252,-0.5,26,65,5,-0.04357482425692938,-0.007589443644701044,-26.044355112932067,-0.0495157418976887,22.388059701492537,67
500,-0.5,52,65,5,-0.037034678154603706,-0.006432294847724007,-26.070712803764742,-0.040022158839851385,17.647058823529413,51
500,-0.3,10,52,5,-0.05733567345022428,-0.01004573420769228,-26.078489696103098,-0.06508736875103616,20.0,75
252,-0.3,6,52,5,-0.07098789185128407,-0.012512186274456605,-26.08256877196982,-0.07101787045231212,15.957446808510639,94
500,-0.7,6,26,20,-0.052205882443848384,-0.009126620514827155,-26.08599508537475,-0.05155320811554731,18.30985915492958,71
500,-0.4,13,26,20,-0.10570764828891144,-0.018922911390031327,-26.089466989861315,-0.10526889291081853,19.491525423728813,118
500,-0.6,6,20,20,-0.105279028402397,-0.018842522015743657,-26.095969181622483,-0.10587675398427132,24.545454545454547,110
500,-0.8,3,26,10,-0.04076717858173895,-0.007091885514584728,-26.106029039977887,-0.041368267025176486,18.6046511627907,43
500,-0.5,10,40,10,-0.06280620491363686,-0.011030478976251756,-26.113366117997163,-0.06553287128986851,17.105263157894736,76
1000,-0.2,6,40,20,-0.0621392522625015,-0.010910166847533986,-26.126424688940773,-0.06547967153246848,16.049382716049383,81
1000,-0.3,26,26,10,-0.08705641669566233,-0.015453970837696174,-26.130465173741943,-0.08931640676145425,19.81132075471698,106
1000,-0.3,10,26,20,-0.08740931726983026,-0.015519059151685943,-26.1331571558984,-0.09043539221221664,16.9811320754717,106
1000,-0.8,13,40,20,-0.01505583863340465,-0.002590721813315433,-26.14329238216098,-0.0155673389840294,17.391304347826086,23
1000,-0.3,13,52,5,-0.04314107828566294,-0.007512498152421387,-26.144504090508885,-0.041764656712730774,17.543859649122805,57
500,-0.4,52,20,20,-0.13101873703534472,-0.023727734465958106,-26.154072427431334,-0.132606317904029,21.710526315789476,152
1000,-0.3,40,20,20,-0.11555128150233929,-0.02077797289933503,-26.16285688806895,-0.1182668828375062,22.900763358778626,131
500,-0.3,52,52,5,-0.05100409328931421,-0.008911890245999365,-26.170134397045437,-0.0566276264411687,22.666666666666664,75
1000,-0.2,40,20,20,-0.13309726794614674,-0.02412743709132481,-26.180694142767337,-0.13332126278454814,24.342105263157894,152
500,-0.6,10,26,20,-0.07139386833912043,-0.012585990106046663,-26.187225568830634,-0.07439202410134638,21.978021978021978,91
500,-0.2,3,52,5,-0.062300323275427893,-0.010939216080045777,-26.188812505598843,-0.06562093083308307,21.686746987951807,83
252,-0.1,13,40,5,-0.11906817409901937,-0.021444892613416866,-26.20485891107561,-0.12794516876199935,18.84057971014493,138
1000,-0.4,40,26,5,-0.0834229332106472,-0.014785028104971731,-26.21861371168263,-0.08740602224630567,17.582417582417584,91
500,-0.8,10,20,10,-0.05011415320405743,-0.00875302499171371,-26.22346626167812,-0.05093161305039151,21.568627450980394,51
1000,-0.8,20,13,10,-0.051904203755218314,-0.009072696717348006,-26.22950049707833,-0.05502671030651529,23.91304347826087,46
252,-0.7,6,26,20,-0.06261304642371313,-0.010995627660259188,-26.240977300580635,-0.06781238805478396,19.101123595505616,89
252,-0.8,52,13,20,-0.08548244139233474,-0.015163923535353896,-26.241734299806165,-0.08741143364071036,21.333333333333336,75
252,-0.6,10,20,20,-0.11845744890619814,-0.0213289206434758,-26.255358694536483,-0.12229045914934089,22.302158273381295,139
1000,-0.3,13,65,5,-0.03176643722188055,-0.005504912669111683,-26.25702176505012,-0.030820457053772343,21.27659574468085,47
1000,-0.2,13,40,5,-0.07986004263332824,-0.014131213198818271,-26.273090638961136,-0.07854262776231002,19.753086419753085,81
1000,-0.5,3,52,5,-0.040121127386037014,-0.006977566168572147,-26.274907317211508,-0.04264598934884034,19.148936170212767,47
252,-0.6,6,52,5,-0.05347687031292381,-0.009353960624057689,-26.28753461080954,-0.05655878681236448,18.30985915492958,71
252,-0.5,40,20,20,-0.13113629402900984,-0.023750319582766855,-26.297578468796114,-0.1337167499376395,28.654970760233915,171
500,-0.5,6,26,10,-0.10178108161449217,-0.018187658791017802,-26.301407942533782,-0.10574208902716431,24.03846153846154,104
252,-0.7,3,26,20,-0.06341395922268689,-0.011140174092646005,-26.301720645642316,-0.06496966238032265,20.224719101123593,89
1000,-0.1,13,26,20,-0.11678716118293853,-0.021012085813433168,-26.305824803839897,-0.11855708417879018,16.030534351145036,131
1000,-0.1,3,65,5,-0.03901812874650756,-0.006782536887672497,-26.310405031654682,-0.040421111421909184,14.035087719298245,57
1000,-0.5,52,20,10,-0.08815584216212546,-0.015656815575062932,-26.310551470617636,-0.08815070545658876,20.792079207920793,101
252,-0.2,20,26,20,-0.14157156778324054,-0.02576531762603229,-26.3166699284446,-0.14423381647619926,17.5531914893617,188
1000,-0.1,40,26,20,-0.1091342061952909,-0.019566726967142234,-26.319222520263896,-0.11030698867055622,17.557251908396946,131
1000,-0.2,26,40,5,-0.07224420210456439,-0.012740661871120218,-26.320249762232503,-0.07248062963274593,18.51851851851852,81
500,-0.6,20,20,10,-0.10335765460247881,-0.01848255251997233,-26.323238617286844,-0.10526697054997347,24.545454545454547,110
1000,-0.8,26,26,10,-0.02873121506782439,-0.0049725122781899556,-26.32521305591373,-0.030331000971279942,24.137931034482758,29
500,-0.6,13,26,20,-0.0710541094402437,-0.01252422236765216,-26.329925594309785,-0.07164436583169853,23.076923076923077,91
500,-0.4,26,26,20,-0.10738302465343241,-0.0192374416800265,-26.34090606863006,-0.10759395847079245,21.1864406779661,118
500,-0.6,13,40,10,-0.05600028946848634,-0.009806072675349942,-26.351267653297118,-0.05818459797458009,14.285714285714285,63
252,-0.5,20,20,20,-0.13612635377628135,-0.024711356860972478,-26.382921765577013,-0.14141331141855407,26.31578947368421,171
500,-0.8,52,40,10,-0.020740240910485208,-0.0035774031628540426,-26.39573827023789,-0.02091436338136954,30.303030303030305,33
500,-0.5,13,40,10,-0.06125166033730678,-0.010750163379922184,-26.40603819900843,-0.06433419333233703,17.105263157894736,76
500,-0.3,13,52,5,-0.059619798813627,-0.01045631968599503,-26.410016376108256,-0.0668009407701825,20.0,75
500,-0.7,20,20,20,-0.06592410251841985,-0.011593862335183336,-26.410297605534538,-0.06847663246871283,25.0,84
1000,-0.7,20,40,5,-0.025437629413572194,-0.0043963511143703116,-26.415862053040968,-0.026367434691182856,18.91891891891892,37
252,-0.8,40,40,10,-0.024803252769763917,-0.004285562315367253,-26.422445025381766,-0.027658125602532002,20.51282051282051,39
500,-0.4,3,20,20,-0.13725436221784137,-0.024929237905113588,-26.429983605015863,-0.13815568355324115,21.710526315789476,152
1000,-0.3,26,20,10,-0.12599773885086707,-0.02276545358998383,-26.430251257552793,-0.12852455313711597,22.137404580152673,131
500,-0.4,13,40,5,-0.07387677277465021,-0.013037948610166494,-26.4313892489456,-0.07591640520357179,22.61904761904762,84
1000,-0.4,3,26,5,-0.08780503852496646,-0.015592070052903084,-26.434258783886513,-0.08766271445283225,23.076923076923077,91
500,-0.4,10,26,20,-0.10886778158185328,-0.019516594942003307,-26.43451114973167,-0.10879961399613647,23.728813559322035,118
252,-0.6,10,52,5,-0.05276878937644458,-0.009227275818802338,-26.43580695117755,-0.05642314590161235,22.535211267605636,71
500,-0.7,26,20,20,-0.06809675025269324,-0.011987367708824248,-26.435866093212248,-0.0688700587361647,25.0,84
1000,-0.7,3,26,10,-0.04859887962903553,-0.008482813693342695,-26.44336001531456,-0.04984910617427818,25.49019607843137,51
500,-0.5,10,13,20,-0.19743631976872023,-0.036911353492597665,-26.44798985227,-0.19491511120785177,21.243523316062177,193
1000,-0.6,40,20,20,-0.06861317724103166,-0.012081013736087942,-26.454862172104605,-0.068788208155103,19.27710843373494,83
500,-0.3,20,20,20,-0.13083884517066258,-0.023693178441195117,-26.459955390857388,-0.13264989620701195,25.301204819277107,166
252,-0.3,13,52,5,-0.06866969747601726,-0.012091265417518371,-26.465396032086545,-0.07519436183509853,21.27659574468085,94
500,-0.3,52,20,20,-0.13570412647136465,-0.0246298619920009,-26.470504120463023,-0.13650212622145885,18.67469879518072,166
252,-0.1,10,65,5,-0.06751536110053302,-0.011881993265609903,-26.478932984631626,-0.07555127818717289,19.35483870967742,93
500,-0.4,6,40,10,-0.07270121761345594,-0.01282383943211829,-26.481582643700165,-0.07562966324780485,15.476190476190476,84
1000,-0.3,40,40,5,-0.06179683098969768,-0.010848424750510732,-26.494091236519257,-0.06399527517426473,18.055555555555554,72
500,-0.7,40,26,10,-0.05825960023050247,-0.01021171624765671,-26.520456157665418,-0.05710111818109709,23.943661971830984,71
1000,-0.8,40,13,10,-0.052011191339428886,-0.009091818670332485,-26.52169252066642,-0.05165706596895736,23.91304347826087,46
1000,-0.5,10,26,20,-0.0667516001631322,-0.011743647410800029,-26.536116011502347,-0.06837254612380694,23.456790123456788,81
500,-0.5,20,26,10,-0.10891987476543685,-0.019526396125069012,-26.543303461027712,-0.10806523731857465,18.269230769230766,104
1000,-0.5,13,26,20,-0.06625745377810155,-0.011654188900206974,-26.550379776877673,-0.06730558861757951,25.925925925925924,81
252,-0.4,13,20,20,-0.15947909680819405,-0.02927098998463651,-26.56217928569957,-0.16414740189150023,17.989417989417987,189
1000,-0.8,13,20,20,-0.026417651528625297,-0.004567621703191471,-26.574280098210185,-0.026944055124330846,21.875,32
1000,-0.3,20,20,20,-0.12040555337683634,-0.02169908352000749,-26.588265063920815,-0.12439895104252019,22.137404580152673,131
500,-0.2,40,52,5,-0.06479459646317098,-0.011389588268830186,-26.58986925692989,-0.0679490765052081,15.66265060240964,83
1000,-0.7,26,26,10,-0.040013790598864674,-0.006958579006120957,-26.602494717503813,-0.04258696923758376,25.49019607843137,51
500,-0.4,3,26,20,-0.11035923477868814,-0.019797395648274763,-26.605122072050293,-0.11209851564635487,19.491525423728813,118
252,-0.7,6,20,10,-0.08334815015157071,-0.014771283269931046,-26.618705664444605,-0.0859046345634713,23.300970873786408,103
252,-0.1,40,20,20,-0.20718506357200017,-0.03892193558962376,-26.643922243104626,-0.2071627326710137,24.609375,256
252,-0.8,40,13,20,-0.07818674225763089,-0.013824875118229607,-26.663389052552052,-0.08017382231262193,26.666666666666668,75
500,-0.2,52,52,5,-0.06099649249262251,-0.010704188267393833,-26.674853889912125,-0.06567788989753942,18.072289156626507,83
252,-0.6,52,20,20,-0.1128721458586085,-0.02027139345509632,-26.676590269710765,-0.11555582533652065,23.741007194244602,139
1000,-0.6,13,20,20,-0.07620827279007647,-0.013463262653824914,-26.6791418531732,-0.07525400075627542,21.686746987951807,83
1000,-0.3,40,26,5,-0.10367162166557298,-0.018541330531331446,-26.69550789393159,-0.10350019949218503,20.754716981132077,106
1000,-0.2,13,26,20,-0.10244607849439724,-0.01831199229900282,-26.697090620112128,-0.10532909418508263,20.66115702479339,121
1000,-0.3,20,40,5,-0.06854099978645845,-0.012067922886550453,-26.700175132631724,-0.06903633471141557,20.833333333333336,72
252,-0.4,20,20,20,-0.15052682401180972,-0.027510787544581805,-26.700785359108657,-0.15297583965966643,24.33862433862434,189
500,-0.2,13,26,20,-0.11797619646022883,-0.02123758145514798,-26.71806978565348,-0.12120608147088008,21.85430463576159,151
252,-0.6,6,20,20,-0.12084569373363274,-0.021782809501098566,-26.732150604463282,-0.12440217375518148,23.741007194244602,139
500,-0.2,52,65,5,-0.04248417998198484,-0.007396021011128129,-26.745429560261524,-0.045468180613691844,17.142857142857142,70
500,-0.2,6,40,10,-0.07484896296004862,-0.013215188281665236,-26.758290105116927,-0.07625629908777665,21.49532710280374,107
252,-0.1,26,20,20,-0.20516248979917973,-0.038503121371876836,-26.76562433598725,-0.2057986960156113,24.21875,256
1000,-0.6,13,26,10,-0.0577263470273599,-0.010115901657358206,-26.765702643017416,-0.057395549578322824,24.242424242424242,66
252,-0.4,3,26,20,-0.12335988776750262,-0.02226174094414146,-26.76840407123039,-0.12683422763260788,21.192052980132452,151
500,-0.2,6,52,5,-0.06461825983840841,-0.011357715797990942,-26.77276388381898,-0.07005323104871031,15.66265060240964,83
252,-0.2,6,20,20,-0.1893317474652103,-0.03525522007524162,-26.778509916292784,-0.19329701990488457,20.920502092050206,239
1000,-0.8,3,26,20,-0.02499482269249753,-0.004319012169339276,-26.800944109709256,-0.025957669240584513,27.586206896551722,29
500,-0.6,20,20,20,-0.0987337665664999,-0.017618880870908016,-26.811957827142717,-0.09997337598423761,22.727272727272727,110
1000,-0.7,52,26,5,-0.05264504024996053,-0.0092051435648689,-26.828661293965247,-0.05338870167857512,17.647058823529413,51
252,-0.8,10,20,10,-0.04725034861733435,-0.00824263665194469,-26.830186545126075,-0.04693051435123374,20.33898305084746,59
252,-0.8,20,20,10,-0.051924633179406765,-0.009076347942001184,-26.83209128874175,-0.05256742705980644,18.64406779661017,59
1000,-0.2,52,20,20,-0.13811682553732785,-0.02509598681411629,-26.843626503662303,-0.13740010020259452,19.078947368421055,152
252,-0.6,26,20,20,-0.11912193380051495,-0.02145510435458642,-26.851604656237267,-0.12210368068128341,23.021582733812952,139
500,-0.6,26,20,20,-0.09620650007747888,-0.01714837753895304,-26.892773450437865,-0.09656913676425305,26.36363636363636,110
500,-0.1,26,40,5,-0.09126887262953642,-0.016232273644667172,-26.90094009814738,-0.09443431984527362,18.96551724137931,116
252,-0.5,10,65,5,-0.04640491484400466,-0.008092206282438785,-26.910430892311243,-0.049626393961888615,22.388059701492537,67
1000,-0.3,13,40,10,-0.0641670709954949,-0.011276187043722796,-26.935533276658653,-0.06618574712906178,15.277777777777779,72
252,-0.2,10,52,5,-0.07979066839484816,-0.014118503394634496,-26.939246915560975,-0.08022397260866798,18.095238095238095,105
252,-0.7,52,52,10,-0.032937278247282764,-0.005710656682690551,-26.94198260153429,-0.03550169043854057,19.298245614035086,57
500,-0.1,20,40,5,-0.09531045525494708,-0.0169818220095459,-26.94836732863606,-0.098089387839712,18.103448275862068,116
1000,-0.3,20,26,10,-0.08754851105081485,-0.015544737527418917,-26.95587267186583,-0.08743939651047539,22.641509433962266,106
1000,-0.5,40,20,20,-0.08904035655112996,-0.015820156302591037,-26.963842246367037,-0.09190309551277964,23.762376237623762,101
500,-0.2,13,65,5,-0.04381887199475576,-0.007632749844690423,-26.97115024267053,-0.050545890805420934,18.571428571428573,70
500,-0.1,13,26,20,-0.13269478661660272,-0.024049977733852757,-26.97770456583571,-0.1352749491907459,24.550898203592812,167
1000,-0.2,40,26,20,-0.1071683631812862,-0.01919711443734573,-26.98492756336531,-0.10762198583283134,19.00826446280992,121
252,-0.1,10,40,5,-0.11526502601943645,-0.020723786155795065,-26.99015273623844,-0.12034346466048995,19.565217391304348,138
1000,-0.5,52,26,5,-0.068384822855173,-0.012039599901464193,-26.992406231639123,-0.0699519434789605,20.98765432098765,81
1000,-0.1,52,40,5,-0.07563575446644477,-0.013358741059804502,-27.004817197187847,-0.07437379553908019,20.0,90
252,-0.7,3,20,20,-0.08241801531338255,-0.014600405746484357,-27.00553361796146,-0.08395903250865533,20.388349514563107,103
1000,-0.2,20,40,5,-0.07187341485898457,-0.012673202948222606,-27.01153693557713,-0.07149410925686484,18.51851851851852,81
1000,-0.4,26,20,20,-0.10660910564021098,-0.019092087607146535,-27.01164643449678,-0.1089212616635481,20.689655172413794,116
1000,-0.8,13,26,10,-0.02214984287742272,-0.0038228121188382813,-27.03402013326893,-0.022177855586085315,20.689655172413794,29
500,-0.3,10,26,20,-0.11795451721316386,-0.021233467820415908,-27.034478938118855,-0.11776138829571536,22.727272727272727,132
1000,-0.1,13,40,5,-0.08656292359787399,-0.015362986873149187,-27.040402492532888,-0.08525510560936334,26.666666666666668,90
252,-0.6,10,65,5,-0.037387942203229496,-0.006494631185742672,-27.042698351675433,-0.04034216113573619,22.950819672131146,61
252,-0.8,52,40,10,-0.02736353354578791,-0.004733061496549507,-27.06049573514317,-0.02823657968067461,20.51282051282051,39
252,-0.1,52,20,20,-0.2044178182980233,-0.03834914480089935,-27.081655646013445,-0.20562269788448917,21.875,256
500,-0.2,3,26,10,-0.12636864758775523,-0.02283638175149394,-27.103623697964295,-0.12686518712181005,24.503311258278146,151
500,-0.2,3,40,10,-0.07940510704274639,-0.014047880560686732,-27.107892888005615,-0.0817164171929079,24.299065420560748,107
1000,-0.2,10,40,5,-0.07473133149234656,-0.013193734719114891,-27.131267774471738,-0.07350018523567015,19.753086419753085,81
252,-0.4,3,20,20,-0.15372606691812252,-0.02813805146852333,-27.136977341586896,-0.15472303215374061,21.693121693121693,189
252,-0.1,10,26,20,-0.14908586160294723,-0.027228902783698494,-27.13719743867153,-0.15177448945095184,19.402985074626866,201
252,-0.1,26,52,5,-0.07811718944744872,-0.01381215177715056,-27.14098705532665,-0.07948494544430207,20.535714285714285,112
252,-0.3,52,52,5,-0.07708754275984198,-0.01362389086253768,-27.162916581388004,-0.07704007942970148,17.02127659574468,94
500,-0.8,20,52,5,-0.012244823967647034,-0.0021045377614989924,-27.175534888391933,-0.01302846192524687,11.538461538461538,26
252,-0.2,13,26,10,-0.14968330692170706,-0.02734572850905448,-27.182799960299583,-0.14954053973640713,23.404255319148938,188
1000,-0.7,26,26,20,-0.03946603208372135,-0.006861711572939577,-27.19265060822145,-0.041465929008032476,21.568627450980394,51
1000,-0.8,26,13,10,-0.04944783921674201,-0.00863416050342447,-27.21242895968373,-0.053679320072609116,21.73913043478261,46
252,-0.2,3,20,20,-0.1937900201721361,-0.03616454076597153,-27.219642246660996,-0.19758579486801098,21.75732217573222,239
1000,-0.5,6,26,20,-0.0715192012540149,-0.012608780201922798,-27.223138904349724,-0.07366077042547459,22.22222222222222,81
1000,-0.7,40,13,20,-0.08867801954914867,-0.01575322867954676,-27.238140316020626,-0.08933700179708981,24.719101123595504,89
500,-0.4,40,40,5,-0.0685233177978094,-0.012064716026482736,-27.241763469495503,-0.06701351236241182,22.61904761904762,84
252,-0.3,20,40,5,-0.10084478383153928,-0.018012729840119812,-27.248151892230172,-0.10139245745626124,20.51282051282051,117
500,-0.8,26,20,20,-0.04907112746925879,-0.008566989040641126,-27.257173996288653,-0.04847526352761966,21.568627450980394,51
1000,-0.4,52,40,5,-0.0502725842346633,-0.008781297849491887,-27.2614454059525,-0.0530974651447772,21.666666666666668,60
500,-0.8,3,52,5,-0.015800790337105575,-0.002719759058296689,-27.263935010671126,-0.015840468694449883,26.923076923076923,26
1000,-0.6,6,52,10,-0.02787750343356321,-0.00482301349717007,-27.280508795611357,-0.02957641428964497,18.91891891891892,37
500,-0.5,3,26,20,-0.09897223253822518,-0.01766333273049603,-27.28163946627985,-0.09970359737474244,22.115384615384613,104
252,-0.5,6,52,5,-0.06322956587943196,-0.011106886236251001,-27.283491797614,-0.06643667611114923,23.75,80
500,-0.8,26,26,5,-0.04113133327477014,-0.007156351149922746,-27.293956691298046,-0.04099921880388102,20.930232558139537,43
500,-0.8,10,26,20,-0.033967722704658865,-0.00589190066766454,-27.295954690432062,-0.0377462763604266,11.627906976744185,43
500,-0.5,3,20,20,-0.11510848474817303,-0.020694159816379787,-27.299713449804443,-0.11508058433992607,23.308270676691727,133
252,-0.1,52,65,5,-0.06539575978342904,-0.011498284721183527,-27.299745883660396,-0.06599044160464518,24.731182795698924,93
252,-0.4,6,40,5,-0.09164015234832112,-0.01630101544944995,-27.320075762762137,-0.09408403203665072,22.429906542056074,107
500,-0.4,6,13,20,-0.22996956616401765,-0.043702175036070434,-27.330287430349028,-0.2287001832065806,22.869955156950674,223
1000,-0.6,40,26,10,-0.058082915110040934,-0.010179964598359348,-27.3360388146585,-0.05900116047342463,22.727272727272727,66
252,-0.5,20,65,5,-0.04479478050507013,-0.007806016160959661,-27.342441296570556,-0.05027982117102081,20.8955223880597,67
500,-0.2,10,65,5,-0.046962403792641716,-0.008191389410861616,-27.3544129917826,-0.05099332624309083,20.0,70
500,-0.3,20,26,20,-0.12364058638265674,-0.022315282152103988,-27.362409269860347,-0.1270138423835988,15.909090909090908,132
500,-0.4,52,65,5,-0.042819691148158645,-0.007455503494851801,-27.368419123614004,-0.04578922454684253,14.285714285714285,56
252,-0.8,20,13,5,-0.09921788841890034,-0.017709135043053492,-27.37505481875495,-0.09746676344876848,22.666666666666664,75
1000,-0.3,10,65,5,-0.03465582396809852,-0.00601301946994881,-27.37670463833535,-0.03357472985766907,14.893617021276595,47
500,-0.3,6,40,10,-0.07261379580349148,-0.012807925893256411,-27.398735176808454,-0.07337362952766713,20.43010752688172,93
252,-0.8,6,20,20,-0.0449217818352029,-0.00782857522535152,-27.399426954516425,-0.04503958385353124,23.728813559322035,59
1000,-0.2,26,26,20,-0.09993748111173362,-0.017843362055938172,-27.404346860967237,-0.09967326513341301,22.31404958677686,121
500,-0.3,40,40,10,-0.06681557757113721,-0.011755232524995995,-27.41102787406283,-0.06852845062766089,19.35483870967742,93
252,-0.7,13,26,20,-0.0626131336880178,-0.010995643403891253,-27.411143826379075,-0.0661335722424562,22.47191011235955,89
1000,-0.6,26,26,10,-0.051532519174952385,-0.00900627921596342,-27.428327986928586,-0.05037085756608972,22.727272727272727,66
252,-0.4,10,26,20,-0.1265170459353222,-0.0228647666731,-27.430173716460356,-0.1307388473640798,20.52980132450331,151
1000,-0.6,40,52,5,-0.028258905599826023,-0.004889789758622087,-27.451425088836253,-0.030090749653929105,8.108108108108109,37
252,-0.3,10,20,20,-0.16853493554108145,-0.03106743989276195,-27.45962961890869,-0.17417224504505469,22.857142857142858,210
252,-0.6,40,20,20,-0.1123546802960611,-0.020173695601350627,-27.459736222118426,-0.11340287065078059,27.33812949640288,139
1000,-0.3,26,20,20,-0.11682870745125362,-0.02101996064770517,-27.467953584552404,-0.12039520707087148,23.66412213740458,131
1000,-0.6,3,52,20,-0.026861714753501187,-0.004645274120329224,-27.473807128769273,-0.028577445323701434,13.513513513513514,37
1000,-0.1,40,40,5,-0.07979032301144173,-0.014118440120172604,-27.487039114483355,-0.0802348839957785,24.444444444444443,90
1000,-0.8,20,13,20,-0.05444814067293624,-0.009527861266741766,-27.492909675905345,-0.058954863998640694,21.73913043478261,46
1000,-0.1,52,20,20,-0.14665411710790088,-0.026754094838338793,-27.49754359940869,-0.14682777965501126,20.588235294117645,170
500,-0.7,26,65,5,-0.019759836376221807,-0.0034068892606133883,-27.502599424996546,-0.020008300061859496,25.0,36
500,-0.4,26,65,5,-0.0353252725173161,-0.0061309237494057145,-27.510789888806258,-0.03841616918926305,23.214285714285715,56
1000,-0.3,6,40,20,-0.060151752452975216,-0.010552060277801534,-27.51346543853933,-0.06527588344310487,12.5,72
252,-0.4,6,20,20,-0.1579480494606712,-0.02896885610940436,-27.51704301227289,-0.15996312428550075,19.576719576719576,189
252,-0.4,13,26,20,-0.12128809520963668,-0.021867000629595457,-27.54292749553009,-0.12317788821949549,21.85430463576159,151
500,-0.5,26,26,20,-0.09920610551350795,-0.01770693789478861,-27.552626768852235,-0.09852458770238948,18.269230769230766,104
1000,-0.4,52,26,5,-0.0870837492823543,-0.015459011263015743,-27.56891763600466,-0.08932289142840122,17.582417582417584,91
500,-0.3,6,52,10,-0.052594776627729156,-0.009196154713109639,-27.58805705228839,-0.059288718290289144,14.666666666666666,75
500,-0.6,13,20,20,-0.10184350792574959,-0.01819932730228635,-27.590265628271325,-0.10402131269676751,19.090909090909093,110
1000,-0.4,6,26,10,-0.07854206809873354,-0.013889887527863354,-27.599064541937963,-0.0772570649321459,20.87912087912088,91
500,-0.2,10,52,5,-0.06684529604345424,-0.011760614209484488,-27.632287549589766,-0.07138833073901207,16.867469879518072,83
1000,-0.8,3,52,5,-0.013847686667664671,-0.0023816229687620982,-27.63778948019069,-0.014583611957740161,20.0,20
500,-0.1,52,40,10,-0.08579577533837357,-0.015221630736510838,-27.646271804874655,-0.08773167574173413,16.379310344827587,116
252,-0.2,40,20,20,-0.18669659519307102,-0.03471969529649099,-27.66600411624916,-0.18534551667978316,24.686192468619247,239
252,-0.5,10,40,5,-0.08744989514003498,-0.015526544594755443,-27.684102132680145,-0.09127383442397419,20.2020202020202,99
500,-0.3,40,20,20,-0.1352976555610127,-0.02455143946757421,-27.688265915213954,-0.13641031420153082,22.89156626506024,166
252,-0.5,6,26,20,-0.10096456063069226,-0.018035099369659746,-27.693090190959126,-0.1052795121968566,21.48148148148148,135
500,-0.1,10,65,5,-0.05938229691589647,-0.010413588780783134,-27.70112862490911,-0.06321575843468918,16.666666666666664,78
500,-0.4,40,65,5,-0.03995906195514809,-0.006948898551153548,-27.70296538725959,-0.04145961112016294,16.071428571428573,56
500,-0.7,3,26,20,-0.06024113683775778,-0.01056815201625616,-27.705743882300606,-0.05968628537329812,16.901408450704224,71
252,-0.8,3,20,20,-0.0453519110554107,-0.007904996941121012,-27.709389439844237,-0.045758921633608174,16.94915254237288,59
1000,-0.4,10,26,10,-0.08302185303583176,-0.014711322005355854,-27.74652262858369,-0.08219387316598203,21.978021978021978,91
1000,-0.2,10,26,20,-0.10125533003804243,-0.01808941378004958,-27.758847970918136,-0.10263276479309824,23.140495867768596,121
252,-0.4,26,20,20,-0.15792276935020566,-0.028963871205252123,-27.76628694803771,-0.1574771524626054,22.22222222222222,189
1000,-0.5,10,40,20,-0.04323779542797612,-0.0075296530355830615,-27.770297612772286,-0.04336586648179375,19.642857142857142,56
500,-0.3,26,26,20,-0.12299029665736538,-0.022191265814748395,-27.771054112167256,-0.12329093071370423,19.696969696969695,132
500,-0.4,20,20,20,-0.12685879564285008,-0.02293015011953725,-27.77456783035849,-0.12772082293093145,24.342105263157894,152
500,-0.6,26,40,10,-0.055559620089099204,-0.009727047361359209,-27.774777415987995,-0.05523086681247347,20.634920634920633,63
252,-0.4,10,40,5,-0.09096795455261453,-0.016176576258088105,-27.776488165975625,-0.09297439920821837,19.626168224299064,107
500,-0.4,26,20,20,-0.13011708955397516,-0.023554593600150997,-27.78525774168453,-0.13194689983500807,23.026315789473685,152
500,-0.8,6,20,10,-0.04655553413205604,-0.008118998292670931,-27.799354525726024,-0.04621253161385386,19.607843137254903,51
1000,-0.7,13,26,10,-0.04591204804625426,-0.008004560138133887,-27.802463278732272,-0.04760474199417142,25.49019607843137,51
500,-0.3,40,26,20,-0.12192522602818912,-0.021988311453539633,-27.80726508085692,-0.12150233823495948,21.21212121212121,132
252,-0.8,20,20,5,-0.06335973583339605,-0.011130384778458957,-27.809932907430657,-0.062349515143286016,23.728813559322035,59
252,-0.4,52,20,20,-0.1575310169567382,-0.02888663865642427,-27.826568075703957,-0.16107656010512894,21.164021164021165,189
252,-0.3,26,65,5,-0.05812151223018791,-0.010186900370559249,-27.833091929655748,-0.06120652195459708,17.28395061728395,81
252,-0.2,26,65,5,-0.0606508735544552,-0.010641932553835609,-27.86345120481977,-0.06266263828317775,22.47191011235955,89
252,-0.3,40,52,5,-0.07227851623759596,-0.012746905919196139,-27.87301978984675,-0.07621392762250212,14.893617021276595,94
500,-0.4,10,40,10,-0.07333599276128522,-0.012939425934766269,-27.87611760353605,-0.07587055531343656,15.476190476190476,84
500,-0.2,20,40,5,-0.0852602623932519,-0.015123014413866653,-27.881418692674032,-0.08743523543407572,17.75700934579439,107
500,-0.7,26,26,20,-0.056324851815627075,-0.009864296054856725,-27.88271203842506,-0.05484544466989738,19.718309859154928,71
1000,-0.1,13,20,20,-0.15703968230083598,-0.028789815904721627,-27.88685863117254,-0.15625860551763526,23.52941176470588,170
252,-0.8,26,20,10,-0.05223258252380536,-0.0091313937272407,-27.889246343917698,-0.05206037784275297,25.423728813559322,59
1000,-0.2,10,40,20,-0.06826765874845941,-0.012018354550699883,-27.909811538363233,-0.06816734506546218,18.51851851851852,81
252,-0.6,10,26,20,-0.09458117321549786,-0.01684636502421999,-27.91787758931103,-0.09859824561404429,16.101694915254235,118
1000,-0.4,13,65,5,-0.027972894635654888,-0.004839712644402527,-27.94991682150419,-0.02780058996161827,19.51219512195122,41
252,-0.5,13,40,5,-0.0863260969766193,-0.015319338270083138,-27.951221998315642,-0.0895739922341734,17.17171717171717,99
1000,-0.6,26,52,5,-0.022648995127994564,-0.003909783867425243,-27.95980291577825,-0.023121719788627204,16.216216216216218,37
500,-0.3,13,40,10,-0.07653926157746505,-0.01352371399764829,-27.965134185907466,-0.0790044055302569,18.27956989247312,93
500,-0.2,52,40,10,-0.08140069955945672,-0.014413676323972502,-27.96827916991202,-0.08235981271788184,17.75700934579439,107
252,-0.3,40,26,10,-0.14194473078062542,-0.02583774876410827,-27.974608630235036,-0.14313612663218134,19.047619047619047,168
1000,-0.2,3,26,20,-0.11351511352274324,-0.02039285203266117,-27.992665332854486,-0.11377012282052146,23.96694214876033,121
1000,-0.6,3,52,10,-0.028921843619475474,-0.00500590931270628,-27.99656283050725,-0.030516015415923192,16.216216216216218,37
252,-0.3,26,20,20,-0.16572192086087456,-0.030507679305042834,-28.0095113635418,-0.16678846652693435,23.809523809523807,210
500,-0.8,13,20,10,-0.04792235020963187,-0.00836228671165562,-28.00989862660916,-0.04854922418575047,21.568627450980394,51
252,-0.2,6,52,5,-0.0805741557023727,-0.014262089476983153,-28.02321828389926,-0.0813741582223576,14.285714285714285,105
252,-0.8,52,65,5,-0.023010400820169252,-0.0039727777898820316,-28.026194032919346,-0.024732899904507333,21.875,32
1000,-0.1,3,40,10,-0.08442345197926093,-0.014969009039530579,-28.031060276578774,-0.08343371188297677,18.88888888888889,90
500,-0.2,10,40,10,-0.078589890749443,-0.013898639015089587,-28.046881809669202,-0.08180291163859921,23.364485981308412,107
1000,-0.8,26,52,10,-0.012996865659296475,-0.0022344959733431313,-28.04975634477231,-0.014736703199095036,20.0,20
252,-0.5,40,40,5,-0.08207284029769846,-0.014537029265292545,-28.055017223841414,-0.08946559918009134,25.252525252525253,99
1000,-0.6,13,40,10,-0.03731177781503814,-0.0064811897514865935,-28.061583773568884,-0.03690778170473519,19.148936170212767,47
500,-0.4,52,52,5,-0.05150150417514032,-0.00900073802228496,-28.075117616150063,-0.05376893101696767,20.28985507246377,69
500,-0.1,20,26,10,-0.14129470984131487,-0.025711596215835963,-28.08503734428481,-0.1431961999843906,21.55688622754491,167
1000,-0.3,52,20,20,-0.12343682065130757,-0.022276413915092386,-28.085725073221816,-0.12457093047688261,19.083969465648856,131
252,-0.4,6,52,5,-0.06590745413319365,-0.011590849945497639,-28.10909488750131,-0.06758561648045058,17.647058823529413,85
252,-0.3,6,20,20,-0.1717551089180409,-0.0317101513552257,-28.11457045700107,-0.17629238032007177,20.952380952380953,210
252,-0.1,6,65,5,-0.06676385150992437,-0.011745865850014914,-28.121955853958948,-0.06859886517935021,22.58064516129032,93
500,-0.7,26,52,5,-0.029714921765896185,-0.00514491044639287,-28.131841034844854,-0.029006445675994308,16.666666666666664,42
1000,-0.1,10,40,10,-0.07685482881862715,-0.013581365499712006,-28.137716230215453,-0.07567337077030245,17.77777777777778,90
252,-0.2,20,20,20,-0.19178804328656973,-0.03575569811363044,-28.15389936436066,-0.19131702881034218,24.267782426778243,239
252,-0.6,6,26,20,-0.09209650247708157,-0.016385539811994976,-28.155072129756086,-0.09590987515268135,18.64406779661017,118
1000,-0.1,6,40,10,-0.08218873276608007,-0.014558305707508934,-28.165152010893486,-0.08142705109475223,18.88888888888889,90
252,-0.1,6,26,20,-0.15512381680116238,-0.02841272042426002,-28.170735698894106,-0.15708062137017187,21.393034825870647,201
500,-0.1,26,26,10,-0.145462480121897,-0.02652183228274163,-28.173804146796712,-0.1482507219579603,23.353293413173652,167
1000,-0.4,40,40,5,-0.0634309911301576,-0.011143249074743178,-28.181102210974036,-0.0654845199872871,16.666666666666664,60
500,-0.5,3,40,10,-0.062063811952522974,-0.01089656257452376,-28.19329027843539,-0.06200763456994518,19.736842105263158,76
500,-0.8,10,52,20,-0.015873419257973476,-0.0027323438506685616,-28.197356479091013,-0.01849696853304117,7.6923076923076925,26
1000,-0.8,13,26,20,-0.02298573672414428,-0.0039684781616861065,-28.197756636668295,-0.023553215311794773,20.689655172413794,29
500,-0.8,6,40,20,-0.0198038509606413,-0.0034145413327013596,-28.203869554434736,-0.021645931525768436,15.151515151515152,33
500,-0.6,20,40,10,-0.05552407700988582,-0.00972067474724414,-28.217572326487492,-0.056347398456071396,19.047619047619047,63
252,-0.7,40,40,10,-0.04359995174023257,-0.007593902086222348,-28.22693162849518,-0.046390926959707035,18.181818181818183,66
500,-0.8,3,20,20,-0.043025316373403566,-0.007491967156015078,-28.233264896421712,-0.041741523333802544,19.607843137254903,51
500,-0.6,20,26,20,-0.07345775174033409,-0.01296160458638218,-28.236502367278828,-0.07215413093244372,23.076923076923077,91
500,-0.3,6,65,5,-0.04617560583307867,-0.008051423757337584,-28.24411230540298,-0.04814149768746634,20.3125,64
500,-0.7,52,26,20,-0.05623552112734953,-0.009848269328578851,-28.2972236613458,-0.055012642477356044,19.718309859154928,71
1000,-0.3,13,26,20,-0.09315762241369352,-0.016582214812495777,-28.30747207367466,-0.0942566967502324,20.754716981132077,106
1000,-0.4,3,52,5,-0.04064237598678089,-0.007069796608872081,-28.326118297147442,-0.04208749436217518,22.0,50
252,-0.4,6,26,20,-0.12780251343731885,-0.02311081215548172,-28.345528891248044,-0.13270013959831894,21.192052980132452,151
500,-0.1,52,26,20,-0.12977880971437783,-0.023489673038778802,-28.346810726148142,-0.1306264117581568,20.958083832335326,167
500,-0.6,52,52,5,-0.03350011145027176,-0.0058096330755975645,-28.357430811385747,-0.033581696805471406,24.0,50
500,-0.3,10,40,10,-0.07597654144094668,-0.013420950239364404,-28.391719465609775,-0.07895935776656438,22.58064516129032,93
500,-0.5,52,20,20,-0.11578708626125611,-0.020822620493150423,-28.39602567507609,-0.11560235441482558,21.804511278195488,133
500,-0.5,26,65,5,-0.03299068963822871,-0.00572004723095465,-28.407380793764414,-0.03608906650453114,21.568627450980394,51
252,-0.5,13,26,20,-0.10217071174756298,-0.018260498114393675,-28.408676010632128,-0.10620132951357653,20.0,135
1000,-0.8,40,20,20,-0.03321382255096983,-0.0057592820975336245,-28.419167264023265,-0.03250289354780134,31.25,32
252,-0.8,3,26,5,-0.04404164821670653,-0.00767228942099496,-28.434551738856424,-0.04392141291943363,27.083333333333332,48
1000,-0.8,6,26,20,-0.02636133359877435,-0.004557775601489289,-28.444614151436703,-0.02697311437605987,24.137931034482758,29
1000,-0.6,3,40,5,-0.04012665476331223,-0.006978543972435247,-28.453860660158583,-0.039485472319474524,21.27659574468085,47
1000,-0.5,26,26,20,-0.07070271710195308,-0.012460359382700847,-28.459223302745315,-0.07257571054713641,24.691358024691358,81
500,-0.1,13,65,10,-0.053710886556772364,-0.009395846419567921,-28.469021248804022,-0.05668869488120909,20.51282051282051,78
500,-0.6,10,40,20,-0.06041226625859486,-0.010598963732876499,-28.4717334148358,-0.06133794848147389,14.285714285714285,63
500,-0.6,26,52,5,-0.03403610340591223,-0.005903933759854985,-28.474448405769774,-0.03371223652552291,18.0,50
500,-0.4,40,26,20,-0.11605844765217566,-0.020874012645234807,-28.4794663703229,-0.11668683226820231,20.33898305084746,118
252,-0.3,3,20,20,-0.17057228382795875,-0.03147383205988874,-28.480601032624968,-0.17272567295189556,22.380952380952383,210
500,-0.2,13,40,10,-0.07395256096320046,-0.013051759985031608,-28.506326397998112,-0.07749994947951966,18.69158878504673,107
500,-0.2,6,65,5,-0.048242734031369694,-0.008419355782828042,-28.530105856716034,-0.050235262504389366,17.142857142857142,70
1000,-0.3,3,40,10,-0.0645658057103542,-0.011348235786858174,-28.533756959215793,-0.06513596020997037,18.055555555555554,72
1000,-0.2,52,52,5,-0.04755559595790948,-0.008296977346130663,-28.58373046499632,-0.046175222700872154,17.46031746031746,63
500,-0.8,26,40,20,-0.022584542231109284,-0.0038985515942416837,-28.58555796792362,-0.02272133012322075,12.121212121212121,33
500,-0.5,20,26,20,-0.10422284481340771,-0.018644566734895007,-28.588212031069503,-0.10290879583196566,17.307692307692307,104
1000,-0.6,52,26,5,-0.06056382715508424,-0.010626256037097659,-28.589683206457856,-0.05950914520262374,22.727272727272727,66
252,-0.6,6,65,5,-0.039119653527670994,-0.0068004804723793555,-28.594000643999077,-0.043096488178929526,24.59016393442623,61
500,-0.2,20,26,10,-0.12466280825347842,-0.02251038373454961,-28.61139197899782,-0.12675894509138064,19.867549668874172,151
500,-0.4,20,40,5,-0.07522701137538768,-0.013284151859918492,-28.613745641009118,-0.07369475856147167,20.238095238095237,84
1000,-0.2,52,26,20,-0.10749823605398201,-0.019259089113043082,-28.617679624458454,-0.10759076362779607,20.66115702479339,121
252,-0.5,6,40,5,-0.08924773127248975,-0.015858470620962795,-28.62353272320971,-0.09191436819644472,21.21212121212121,99
252,-0.4,20,40,5,-0.0960189987934692,-0.017113513746722986,-28.62788349428507,-0.09689467731805135,22.429906542056074,107
1000,-0.2,52,65,5,-0.03806867439902617,-0.006614805465201989,-28.63877463970215,-0.04201840133897772,15.09433962264151,53
500,-0.1,3,40,5,-0.10510415285309971,-0.018809732576665517,-28.643318645463452,-0.1089138096354646,17.24137931034483,116
252,-0.6,13,65,5,-0.04123893427992209,-0.007175403442446937,-28.649146685899176,-0.044466837246574076,22.950819672131146,61
252,-0.8,40,26,5,-0.05233393265324782,-0.009149513253109753,-28.65094536938392,-0.05228529208823374,18.75,48
1000,-0.6,6,52,5,-0.027829566728739707,-0.004814622228862975,-28.651976426944145,-0.029496055007862454,21.62162162162162,37
1000,-0.3,20,26,20,-0.08559634709191033,-0.015184899829070453,-28.667014101532043,-0.08687692655479962,21.69811320754717,106
500,-0.5,40,20,20,-0.11541592480951257,-0.020752348736821635,-28.6746503555469,-0.11758119915420684,24.06015037593985,133
1000,-0.8,52,20,20,-0.036225877192892164,-0.006289646643395264,-28.68296258711361,-0.03460305186194512,21.875,32
1000,-0.7,40,26,5,-0.049622001838675045,-0.008665222896581892,-28.686039982482985,-0.05096862853845985,19.607843137254903,51
1000,-0.8,6,20,20,-0.027712522919217664,-0.004794135277766731,-28.691821585715203,-0.02877278576426956,28.125,32
252,-0.8,52,20,20,-0.05827253169051816,-0.010214040322536255,-28.697665604551013,-0.05870719551035697,22.033898305084744,59
500,-0.2,26,26,5,-0.1501295652518676,-0.02743303521452012,-28.699584867628076,-0.15192139965802076,21.192052980132452,151
1000,-0.6,20,40,5,-0.03646749732517318,-0.006332250781340143,-28.70161383586641,-0.03688166422440753,19.148936170212767,47
500,-0.6,6,40,10,-0.0607300811126249,-0.010656198390410987,-28.701624746203183,-0.061226577424776996,19.047619047619047,63
252,-0.6,20,40,5,-0.06806991564173281,-0.011982502844114507,-28.716787424884192,-0.07031268308601513,23.25581395348837,86
1000,-0.8,6,26,10,-0.02902332373823091,-0.005023690267271896,-28.723261536254615,-0.028646981865887544,20.689655172413794,29
252,-0.7,3,40,5,-0.05378630024932951,-0.009409346297136412,-28.73592552476172,-0.055213686862254474,22.727272727272727,66
1000,-0.8,52,20,5,-0.04289444948881238,-0.007468759690934745,-28.742518403013207,-0.04159074669226448,21.875,32
1000,-0.4,10,40,20,-0.0514788905809177,-0.008996697932991293,-28.747769495220886,-0.055202441299328386,16.666666666666664,60
500,-0.5,40,26,20,-0.10149276856151723,-0.018133777028245812,-28.759559123031913,-0.10146297328173814,17.307692307692307,104
1000,-0.1,3,52,5,-0.05365073955022681,-0.0093850800854538,-28.764294850343294,-0.05651214562412876,19.11764705882353,68
252,-0.7,6,20,20,-0.08139329294771991,-0.014412317461008795,-28.765504549808565,-0.08381190001376959,20.388349514563107,103
500,-0.1,10,40,5,-0.10653667083204965,-0.019078488562124463,-28.76926349500304,-0.10999629843975245,16.379310344827587,116
252,-0.7,10,65,5,-0.03171814043687593,-0.005496430230446658,-28.77694413589549,-0.033825864055600285,19.148936170212767,47
1000,-0.8,40,26,10,-0.029955641630370455,-0.0051871195418123905,-28.78121012463983,-0.031336403617499675,17.24137931034483,29
500,-0.6,3,40,10,-0.057188035695949324,-0.010019223808094058,-28.82611615967261,-0.05741174526529491,19.047619047619047,63
1000,-0.4,10,65,5,-0.031957643442544814,-0.005538497955431487,-28.828863914927176,-0.03159753977423929,14.634146341463413,41
252,-0.3,6,40,5,-0.10170958967723254,-0.01817429658993186,-28.834067786081505,-0.10330727780251747,19.65811965811966,117
252,-0.8,13,13,20,-0.08672704514604035,-0.015393240987871981,-28.83804508723271,-0.08674021192321091,20.0,75
500,-0.6,40,40,20,-0.04801413862170889,-0.00837863509654535,-28.84189060912183,-0.04839517607790089,12.698412698412698,63
1000,-0.1,6,65,5,-0.04502693138914737,-0.007847254671928705,-28.846435448880094,-0.0481122965582671,10.526315789473683,57
252,-0.3,3,26,20,-0.13553406039805438,-0.0245970465500559,-28.85690005599963,-0.14008750003956127,22.023809523809522,168
252,-0.2,26,26,20,-0.1453315954770521,-0.02649633785987804,-28.86493080015767,-0.1452237434483582,17.5531914893617,188
500,-0.4,26,40,5,-0.07438216437932688,-0.013130067126561507,-28.87036436137873,-0.07353745011457846,16.666666666666664,84
252,-0.8,20,13,10,-0.09013639529844997,-0.01602274112584312,-28.870484040621072,-0.09125864205293455,16.0,75
1000,-0.8,40,20,10,-0.031073961672186123,-0.005383325647561943,-28.882445280627056,-0.030080750869311945,21.875,32
500,-0.5,26,20,20,-0.11603869137857103,-0.020870270634640198,-28.921018381036824,-0.11664588620838534,24.06015037593985,133
252,-0.2,52,20,20,-0.190592576723574,-0.035511960750767346,-28.922943069176025,-0.1894798579282011,23.01255230125523,239
252,-0.2,26,20,20,-0.18666772420007816,-0.034713836004217735,-28.93311846543364,-0.18579887090806835,22.17573221757322,239
500,-0.5,20,20,20,-0.11707256630338148,-0.021066188754242487,-28.937598728023765,-0.11956686679472361,24.06015037593985,133
252,-0.4,3,40,5,-0.0951478160332696,-0.016951605528809144,-28.938633420362788,-0.0954353395456421,25.233644859813083,107
252,-0.3,13,20,20,-0.17045370617265365,-0.03145015657316019,-28.942284531494465,-0.1727454233809752,21.904761904761905,210
1000,-0.2,13,40,10,-0.07549089050535385,-0.013332302532712004,-28.953171221255733,-0.07414377009928075,16.049382716049383,81
252,-0.2,52,26,20,-0.14611089268434851,-0.026648181370925728,-28.961407082766396,-0.14812220135149845,20.212765957446805,188
252,-0.4,13,40,5,-0.09453654917113186,-0.01683807948263283,-28.963325410788794,-0.09572001022249588,22.429906542056074,107
1000,-0.1,20,40,5,-0.08344780306943,-0.014789599294163791,-28.97005851766232,-0.08307322767368475,16.666666666666664,90
252,-0.6,20,52,5,-0.053304699354349894,-0.009323149793327712,-28.975429307805268,-0.055769612992074724,21.12676056338028,71
252,-0.8,52,26,5,-0.054137040591407115,-0.00947214438636923,-28.994167538892206,-0.054240725883573315,20.833333333333336,48
252,-0.5,10,26,20,-0.10169094005717605,-0.018170811027537148,-29.008147967291826,-0.10652524209245673,18.51851851851852,135
252,-0.2,40,65,5,-0.06409217312084059,-0.011262656329080856,-29.01710315795309,-0.06651146785860484,16.853932584269664,89
1000,-0.6,20,52,5,-0.026720071881364937,-0.0046205021344148944,-29.022025338832858,-0.02657161329248081,16.216216216216218,37
500,-0.8,26,65,5,-0.012573956772383155,-0.0021614041793808214,-29.024615582836716,-0.01385114883354066,26.08695652173913,23
252,-0.2,10,20,20,-0.1978723642668947,-0.037000849647149,-29.02665284401684,-0.19819294102135365,24.267782426778243,239
500,-0.7,10,40,10,-0.03535997538865365,-0.006137037520005606,-29.036980974837043,-0.03570524680336906,22.916666666666664,48
500,-0.1,40,26,20,-0.13133163225751388,-0.023787853677373794,-29.041125229839555,-0.13295655579667442,21.55688622754491,167
1000,-0.8,3,40,20,-0.015140388221083434,-0.002605363048520992,-29.054021322912718,-0.015138162057598548,26.08695652173913,23
1000,-0.5,6,40,10,-0.050358895829007766,-0.008796702256626099,-29.0556063421002,-0.049534214021614065,19.642857142857142,56
252,-0.7,52,40,10,-0.04495277470459669,-0.007834080821842115,-29.06253619435526,-0.047194134543383504,22.727272727272727,66
1000,-0.7,10,26,10,-0.04672331935376928,-0.00814884789386272,-29.092923045979905,-0.045738380322929095,25.49019607843137,51
500,-0.6,3,65,5,-0.02845380961754096,-0.004923922132177627,-29.09802216592779,-0.029935042283839808,20.930232558139537,43
1000,-0.2,52,40,5,-0.07320952508989831,-0.012916392142682587,-29.112080630084836,-0.07240088504025377,16.049382716049383,81
252,-0.6,40,26,20,-0.09302785675732139,-0.016558152950182703,-29.11580618733524,-0.09430970877349976,23.728813559322035,118
1000,-0.8,40,52,20,-0.01494230083685899,-0.002571062403251445,-29.12152195806645,-0.017076793577869842,15.0,20
1000,-0.4,13,40,20,-0.050209749540715776,-0.008770084197256778,-29.129911908264983,-0.05436542948643042,15.0,60
1000,-0.6,52,20,20,-0.07706862129417191,-0.013620432885568579,-29.135277895273433,-0.07578952321385324,25.301204819277107,83
500,-0.7,20,26,10,-0.06270331448492694,-0.011011913859125921,-29.144942571804712,-0.061078580269605,21.12676056338028,71
252,-0.4,10,52,5,-0.06608731914862442,-0.011623397412253711,-29.147774794256705,-0.06666968759834335,18.823529411764707,85
1000,-0.5,10,65,5,-0.029748657222471997,-0.005150825276857507,-29.15049489363416,-0.02936200816227208,23.684210526315788,38
500,-0.5,52,52,5,-0.04519935973422451,-0.007877889648759795,-29.15993205704537,-0.045816136571525834,19.672131147540984,61
1000,-0.7,10,26,20,-0.04492472567766903,-0.007829098165362147,-29.16146350782912,-0.0451781577765612,19.607843137254903,51
1000,-0.7,13,52,5,-0.02364067231007072,-0.004082681933779253,-29.16266764786775,-0.023973169719547216,23.333333333333332,30
1000,-0.3,13,40,20,-0.06394275962028317,-0.011235666636471908,-29.16537477914071,-0.06566930418299621,12.5,72
500,-0.3,6,26,20,-0.11613887939654433,-0.020889247835147562,-29.17047633728921,-0.11666265623859351,21.96969696969697,132
500,-0.7,3,65,10,-0.024853664976017265,-0.004294364217735769,-29.172255962383996,-0.027900788706765378,11.11111111111111,36
252,-0.4,40,65,5,-0.05616524451648086,-0.00983566195840646,-29.18773813786865,-0.05981340940000468,19.17808219178082,73
500,-0.3,40,52,5,-0.06290843400476354,-0.011048926437879247,-29.190070265146097,-0.06850196714782497,17.333333333333336,75
252,-0.3,52,40,10,-0.08954713286370553,-0.015913800480002016,-29.19915327595457,-0.09058110290582799,17.094017094017094,117
252,-0.6,52,26,20,-0.09414868947067234,-0.01676607812900044,-29.20283491442666,-0.09691862850167865,21.1864406779661,118
500,-0.1,52,52,5,-0.07431883855280952,-0.013118522344715111,-29.20287253535334,-0.0796105250039203,16.304347826086957,92
1000,-0.4,52,20,20,-0.10763670745762965,-0.01928511000687616,-29.210456765221064,-0.11092542872904188,21.551724137931032,116
500,-0.8,13,26,10,-0.03885548102197334,-0.006753793652103823,-29.211532454085393,-0.04073831739641309,13.953488372093023,43
252,-0.3,10,26,20,-0.14036130106519906,-0.025530583676660612,-29.211891196259707,-0.14104140759201056,21.428571428571427,168
252,-0.6,40,40,10,-0.0657597216733895,-0.011564120910027342,-29.212153771836135,-0.07076203501292044,19.767441860465116,86
1000,-0.3,20,65,5,-0.034194636023110014,-0.005931833786114282,-29.249697416641833,-0.033556869416022095,14.893617021276595,47
500,-0.3,26,40,10,-0.07162325679811787,-0.012627703233335508,-29.252296182958634,-0.07332463884301621,13.978494623655912,93
500,-0.1,6,26,10,-0.14630552255855034,-0.026686122293298697,-29.2535601509108,-0.14599616565713525,22.75449101796407,167
500,-0.2,52,26,20,-0.11801035039686592,-0.021244062330893154,-29.26153927376786,-0.11760930774588274,19.205298013245034,151
252,-0.7,13,20,20,-0.08027984164112756,-0.014208140014343562,-29.266295394822414,-0.08175352958441184,23.300970873786408,103
1000,-0.2,13,65,5,-0.03953215065760274,-0.006873401770308707,-29.27174250404574,-0.04116570212008075,22.641509433962266,53
252,-0.7,10,20,20,-0.082769816628813,-0.014665019201581253,-29.27292573730813,-0.08502032486531974,22.330097087378643,103
500,-0.3,10,52,10,-0.05622772219323713,-0.00984687018957553,-29.292504302478378,-0.06091452406012099,21.333333333333336,75
252,-0.3,40,40,10,-0.09423723546099982,-0.016782513344741457,-29.292566643963927,-0.09480549669210114,17.094017094017094,117
500,-0.5,6,26,20,-0.10126043797995377,-0.018090368050692862,-29.295132326274764,-0.10507088478386484,19.230769230769234,104
500,-0.3,20,40,10,-0.07295847361847929,-0.01287067539070108,-29.295740140780147,-0.0766838452272387,16.129032258064516,93
1000,-0.6,13,40,5,-0.039887007186730994,-0.006936154132272776,-29.303509930532016,-0.03996184682264836,21.27659574468085,47
252,-0.6,10,40,10,-0.07291292827077733,-0.012862382632179203,-29.313016590510678,-0.07885178892873379,15.11627906976744,86
500,-0.7,3,40,5,-0.038379294761071714,-0.006669664814228926,-29.31487665230169,-0.03801135439123626,25.0,48
500,-0.1,40,40,10,-0.0870843982006948,-0.015459130932113485,-29.33975272581133,-0.0873172310546334,13.793103448275861,116
500,-0.7,3,65,5,-0.024273048807666897,-0.0041930122661131275,-29.364219366399904,-0.02740307628965344,11.11111111111111,36
1000,-0.5,52,40,5,-0.0517845664176555,-0.009051315985083797,-29.399781685733974,-0.0522524102984967,12.5,56
500,-0.5,40,65,5,-0.037203930677068286,-0.006462158477121394,-29.40429246880765,-0.03870878612713291,13.725490196078432,51
1000,-0.6,6,40,5,-0.04015008854555058,-0.006982689506244033,-29.423412927982515,-0.040210323481879584,21.27659574468085,47
1000,-0.4,3,26,10,-0.08405487706293657,-0.014901214060471846,-29.439427998772743,-0.08434638675031947,18.681318681318682,91
252,-0.3,26,52,5,-0.07021670032996774,-0.012372062377075332,-29.445213831386074,-0.07125427683282548,20.212765957446805,94
500,-0.5,10,40,20,-0.06260452553410434,-0.010994090385184396,-29.454481761383803,-0.06477404289268995,14.473684210526317,76
500,-0.8,20,40,20,-0.024649558795557303,-0.004258729885180834,-29.462387319639852,-0.025723614779473603,12.121212121212121,33
252,-0.5,26,40,5,-0.08254307548275241,-0.014623372522019396,-29.47475698697948,-0.08517903676126481,20.2020202020202,99
1000,-0.7,3,40,5,-0.03544608515546044,-0.006152208676493687,-29.494655883119396,-0.03685781046497816,24.324324324324326,37
252,-0.1,13,26,20,-0.15289684561733996,-0.027975280584738305,-29.49694875874741,-0.15386120571965667,19.900497512437813,201
1000,-0.1,52,52,5,-0.05184753089251304,-0.009062568268468518,-29.520135436077513,-0.05353933776720443,19.11764705882353,68
500,-0.8,13,65,5,-0.011709995235322346,-0.0020121654118889776,-29.52964513721942,-0.01315273392100258,26.08695652173913,23
1000,-0.7,52,26,10,-0.052168807853082644,-0.009119992820769363,-29.53111540113031,-0.053342192321876314,23.52941176470588,51
252,-0.1,3,52,10,-0.08169502728686906,-0.014467682869330867,-29.536083829675782,-0.08349055832143792,16.071428571428573,112
1000,-0.8,6,52,5,-0.01457285604842895,-0.0025071049281485402,-29.560870323889276,-0.014514828711602368,20.0,20
252,-0.3,40,65,5,-0.060961682909606574,-0.010697917220045094,-29.577339325879503,-0.06311128366076713,17.28395061728395,81
500,-0.4,6,26,20,-0.12098153084809149,-0.021808656220156042,-29.580671340439583,-0.1253514364322288,16.94915254237288,118
500,-0.3,52,26,20,-0.11411500885254944,-0.020506239986663788,-29.58088310017949,-0.11425987757491496,20.454545454545457,132
500,-0.8,20,52,10,-0.013089253090249442,-0.0022504668468823485,-29.59924442469638,-0.014737729896026619,11.538461538461538,26
252,-0.4,20,26,20,-0.12628589308158922,-0.022820554603841692,-29.59974634170549,-0.1284376629801839,19.867549668874172,151
252,-0.3,20,20,20,-0.17205098855327794,-0.03176930955934165,-29.603165688952114,-0.17435299711551022,23.333333333333332,210
252,-0.1,40,65,5,-0.07270909663398151,-0.012825273724551,-29.611225150267114,-0.07499878090222367,17.20430107526882,93
1000,-0.4,6,40,20,-0.05152959942926538,-0.009005757562728256,-29.618638009823922,-0.05404527928808078,11.666666666666666,60
1000,-0.1,13,40,10,-0.08345127762428184,-0.014790237940780937,-29.625353387322914,-0.08211575645483926,17.77777777777778,90
1000,-0.8,40,40,20,-0.017570592370337534,-0.003026641336728253,-29.636137254921973,-0.017467087278643212,26.08695652173913,23
500,-0.4,13,40,10,-0.07454378647994087,-0.013159535038345771,-29.655321829821247,-0.07537852126114564,19.047619047619047,84
1000,-0.5,13,40,20,-0.04631991154669013,-0.00807708752841163,-29.67551280265965,-0.046409092915351224,16.071428571428573,56
500,-0.8,3,40,20,-0.02207087247395878,-0.003809055773237091,-29.67952846488634,-0.022232637461703675,18.181818181818183,33
252,-0.1,3,40,5,-0.11883086843179413,-0.02139982219535097,-29.680465798878565,-0.12048173373526194,21.73913043478261,138
1000,-0.5,26,40,10,-0.047097965634311345,-0.008215514553223446,-29.697244144727822,-0.04769582343019141,14.285714285714285,56
500,-0.2,26,26,10,-0.13460515059023448,-0.024417901277319243,-29.70668287915837,-0.13652345440078284,19.867549668874172,151
252,-0.2,10,26,20,-0.1527774702524315,-0.027951858835211674,-29.73162250788828,-0.15305012061291468,22.340425531914892,188
500,-0.4,3,40,10,-0.07486359496372796,-0.013217857016604051,-29.73591260189189,-0.07301329819272417,21.428571428571427,84
252,-0.4,3,52,5,-0.06156644096786612,-0.010806893558870212,-29.74098838772244,-0.06281945167943426,15.294117647058824,85
500,-0.7,6,20,20,-0.06883134298133287,-0.012120587644239067,-29.747088583710152,-0.07049842810595142,21.428571428571427,84
252,-0.8,26,13,10,-0.09098745062032254,-0.01618018435194768,-29.749258748972014,-0.09166696580135458,22.666666666666664,75
252,-0.2,3,40,5,-0.09962627593752671,-0.017785301441005097,-29.750637374289884,-0.1001528546550311,21.21212121212121,132
252,-0.2,26,52,10,-0.07695830694781203,-0.013600273647566552,-29.760071158596034,-0.07850255812682416,17.142857142857142,105
252,-0.2,13,20,20,-0.20250717501198823,-0.037954624767910894,-29.777397470699654,-0.20286484251589953,23.430962343096233,239
252,-0.8,3,40,5,-0.030174096489920754,-0.005225432089743243,-29.78970164576217,-0.02981592916422726,15.384615384615385,39
1000,-0.7,10,52,10,-0.022232286241378185,-0.003837174423683809,-29.79363010462587,-0.023671141659587724,23.333333333333332,30
500,-0.6,3,52,5,-0.031180343637108088,-0.005401999841211369,-29.803456849835104,-0.03187025998910298,16.0,50
1000,-0.3,52,26,10,-0.09489261773238589,-0.016904201718735634,-29.80710099387352,-0.0957235344348315,16.9811320754717,106
500,-0.2,3,65,5,-0.04898735972273782,-0.008552055413874049,-29.815321771362324,-0.05160980734713916,20.0,70
252,-0.1,10,52,10,-0.08235573913164662,-0.01458896995475989,-29.81839337231005,-0.08534265743446556,12.5,112
252,-0.8,26,40,5,-0.030220424859237816,-0.005233558064778543,-29.821583180608883,-0.03171717520032591,20.51282051282051,39
1000,-0.3,3,40,20,-0.06416044841224577,-0.011274990601309542,-29.82853659433112,-0.0645686093082658,18.055555555555554,72
500,-0.7,13,26,20,-0.05402613453246696,-0.009452285192417698,-29.843192031634317,-0.053247969524345184,18.30985915492958,71
252,-0.2,6,26,20,-0.15586007195717466,-0.028557551916406188,-29.850571230211408,-0.15574901455221313,21.27659574468085,188
1000,-0.3,26,65,5,-0.03507859396752455,-0.0060874704645697,-29.85754089492487,-0.03465661469359704,12.76595744680851,47
500,-0.7,40,26,20,-0.05638623370120188,-0.00987530924441582,-29.863837226526716,-0.05542032556622245,21.12676056338028,71
1000,-0.6,13,26,20,-0.059987975570468866,-0.010522579059831783,-29.86548076327197,-0.05923965410222365,19.696969696969695,66
500,-0.2,40,26,20,-0.12073477189370851,-0.02176170604852279,-29.872110042108357,-0.12060164657237082,19.867549668874172,151
252,-0.8,26,26,5,-0.05444889430487587,-0.009527996257900795,-29.87283790443181,-0.05175228385508823,12.5,48
1000,-0.2,6,26,20,-0.11359752240418863,-0.020408424604406283,-29.89294223715351,-0.11298635492625198,19.00826446280992,121
500,-0.5,13,40,20,-0.06221110238589089,-0.010923124539875206,-29.903182955096444,-0.06416583383113128,11.842105263157894,76
1000,-0.1,52,26,20,-0.11107994206330285,-0.019933225411998823,-29.910828391747497,-0.11441540937081851,18.3206106870229,131
252,-0.1,20,26,20,-0.15428339636011412,-0.028247526016575986,-29.911488028922033,-0.15490178259420717,19.402985074626866,201
1000,-0.5,13,52,5,-0.038871940602042465,-0.006756702218828292,-29.915306347126233,-0.03941542534921072,19.148936170212767,47
1000,-0.3,3,65,5,-0.03578277536635044,-0.006211538858474697,-29.918038539897847,-0.03491607047983536,23.404255319148938,47
1000,-0.7,13,26,20,-0.04585356302403398,-0.007994162280544947,-29.918814670731305,-0.04684247778399919,19.607843137254903,51
500,-0.6,13,40,20,-0.058902543361269766,-0.010327299677511559,-29.919089945704116,-0.05986614993388406,11.11111111111111,63
252,-0.8,26,13,20,-0.08517367881503213,-0.015107074281965782,-29.923090014153686,-0.08476322126965874,22.666666666666664,75
500,-0.5,13,26,20,-0.10280411492668662,-0.01837896548422069,-29.924929477098676,-0.10142133548191845,16.346153846153847,104
500,-0.6,40,65,5,-0.029675068249827463,-0.005137923157513158,-29.925591163450484,-0.028746924163199017,18.6046511627907,43
1000,-0.3,26,26,20,-0.08732941625220647,-0.015504320532132576,-29.94650563165337,-0.08819707102552043,19.81132075471698,106
252,-0.2,40,26,20,-0.1482004293329392,-0.027055888483226154,-29.96019117184495,-0.1477389195087001,22.340425531914892,188
500,-0.5,10,26,20,-0.10490312972915117,-0.018772046988374536,-29.993721355887647,-0.10415308107216992,19.230769230769234,104
252,-0.8,13,26,5,-0.0476602735484003,-0.008315615568175172,-30.007313492962094,-0.04719998571050832,18.75,48
1000,-0.8,40,13,20,-0.0540288605085959,-0.00945277329129146,-30.008906279586455,-0.05419224226209707,19.565217391304348,46
252,-0.5,40,52,5,-0.06421251137418871,-0.011284396536608288,-30.05169432651201,-0.06661585381900614,20.0,80
252,-0.2,13,52,5,-0.08437428515749001,-0.014959964078924415,-30.057980253823438,-0.08441840699229108,17.142857142857142,105
1000,-0.4,26,26,5,-0.0959656737779837,-0.017103599644131995,-30.058084100111344,-0.09540148594616094,19.78021978021978,91
252,-0.7,3,52,5,-0.03725596569137113,-0.006471340629343847,-30.061106787682036,-0.04163890302916573,21.052631578947366,57
252,-0.3,13,26,20,-0.13830746282698692,-0.025132863349147327,-30.061392584568747,-0.13812334787407698,21.428571428571427,168
252,-0.4,40,40,10,-0.08746822303785984,-0.015529925652111198,-30.06453125621774,-0.08859259879354642,16.822429906542055,107
500,-0.2,13,52,5,-0.07292664328981369,-0.012864879785633776,-30.07994180973899,-0.07855662498468674,14.457831325301203,83
252,-0.3,40,20,20,-0.1702852355506631,-0.03141652416635543,-30.088235387079134,-0.1718699931910055,22.857142857142858,210
1000,-0.4,20,40,10,-0.05594849535021684,-0.00979678284161678,-30.095108060109016,-0.060353849140715066,15.0,60
252,-0.6,3,40,10,-0.0651080352324287,-0.011446253961704178,-30.095612941914048,-0.06901051560129867,23.25581395348837,86
1000,-0.3,52,40,10,-0.06133472141300633,-0.010765131224374613,-30.096279953564864,-0.06210587854873362,16.666666666666664,72
252,-0.6,13,26,20,-0.0959356339540609,-0.01709801490102214,-30.098002656573303,-0.09983911691237923,17.796610169491526,118
1000,-0.6,52,26,10,-0.061805784639592076,-0.010850038948322482,-30.159647215284465,-0.060501987095893606,22.727272727272727,66
1000,-0.5,13,52,10,-0.03612739547766408,-0.006272284204124734,-30.171646505382636,-0.037365738529976045,19.148936170212767,47
1000,-0.8,20,26,5,-0.028989666434238393,-0.005017792793689191,-30.18264337236978,-0.02938691376482705,20.689655172413794,29
500,-0.2,10,26,20,-0.126487310264648,-0.022859078656889298,-30.217643560624605,-0.12656831055936535,19.205298013245034,151
500,-0.4,13,65,5,-0.041590467580173596,-0.007237659784458783,-30.217843699439154,-0.04153143936481973,21.428571428571427,56
1000,-0.5,40,52,5,-0.045845643075329345,-0.007992754259824819,-30.22227614954767,-0.04688455552543802,12.76595744680851,47
1000,-0.1,26,52,5,-0.05682737892932621,-0.009954477369327974,-30.232861975552602,-0.06054479702482862,23.52941176470588,68
500,-0.7,52,40,5,-0.03033553281619583,-0.005253749341600278,-30.23883951584387,-0.03142285272264045,20.833333333333336,48
252,-0.4,40,20,20,-0.16361330043946698,-0.030089110940151764,-30.250210402044097,-0.16468149541582977,22.75132275132275,189
1000,-0.5,52,52,5,-0.038546946526872516,-0.006699280267748686,-30.255455312409232,-0.03829323579799915,17.02127659574468,47
1000,-0.3,6,52,5,-0.045238009564059656,-0.007884757110938723,-30.263452027089595,-0.043685712373528474,19.298245614035086,57
252,-0.3,13,40,5,-0.10669807985945967,-0.01910879304283375,-30.270638900759703,-0.10748235239772208,19.65811965811966,117
252,-0.7,40,52,10,-0.03619853106375748,-0.006284825341992484,-30.27508994643411,-0.03866541784899824,15.789473684210526,57
1000,-0.6,26,20,20,-0.0764016711885841,-0.013498582494302358,-30.279851790194922,-0.07424853060530912,20.481927710843372,83
500,-0.2,20,65,5,-0.04994304692268725,-0.008722494558774607,-30.294045926131588,-0.05395016072077419,18.571428571428573,70
500,-0.6,3,26,20,-0.08378086304121202,-0.014850827090186813,-30.307784165883067,-0.08230237908312377,24.175824175824175,91
252,-0.8,26,52,5,-0.02396343872215101,-0.0041389873837270885,-30.319358781805278,-0.025888064165237257,18.75,32
1000,-0.4,13,26,20,-0.08216292407975778,-0.014553567355051644,-30.369227244305137,-0.0821668636718107,21.978021978021978,91
252,-0.3,52,20,20,-0.17230869285101824,-0.031820849264317386,-30.375413609471345,-0.17483933812552355,20.476190476190474,210
500,-0.2,3,26,20,-0.1264657450599478,-0.022854953636497144,-30.38668807214052,-0.12692889137855412,19.867549668874172,151
1000,-0.2,10,65,5,-0.04305920192191093,-0.007497976726759781,-30.392374936797555,-0.04472564118589073,16.9811320754717,53
500,-0.7,26,40,5,-0.038017780665460466,-0.006605818410623798,-30.403561579963757,-0.039371280423908694,20.833333333333336,48
252,-0.1,6,40,5,-0.11879701856327374,-0.021393394059259996,-30.420400673220655,-0.12099387769191383,21.014492753623188,138
1000,-0.7,3,26,20,-0.0485256522996278,-0.008469764462771812,-30.427214461459993,-0.049251778747602004,19.607843137254903,51
252,-0.7,6,65,5,-0.03143423140877677,-0.005446573940882549,-30.44194216437095,-0.0345907731644175,19.148936170212767,47
500,-0.5,3,52,5,-0.04369914471850678,-0.007611503129562158,-30.449078248111313,-0.04571219882494415,16.39344262295082,61
1000,-0.3,40,26,10,-0.09993295529997548,-0.017842517569583105,-30.452910613057032,-0.10048219290876081,21.69811320754717,106
1000,-0.8,26,52,5,-0.013354319758771327,-0.0022962953956886523,-30.4620531066296,-0.014136141860672358,15.0,20
1000,-0.8,40,20,5,-0.03671875774039113,-0.006376564155744391,-30.46288574721574,-0.03467310982410532,28.125,32
500,-0.6,13,65,5,-0.03001020739177296,-0.005196688598506305,-30.469604922853186,-0.02995046595094597,18.6046511627907,43
252,-0.7,13,40,5,-0.058206588919759605,-0.010202189196594325,-30.48748636541575,-0.058962163202520235,13.636363636363635,66
500,-0.1,40,65,10,-0.05431116224556254,-0.009503327061947675,-30.49202983355476,-0.056789174908857154,11.538461538461538,78
252,-0.1,26,65,5,-0.06746938791725787,-0.011873663135114398,-30.497683848012723,-0.06963555562917689,22.58064516129032,93
1000,-0.3,52,26,20,-0.0907836282004274,-0.01614246656037488,-30.52076827866776,-0.09258642840875853,18.867924528301888,106
500,-0.1,26,26,20,-0.13887951611123373,-0.025243560921681896,-30.52726146980171,-0.14006111700991486,18.562874251497004,167
1000,-0.7,6,26,20,-0.048121103821098465,-0.008397688259666691,-30.54570976653111,-0.04798151651209348,17.647058823529413,51
252,-0.4,26,26,20,-0.12741741754857894,-0.023037071182544056,-30.546039504195416,-0.12773700119108822,21.85430463576159,151
252,-0.1,52,40,10,-0.10715879900095338,-0.019195317855660088,-30.55326387647897,-0.11041643080660668,17.391304347826086,138
252,-0.1,52,26,20,-0.158129989323196,-0.029004735909144874,-30.55536807703207,-0.1598514603535941,18.407960199004975,201
1000,-0.3,20,40,10,-0.06983218925856116,-0.012302233506501725,-30.565288122557273,-0.07170874179062126,16.666666666666664,72
1000,-0.5,20,52,5,-0.03948091870966497,-0.0068643435678192866,-30.60537408962917,-0.03966830312559466,14.893617021276595,47
252,-0.3,3,52,5,-0.0750779651479927,-0.013256960062235645,-30.614106282059137,-0.0763664559830105,13.829787234042554,94
500,-0.2,20,52,5,-0.06718720620405172,-0.011822540556200134,-30.621238614161022,-0.07318669394303767,14.457831325301203,83
1000,-0.3,52,65,5,-0.031622831687734054,-0.005479692037167028,-30.62256089878146,-0.03064696525022248,21.27659574468085,47
1000,-0.3,40,40,10,-0.06294394540745618,-0.011055334938081751,-30.623443474241213,-0.06481715564577961,13.88888888888889,72
252,-0.3,10,52,5,-0.07403626619321824,-0.013067015222922862,-30.62975592916162,-0.07347410551589406,14.893617021276595,94
1000,-0.5,52,20,20,-0.0902220527382489,-0.01603858202327524,-30.638227822476765,-0.09096569169240842,17.82178217821782,101
252,-0.5,3,65,5,-0.048153162944935324,-0.008403399132906886,-30.64351385460307,-0.052831493753919045,20.8955223880597,67
252,-0.6,26,26,20,-0.09878227563808495,-0.017627922538466234,-30.647032984752265,-0.10262591297788848,18.64406779661017,118
500,-0.7,6,40,10,-0.032144793525257453,-0.005571376108988169,-30.64795216706004,-0.031926148507489316,22.916666666666664,48
1000,-0.7,10,52,5,-0.024269930491509495,-0.0041924680700266,-30.65142954423817,-0.02328596785358228,26.666666666666668,30
1000,-0.6,40,52,10,-0.027070444004348104,-0.004681784321805327,-30.656465912725984,-0.029824948286892528,5.405405405405405,37
500,-0.5,6,40,20,-0.06592074448679952,-0.011593254723133328,-30.657037574094446,-0.06719473675863463,13.157894736842104,76
252,-0.8,13,20,10,-0.052541345872093914,-0.00918659990325299,-30.66411107351304,-0.05224106207617352,16.94915254237288,59
500,-0.2,20,26,20,-0.12394286674826616,-0.02237295582191756,-30.676378664111784,-0.12567743578882362,19.205298013245034,151
252,-0.7,20,40,10,-0.04692072902031752,-0.008183973368848574,-30.67956730284149,-0.050216425474871706,19.696969696969695,66
252,-0.3,26,26,20,-0.13845698898254744,-0.025161792153336138,-30.700736040479487,-0.13808928413612176,19.047619047619047,168
1000,-0.6,20,26,20,-0.05595779810782853,-0.009798451360398808,-30.702041429282435,-0.05594237670641389,19.696969696969695,66
252,-0.7,10,52,20,-0.038098137280042854,-0.006620008339302763,-30.713371247713653,-0.04195487816554877,10.526315789473683,57
252,-0.3,6,26,20,-0.1487452921068606,-0.027162337528107594,-30.716275852729044,-0.14939121828638446,21.428571428571427,168
252,-0.1,40,26,20,-0.16135161838843948,-0.0296411305625639,-30.718692103022207,-0.16232044687413494,20.8955223880597,201
252,-0.5,52,40,10,-0.08141332153552983,-0.014415992050978543,-30.74202744283831,-0.08434424460489465,18.181818181818183,99
1000,-0.5,20,40,5,-0.05305546599367916,-0.009278556499098367,-30.746110614982896,-0.05454720906019905,17.857142857142858,56
1000,-0.3,26,40,5,-0.07655064412889057,-0.013525793210878989,-30.74935929552827,-0.07679122606889333,16.666666666666664,72
500,-0.7,40,52,5,-0.028873444583894625,-0.004997429563098454,-30.75787435118341,-0.027802718741319343,21.428571428571427,42
1000,-0.6,40,26,20,-0.05710465656518171,-0.010004253453187895,-30.77603401239776,-0.058064733910276445,22.727272727272727,66
1000,-0.5,40,26,20,-0.07112160604928486,-0.012536491674975059,-30.778911721636167,-0.07327314896453208,20.98765432098765,81
252,-0.5,20,40,5,-0.08439188596899005,-0.014963201961015304,-30.79005433624685,-0.08697290669192292,18.181818181818183,99
1000,-0.7,26,40,5,-0.028147495140596668,-0.004870281661197073,-30.8279664045082,-0.029125926245433087,13.513513513513514,37
1000,-0.5,52,26,10,-0.07069618100612995,-0.012459171684794379,-30.828362163428473,-0.07221294137218759,20.98765432098765,81
500,-0.4,40,52,5,-0.058870533101199385,-0.01032154356801418,-30.856356488269245,-0.06143218037516074,18.84057971014493,69
500,-0.1,6,40,5,-0.1060747555174466,-0.01899178921716227,-30.86011475030594,-0.10908660220736299,17.24137931034483,116
1000,-0.2,26,40,10,-0.07623168807515857,-0.013467538599535644,-30.872348846595,-0.07579464980414197,11.11111111111111,81
500,-0.1,10,26,20,-0.14292440930152295,-0.026028029237326278,-30.89178999830281,-0.14269483217185253,19.16167664670659,167
500,-0.5,20,40,10,-0.06560281786655675,-0.011535736351769521,-30.89761750362492,-0.06672720241320951,13.157894736842104,76
252,-0.8,10,26,5,-0.047504281206039334,-0.0082878411899856,-30.92368100867032,-0.04471635614130909,20.833333333333336,48
252,-0.6,6,40,10,-0.07441536627084566,-0.013136120346624147,-30.94124404220121,-0.08040262175003332,18.6046511627907,86
1000,-0.4,13,52,5,-0.0389525994359079,-0.006770956010584084,-30.955233508640426,-0.040100629854898595,16.0,50
252,-0.5,10,52,5,-0.06574435855702754,-0.011561341483167786,-30.961968099119513,-0.06900831857721523,18.75,80
500,-0.1,13,40,5,-0.10739870075638813,-0.0192403869762523,-30.968937595225437,-0.11027924058549543,17.24137931034483,116
500,-0.1,3,26,20,-0.14168486228080013,-0.025787305388982218,-30.975516662827363,-0.14166235434572083,19.16167664670659,167
500,-0.3,20,52,10,-0.05916071429013481,-0.010373730106203682,-30.999876484377964,-0.06493715944863654,17.333333333333336,75
500,-0.5,6,52,5,-0.048014638785207175,-0.00837872418397767,-31.000355374110782,-0.04765106766916627,18.0327868852459,61
252,-0.2,13,65,5,-0.06862300979671776,-0.012082797135150702,-31.000671330508577,-0.0715463967854888,16.853932584269664,89
252,-0.1,3,26,20,-0.16354649079843941,-0.030075863302137074,-31.00630440380428,-0.1640207261971659,19.402985074626866,201
500,-0.8,52,65,5,-0.012585616589782522,-0.0021634190101372797,-31.018894443290108,-0.01192603532089942,30.434782608695656,23
500,-0.1,10,40,10,-0.09992738090939213,-0.017841477430235453,-31.027507746567217,-0.10319931758259426,18.96551724137931,116
252,-0.5,3,40,5,-0.09027507209570229,-0.016048387677883635,-31.06152661805284,-0.0918575005185932,22.22222222222222,99
1000,-0.5,20,40,10,-0.04790611172827541,-0.00835939462046853,-31.07243377912749,-0.04883407289086894,16.071428571428573,56
500,-0.6,6,40,20,-0.05922812889555584,-0.010385855940916011,-31.10603043802615,-0.05920530009337799,15.873015873015872,63
1000,-0.4,3,65,5,-0.0368769147981427,-0.006404462333310379,-31.162314171760663,-0.03578934634458897,14.634146341463413,41
252,-0.5,52,26,20,-0.111609844623755,-0.020033152973892743,-31.163038732843688,-0.11559467265003698,18.51851851851852,135
500,-0.8,3,26,20,-0.039378978854117896,-0.0068463210084996895,-31.1705248124227,-0.0391971210053772,18.6046511627907,43
500,-0.4,10,65,5,-0.04341924062302993,-0.007561840155554944,-31.182248767166126,-0.04255729915351636,21.428571428571427,56
500,-0.2,26,26,20,-0.12557231168460758,-0.02268413069255859,-31.194265956926653,-0.12626679281196562,19.867549668874172,151
1000,-0.7,52,52,10,-0.019656155762429406,-0.003388865189844492,-31.197246666578252,-0.02179562601733831,13.333333333333334,30
1000,-0.4,6,26,20,-0.08072974767500252,-0.014290616166873549,-31.200289647339737,-0.07970613584500386,21.978021978021978,91
500,-0.2,26,40,10,-0.08098750084872397,-0.014337882200791574,-31.201536559779857,-0.08285942085098885,16.822429906542055,107
252,-0.3,10,40,5,-0.10350732258413742,-0.01851056984751498,-31.208289718861945,-0.10429439644102556,16.23931623931624,117
500,-0.1,13,52,5,-0.08286915246444271,-0.014683267399630329,-31.222207944853345,-0.08837424322804277,14.130434782608695,92
500,-0.5,26,40,10,-0.06362162057592868,-0.01117766894309058,-31.236378766870526,-0.06343657099887734,17.105263157894736,76
252,-0.4,52,26,20,-0.12049861426210651,-0.021716783190602884,-31.255164107250913,-0.12249134604629908,19.867549668874172,151
1000,-0.5,6,52,10,-0.04112088084361687,-0.007154500492368321,-31.255811136039014,-0.04282462911760554,10.638297872340425,47
252,-0.8,13,52,5,-0.026013695887895927,-0.004497008315780149,-31.256135659814788,-0.0277768239576629,12.5,32
1000,-0.4,20,65,5,-0.03301520376491529,-0.00572435733737553,-31.26683827312948,-0.03226765361514894,21.951219512195124,41
252,-0.7,26,40,10,-0.05091994296694302,-0.008896863092418661,-31.2676044576694,-0.05242333926787712,18.181818181818183,66
500,-0.3,13,40,20,-0.07420752006125308,-0.013098229720429067,-31.268825847688998,-0.07561848627816625,11.827956989247312,93
252,-0.4,13,52,5,-0.0660185167652807,-0.01161094666603879,-31.271965929420002,-0.06660092811872942,21.176470588235293,85
1000,-0.5,3,40,20,-0.051694048259017356,-0.009035140710993761,-31.28532191519316,-0.05156880568703415,17.857142857142858,56
1000,-0.4,3,52,10,-0.039846079849207294,-0.006928915614918818,-31.28680489524601,-0.041499133643118524,16.0,50
1000,-0.4,40,40,10,-0.058747853968123986,-0.010299484815139204,-31.287224931312537,-0.06101164789257574,15.0,60
252,-0.7,40,26,20,-0.06408096294757071,-0.011260631226610252,-31.303589396623057,-0.06634130244976422,21.34831460674157,89
252,-0.2,52,40,10,-0.09825634683098483,-0.017529915516525274,-31.30434155809312,-0.09917738422750033,18.181818181818183,132
252,-0.7,52,26,20,-0.06525437744110596,-0.011472716141809336,-31.328480349984183,-0.0672228372083199,17.97752808988764,89
252,-0.1,20,52,10,-0.08825460808628827,-0.015675047877902526,-31.33913707525249,-0.08875828192610258,16.964285714285715,112
252,-0.6,20,40,10,-0.06948059322648026,-0.01223840309081603,-31.339260752884126,-0.07330055293877535,17.441860465116278,86
252,-0.5,6,65,5,-0.04954274799727909,-0.008651087166144822,-31.341804017759802,-0.05322278506187783,23.88059701492537,67
500,-0.6,3,40,20,-0.05600136772357944,-0.009806266076520131,-31.384353400936778,-0.055455341182390594,20.634920634920633,63
252,-0.6,13,52,5,-0.060298761959428515,-0.010578526854285952,-31.393153773381343,-0.06322869787699459,21.12676056338028,71
500,-0.3,3,40,20,-0.07512682688694272,-0.013265873933367756,-31.393627693144733,-0.07660394059567044,20.43010752688172,93
500,-0.3,26,52,10,-0.06221353781474659,-0.010923563767708089,-31.416679342523693,-0.06637587988884996,14.666666666666666,75
1000,-0.5,26,40,20,-0.04843920565615312,-0.008454360600218758,-31.422238681544968,-0.04959958961870581,16.071428571428573,56
1000,-0.4,40,26,20,-0.08128763565137465,-0.014392933906470229,-31.42648085867219,-0.08567981141498693,17.582417582417584,91
252,-0.7,13,52,10,-0.03608605946592558,-0.006264997056054544,-31.438314531053035,-0.03796909694661932,15.789473684210526,57
1000,-0.5,20,40,20,-0.04533568435756974,-0.007902113400854893,-31.44820737989705,-0.047081740460127475,16.071428571428573,56
252,-0.2,40,52,10,-0.08133257541079686,-0.014401178187211983,-31.461358890727155,-0.08299234289418966,15.238095238095239,105
252,-0.8,20,13,20,-0.08276238103113154,-0.014663653332847137,-31.521682015143412,-0.08400100075863681,17.333333333333336,75
1000,-0.8,20,26,10,-0.029660664425777195,-0.005135397876010583,-31.5232737067888,-0.029171881483020967,20.689655172413794,29
252,-0.6,20,26,20,-0.1004349097826448,-0.017936200398589563,-31.538037141051344,-0.10366677720765638,14.40677966101695,118
1000,-0.1,20,40,10,-0.07981411088433088,-0.014122798119777236,-31.565800337607236,-0.07956196961166473,14.444444444444443,90
500,-0.8,20,26,20,-0.035522904939712885,-0.006165744035073972,-31.569831444698004,-0.036885504613792475,18.6046511627907,43
1000,-0.5,40,52,10,-0.03923656645675022,-0.006821145719915767,-31.586734980951682,-0.041004783026863056,8.51063829787234,47
252,-0.8,6,26,5,-0.05100092851812732,-0.008911325076626953,-31.591231460671768,-0.050328971125528366,18.75,48
252,-0.6,52,40,10,-0.06697060543592948,-0.011783307908177498,-31.596558452299405,-0.07041197027278412,18.6046511627907,86
1000,-0.8,52,26,10,-0.03622500061802414,-0.0062894920957541345,-31.62640697801952,-0.03561457073393315,17.24137931034483,29
500,-0.3,13,52,10,-0.06056775496437039,-0.010626963385250376,-31.631498955477845,-0.06514047012473312,13.333333333333334,75
252,-0.5,26,26,20,-0.11329932178028357,-0.020352080166317288,-31.638267224988375,-0.1173547473212565,20.74074074074074,135
500,-0.1,13,40,10,-0.09517676227058114,-0.016956983074543297,-31.642779013733964,-0.09859335191651786,18.96551724137931,116
252,-0.2,20,52,10,-0.08831221556674274,-0.015685683040868703,-31.64418551940391,-0.09087763659795445,13.333333333333334,105
252,-0.2,20,40,5,-0.11649137089465211,-0.02095602949595532,-31.644535529460047,-0.1185991137693484,20.454545454545457,132
1000,-0.8,52,26,20,-0.03228287996035428,-0.005595638237840039,-31.68219699089978,-0.03214042826532004,17.24137931034483,29
1000,-0.6,20,40,10,-0.03747767904217569,-0.006510469007330988,-31.69351557820792,-0.03791720419768696,17.02127659574468,47
1000,-0.8,40,52,10,-0.014061365759391764,-0.002418589649536562,-31.694250153145322,-0.015467372771669097,15.0,20
500,-0.1,20,26,20,-0.14154283609816454,-0.025759741872844022,-31.703166353425193,-0.14383125416415776,19.760479041916167,167
500,-0.1,40,52,5,-0.07812220639466916,-0.013813069503957554,-31.703395732314636,-0.08047323632610237,11.956521739130435,92
252,-0.2,13,26,20,-0.15526156649624123,-0.02843980972077198,-31.704085740766118,-0.15525938871832035,19.680851063829788,188
1000,-0.5,3,52,10,-0.04248703799084108,-0.007396527632069438,-31.708697476565884,-0.04386043127159134,10.638297872340425,47
1000,-0.7,20,52,10,-0.022691370568569735,-0.003917169013986976,-31.711383935303353,-0.024592932038931647,13.333333333333334,30
500,-0.6,52,40,20,-0.04671770184609514,-0.008147848448349482,-31.715349665427013,-0.0463897247885795,17.46031746031746,63
252,-0.3,3,40,10,-0.10193182165239567,-0.01821583574856611,-31.72851162364575,-0.10259452452740603,21.367521367521366,117
500,-0.3,3,52,10,-0.06071451054859578,-0.010653393943905964,-31.742624243588377,-0.06492151208505215,16.0,75
252,-0.2,10,65,10,-0.0617049056599952,-0.010831852843542489,-31.74866977691719,-0.06366161345041688,15.730337078651685,89
252,-0.3,20,26,20,-0.1423338389830684,-0.02591330269142389,-31.758119143312044,-0.14139637024183516,15.476190476190476,168
500,-0.2,40,40,20,-0.08077237490295264,-0.014298432266739658,-31.762380128294637,-0.08128603358772601,14.018691588785046,107
1000,-0.4,40,65,5,-0.0344653037618905,-0.005979477156795032,-31.776353517259114,-0.03422495789542901,12.195121951219512,41
1000,-0.7,20,26,10,-0.04253717788455269,-0.007405415814096705,-31.7844624553712,-0.042894719123375835,21.568627450980394,51
500,-0.3,10,40,20,-0.07494629821793375,-0.013232941942412868,-31.785909635297916,-0.0759300388260733,16.129032258064516,93
1000,-0.5,6,52,5,-0.04173230258797034,-0.007262784041317083,-31.790334362918202,-0.04373195324406254,17.02127659574468,47
1000,-0.2,20,40,10,-0.07483761647912712,-0.013213118818160119,-31.834516215182816,-0.07480735119478232,13.580246913580247,81
500,-0.2,52,52,10,-0.06260291534316365,-0.010993799887897948,-31.83468367344222,-0.06376811351451961,14.457831325301203,83
252,-0.3,20,52,5,-0.07461947553336723,-0.013173336587833595,-31.838947572275544,-0.07537330088384764,13.829787234042554,94
1000,-0.4,26,40,5,-0.0626385866863477,-0.011000235512527046,-31.852669234850733,-0.0656560118847187,13.333333333333334,60
500,-0.6,26,65,5,-0.02815085714366672,-0.004870870324607757,-31.87125886922061,-0.028026553801228316,18.6046511627907,43
500,-0.8,3,52,10,-0.015506275042362572,-0.002668734744807333,-31.893346552556764,-0.015376776337851727,19.230769230769234,26
252,-0.1,6,52,10,-0.08862448507388787,-0.015743342144610595,-31.898934976596347,-0.08834691892104962,16.071428571428573,112
500,-0.3,52,40,10,-0.07166148328935074,-0.012634655357348201,-31.904184663784505,-0.07163272447576918,18.27956989247312,93
500,-0.1,26,40,10,-0.09024446929512486,-0.016042727791159783,-31.930822131758077,-0.09194331451272941,14.655172413793101,116
252,-0.7,10,40,5,-0.05582517462825165,-0.00977466564060625,-31.940526826413397,-0.05686974218864538,15.151515151515152,66
500,-0.6,26,40,20,-0.05597017727331055,-0.009800671676955197,-31.94302074630696,-0.05472258575135058,15.873015873015872,63
500,-0.3,6,40,20,-0.07735056039610588,-0.013671964522951496,-31.9927627941239,-0.07679432251143503,12.903225806451612,93
252,-0.4,40,26,20,-0.12716938203160533,-0.022989589813800615,-31.996503627113388,-0.1279781730745455,19.867549668874172,151
1000,-0.3,26,40,10,-0.07291397829838786,-0.012862573814212519,-32.001671484298754,-0.073424907413153,12.5,72
500,-0.4,10,52,5,-0.0600335544356182,-0.010530783211717076,-32.06139263286951,-0.05982632288252798,18.84057971014493,69
500,-0.6,20,40,20,-0.05761870739165997,-0.010096566490141234,-32.079245497911806,-0.05776460016678531,14.285714285714285,63
1000,-0.4,20,40,5,-0.062152224242671084,-0.010912506197086835,-32.07999754805112,-0.06489786128459474,16.666666666666664,60
252,-0.1,13,40,10,-0.11859494119634917,-0.021355023550423402,-32.09338132850725,-0.12298441167095131,15.217391304347828,138
252,-0.6,26,40,10,-0.06724282059262643,-0.011832615144911518,-32.10747843189942,-0.0699787636566569,19.767441860465116,86
500,-0.4,6,40,20,-0.07415828203905639,-0.013089254600068378,-32.113197996065814,-0.07547898469191505,13.095238095238097,84
1000,-0.8,3,52,10,-0.013396231596124908,-0.0023035426531390346,-32.16734950549056,-0.013748759306244085,30.0,20
500,-0.8,13,40,10,-0.02466384307914149,-0.0042612235374871466,-32.17271761315962,-0.026140211247134948,15.151515151515152,33
500,-0.7,52,52,5,-0.027986990190273175,-0.0048421803219903525,-32.176375550537365,-0.02672896494096122,19.047619047619047,42
252,-0.4,52,40,10,-0.09067754476622658,-0.016122838358660574,-32.192698617256525,-0.09201125727904502,16.822429906542055,107
252,-0.3,13,65,5,-0.06275679452373673,-0.011021563362007547,-32.218551779300775,-0.06317196571902184,18.51851851851852,81
1000,-0.8,52,40,5,-0.021272703557904227,-0.003670069433695411,-32.23307602664103,-0.02122425548228668,17.391304347826086,23
500,-0.5,13,65,5,-0.034946870672129426,-0.006064270719378428,-32.23873682881756,-0.034887433279220725,19.607843137254903,51
1000,-0.7,40,52,20,-0.023234631710586595,-0.004011871510520626,-32.24612720545397,-0.02616730046906557,6.666666666666667,30
1000,-0.5,52,40,10,-0.050406973548016376,-0.00880528340040998,-32.253565188040156,-0.05056022265430238,12.5,56
1000,-0.5,6,40,20,-0.05126335833999418,-0.008958195478126596,-32.26757221241656,-0.05059926154633099,16.071428571428573,56
252,-0.2,40,40,10,-0.10098231225446708,-0.018038414875281572,-32.282078471687754,-0.10215731953105478,17.424242424242426,132
1000,-0.7,6,40,10,-0.031142847490814085,-0.005395417607715891,-32.290532379394875,-0.03086397328218493,16.216216216216218,37
500,-0.4,52,26,20,-0.10552652476083801,-0.018888937051778187,-32.3095935893578,-0.10564285462451328,19.491525423728813,118
252,-0.1,3,65,5,-0.0736906074803163,-0.013004026474052521,-32.32345187075562,-0.07414262753721856,21.50537634408602,93
252,-0.6,13,40,10,-0.07166794675049704,-0.012635830868848563,-32.32862234164765,-0.07501780146085979,17.441860465116278,86
500,-0.6,10,65,5,-0.034472577792172165,-0.005980757696071204,-32.342355729609174,-0.03515837976667169,11.627906976744185,43
500,-0.7,13,40,5,-0.038559843609009214,-0.006701558696875165,-32.34815848189714,-0.037626953863915125,18.75,48
1000,-0.7,13,52,10,-0.02381396586924256,-0.004112910458736629,-32.377745237182296,-0.025435764003751138,16.666666666666664,30
252,-0.6,3,65,10,-0.04017412224846706,-0.006986941255675672,-32.379100621608295,-0.04323786646519212,24.59016393442623,61
252,-0.8,26,65,5,-0.02216426492017487,-0.0038253244835939615,-32.399671112588074,-0.022647202177042636,15.625,32
1000,-0.1,10,52,5,-0.06220094590141689,-0.0109212928354403,-32.43408386643069,-0.062299617504907756,17.647058823529413,68
1000,-0.4,3,40,20,-0.0541776641633418,-0.009479419056243943,-32.44132270160623,-0.054176104938024605,21.666666666666668,60
1000,-0.4,40,26,10,-0.08395350194873852,-0.014882571277703094,-32.444041588550704,-0.08646997672061263,16.483516483516482,91
500,-0.1,3,52,5,-0.08350859448868175,-0.014800773456700389,-32.44671931008745,-0.08703831674083728,17.391304347826086,92
500,-0.4,26,40,10,-0.07310366890661579,-0.012897114362430573,-32.46990331608532,-0.07309660981715094,13.095238095238097,84
500,-0.2,20,40,10,-0.08196939539098058,-0.014518039924313664,-32.47191107755961,-0.08421543419259969,16.822429906542055,107
252,-0.7,13,65,5,-0.03346012186656644,-0.005802599176180645,-32.47475853601187,-0.03406693141560824,19.148936170212767,47
500,-0.6,6,65,5,-0.0321042141735669,-0.005564246761890601,-32.50293682968293,-0.03436343789070995,20.930232558139537,43
252,-0.1,13,65,5,-0.07266114598629603,-0.012816544972159671,-32.5214624717663,-0.0744570403217436,21.50537634408602,93
500,-0.5,10,52,5,-0.0519178769376909,-0.009075140433480455,-32.52452591012353,-0.051213761168406924,16.39344262295082,61
252,-0.7,40,65,10,-0.0279875909470213,-0.004842285495805343,-32.5491408231818,-0.029233284900856193,14.893617021276595,47
1000,-0.1,40,40,10,-0.08072878127175376,-0.014290438971306552,-32.58061506732339,-0.08014280836207222,20.0,90
1000,-0.4,20,40,20,-0.05208713487814132,-0.009105393188762578,-32.589123955851775,-0.0560056222184393,13.333333333333334,60
252,-0.1,26,26,20,-0.163975575949462,-0.030160961582675894,-32.59613870067984,-0.16324470859893447,17.412935323383085,201
252,-0.2,3,26,20,-0.15081437501523387,-0.027567086447392364,-32.59636760252495,-0.1511798661266598,20.212765957446805,188
1000,-0.2,13,40,20,-0.07428442123393186,-0.013112248079227729,-32.60074627986001,-0.07329403542846258,12.345679012345679,81
252,-0.1,40,52,10,-0.08815648456228131,-0.015656934157578628,-32.614992730269734,-0.08828061520362329,14.285714285714285,112
1000,-0.1,20,52,5,-0.05624971472373508,-0.009850815702972304,-32.640891739856315,-0.05682187821028395,19.11764705882353,68
500,-0.7,10,65,5,-0.020963272807838162,-0.003616213071292118,-32.649521667361846,-0.020372566152668692,16.666666666666664,36
252,-0.2,13,40,5,-0.12100937573175086,-0.02181395487830884,-32.654094768451884,-0.12279438081941452,18.939393939393938,132
500,-0.2,40,65,10,-0.04768340600578058,-0.008319734614659846,-32.68088428852571,-0.049317450484656966,12.857142857142856,70
500,-0.5,52,40,5,-0.06581774688431341,-0.011574618915604074,-32.682672339284984,-0.06544627801980829,21.052631578947366,76
252,-0.3,40,26,20,-0.13951053880543685,-0.025365740353312738,-32.691918624767,-0.13991715884538003,21.428571428571427,168
1000,-0.4,10,26,20,-0.08547990729524724,-0.015163456893565241,-32.69813117891045,-0.0848121738985842,20.87912087912088,91
500,-0.5,52,26,20,-0.094610582149391,-0.016851825694736644,-32.70178356689357,-0.09371402623407399,17.307692307692307,104
252,-0.5,20,26,20,-0.11468895544137736,-0.020614782892476535,-32.70930671877207,-0.11786961235773308,17.77777777777778,135
252,-0.8,10,52,5,-0.027105186790758462,-0.004687862040661961,-32.713732349323706,-0.02748041888598618,18.75,32
252,-0.2,6,40,5,-0.11034068275249664,-0.01979390040226814,-32.719983945046174,-0.11331293706041379,17.424242424242426,132
252,-0.1,40,40,10,-0.10968816577120588,-0.019671003065658055,-32.72710517911253,-0.11411551416715493,16.666666666666664,138
252,-0.5,40,26,20,-0.11325398137315024,-0.0203435145588734,-32.73337263835655,-0.11493359046847496,20.0,135
252,-0.4,20,65,5,-0.05845889604114907,-0.010247537135999574,-32.77998738879728,-0.06159023077444781,17.80821917808219,73
500,-0.4,13,52,5,-0.05763503491061639,-0.010099499263254708,-32.78024785200655,-0.05784038851247986,20.28985507246377,69
1000,-0.4,26,40,20,-0.05481626585013477,-0.009593810766149735,-32.784518203315784,-0.05744554257369139,10.0,60
1000,-0.8,52,40,10,-0.021226781403087203,-0.0036620757996024267,-32.78913737758949,-0.021125686264358956,17.391304347826086,23
1000,-0.3,10,52,10,-0.048537492201023436,-0.008471874296253179,-32.793093700732086,-0.04709672582833002,17.543859649122805,57
252,-0.8,52,26,10,-0.05565378427069567,-0.00974393127147588,-32.806103625680166,-0.05576917212269017,12.5,48
500,-0.4,40,40,10,-0.06849864073645018,-0.012060240602785988,-32.808232606957,-0.06815252431596874,17.857142857142858,84
500,-0.5,3,40,20,-0.06168495468726665,-0.010828256344899478,-32.81033187357884,-0.061193859040530985,17.105263157894736,76
1000,-0.1,6,40,20,-0.08531790859104793,-0.015133627835846819,-32.81504400664205,-0.08422741490270003,17.77777777777778,90
1000,-0.2,20,65,5,-0.04021102885786232,-0.006993470494460197,-32.819014139646,-0.042919099087059376,18.867924528301888,53
1000,-0.3,40,26,20,-0.09367087419277731,-0.016677412763068,-32.86032564907884,-0.09470533899570954,17.92452830188679,106
1000,-0.8,26,52,20,-0.014017125733189473,-0.0024109355388702847,-32.86987672819224,-0.01530797389374483,20.0,20
252,-0.7,26,26,20,-0.06788336010612261,-0.011948685274904336,-32.872369463486535,-0.07101500772116032,19.101123595505616,89
1000,-0.4,52,26,10,-0.08751825064670438,-0.015539154832048374,-32.88687933392129,-0.08899215769232538,14.285714285714285,91
1000,-0.7,40,40,5,-0.033835317806710674,-0.005868603113493243,-32.88888529082926,-0.03355665949882447,21.62162162162162,37
252,-0.8,40,52,10,-0.02043645276214978,-0.0035245525990491577,-32.89557895613895,-0.021529512564230968,25.0,32
500,-0.6,52,65,10,-0.02936316001804895,-0.005083246288074328,-32.909400648173644,-0.029266583769235632,20.930232558139537,43
252,-0.8,10,20,20,-0.049382320401408886,-0.008622476259864786,-32.909782002936225,-0.049828560119411947,16.94915254237288,59
500,-0.7,13,52,5,-0.0280140700854985,-0.004846921222629197,-32.93820021484536,-0.027498223852701953,19.047619047619047,42
500,-0.5,40,40,10,-0.06070325502332097,-0.010651366711958321,-32.95068569767704,-0.06070350897900101,17.105263157894736,76
500,-0.8,10,20,20,-0.04891960302756693,-0.008539976941964733,-32.95349663088837,-0.049587863133836674,19.607843137254903,51
252,-0.1,52,52,10,-0.08957846470553654,-0.015919591522743914,-32.95810406972171,-0.09041949539456373,17.857142857142858,112
1000,-0.3,3,52,10,-0.04295002936801706,-0.007478615706464464,-32.96405510137695,-0.04159594634573427,19.298245614035086,57
1000,-0.3,40,40,20,-0.06479165909189899,-0.011389057304402206,-32.96641091977451,-0.06520478808375962,15.277777777777779,72
500,-0.2,6,26,20,-0.12951591707108823,-0.02343923476442844,-32.99918515706128,-0.13002690740892398,17.880794701986755,151
1000,-0.5,3,52,20,-0.039695096045492595,-0.006902214431499076,-33.001236598019986,-0.04103673344754122,12.76595744680851,47
1000,-0.2,40,40,5,-0.07913790470463145,-0.013998951796073689,-33.012546951490144,-0.07823675221977411,12.345679012345679,81
500,-0.2,6,52,10,-0.06871083373861908,-0.012098727067120785,-33.0259078307054,-0.07197712333528228,13.253012048192772,83
500,-0.7,20,40,5,-0.03676326631066662,-0.006384414878863209,-33.030057601398,-0.03552765847034711,14.583333333333334,48
1000,-0.6,6,52,20,-0.031683902829930055,-0.005490417239308654,-33.038083171713076,-0.03307344977228566,10.81081081081081,37
500,-0.8,26,52,5,-0.013203844407389864,-0.002270277794306552,-33.04366799282926,-0.014245204790355959,23.076923076923077,26
252,-0.7,26,52,10,-0.0424375904184604,-0.007387762554107669,-33.06918623645912,-0.043685969269938174,17.543859649122805,57
1000,-0.1,40,52,10,-0.05662851399903357,-0.009918785178622103,-33.089852592679755,-0.05803821989775715,17.647058823529413,68
252,-0.4,26,52,5,-0.06803744524261979,-0.011976616418842734,-33.09869623386184,-0.06973611721877515,16.470588235294116,85
500,-0.5,10,65,5,-0.039549099123123654,-0.006876398477559054,-33.10192334689686,-0.03868367040444787,15.686274509803921,51
500,-0.8,52,26,20,-0.03275383034127588,-0.005678406978780193,-33.102405811700315,-0.03243021062743656,18.6046511627907,43
1000,-0.2,3,52,5,-0.05577875663563281,-0.009766341333421247,-33.10598664250084,-0.054993621910358614,15.873015873015872,63
252,-0.3,20,65,5,-0.06437897137531101,-0.011314472880853077,-33.10645155736724,-0.06551330736719008,13.580246913580247,81
252,-0.2,52,52,10,-0.08733909111358829,-0.015506105109567958,-33.11944394314299,-0.088159008082345,17.142857142857142,105
1000,-0.1,13,40,20,-0.07929471193911175,-0.014027664130729645,-33.12296914406556,-0.07830968644182945,16.666666666666664,90
252,-0.2,20,65,5,-0.07221140413817995,-0.012734693894652427,-33.13381982637723,-0.07238704750449187,14.606741573033707,89
1000,-0.2,10,52,5,-0.05776130270239488,-0.010122181093488947,-33.135930233220286,-0.056588591813720224,20.634920634920633,63
1000,-0.5,10,52,10,-0.03950372788644929,-0.006868376356264694,-33.157509242508176,-0.03965203093126868,19.148936170212767,47
1000,-0.7,40,26,10,-0.049111611487073104,-0.008574206686827068,-33.169847798912826,-0.04941414340745376,21.568627450980394,51
500,-0.4,10,40,20,-0.07628503912623386,-0.013477281553994414,-33.194419238522705,-0.07773277096322295,13.095238095238097,84
500,-0.6,26,52,10,-0.03687400823784237,-0.006403949595186309,-33.203353498681345,-0.03639735197921945,20.0,50
1000,-0.6,10,40,10,-0.04208033358081309,-0.007324446344210478,-33.20654478889125,-0.041767770720770314,14.893617021276595,47
1000,-0.2,52,40,10,-0.07258779294436957,-0.012803192789109352,-33.2175135768911,-0.07272513734988184,18.51851851851852,81
500,-0.4,13,40,20,-0.07466967774759514,-0.013182491246058636,-33.22543309733503,-0.07460339358228218,13.095238095238097,84
1000,-0.6,6,40,10,-0.040986293091781256,-0.007130672521547754,-33.237950083643234,-0.04094641577957103,14.893617021276595,47
252,-0.5,40,40,10,-0.08252665131019787,-0.014620356143587254,-33.2383872057421,-0.08440632705898632,16.161616161616163,99
500,-0.3,10,65,10,-0.04183015996766748,-0.007280120021310954,-33.2415906760911,-0.04412983656050862,21.875,64
1000,-0.7,52,26,20,-0.05061050757378138,-0.008841615127925362,-33.24246768315704,-0.05118809354675169,21.568627450980394,51
1000,-0.4,6,52,5,-0.04206146281573986,-0.00732110244502715,-33.25839207530069,-0.04232127450698375,18.0,50
500,-0.8,40,26,20,-0.033921062902402155,-0.0058836902518907275,-33.25852848143838,-0.03413171016976391,18.6046511627907,43
1000,-0.2,6,65,5,-0.04359940535566997,-0.007593805138607523,-33.26628290253903,-0.04191740980122416,22.641509433962266,53
252,-0.1,20,40,10,-0.11365838994285815,-0.020419927340566746,-33.30660680078443,-0.11784874889923902,13.768115942028986,138
252,-0.1,10,40,10,-0.11586593896665565,-0.02083755277392163,-33.308102772493825,-0.11983652160521352,14.492753623188406,138
252,-0.5,10,40,10,-0.08664053544989925,-0.015377293255923519,-33.30837368334939,-0.08935494608346939,18.181818181818183,99
1000,-0.3,20,40,20,-0.06920809477050283,-0.012188946176844406,-33.31542537688281,-0.07061514257672252,15.277777777777779,72
500,-0.4,20,52,5,-0.0570418862767591,-0.00999298404902671,-33.31893723539672,-0.057338425978272656,20.28985507246377,69
252,-0.4,3,40,10,-0.089779438668798,-0.015956741331177637,-33.34293617153808,-0.0914462463361756,19.626168224299064,107
252,-0.2,10,40,5,-0.12034911288302019,-0.021688349603519175,-33.345817481558676,-0.12152164688202882,20.454545454545457,132
500,-0.3,13,65,10,-0.042483940628130656,-0.007395978582458884,-33.34808754714237,-0.04524242628438746,18.75,64
500,-0.1,6,26,20,-0.14165391478737455,-0.02578129897893533,-33.34887653100752,-0.14099355094414168,18.562874251497004,167
252,-0.8,3,52,5,-0.025634950238178855,-0.004430823805644635,-33.35446212137616,-0.026834791818303616,15.625,32
1000,-0.6,20,52,20,-0.027833072386491686,-0.004815235878833701,-33.35529505750663,-0.028789870184947053,10.81081081081081,37
252,-0.4,52,52,10,-0.07167745274798709,-0.012637559739618887,-33.35582429067677,-0.0728087931738105,18.823529411764707,85
252,-0.8,40,26,10,-0.04898044637372101,-0.00855082299092258,-33.367814548762574,-0.0500974067313289,14.583333333333334,48
252,-0.3,52,26,20,-0.14247580422674333,-0.025940875445321643,-33.36963190124054,-0.14446133448951926,16.666666666666664,168
1000,-0.3,40,65,5,-0.034129058619377095,-0.005920292411827455,-33.43013950726973,-0.032827863714018135,14.893617021276595,47
252,-0.5,52,52,10,-0.06448511222831999,-0.011333652950285322,-33.43589208519953,-0.06705566145140351,18.75,80
500,-0.8,6,20,20,-0.045551922667529166,-0.007940543033085778,-33.43830933553633,-0.045241125201955446,15.686274509803921,51
1000,-0.4,26,40,10,-0.05549486165886042,-0.009715436797375077,-33.4456141781974,-0.05798556261988885,11.666666666666666,60
252,-0.5,10,65,10,-0.047608558339081175,-0.008306407276623684,-33.44779264124538,-0.050878631378498684,14.925373134328357,67
252,-0.7,6,40,5,-0.05942006508120401,-0.010420383361582908,-33.44992675100859,-0.0607873567133318,18.181818181818183,66
500,-0.1,20,40,10,-0.09298063557879732,-0.01654939764756236,-33.451956959628205,-0.09575819569638688,18.96551724137931,116
252,-0.5,6,52,10,-0.06316279552839399,-0.011094833768379053,-33.467338393324525,-0.06599921467254566,16.25,80
1000,-0.7,10,52,20,-0.02272367397222863,-0.003922798995019461,-33.488283430137834,-0.024162433753992407,20.0,30
500,-0.5,26,40,20,-0.06677838782151946,-0.011748498075509262,-33.491216191265345,-0.06590456897649477,7.894736842105263,76
1000,-0.4,20,26,5,-0.10531421603400448,-0.018849120393781726,-33.51309943858159,-0.10391575815628318,16.483516483516482,91
1000,-0.1,26,40,5,-0.08980543196150081,-0.015961546658360914,-33.54812310855976,-0.08958456715799523,17.77777777777778,90
1000,-0.1,6,52,5,-0.06044310086066085,-0.010604515973181239,-33.548711152106655,-0.05963049433105394,16.176470588235293,68
500,-0.8,52,65,10,-0.013108199446924984,-0.0022537422276609487,-33.563351132839436,-0.012494085513123032,17.391304347826086,23
1000,-0.6,52,52,5,-0.027066026972308976,-0.004681011642529653,-33.56450173137593,-0.0277905069262101,10.81081081081081,37
500,-0.1,52,65,10,-0.05600861168649629,-0.009807565394310047,-33.56726156165196,-0.05687972514220052,10.256410256410255,78
1000,-0.1,13,52,5,-0.06018619234457434,-0.010558260290246646,-33.569982593058484,-0.0592973622201598,19.11764705882353,68
500,-0.3,3,65,5,-0.05201335034623378,-0.009092204569286277,-33.597164368660835,-0.05294896468912147,21.875,64
500,-0.2,52,40,20,-0.0825113338312724,-0.014617543055114202,-33.60358752430019,-0.08251586928166876,14.018691588785046,107
252,-0.8,20,26,5,-0.05793399854686121,-0.01015320700260458,-33.61623809737813,-0.05494530835101774,14.583333333333334,48
500,-0.1,3,65,5,-0.06175449932416166,-0.010840793210919797,-33.64686772797368,-0.06367025125659398,16.666666666666664,78
1000,-0.8,20,26,20,-0.029914299975754455,-0.005179869859692099,-33.65503045517591,-0.02990496047599045,20.689655172413794,29
500,-0.3,26,40,20,-0.07941682847670584,-0.014050027200979698,-33.66116176461215,-0.08044545246254065,13.978494623655912,93
252,-0.5,13,52,5,-0.06690729484694646,-0.011771841959998364,-33.66128426504855,-0.07018532644045594,20.0,80
1000,-0.1,10,40,20,-0.08281525106710996,-0.014673365398364946,-33.66527231557138,-0.08165094991554778,14.444444444444443,90
500,-0.7,6,65,5,-0.02213583117737694,-0.003820371266479161,-33.680557971250224,-0.0220557720976593,19.444444444444446,36
500,-0.7,3,40,10,-0.03774603622558803,-0.0065578391706233585,-33.682123095139055,-0.03772744624673463,18.75,48
252,-0.8,20,20,20,-0.05204215377346455,-0.0090973529379208,-33.70405986114552,-0.05252118967371877,15.254237288135593,59
1000,-0.7,20,40,10,-0.029049806428470992,-0.00502833071547415,-33.71717920968621,-0.030497817797704108,18.91891891891892,37
252,-0.1,26,40,10,-0.1113579818886663,-0.019985651234991075,-33.72372482709252,-0.11462526795067907,13.768115942028986,138
252,-0.6,52,52,10,-0.05431165157063267,-0.009503414699712942,-33.72648074016044,-0.056910154791810275,18.30985915492958,71
1000,-0.4,20,26,10,-0.09231419665155871,-0.01642587315010091,-33.73608101111769,-0.09189860692271945,18.681318681318682,91
500,-0.1,6,52,5,-0.07996454560276534,-0.014150360310896337,-33.7367646877733,-0.08467094677122677,14.130434782608695,92
252,-0.2,3,65,10,-0.0672782114764946,-0.01183902648966706,-33.75465340226606,-0.0671178096450662,12.359550561797752,89
500,-0.7,20,26,20,-0.059909283206511676,-0.010508415286166528,-33.75730710843923,-0.058576497816042905,15.492957746478872,71
252,-0.2,10,52,10,-0.07978045387252031,-0.014116632095904635,-33.75761552273452,-0.08025119442683737,13.333333333333334,105
1000,-0.7,26,52,10,-0.022607453167570735,-0.00390254423655767,-33.759281791805435,-0.02324066209099218,13.333333333333334,30
1000,-0.6,26,26,20,-0.056107020649160066,-0.009825217396335684,-33.80176770671533,-0.055145305939381606,21.21212121212121,66
1000,-0.1,3,40,20,-0.08288584943818145,-0.01468633482902193,-33.80469033451508,-0.08181239261385376,13.333333333333334,90
500,-0.8,26,26,10,-0.04170244226845743,-0.0072574944115986195,-33.82696136035546,-0.041881634798657696,18.6046511627907,43
252,-0.8,6,26,10,-0.04744060850621945,-0.008276505373320586,-33.855835136730924,-0.047249710511993004,12.5,48
252,-0.7,3,40,10,-0.053071417169935575,-0.009281410221628983,-33.857707770425684,-0.05333149190608155,18.181818181818183,66
1000,-0.8,52,52,5,-0.015768170952943916,-0.0027141071778059578,-33.8646113848862,-0.01513992010570031,10.0,20
252,-0.7,6,52,10,-0.0442425273819812,-0.0077079491344625994,-33.88016522987086,-0.04902451514413653,10.526315789473683,57
1000,-0.7,20,26,20,-0.04446285892490509,-0.007747069145172314,-33.8902619877191,-0.04437996351249418,17.647058823529413,51
500,-0.1,3,40,10,-0.09976941318832977,-0.01781200406155148,-33.90172385792181,-0.10139034403394975,15.517241379310345,116
1000,-0.6,10,40,5,-0.04308542996155107,-0.007502628366495401,-33.91415063890428,-0.04273678057285102,14.893617021276595,47
500,-0.5,40,52,5,-0.05074861375881912,-0.00886627137263285,-33.94217488287818,-0.05138524891307361,18.0327868852459,61
500,-0.8,3,52,20,-0.01583372632832314,-0.002725465954073192,-33.997606844618375,-0.01539363629256607,19.230769230769234,26
500,-0.3,40,40,20,-0.07373241060996527,-0.013011643145294682,-34.0054204198235,-0.0737861431294361,16.129032258064516,93
1000,-0.3,52,40,20,-0.06199621267776256,-0.01088437305863299,-34.010965647688856,-0.06249038148400188,13.88888888888889,72
1000,-0.2,40,40,10,-0.07421244449223963,-0.013099127368844221,-34.01528016177472,-0.07362231786084306,18.51851851851852,81
252,-0.4,26,40,10,-0.09289915334690668,-0.016534290874230195,-34.02000234055283,-0.09214350357185597,15.887850467289718,107
500,-0.1,10,65,10,-0.06301940720134469,-0.011068953680928084,-34.02093302838097,-0.06494598233863091,12.82051282051282,78
252,-0.8,13,40,5,-0.035075443640199655,-0.0060869155830088895,-34.026593362224375,-0.03501985209514402,17.94871794871795,39
500,-0.3,20,65,10,-0.04417920112471374,-0.007696706898921879,-34.04624502508192,-0.047587341433185104,15.625,64
1000,-0.5,20,52,10,-0.036894008920929866,-0.006407477885368662,-34.06566395102204,-0.036587518135626884,12.76595744680851,47
1000,-0.5,40,40,5,-0.06100283290012232,-0.010705330530944357,-34.079668996862985,-0.059431466687520085,14.285714285714285,56
500,-0.8,6,65,5,-0.012192124643712221,-0.0020954340151340123,-34.08855801776954,-0.01201797635086288,26.08695652173913,23
500,-0.3,13,52,20,-0.059648273815252506,-0.010461443456595387,-34.12208118086929,-0.06356128892783552,12.0,75
500,-0.1,20,52,5,-0.08567754334690614,-0.015199853840461852,-34.12275126189884,-0.0909915890644829,11.956521739130435,92
252,-0.2,6,52,10,-0.08083620333628283,-0.014310136367202353,-34.1293885274173,-0.08176452101832576,12.380952380952381,105
500,-0.5,20,52,5,-0.05417481987621231,-0.009478909706832184,-34.15678501679698,-0.05315518951609777,14.754098360655737,61
500,-0.6,40,52,5,-0.038396478848420235,-0.00667270016270205,-34.16871558688154,-0.037372602582878556,16.0,50
252,-0.6,40,52,10,-0.052843938706313875,-0.009240717277852362,-34.18536635069628,-0.05385381962993019,18.30985915492958,71
1000,-0.1,13,65,5,-0.043186837913068876,-0.00752061443577845,-34.18664411649906,-0.041730376942242464,14.035087719298245,57
252,-0.5,3,40,10,-0.0858628721813921,-0.015233990198098346,-34.19209013739238,-0.08811322887640116,15.151515151515152,99
500,-0.8,13,20,20,-0.048897678653093135,-0.008536068802845076,-34.19350484746508,-0.04935259360643851,25.49019607843137,51
252,-0.6,20,65,10,-0.04095417485568564,-0.007124986586248494,-34.20462730741697,-0.044055052028297625,21.311475409836063,61
252,-0.6,40,65,10,-0.040514825406142596,-0.007047223796386448,-34.20745757324181,-0.04299355387459192,16.39344262295082,61
500,-0.3,20,52,20,-0.060592362877673556,-0.010631395011103884,-34.218287067720475,-0.06429282777083611,16.0,75
1000,-0.5,10,52,5,-0.04093290358458579,-0.007121220990902399,-34.21944242526153,-0.04013740343829886,19.148936170212767,47
1000,-0.3,26,40,20,-0.06811095716573679,-0.011989943336683462,-34.23313927736453,-0.0690595009724384,15.277777777777779,72
1000,-0.1,20,52,10,-0.05679769264866852,-0.009949148892541948,-34.24528619563694,-0.057488662664858525,22.058823529411764,68
1000,-0.5,6,52,20,-0.04198449965968576,-0.007307465140857561,-34.26270086908156,-0.043472625782813634,10.638297872340425,47
252,-0.7,3,65,5,-0.03391869743127329,-0.005883274024388596,-34.26841410516325,-0.034327374861597426,14.893617021276595,47
500,-0.7,6,52,5,-0.025813486943604302,-0.0044620198281135615,-34.27606908616693,-0.025561312641118716,19.047619047619047,42
252,-0.5,6,40,10,-0.0849332272835912,-0.015062813449278178,-34.28708828020385,-0.08776293649886935,22.22222222222222,99
252,-0.8,52,52,10,-0.025557152736995437,-0.004417231598147442,-34.3015201627922,-0.02498988049434636,18.75,32
1000,-0.5,26,52,5,-0.04779690082132537,-0.008339945101416224,-34.34226203735703,-0.04640196172953781,12.76595744680851,47
500,-0.6,20,52,5,-0.037737644146918936,-0.006556357642734989,-34.347349925210736,-0.03706030690775275,20.0,50
1000,-0.3,52,52,5,-0.045693781261979094,-0.007965757905784354,-34.35426348297196,-0.04530317497540293,17.543859649122805,57
252,-0.3,26,40,10,-0.10011816733765266,-0.01787707977929265,-34.356324085319145,-0.0990740215906265,15.384615384615385,117
252,-0.7,20,52,20,-0.039025666373243784,-0.006783869040857926,-34.36295676863036,-0.041231249837550554,17.543859649122805,57
252,-0.2,3,52,5,-0.08397000808080501,-0.014885606622416003,-34.41682970372543,-0.08465323740926345,13.333333333333334,105
252,-0.1,10,65,10,-0.07453619215205887,-0.013158150299369953,-34.429300049105414,-0.0763982990405,11.827956989247312,93
1000,-0.2,26,40,20,-0.0717096070686073,-0.012643407805454143,-34.44606663276531,-0.07098990694998386,11.11111111111111,81
252,-0.7,52,65,10,-0.03165027227919637,-0.005484511034209438,-34.447241784145746,-0.033197350916082446,14.893617021276595,47
1000,-0.7,13,40,5,-0.032982211567290864,-0.005718556626304938,-34.4757879102816,-0.03185127524991305,13.513513513513514,37
1000,-0.7,40,26,20,-0.047214138546620044,-0.008236191426058248,-34.47674752954042,-0.04755208107058606,17.647058823529413,51
500,-0.7,13,40,10,-0.036411030912249176,-0.00632229343869839,-34.49205681836989,-0.03574665901279761,18.75,48
1000,-0.6,52,26,20,-0.06231181599329061,-0.01094128895519042,-34.49767114967464,-0.0612532464445914,16.666666666666664,66
1000,-0.4,20,26,20,-0.0854421507786095,-0.015156504339612131,-34.61119981808505,-0.08607874726568976,16.483516483516482,91
252,-0.1,26,52,10,-0.08194849193423914,-0.014514202900395734,-34.64713920181479,-0.0815054900759421,16.964285714285715,112
252,-0.2,26,40,10,-0.10586226983224312,-0.0189519191186468,-34.684998719346545,-0.10654447197579264,14.393939393939394,132
1000,-0.5,6,65,5,-0.032476356190390576,-0.005629637319177427,-34.70644408823552,-0.03186855937300137,21.052631578947366,38
1000,-0.2,13,65,10,-0.04114363382093844,-0.00715852904731884,-34.70782410662703,-0.04201700029928468,15.09433962264151,53
252,-0.4,26,65,5,-0.0583915965039572,-0.010235440196910695,-34.71100976947058,-0.059559186770339,15.068493150684931,73
500,-0.3,3,52,20,-0.056884283734450536,-0.009964691766872646,-34.71931097030564,-0.06005855836021712,18.666666666666668,75
252,-0.7,20,65,10,-0.03145818932563793,-0.0054507806403292225,-34.75573858114635,-0.03389965544129314,21.27659574468085,47
1000,-0.6,20,52,10,-0.028117079726675653,-0.004864956209972515,-34.76426888828246,-0.02836929629052032,13.513513513513514,37
1000,-0.5,26,40,5,-0.06124485738435925,-0.010748937516901869,-34.766090600988704,-0.06024728377253985,14.285714285714285,56
500,-0.1,6,40,10,-0.10371123388342052,-0.018548747577113,-34.77231081890724,-0.10544121058618672,12.931034482758621,116
500,-0.2,13,52,10,-0.06713711714922121,-0.011813467312072556,-34.774117540099475,-0.07130217890666823,9.63855421686747,83
500,-0.7,52,65,10,-0.02083993609499757,-0.0035947502733507664,-34.77540336723506,-0.020743983088397533,16.666666666666664,36
1000,-0.1,52,65,5,-0.0475990288882302,-0.008304710529691173,-34.776652373413825,-0.046225593711825885,12.280701754385964,57
500,-0.1,52,52,10,-0.071906547640473,-0.012679230028979194,-34.782265266827594,-0.07291529622481352,14.130434782608695,92
252,-0.1,6,52,20,-0.08686727149759044,-0.01541909384037754,-34.808018324125236,-0.08653973193321585,14.285714285714285,112
1000,-0.6,13,40,20,-0.04096988555885761,-0.007127767853812306,-34.823628061987556,-0.0401736506831295,14.893617021276595,47
1000,-0.1,52,40,10,-0.07912392648281719,-0.013996392497519383,-34.82394454997856,-0.07843765096005428,16.666666666666664,90
500,-0.4,52,40,10,-0.07317380438056387,-0.012909886735412712,-34.8625384751454,-0.07286921892880815,14.285714285714285,84
500,-0.3,40,65,10,-0.04723386216765191,-0.008239702114619774,-34.86292043097242,-0.049163004951705114,14.0625,64
500,-0.6,20,65,5,-0.030115178893366457,-0.005215098434776966,-34.86486499135327,-0.029974038097907107,20.930232558139537,43
500,-0.8,13,40,20,-0.024371683498125796,-0.004210226342620915,-34.88115806346104,-0.025648833666329196,12.121212121212121,33
252,-0.6,26,65,10,-0.04159255569499909,-0.007238029644926813,-34.8857144291763,-0.04309834210031982,14.754098360655737,61
500,-0.2,10,40,20,-0.08134054289066717,-0.014402639870801925,-34.89527057420193,-0.08276116511542486,18.69158878504673,107
500,-0.2,3,65,10,-0.04902467402828714,-0.008558707456605363,-34.90855421320174,-0.050466871333974206,17.142857142857142,70
1000,-0.4,52,40,10,-0.05663632634197113,-0.009920187216805654,-34.91026645102911,-0.058551690108012644,10.0,60
500,-0.7,40,65,5,-0.02597233126035825,-0.004489778950502843,-34.92286752327164,-0.025287377491727492,11.11111111111111,36
1000,-0.2,6,52,5,-0.05631556927983339,-0.009862630626168656,-34.93194274844402,-0.055716998681977103,17.46031746031746,63
500,-0.1,26,65,10,-0.05989896989344734,-0.010506559074305644,-34.970388985301966,-0.06230164260795734,17.94871794871795,78
1000,-0.4,3,26,20,-0.08809642540046125,-0.015645847961413883,-34.97043717945664,-0.08827657012380263,17.582417582417584,91
252,-0.8,10,40,5,-0.03501371943636333,-0.006076044119632695,-34.97420819844466,-0.03362677218528265,15.384615384615385,39
252,-0.4,40,40,20,-0.09047793264358983,-0.01608591005658344,-34.97482344594896,-0.0906654727803845,13.084112149532709,107
252,-0.8,20,65,5,-0.022143680495400386,-0.003821738622068138,-34.98192159506756,-0.022326684554653142,12.5,32
252,-0.8,20,52,5,-0.025147394491499053,-0.004345656493407013,-34.99067585584656,-0.026310606020012117,12.5,32
252,-0.5,26,52,5,-0.07238652718395966,-0.012766561622889583,-34.99498849014407,-0.0750687876972772,16.25,80
252,-0.2,52,65,10,-0.06382091786303401,-0.011213660080283905,-35.01392395689529,-0.06360571396480941,15.730337078651685,89
252,-0.5,20,40,10,-0.0854644978803254,-0.015160619347009296,-35.03651189204172,-0.08706848373064324,13.131313131313133,99
1000,-0.4,10,52,5,-0.03759862779969003,-0.006531817415346586,-35.06056132900392,-0.03746004306328521,14.000000000000002,50
500,-0.6,6,52,5,-0.036715643701545564,-0.0063760148917346715,-35.08093553715314,-0.03761715353808981,16.0,50
1000,-0.7,20,52,20,-0.02292582279396671,-0.003958033895658408,-35.084432254223856,-0.024673316313742255,6.666666666666667,30
252,-0.3,40,40,20,-0.0958914096593344,-0.01708979338425831,-35.095130873426946,-0.09528446035111182,14.529914529914532,117
252,-0.8,10,26,10,-0.04282079564582386,-0.00745569933882706,-35.11645017531805,-0.04123463103920233,18.75,48
1000,-0.3,26,65,10,-0.03543992522802919,-0.0061511233590296754,-35.14716719901089,-0.03462407510200449,14.893617021276595,47
500,-0.4,6,52,5,-0.05895082454300815,-0.010335981943648487,-35.15088791771372,-0.05859143004713718,18.84057971014493,69
500,-0.4,3,40,20,-0.07643615411547233,-0.013504880664519048,-35.1855173880211,-0.07490596310176023,11.904761904761903,84
500,-0.2,26,40,20,-0.08377500088385592,-0.014849749265975931,-35.20442524235536,-0.08494779229431648,13.084112149532709,107
500,-0.6,3,65,10,-0.03216457681611362,-0.0055748519060996315,-35.221437081982444,-0.03266179029853322,18.6046511627907,43
1000,-0.1,26,52,10,-0.06153051422672018,-0.010800417996947864,-35.22584017978614,-0.06341593475115803,22.058823529411764,68
1000,-0.2,52,52,10,-0.04847365974079543,-0.008460499808665811,-35.22819822615621,-0.04826421091040478,19.047619047619047,63
1000,-0.1,6,65,10,-0.045349849925676256,-0.007904630668993606,-35.23509608569767,-0.04726973828498593,14.035087719298245,57
252,-0.2,3,40,10,-0.1044949661412291,-0.018695550581489306,-35.236506669840104,-0.10510039061151755,15.151515151515152,132
252,-0.3,52,52,10,-0.0826361064292398,-0.014640458948577018,-35.25870219678792,-0.08225106220846001,14.893617021276595,94
1000,-0.3,13,52,10,-0.04862247245656659,-0.008487018151368098,-35.28514825954881,-0.04766449202008405,14.035087719298245,57
252,-0.6,20,52,10,-0.05815897754664867,-0.010193632986817858,-35.32501221274636,-0.06060574659202178,18.30985915492958,71
500,-0.5,20,40,20,-0.06696235077738422,-0.011781812900729993,-35.33802451048526,-0.06756486980403487,10.526315789473683,76
500,-0.1,40,40,20,-0.08810793834153874,-0.0156479730644431,-35.36702751130128,-0.08856159995981705,13.793103448275861,116
252,-0.4,6,65,5,-0.06224005220115636,-0.010928345679310003,-35.3765495051389,-0.06564303726858522,19.17808219178082,73
500,-0.2,20,65,10,-0.048677884077891864,-0.008496893349887569,-35.386346101854556,-0.05099137387844033,15.714285714285714,70
1000,-0.5,52,40,20,-0.04965921214271196,-0.008671860070708082,-35.39147895997841,-0.05111103197597744,10.714285714285714,56
252,-0.8,20,40,5,-0.03253275476916828,-0.005639549157621659,-35.39741636549762,-0.0322567071844333,17.94871794871795,39
252,-0.8,52,40,20,-0.029160349240916927,-0.005047701791427217,-35.434530622896,-0.029301413511616636,17.94871794871795,39
252,-0.2,6,65,10,-0.06839390591206673,-0.012041247023388935,-35.44026740078038,-0.06861274880804358,7.865168539325842,89
500,-0.2,3,40,20,-0.08251622779522416,-0.014618441838054608,-35.44031261682297,-0.08255340584654469,15.887850467289718,107
252,-0.8,13,20,20,-0.05252949742854962,-0.00918448115365511,-35.44482992705728,-0.05330737860423895,13.559322033898304,59
252,-0.6,6,52,10,-0.057254020054372745,-0.0100310717863904,-35.44573308745571,-0.06010832892770368,15.492957746478872,71
1000,-0.5,52,26,20,-0.07229818439911051,-0.012750484966581488,-35.486577174105655,-0.07471816878553916,16.049382716049383,81
1000,-0.6,3,40,10,-0.04153882501002648,-0.0072285127293798546,-35.49731783682371,-0.040958394052421965,17.02127659574468,47
1000,-0.1,3,52,20,-0.056413149612149716,-0.009880138707118236,-35.53366790428115,-0.056549014801820174,16.176470588235293,68
252,-0.3,3,65,5,-0.07006883645783879,-0.012345206827126809,-35.53675117343627,-0.07043294738458705,12.345679012345679,81
1000,-0.2,26,65,5,-0.041344259860579435,-0.007194054555453411,-35.55273581060569,-0.04054745030144702,15.09433962264151,53
252,-0.1,3,52,20,-0.08442434642127628,-0.014969173589034823,-35.55288852839512,-0.08465361427653284,12.5,112
1000,-0.7,40,65,5,-0.02047640688833119,-0.0035315027132826193,-35.556944776303794,-0.02099592487936952,15.384615384615385,26
1000,-0.4,10,52,10,-0.04161455202720987,-0.007241925818819883,-35.557802157531725,-0.04193144092160361,18.0,50
500,-0.1,26,40,20,-0.08891816852900758,-0.01579758436736256,-35.563709403476075,-0.09057337370481244,15.517241379310345,116
1000,-0.4,13,65,10,-0.031049833544087857,-0.0053790904543082885,-35.61441059783063,-0.03081189100862014,17.073170731707318,41
1000,-0.2,10,65,10,-0.040644730491968484,-0.0070702133124792566,-35.628828763831606,-0.041349907680164444,15.09433962264151,53
1000,-0.1,26,40,10,-0.08621752771557334,-0.015299331422813367,-35.63547927276976,-0.08578521378293757,16.666666666666664,90
1000,-0.2,26,52,5,-0.0554166398321414,-0.009701413255800206,-35.6617435192701,-0.054576228808409954,19.047619047619047,63
252,-0.8,26,40,10,-0.02880625199856346,-0.004985657671739863,-35.699314385312995,-0.029196945948116504,15.384615384615385,39
252,-0.3,6,40,10,-0.1027234925416376,-0.018363882578192214,-35.69989687551973,-0.10315048181699304,17.094017094017094,117
1000,-0.4,52,26,20,-0.08660429890699717,-0.015370613559801183,-35.705418606555696,-0.08719671194253598,12.087912087912088,91
500,-0.3,20,40,20,-0.07745810492337901,-0.01369162449655048,-35.72150184390845,-0.07951648252130472,11.827956989247312,93
1000,-0.4,3,65,10,-0.03630391738335914,-0.006303406262986533,-35.72562321277015,-0.03525261100563759,12.195121951219512,41
252,-0.4,13,40,10,-0.09443666545518525,-0.01681953486279686,-35.735399474281316,-0.09487916315683065,21.49532710280374,107
252,-0.3,10,65,5,-0.06367146204624352,-0.011186669228715584,-35.74125411890063,-0.0643641425366801,17.28395061728395,81
252,-0.3,6,65,5,-0.0729377506122797,-0.01286690216682207,-35.74337301742184,-0.07324205562794384,11.11111111111111,81
252,-0.2,13,52,10,-0.08565094529383399,-0.01519495512397262,-35.76398878857584,-0.0856665825331665,14.285714285714285,105
252,-0.6,10,40,20,-0.07651076944817137,-0.013518509527253086,-35.76703686931603,-0.08146164581005066,9.30232558139535,86
500,-0.5,13,52,5,-0.05213680225631945,-0.009114271465766599,-35.77654601326101,-0.051848590283415597,21.311475409836063,61
252,-0.4,10,65,5,-0.06433373497016126,-0.011306299032795564,-35.77927720053196,-0.06553886823201405,15.068493150684931,73
252,-0.7,3,52,10,-0.03923301308316918,-0.006820517603449927,-35.8115825349945,-0.04059811523199941,15.789473684210526,57
500,-0.2,3,52,10,-0.06605655824949863,-0.011617830706624366,-35.816642516657694,-0.06655262337865331,16.867469879518072,83
500,-0.2,52,65,10,-0.04872185418527042,-0.008504729834931779,-35.853160047162305,-0.049716440455170985,12.857142857142856,70
500,-0.1,20,40,20,-0.09004575038207019,-0.016005979225133027,-35.90560248059495,-0.09325547754313612,16.379310344827587,116
1000,-0.1,10,65,5,-0.044059399038110736,-0.007675440265133893,-35.909557280160726,-0.042643237613957385,15.789473684210526,57
252,-0.6,10,52,10,-0.057929153892648744,-0.010152336565321107,-35.91133971377748,-0.06076212150790139,19.718309859154928,71
252,-0.8,13,65,5,-0.02374872667496386,-0.004101529914088187,-35.92228771555434,-0.0244105200308824,9.375,32
500,-0.2,6,40,20,-0.08334676847002576,-0.014771029330989949,-35.926636233491806,-0.08360976624048932,14.018691588785046,107
252,-0.4,10,40,10,-0.09397146245415211,-0.016733186633333674,-35.9377791101136,-0.09524558093206026,21.49532710280374,107
500,-0.2,10,52,10,-0.07166039859133833,-0.0126344580836798,-35.97911223914788,-0.07356898022771052,10.843373493975903,83
500,-0.2,6,65,10,-0.0511455863465089,-0.008937159875522238,-35.981708054168365,-0.05274252267410551,12.857142857142856,70
500,-0.2,40,52,10,-0.06797794009040958,-0.011965829415506612,-35.994488702403714,-0.06863232735503022,15.66265060240964,83
500,-0.1,13,52,10,-0.0795469679473414,-0.014073862209385224,-36.00843391244063,-0.08415753421893413,11.956521739130435,92
500,-0.1,26,52,5,-0.08668100966432035,-0.015384754366821851,-36.041363865367586,-0.08975698150650946,15.217391304347828,92
500,-0.8,40,40,20,-0.02289529295192272,-0.003952712102263778,-36.04297709698037,-0.02283330329435307,18.181818181818183,33
1000,-0.1,52,52,10,-0.054364610062855756,-0.009512899749473003,-36.0510786133851,-0.054509438436152524,16.176470588235293,68
1000,-0.7,13,52,20,-0.02368049940395278,-0.0040896287937054465,-36.075012537017415,-0.024583557101727882,16.666666666666664,30
1000,-0.3,6,65,10,-0.03775601199349099,-0.006559600295116486,-36.098325589884375,-0.03670059295720185,10.638297872340425,47
1000,-0.6,3,40,20,-0.03863830013604963,-0.00671541955898014,-36.09901077464652,-0.03812901910259037,17.02127659574468,47
1000,-0.4,10,65,10,-0.03711366809725758,-0.0064462316250339935,-36.099393898262434,-0.03641744595289209,7.317073170731707,41
1000,-0.2,20,40,20,-0.07465638101741234,-0.01318006647188219,-36.11095296524897,-0.07407869687952917,9.876543209876543,81
1000,-0.8,10,52,10,-0.013337435903574946,-0.00229337596693846,-36.12441161593745,-0.013007127700374155,20.0,20
252,-0.8,6,52,5,-0.02614441397488143,-0.004519855808116535,-36.13728835248477,-0.02761052794503771,15.625,32
252,-0.3,20,40,10,-0.10398656708271059,-0.018600308851659753,-36.17283009789984,-0.10294767983363973,13.675213675213676,117
500,-0.8,52,52,10,-0.012785705970182915,-0.0021979977744099877,-36.1782411785387,-0.013047066698472332,15.384615384615385,26
252,-0.4,6,40,10,-0.09545160339190906,-0.017008049346237897,-36.18201349352497,-0.0974328491413966,18.69158878504673,107
252,-0.4,20,40,10,-0.09647541356367706,-0.017198389498656486,-36.20520580663302,-0.09713800828693153,12.149532710280374,107
252,-0.5,26,65,10,-0.0514275445304595,-0.008987524869996877,-36.232745337669776,-0.053721851243510144,16.417910447761194,67
1000,-0.2,3,52,10,-0.05480669626700907,-0.00959209610906031,-36.233083796392705,-0.054682364504773595,14.285714285714285,63
252,-0.3,6,52,10,-0.07573419778948454,-0.013376709507003093,-36.24141514157816,-0.07551902751574457,14.893617021276595,94
1000,-0.5,13,52,20,-0.03935763449669072,-0.006842547612097349,-36.29569855291093,-0.03974209423906927,10.638297872340425,47
1000,-0.6,20,40,20,-0.03912274525539572,-0.006801026931886667,-36.31676991957161,-0.03947396731681685,14.893617021276595,47
1000,-0.8,52,40,20,-0.01971647629472628,-0.003399351254401717,-36.332642825214656,-0.019473784213239975,17.391304347826086,23
252,-0.6,3,40,20,-0.07028931834994356,-0.012385252810451997,-36.350979070740955,-0.07332438320741363,17.441860465116278,86
1000,-0.5,13,65,10,-0.028583446295104453,-0.004946627770840761,-36.35194951265788,-0.028036423340960792,13.157894736842104,38
1000,-0.6,6,40,20,-0.04365046258282823,-0.007602864663881159,-36.36068877591395,-0.04318754975174355,17.02127659574468,47
500,-0.8,3,65,5,-0.017242061313769486,-0.0029696396882663567,-36.36889078748533,-0.01673644489144488,17.391304347826086,23
500,-0.7,10,40,20,-0.03765565688951533,-0.006541884270346743,-36.37132276381996,-0.03720552441479541,14.583333333333334,48
1000,-0.7,26,40,10,-0.029961610853423637,-0.005188166327309673,-36.372165216790684,-0.030157932398258813,10.81081081081081,37
500,-0.3,6,52,20,-0.057210268228638395,-0.010023215746549852,-36.387028182091264,-0.05921570172712165,12.0,75
252,-0.4,40,52,10,-0.06832568005097661,-0.01202887526837737,-36.40830950743603,-0.06866573735419923,16.470588235294116,85
500,-0.1,10,52,5,-0.08447654970897522,-0.014978777600765603,-36.412550774625075,-0.08730044673284731,14.130434782608695,92
252,-0.3,3,40,20,-0.10037663279488374,-0.01792532158538951,-36.43255195309386,-0.09996456548679478,17.094017094017094,117
500,-0.4,26,52,10,-0.05576431355765343,-0.009763751272997778,-36.437618701139684,-0.056156773159604656,13.043478260869565,69
252,-0.6,52,65,10,-0.04368566451535294,-0.0076091110806632,-36.448656052006534,-0.04569994538468536,13.114754098360656,61
252,-0.8,3,26,10,-0.046394209331912184,-0.008090302130057014,-36.45384307503282,-0.04630927609472446,10.416666666666668,48
500,-0.6,13,52,5,-0.039660677332407746,-0.0068961280381102386,-36.45613039576362,-0.03936867180724124,16.0,50
500,-0.7,3,65,20,-0.025172080456101087,-0.004349967843325975,-36.45675740188953,-0.027270383692171385,8.333333333333332,36
1000,-0.4,26,65,5,-0.03571421363588989,-0.006199455796270015,-36.46132200248276,-0.03412925374419218,12.195121951219512,41
1000,-0.1,26,65,5,-0.04430586163947059,-0.00771919340791849,-36.48378628923493,-0.043547841456213265,14.035087719298245,57
1000,-0.5,40,40,10,-0.058474561353375254,-0.010250353043167904,-36.484654776903206,-0.05861603520588299,12.5,56
500,-0.4,20,40,10,-0.07711013899707342,-0.013628020496378124,-36.49157737246614,-0.07600091666534359,13.095238095238097,84
500,-0.2,13,40,20,-0.07895068990961751,-0.013964676964613898,-36.49293900744856,-0.08131883648049498,14.953271028037381,107
252,-0.7,40,40,20,-0.04880692864697367,-0.008519892914466198,-36.54480002349583,-0.04980764112856051,15.151515151515152,66
1000,-0.4,26,26,10,-0.09050370123577367,-0.016090676876092447,-36.57105033254778,-0.08987034153046203,14.285714285714285,91
500,-0.1,52,40,20,-0.09023767672893712,-0.016041471549919417,-36.57346855680287,-0.09055552632747133,13.793103448275861,116
1000,-0.4,6,65,10,-0.03928958237830593,-0.006830517373433653,-36.575040669688384,-0.038214505939044296,9.75609756097561,41
252,-0.8,40,65,10,-0.021392671590765744,-0.0036909536439457824,-36.57680735347863,-0.021414384207159798,12.5,32
1000,-0.4,26,26,20,-0.08697660524545814,-0.015439253456928759,-36.57918020400987,-0.08794814591519107,13.186813186813188,91
1000,-0.2,40,52,5,-0.053999880500994135,-0.009447584344036253,-36.58000376980588,-0.05353458036854908,15.873015873015872,63
1000,-0.3,40,52,5,-0.05060613306827311,-0.00884083419136894,-36.58201926559055,-0.05052712082295652,17.543859649122805,57
1000,-0.1,10,52,10,-0.06273676477245493,-0.011017949303263275,-36.66808929754162,-0.06142114122110298,16.176470588235293,68
252,-0.5,3,40,20,-0.08324056091260812,-0.0147515104174325,-36.68492707287971,-0.08507420556965062,14.14141414141414,99
500,-0.2,20,40,20,-0.08276963636956758,-0.01466498608907496,-36.69745162888476,-0.0855525834580868,14.953271028037381,107
500,-0.4,26,40,20,-0.07764426695167281,-0.013725660850430033,-36.69937275075535,-0.07634768737874476,10.714285714285714,84
1000,-0.7,52,40,5,-0.03710464861877705,-0.006444640204088747,-36.69938178007955,-0.03709457722189591,10.81081081081081,37
252,-0.2,20,40,10,-0.11489810631711272,-0.020654351326045983,-36.70039349349782,-0.11567664674793043,13.636363636363635,132
500,-0.5,26,52,10,-0.05156122668431451,-0.009011408283261635,-36.73303531171838,-0.05112186981018074,18.0327868852459,61
252,-0.4,13,65,5,-0.06381535906456004,-0.011212656129641618,-36.75465434506828,-0.0654448175099468,15.068493150684931,73
500,-0.4,40,52,10,-0.05865051713601355,-0.010281984519481036,-36.76275719800308,-0.05963433979980426,15.942028985507244,69
500,-0.7,13,65,5,-0.02359567037255994,-0.004074832731953415,-36.77438032165693,-0.022958461606058633,19.444444444444446,36
252,-0.8,6,40,5,-0.03201617046745364,-0.005548779300214912,-36.79172241442364,-0.031487767481221396,15.384615384615385,39
500,-0.3,26,65,10,-0.04816723097261022,-0.008405905200665087,-36.801567860697695,-0.05011043357508971,12.5,64
1000,-0.4,13,52,10,-0.04185708623591444,-0.007284890417238121,-36.806816508973725,-0.04209993487253216,16.0,50
500,-0.1,20,65,10,-0.06188289566133742,-0.010863941343122518,-36.8104735145726,-0.06396377760507599,17.94871794871795,78
252,-0.1,3,65,10,-0.07568276620915115,-0.013367321718274927,-36.84906112502568,-0.07552380972400718,8.60215053763441,93
500,-0.2,13,65,10,-0.04769564303752938,-0.008321913616992194,-36.85544889802434,-0.05101636936926812,12.857142857142856,70
500,-0.8,52,40,20,-0.024407727964390613,-0.004216517310840273,-36.88593213863209,-0.024481104952078447,18.181818181818183,33
500,-0.7,40,40,5,-0.03781192935925903,-0.006569472240687824,-36.889961273587446,-0.03685110322474605,20.833333333333336,48
252,-0.8,3,26,20,-0.04467243948999733,-0.0077842872528472995,-36.89072324843173,-0.045191406051325655,10.416666666666668,48
1000,-0.8,40,26,5,-0.03266498381275207,-0.005662789793701717,-36.91372050500235,-0.031872528392355215,17.24137931034483,29
252,-0.2,13,65,10,-0.06872895363074127,-0.012102013895898489,-36.91617003685829,-0.06824841582690533,12.359550561797752,89
252,-0.3,40,52,10,-0.07770652481662788,-0.013737044843764368,-36.92167709508603,-0.07807396382124154,18.085106382978726,94
252,-0.3,40,65,10,-0.06464133814292472,-0.01136188686926387,-36.92594001964412,-0.06500469853192825,13.580246913580247,81
1000,-0.1,6,52,10,-0.05857764162087142,-0.010268883132776851,-36.945208742058504,-0.05752128701930981,19.11764705882353,68
1000,-0.4,3,52,20,-0.0426196745681654,-0.007420040648564052,-36.949463856582106,-0.043227315560719126,16.0,50
500,-0.8,6,52,20,-0.018197679644716525,-0.0031354877435846307,-36.96586282909199,-0.019239460344699366,7.6923076923076925,26
1000,-0.8,40,52,5,-0.014248085868709626,-0.00245089783940311,-37.00982440240134,-0.013866931946581729,20.0,20
252,-0.8,26,20,20,-0.05616588939382716,-0.009835777643535493,-37.01172305195403,-0.055508531513794535,13.559322033898304,59
500,-0.1,13,40,20,-0.0956134269562986,-0.017038122647137444,-37.06477314835952,-0.09772325762506018,16.379310344827587,116
252,-0.4,6,52,10,-0.06926163615838021,-0.012198662685457773,-37.06953776292114,-0.07013859146571233,17.647058823529413,85
1000,-0.5,3,65,5,-0.03819673068391183,-0.006637419989418691,-37.089900935897674,-0.03758176174696559,13.157894736842104,38
252,-0.4,3,40,20,-0.08915959939965123,-0.01584218659248038,-37.099622704007125,-0.08991054214837801,14.018691588785046,107
500,-0.5,3,65,5,-0.03783769703560269,-0.0065740215617480224,-37.10034363309004,-0.03821559203593983,15.686274509803921,51
1000,-0.2,40,40,20,-0.07506970152922843,-0.013255452564783443,-37.12174917102648,-0.0746344560550466,12.345679012345679,81
252,-0.4,20,52,5,-0.07616375725271607,-0.01345513376627483,-37.14338434448935,-0.07683747862526158,10.588235294117647,85
1000,-0.6,40,52,20,-0.029775033009807328,-0.005155449856829031,-37.15351001228077,-0.031123883286922727,8.108108108108109,37
252,-0.7,26,65,10,-0.03213870366675198,-0.0055703061718270774,-37.16397384836063,-0.03323445290556448,12.76595744680851,47
1000,-0.4,52,65,5,-0.03203030641465787,-0.005551262615733132,-37.1730870925612,-0.03186939768245356,12.195121951219512,41
252,-0.2,26,65,10,-0.06630668851296972,-0.011663100421515638,-37.17534263422042,-0.06741116095486777,17.97752808988764,89
500,-0.3,52,40,20,-0.07488061041756411,-0.013220960513639524,-37.192292852571015,-0.07495117553474595,17.20430107526882,93
500,-0.1,10,40,20,-0.09684950068444576,-0.017267981954353306,-37.196476780684435,-0.0981265373232566,12.931034482758621,116
252,-0.8,3,40,10,-0.03075011677244066,-0.005326488668334739,-37.20853256645361,-0.030129871736934155,15.384615384615385,39
252,-0.1,20,65,5,-0.07621092637111448,-0.013463747228867007,-37.21271974212924,-0.07615321137206499,12.903225806451612,93
500,-0.5,52,65,10,-0.04272484462103632,-0.007438686484067092,-37.21556194269578,-0.04309731250273552,11.76470588235294,51
1000,-0.4,6,52,10,-0.04193988353031275,-0.00729955990733322,-37.21699155034215,-0.042029459429788196,14.000000000000002,50
252,-0.6,10,65,10,-0.04259784696368352,-0.007416170996195182,-37.22732330324733,-0.04567458947427194,13.114754098360656,61
500,-0.4,20,65,5,-0.04394375360832048,-0.007654913594821178,-37.228191201944774,-0.04311865714991525,16.071428571428573,56
1000,-0.1,20,40,20,-0.0809002626935107,-0.014321883489204601,-37.23999334199992,-0.08032647655776326,13.333333333333334,90
252,-0.2,40,65,10,-0.06512978802395897,-0.011450187170680692,-37.26059312403194,-0.06540348495814763,12.359550561797752,89
500,-0.5,6,65,5,-0.041206689758459314,-0.007169693904067187,-37.27602428266166,-0.042185838180632484,15.686274509803921,51
252,-0.8,40,26,20,-0.052223788483193534,-0.00912982159140463,-37.281915566701485,-0.051780233040433554,12.5,48
1000,-0.1,3,52,10,-0.059840398977232034,-0.010496017677298686,-37.287468676313416,-0.0594877447019978,13.23529411764706,68
500,-0.8,3,65,20,-0.015067715671336912,-0.0025927784666035514,-37.306495881831744,-0.014532804022923895,21.73913043478261,23
500,-0.3,52,65,10,-0.05088336948379246,-0.008890332322772254,-37.34110947906578,-0.05134351385085578,15.625,64
1000,-0.5,10,52,20,-0.041016272084811956,-0.007135979886163768,-37.382951690729485,-0.041085199782496584,17.02127659574468,47
500,-0.2,26,52,5,-0.07988348963279102,-0.01413550901869609,-37.389509831253655,-0.08296061761243612,15.66265060240964,83
500,-0.6,26,65,10,-0.028941611773103615,-0.00500937289144221,-37.39034476113417,-0.028772389215237504,13.953488372093023,43
252,-0.2,40,40,20,-0.10375602788933846,-0.018557135195375052,-37.39819639347785,-0.10472903427059188,13.636363636363635,132
1000,-0.5,3,65,10,-0.03769067133089987,-0.006548065313737972,-37.40120911699864,-0.0367176556797032,13.157894736842104,38
252,-0.2,10,40,10,-0.11577482772695524,-0.020820299202373604,-37.43046029472429,-0.11761425474712728,14.393939393939394,132
1000,-0.6,10,52,10,-0.03024355003196122,-0.00523761433003056,-37.43393760834373,-0.030382164546597812,13.513513513513514,37
252,-0.8,20,26,10,-0.05275224535851286,-0.009224316819471001,-37.4358353716498,-0.05125186502825019,12.5,48
252,-0.5,3,52,5,-0.07215091823929198,-0.012723688231270347,-37.464846901039216,-0.0743951416170553,16.25,80
252,-0.5,20,52,5,-0.07064139941886172,-0.012449217394213785,-37.49094698885007,-0.07306117343416207,13.750000000000002,80
252,-0.8,52,26,20,-0.053679690128150104,-0.009390262177689457,-37.49807982698209,-0.053271343581076325,12.5,48
252,-0.5,13,40,10,-0.08940889872142421,-0.015888252730934194,-37.51741803641725,-0.09127327520914053,13.131313131313133,99
252,-0.2,13,40,10,-0.1191040821834436,-0.021451713354114887,-37.519451572522705,-0.11957631739132724,14.393939393939394,132
500,-0.2,10,65,10,-0.05008077069867245,-0.008747068205196662,-37.520814809474054,-0.05159251789850372,11.428571428571429,70
500,-0.5,26,65,10,-0.03822397877160988,-0.006642232277874305,-37.528317842751896,-0.03906972557681465,13.725490196078432,51
1000,-0.3,20,52,5,-0.05726595130982315,-0.010033214204709817,-37.57724661428671,-0.056045258511116525,15.789473684210526,57
1000,-0.6,10,40,20,-0.04247170741620987,-0.007393810093878961,-37.57772717257824,-0.041636107125992194,17.02127659574468,47
1000,-0.2,10,52,10,-0.05613490382487263,-0.009830219188426859,-37.58206636152572,-0.055411988593461414,17.46031746031746,63
1000,-0.4,40,40,20,-0.0570394834951492,-0.009992552680269218,-37.59220333939692,-0.05808250041854646,10.0,60
1000,-0.8,52,26,5,-0.03849661811253613,-0.006690389373021466,-37.59479707891206,-0.03762726828237406,13.793103448275861,29
1000,-0.1,20,52,20,-0.0580227906766001,-0.010169160909985653,-37.608466642642405,-0.057643271884500136,16.176470588235293,68
1000,-0.3,6,52,10,-0.047937037986158226,-0.00836490265584755,-37.62554949368063,-0.04703535274262849,15.789473684210526,57
252,-0.7,13,40,10,-0.05440895831874226,-0.009520843014813929,-37.64004262682431,-0.0548974436154287,15.151515151515152,66
500,-0.5,52,40,10,-0.06580177391018849,-0.011571729007967657,-37.65000954633324,-0.06438646254127989,15.789473684210526,76
1000,-0.8,52,52,10,-0.01814504254339322,-0.003126349065656009,-37.65284343691371,-0.017640362105360574,15.0,20
500,-0.2,20,52,10,-0.07143358521458298,-0.01259321180680284,-37.67868571943778,-0.07435344965888091,12.048192771084338,83
1000,-0.1,40,52,20,-0.05635179280473368,-0.00986912975666454,-37.68156850814086,-0.05615836639657956,14.705882352941178,68
500,-0.2,26,65,10,-0.050222349474079664,-0.008772332766708524,-37.68383028025255,-0.0522413272150829,14.285714285714285,70
252,-0.1,6,65,10,-0.07680647240670024,-0.013572530126869431,-37.69387781409534,-0.0766071071745773,11.827956989247312,93
500,-0.2,26,52,10,-0.07809276879755822,-0.013807684680441246,-37.69828577946008,-0.0803406968239192,15.66265060240964,83
500,-0.4,52,65,10,-0.046455112127667286,-0.008101134935907028,-37.7145686173168,-0.04682612859299096,10.714285714285714,56
500,-0.1,3,65,10,-0.06081673023655931,-0.010671805647456956,-37.72140720190425,-0.06225553922184901,14.102564102564102,78
500,-0.4,3,65,5,-0.049717115577327387,-0.008682188691549464,-37.72894715478129,-0.05009034486496722,17.857142857142858,56
252,-0.3,6,65,10,-0.06923356582766549,-0.01219356851971476,-37.73341100195107,-0.06882336177840864,11.11111111111111,81
1000,-0.5,40,40,20,-0.05715999591835064,-0.01001418926730857,-37.734124689337925,-0.05766995917516082,10.714285714285714,56
1000,-0.5,20,52,20,-0.04029636889868948,-0.007008569007497023,-37.74600317193769,-0.04064043707623077,8.51063829787234,47
500,-0.5,40,40,20,-0.0643186674010724,-0.011303576519153369,-37.768262598057184,-0.06438866661921028,7.894736842105263,76
500,-0.5,40,52,10,-0.05377882717923055,-0.009408008495863207,-37.79663762931219,-0.05409426633019199,13.114754098360656,61
252,-0.1,26,65,10,-0.07370609829721053,-0.013006848919915104,-37.82828528005443,-0.07378216022929762,17.20430107526882,93
1000,-0.5,52,65,5,-0.03388550986381367,-0.0058774344402879874,-37.85178241980085,-0.03278410461149983,7.894736842105263,38
500,-0.3,52,52,10,-0.05951189711113847,-0.01043690510100237,-37.86528572072352,-0.061884606182333934,16.0,75
252,-0.3,13,40,10,-0.10703527537317792,-0.01917211601616664,-37.86853362876089,-0.10628690889445047,16.23931623931624,117
500,-0.6,10,52,5,-0.03966468665230005,-0.0068968370122586276,-37.89551946980403,-0.040557726757469936,16.0,50
252,-0.8,13,26,10,-0.045352533699257624,-0.007905107587893201,-37.92677812285541,-0.044288046346937615,16.666666666666664,48
252,-0.3,10,40,10,-0.10361697264036418,-0.01853109841922873,-37.92756203049709,-0.10373084519808984,17.094017094017094,117
1000,-0.1,20,65,5,-0.04762463502767533,-0.00830926981051805,-37.951001633310675,-0.04677202580762607,12.280701754385964,57
1000,-0.3,52,52,10,-0.045764545637956844,-0.007978337189593843,-37.95643656961334,-0.04507673343973562,17.543859649122805,57
1000,-0.3,20,65,10,-0.037763667118081434,-0.006560951742938359,-37.95785473885272,-0.03681595396935644,12.76595744680851,47
1000,-0.8,10,52,5,-0.014097295059354753,-0.002424806103971777,-37.96360396448576,-0.013736588293135732,25.0,20
252,-0.4,6,65,10,-0.05931768367950163,-0.010401965233662103,-38.04092445469379,-0.061645606970055056,19.17808219178082,73
500,-0.8,13,26,20,-0.04057077887450222,-0.007057125657081609,-38.0568931136697,-0.04206147230954338,13.953488372093023,43
252,-0.5,26,40,10,-0.08963745390271738,-0.01593049490378573,-38.05792804146546,-0.09080873108030696,11.11111111111111,99
500,-0.2,13,52,20,-0.06738613953746297,-0.011858579775898881,-38.07718077342496,-0.07052294555430882,9.63855421686747,83
252,-0.5,6,65,10,-0.05144700771399102,-0.008991001953815081,-38.119264686096,-0.054690762816720806,16.417910447761194,67
500,-0.1,10,52,10,-0.08146328353215848,-0.014425158730716592,-38.12957266366329,-0.0827899368352163,15.217391304347828,92
500,-0.7,3,52,10,-0.03336574476095233,-0.005785999833150646,-38.13303169823122,-0.03291171300575346,16.666666666666664,42
1000,-0.2,13,52,5,-0.06321581546500565,-0.011104404141827229,-38.19706964585279,-0.06209356326995619,19.047619047619047,63
1000,-0.3,10,65,10,-0.0378663232476788,-0.006579075679917112,-38.21026331064082,-0.03656108812950587,6.382978723404255,47
252,-0.5,20,65,10,-0.05272705987450388,-0.00921981232305158,-38.22245782298874,-0.0555086062701009,14.925373134328357,67
1000,-0.4,52,40,20,-0.0554360131381495,-0.009704886395683898,-38.25596683450596,-0.05714769304372935,10.0,60
252,-0.8,20,40,10,-0.029050553090942954,-0.005028461551456753,-38.27555978624544,-0.029351891539788455,15.384615384615385,39
1000,-0.8,6,52,10,-0.016090974799473634,-0.0027700454433274846,-38.28863479005179,-0.016146721764158767,25.0,20
252,-0.1,13,40,20,-0.11790226076165866,-0.021223552509030408,-38.29420375418786,-0.12130036412830991,13.043478260869565,138
252,-0.5,3,65,10,-0.04928709869971537,-0.00860549616684847,-38.304829907215996,-0.0526649581897467,14.925373134328357,67
1000,-0.1,40,40,20,-0.08163099342562241,-0.014455931998603067,-38.346117311503896,-0.08119883550582974,13.333333333333334,90
252,-0.7,10,40,10,-0.05557712814909632,-0.009730186501538562,-38.389080372462296,-0.05670413330037738,13.636363636363635,66
252,-0.1,13,65,10,-0.07586187387974241,-0.013400016052045438,-38.40486791527035,-0.0753696737981775,11.827956989247312,93
1000,-0.5,40,65,5,-0.03315704796864383,-0.005749298352861754,-38.553336895249046,-0.031525593416964925,13.157894736842104,38
252,-0.6,13,52,10,-0.06038443573051788,-0.010593952551595787,-38.577484863013034,-0.06215210029229423,15.492957746478872,71
500,-0.6,6,65,10,-0.035435919708753816,-0.0061504176297692,-38.58571559284363,-0.03581000950237134,13.953488372093023,43
500,-0.3,52,52,20,-0.05942145315151659,-0.010420633082970254,-38.60071001402381,-0.06135628750990718,12.0,75
1000,-0.1,26,40,20,-0.0865007318185046,-0.015351523637395226,-38.61544961265194,-0.08579249920435827,11.11111111111111,90
252,-0.4,26,40,20,-0.09151915907940089,-0.016278611194599724,-38.65982731257828,-0.09094674733649866,12.149532710280374,107
252,-0.8,10,65,5,-0.025919834397852726,-0.004480604352331663,-38.663249598771394,-0.02515301554963356,12.5,32
252,-0.4,3,52,10,-0.06470915055571658,-0.011374143480221921,-38.67013296890938,-0.0655207772015306,18.823529411764707,85
1000,-0.3,13,65,10,-0.03759520574321307,-0.006531213364860511,-38.694611405979956,-0.03647266682815831,12.76595744680851,47
500,-0.1,6,65,5,-0.07059849304418753,-0.012441421272666675,-38.699449332369035,-0.07316978376947525,7.6923076923076925,78
1000,-0.7,6,40,20,-0.03261679508368032,-0.00565431981605502,-38.721646433832355,-0.031898235568520894,18.91891891891892,37
1000,-0.6,13,52,10,-0.030628902301961913,-0.00530521875460177,-38.738488602677194,-0.030705954128108504,8.108108108108109,37
1000,-0.4,40,52,5,-0.04987161616453961,-0.00870975054265799,-38.73864638820527,-0.049837127012443694,18.0,50
252,-0.4,52,65,10,-0.05872819341785385,-0.010295949902363155,-38.74462977516265,-0.0594513379295315,15.068493150684931,73
252,-0.1,40,65,10,-0.0766746933532001,-0.013548454252269582,-38.751046115520964,-0.07703900967185462,13.978494623655912,93
252,-0.5,52,40,20,-0.08420021827233715,-0.014927945148848654,-38.75220931303013,-0.08567569130862296,13.131313131313133,99
252,-0.3,20,65,10,-0.06523824051562643,-0.011469798030306233,-38.75977408945753,-0.06506131226430134,14.814814814814813,81
252,-0.6,6,40,20,-0.07378369470500556,-0.013020987669665418,-38.75998271308601,-0.07764659335536683,13.953488372093023,86
252,-0.3,13,52,10,-0.07499935278519076,-0.0132426195893669,-38.77123895546214,-0.07589637493541768,17.02127659574468,94
252,-0.3,52,65,10,-0.06283287232815793,-0.011035291008321124,-38.777152524743876,-0.06295610347047442,14.814814814814813,81
1000,-0.7,20,40,20,-0.030611587875903123,-0.005302180713581461,-38.78005206001224,-0.031246714005773057,13.513513513513514,37
500,-0.1,40,52,10,-0.07607088439674936,-0.013438175497038962,-38.807138356347934,-0.07665000444849279,11.956521739130435,92
252,-0.5,40,40,20,-0.0850822549955903,-0.01509024441378326,-38.8190718023996,-0.08536133108961552,11.11111111111111,99
500,-0.4,6,65,5,-0.04669464018207792,-0.008143745456320461,-38.83573138883565,-0.047668184145040815,19.642857142857142,56
1000,-0.7,10,40,10,-0.031704165529964135,-0.005493975861470823,-38.845099140374295,-0.030733833945127298,21.62162162162162,37
252,-0.5,20,52,10,-0.06973281917676222,-0.01228419136192338,-38.855854246172655,-0.07214952102739491,13.750000000000002,80
1000,-0.1,40,65,5,-0.045134568061252045,-0.00786637771235743,-38.86439507283072,-0.04469375535486142,14.035087719298245,57
500,-0.1,13,65,20,-0.061428148988734055,-0.010781968454074864,-38.872992798492675,-0.0630005233805988,10.256410256410255,78
500,-0.1,26,52,10,-0.08378945349591016,-0.014852406553178654,-38.899805712193974,-0.08515090810350956,13.043478260869565,92
1000,-0.7,3,40,10,-0.03591704759896375,-0.0062352045566000935,-38.94461783069072,-0.03551902865825296,16.216216216216218,37
1000,-0.6,26,40,10,-0.03898069118434477,-0.006775920534545787,-38.96097574215031,-0.03856822233108148,17.02127659574468,47
252,-0.7,26,52,20,-0.04287067219241536,-0.007464543392665557,-38.96319816849979,-0.04407227561591853,14.035087719298245,57
252,-0.2,3,52,10,-0.08452338371990886,-0.014987394195216663,-38.970663183427455,-0.0864428156074678,12.380952380952381,105
1000,-0.7,13,40,10,-0.03219464344699885,-0.005580134532772951,-38.97336742831461,-0.03184560264264957,10.81081081081081,37
500,-0.4,20,52,10,-0.05936581694885512,-0.010410624067249019,-38.99603688982669,-0.05944258735236485,10.144927536231885,69
252,-0.1,52,40,20,-0.11193290263594835,-0.02009409860942135,-39.00055904483832,-0.11483771635239981,15.942028985507244,138
1000,-0.5,26,65,5,-0.038124474694863575,-0.006624659396623156,-39.01882782109916,-0.03654849191052645,5.263157894736842,38
500,-0.7,26,52,10,-0.033127368464115126,-0.005744079439740202,-39.0199772966416,-0.03231328374429865,14.285714285714285,42
1000,-0.2,20,52,5,-0.058537751217258016,-0.010261712086991115,-39.04879136984754,-0.057672935936586955,12.698412698412698,63
252,-0.5,6,52,20,-0.06499593971242734,-0.011425986726477433,-39.06892499881635,-0.06763568840328016,15.0,80
500,-0.1,6,40,20,-0.09877600273012854,-0.017626753300460152,-39.075663325744195,-0.09911282954281697,11.206896551724139,116
1000,-0.6,13,52,5,-0.033676442964045705,-0.005840651483278725,-39.077929107773585,-0.03292344831437022,10.81081081081081,37
252,-0.5,10,52,10,-0.066665842199787,-0.011728119277373494,-39.08718423598523,-0.06947253710408485,15.0,80
500,-0.8,13,52,10,-0.017108031945349933,-0.0029463895135728446,-39.11571598969048,-0.01822342600839788,7.6923076923076925,26
500,-0.7,3,52,5,-0.034759275274535595,-0.00603123503984293,-39.189045589428986,-0.03432870929808296,16.666666666666664,42
1000,-0.1,52,40,20,-0.08000915178977996,-0.014158533638815807,-39.196656649900035,-0.07956119906642434,13.333333333333334,90
252,-0.1,52,65,10,-0.07629352134185263,-0.013478830616887039,-39.23429633039643,-0.07655217988263163,13.978494623655912,93
1000,-0.5,20,65,5,-0.03424603906148049,-0.005940880980071395,-39.23610062004025,-0.03361495907618661,10.526315789473683,38
500,-0.5,52,52,10,-0.05086933146466477,-0.00888782566945634,-39.24640340853772,-0.050509991640874996,16.39344262295082,61
500,-0.8,20,52,20,-0.015515125177190892,-0.002670267832379669,-39.261046375569784,-0.01632597423466653,15.384615384615385,26
1000,-0.4,6,65,5,-0.04196521489237948,-0.007304048164486265,-39.27500652801373,-0.04086049777979117,7.317073170731707,41
252,-0.6,40,40,20,-0.06975688101228272,-0.01228856000628431,-39.311802474783605,-0.07089351772372998,17.441860465116278,86
1000,-0.4,40,65,10,-0.03402273650998744,-0.005901581504248243,-39.341991450053854,-0.03351655196141967,12.195121951219512,41
252,-0.4,40,65,10,-0.060151839140934915,-0.01055207588349194,-39.350081222150415,-0.06163278660858096,17.80821917808219,73
1000,-0.5,26,52,10,-0.046453234207019745,-0.008100800900802785,-39.3742689222922,-0.045679226113600424,10.638297872340425,47
252,-0.5,13,52,10,-0.06702078611811613,-0.011792396405391314,-39.40841056974673,-0.06877596595545221,13.750000000000002,80
1000,-0.5,40,52,20,-0.04332389805933634,-0.007544926414632891,-39.412701112137015,-0.04464032233759663,6.382978723404255,47
1000,-0.2,3,65,5,-0.052517112326939785,-0.009182266461846833,-39.43974818282202,-0.051732650340488684,16.9811320754717,53
252,-0.6,13,40,20,-0.07533221347814101,-0.01330334698046276,-39.4407435656588,-0.07857817051625338,12.790697674418606,86
252,-0.3,52,40,20,-0.09714672772999589,-0.01732329295702839,-39.518432953120445,-0.09658433635334562,15.384615384615385,117
500,-0.4,40,40,20,-0.07326692097556464,-0.012926845439080403,-39.53305401337969,-0.07328680577877367,8.333333333333332,84
1000,-0.4,6,52,20,-0.04187594925453719,-0.007288232352662627,-39.57597810157194,-0.04155091490154772,14.000000000000002,50
1000,-0.2,20,65,10,-0.03913063782099402,-0.006802421940868109,-39.58273176130887,-0.03930521818147581,16.9811320754717,53
1000,-0.2,52,52,20,-0.05199832790962655,-0.009089519487446074,-39.58867958305125,-0.051843683231483584,12.698412698412698,63
252,-0.6,3,52,5,-0.06549016549935771,-0.011515359501741207,-39.591849627680695,-0.06775235029086113,16.901408450704224,71
1000,-0.2,52,40,20,-0.07415489534092645,-0.013088637286337135,-39.605029467080215,-0.07370409212169404,12.345679012345679,81
500,-0.1,26,65,20,-0.059886274430999586,-0.010504274141349468,-39.6079206792015,-0.061312892636189,11.538461538461538,78
500,-0.7,20,52,5,-0.029263046636558765,-0.005065699706736648,-39.688276722839134,-0.02800109847197152,14.285714285714285,42
252,-0.2,26,52,20,-0.08229369460367442,-0.01457757734145737,-39.706237148740584,-0.08303938196234417,12.380952380952381,105
252,-0.3,26,52,10,-0.07633303180589524,-0.013486046362701676,-39.711504989973214,-0.07624204369200427,15.957446808510639,94
252,-0.5,40,65,10,-0.05358984242478437,-0.009374180057714399,-39.74168516880009,-0.056658708102146016,14.925373134328357,67
500,-0.4,26,65,10,-0.04317303563658381,-0.007518166322799225,-39.76730238260189,-0.044014430442009256,12.5,56
252,-0.2,10,52,20,-0.0830390964454214,-0.014714490259503887,-39.772280632572645,-0.08356354076027406,12.380952380952381,105
1000,-0.8,10,52,20,-0.014555188206665903,-0.0025040468080305134,-39.77579819076771,-0.014664951550657168,20.0,20
500,-0.3,26,52,20,-0.06493862441710707,-0.01141562471260793,-39.78740276028374,-0.06724356417442856,13.333333333333334,75
252,-0.6,6,65,10,-0.04549811207729526,-0.007930979200236887,-39.80909663773533,-0.04810152804796819,14.754098360655737,61
252,-0.5,52,52,20,-0.06457626471774691,-0.011350126003416894,-39.81516391355053,-0.0662504009430197,15.0,80
1000,-0.2,13,52,10,-0.061718149195232885,-0.010834240248688842,-39.85516681433149,-0.060838082230823765,15.873015873015872,63
500,-0.8,20,65,10,-0.013999746830873017,-0.002407928836405726,-39.86824292673664,-0.013716833486732805,17.391304347826086,23
1000,-0.2,6,52,10,-0.05747607724046444,-0.010070948842412109,-39.8941895512276,-0.05731732933767941,12.698412698412698,63
500,-0.3,6,65,10,-0.047076045008545786,-0.008211613275758367,-39.900169427408635,-0.04802415964823947,18.75,64
252,-0.5,40,52,10,-0.06805092827801029,-0.01197906068230048,-39.91586670099192,-0.06904459513796624,16.25,80
500,-0.7,6,65,10,-0.024150178556942237,-0.0041715705312508344,-39.92028437136008,-0.023944729561766853,16.666666666666664,36
252,-0.1,40,40,20,-0.1144728924595162,-0.020573914921634517,-39.92841267968466,-0.11675129102222326,13.768115942028986,138
500,-0.8,26,26,20,-0.038722807860922304,-0.006730350531227169,-39.929164760551856,-0.03854109497254743,13.953488372093023,43
500,-0.5,13,65,10,-0.0386744368850831,-0.006721804129674269,-39.93499448709599,-0.037836332388400784,7.8431372549019605,51
1000,-0.6,20,65,5,-0.024314171117444383,-0.0042001889023211,-39.97300659866754,-0.023819936436484057,15.151515151515152,33
252,-0.3,10,65,10,-0.06443040026958013,-0.011323766058968565,-39.996790744387575,-0.06471275641408514,11.11111111111111,81
500,-0.4,20,40,20,-0.07685660476208722,-0.01358168999599274,-40.0066134543259,-0.07545487147693031,9.523809523809524,84
1000,-0.6,52,52,10,-0.030565862259930077,-0.005294157776402186,-40.010904850323406,-0.029972563207570357,8.108108108108109,37
500,-0.7,3,40,20,-0.03780131669521236,-0.006567598588646195,-40.01184352781143,-0.03707813145764305,14.583333333333334,48
252,-0.5,3,52,10,-0.06787345760019703,-0.011946890370124086,-40.03227504915562,-0.07086362592200846,16.25,80
500,-0.5,6,52,10,-0.04901677771758062,-0.008557299758700343,-40.05697740876975,-0.04850021227701051,16.39344262295082,61
252,-0.2,52,52,20,-0.08869159232490786,-0.015755735322543485,-40.05910271328865,-0.08963429571652226,13.333333333333334,105
252,-0.6,52,40,20,-0.06919646428097548,-0.012186835576496136,-40.07199383233059,-0.07066120631462913,15.11627906976744,86
1000,-0.1,6,65,20,-0.046066043772641674,-0.008031941053730174,-40.073016607410416,-0.047416406917050624,8.771929824561402,57
1000,-0.2,40,65,5,-0.04139464513124236,-0.007202977408199529,-40.10222631267399,-0.04095210589303555,11.320754716981133,53
1000,-0.1,3,65,10,-0.04496928678034462,-0.007837014099799533,-40.104151430070296,-0.04512071191477118,14.035087719298245,57
500,-0.4,40,65,10,-0.047062885558993406,-0.00820927128601956,-40.10450901146423,-0.04722785492886106,12.5,56
252,-0.2,40,52,20,-0.08535345072394096,-0.015140171885569043,-40.126862917542816,-0.0851272444382194,10.476190476190476,105
252,-0.6,20,40,20,-0.07198437681460335,-0.012693388392514549,-40.12945302569784,-0.07481238787978872,12.790697674418606,86
252,-0.4,52,40,20,-0.09246773681642662,-0.01645432516219769,-40.149023777787406,-0.09278414941827828,12.149532710280374,107
500,-0.5,20,65,5,-0.045710054309789916,-0.007968650582204528,-40.154338332924716,-0.044886482205687916,7.8431372549019605,51
252,-0.4,20,40,20,-0.0927841572450302,-0.016512972556793848,-40.16003080458643,-0.09270681921491475,11.214953271028037,107
500,-0.1,3,40,20,-0.09913031716788001,-0.017692806276409345,-40.16375162352853,-0.10008988024764465,12.931034482758621,116
500,-0.3,13,65,20,-0.04452864682402091,-0.007758751279782983,-40.16524886848897,-0.045981335504936105,10.9375,64
500,-0.4,52,52,10,-0.05721066739627967,-0.010023287419378746,-40.166688729576194,-0.0567015184852494,17.391304347826086,69
252,-0.8,20,52,10,-0.024413184616698502,-0.004217469696465415,-40.19263381881128,-0.024842611046108076,12.5,32
1000,-0.3,3,65,10,-0.038466408044432465,-0.006685052721484563,-40.194944043449034,-0.03722589477237659,12.76595744680851,47
500,-0.1,40,65,20,-0.060705300890582126,-0.010651735191484213,-40.20058531684133,-0.06114741263380197,11.538461538461538,78
1000,-0.6,40,40,5,-0.05081659821763085,-0.008878409802947407,-40.210698698578376,-0.05040700704829393,12.76595744680851,47
252,-0.7,26,40,20,-0.0533613255018337,-0.009333282805239151,-40.2481666270422,-0.05426640079913059,16.666666666666664,66
1000,-0.3,40,65,10,-0.03507723911664029,-0.006087231828302508,-40.27006093377324,-0.034113256221005805,14.893617021276595,47
1000,-0.3,10,52,20,-0.049664812885973464,-0.00867285908975235,-40.27279306295552,-0.048288949566913875,14.035087719298245,57
1000,-0.1,26,52,20,-0.05912056979589164,-0.010366509676271507,-40.27673952059987,-0.05917073936993211,16.176470588235293,68
1000,-0.2,52,65,10,-0.04036034074265893,-0.007019887750733145,-40.28349943704342,-0.041352250626463305,11.320754716981133,53
500,-0.4,10,52,10,-0.06247638368574704,-0.010970973389724192,-40.295623998927525,-0.06173835090769142,15.942028985507244,69
500,-0.4,52,40,20,-0.07646195704488656,-0.013509593595040448,-40.313074291108954,-0.07619833929621112,11.904761904761903,84
1000,-0.7,10,40,5,-0.03799538586048978,-0.006601863955628673,-40.320054147658766,-0.036226134512988395,10.81081081081081,37
1000,-0.2,26,52,10,-0.05489259097321875,-0.00960748705085479,-40.34408417526559,-0.05434516268765366,12.698412698412698,63
252,-0.6,26,40,20,-0.07502547414557348,-0.013247384537717899,-40.3574196490199,-0.07707799076810984,16.27906976744186,86
252,-0.2,3,40,20,-0.10795359150451012,-0.019344669961443572,-40.38280365808049,-0.10848749916588873,13.636363636363635,132
500,-0.6,40,65,10,-0.032336020249139286,-0.005604975883040875,-40.40400653721271,-0.03191168721173565,16.27906976744186,43
500,-0.1,10,65,20,-0.06191230678926374,-0.010869244143518642,-40.41936867793156,-0.06238431277907608,6.41025641025641,78
500,-0.4,20,52,20,-0.0575009562860479,-0.01007541710956572,-40.419440883321656,-0.057268571947186375,10.144927536231885,69
1000,-0.3,52,65,10,-0.035848947820523946,-0.006223201519070298,-40.43104887783162,-0.03514551766737306,17.02127659574468,47
252,-0.3,3,65,10,-0.06929949527184398,-0.01220553350802156,-40.4504560242186,-0.06946700789685312,12.345679012345679,81
500,-0.2,3,52,20,-0.06696764397063037,-0.01178277155369778,-40.4601164747417,-0.06756259809820253,13.253012048192772,83
252,-0.3,13,65,10,-0.064863201463075,-0.011401989823235592,-40.46138742064455,-0.06456093044215472,11.11111111111111,81
252,-0.7,10,65,10,-0.03482317048715644,-0.006042486433313954,-40.474816584672546,-0.03571046796129895,14.893617021276595,47
500,-0.8,3,65,10,-0.016043651783131718,-0.0027618439467553824,-40.4948656480659,-0.015235251710211228,17.391304347826086,23
252,-0.6,3,52,10,-0.061766512328695455,-0.01084295888265907,-40.50337080284954,-0.06488130112968693,12.676056338028168,71
500,-0.3,10,52,20,-0.06319801221643073,-0.011101190513081671,-40.53085103133506,-0.06372854617442303,20.0,75
252,-0.1,40,52,20,-0.09145289812912405,-0.016266342740330453,-40.53624571439595,-0.0914152046848028,11.607142857142858,112
252,-0.3,3,52,10,-0.0820657080511975,-0.014535719944658076,-40.5617002937245,-0.08206501103471187,15.957446808510639,94
500,-0.1,6,52,10,-0.0824574931323897,-0.01460765540205411,-40.56790190859562,-0.08409153176723716,15.217391304347828,92
252,-0.8,26,26,10,-0.05340095954530977,-0.009340375450250793,-40.57341658891496,-0.052549037440602686,8.333333333333332,48
252,-0.3,20,52,10,-0.07844420817465991,-0.013871980453656119,-40.5805455746163,-0.07847973441497835,10.638297872340425,94
252,-0.5,52,65,10,-0.05492376983580072,-0.009613074085490503,-40.58420696570779,-0.056914379931084724,11.940298507462686,67
500,-0.5,40,65,10,-0.04242572654483012,-0.007385659619373874,-40.656663533101415,-0.04259149868456469,13.725490196078432,51
500,-0.7,10,52,5,-0.02944013723396932,-0.005096738881258278,-40.664508695697315,-0.02865976230131273,19.047619047619047,42
252,-0.8,6,26,20,-0.04689733744838609,-0.008179810947276822,-40.673866730803645,-0.046301095339205234,14.583333333333334,48
1000,-0.6,10,52,20,-0.030828756695285398,-0.005340289061400605,-40.75217849138836,-0.030588728771828833,13.513513513513514,37
252,-0.6,3,65,20,-0.04538803767179522,-0.007911416911597025,-40.763265487408546,-0.048061777595435395,14.754098360655737,61
1000,-0.7,26,40,20,-0.030292025269228362,-0.005246117377365245,-40.768751593009696,-0.030187029931888043,13.513513513513514,37
252,-0.3,40,52,20,-0.07552566834542906,-0.013338649380301382,-40.789042374771974,-0.0757566783729916,14.893617021276595,94
252,-0.2,20,40,20,-0.1126543946884504,-0.02023027612887407,-40.79409839103849,-0.11327141702897459,12.121212121212121,132
1000,-0.4,13,52,20,-0.04318566598471063,-0.007520406569436533,-40.81134484126318,-0.04295723529556805,8.0,50
500,-0.6,26,52,20,-0.03922597070600664,-0.006819272754651218,-40.81714778607997,-0.03831400485604619,14.000000000000002,50
252,-0.2,6,52,20,-0.08299078849347763,-0.014705614420929103,-40.823830505727,-0.08299611966489084,9.523809523809524,105
1000,-0.2,3,52,20,-0.05385709135362826,-0.009422019492390854,-40.82868832191022,-0.053050808730896404,14.285714285714285,63
252,-0.8,40,40,20,-0.028674361677476834,-0.0049625529405886715,-40.84038198750023,-0.02853407074250458,12.82051282051282,39
1000,-0.8,20,52,5,-0.013946663297245365,-0.0023987451917288904,-40.85496960728872,-0.014197643349133093,15.0,20
500,-0.4,13,52,10,-0.06113302968463452,-0.010728787699213815,-40.85840220184273,-0.06048996668237583,13.043478260869565,69
1000,-0.6,26,52,10,-0.028620838895809353,-0.004953177486606619,-40.8694632164364,-0.027911443935586533,16.216216216216218,37
500,-0.7,13,52,10,-0.029680188144943775,-0.005138820786102505,-40.888713823866084,-0.02919451671561557,11.904761904761903,42
252,-0.3,26,65,10,-0.06773037163559947,-0.011920956711193975,-40.89283312715828,-0.06782474798660199,12.345679012345679,81
252,-0.8,10,26,20,-0.044570716852635694,-0.007766222117739918,-40.930564263811476,-0.04393264272244535,16.666666666666664,48
1000,-0.7,52,52,20,-0.02213944816417157,-0.003821001346471009,-40.936822949885844,-0.023466848544263952,6.666666666666667,30
500,-0.3,3,65,10,-0.05125255932988171,-0.008956266544982272,-40.97337643722108,-0.05138758911835428,12.5,64
500,-0.2,20,52,20,-0.07189252381447642,-0.012676678976838773,-40.97990180272295,-0.07367714581057094,10.843373493975903,83
500,-0.7,26,65,10,-0.023414381268463624,-0.004043215469181183,-40.99141092018223,-0.02334046408371293,11.11111111111111,36
500,-0.7,52,52,10,-0.03068728399179166,-0.005315462912220514,-41.014046334592926,-0.029718755146074805,19.047619047619047,42
252,-0.1,52,52,20,-0.09351389995031667,-0.016648292434260914,-41.035017561295795,-0.09410270269325705,10.714285714285714,112
252,-0.3,26,40,20,-0.10105665633523819,-0.018052300854821346,-41.03549054986499,-0.09981389201197843,12.82051282051282,117
252,-0.1,20,40,20,-0.11619376451788388,-0.02089964470417216,-41.059994030889214,-0.1195908858519028,10.869565217391305,138
252,-0.5,13,65,10,-0.054830937284186754,-0.009596439589736994,-41.06751013221461,-0.05637278304203963,14.925373134328357,67
500,-0.5,3,52,10,-0.04811921924200613,-0.008397352553885185,-41.06908198229909,-0.04685898616847761,21.311475409836063,61
1000,-0.1,13,52,10,-0.06235891133129157,-0.010949783489303533,-41.08891899369158,-0.06092328236552458,14.705882352941178,68
252,-0.4,26,65,10,-0.06103438104106329,-0.01071101421834253,-41.09157635551779,-0.06058528057285617,12.32876712328767,73
252,-0.2,52,40,20,-0.10386477442003572,-0.01857749928522856,-41.121004128279964,-0.10424240329375045,15.151515151515152,132
1000,-0.3,26,52,10,-0.05218451865484497,-0.009122801359245258,-41.14259255377919,-0.05196429778855827,15.789473684210526,57
252,-0.4,52,52,20,-0.0734559775148863,-0.01296128139017505,-41.15577913597562,-0.07366005761485983,15.294117647058824,85
500,-0.5,52,40,20,-0.06720839287784741,-0.011826378479527055,-41.171233313030676,-0.06622341507273899,11.842105263157894,76
252,-0.2,6,40,10,-0.11886339612783314,-0.02140599944196364,-41.17912158162788,-0.12073947232366888,10.606060606060606,132
252,-0.4,3,65,5,-0.0644085171827894,-0.011319811743244923,-41.18248505351258,-0.06506804271862088,10.95890410958904,73
1000,-0.1,52,52,20,-0.055365370618899235,-0.009692222277785878,-41.20620440796598,-0.05500074382382025,8.823529411764707,68
252,-0.4,20,65,10,-0.06333741454850017,-0.011126355102853203,-41.26191536091421,-0.06495256880914568,10.95890410958904,73
1000,-0.4,52,52,5,-0.04734658775731915,-0.00825976776294901,-41.276198594335725,-0.046254745903238303,12.0,50
252,-0.5,6,40,20,-0.08491325534560268,-0.015059137571988512,-41.32243762378579,-0.08671680313537578,12.121212121212121,99
252,-0.1,10,40,20,-0.12009287682861969,-0.021639625521696515,-41.32327666542714,-0.121970648377003,10.869565217391305,138
500,-0.2,52,52,20,-0.06813110001471534,-0.011993595169809357,-41.34336267055998,-0.06861582933893973,9.63855421686747,83
1000,-0.5,10,65,10,-0.03160716908950856,-0.005476941490696996,-41.3474320779163,-0.030674413575643156,7.894736842105263,38
1000,-0.4,10,52,20,-0.04343365360683127,-0.007564397135964573,-41.34898162686732,-0.043253896283651505,12.0,50
252,-0.6,26,52,10,-0.05999255255414171,-0.010523402897595013,-41.38151073432881,-0.06158582259104983,12.676056338028168,71
252,-0.2,26,40,20,-0.11013826154859085,-0.01975576769017784,-41.40486143088796,-0.11058301718330055,10.606060606060606,132
1000,-0.4,20,65,10,-0.03519310001892695,-0.006107639958559563,-41.42121150647244,-0.03440639461211947,12.195121951219512,41
500,-0.7,52,40,10,-0.037677766184924355,-0.006545787167243966,-41.43682235475337,-0.036683441525270366,12.5,48
500,-0.6,10,65,10,-0.034625633696868774,-0.006007703911763862,-41.45858868552644,-0.03447986584218299,13.953488372093023,43
500,-0.6,3,52,10,-0.04085500607002113,-0.00710743159649474,-41.47190973802137,-0.040980321616479354,16.0,50
252,-0.2,20,65,10,-0.07194936363621274,-0.01268701881717682,-41.49346951067709,-0.07162277759781754,12.359550561797752,89
252,-0.8,10,40,10,-0.032087964397294666,-0.00556139192387517,-41.49748404075277,-0.03144462663670089,17.94871794871795,39
500,-0.1,20,65,20,-0.06330024117960087,-0.011119644347861168,-41.51882133482965,-0.0654484852806626,7.6923076923076925,78
1000,-0.5,52,52,10,-0.040352094678191675,-0.007018428713019942,-41.520870706429086,-0.03972020165648227,8.51063829787234,47
500,-0.6,52,65,20,-0.032811748664499873,-0.00568858833396102,-41.54907426316196,-0.03210848183372539,11.627906976744185,43
252,-0.8,13,40,10,-0.0337583574368,-0.005855062622395768,-41.551548730690506,-0.03377493426098732,17.94871794871795,39
1000,-0.3,6,52,20,-0.0474994581173902,-0.008286982500955609,-41.586327405309575,-0.04678416656539475,14.035087719298245,57
1000,-0.1,10,65,10,-0.04361581433345829,-0.0075967166816917064,-41.58917763977487,-0.04221571379137912,10.526315789473683,57
252,-0.3,10,52,10,-0.07981605889682464,-0.01412315500482253,-41.60549749784681,-0.07927396542335696,10.638297872340425,94
500,-0.3,40,52,10,-0.0671419191224607,-0.011814337134809394,-41.60580777641937,-0.06860080946676239,18.666666666666668,75
252,-0.8,26,52,10,-0.024075514546007648,-0.004158542222162276,-41.620312316268524,-0.024561943954921284,18.75,32
500,-0.7,20,65,5,-0.023651796557626503,-0.004084622262342963,-41.62766092637789,-0.022798319574494408,22.22222222222222,36
1000,-0.3,26,52,5,-0.05499984881766673,-0.009626707549574287,-41.63882290281505,-0.05445641888505015,17.543859649122805,57
252,-0.2,13,40,20,-0.11654365654248466,-0.020965937211396057,-41.646590088865935,-0.11761147423520624,13.636363636363635,132
1000,-0.4,26,65,10,-0.033861881538631344,-0.005873276972922392,-41.70748637645859,-0.03253792344459416,17.073170731707318,41
500,-0.1,13,52,20,-0.08062126605440478,-0.01427072640503746,-41.70842905600711,-0.08364730073439086,9.782608695652174,92
1000,-0.6,3,65,5,-0.029280216361450617,-0.005068708887922768,-41.728607992901594,-0.028694986448325133,12.121212121212121,33
500,-0.2,40,52,20,-0.06903292651830806,-0.012157160476719664,-41.74947164730961,-0.06941499010227958,14.457831325301203,83
252,-0.3,20,40,20,-0.1044877807894884,-0.018694204190175423,-41.75599884568164,-0.10348865233851401,12.82051282051282,117
500,-0.5,10,65,10,-0.04088772877846181,-0.007113224047330391,-41.76781641218749,-0.03972495692249778,11.76470588235294,51
1000,-0.2,10,52,20,-0.057050549075227,-0.00999453927933669,-41.77790755937462,-0.05647801391977458,12.698412698412698,63
500,-0.6,13,52,10,-0.040697222338812344,-0.007079503612792637,-41.855009361245735,-0.040382983972576336,18.0,50
1000,-0.8,13,52,20,-0.014236042913656544,-0.0024488138932383663,-41.870595549547765,-0.014320757704430087,15.0,20
1000,-0.1,20,65,10,-0.04768099878076171,-0.008319305971864477,-41.903213271615385,-0.04686537635914778,14.035087719298245,57
252,-0.5,20,40,20,-0.0884932565514247,-0.015719109416980515,-41.905594810223946,-0.0898565725612126,12.121212121212121,99
252,-0.5,10,40,20,-0.09000468837758491,-0.015998386566032363,-41.91304309753046,-0.0918464687994941,10.1010101010101,99
252,-0.6,6,52,20,-0.05782838082167019,-0.010134231545167904,-41.916617687141255,-0.060488365311491266,11.267605633802818,71
1000,-0.2,20,52,10,-0.05457236105354346,-0.009550112925596155,-41.938837842096284,-0.054300998033724235,12.698412698412698,63
1000,-0.3,3,52,20,-0.04761721700027943,-0.008307948989084712,-41.94946595350924,-0.04636746913933887,19.298245614035086,57
500,-0.4,13,65,10,-0.0437874416024322,-0.007627172016708705,-41.95667940682981,-0.04295379473426786,10.714285714285714,56
252,-0.7,52,40,20,-0.050790895647495615,-0.008873820597967486,-41.991185597650976,-0.0516583821522697,13.636363636363635,66
252,-0.3,10,40,20,-0.10334434226165035,-0.01848006068365915,-42.067967229862454,-0.1032566121741263,11.965811965811966,117
252,-0.1,26,40,20,-0.11716646465335268,-0.021083991803764746,-42.069408755058625,-0.11945705450950539,10.144927536231885,138
500,-0.4,26,52,20,-0.0586291506140324,-0.01027814320988174,-42.084014392110795,-0.05808180556895537,14.492753623188406,69
1000,-0.6,26,40,20,-0.04000580187230818,-0.0069571659239923145,-42.091834489305036,-0.03939315550695632,14.893617021276595,47
500,-0.3,3,65,20,-0.04837755359407814,-0.008443375574222478,-42.145056445461016,-0.04870059657898329,12.5,64
500,-0.6,52,52,10,-0.038153583313315975,-0.006629799957636018,-42.19842227403533,-0.03764100471393572,20.0,50
252,-0.2,6,65,20,-0.06963318166845445,-0.012266102266081269,-42.21220191493308,-0.06981508810319459,8.98876404494382,89
500,-0.1,3,52,10,-0.08143113858579176,-0.014419260952055146,-42.239256759611905,-0.08261939539172691,15.217391304347828,92
252,-0.2,13,52,20,-0.08610686314969562,-0.015278940486396886,-42.24517263457859,-0.08642933159878508,9.523809523809524,105
252,-0.7,6,40,10,-0.06388397965541892,-0.011225049744953086,-42.27241758094443,-0.06509652011039357,9.090909090909092,66
1000,-0.8,13,52,5,-0.014695561690418746,-0.0025283452559560216,-42.290546592814955,-0.013874225834515808,20.0,20
1000,-0.1,10,52,20,-0.0630351867438077,-0.01107180156187415,-42.337681436294574,-0.06164560563225119,11.76470588235294,68
252,-0.7,52,52,20,-0.03991529600553945,-0.006941157517228902,-42.36552619193055,-0.0408950197812703,12.280701754385964,57
252,-0.7,3,40,20,-0.05466705028418728,-0.00956707628277631,-42.374338869831526,-0.05477755072276813,16.666666666666664,66
1000,-0.3,13,52,20,-0.05167020689420543,-0.009030880556572196,-42.42285535958782,-0.050589719413738576,14.035087719298245,57
1000,-0.8,3,52,20,-0.01559093268883427,-0.0026834002534026347,-42.43026734603807,-0.015733660382667214,20.0,20
252,-0.4,6,40,20,-0.09858473165641102,-0.017591104587983186,-42.473726952996124,-0.09961470319162558,13.084112149532709,107
252,-0.4,3,65,10,-0.06150640057892098,-0.010796071783690131,-42.51069044217075,-0.062345353348532195,12.32876712328767,73
500,-0.7,40,52,10,-0.029065003294487024,-0.005030993644493886,-42.51136547934382,-0.028258378204566115,19.047619047619047,42
1000,-0.1,52,65,10,-0.04893425299915988,-0.008542588420790809,-42.51579221058103,-0.048177903821023826,10.526315789473683,57
252,-0.1,20,65,10,-0.08004748675127338,-0.014165558133417577,-42.518488986972436,-0.07922883201066366,11.827956989247312,93
252,-0.5,13,52,20,-0.06826020405367994,-0.01201700286690055,-42.58572489651212,-0.0704485388270033,11.25,80
252,-0.4,10,52,10,-0.07480281145401446,-0.0132067709257645,-42.5875186148868,-0.07493139214547817,12.941176470588237,85
500,-0.5,10,52,10,-0.054800182529586405,-0.009590928999988813,-42.62964365729181,-0.05405610692981877,14.754098360655737,61
500,-0.3,20,65,20,-0.047597112674141684,-0.008304369343800078,-42.63269504411541,-0.04915596922958543,7.8125,64
500,-0.2,6,52,20,-0.07223118839863407,-0.012738293853044702,-42.6381712988714,-0.07269800208167798,9.63855421686747,83
500,-0.2,26,52,20,-0.07382757248733485,-0.013028983023150364,-42.642315113665916,-0.07466964507156204,9.63855421686747,83
252,-0.4,10,40,20,-0.09403822164660691,-0.016745575820664826,-42.75632976993639,-0.09405920567545967,13.084112149532709,107
500,-0.7,26,52,20,-0.03260034374422083,-0.005651428297211658,-42.79287780382345,-0.03174695731638677,14.285714285714285,42
500,-0.1,6,65,10,-0.0697643632215531,-0.012289918488297968,-42.79516910607776,-0.07022108589272591,7.6923076923076925,78
252,-0.8,52,52,20,-0.026347331399897755,-0.004555327660891617,-42.81342652245909,-0.02581287846776159,12.5,32
252,-0.7,13,52,20,-0.04210538460080926,-0.007328885468806057,-42.829045905771586,-0.0435029965342939,10.526315789473683,57
500,-0.4,6,52,10,-0.05908917340032682,-0.010360862866319764,-42.90280462623049,-0.05872193057824637,13.043478260869565,69
500,-0.1,52,52,20,-0.07598905709798354,-0.013423235280171308,-42.90863955672742,-0.07664459189085249,8.695652173913043,92
1000,-0.2,3,65,10,-0.049830531717779736,-0.008702420994922577,-42.9313053597097,-0.04931024629643077,13.20754716981132,53
500,-0.3,40,52,20,-0.06630611240058804,-0.011662996142520643,-42.96579447460274,-0.06664298362146448,12.0,75
500,-0.7,40,40,10,-0.03958070576940487,-0.006881987057289152,-42.97022537231497,-0.038663041681287647,10.416666666666668,48
252,-0.1,6,65,20,-0.07579739943867458,-0.013388246275447324,-43.003530665890665,-0.07539880823209533,10.75268817204301,93
252,-0.5,3,65,20,-0.05150216969102139,-0.009000856922929956,-43.02203371683535,-0.05396959771561238,11.940298507462686,67
252,-0.7,3,52,20,-0.04262852991440502,-0.007421610567370229,-43.08974094547304,-0.04356775169790783,12.280701754385964,57
500,-0.8,26,65,10,-0.01394047027939449,-0.002397673803779643,-43.12525276902827,-0.013562534139526905,17.391304347826086,23
500,-0.1,20,52,10,-0.08838511000865434,-0.01569914119356397,-43.19310594248028,-0.09081857144485328,9.782608695652174,92
252,-0.4,13,65,10,-0.06181818691893892,-0.0108522748991704,-43.30536464998568,-0.06188921201945996,13.698630136986301,73
1000,-0.4,20,52,5,-0.04753790256249801,-0.008293827141121035,-43.32787600227028,-0.04748795641183168,14.000000000000002,50
1000,-0.8,6,52,20,-0.016189362052667522,-0.002787097869769606,-43.35482278056851,-0.016224508396409987,20.0,20
1000,-0.8,52,52,20,-0.017169562795150584,-0.0029570629897069933,-43.365131050086546,-0.01666651249632123,10.0,20
500,-0.7,40,40,20,-0.04031774849471115,-0.00701235169830472,-43.406561578939915,-0.039327533267062176,10.416666666666668,48
1000,-0.1,6,52,20,-0.060539429116661214,-0.010621862317732544,-43.45495120737844,-0.05900023739221949,10.294117647058822,68
252,-0.4,13,52,10,-0.07190529317416239,-0.0126790018296834,-43.51363832176384,-0.07183685088863978,14.117647058823529,85
252,-0.6,13,52,20,-0.060334949535506444,-0.010585042342076245,-43.555933191835564,-0.06254189799274135,12.676056338028168,71
500,-0.1,20,52,20,-0.08300473114092066,-0.01470817612683184,-43.5862044871891,-0.0850483110787833,10.869565217391305,92
252,-0.3,13,40,20,-0.10553916071424863,-0.01889130706212261,-43.58891958421429,-0.10488394281794133,12.82051282051282,117
500,-0.7,20,40,10,-0.03966910407533808,-0.00689761815474943,-43.67481590111003,-0.03871939337796737,14.583333333333334,48
1000,-0.6,40,40,10,-0.04310602820668141,-0.007506281615473953,-43.681300495560215,-0.04279849113875678,10.638297872340425,47
252,-0.3,52,52,20,-0.08387890645698792,-0.014868854333158543,-43.710634927024614,-0.083533311259537,12.76595744680851,94
252,-0.1,26,52,20,-0.08747793166790185,-0.015531716684196173,-43.73484101662607,-0.08678679894000219,11.607142857142858,112
252,-0.2,3,65,20,-0.07284503672774445,-0.01285002177323391,-43.75548105344882,-0.07253350471091213,7.865168539325842,89
252,-0.8,13,26,20,-0.048206011938725646,-0.008412813771492056,-43.78312271148704,-0.047774686372924924,12.5,48
500,-0.6,3,65,20,-0.034073100862710315,-0.005910444572576612,-43.790047735508246,-0.03471890457243798,9.30232558139535,43
252,-0.7,10,40,20,-0.05749498305938683,-0.010074344311402528,-43.81164488102088,-0.058495340763369263,10.606060606060606,66
500,-0.7,26,40,20,-0.040590238219067376,-0.007060569411374229,-43.83305760566936,-0.039446187971097224,10.416666666666668,48
1000,-0.7,52,40,10,-0.03795651582845028,-0.006595000500683956,-43.85412107909036,-0.03772333199261124,10.81081081081081,37
252,-0.4,40,52,20,-0.07245487792951677,-0.012779000990610134,-43.887059760983355,-0.0723555528427885,10.588235294117647,85
1000,-0.6,6,65,5,-0.030797190855333945,-0.0053347495116014,-43.89965706891234,-0.030789037266353736,12.121212121212121,33
1000,-0.3,6,65,20,-0.03843848031831676,-0.0066801193725514185,-43.91550047481263,-0.03759035730858373,10.638297872340425,47
500,-0.1,52,65,20,-0.0605804463840105,-0.01062924896416062,-43.95329945074963,-0.06060637302140426,7.6923076923076925,78
252,-0.5,26,40,20,-0.08968568943225297,-0.01593941104539065,-43.97350400788208,-0.09097323114244638,6.0606060606060606,99
500,-0.5,3,52,20,-0.049241900487662305,-0.008597436839554051,-44.009722371291495,-0.048383946692072244,14.754098360655737,61
500,-0.4,10,65,10,-0.046218310505726334,-0.008059018152063113,-44.01219512776976,-0.04506200113657888,12.5,56
500,-0.1,3,65,20,-0.06139354067442526,-0.01077573128834508,-44.01852493635923,-0.06217766193530916,7.6923076923076925,78
252,-0.1,3,65,20,-0.07778220391519697,-0.013750883798320013,-44.04344816994278,-0.07747233082886962,7.526881720430108,93
1000,-0.5,3,65,20,-0.035655707183026686,-0.00618914540165072,-44.04751188546857,-0.034769987564271077,10.526315789473683,38
1000,-0.3,26,65,20,-0.037098520243422195,-0.0064435589041748065,-44.04845328196603,-0.03649708609927871,12.76595744680851,47
500,-0.3,52,65,20,-0.050886783951559766,-0.00889094202077223,-44.06475137235196,-0.05100113163897224,10.9375,64
252,-0.6,13,65,10,-0.04713484996156003,-0.00822207913204065,-44.07722926988611,-0.04889903462125056,14.754098360655737,61
500,-0.2,26,65,20,-0.052330725248951326,-0.009148939804016543,-44.121321054475615,-0.05320383420482888,10.0,70
252,-0.6,10,52,20,-0.06043026231145299,-0.010602204178265295,-44.1236803063284,-0.06272178002783635,11.267605633802818,71
1000,-0.7,3,40,20,-0.033531822054598925,-0.0058152109296149,-44.131784983643264,-0.03329992437453266,13.513513513513514,37
1000,-0.6,52,40,10,-0.05234595686002397,-0.009151663065161242,-44.134215034846314,-0.051966093531309765,10.638297872340425,47
252,-0.7,40,52,20,-0.041882554827069374,-0.007289402665883293,-44.141729431524034,-0.04257929080643186,8.771929824561402,57
500,-0.5,13,52,10,-0.05533504565434766,-0.009686786147874327,-44.188404647643125,-0.054688011408946524,18.0327868852459,61
500,-0.7,20,40,20,-0.0409004948875773,-0.007115483900400732,-44.195948332716505,-0.03991929052132703,14.583333333333334,48
500,-0.4,52,65,20,-0.0479048969002982,-0.008359178259928823,-44.20897892904707,-0.047002909855791364,8.928571428571429,56
252,-0.7,20,40,20,-0.05439236830771832,-0.009517871523368027,-44.22409169747108,-0.05551869046667712,12.121212121212121,66
500,-0.3,26,65,20,-0.051511786543512295,-0.009002575071413887,-44.23546457415787,-0.0521353800077784,7.8125,64
252,-0.6,52,52,20,-0.056295667423365225,-0.009859059974940854,-44.23846108924857,-0.05798462350767575,14.084507042253522,71
500,-0.2,3,65,20,-0.05132946125183124,-0.008970003262403381,-44.248478225122135,-0.051921442868291146,11.428571428571429,70
252,-0.5,26,52,10,-0.07482894759207448,-0.013211537730188128,-44.25664912835325,-0.07639707061154788,13.750000000000002,80
500,-0.5,52,65,20,-0.04474441118246619,-0.007797069818952118,-44.281406429067665,-0.043839429986259004,9.803921568627452,51
252,-0.5,10,65,20,-0.052635714778219045,-0.00920347582225911,-44.306936052880815,-0.05499164076622842,10.44776119402985,67
252,-0.1,26,65,20,-0.07634225429781494,-0.013487730691509547,-44.31497105202166,-0.07552489941664686,11.827956989247312,93
1000,-0.4,40,52,20,-0.046404322239350426,-0.008092100877436725,-44.34589055827528,-0.047033619753887645,10.0,50
1000,-0.2,40,52,10,-0.05785047977802982,-0.010138201734798069,-44.34894619743437,-0.05775632765097338,11.11111111111111,63
1000,-0.7,13,40,20,-0.03334531047538247,-0.005782405963492332,-44.35332952736915,-0.03332527970986321,13.513513513513514,37
1000,-0.6,13,52,20,-0.03257724065580758,-0.005647367723086827,-44.359748474498076,-0.031899245270221144,13.513513513513514,37
252,-0.7,6,52,20,-0.04559426220273388,-0.007948068413210274,-44.371681062264685,-0.048562471455603995,10.526315789473683,57
1000,-0.4,40,52,10,-0.048431348466942636,-0.00845296059108136,-44.39052136441587,-0.048574589312857075,12.0,50
1000,-0.6,10,65,5,-0.029878611084593665,-0.005173611653464971,-44.41733537003964,-0.029702926857306022,9.090909090909092,33
252,-0.5,13,40,20,-0.09194145601446535,-0.016356818431254916,-44.4404549116885,-0.09358473927128841,8.080808080808081,99
252,-0.4,10,65,10,-0.06307499188540522,-0.01107898574304833,-44.457175946023135,-0.0638486318899022,12.32876712328767,73
1000,-0.3,40,52,10,-0.052347828693115495,-0.00915199773287545,-44.46990285494984,-0.051957363766102604,14.035087719298245,57
500,-0.6,10,52,10,-0.04097868566499707,-0.007129325754103855,-44.487246397321044,-0.04124771530390536,12.0,50
1000,-0.1,13,65,10,-0.04735100408695725,-0.008260553929020698,-44.51206891649768,-0.04583500855830347,10.526315789473683,57
1000,-0.4,3,65,20,-0.03728350555592641,-0.0064762005087070085,-44.56416909864558,-0.03596926405943013,4.878048780487805,41
500,-0.1,26,52,20,-0.0817616091240273,-0.014479902040172465,-44.6352943796747,-0.08245824546780411,11.956521739130435,92
1000,-0.2,40,65,10,-0.04219053034230469,-0.007343974298707923,-44.63708638736613,-0.04179320950988685,13.20754716981132,53
252,-0.2,10,65,20,-0.07099288384207425,-0.01251309362288111,-44.66959778052567,-0.07070104375571085,7.865168539325842,89
252,-0.3,6,40,20,-0.10544631463540899,-0.01887389341856649,-44.699940139809144,-0.1048825344757287,11.11111111111111,117
1000,-0.3,52,52,20,-0.0480681472660921,-0.008388255157918412,-44.71199212901747,-0.04759093823661453,10.526315789473683,57
252,-0.8,3,40,20,-0.030143771974818767,-0.005220113357755185,-44.7334275581011,-0.029735862737617413,15.384615384615385,39
252,-0.2,13,65,20,-0.07079421500719363,-0.01247698652918039,-44.74739480319265,-0.07036953728973394,8.98876404494382,89
500,-0.3,10,65,20,-0.04778653520711307,-0.008338099171165791,-44.75954941656525,-0.047900979016291534,9.375,64
252,-0.8,10,52,10,-0.026764100119665457,-0.004628201932778131,-44.76103223438659,-0.026905222550678287,18.75,32
1000,-0.4,40,65,20,-0.03597417250007795,-0.006245273741328772,-44.8593723263679,-0.03493752304374642,9.75609756097561,41
252,-0.3,26,52,20,-0.07783658021159134,-0.013760827826430289,-44.86137234209835,-0.07757914419681977,10.638297872340425,94
252,-0.6,26,65,20,-0.04788698230924526,-0.008355987702597267,-44.913982777972954,-0.04904781449456652,11.475409836065573,61
500,-0.2,20,65,20,-0.05139277404444087,-0.008981313294743942,-44.94565484017343,-0.05317649972062044,7.142857142857142,70
1000,-0.4,6,65,20,-0.03756152029592019,-0.006525267412257119,-44.989400841377766,-0.03620442477171881,2.4390243902439024,41
500,-0.4,13,52,20,-0.05995505359956055,-0.010516653341860027,-45.000498688249614,-0.059330081749116026,8.695652173913043,69
252,-0.5,6,65,20,-0.05317770936481225,-0.009300427293386315,-45.008576547981875,-0.055196264998851,8.955223880597014,67
500,-0.6,20,52,10,-0.043018477934639865,-0.007490754386606069,-45.008633496144476,-0.04226998354704581,16.0,50
252,-0.3,13,65,20,-0.06573756507122774,-0.011560112447935533,-45.054516010814645,-0.0651846912482189,8.641975308641975,81
252,-0.8,6,65,5,-0.026264163356943038,-0.0045407883725241405,-45.09013302925811,-0.026366880420086725,9.375,32
1000,-0.3,20,52,10,-0.053835035986684265,-0.009418071002787132,-45.11281208852399,-0.05301207289874821,10.526315789473683,57
1000,-0.6,52,40,5,-0.05561957948789209,-0.009737798093585104,-45.1183356507544,-0.054978635641244944,8.51063829787234,47
252,-0.3,6,65,20,-0.07036407312125637,-0.012398832258376014,-45.16403240324095,-0.0699914597942245,8.641975308641975,81
252,-0.1,40,65,20,-0.07898954109788459,-0.01397178927117082,-45.18790729397786,-0.07876433848943021,9.67741935483871,93
500,-0.1,10,52,20,-0.08203586255727124,-0.01453024107225076,-45.190127970670034,-0.08232292524532137,8.695652173913043,92
252,-0.4,13,40,20,-0.097424970226211,-0.017375084804959084,-45.199115201972546,-0.09697517488103735,10.2803738317757,107
252,-0.2,10,40,20,-0.1180823159616371,-0.02125771882822436,-45.24176534776591,-0.1194307429354885,7.575757575757576,132
252,-0.3,40,65,20,-0.06660886421454226,-0.011717802968093438,-45.27148749515843,-0.06664304227487938,7.4074074074074066,81
252,-0.4,20,52,10,-0.07613125815042654,-0.013449199379426902,-45.28173725927314,-0.07697903067127088,8.235294117647058,85
252,-0.8,52,65,10,-0.02708309162246847,-0.0046839968082372785,-45.356705600493584,-0.026325705896264595,9.375,32
1000,-0.4,10,65,20,-0.03731335324143692,-0.006481467772629812,-45.38055268126987,-0.0360393174824839,2.4390243902439024,41
252,-0.8,13,52,10,-0.02712538909807516,-0.004691396207927134,-45.39141891002468,-0.02791092258965877,9.375,32
1000,-0.6,13,65,5,-0.03127467380631943,-0.005418559895564501,-45.39425132171746,-0.030975392215125686,6.0606060606060606,33
1000,-0.2,26,65,10,-0.04377637232230036,-0.007625207631334563,-45.395770159085345,-0.04307060370491134,13.20754716981132,53
252,-0.7,6,65,10,-0.036383875058400905,-0.006317504921048656,-45.42542019878338,-0.03778931631241367,12.76595744680851,47
252,-0.5,10,52,20,-0.07031726019114448,-0.012390328431062692,-45.454283808700396,-0.0725846644970014,11.25,80
252,-0.5,3,52,20,-0.06936303116256415,-0.012217064775017494,-45.47460897395136,-0.07190644964092652,12.5,80
252,-0.1,10,65,20,-0.07932481731142305,-0.014033177066812175,-45.53332793260058,-0.07903559463470156,7.526881720430108,93
1000,-0.1,13,52,20,-0.05960847147538917,-0.010454281488941564,-45.5334929980042,-0.058714008803528506,8.823529411764707,68
500,-0.4,40,52,20,-0.0636179037431247,-0.011176997779829612,-45.54774570372106,-0.06342108029972715,11.594202898550725,69
252,-0.8,20,26,20,-0.05055559152562861,-0.008831811733426509,-45.558179731026485,-0.049314695982682566,8.333333333333332,48
500,-0.2,10,65,20,-0.05272653440015429,-0.009219718341506589,-45.56103543139297,-0.05347550632688258,5.714285714285714,70
500,-0.7,13,40,20,-0.04018141718606605,-0.006988231804474054,-45.56126313090435,-0.039348253194129046,10.416666666666668,48
500,-0.1,40,52,20,-0.07811918748711455,-0.01381251726875199,-45.56575057695712,-0.07861022199698631,11.956521739130435,92
1000,-0.2,13,52,20,-0.05939461529529455,-0.010415804861039435,-45.57810694420155,-0.058612984685529446,14.285714285714285,63
1000,-0.2,6,52,20,-0.05772999100980947,-0.010116556253210063,-45.581795795739765,-0.05661834396540777,9.523809523809524,63
1000,-0.5,6,65,10,-0.035129724255335004,-0.00609647648602285,-45.58754740538779,-0.03394549749627929,7.894736842105263,38
1000,-0.4,26,65,20,-0.03549977931500681,-0.006161669292496508,-45.594861474191404,-0.03471593398911721,12.195121951219512,41
252,-0.5,20,65,20,-0.055455446006673625,-0.009708370272935696,-45.638014716209376,-0.0571141981947918,10.44776119402985,67
500,-0.5,20,52,10,-0.059421852779903306,-0.010420704978343909,-45.69961334766175,-0.05866982677104304,6.557377049180328,61
252,-0.4,6,65,20,-0.06087836261636914,-0.010682907610201742,-45.708053384419635,-0.0619349882627126,13.698630136986301,73
500,-0.3,40,65,20,-0.05266923114680733,-0.009209469864084219,-45.723949742619844,-0.05282368404065718,9.375,64
252,-0.4,26,52,10,-0.07490164148038825,-0.01322479649441377,-45.73610171955029,-0.07469620560039925,11.76470588235294,85
500,-0.2,40,65,20,-0.05482495873648385,-0.009595368351091982,-45.76676143907052,-0.055233598977785014,10.0,70
252,-0.2,26,65,20,-0.07111545496545224,-0.012535373520968451,-45.78417758861508,-0.07029347483216342,8.98876404494382,89
252,-0.6,20,52,20,-0.06191893530627257,-0.010870439278314104,-45.79623474130123,-0.06406768395756945,11.267605633802818,71
252,-0.7,6,40,20,-0.059182974489921714,-0.010377733958658597,-45.79834743667951,-0.0603405303232869,7.575757575757576,66
500,-0.5,26,65,20,-0.04198018504296064,-0.007306700649450604,-45.813555426076,-0.04138480440204417,7.8431372549019605,51
500,-0.6,3,52,20,-0.04253218691891836,-0.0074045310599655245,-45.823680971922066,-0.04270973655214272,12.0,50
500,-0.7,6,65,20,-0.02471657991288556,-0.004270430234633249,-45.83170034157572,-0.024557775756077538,11.11111111111111,36
500,-0.7,6,40,20,-0.03815243043511807,-0.00662959635772542,-45.83783944610061,-0.03726712195969972,12.5,48
500,-0.7,10,52,10,-0.0302187085449519,-0.005233257018288473,-45.85149446183753,-0.02961633101704164,11.904761904761903,42
1000,-0.6,40,65,5,-0.025802464469216524,-0.0044600937151323405,-45.858132688631535,-0.025651272819069093,9.090909090909092,33
500,-0.8,40,65,20,-0.014172423136724288,-0.002437805301772178,-45.86989789605435,-0.01319213742947678,13.043478260869565,23
1000,-0.1,3,65,20,-0.04563631042998284,-0.007955542290506545,-45.891162955295485,-0.04589995025636184,12.280701754385964,57
252,-0.3,6,52,20,-0.07820429045347721,-0.013828085346904273,-45.91458394856443,-0.07790330218299246,10.638297872340425,94
1000,-0.5,40,65,10,-0.03334475452042551,-0.005782308186074947,-45.927924837073675,-0.03204480169260737,5.263157894736842,38
252,-0.6,20,65,20,-0.044684760735226536,-0.007786475516731284,-45.988240190858214,-0.04645229635627213,8.19672131147541,61
1000,-0.6,6,65,10,-0.029221422562996757,-0.00505840481788844,-46.00208473996974,-0.029188466261305668,6.0606060606060606,33
1000,-0.3,26,52,20,-0.05015591992345747,-0.008760478104863467,-46.119385524493126,-0.050022946594608264,12.280701754385964,57
1000,-0.5,26,52,20,-0.044664330301734445,-0.007782847066715615,-46.132089493959285,-0.04416664481406063,8.51063829787234,47
1000,-0.2,40,52,20,-0.056416691833654276,-0.009880774288635763,-46.16063964703358,-0.056119317635017985,7.936507936507936,63
500,-0.5,26,52,20,-0.054001388437747266,-0.009447854340862927,-46.20473039676564,-0.05314371867322221,8.19672131147541,61
1000,-0.7,3,65,5,-0.02341286120758157,-0.004042950387419086,-46.22897615171283,-0.023158041905493976,7.6923076923076925,26
1000,-0.6,3,65,10,-0.0295361877611221,-0.005113575895217548,-46.23460371298312,-0.029122939126291603,9.090909090909092,33
252,-0.5,20,52,20,-0.07319376844365777,-0.012913522537959521,-46.25123272273259,-0.07531669120057372,7.5,80
500,-0.6,6,52,10,-0.04113093218085018,-0.007156280133839732,-46.25622771958542,-0.04136698466109634,14.000000000000002,50
500,-0.2,10,52,20,-0.07597890109961458,-0.013421381051088144,-46.2748877194243,-0.07641309881925884,7.228915662650602,83
252,-0.2,3,52,20,-0.08859703674881614,-0.015738273283310678,-46.29101075536126,-0.08899149378603188,9.523809523809524,105
500,-0.5,52,52,20,-0.0518637250031414,-0.009065462392944257,-46.303727240545825,-0.0512568500751317,9.836065573770492,61
1000,-0.6,10,52,5,-0.03416080369686503,-0.0059258793439184165,-46.34033958370696,-0.03341091471853652,13.513513513513514,37
500,-0.6,13,65,10,-0.03346154526007594,-0.005802849537406174,-46.3526059039826,-0.03280475792308868,13.953488372093023,43
500,-0.6,52,52,20,-0.039682941582484865,-0.0069000650904118555,-46.35813184157003,-0.03906827008318425,14.000000000000002,50
1000,-0.7,26,52,20,-0.023544837674517205,-0.00406596689425498,-46.37057359496444,-0.023912676933618315,10.0,30
1000,-0.3,20,65,20,-0.04058018437577149,-0.007058790157885908,-46.40681814333561,-0.039862824910724015,6.382978723404255,47
500,-0.5,20,65,10,-0.044507378514187845,-0.007754974535727821,-46.4763828451484,-0.043632494679278655,9.803921568627452,51
1000,-0.2,26,52,20,-0.0554778764735554,-0.009712391626183092,-46.48418481005309,-0.05460245356059723,9.523809523809524,63
500,-0.5,40,52,20,-0.0550201109551367,-0.009630338707484754,-46.51156923116725,-0.05478464011458162,9.836065573770492,61
500,-0.5,6,65,10,-0.0416126752639594,-0.007241593387961043,-46.55129248035448,-0.041266493809807625,9.803921568627452,51
1000,-0.7,40,40,10,-0.03499254948009123,-0.0060723155950794805,-46.56124857605334,-0.03466301224337387,8.108108108108109,37
1000,-0.6,10,65,10,-0.029184077628105376,-0.005051860096524363,-46.56579402049995,-0.029021607047090003,9.090909090909092,33
252,-0.3,10,65,20,-0.06930751366761556,-0.012206988748126757,-46.589309390867385,-0.06912684968457405,6.172839506172839,81
500,-0.6,20,65,10,-0.0332362571517959,-0.005763227330132015,-46.60041293706893,-0.03235105306777175,9.30232558139535,43
500,-0.4,20,65,10,-0.04476212306909966,-0.007800215669278354,-46.6346132109161,-0.043887472487580514,12.5,56
1000,-0.6,26,65,5,-0.024294302155907332,-0.004196721353999844,-46.673166005358745,-0.023874724293216687,12.121212121212121,33
500,-0.6,40,52,10,-0.04149350382967654,-0.007220485670534904,-46.67818778290544,-0.04109078246870934,12.0,50
1000,-0.7,6,65,5,-0.022750705756307665,-0.003927510333283313,-46.76868367711119,-0.0221230674634183,11.538461538461538,26
1000,-0.7,3,65,10,-0.022618321023173293,-0.0039044381827885166,-46.820844880920234,-0.022465253764831217,15.384615384615385,26
1000,-0.2,6,65,10,-0.045655251948856224,-0.007958909146783766,-46.828513526183364,-0.044315293903943065,9.433962264150944,53
252,-0.3,3,65,20,-0.07234608596538128,-0.012759201955784949,-46.8373227259264,-0.07210636285357941,3.7037037037037033,81
252,-0.3,20,65,20,-0.06858562584016203,-0.01207601662988289,-46.84490593225504,-0.06799664627220092,8.641975308641975,81
252,-0.4,3,52,20,-0.06793239473508794,-0.011957573408610367,-46.91986308191249,-0.06879091742390864,15.294117647058824,85
1000,-0.2,13,65,20,-0.04286981367843945,-0.007464391158689465,-46.931530397392734,-0.04311675780772706,7.547169811320755,53
252,-0.2,52,65,20,-0.0702308786358472,-0.01237463767624658,-46.93289628192806,-0.07008160432986876,8.98876404494382,89
500,-0.4,10,52,20,-0.061963978274790055,-0.010878560800520076,-46.95429576338167,-0.061342332580461845,10.144927536231885,69
1000,-0.1,40,65,10,-0.04711100688244296,-0.008217835577346677,-46.96271716865688,-0.046633855137879876,7.017543859649122,57
252,-0.6,3,52,20,-0.0638558280955911,-0.011219965179950608,-46.965147907229465,-0.06650006241932305,9.859154929577464,71
1000,-0.6,26,52,20,-0.03184006619313895,-0.005517844913634606,-47.01187839449664,-0.031057976266939513,10.81081081081081,37
500,-0.3,6,65,20,-0.049613529692849156,-0.008663711756370374,-47.02387351999644,-0.04938632830255063,10.9375,64
1000,-0.4,20,52,20,-0.044349619475639424,-0.007726962472387133,-47.02457938230865,-0.044099961612439564,6.0,50
1000,-0.4,20,52,10,-0.04580683568079014,-0.007985855161296795,-47.056244086334715,-0.045530724732048555,8.0,50
1000,-0.8,20,52,20,-0.015282681472330584,-0.0026300059584734026,-47.07971902083799,-0.015028420580765256,15.0,20
500,-0.8,40,52,20,-0.01734580412264841,-0.0029876378356947786,-47.08636238269038,-0.016950928035111668,7.6923076923076925,26
252,-0.3,20,52,20,-0.08034234229656212,-0.014219595547424357,-47.104741173883724,-0.08021792810375916,9.574468085106384,94
252,-0.6,40,65,20,-0.04608490712539681,-0.008035295268001064,-47.11792220057327,-0.04606316138251265,9.836065573770492,61
1000,-0.1,20,65,20,-0.04982202923621082,-0.00870090416796343,-47.118253536006264,-0.048741096249554805,8.771929824561402,57
252,-0.5,40,52,20,-0.0709776624531342,-0.012510326983113607,-47.129788006169015,-0.07118776249491654,10.0,80
500,-0.8,26,52,10,-0.016740064301560165,-0.0028825714018855253,-47.15491901605869,-0.016777303317388248,15.384615384615385,26
252,-0.5,13,65,20,-0.055971607474098795,-0.009800928198103409,-47.16932186697047,-0.05753531571356141,8.955223880597014,67
252,-0.3,26,65,20,-0.0679164814444031,-0.011954688885130182,-47.24308410652898,-0.06731463844611607,8.641975308641975,81
252,-0.8,26,26,20,-0.05124931614191375,-0.008955687246109512,-47.28798852830633,-0.050590112483995586,6.25,48
500,-0.8,10,65,10,-0.016536840429640987,-0.0028473339530504793,-47.35867915643354,-0.017181990394163238,8.695652173913043,23
500,-0.7,52,40,20,-0.03827989991953584,-0.006652108873390183,-47.364934889692286,-0.03721004037539766,6.25,48
252,-0.4,6,52,20,-0.0739065110953534,-0.013043367906199421,-47.37806959422878,-0.07458332176313753,11.76470588235294,85
252,-0.1,13,65,20,-0.08014605276115494,-0.01418362047358479,-47.39820374389648,-0.07972564914225932,7.526881720430108,93
1000,-0.4,52,65,10,-0.035168116929798265,-0.006103239181138309,-47.417337368415666,-0.03394918076301734,7.317073170731707,41
1000,-0.6,52,52,20,-0.031696641030106276,-0.0054926543693736285,-47.43109189114515,-0.030967586103737288,8.108108108108109,37
500,-0.8,10,65,5,-0.016366580892754667,-0.002817816911934834,-47.443866325693406,-0.01700350711344001,8.695652173913043,23
500,-0.7,26,40,10,-0.04115687858814576,-0.0071608741515247765,-47.53059682796947,-0.04012810453808213,10.416666666666668,48
500,-0.7,52,52,20,-0.0317481043221457,-0.0055016927924205206,-47.53395277867646,-0.03089674829650857,11.904761904761903,42
500,-0.7,6,52,10,-0.029671217535956806,-0.005137248046493181,-47.56222394092268,-0.029153899629097424,11.904761904761903,42
1000,-0.1,52,65,20,-0.04640082266354706,-0.008091478418372433,-47.57810495556549,-0.04578402397711934,7.017543859649122,57
500,-0.1,6,65,20,-0.0658005926056181,-0.011571515282265188,-47.59712372205603,-0.06538691287152598,6.41025641025641,78
1000,-0.3,40,65,20,-0.037777423825233636,-0.006563380396212293,-47.59911479182987,-0.03672782790515938,12.76595744680851,47
1000,-0.5,26,65,10,-0.03409696666609019,-0.005914644586525464,-47.6023290234872,-0.0331260441983402,7.894736842105263,38
500,-0.2,52,65,20,-0.05391569238962246,-0.009432510986742915,-47.691934106556644,-0.054292656583603716,8.571428571428571,70
1000,-0.2,20,52,20,-0.05598153829937291,-0.00980270940213479,-47.69567338858512,-0.05498468228547193,9.523809523809524,63
252,-0.3,52,65,20,-0.06608046154655889,-0.011622156399861527,-47.71456007184614,-0.06590917743373181,8.641975308641975,81
252,-0.8,20,65,10,-0.02393664603829493,-0.004134312908112392,-47.72102400512399,-0.023968586713048357,12.5,32
500,-0.1,6,52,20,-0.08108414241996942,-0.014355606886246819,-47.75491915829308,-0.08109100637881494,9.782608695652174,92
252,-0.3,3,52,20,-0.08237118839192015,-0.014591806846502187,-47.78831233909594,-0.08238956219808147,12.76595744680851,94
252,-0.3,13,52,20,-0.07990038783303843,-0.0141386050627762,-47.804593960106395,-0.0796454551027771,11.702127659574469,94
252,-0.8,6,40,10,-0.032706540344897506,-0.005670094332358322,-47.81873657018162,-0.03241432036644498,10.256410256410255,39
252,-0.2,40,65,20,-0.07265426491444293,-0.012815292398874134,-47.83404452733237,-0.07222504188491385,8.98876404494382,89
1000,-0.2,10,65,20,-0.04359617363922996,-0.007593231720709137,-47.839731173729874,-0.043426036388443,9.433962264150944,53
500,-0.8,13,65,10,-0.014925144760690623,-0.0025680919405680624,-47.880455838688995,-0.0154370300519443,13.043478260869565,23
252,-0.4,3,65,20,-0.06288634891815281,-0.011044940994738184,-47.95339685406859,-0.06355226385203672,9.58904109589041,73
500,-0.4,52,52,20,-0.059198565738047604,-0.010380538340412304,-48.042687234303415,-0.05859638563193259,7.246376811594203,69
252,-0.7,13,40,20,-0.05859351530913004,-0.010271736795056996,-48.07208046497638,-0.05918319838370589,12.121212121212121,66
252,-0.8,10,65,10,-0.026033201097877545,-0.004500417362324982,-48.10414381310479,-0.02568699310634659,12.5,32
1000,-0.3,52,65,20,-0.037286524189900305,-0.006476733205225571,-48.106807419986254,-0.036617458060891006,12.76595744680851,47
1000,-0.7,6,65,10,-0.021630855885004463,-0.003732423404297469,-48.11737819114818,-0.020623843375252915,7.6923076923076925,26
1000,-0.5,52,65,10,-0.03318937821379064,-0.005754983529516422,-48.11767748057494,-0.032023655585655675,7.894736842105263,38
252,-0.8,26,65,10,-0.023246859753866422,-0.0040140036327884765,-48.127392203589686,-0.02312141307570459,12.5,32
1000,-0.4,13,65,20,-0.035044952722875666,-0.006081545155888213,-48.13535186405905,-0.03420255181248277,4.878048780487805,41
252,-0.8,6,52,10,-0.028179446760059568,-0.004875876236291821,-48.15157908083,-0.028723802520041697,15.625,32
252,-0.1,52,65,20,-0.07684544511039426,-0.01357965093884228,-48.19833533279433,-0.07694831881461184,7.526881720430108,93
500,-0.7,10,65,10,-0.024448215668725237,-0.004223584002899461,-48.20648652581047,-0.0239786545531131,11.11111111111111,36
252,-0.7,3,65,10,-0.03706791693708256,-0.0064381592954096956,-48.21242016298815,-0.03721343350525441,14.893617021276595,47
1000,-0.5,20,65,10,-0.030648601619110094,-0.0053086753104574225,-48.25133571637903,-0.029456299200481095,10.526315789473683,38
500,-0.2,6,65,20,-0.05594169033840901,-0.009795562320757845,-48.334702459282205,-0.055740112422015264,8.571428571428571,70
1000,-0.7,52,65,5,-0.024044492400471795,-0.004153129333763328,-48.34755000426182,-0.02429072050682246,7.6923076923076925,26
252,-0.8,26,40,20,-0.031397306961706506,-0.0054400906558401685,-48.362875479654576,-0.031242955369941483,10.256410256410255,39
500,-0.5,13,65,20,-0.04260133196866078,-0.007416788821696052,-48.37620240559223,-0.04138698566908672,3.9215686274509802,51
252,-0.6,52,65,20,-0.046548829224330235,-0.008117805555688418,-48.421610498977365,-0.047601773265986025,8.19672131147541,61
500,-0.1,3,52,20,-0.0821094658740662,-0.014543753033246398,-48.498778416981054,-0.08285101348979285,9.782608695652174,92
500,-0.2,13,65,20,-0.051478302532711684,-0.00899659287480592,-48.545401571840074,-0.052760341417095846,5.714285714285714,70
1000,-0.7,26,65,5,-0.02063051189656262,-0.003558311843525841,-48.61963505676995,-0.020399253563340047,3.8461538461538463,26
1000,-0.4,26,52,5,-0.052025195804071944,-0.00909432182883707,-48.636289225300395,-0.05040322264054664,10.0,50
252,-0.2,6,40,20,-0.1200693182676057,-0.021635146378598313,-48.65516358205707,-0.12107113542362291,6.8181818181818175,132
1000,-0.3,10,65,20,-0.03936602865083538,-0.006844031577785459,-48.65840574591274,-0.03818497456145231,4.25531914893617,47
500,-0.6,6,65,20,-0.03749253885690318,-0.006513091761798817,-48.72854898688399,-0.03725697569169695,6.976744186046512,43
1000,-0.2,20,65,20,-0.041454522443591935,-0.007213581735766361,-48.813496757036454,-0.04115471109311253,11.320754716981133,53
1000,-0.8,20,52,10,-0.016171647441790116,-0.002784027478472284,-48.86729109276311,-0.015838240173267293,15.0,20
1000,-0.1,26,65,10,-0.04691691568994305,-0.008183294798643548,-48.879668798700656,-0.04621346504178869,10.526315789473683,57
1000,-0.6,52,40,20,-0.04860355377940362,-0.00848364666289747,-48.90184221858125,-0.04817246078142512,10.638297872340425,47
252,-0.8,3,65,5,-0.025188098090592304,-0.004352765336698705,-48.9068095060918,-0.025287248643068083,12.5,32
1000,-0.7,13,65,5,-0.024188608917903753,-0.004178276662714753,-48.91094788681411,-0.023310667167279253,3.8461538461538463,26
1000,-0.3,20,52,20,-0.053084280412039164,-0.00928371153071239,-48.94452038643827,-0.05258599661560148,10.526315789473683,57
500,-0.7,3,52,20,-0.03462833536026111,-0.006008179584186535,-48.94925269054793,-0.03410723074320632,11.904761904761903,42
500,-0.4,26,65,20,-0.046819447014948,-0.008165951316924103,-49.01919658654621,-0.04622707383050517,7.142857142857142,56
500,-0.7,13,65,10,-0.024898490091015968,-0.004302190938436312,-49.04949476635689,-0.024768660224286698,8.333333333333332,36
252,-0.7,13,65,10,-0.036659113790491915,-0.006366044223322209,-49.06464629407706,-0.03687792470232931,14.893617021276595,47
500,-0.6,26,65,20,-0.03298413355055496,-0.005718894546235087,-49.09856976053635,-0.032132340582427865,9.30232558139535,43
500,-0.8,26,52,20,-0.018249853487222967,-0.0031445463928948536,-49.16193360273772,-0.017912910595995313,11.538461538461538,26
252,-0.6,10,65,20,-0.04687841331778486,-0.008176443548109535,-49.25949322449563,-0.04899696493585193,8.19672131147541,61
500,-0.5,3,65,10,-0.042495411898912705,-0.0073980120283854145,-49.268290690124864,-0.041192864768589965,9.803921568627452,51
1000,-0.4,20,65,20,-0.03540588052996185,-0.0061451251281393615,-49.28429773616709,-0.0346710805555307,4.878048780487805,41
1000,-0.6,20,65,10,-0.027151983277791336,-0.0046960486543971,-49.29311399703793,-0.026964763577695394,6.0606060606060606,33
1000,-0.7,52,40,20,-0.03625331096340778,-0.006294483510501214,-49.30323544027244,-0.035771989193100984,10.81081081081081,37
500,-0.5,20,52,20,-0.05792776481652584,-0.010152086991197184,-49.30421641482469,-0.057175346111632774,4.918032786885246,61
500,-0.6,40,65,20,-0.034476675036773985,-0.0059814789892259634,-49.341310452296256,-0.03406763167882054,9.30232558139535,43
1000,-0.5,52,52,20,-0.04145073616890638,-0.007212911166742719,-49.41531859500676,-0.041154374283039585,4.25531914893617,47
500,-0.4,13,65,20,-0.04506443502178825,-0.007853917472222305,-49.494872834492774,-0.043853212875378245,3.571428571428571,56
500,-0.7,20,52,10,-0.031428860786447244,-0.005445630941098956,-49.52570976550523,-0.03076432387306216,9.523809523809524,42
500,-0.5,20,65,20,-0.04325443108552407,-0.007532603875209154,-49.597693776714486,-0.042259690118615856,3.9215686274509802,51
1000,-0.6,6,65,20,-0.02980736411485496,-0.005161118750388716,-49.61364266323388,-0.029698764634111696,3.0303030303030303,33
252,-0.7,20,65,20,-0.034406775253127075,-0.0059691739364031715,-49.637953620486954,-0.03542878817477457,8.51063829787234,47
1000,-0.6,52,65,5,-0.02656579154411154,-0.004593523376792752,-49.710244252500615,-0.026366264188796618,6.0606060606060606,33
1000,-0.7,40,65,10,-0.02271336509847588,-0.003921002301837229,-49.718135624059826,-0.022879503771810583,3.8461538461538463,26
252,-0.5,26,65,20,-0.057260207911234096,-0.010032182896991926,-49.75306767148357,-0.05840961210244455,8.955223880597014,67
252,-0.4,52,65,20,-0.06365692140298829,-0.011184043463730364,-49.784797598004886,-0.06392657201897811,10.95890410958904,73
252,-0.6,26,52,20,-0.0656025344045833,-0.011535685075882651,-49.79528408146186,-0.06725175906997571,11.267605633802818,71
500,-0.6,13,52,20,-0.04328272354612561,-0.007537622500934482,-49.81829892050554,-0.0428544087412801,12.0,50
252,-0.8,20,40,20,-0.030412490930938785,-0.005267249799952856,-49.864019248423766,-0.029849853927511494,7.6923076923076925,39
1000,-0.3,3,65,20,-0.040728843466922404,-0.007085100300105784,-49.873075823775785,-0.039608012962896844,10.638297872340425,47
252,-0.6,40,52,20,-0.05933614521461816,-0.01040528628939763,-49.88341730989105,-0.059548878006076555,7.042253521126761,71
500,-0.6,20,52,20,-0.04338321389473199,-0.007555448860983582,-49.89452313363613,-0.04262032068703703,16.0,50
500,-0.4,20,65,20,-0.04502940208517048,-0.007847693602845762,-49.90500865249807,-0.04403650657898428,8.928571428571429,56
500,-0.5,6,52,20,-0.051625317007785276,-0.009022859534927652,-49.973055601678226,-0.05111205618603465,9.836065573770492,61
500,-0.8,13,52,20,-0.017184981455793613,-0.0029597376813081944,-50.022625418837656,-0.017856410016003466,3.8461538461538463,26
500,-0.5,13,52,20,-0.056994328465124866,-0.009984446216525278,-50.05325211273748,-0.05614417882097178,6.557377049180328,61
1000,-0.4,52,65,20,-0.03356279832639908,-0.005820659761988423,-50.09301040113201,-0.033090148452778245,7.317073170731707,41
1000,-0.8,13,52,10,-0.014686567292308106,-0.00252678825254693,-50.137410080459524,-0.01402921421099479,5.0,20
252,-0.4,26,65,20,-0.06316486700616153,-0.01109520767242711,-50.14601905032694,-0.06255932934627806,9.58904109589041,73
252,-0.2,20,65,20,-0.07256218652181423,-0.012798531952828096,-50.16360589033036,-0.07186065044916456,6.741573033707865,89
252,-0.3,10,52,20,-0.08693672472561087,-0.015431899814046357,-50.19354122750293,-0.08669195313011768,9.574468085106384,94
500,-0.4,6,52,20,-0.05949953096358551,-0.010434680197305868,-50.19454260876413,-0.05899053167010859,5.797101449275362,69
252,-0.7,26,65,20,-0.0354027960284472,-0.006144581687952622,-50.29631734671884,-0.03633903540508687,10.638297872340425,47
500,-0.8,20,65,20,-0.015428900620720554,-0.0026553318463887754,-50.453333845113754,-0.014981576275043484,13.043478260869565,23
252,-0.5,26,52,20,-0.07511140524320303,-0.013263060513132419,-50.51380784582601,-0.07674384661786049,11.25,80
1000,-0.6,3,65,20,-0.027402979629715052,-0.004739963722954377,-50.51401705145858,-0.026980967818913237,9.090909090909092,33
1000,-0.1,10,65,20,-0.04745295899729829,-0.008278704114324076,-50.534667315134705,-0.04638658975204979,8.771929824561402,57
252,-0.7,10,65,20,-0.03786689735112614,-0.006579177042373319,-50.611486394434046,-0.038652910008109775,8.51063829787234,47
252,-0.4,20,65,20,-0.06479272825564175,-0.011389250568171971,-50.61396241251587,-0.06463186951886679,6.8493150684931505,73
500,-0.4,40,65,20,-0.05073078654149865,-0.008863088493332616,-50.682513292625586,-0.0503286292278059,5.357142857142857,56
1000,-0.2,52,65,20,-0.0423478794857538,-0.0073718613497162355,-50.74133410101905,-0.04257577777728183,13.20754716981132,53
252,-0.4,13,65,20,-0.06218962072869516,-0.010919250379490819,-50.799086489156764,-0.06167234017502765,9.58904109589041,73
1000,-0.3,13,65,20,-0.041089241526048426,-0.007148898687789562,-50.85605195565968,-0.040006093459713954,4.25531914893617,47
1000,-0.4,52,52,10,-0.04922652420461071,-0.008594695155327292,-50.87038521698461,-0.04810371126961377,10.0,50
500,-0.6,6,52,20,-0.04342038805831849,-0.0075620437187261524,-50.87590860568744,-0.043414402579468936,8.0,50
252,-0.1,20,65,20,-0.08071239207001202,-0.014287433940877503,-50.8844581993597,-0.08001702100714359,5.376344086021505,93
252,-0.5,40,65,20,-0.05827803887343619,-0.010215030095488076,-50.91923008053016,-0.058661494855500984,8.955223880597014,67
1000,-0.7,10,40,20,-0.03340587281998331,-0.005793057518558964,-51.171293415065264,-0.032243744824449916,13.513513513513514,37
252,-0.5,52,65,20,-0.058676282451535444,-0.010286616747785526,-51.286106417176164,-0.05971583353715171,8.955223880597014,67
1000,-0.3,40,52,20,-0.05046784502615498,-0.008816148552893921,-51.317608456528944,-0.04953803847869731,14.035087719298245,57
1000,-0.7,3,65,20,-0.021513756249596616,-0.0037120343903287445,-51.409673113636345,-0.021215740010165907,15.384615384615385,26
500,-0.5,10,52,20,-0.05639589756159846,-0.009877043196491408,-51.419459572178326,-0.055770561845436495,8.19672131147541,61
252,-0.4,26,52,20,-0.0760556761167327,-0.01343539865122223,-51.533371383119295,-0.07570894823094587,9.411764705882353,85
500,-0.5,40,65,20,-0.046412693309416,-0.008093589822274483,-51.552334038418785,-0.04600870663820289,3.9215686274509802,51
252,-0.6,13,65,20,-0.04869535896138555,-0.008500007740331217,-51.561487355704536,-0.05070572159667386,8.19672131147541,61
500,-0.6,40,52,20,-0.04231490184301867,-0.007366016394423136,-51.59007848747072,-0.042008085265828776,10.0,50
1000,-0.2,40,65,20,-0.04362545671640328,-0.007598427606694047,-51.74477897128367,-0.04343364400005012,11.320754716981133,53
1000,-0.6,40,40,20,-0.04348922173732461,-0.007574255672674335,-51.758877034116985,-0.04289636061618085,6.382978723404255,47
500,-0.6,20,65,20,-0.03439964040165289,-0.00596791796941154,-51.868550440279435,-0.0333956929922663,6.976744186046512,43
252,-0.4,40,65,20,-0.06562896378209071,-0.01154046598343339,-51.91280235358116,-0.06543432488549161,6.8493150684931505,73
500,-0.4,6,65,10,-0.04864515017925042,-0.00849105961079788,-51.951745384865035,-0.04830150894274299,8.928571428571429,56
1000,-0.4,26,52,10,-0.04951632056481092,-0.008646373781434846,-51.95371419826628,-0.04810241560880013,8.0,50
500,-0.7,13,52,20,-0.03279540331818187,-0.005685714964496991,-51.988914899933505,-0.03223767542585787,14.285714285714285,42
1000,-0.7,40,40,20,-0.03551499527354496,-0.006164350340214897,-52.04232239392899,-0.03495747038745545,8.108108108108109,37
500,-0.7,26,65,20,-0.02421072791300749,-0.004182136545901827,-52.05699532645855,-0.02390453430027073,11.11111111111111,36
500,-0.8,26,65,20,-0.015805644663329232,-0.002720600168740206,-52.162436605360064,-0.01486874423464668,8.695652173913043,23
500,-0.7,40,65,10,-0.025609298218540633,-0.004426341973932768,-52.313261988066344,-0.02497108250496316,5.555555555555555,36
252,-0.7,52,65,20,-0.035731585151898226,-0.006202517219724091,-52.37271089887843,-0.03628260670981198,8.51063829787234,47
500,-0.7,40,52,20,-0.03305006713043568,-0.005730487216777824,-52.44194729764711,-0.03225316559314084,9.523809523809524,42
500,-0.4,3,65,10,-0.05365711313289301,-0.009386220931993039,-52.447033187284006,-0.05236974989003418,7.142857142857142,56
500,-0.5,10,65,20,-0.04361390162625023,-0.007596377296478107,-52.45836152952835,-0.04267278304721123,5.88235294117647,51
252,-0.4,10,52,20,-0.08064240971972425,-0.014274602876509945,-52.55521449379849,-0.08018826607789253,8.235294117647058,85
252,-0.8,10,40,20,-0.03413749348580586,-0.005921776879916352,-52.74106990797955,-0.03377590362729621,10.256410256410255,39
1000,-0.5,13,65,20,-0.032414176389576554,-0.00561871000779679,-52.81214869150982,-0.031475769235599915,2.631578947368421,38
500,-0.6,10,52,20,-0.04392827211248096,-0.007652165838206826,-52.829901054038025,-0.043816999768137244,12.0,50
252,-0.7,6,65,20,-0.037276588303106095,-0.006474979830491612,-52.84172491554772,-0.038368698205043184,8.51063829787234,47
1000,-0.1,40,65,20,-0.04848882545661948,-0.008463202173397355,-52.87003586727262,-0.04799902455944838,5.263157894736842,57
252,-0.4,20,52,20,-0.07765820270751222,-0.013728208979996492,-52.937577004460714,-0.0776350577371292,5.88235294117647,85
252,-0.7,40,65,20,-0.03494716977694323,-0.006064323396194116,-52.94505856279725,-0.03504252603901381,10.638297872340425,47
252,-0.8,10,52,20,-0.02884528019808008,-0.004992495185128232,-53.08102647933502,-0.028853564123164976,9.375,32
1000,-0.2,3,65,20,-0.049720773273309926,-0.008682841156634535,-53.09255145979714,-0.04851024983490149,5.660377358490567,53
1000,-0.7,20,65,5,-0.0223113937121604,-0.0038509565326372286,-53.138475668231855,-0.021660637745536282,3.8461538461538463,26
252,-0.4,13,52,20,-0.076684710227789,-0.013550284223172615,-53.16454174885504,-0.07618702155960333,9.411764705882353,85
1000,-0.1,26,65,20,-0.0488714614589858,-0.008531395543302067,-53.21641884605144,-0.04791794074807754,8.771929824561402,57
1000,-0.2,26,65,20,-0.045134420775041706,-0.007866351543845185,-53.37780054146626,-0.04417715362446184,7.547169811320755,53
1000,-0.5,10,65,20,-0.033327411102407445,-0.005779257972052254,-53.395603273128025,-0.03249926331220265,5.263157894736842,38
1000,-0.1,13,65,20,-0.04918974460939707,-0.008588137280259756,-53.43739271019607,-0.04798799926241126,5.263157894736842,57
252,-0.4,10,65,20,-0.06444053614635759,-0.011325597657311004,-53.52912113669597,-0.06394067813656523,5.47945205479452,73
1000,-0.6,10,65,20,-0.029974348228690717,-0.005190400019393637,-53.61424878600683,-0.02958456229562556,3.0303030303030303,33
252,-0.8,40,52,20,-0.026277857840807273,-0.004543182346872676,-53.684848579817874,-0.025710764389971552,3.125,32
500,-0.4,10,65,20,-0.04753458992877346,-0.008293237351557514,-53.931577748142125,-0.046597329449104996,5.357142857142857,56
1000,-0.7,6,65,20,-0.022606659388067496,-0.00390240590491997,-53.958940378945044,-0.02175427335967839,3.8461538461538463,26
252,-0.8,20,52,20,-0.025945196772365064,-0.004485036748800186,-54.00803732883019,-0.025702522644162062,6.25,32
1000,-0.7,52,65,10,-0.023428017154792924,-0.004045593431846961,-54.03956080328576,-0.02345598338966559,3.8461538461538463,26
252,-0.8,13,40,20,-0.035248434996429934,-0.006117387565089394,-54.06396898112555,-0.03510519486062813,7.6923076923076925,39
1000,-0.7,10,65,5,-0.02402807514378391,-0.0041502648320895785,-54.07673499784059,-0.022816297783519124,3.8461538461538463,26
1000,-0.7,10,65,10,-0.023848468440558768,-0.004118929458320486,-54.110881120128184,-0.022884656111182178,7.6923076923076925,26
500,-0.5,3,65,20,-0.04422822110052249,-0.007705409303245925,-54.12259266930506,-0.04355301119135402,5.88235294117647,51
500,-0.7,20,65,10,-0.022155485889352344,-0.0038237951454298535,-54.45969898746176,-0.021821704042138235,5.555555555555555,36
1000,-0.4,52,52,20,-0.046274506223925704,-0.008069012159345634,-54.550995241616434,-0.04574628679574233,10.0,50
1000,-0.7,26,65,10,-0.020949664025087578,-0.0036138447892429815,-54.71652422037453,-0.020681574555850735,3.8461538461538463,26
500,-0.6,10,65,20,-0.037916816832933686,-0.006587990909252106,-54.80750471933682,-0.037517362614701955,9.30232558139535,43
252,-0.8,13,65,10,-0.02656520370743709,-0.004593420589505737,-55.04593295160004,-0.026638201222258795,12.5,32
500,-0.7,10,65,20,-0.026331468833570404,-0.004552554515991236,-55.07334812673372,-0.02585218680427781,11.11111111111111,36
500,-0.8,52,52,20,-0.017399037128051575,-0.0029968737425588587,-55.13119007907106,-0.01728360615487523,11.538461538461538,26
1000,-0.6,13,65,10,-0.02983754077094447,-0.005166410026998025,-55.23718794661054,-0.029610943490799513,3.0303030303030303,33
500,-0.7,10,52,20,-0.032605611492839026,-0.0056523541623328954,-55.26637649446561,-0.03207923285964276,11.904761904761903,42
500,-0.8,13,65,20,-0.01732518118501214,-0.0029840598750680014,-55.35434863290995,-0.017289415602889213,4.3478260869565215,23
1000,-0.4,26,52,20,-0.04695675702446711,-0.00819038455051413,-55.4197968574253,-0.04620993163966469,8.0,50
252,-0.8,52,65,20,-0.02637542855167585,-0.004560239787325782,-55.447174631761115,-0.0254755688971412,6.25,32
500,-0.8,6,65,10,-0.015294129520370348,-0.002631988705167787,-55.48696995384954,-0.01465990894185587,4.3478260869565215,23
1000,-0.5,40,65,20,-0.03409855870533929,-0.0059149247639825875,-55.56760538787947,-0.03319500435313727,5.263157894736842,38
1000,-0.5,6,65,20,-0.03559412197742673,-0.006178293009032831,-55.57610612120093,-0.03458468772771228,2.631578947368421,38
1000,-0.6,40,65,10,-0.025846427614576784,-0.004467776125528178,-55.61885659059843,-0.025777545736136,3.0303030303030303,33
1000,-0.6,26,65,10,-0.02610283183598172,-0.004512587620036368,-55.65415982927729,-0.02601382198559954,12.121212121212121,33
252,-0.8,3,52,10,-0.027869247194418745,-0.004821568226989759,-56.041938167033905,-0.027507959452018227,9.375,32
500,-0.4,3,65,20,-0.05245471540855695,-0.009171109070685524,-56.061941823337136,-0.0517853171487771,5.357142857142857,56
500,-0.8,10,65,20,-0.0173897229096297,-0.0029952576991484348,-56.10474494282187,-0.017521650471972627,8.695652173913043,23
1000,-0.7,20,65,10,-0.02356745572638752,-0.004069911708968199,-56.24084184195345,-0.02349773124508414,0.0,26
1000,-0.2,6,65,20,-0.047468845254305614,-0.008281532357642063,-56.30325714157038,-0.0461144405334688,5.660377358490567,53
252,-0.8,26,52,20,-0.026950911550536416,-0.004660875322341607,-56.39460892346227,-0.026530218624096102,3.125,32
500,-0.7,52,65,20,-0.024676685155456624,-0.00426346544498013,-57.08569784613196,-0.023906414345592708,5.555555555555555,36
500,-0.7,20,52,20,-0.03373337066077364,-0.005850666614135802,-57.1049616300835,-0.03303770093958236,7.142857142857142,42
1000,-0.5,52,65,20,-0.032436320403392394,-0.005622601470632649,-57.49876122946189,-0.03185872070696727,5.263157894736842,38
500,-0.8,52,65,20,-0.015588558950274112,-0.0026829890290086533,-57.99681517926148,-0.015133043180042716,8.695652173913043,23
500,-0.5,6,65,20,-0.044022888261848414,-0.007668959504214756,-58.08360193535916,-0.04349860281004436,5.88235294117647,51
1000,-0.7,40,65,20,-0.024121804608228326,-0.004166619392979021,-58.863327010321555,-0.023964812836612448,0.0,26
252,-0.8,13,52,20,-0.02933505044290685,-0.005078319453072799,-59.168606529355756,-0.029509237179973336,3.125,32
500,-0.7,13,65,20,-0.027058480539178587,-0.004679691538280073,-59.50072702090062,-0.02656643516341517,2.7777777777777777,36
500,-0.6,13,65,20,-0.03741180577594505,-0.006498842792600268,-59.60571806688597,-0.03646203822210292,6.976744186046512,43
1000,-0.7,13,65,10,-0.024383920605553278,-0.004212362106670864,-59.760769757935144,-0.02364556283233754,3.8461538461538463,26
252,-0.8,6,52,20,-0.02956561387095402,-0.005118734371587164,-59.80076679263051,-0.029341476365240204,6.25,32
1000,-0.7,52,65,20,-0.022992150804605482,-0.003969596303119105,-59.966228221212944,-0.022948191738462187,3.8461538461538463,26
252,-0.8,6,65,10,-0.02705994645730747,-0.004679947971975906,-60.02029558151793,-0.026990473208304944,9.375,32
500,-0.7,6,52,20,-0.032576826105483736,-0.005647294862899166,-60.382561575915076,-0.03199673155313287,9.523809523809524,42
252,-0.7,13,65,20,-0.03955635281493286,-0.006877681037201544,-60.96995823902486,-0.039927845294873476,6.382978723404255,47
1000,-0.7,13,65,20,-0.02354906956489211,-0.00406670497254813,-61.23018329570608,-0.02257303839532676,3.8461538461538463,26
500,-0.8,6,65,20,-0.016769125684833464,-0.00288761091457157,-61.25812105601826,-0.015935105657584603,0.0,23
1000,-0.5,26,65,20,-0.0344703506809767,-0.005980365628754036,-61.565362273629574,-0.03377034064792561,5.263157894736842,38
1000,-0.6,20,65,20,-0.027550052308858763,-0.004765700362141967,-61.63543182552494,-0.027258296011130168,3.0303030303030303,33
1000,-0.6,13,65,20,-0.03081255551012463,-0.005337445865658541,-61.695624155664966,-0.030430894602440528,3.0303030303030303,33
1000,-0.6,52,65,10,-0.028611123169739905,-0.004951475652699822,-61.71934380074103,-0.028505628634254876,3.0303030303030303,33
252,-0.8,10,65,20,-0.028151937819804518,-0.0048710595438599125,-61.87737747875091,-0.027614597061450308,12.5,32
252,-0.8,6,40,20,-0.034800895739109605,-0.006038563973023048,-61.92435674575438,-0.03428233249955148,2.564102564102564,39
252,-0.7,3,65,20,-0.03844399941443699,-0.0066810942948859475,-62.046585106996304,-0.03850696330559622,10.638297872340425,47
1000,-0.7,20,65,20,-0.02317493852629915,-0.004001463526166593,-62.3294464174709,-0.022663012710910313,0.0,26
1000,-0.5,20,65,20,-0.030985119322389232,-0.005367731644457252,-63.186132341095096,-0.030105958697040802,2.631578947368421,38
500,-0.4,6,65,20,-0.05132770013701238,-0.008969688670384834,-63.86043831109543,-0.050807420854966256,1.7857142857142856,56
1000,-0.7,26,65,20,-0.02316100004831978,-0.003999033316926526,-64.46546700703341,-0.022991372528535337,0.0,26
252,-0.8,3,52,20,-0.026527722971619427,-0.004586866931206246,-64.65244884516939,-0.02610780903196963,3.125,32
1000,-0.7,10,65,20,-0.024289723646245487,-0.004195922316839629,-65.40948861835142,-0.02332669777045171,0.0,26
252,-0.8,20,65,20,-0.02593300341085414,-0.00448290579235755,-65.5054697256832,-0.025260559084645196,6.25,32
252,-0.8,40,65,20,-0.02613157177103076,-0.004517611077634154,-65.58267391694355,-0.02532485950777419,6.25,32
500,-0.7,20,65,20,-0.025203035500027338,-0.004355374202193341,-66.4102136748013,-0.024640387593760082,2.7777777777777777,36
252,-0.8,26,65,20,-0.026204960165563396,-0.004530439203837666,-67.1051618421427,-0.02560613469987527,6.25,32
252,-0.8,3,65,10,-0.0285017330511671,-0.004932315545608468,-68.12531898045337,-0.027746825522892204,3.125,32
1000,-0.6,40,65,20,-0.028191755482117498,-0.004878031475087363,-69.57845753830037,-0.027886874924437532,3.0303030303030303,33
1000,-0.6,26,65,20,-0.02898275476585821,-0.0050165817437550775,-69.64580523414536,-0.028711549485196386,3.0303030303030303,33
252,-0.8,6,65,20,-0.02856349837967853,-0.004943133764619967,-69.9354490302892,-0.027993348287078557,6.25,32
252,-0.8,13,65,20,-0.029443034776295507,-0.0050972467808100275,-70.07497532266628,-0.029063816695692357,6.25,32
500,-0.7,40,65,20,-0.02806383963901249,-0.0048556347068945405,-70.17442453389435,-0.02739965546759693,0.0,36
1000,-0.6,52,65,20,-0.03025459561441246,-0.00523955180600999,-70.97661799805903,-0.029899539527040053,3.0303030303030303,33
252,-0.8,3,65,20,-0.027078994685469926,-0.004683280115935551,-71.83702893094542,-0.026362979131370312,3.125,32
