UnivSize,MA_h,Threshold,Hold_h,TopN,sharpe,sortino,maxdd,ann_ret,total_ret,win_rate,active_days
60,208,-0.8,4,10,2.51076229744712,4.376484386319757,-0.09084341365100856,0.44458162627748843,14.287757824218023,0.5507246376811594,1242
60,208,-0.8,4,5,2.47306157079035,4.300173231443755,-0.09448416829850614,0.4385941858013338,13.82416856346709,0.5499194847020934,1242
60,208,-0.8,4,3,2.3257195909837427,3.9986928976056553,-0.10600199126234044,0.41065366834308237,11.817927074922943,0.5414987912973409,1241
60,104,-0.8,4,10,2.3075524160624203,3.7199263455757783,-0.09503063535304423,0.3934246083996098,10.701708899216309,0.5346687211093991,1298
40,208,-0.8,4,10,2.2566229260470982,3.6120518823010297,-0.08728995514532922,0.4050078124457248,11.442422075941316,0.5552486187845304,1086
60,104,-0.8,4,5,2.253761694164744,3.6294583813549717,-0.10442434416425173,0.384236228202262,10.141575784450218,0.5338983050847458,1298
40,208,-0.8,4,5,2.249840240713473,3.613332574601227,-0.08728995514532967,0.4049352993883635,11.437661834728802,0.5552486187845304,1086
80,104,-0.8,4,10,2.247784192339408,3.5940303280953723,-0.10873863918053595,0.35242794481689943,8.37763458832489,0.5354505169867061,1354
40,208,-0.8,4,3,2.15674227712173,3.435244438073894,-0.08955824151978131,0.38537200023899576,10.209531971799285,0.5478821362799263,1086
80,104,-0.8,4,5,2.1461341378184,3.411712121318697,-0.10937353243853565,0.3360617907201864,7.5682192589711015,0.5361890694239291,1354
60,104,-0.8,4,3,2.1160950901560134,3.3763579683608183,-0.13046022817275849,0.35987893977725194,8.767517082335871,0.5269645608628659,1298
60,156,-0.8,4,10,2.1138220995413577,3.243964610230168,-0.1337945972034591,0.37763252016779436,9.753474967570133,0.5391923990498813,1263
80,208,-0.8,4,10,2.1120220680544013,3.5098273459224067,-0.10433021173408386,0.33451488864810885,7.494941351057529,0.5323076923076923,1300
80,156,-0.8,4,10,2.0785983650511715,3.1327035361341626,-0.12519977237384816,0.34640671145928303,8.072474544273447,0.539622641509434,1325
80,104,-0.8,4,3,2.075029515891664,3.313391184613306,-0.10478320871619484,0.32971387114326745,7.270954966709631,0.53397341211226,1354
60,156,-0.8,4,5,2.06183430764536,3.1601411326012347,-0.1337945972034592,0.36774721036018887,9.194381260045558,0.5384006334125099,1263
80,208,-0.8,4,5,2.0554123722852564,3.3933881729434523,-0.10860262715228242,0.3259007494698729,7.096716182814028,0.5284615384615384,1300
80,52,-0.6,13,10,2.0023198838413507,3.044977629659224,-0.12114853553400473,0.29415810089406014,5.76527249650882,0.5395095367847411,1468
80,156,-0.8,4,5,1.9997806780007135,3.016252830936313,-0.12457464949124764,0.33330219534797023,7.437874889424624,0.5373584905660377,1325
60,156,-0.8,4,3,1.9963861278889183,3.048074176845802,-0.1337945972034591,0.3572600393527483,8.628911702616616,0.5376088677751386,1263
20,208,-0.8,4,10,1.9457806764879078,3.0451863266474426,-0.09724498363876077,0.39286863629454194,10.667137132669366,0.5294117647058824,901
20,208,-0.8,4,5,1.943143865778905,3.044605513208498,-0.09724498363876077,0.392393817339844,10.637681669117784,0.5283018867924528,901
40,104,-0.8,4,5,1.9370118638016254,3.01309802826178,-0.11308049580789004,0.33529683859008563,7.531914849776328,0.5256518082422204,1189
40,104,-0.8,4,10,1.9365048914614198,3.008163692515371,-0.10851031796970445,0.33431410124475414,7.485469773733737,0.5273338940285954,1189
20,208,-0.8,4,3,1.9318031169334384,3.014409145594256,-0.097244983638761,0.3889980208681294,10.428891833468848,0.5288888888888889,900
80,52,-0.6,13,5,1.88870678504521,2.8796987633335815,-0.12291924121654418,0.27746096120695474,5.144294294683435,0.534741144414169,1468
80,52,-0.6,8,10,1.8713351244698515,3.0358569563450137,-0.10110867834932091,0.23055556940435418,3.6560702657472675,0.534106412005457,1466
80,208,-0.8,4,3,1.8634148670088087,3.0206167791918888,-0.11186059098750678,0.2928027085196483,5.712916909375083,0.5207692307692308,1300
80,156,-0.8,4,3,1.8457252470813932,2.73547411187082,-0.12320322462153654,0.3073971069254622,6.2955322753780125,0.5373584905660377,1325
40,104,-0.8,4,3,1.8373644574554462,2.814235162673796,-0.12186784559888098,0.3176052312992581,6.728589880997827,0.5218487394957984,1190
40,156,-0.8,4,10,1.8312297368132016,2.630414400359302,-0.14913842676323152,0.36092997711985486,8.823626681390891,0.5375874125874126,1144
40,156,-0.8,4,5,1.823589549161442,2.614794088824248,-0.15143340239833647,0.3594564165814369,8.745038951401236,0.5384615384615384,1144
80,104,-0.8,13,10,1.8201396913609682,2.4930836692987137,-0.14410796924211,0.3650356577447966,9.045489253436111,0.5346676197283774,1399
80,104,-0.8,13,5,1.8155863087669286,2.5079420390839475,-0.1557629672880999,0.3648508567290798,9.035410627398768,0.5346676197283774,1399
40,156,-0.8,4,3,1.8045813701221753,2.6024954636041113,-0.15297151312623736,0.35646115833814584,8.58697107045668,0.5323426573426573,1144
80,52,-0.4,8,10,1.794891053584108,3.016756746477391,-0.0961467595233535,0.2130949182013273,3.18797719394024,0.5367847411444142,1468
80,52,-0.8,26,10,1.7942064333371908,2.773913122393719,-0.16478799131047572,0.32247290729412925,6.942802146308042,0.5276828434723172,1463
80,104,-0.8,13,3,1.7903963005666876,2.4813215842731657,-0.16858442720085054,0.3574182576389251,8.637236844012103,0.5267665952890792,1401
80,52,-0.8,26,5,1.7890729632691125,2.788488451230723,-0.1752452861904401,0.31861366393287804,6.772552790680875,0.519808743169399,1464
60,104,-0.8,13,10,1.7880062653406987,2.4686299407888708,-0.20010063800436906,0.3929619291021589,10.672932140558384,0.5292397660818714,1368
60,104,-0.8,13,3,1.7763950249219613,2.49294602914071,-0.19626207124698103,0.3874460830242783,10.334555408375946,0.5277777777777778,1368
60,104,-0.8,13,5,1.7741196959212073,2.447997073499027,-0.21978430626654144,0.3895099482676905,10.46015857861607,0.5277777777777778,1368
60,52,-0.4,8,10,1.7673704425629806,2.8396468234836716,-0.11553092032215773,0.23070692206478904,3.660317811863562,0.5262440354464895,1467
80,52,-0.4,13,10,1.7525200232600937,2.7215008939206755,-0.1357299261029229,0.24015879294964693,3.93230608828725,0.5268890401633765,1469
80,156,-0.8,8,5,1.744953226272194,2.4916887111792,-0.18296322522521447,0.3208476534758693,6.870715415891809,0.5310192023633677,1354
60,156,-0.8,8,5,1.7443317577692339,2.548807101390806,-0.1576510864226991,0.3466611254681353,8.085192348589016,0.531441717791411,1304
60,156,-0.8,8,10,1.74307507352725,2.550057488320636,-0.1572150311251458,0.34628430578263214,8.066361143558211,0.531441717791411,1304
80,156,-0.8,8,10,1.7424931488328306,2.4909052117378288,-0.18204110649443506,0.3193365330172957,6.8041994462282345,0.5361890694239291,1354
80,52,-0.6,8,5,1.7407889686088258,2.831479630627568,-0.10598724357147671,0.215232336058661,3.242996146452877,0.512610770279482,1467
80,156,-0.8,13,10,1.7342711208289996,2.5409500726831658,-0.1858030153854351,0.3645980673822211,9.021638241055864,0.5295404814004376,1371
20,104,-0.8,4,5,1.7283750746906927,2.600650272083163,-0.12100450704423704,0.3229503012901598,6.964084770094159,0.5215264187866928,1022
20,104,-0.8,4,3,1.7252795456932026,2.599664563684938,-0.12100450704423737,0.32363867233491606,6.994859777626937,0.5205479452054794,1022
60,104,-0.8,8,3,1.723956107395828,2.390125694337449,-0.16898001241354443,0.31327129779254226,6.542090498086447,0.5185735512630015,1346
60,52,-0.4,13,10,1.7091186169443726,2.6404786163716967,-0.15088796296257156,0.2603452875800478,4.559548275741204,0.5262083049693669,1469
60,52,-0.4,13,5,1.7079227908096062,2.6682239516654582,-0.14052171883188602,0.26184010538155,4.60862199484603,0.5282505105513955,1469
20,104,-0.8,4,10,1.7049668218048366,2.558055533905643,-0.12100450704423704,0.31734995866728966,6.717495379018338,0.5215264187866928,1022
40,52,-0.4,8,10,1.7022558156726353,2.649265843370614,-0.1214409476408641,0.2563011753769677,4.428640525163573,0.5345181134654818,1463
80,156,-0.8,13,5,1.7018534875361526,2.502236959793495,-0.19794764023250433,0.35815244748830555,8.675950043745598,0.5251641137855579,1371
60,104,-0.8,8,10,1.6986587363535501,2.3511103831898756,-0.16624973566719314,0.3089494726332178,6.360002043633493,0.5189591078066914,1345
80,156,-0.8,8,3,1.6976320218980183,2.418538669852266,-0.1799930240195705,0.312088486204656,6.491872768167933,0.53397341211226,1354
80,52,-0.8,26,3,1.6970139070462325,2.6142647474245826,-0.18343862122427945,0.29899345456936577,5.954939790732321,0.5204918032786885,1464
60,156,-0.8,8,3,1.691937482005383,2.4562551591664463,-0.15340218817690854,0.3370243669942725,7.6140926893613,0.5283742331288344,1304
60,104,-0.8,8,5,1.681993914400488,2.32328504289025,-0.16687973295449698,0.3042719807411769,6.1672260329381094,0.5193164933135216,1346
80,52,-0.4,13,5,1.6796847417734881,2.640969491572457,-0.12658718051474316,0.2311020589823931,3.6714226988688825,0.5282505105513955,1469
40,52,-0.4,13,10,1.6736877532783503,2.574961290170445,-0.15823062470135218,0.2857669477386402,5.446735998817014,0.523517382413088,1467
80,104,-0.8,8,3,1.6720393496046764,2.2133101530046893,-0.17881737167055556,0.2818772486311836,5.303536617468924,0.5311594202898551,1380
80,104,-0.8,8,10,1.6688484374543613,2.204832818767833,-0.17454408163287516,0.28131624175529035,5.283111951611803,0.5344452501812907,1379
80,104,-0.8,8,5,1.6677258517057791,2.200786307894699,-0.17474213423433826,0.2796983850165513,5.224530681297563,0.5318840579710145,1380
40,52,-0.4,8,5,1.6642677656003255,2.598973405416933,-0.11233723872606216,0.24801468930740622,4.168713375239157,0.5311004784688995,1463
80,156,-0.6,13,5,1.663655326975356,2.6793866440187086,-0.1540834456606086,0.25921789260733785,4.5227829145778,0.5405777166437414,1454
20,156,-0.8,4,5,1.6629916120417607,2.172893168454906,-0.19350461791542617,0.3224878707207275,6.943468480674967,0.5380549682875264,946
80,156,-0.6,13,10,1.6628710902344463,2.6920116086454735,-0.15116957313091073,0.25937074979811103,4.527755365131802,0.5440165061898212,1454
60,156,-0.8,13,10,1.6627228016157491,2.3528723115040155,-0.20116389138935475,0.38481762710514644,10.176317726977853,0.5408852213053263,1333
20,156,-0.8,4,10,1.661824494974642,2.171763922480409,-0.1935046179154264,0.3222056392550938,6.930908611357902,0.5380549682875264,946
80,104,-0.6,13,10,1.6565406964959797,2.524704861895842,-0.18347942412446339,0.2631659415395946,4.6524613229525,0.5313778990450204,1466
40,52,-0.4,13,5,1.6541811238340611,2.5236419774216357,-0.15781786786562457,0.2823677734072265,5.321442273492462,0.523517382413088,1467
20,156,-0.8,4,3,1.648361548220207,2.1607986272293718,-0.1935046179154265,0.3200184966228308,6.834157418793296,0.5359408033826638,946
60,52,-0.4,8,5,1.647612410696312,2.5568967243375273,-0.11676045158185522,0.21566954261026017,3.254326919610377,0.5255623721881391,1467
40,52,-0.4,13,3,1.6474439175609605,2.528633522394214,-0.14413880977725646,0.2837044057279272,5.370456936437538,0.5248807089297887,1467
60,156,-0.8,13,5,1.639490045577334,2.320935108459117,-0.19913291442707826,0.3787360632667349,9.817504311620791,0.5386346586646662,1333
80,156,-0.8,13,3,1.635685652825928,2.3916119774789415,-0.18940356198353736,0.34221338521308997,7.865063688818358,0.5251641137855579,1371
80,104,-0.6,13,5,1.6265487477634275,2.5070621771420183,-0.18633521592955649,0.25756410798108287,4.469232143614237,0.5300136425648022,1466
60,52,-0.8,26,10,1.6262459382818502,2.4959377531346396,-0.2586470113019198,0.32283239636553684,6.958823887660446,0.5222755311857437,1459
80,208,-0.6,13,10,1.6259205353318549,2.542075187491404,-0.1267865924095607,0.26372582631299135,4.671062982198457,0.5359835503769705,1459
80,52,-0.6,13,3,1.6237160389796808,2.4924159115825764,-0.13778443856275857,0.24047296364594484,3.941577581649593,0.521117166212534,1468
60,52,-0.6,13,10,1.622325321166468,1.9443323232234127,-0.19819713215783386,0.2782017037344011,5.170758435900021,0.5326975476839237,1468
60,52,-0.8,26,5,1.614607599018825,2.493949703570869,-0.2739020004881326,0.31765670707518656,6.73082876040993,0.5201916495550992,1461
80,52,-0.4,26,10,1.6105872088262485,2.3889148660676542,-0.16441648012386223,0.2532825509574872,4.332673982805872,0.5319727891156463,1470
20,104,-0.6,4,3,1.606867457931158,2.420525787982021,-0.16353859972267615,0.26646738058517094,4.762915229299291,0.5389705882352941,1360
60,156,-0.8,13,3,1.6041693639188306,2.2661679172086537,-0.19807397668305893,0.3695397932412605,9.29385732951969,0.5356339084771192,1333
80,104,-0.8,26,3,1.6039792885206383,2.3878231106341765,-0.21411949156069254,0.32097766421809437,6.876461027297945,0.5170020818875781,1441
60,208,-0.8,8,10,1.602763796805617,2.2043057371977213,-0.1947160129175658,0.29809412732172147,5.919319418071738,0.525039123630673,1278
60,52,-0.8,26,3,1.5975250172474336,2.4323326809097923,-0.2665675425062868,0.3093119613895783,6.3751269871078255,0.5201916495550992,1461
80,104,-0.8,26,10,1.595224173415806,2.362573405281057,-0.20441555451466165,0.321019086338419,6.878292371973081,0.5208333333333334,1440
80,52,-0.4,26,5,1.5951826913093718,2.3618831979408332,-0.1703482526605845,0.2505308086255045,4.246474329883521,0.5251700680272109,1470
80,208,-0.6,26,10,1.594856634685066,2.376216933717887,-0.1443124818572903,0.2829904051837884,5.344233600696053,0.5495557074504442,1463
60,52,-0.6,13,5,1.594305263580699,1.9198310697364787,-0.19586863125956266,0.2723874447139196,4.965660046474931,0.5306539509536785,1468
60,208,-0.8,8,5,1.5937008296438622,2.186647818492509,-0.19871813246949666,0.2967330771110894,5.865711402389414,0.52660406885759,1278
80,208,-0.6,13,5,1.5917281923211561,2.456657808409104,-0.1254705662486072,0.2571677518498927,4.4564647782442846,0.5373543522960932,1459
60,208,-0.8,8,3,1.5873584847025861,2.169497101033942,-0.2022381367856394,0.29405039735103156,5.761099284261393,0.5226917057902973,1278
20,52,-0.4,8,10,1.5787698122122535,2.4150633634222336,-0.1146195894067793,0.24031912943841505,3.9370358972904205,0.5384615384615384,1456
20,104,-0.6,4,5,1.5759366528560625,2.3656510332321625,-0.17187592257644235,0.26061955039502216,4.568524184489755,0.5423105224429727,1359
80,52,-0.8,52,5,1.5723475335848374,2.314475160478544,-0.20980711055049495,0.2787080375063782,5.1889046595595945,0.5251700680272109,1470
80,208,-0.6,26,5,1.5717815640197625,2.331287054921812,-0.1449283823277061,0.2782398945615423,5.172125529558105,0.5495557074504442,1463
20,104,-0.6,4,10,1.5710511780619827,2.354766467717075,-0.16958940458842386,0.2605029165227748,4.564705530217994,0.5415746872700515,1359
80,208,-0.8,8,10,1.5675967941168019,2.213651306815104,-0.1575591779490889,0.2722859753946265,4.9621337303888575,0.5168539325842697,1335
60,52,-0.4,26,5,1.5668333339347733,2.336033739780036,-0.19455512890982574,0.26767820256892216,4.803890215793947,0.5346938775510204,1470
20,52,-0.4,8,5,1.5654685561259558,2.3848740632525867,-0.11461958940677952,0.23715519977299837,3.844423947578461,0.5384615384615384,1456
80,52,-0.6,26,5,1.5623189011677332,2.28845591529401,-0.15441662105869736,0.25220683381646425,4.298831883131341,0.5350578624914908,1469
80,208,-0.8,8,5,1.5614807221241649,2.19043324268348,-0.16409490191744136,0.27077387344646864,4.909797608133445,0.5161048689138577,1335
80,52,-0.6,26,10,1.5596598139431925,2.268189327685431,-0.16356555272831397,0.24907486764359965,4.201355881125001,0.5323349217154527,1469
80,208,-0.6,26,3,1.5579407702792734,2.3067291242455257,-0.14296150907066174,0.2739303149395247,5.019501435547243,0.5440874914559125,1463
80,104,-0.8,26,5,1.556477645382005,2.3001051637121206,-0.20419173248226474,0.3116168500094578,6.471929688792712,0.5197779319916724,1441
60,104,-0.8,26,10,1.5548324788608427,2.2769623651978623,-0.24372449695757648,0.34407858155279225,7.956808037850891,0.5204513399153737,1418
40,52,-0.6,13,10,1.5538615577689736,1.9597298853324687,-0.20286703103467651,0.30894961836710166,6.360008119023773,0.5318275154004107,1461
40,52,-0.2,13,3,1.5519867147750863,2.4449913303737008,-0.1686658959349192,0.24831286674212882,4.177876186664833,0.5258855585831063,1468
40,104,-0.6,4,10,1.5496996425926182,2.194120450459698,-0.1724395768808139,0.2256915862389457,3.521339150469479,0.5417847025495751,1412
60,104,-0.8,26,3,1.5477911787091267,2.278513417348895,-0.25809558118175413,0.3411030941281912,7.810838180178543,0.5225669957686883,1418
60,52,-0.4,26,10,1.547717539642806,2.3318553667119377,-0.19082059978930688,0.26646763090214476,4.76292367425222,0.5380952380952381,1470
80,52,-0.4,8,5,1.5476688204146163,2.5119554253806635,-0.11265588314321962,0.1863021704490606,2.5488819554774698,0.5190735694822888,1468
40,52,-0.2,13,5,1.5475509318232865,2.386442890373657,-0.17357978009434227,0.24767617268078945,4.158327970583398,0.5231607629427792,1468
40,52,-0.4,4,10,1.545181131305249,2.475258362337545,-0.11234386337035585,0.20331197609788831,2.9439581408742788,0.5277587388622345,1459
80,104,-0.4,13,10,1.5442118167749492,2.3339901292055543,-0.17739246729646796,0.22104038543789906,3.3956701630606263,0.5326975476839237,1468
80,104,-0.6,13,3,1.5400541158246603,2.3207628933795994,-0.19136454791581115,0.24469637663820865,4.067686436318046,0.5272851296043656,1466
60,104,-0.8,26,5,1.5369789761548933,2.251199308685174,-0.25834318833180436,0.337569997346145,7.640189991578108,0.5236414961185604,1417
40,52,-0.4,8,3,1.5364228088207672,2.3800087947178206,-0.11478899085563044,0.23163678019957534,3.686486895280286,0.5249487354750513,1463
80,208,-0.6,13,3,1.533386543118612,2.337460791599385,-0.13224611907951833,0.24862152565026685,4.187375886182582,0.5311857436600411,1459
40,52,-0.6,13,5,1.5322338061731415,1.9197801455271255,-0.2106015375417667,0.302514503582731,6.095931734627868,0.5318275154004107,1461
60,52,-0.6,13,3,1.529262158996062,1.8491229069055888,-0.19970961715521962,0.26133002378948467,4.591834458948994,0.5255623721881391,1467
80,52,-0.8,4,10,1.5267916998400572,2.0782569964924047,-0.21572119556583425,0.24072045439506673,3.9488918958861223,0.5270655270655271,1404
40,52,-0.6,13,3,1.5262624393629065,1.9252486349653977,-0.20357838677265394,0.30060833111390894,6.019299801132915,0.5284052019164955,1461
80,156,-0.6,4,10,1.5214487522697484,2.4318339942539438,-0.09855585516342702,0.1707597000921659,2.2183024049807103,0.5279503105590062,1449
80,52,-0.6,26,3,1.5153808880994324,2.219881305603194,-0.17009911867439342,0.24515580083934485,4.081571016207305,0.5286103542234333,1468
60,156,-0.6,4,10,1.513428237931685,2.335937965214273,-0.1365628766048449,0.1927523866291696,2.6944647843025336,0.5309242529534399,1439
60,52,-0.4,13,3,1.5127866196231583,2.342327207358306,-0.14080734861184696,0.2310509959458329,3.6699863418125833,0.5105513955071477,1469
60,52,-0.2,13,10,1.5121402594013449,2.303349859356211,-0.16838764057877065,0.217466130652326,3.301163075425399,0.527891156462585,1470
80,156,-0.6,13,3,1.5119340083552415,2.350363976307814,-0.17142391683979474,0.23303708273607326,3.7261355969381,0.5405777166437414,1454
40,52,-0.2,13,10,1.5114607635877653,2.3564527609683106,-0.17264846540978107,0.241784843561482,3.980455600516347,0.5252043596730245,1468
80,52,-0.8,52,10,1.511345667217338,2.18944970733921,-0.21364898544121702,0.26659818766397736,4.767329731768147,0.5251700680272109,1470
40,52,-0.8,26,3,1.5093653169031342,2.244855657967541,-0.2374144974216993,0.3434981414620011,7.928170016211645,0.5256944444444445,1440
40,104,-0.6,4,5,1.5080137100085256,2.13824922952823,-0.169458277026177,0.21969776036767685,3.359961211131383,0.5410764872521246,1412
80,52,-0.8,52,3,1.5076542854155595,2.235624533387814,-0.214534098531589,0.26599591422461843,4.747028338497016,0.5183673469387755,1470
80,208,-0.8,8,3,1.5053695165927947,2.117713849585688,-0.16586386427534094,0.25984700972763997,4.543272961540039,0.5116104868913858,1335
80,104,-0.6,26,10,1.5051604675113912,2.2623578919134713,-0.183733595313457,0.2576145167090158,4.4708577531103675,0.5279291553133515,1468
80,52,-0.2,13,10,1.5040366032380603,2.274684887759291,-0.14924932576776273,0.19849368682135804,2.828364794300026,0.5272108843537415,1470
60,156,-0.6,13,10,1.5025196147350706,2.124517290103228,-0.18485583350226698,0.2715472823402312,4.936516577964069,0.5365517241379311,1450
20,52,-0.4,8,3,1.5019380401258484,2.280720889645856,-0.11721060044373854,0.22764164730880743,3.5749446281426005,0.5339739190116678,1457
60,52,-0.2,13,5,1.5004660269384806,2.3233414987129852,-0.16527844634704403,0.21565760626989294,3.254017226689654,0.5306122448979592,1470
80,156,-0.6,8,10,1.488446859088512,2.365993461888593,-0.13702161057078222,0.19625579866629406,2.7756812915554088,0.5271851342050929,1453
60,156,-0.6,13,5,1.4863501234623901,2.0850625407872543,-0.17778926674683204,0.26697975373684213,4.7802236145725105,0.5386206896551724,1450
60,52,-0.4,26,3,1.4840077806375336,2.189331605918469,-0.20768788629533608,0.25584149477440365,4.4139308750659945,0.5333333333333333,1470
80,52,-0.4,26,3,1.4826564914420761,2.157010926310312,-0.18417108535537496,0.23467591286851497,3.7729063202256192,0.5319727891156463,1470
20,52,-0.4,13,3,1.477109129196237,2.335518428535222,-0.1578399280841707,0.25615541611848447,4.4239725309279185,0.5202193283070596,1459
80,104,-0.6,26,5,1.4767385919022467,2.206107788751994,-0.19818435084306985,0.252722754269739,4.315039499461568,0.5306539509536785,1468
20,52,-0.4,4,10,1.476622191956681,2.4207124094508523,-0.10583838165719983,0.2041108097548936,2.963411455081727,0.5330578512396694,1452
80,104,-0.6,26,3,1.47417907003008,2.229711782075668,-0.20352305530823045,0.2528811356427634,4.320023638692238,0.5177111716621253,1468
80,104,-0.4,13,5,1.473758302394063,2.232314183352512,-0.17733074998101195,0.21164859434769445,3.1510986874825972,0.5252043596730245,1468
60,52,-0.8,4,10,1.4710833109534793,2.0529075839099598,-0.22588832044774076,0.24969776277081657,4.220617647399809,0.5184094256259205,1358
80,104,-0.4,26,10,1.4707001499203054,2.172084801105611,-0.17531042475333203,0.23652457051295794,3.826145445049038,0.536734693877551,1470
60,52,-0.6,8,10,1.4703081252203056,1.701702649926604,-0.21190582545943248,0.21495233141911108,3.2357531865895472,0.5239398084815321,1462
80,208,-0.6,8,10,1.4681856541994094,2.2532784329976296,-0.111797831463753,0.19150801593095723,2.665983689855322,0.5380919698009609,1457
40,52,-0.4,26,10,1.468100132189759,2.233800533223026,-0.20102465936688818,0.27818362202458835,5.170111267384019,0.5312925170068027,1470
40,52,-0.4,26,3,1.4662491629927081,2.1790912067029997,-0.20328942956407103,0.27777006609238253,5.155325569577925,0.535374149659864,1470
40,52,-0.2,8,10,1.4637084500605173,2.338636750085532,-0.14141703315619059,0.20296031215560006,2.9354205897919274,0.5439074200136147,1469
40,52,-0.2,8,5,1.4617063823424414,2.2671122545604248,-0.13634402963796977,0.1988502762145683,2.8368179495842702,0.537780803267529,1469
40,52,-0.4,26,5,1.4591982933887833,2.2133192009705427,-0.20165512971064437,0.2755786199432295,5.077486139350497,0.5299319727891156,1470
80,156,-0.6,26,5,1.4586030570206598,2.233393738590038,-0.13920025357655263,0.25361964713064444,4.3433174454860195,0.541095890410959,1460
60,52,-0.8,52,5,1.4550908543321903,2.1458112479020133,-0.24581743168713321,0.2776255184739165,5.150164851465583,0.5207907293796864,1467
80,156,-0.6,26,10,1.4541087302494784,2.233058703877548,-0.13790704562792477,0.25198996698499254,4.292031796700313,0.5390410958904109,1460
40,208,-0.8,8,10,1.4511942557873525,1.9070619890651583,-0.18876400664150916,0.2787483251643781,5.190350487913114,0.5251101321585903,1135
80,52,-0.6,4,10,1.4505001027990725,2.3562217790253777,-0.07812448406759098,0.15854219984917406,1.977480314535959,0.5229295003422314,1461
80,104,-0.4,26,5,1.4502213292628896,2.13416104109709,-0.18178111635261995,0.23406312158506104,3.7553711597284973,0.5374149659863946,1470
60,52,-0.6,26,5,1.4501609314391086,2.1232414644136943,-0.21162014791488548,0.2522514634997912,4.3002322310587635,0.5296119809394145,1469
20,52,-0.4,4,5,1.4494481729099764,2.3839989292890604,-0.10583838165720005,0.20027886770775916,2.8708456696379407,0.5268595041322314,1452
20,52,-0.4,13,5,1.4473219270349844,2.2398719285104045,-0.16139873575047148,0.2516797028763831,4.282316268247105,0.5270733379026731,1459
40,208,-0.8,8,3,1.4463488958304016,1.90608207560221,-0.19682329227677464,0.2777566946777277,5.154848018823112,0.5251101321585903,1135
20,52,-0.4,13,10,1.4456642040502299,2.2411152437172963,-0.15768309552984439,0.2515860967376917,4.2793881419968685,0.5263879369431117,1459
60,156,-0.6,13,3,1.4437809373124375,2.016822938186541,-0.18898062676625238,0.2581706993782851,4.488821618574833,0.5324137931034483,1450
60,52,-0.6,26,3,1.4397633740557882,2.1215398773310747,-0.20917656283311237,0.2539238031009665,4.3529366223321695,0.526566757493188,1468
60,52,-0.6,8,5,1.4377353939539388,1.685813847823195,-0.21801334537686234,0.21199686150462815,3.1599530580082407,0.5181134654818865,1463
40,52,-0.8,26,5,1.4366264631401497,2.1062612547216295,-0.2243038786004221,0.32655626857990083,7.126441764138219,0.5246699096594858,1439
80,52,-0.8,13,10,1.4359564880445368,1.7722477801720895,-0.19789369453389316,0.2708943147178007,4.9139516427056416,0.5294525294525294,1443
40,208,-0.8,8,5,1.4345806996971706,1.8876622694855596,-0.1918805588026834,0.2756319526711275,5.079370340278586,0.5242290748898678,1135
40,52,-0.8,4,10,1.4328285599880266,1.9525731893151175,-0.2541348390190359,0.26695587441591284,4.779415953554493,0.514487079091621,1277
40,52,-0.8,52,3,1.430744123776893,2.210984666388481,-0.22912684102999847,0.31319601602170355,6.538885662839384,0.5283276450511946,1465
60,52,-0.6,26,10,1.4281659095690293,2.095763304954614,-0.21376262212889185,0.2484831981626492,4.1831166715238615,0.5309734513274337,1469
80,156,-0.4,13,10,1.4237587565605523,2.1364588308173014,-0.13225170419097176,0.20243478644839596,2.922691895754476,0.5303754266211604,1465
60,52,-0.8,52,3,1.4233556846125253,2.114472744116475,-0.24454965922287197,0.27027654709754256,4.892671479784058,0.5207907293796864,1467
60,52,-0.8,4,5,1.4219475643097226,1.9952322728350151,-0.2281805385368486,0.24156105518464943,3.973804895518133,0.5095729013254786,1358
60,208,-0.6,13,10,1.419182935767825,2.181518898966574,-0.18638194147356468,0.25174115165916566,4.2842392328410135,0.5281980742778541,1454
60,52,-0.2,8,10,1.4157819388793318,2.2708628143775167,-0.13546615917171034,0.17694217645365629,2.346459530570576,0.5306122448979592,1470
80,156,-0.6,8,5,1.4120706557952063,2.164159465862424,-0.14765344056534657,0.18432657813509135,2.505297333445749,0.5258086717136958,1453
80,52,-0.8,4,5,1.4104638676882588,1.9454239470441226,-0.21388763825921198,0.22276246005310907,3.4418412760463752,0.5227920227920227,1404
80,52,-0.6,8,3,1.4104085215348088,2.2142124680881046,-0.10447741094573104,0.17807893875877312,2.3704978480247387,0.5190995907230559,1466
80,156,-0.6,26,3,1.409775142447271,2.141129850913448,-0.14358553643963745,0.24389695346829265,4.043604741694701,0.5417808219178082,1460
60,208,-0.6,13,5,1.4082179029490842,2.1474514435416543,-0.1899006858824659,0.2481159519542644,4.1718235405664545,0.5281980742778541,1454
60,104,-0.6,13,10,1.407063182585879,1.7685984418900798,-0.25533792809451505,0.2543489757489479,4.366408154846962,0.5222450376454483,1461
60,52,-0.8,52,10,1.406569070911341,2.048916248034203,-0.25040940155139935,0.26885764993732764,4.844045552681827,0.5149659863945578,1470
60,104,-0.6,4,10,1.4031016156400191,1.9810753036378914,-0.17091893800935998,0.1904873859417353,2.6427655475410297,0.5310773480662984,1448
60,208,-0.6,26,5,1.3996920021299022,2.111143790598401,-0.19616213300929164,0.26725421499998214,4.789513624742332,0.5386721423682409,1461
40,52,-0.8,4,5,1.397600217733303,1.9071928771518862,-0.25624976134353206,0.259120152786658,4.519605462912767,0.5090054815974941,1277
80,208,-0.4,13,5,1.3973864067255073,2.0726060418626484,-0.11387314455193709,0.1987871283577214,2.8353198180923727,0.5408719346049047,1468
40,52,-0.8,26,10,1.3969148394449857,2.0135269640113975,-0.23159321701133684,0.32308604087678705,6.970145155057488,0.5253648366921473,1439
80,52,-0.2,8,10,1.3963837843342888,2.204655445502225,-0.12481747857039016,0.15857388684153517,1.978084144402569,0.5299319727891156,1470
60,208,-0.6,26,10,1.396338233857761,2.1096785444905843,-0.19489771193575767,0.26717157872163044,4.786715180236485,0.5386721423682409,1461
40,52,-0.8,52,5,1.3963136443792454,2.1375921019520447,-0.23219693764365712,0.30470482246394814,6.1848796109892925,0.526566757493188,1468
80,52,-0.2,13,5,1.3962401793797625,2.1138008413721723,-0.15321697272445056,0.18420643168982642,2.502661721573094,0.5272108843537415,1470
40,52,-0.6,8,5,1.3953555005082694,1.7006873528659272,-0.2221582256668886,0.22982137084979826,3.635513283856895,0.5182381280110117,1453
40,52,-0.4,4,5,1.3948444709344985,2.2325406725306283,-0.11739838355857402,0.18479270533323078,2.5155388551518194,0.5140507196710076,1459
80,208,-0.6,8,5,1.3923902653501576,2.116246166472969,-0.12907681045337183,0.18151113330651958,2.443984782563404,0.5326012354152367,1457
80,208,-0.4,13,10,1.391860078613939,2.0621461593320243,-0.11067097135869952,0.19936768959789197,2.8491122412828944,0.5422343324250681,1468
40,52,-0.2,8,3,1.385977617841925,2.114820015043352,-0.14655938493019438,0.18680729639477622,2.56010078234307,0.5371000680735194,1469
60,208,-0.6,26,3,1.3828949390035412,2.0822347872923457,-0.19393309101059275,0.26362742611172574,4.66778989494837,0.5379876796714579,1461
80,208,-0.4,26,5,1.380833091961563,2.048457976787615,-0.13289218752618392,0.22667278501829413,3.5482431267253016,0.5398230088495575,1469
80,104,-0.4,26,3,1.380268329904869,2.0159840292389792,-0.19510355112861044,0.22516964422208074,3.5070839436824883,0.5387755102040817,1470
80,208,-0.4,26,10,1.3794862429663624,2.045625568315409,-0.1318784955793838,0.226961038071122,3.5561731525207287,0.537780803267529,1469
60,156,-0.6,8,5,1.3784597992902554,1.8950029670264081,-0.16772883927196847,0.21430259244922123,3.218987397939393,0.5197231833910034,1445
60,104,-0.6,13,5,1.3779463680542474,1.7280196852100966,-0.2562218570677314,0.24904242105205632,4.200354223188219,0.5195071868583162,1461
80,208,-0.8,13,5,1.376840274712982,1.8842739865867089,-0.20402861954217588,0.270407240492923,4.897167925231886,0.5111441307578009,1346
40,104,-0.2,13,10,1.3768284914215525,2.0474543309040683,-0.1702136700087713,0.22460670740354094,3.49175269221933,0.5340599455040872,1468
80,156,-0.4,26,10,1.3749378056236599,2.0063975630065256,-0.14376679071614162,0.22442285296567221,3.486755308984577,0.5225102319236017,1466
80,156,-0.4,13,5,1.3731151694121317,2.0419701492838715,-0.13522635877355638,0.1952004845592159,2.751055910232035,0.5269624573378839,1465
80,208,-0.8,13,10,1.3730952426830654,1.8905998813347746,-0.20472428394687214,0.2706033011439479,4.9039188670787155,0.5140949554896143,1348
60,104,-0.4,13,10,1.3718174225395834,1.976260248472543,-0.19302609174779883,0.21729366048230303,3.2966475931273953,0.5269256987048399,1467
80,208,-0.8,26,5,1.3709206016330986,1.916897786707059,-0.2359479267967577,0.2841182410562697,5.3856988883218255,0.5378031383737518,1402
40,52,-0.6,4,10,1.3688358973409243,1.8675069330243386,-0.1320796191339062,0.18590143259051817,2.540003353764858,0.516016713091922,1436
80,156,-0.4,26,5,1.3687303251653227,1.9745667872370454,-0.1437425813920017,0.22262497165003392,3.438139681581511,0.524556616643929,1466
80,208,-0.8,26,3,1.3664211592565472,1.9121796193645462,-0.22903189054023643,0.28259311960788036,5.329682839036933,0.536376604850214,1402
60,52,-0.6,4,10,1.3658293116215952,1.7942238074064518,-0.13778931654841353,0.1667843131558373,2.138158439929186,0.5264604810996564,1455
60,208,-0.6,13,3,1.3640100955614505,2.0387326325353534,-0.19610753480538168,0.23825688445072934,3.8764995051001456,0.5302613480055021,1454
60,52,-0.4,4,10,1.3636894186291242,2.1526785293633734,-0.10971208154281942,0.15498153317529395,1.9102989516138007,0.51775956284153,1464
80,208,-0.8,26,10,1.3635914903662896,1.9050267408881838,-0.24146270738611908,0.2815290021169572,5.290851202087028,0.5378031383737518,1402
60,156,-0.6,8,10,1.3627670269072998,1.901186289992829,-0.16294296351224113,0.2123270730480753,3.168363466986235,0.5176470588235295,1445
60,104,-0.6,13,3,1.362583081460676,1.7065430417362502,-0.26292464170511876,0.24482313750434637,4.071514082539129,0.5236139630390144,1461
40,52,-0.6,8,10,1.3610611494323306,1.6391891320842273,-0.2132803497333341,0.2229047334844918,3.445674509257323,0.5168616655196145,1453
40,104,-0.6,8,10,1.3606028717587848,1.727468479637304,-0.2104927054677559,0.2337287635338423,3.74582695120671,0.5285412262156448,1419
20,52,-0.4,26,10,1.3603218748686856,1.9847479662612821,-0.1907198711275777,0.26309093800759076,4.649973413085092,0.5204638472032742,1466
60,156,-0.6,26,10,1.3602806548698723,2.0684124592665576,-0.16525231545104901,0.25782325202724454,4.477593619069099,0.5397805212620027,1458
20,52,-0.4,26,3,1.3600062556712296,1.995363082159193,-0.19071987112757716,0.26332238722959045,4.657653765935828,0.5177353342428377,1466
40,52,-0.8,52,10,1.3589131742219651,2.063305968616874,-0.23418581089045354,0.29493107335147495,5.79528846806468,0.5272479564032697,1468
80,52,-0.8,13,5,1.3583567856559677,1.68628079705908,-0.20751739005081182,0.2527598159577442,4.31620543990688,0.521497919556172,1442
20,52,-0.4,26,5,1.3583466029738709,1.9759623289943458,-0.19071987112757738,0.26304097445237873,4.648316619289082,0.5204638472032742,1466
80,104,-0.6,8,10,1.3578332293351605,1.930585352006323,-0.13851611188686141,0.1859333500758582,2.540709800901266,0.5273597811217511,1462
20,52,-0.6,4,10,1.3563274995525305,1.8043219303417726,-0.1422781653534687,0.18673192794792426,2.5584249072875975,0.5145907473309609,1405
80,208,-0.4,26,3,1.3554947603849572,2.003307516710448,-0.13278163488047312,0.22305841125687031,3.449818221241517,0.540503744043567,1469
60,208,-0.8,13,10,1.3554528000061847,1.8606255282750126,-0.2778370814511858,0.29433202121747737,5.772016129256714,0.5133689839572193,1309
60,52,-0.2,8,5,1.3525026647996683,2.1062235042810116,-0.14231355530551681,0.16631685793654416,2.1288489738944865,0.5285714285714286,1470
40,104,-0.4,13,10,1.3524426121215696,1.7296039369346552,-0.22101326898054796,0.24542495962445576,4.089720730544473,0.5171232876712328,1460
80,156,-0.4,26,3,1.3499030963344039,1.9693894874988536,-0.141991952218816,0.22065862394191527,3.3854910440647386,0.5177353342428377,1466
40,52,-0.2,26,3,1.3492454420932167,2.029907367827239,-0.189447095834819,0.2459350825292299,4.10519749538364,0.5210884353741496,1470
80,52,-0.4,13,3,1.346612455232118,2.0619886765583555,-0.15093535540130576,0.18800295518968113,2.586778658911307,0.5214431586113002,1469
60,156,-0.6,26,5,1.3456759384364425,2.037787339965397,-0.16913001392407934,0.2548597119210603,4.382629524892994,0.541838134430727,1458
40,208,-0.6,4,10,1.345489804950916,2.1661500138274947,-0.14045827388911236,0.1967558717318303,2.787399074701444,0.5113960113960114,1404
40,156,-0.6,4,10,1.345404141688317,2.066231496332827,-0.14293676707499503,0.18930894068903403,2.616115632518218,0.5260528194147038,1401
20,52,-0.4,4,3,1.3447365108328218,2.1807112497061127,-0.10596079047122442,0.18760722387672124,2.5779299076607147,0.5175498967653132,1453
80,104,-0.2,26,10,1.3436421323265728,1.9180482561879513,-0.19274103807437204,0.21153356659881561,3.1481777974389065,0.5374149659863946,1470
60,104,-0.4,26,10,1.3427260820032665,2.006848986483578,-0.19439148311564802,0.23305769188817504,3.7267212924273947,0.5333333333333333,1470
80,156,-0.8,26,10,1.341416014978103,2.0526928234954855,-0.17383241328411525,0.2699475897328787,4.881366980518398,0.5286219081272084,1415
60,104,-0.4,26,5,1.3408835781467385,2.0081944113149497,-0.20165576591527856,0.23223952321679753,3.7035177742710346,0.5340136054421769,1470
60,104,-0.6,26,10,1.340666773620781,2.0238666676759802,-0.20392095895878493,0.24742258072730605,4.1505598153263845,0.5272851296043656,1466
60,104,-0.4,26,3,1.3388130015902076,2.0011887176588234,-0.20387159586411763,0.23428510324166174,3.761716765883155,0.5312925170068027,1470
80,104,-0.2,26,5,1.3373267963034468,1.933471473777054,-0.1919524192428761,0.20985980103915236,3.1058767311530904,0.5374149659863946,1470
60,208,-0.4,26,3,1.3367263881720512,2.0546643986592423,-0.15789518778491674,0.23823630234413584,3.8758985769610312,0.5367847411444142,1468
40,52,-0.6,26,3,1.33367003384689,1.9271326577357473,-0.23824058381190039,0.26034948657688073,4.559685603580387,0.5272479564032697,1468
60,104,-0.6,26,3,1.333655402298298,2.0227878925515035,-0.22065249882628102,0.24621600055600812,4.113737718636595,0.5211459754433834,1466
40,52,-0.6,26,10,1.333428393203163,1.9330024383883908,-0.23585115583341465,0.2605609450047188,4.566605129938902,0.523841961852861,1468
60,208,-0.8,13,5,1.3328487198204457,1.8234276921284436,-0.27933098125071154,0.2885055573314843,5.549238401976837,0.5141329258976318,1309
60,156,-0.6,26,3,1.3325274447216786,2.007389459095246,-0.17047621349603648,0.2529408492211336,4.321903828125517,0.5432098765432098,1458
40,52,-0.2,26,10,1.3324688228855628,2.008995548131337,-0.18915251424432156,0.24387565507461617,4.042964508661791,0.527891156462585,1470
80,104,-0.4,8,10,1.3317517162437982,1.980182770442749,-0.14937196615063486,0.16113507348917588,2.027242035327444,0.5272479564032697,1468
40,104,-0.2,13,5,1.3298180444065173,1.9578202329656957,-0.17409546242697715,0.2146566677714885,3.228116783487165,0.5326975476839237,1468
40,104,-0.6,13,3,1.3295997269707216,1.7087051616240276,-0.2776062290543857,0.2617091973139387,4.604309464143842,0.5202797202797202,1430
60,208,-0.4,26,10,1.3294268209512867,2.036032210373635,-0.15816425527547207,0.23686800513467365,3.836092328445929,0.5361035422343324,1468
40,208,-0.6,8,10,1.3284395169015908,1.9171458301510276,-0.1760007876243861,0.22443423814018737,3.487064631858699,0.523371104815864,1412
80,156,-0.2,26,10,1.3283635475133053,1.9412750855615342,-0.16031698946765893,0.21035974700953264,3.1184725950255494,0.5428571428571428,1470
40,156,-0.6,4,5,1.3278125147143578,2.0244527690580334,-0.1485984694957626,0.18775735040498276,2.581284586465627,0.529621698786581,1401
80,52,-0.8,13,3,1.3243345278495078,1.6435643635904016,-0.21308254483128874,0.2451416259718222,4.08114213611114,0.5298196948682385,1442
20,52,-0.6,4,5,1.3238475718407565,1.760159931497991,-0.14247355341571688,0.18256029952527109,2.4667233527073207,0.5124555160142349,1405
80,156,-0.8,26,5,1.3234490386622388,2.0334976053355334,-0.17843383377803756,0.2666057368682304,4.767584593031878,0.5250883392226149,1415
40,208,-0.6,8,5,1.3233624597915725,1.9031490691243744,-0.17517085542977706,0.2234717938160915,3.460981106054713,0.5240793201133145,1412
60,156,-0.8,26,10,1.3220835541508609,2.011310368597317,-0.1967372861291935,0.296776065972455,5.867399103385836,0.5226781857451404,1389
40,104,-0.8,13,5,1.3220731233981213,1.7742622906183172,-0.16661692204441392,0.28957161524281494,5.589519034201192,0.5237724084177708,1283
40,104,-0.6,13,10,1.3217462291154183,1.708889791688799,-0.2753084369627383,0.2623753029192253,4.6262829904051515,0.5216783216783217,1430
20,104,-0.4,4,5,1.3212989910303687,1.8612546107987789,-0.1643217331278335,0.17970699656196665,2.4051853680355237,0.5278551532033426,1436
80,104,-0.6,4,10,1.3211557846843291,1.995591052935413,-0.13682765376355988,0.16159791184904804,2.0361999601012455,0.5161069225496916,1459
80,104,-0.2,13,10,1.3209770540244086,1.8650649832465516,-0.15689849838792735,0.17932786600772843,2.3970801213263417,0.5414965986394558,1470
60,104,-0.4,13,5,1.3192439902756592,1.8982995459519303,-0.18472061278776508,0.20919539798679776,3.0891890447311052,0.5248807089297887,1467
40,104,-0.4,26,3,1.3179995808987142,1.9460827043040154,-0.2224515722772955,0.2499496528819536,4.228424342077637,0.5241990456714383,1467
80,52,-0.2,26,5,1.317443623088948,1.925460873472214,-0.17101910968115164,0.20221157423394587,2.917296286184661,0.5238095238095238,1470
60,208,-0.4,26,5,1.3168636961784714,2.011355392896809,-0.16347282349482117,0.23440878300650736,3.7652554738587263,0.5367847411444142,1468
80,156,-0.2,13,10,1.3157699732058543,1.9624198329701577,-0.13949128493220486,0.17927051731304,2.3958555460886064,0.5312925170068027,1470
40,104,-0.4,13,5,1.3151302880879194,1.6653500366823,-0.2213471508587953,0.2364784232921,3.8248102347817685,0.5164383561643836,1460
40,52,-0.8,4,3,1.3150218449304316,1.8158909090555668,-0.2621412876509166,0.2451791323163608,4.082277010304152,0.5082223962411903,1277
40,52,-0.2,26,5,1.3149421644439587,1.9801987874685265,-0.19159710836414723,0.24010636255955853,3.930760280950131,0.5272108843537415,1470
60,52,-0.4,8,3,1.314392825775432,2.013018776210294,-0.14765402991456644,0.1747780522823006,2.3011060138015913,0.5214723926380368,1467
40,208,-0.6,8,3,1.3142732880665622,1.8648758435889943,-0.1752725224371664,0.21998557007034591,3.3675946975682187,0.5219546742209632,1412
60,52,-0.8,4,3,1.3116789646069107,1.8741653611454185,-0.2259862075788236,0.22497462328952023,3.5017675469116725,0.5073637702503682,1358
60,156,-0.6,4,5,1.310960406531877,1.9613180907114092,-0.14710097643651632,0.16734848075655373,2.1494258572755975,0.5309242529534399,1439
80,156,-0.4,8,10,1.3108655318900175,2.004758070403762,-0.11683706450286224,0.15285912198455454,1.870881182929116,0.5307377049180327,1464
40,104,-0.6,8,5,1.3108633768205207,1.6575829303897835,-0.2092085294838424,0.22495530243961048,3.501241143532549,0.5278365045806906,1419
40,104,-0.6,13,5,1.310310790992378,1.6793284221237006,-0.27580963347612175,0.2579490951353436,4.481658028141537,0.5209790209790209,1430
60,208,-0.6,8,10,1.3091331808353504,1.9097649867452084,-0.15230566799326717,0.189866911403334,2.628712743903036,0.5314443676572218,1447
60,52,-0.6,8,3,1.3090163941972355,1.5316740934004502,-0.2169152858789951,0.19289220112195316,2.6976767813124005,0.5105946684894054,1463
40,104,-0.8,13,10,1.3083191065942703,1.7454078618780182,-0.1796313874751475,0.2847606920066419,5.409423479048104,0.5229929851909587,1283
60,104,-0.6,26,5,1.3071360227708901,1.955127170382217,-0.2261528852713377,0.23983219887467744,3.9226839257948125,0.5252387448840382,1466
60,52,-0.2,26,3,1.3061794086547673,1.9297808119681916,-0.18621992633581663,0.21702875714047187,3.289720083103086,0.5306122448979592,1470
80,52,-0.8,4,3,1.3031111694755495,1.8194751051646996,-0.21484163131760636,0.20785677226094945,3.0557451566115805,0.5170940170940171,1404
20,52,-0.2,8,5,1.30202739624337,2.0467829299396,-0.13997270127455863,0.1798354938141613,2.407936241356378,0.5413533834586466,1463
60,156,-0.8,26,5,1.3003306053468293,1.9951368469220003,-0.19734328674200075,0.29205793743797437,5.684297677640179,0.5226781857451404,1389
40,156,-0.6,13,10,1.299979393292343,1.7993867129887362,-0.17444556556282576,0.24903252054749103,4.200048618183637,0.5182584269662921,1424
20,104,-0.4,4,10,1.2995546703573584,1.8248418334321224,-0.16494948249403685,0.1766738388789728,2.340806870908654,0.5271587743732591,1436
40,104,-0.4,26,10,1.2980681095094906,1.9143178218742698,-0.21400567586269492,0.2453101975454921,4.086244529460887,0.5255623721881391,1467
40,208,-0.6,4,5,1.2969764692937351,2.079396185588464,-0.15127710373312986,0.18945676996700245,2.61944943330386,0.5128205128205128,1404
60,52,-0.2,13,3,1.2959575038397042,1.9792961866011445,-0.1757039253436644,0.18752742584742177,2.5761478735414975,0.5306122448979592,1470
80,208,-0.8,13,3,1.2952326774514906,1.7654676303498729,-0.2108149086546126,0.2538439353905062,4.350409292564581,0.5096582466567607,1346
80,156,-0.2,26,5,1.2952174041468068,1.8810093503346612,-0.16166713883238526,0.20468153634476072,2.9773606606238916,0.5414965986394558,1470
20,52,-0.2,8,3,1.2946832548324634,2.0155065958666265,-0.14995512126250543,0.17727613504990924,2.353506083939356,0.5297334244702666,1463
60,52,-0.2,26,10,1.294530300441137,1.9007400766465912,-0.18894407372103694,0.21556806541083762,3.2516946766629538,0.5346938775510204,1470
40,104,-0.4,26,5,1.2941360747621464,1.908383524800548,-0.21400567586269492,0.24406046362084766,4.048522224931905,0.5255623721881391,1467
60,52,-0.2,26,5,1.2939978606806892,1.895231737956987,-0.1871710349308161,0.21447114734949446,3.2233312443595157,0.5319727891156463,1470
20,52,-0.2,8,10,1.2927378364957756,2.030063610301288,-0.14119833489778488,0.17828800281359802,2.374935003490025,0.5393028024606972,1463
60,208,-0.8,13,3,1.2918269502170665,1.7624638252263276,-0.2852010791245079,0.27919542482177073,5.206415458899427,0.5103132161955691,1309
60,208,-0.6,8,5,1.2917380869449862,1.8629670157369127,-0.15929367328401578,0.18674804242610943,2.5587831676605237,0.525224602626123,1447
40,208,-0.6,13,5,1.287495047807712,1.9375091851466983,-0.2045451207824055,0.2609696007121951,4.579998631376534,0.5210378681626928,1426
40,104,-0.4,13,3,1.287090634671383,1.6367585427807663,-0.22369043386400878,0.23198060202753124,3.6961952463444234,0.5164383561643836,1460
80,104,-0.8,52,3,1.286326475306485,1.836136670118517,-0.19703670497946724,0.23899942562071974,3.8982221011018776,0.5205198358413132,1462
60,104,-0.6,8,10,1.284533899050296,1.5569733725244768,-0.192553202158817,0.2045651365836869,2.974512275755756,0.5288858321870702,1454
40,208,-0.6,13,10,1.2824039791916964,1.934420421314083,-0.20344571330112882,0.2608190537423649,4.575061284420428,0.5210378681626928,1426
60,156,-0.8,26,3,1.2805564941483814,1.9662823806573348,-0.19496627481262818,0.2877464292485654,5.520685022424769,0.5205183585313174,1389
40,156,-0.6,13,5,1.2792397874134538,1.763749099033229,-0.17580730132213218,0.24457799417474413,4.064114039845455,0.5196629213483146,1424
40,52,-0.6,8,3,1.2787902502896265,1.5861947188067331,-0.2273320411987858,0.21107322617263358,3.1365062003786397,0.5006877579092159,1454
60,104,-0.2,26,10,1.277042606742169,1.8845975019197718,-0.20596528690436344,0.21694387972300722,3.287502491485532,0.536734693877551,1470
40,104,-0.6,4,3,1.2761237272170636,1.834691453722349,-0.18429658850970287,0.1907486570850836,2.6486970127824656,0.5212464589235127,1412
80,52,-0.2,26,10,1.274808025892266,1.8548874051520534,-0.16921476389707424,0.19544571995544135,2.756765963491525,0.5251700680272109,1470
40,52,-0.6,26,5,1.2735261022091666,1.830820060555793,-0.23689978854251137,0.2465406404738837,4.123622528658143,0.5231607629427792,1468
60,52,-0.6,52,3,1.2728996854992654,1.8395991173143083,-0.2560207346351694,0.2320679431664363,3.698664230512245,0.5306122448979592,1470
80,52,-0.4,4,10,1.2726031522868626,2.1332130900930206,-0.08870248083400312,0.13472425771658392,1.552480657545264,0.5075034106412005,1466
20,104,-0.2,13,5,1.271522007986205,1.8755106980665242,-0.16380037168117823,0.20868060252059673,3.0762994002564437,0.5301783264746228,1458
60,52,-0.6,52,10,1.2714659420181336,1.8296126661867074,-0.2591942435240373,0.23204260858700043,3.697947949814073,0.5319727891156463,1470
20,104,-0.2,13,10,1.2711716270348277,1.8758401658057442,-0.16162864560057255,0.20857086402468328,3.0735562758240835,0.5308641975308642,1458
40,104,-0.8,13,3,1.271162822332939,1.6989793555826653,-0.17027193651191064,0.2748016336345689,5.050093097561719,0.5175370226032736,1283
60,52,-0.6,52,5,1.2711086719674827,1.8349907048704228,-0.26022697424964436,0.2316754668594574,3.687578406432455,0.5312925170068027,1470
40,208,-0.6,13,3,1.270097133152613,1.8975747917029557,-0.21497141943868991,0.25579568126511054,4.4124667470079615,0.5196353436185134,1426
80,156,-0.4,13,3,1.2678237696123238,1.861329189710651,-0.1414850771268864,0.18033927732064137,2.4187398079957068,0.5221843003412969,1465
60,156,-0.2,26,10,1.2656925732077995,1.8823719793903264,-0.18448177156177903,0.21616623668720325,3.2672311424482023,0.5326530612244897,1470
80,156,-0.8,26,3,1.2652889059346726,1.9362006436806798,-0.18759611792963948,0.25371892606631263,4.346455576258906,0.5272084805653711,1415
60,52,-0.4,52,5,1.2649103966394337,1.827221028413662,-0.24545188695785236,0.22928313536284173,3.620493037829829,0.5346938775510204,1470
20,52,-0.2,13,3,1.2647451003576262,1.9389796326139963,-0.17498830546154576,0.20214379657694748,2.9156591983501667,0.5215311004784688,1463
20,104,-0.6,8,5,1.2623357525502374,1.630953217361851,-0.2391458283533745,0.23423995600084502,3.760425585926871,0.5395213923132705,1379
80,104,-0.8,52,5,1.2623275941851755,1.7962016418155802,-0.20932774473280924,0.23462095694068674,3.7713314639661375,0.5198358413132695,1462
40,52,-0.6,52,3,1.262116146421331,1.8545554407040943,-0.26029336275300874,0.2516442417234921,4.281206830296646,0.535374149659864,1470
40,156,-0.6,13,3,1.2608921525479098,1.7295367018485057,-0.18020534166100988,0.23864096789968015,3.8877252071066204,0.5256500351370345,1423
60,156,-0.4,26,10,1.2588266076429244,1.8983970944795332,-0.16827674084581412,0.22125682345043796,3.401450244193442,0.5313778990450204,1466
40,52,-0.6,52,10,1.2583349621345914,1.8414221414445913,-0.2626905927346992,0.2511402619934884,4.265461092952759,0.5360544217687074,1470
40,52,-0.6,52,5,1.256229217503779,1.8398995581047675,-0.2622142405211987,0.25049766231891724,4.245443398363952,0.535374149659864,1470
60,156,-0.6,52,10,1.2560040966787693,1.8741929975811231,-0.19900088787369397,0.24190051816617353,3.9838963172703536,0.5376196990424077,1462
80,156,-0.2,13,5,1.2536953249430727,1.863532580655548,-0.1345371007174918,0.17116199271966903,2.2265104214277844,0.5299319727891156,1470
20,104,-0.6,8,10,1.249972285357273,1.615793549192028,-0.23848437435581948,0.23173628051616935,3.689294656540718,0.5373459028281363,1379
60,104,-0.2,26,5,1.249788254862596,1.8356804888603064,-0.21453292624775622,0.21065995840327933,3.1260523086220244,0.535374149659864,1470
80,52,-0.6,52,10,1.2493230875775831,1.7753257318889948,-0.22884512037503268,0.21122243751955527,3.140286229700055,0.5374149659863946,1470
60,156,-0.6,8,3,1.2476009006471076,1.707092229901097,-0.1871954882511876,0.19266186307949962,2.6923864493422953,0.5176470588235295,1445
80,156,-0.6,52,10,1.2471942167974375,1.8333980301338304,-0.16847682276376263,0.22108029748345936,3.3967355393264898,0.5399863294600137,1463
80,104,-0.8,52,10,1.246199034436267,1.7671787692417387,-0.20771248750977345,0.2311648882915902,3.6731905549698993,0.5205198358413132,1462
40,52,-0.6,4,5,1.2437852630092099,1.7105720418172146,-0.13410520712276786,0.17089321107552657,2.2210244377629267,0.5055710306406686,1436
60,52,-0.4,52,10,1.2426880466016434,1.7902577161639124,-0.2436417415851787,0.2250070128097179,3.502650130304901,0.5380952380952381,1470
80,104,-0.2,26,3,1.2426426082359343,1.8089352128898064,-0.19476638530416512,0.19556511037606894,2.7595485668203916,0.5340136054421769,1470
60,156,-0.4,26,5,1.2424110304145248,1.8444197076845879,-0.1708522038551259,0.21685044285891686,3.285062414175429,0.5313778990450204,1466
60,156,-0.4,26,3,1.2419399085072793,1.8625977236994082,-0.1713930490954667,0.21604105694217957,3.2639757573923784,0.5320600272851296,1466
80,104,-0.4,13,3,1.2401683496526175,1.8379481276079914,-0.19455198110654193,0.1782310088448129,2.3737248682065437,0.5224795640326976,1468
60,156,-0.6,52,5,1.2396217382612025,1.8412291909913454,-0.1997250498142047,0.23828430446824722,3.877300176727333,0.5369357045143639,1462
60,104,-0.6,4,5,1.2393140917539986,1.7459694849129122,-0.16758905340915697,0.17034828918262712,2.2099270365528416,0.5220994475138122,1448
40,104,-0.2,13,3,1.2383990437022934,1.839588303072924,-0.16899334336568728,0.19935730999564671,2.8488652763315883,0.5286103542234333,1468
80,52,-0.4,52,5,1.2365129836741027,1.7584389918931762,-0.22437412701453274,0.20750479887964457,3.046990933086019,0.5374149659863946,1470
40,52,-0.2,4,10,1.2361393257564752,2.023946651759635,-0.11346521965213352,0.15443423401829737,1.90008988949551,0.5327421555252387,1466
80,104,-0.6,8,5,1.236116068341681,1.7265639507583928,-0.1444108655771107,0.1678453812885765,2.159378804094931,0.5170998632010944,1462
40,52,-0.4,52,3,1.2360316180022752,1.8229895465159958,-0.23963229594401225,0.24333272487855306,4.026667665195876,0.5306122448979592,1470
20,208,-0.6,4,5,1.2333505045507125,2.0622233523886084,-0.12032200951620975,0.19747584569535537,2.804324856868919,0.5112275449101796,1336
40,156,-0.8,8,10,1.2303936052590698,1.6208345385087182,-0.21400836057680328,0.2585338758960589,4.500579194931267,0.524247491638796,1196
80,52,-0.6,52,5,1.230388591154332,1.7627502464176303,-0.22806936085976892,0.20753032618856926,3.047625293801519,0.5340136054421769,1470
60,156,-0.2,13,10,1.2299976864549955,1.8756721798646574,-0.16433764287473784,0.18007256253546977,2.4130164619310808,0.5394557823129251,1470
60,104,-0.2,13,10,1.229493031448179,1.7858602630826794,-0.17201958704706477,0.18011265482340955,2.413876259606042,0.5380952380952381,1470
40,104,-0.6,8,3,1.2290912745282467,1.5256472046220098,-0.20662241332631703,0.20682854292678177,3.030217075218671,0.523943661971831,1420
20,104,-0.6,8,3,1.22847489977441,1.5958728409602916,-0.23393222367874988,0.22820676901948533,3.590581715660253,0.5391872278664731,1378
80,156,-0.2,26,3,1.2252493575728807,1.7845229345831521,-0.15773206539141327,0.1942779115615576,2.72964194881029,0.5387755102040817,1470
80,104,-0.2,13,5,1.2251812787339043,1.7541042171908028,-0.16039462965285867,0.16622948919603475,2.12711166027242,0.5251700680272109,1470
40,52,-0.4,52,5,1.2234010812947367,1.8005239048017752,-0.24044244807816817,0.24074215004959765,3.949533533141488,0.5340136054421769,1470
40,156,-0.8,8,3,1.2215486209169086,1.610586352052415,-0.21270829432826877,0.25624546812960625,4.426856069781161,0.5225752508361204,1196
40,52,-0.4,52,10,1.2214205410066679,1.7892804930316382,-0.23904552420408964,0.24075333570328739,3.949864370920075,0.5340136054421769,1470
60,52,-0.4,52,3,1.2212044012190053,1.7662445216088305,-0.24247083913127687,0.22034860361578823,3.3772398104092876,0.536734693877551,1470
60,156,-0.4,13,10,1.2206351661250132,1.8301109921686691,-0.1552208825924506,0.18817981006317308,2.5907393399818566,0.5372013651877133,1465
60,104,-0.4,13,3,1.2192381731616968,1.7474788822899785,-0.20124288499678222,0.1935339930303661,2.712451861544498,0.5207907293796864,1467
20,104,-0.2,13,3,1.2186179203652399,1.788256622299914,-0.16816730451749007,0.1990409567073239,2.841344761839157,0.5288065843621399,1458
40,156,-0.8,8,5,1.2185254351381754,1.6023363495241632,-0.21847921713020468,0.2559608191963765,4.417745905377748,0.524247491638796,1196
60,156,-0.2,13,5,1.2183621110522487,1.8488713577357285,-0.16440617875179397,0.17797498411949175,2.368293404011263,0.536734693877551,1470
60,156,-0.6,52,3,1.217848860517563,1.808128876252318,-0.20019392449002904,0.2330019264463763,3.7251366284279452,0.5383036935704515,1462
80,52,-0.6,52,3,1.2158051103937761,1.738445172434209,-0.2268553153763324,0.2054588140411686,2.9964265089928186,0.5374149659863946,1470
40,208,-0.4,26,10,1.2156371686874854,1.7911887307382652,-0.23210281902452723,0.24176442924409458,3.9798485943274224,0.5320600272851296,1466
80,208,-0.6,8,3,1.2150756601683808,1.8237476534655954,-0.1414921525248245,0.1611501379620568,2.027533237658463,0.5312285518188058,1457
80,156,-0.6,52,3,1.2149717852227493,1.7772424876464912,-0.1718248443803697,0.214590589455125,3.226411741527003,0.5406698564593302,1463
80,52,-0.2,26,3,1.2146874391879876,1.7670126775572834,-0.17100880500884375,0.18746039385809277,2.574651521620412,0.5217687074829932,1470
60,156,-0.2,26,5,1.213898167419345,1.7909984968454098,-0.1853858009278715,0.20608049111814863,3.011732487973325,0.5312925170068027,1470
60,104,-0.2,26,3,1.213401697803779,1.8005596302442322,-0.20936324501349823,0.20387318110150976,2.9576160327307046,0.5319727891156463,1470
60,104,-0.4,8,10,1.2132032278170537,1.714430230650318,-0.1637547167491159,0.1626172557220149,2.0560095803802954,0.5214723926380368,1467
80,52,-0.4,52,10,1.2131934656373555,1.715620912718044,-0.22300399214516453,0.2036632175617734,2.952501424979741,0.5421768707482993,1470
60,156,-0.4,8,10,1.2131477322583013,1.872578344263194,-0.1260426380197187,0.15660940909287158,1.9408485794345398,0.5352016404647983,1463
60,208,-0.4,13,10,1.212920426341741,1.8222069045663278,-0.1465044634834839,0.18748768490862244,2.5752606730627203,0.5412406271301977,1467
40,208,-0.4,26,5,1.2123390380135413,1.7871583882462556,-0.23739008620194368,0.24125895896346705,3.9648391684854927,0.5320600272851296,1466
20,156,-0.8,8,10,1.21132853003158,1.667841672760517,-0.20841600228106016,0.2878722298825158,5.525409352137803,0.5213930348258706,1005
60,52,-0.8,13,3,1.2112030489333787,1.519136172837275,-0.17181856015301755,0.2444397631516717,4.059945435984031,0.5220433869839048,1429
80,156,-0.6,52,5,1.2110711780012327,1.77657882158596,-0.16829434691985234,0.21374963774650002,3.204764269991583,0.5386192754613808,1463
20,52,-0.6,13,10,1.2102001156414581,1.5701795792552373,-0.23240352363622818,0.2466600625434705,4.127262912265898,0.5163307852675469,1439
20,52,-0.2,4,10,1.2101115878848665,2.01052666432071,-0.10660833873815789,0.15390612861075148,1.8902682447556103,0.5219178082191781,1460
20,208,-0.6,4,10,1.2095933462423099,2.017767013622161,-0.12092818463920552,0.19386698848579376,2.7201380564622357,0.5127245508982036,1336
20,156,-0.8,8,5,1.2092096116189996,1.664415253888533,-0.2084160022810605,0.28727915638832036,5.503162908340479,0.5213930348258706,1005
20,52,-0.2,4,5,1.2064082344023979,2.0255866024589033,-0.10159564299681301,0.15304238991307684,1.8742665463986579,0.523972602739726,1460
20,156,-0.8,8,3,1.2061999946232353,1.663917885297133,-0.2084160022810606,0.28682749233943894,5.486264834626371,0.5223880597014925,1005
20,52,-0.6,13,5,1.2055095630746755,1.5590000179595418,-0.2339906881537469,0.244802373822409,4.0708869352419335,0.5170257123002084,1439
20,208,-0.6,4,3,1.2033042913656244,2.008593324066513,-0.13205493531880041,0.1931536307219357,2.7036891581873452,0.5127245508982036,1336
20,104,-0.4,26,10,1.2028421539609577,1.790539989302575,-0.21687643131638035,0.23042523993182162,3.6524153963870774,0.5311857436600411,1459
20,104,-0.4,26,5,1.2024802037715927,1.790012077224038,-0.2168764313163808,0.2303532856121271,3.6503986229591128,0.5311857436600411,1459
40,104,-0.2,26,10,1.200271112039713,1.7993013785509493,-0.19617631554110926,0.21910752525558985,3.3443426890096477,0.5343771272974813,1469
60,208,-0.8,26,3,1.1966591827585356,1.6462790638289444,-0.2363451957514927,0.2624019214978084,4.6271626319814,0.5265454545454545,1375
20,104,-0.4,26,3,1.1946559912594314,1.7806502134998172,-0.2173164878357131,0.22865109368303327,3.6029087611680826,0.5305003427004797,1459
60,208,-0.4,13,5,1.1929140229289654,1.7806185209350744,-0.14570208392051998,0.18313834457913836,2.4793067206783594,0.5378323108384458,1467
80,208,-0.4,8,10,1.191947640750371,1.80448064976858,-0.09955422758791099,0.14156918331756185,1.6688694321821136,0.5316973415132924,1467
40,104,-0.2,26,5,1.1911149413540003,1.775057947922919,-0.19601697430959797,0.21642249969542915,3.273902144532874,0.5350578624914908,1469
60,104,-0.6,8,5,1.1878994485018097,1.404989431267689,-0.19541036867193307,0.18593564831535603,2.5407606737982786,0.5316368638239339,1454
40,208,-0.4,26,3,1.1874331709194814,1.7526547496895812,-0.23287728108698125,0.23631884628726074,3.820195543081237,0.5334242837653479,1466
20,104,-0.4,4,3,1.1866960456886906,1.67470367494607,-0.16904978380541003,0.161829909423014,2.040698738615333,0.5222841225626741,1436
20,52,-0.2,13,5,1.1866921599619764,1.8291951922285918,-0.17951855867260602,0.18924022502169713,2.614566882382521,0.51742993848257,1463
40,104,-0.2,52,10,1.1859262472698575,1.7523171782611355,-0.24209597607475153,0.23678906853898884,3.8338045225818753,0.5302927161334241,1469
20,52,-0.6,13,3,1.184919940903437,1.5320623291986495,-0.2376592089225441,0.23962250645367167,3.9165145012995515,0.5142460041695622,1439
60,156,-0.2,26,3,1.1846824672856069,1.748102921155348,-0.18507881057079467,0.2008702046271269,2.885006978073596,0.5326530612244897,1470
20,208,-0.8,8,10,1.1823854910846379,1.4334833272491432,-0.15744622089159355,0.24539115078887597,4.088696430414838,0.5130344108446299,959
40,104,-0.2,52,5,1.181081504261924,1.7449514117281633,-0.24264273083701515,0.235690467973096,3.802061027897502,0.5302927161334241,1469
80,156,-0.4,52,5,1.1810750688924931,1.7073198571747754,-0.16029661718653454,0.20670332240088474,3.027117713176322,0.5357385976855004,1469
60,208,-0.8,26,5,1.1809788215160446,1.6205842647862392,-0.24118869298659817,0.2581791963686697,4.489096453878189,0.5287272727272727,1375
40,104,-0.6,26,10,1.1808195087143847,1.7715586297551054,-0.22087854598652334,0.2376355063280977,3.8583855634107787,0.5254820936639119,1452
80,52,-0.4,52,3,1.179798335114135,1.6794910353864778,-0.22149788844292828,0.19717282898366073,2.7971933152111172,0.5306122448979592,1470
60,52,-0.8,13,10,1.17977787557692,1.4361115262847104,-0.16805422207722132,0.23918270407912146,3.90359666540406,0.5249122807017544,1425
20,52,-0.8,4,3,1.1794989739390473,1.5385575925826052,-0.15485502943811613,0.21036034361442235,3.118487646104681,0.4846894138232721,1143
60,208,-0.8,26,10,1.17882895784847,1.617597588681733,-0.23278287075454585,0.2571772560570613,4.456770624369875,0.5287272727272727,1375
20,156,-0.6,4,3,1.178799012352216,1.71838482740718,-0.1419497331117583,0.17197814907811604,2.243218197876322,0.5259984928409948,1327
20,208,-0.8,8,5,1.1785728882944657,1.4285935185014544,-0.15744622089159344,0.24451048611146398,4.062077842362632,0.5130344108446299,959
80,156,-0.4,52,10,1.178304613988643,1.7063170383506154,-0.16020032234346426,0.2062029706738946,3.014753964017472,0.5343771272974813,1469
60,104,-0.2,13,5,1.1778111419297812,1.717248094798587,-0.17715377058024961,0.1719539659952254,2.2427220649915833,0.536734693877551,1470
80,156,-0.6,4,5,1.1718714138191764,1.789405631171167,-0.12143757715989933,0.13454471092184517,1.5494877876561115,0.5238095238095238,1449
20,52,-0.6,4,3,1.1705794968608398,1.551206166743197,-0.14242969212338252,0.161691069734883,2.038005737898366,0.5088967971530249,1405
60,104,-0.8,52,3,1.1704434901693717,1.7056561572433167,-0.2369538643813741,0.23764781780450828,3.8587438921529715,0.5220994475138122,1448
20,52,-0.2,26,3,1.169605507175807,1.7623010312856138,-0.1971829238020919,0.21319505978921094,3.190541072272282,0.5313778990450204,1466
60,156,-0.4,13,5,1.1694716823627722,1.717031450162161,-0.16127104365619627,0.1794866577995724,2.400472819733688,0.5351535836177475,1465
60,104,-0.8,52,5,1.168334009002219,1.704453899003524,-0.23819717770355076,0.2372058721884458,3.8458952604951913,0.5182381280110117,1453
80,52,-0.2,8,5,1.1659911786818336,1.7613840681659763,-0.1428589724098175,0.1329919495440468,1.5237311729323015,0.5197278911564626,1470
60,208,-0.6,8,3,1.1637648246147207,1.662423821481132,-0.170999257085948,0.1691691938083959,2.186027775217229,0.5238424326192122,1447
40,104,-0.6,26,5,1.1610742741196052,1.7291318931236883,-0.22087854598652312,0.23303266767932618,3.726010132750705,0.5254820936639119,1452
40,104,-0.6,26,3,1.1601659151600037,1.7489457069444043,-0.21727625264565587,0.2321020689765061,3.6996292136757694,0.522038567493113,1452
20,156,-0.6,4,10,1.1598932284571744,1.6889535238044981,-0.14238193391405973,0.16886999151257331,2.179987744649763,0.5237377543330821,1327
40,104,-0.8,8,10,1.158382728828821,1.5063612702003888,-0.19220949357537787,0.2147753902581131,3.2311817165423475,0.5119426751592356,1256
20,104,-0.4,13,10,1.1578854159404335,1.484735821030483,-0.2623345541378793,0.21246146963176815,3.171790725384498,0.5231513476157568,1447
60,104,-0.4,8,5,1.1564691851315592,1.6123372112887322,-0.17531201898486282,0.15374699168748474,1.8873142822019555,0.5173824130879345,1467
20,208,-0.8,8,3,1.1563991499601372,1.4056812889067363,-0.16389936300072327,0.23956167063041223,3.9147258843414905,0.5099061522419187,959
20,156,-0.4,26,3,1.1546462361755507,1.6884332402619069,-0.14924586066974255,0.23101335411269108,3.6689277557305733,0.5353185595567868,1444
80,156,-0.4,52,3,1.1544443016558594,1.6677144729007092,-0.15880105237335618,0.20122901138100668,2.893621495579163,0.5330156569094622,1469
20,208,-0.6,8,3,1.1532657434662317,1.7166463882068568,-0.1776270653828076,0.21134078526697242,3.143286504145692,0.5062916358253146,1351
20,52,-0.2,13,10,1.1529778403033073,1.7731706202303348,-0.18276154539403577,0.1836744463390454,2.4910123297820705,0.51742993848257,1463
80,156,-0.4,8,5,1.1523320833281132,1.7035141186803278,-0.11108661792265562,0.13515126895330587,1.5596107314129517,0.5280054644808743,1464
20,52,-0.2,26,10,1.151634348152377,1.7412561775692004,-0.193054652482752,0.20943466003242373,3.095191771191357,0.5300136425648022,1466
40,104,-0.8,8,5,1.1515585395728085,1.4899143719783483,-0.19312755786892144,0.2128787435969941,3.1824472027082296,0.5119426751592356,1256
60,156,-0.4,8,5,1.151534236366468,1.740993048981906,-0.12773571946024098,0.14777388956818682,1.7783112193793946,0.5358851674641149,1463
20,104,-0.4,13,5,1.1506321582399126,1.4749029919744496,-0.26233455413787865,0.21109561416828648,3.1370731737647706,0.5224602626123013,1447
80,104,-0.4,52,10,1.1473494282761865,1.6491421498267573,-0.204317978541664,0.1972709654958842,2.7995017046865276,0.5251700680272109,1470
40,104,-0.2,52,3,1.1471874428169222,1.697640223271401,-0.24767278977496854,0.22757409358449832,3.5730784834242346,0.5309734513274337,1469
20,52,-0.2,26,5,1.145751596995188,1.7282140589120516,-0.193054652482752,0.2082321657758146,3.065099931076948,0.529331514324693,1466
60,104,-0.8,52,10,1.1451233396916876,1.6601810803130146,-0.2377700536839047,0.23230645721766696,3.7054123350054207,0.5182381280110117,1453
20,156,-0.6,4,5,1.143607343777888,1.6613701520993343,-0.14238193391405962,0.16623895566815938,2.1272998592551513,0.5229841748304446,1327
80,208,-0.2,13,10,1.143189850234313,1.6842297611477623,-0.13808761285082927,0.15473780587872632,1.9057487434176719,0.5272479564032697,1468
20,52,-0.8,4,5,1.1426315401957996,1.4871833749942394,-0.15281251467040613,0.20254349556298124,2.9253220001218763,0.48293963254593175,1143
20,104,-0.4,8,5,1.1418798721065486,1.4139041346748387,-0.25767426259661264,0.18264234736731266,2.4685070375662392,0.5127674258109041,1449
20,156,-0.4,26,5,1.1415668121089657,1.6721361939774564,-0.15079335854361453,0.22901023763027584,3.61289352812154,0.53601108033241,1444
40,208,-0.4,13,3,1.1410809932861474,1.677351495592651,-0.19312917421604314,0.19894380110643572,2.8390376816356175,0.5341997264021888,1462
60,52,-0.8,13,5,1.1408043833034112,1.3945065514622577,-0.17107491601066505,0.23081550454780864,3.6633671246967072,0.5238429172510519,1426
40,104,-0.2,26,3,1.1389934278367575,1.691502751386793,-0.1977844943490672,0.2062497998312416,3.015909723311344,0.5316541865214431,1469
80,208,-0.4,13,3,1.138978695314619,1.6567355492995643,-0.12441214909003873,0.1611516380478215,2.0275622362474293,0.5429155313351499,1468
20,52,-0.8,4,10,1.1379342820882539,1.4826843808106427,-0.15281251467040535,0.20159221121800353,2.902358310749776,0.48118985126859143,1143
20,208,-0.6,8,5,1.1379290255034469,1.6950056865659777,-0.1775569733879856,0.20799782507640607,3.0592579941810722,0.5055514433752776,1351
40,104,-0.4,8,10,1.1377682682905494,1.3879671473465665,-0.22966145509414782,0.17619173285927547,2.3306718266329995,0.5095890410958904,1460
20,156,-0.4,26,10,1.1371442790760131,1.664713956750931,-0.15057619974216319,0.2279244930134603,3.5827652838223605,0.53601108033241,1444
20,104,-0.4,8,10,1.1365329237515123,1.4084102641195582,-0.2576742625966125,0.18168374886948602,2.447716985762451,0.5113871635610766,1449
80,156,-0.6,8,3,1.1355363555276443,1.6720475221480973,-0.18538393498745565,0.1495254643230306,1.809900360739821,0.5216792842395045,1453
20,52,-0.4,52,10,1.13209676989394,1.6824667814484062,-0.253649528617811,0.2203621761469885,3.3776007638670826,0.5259208731241474,1466
60,208,-0.4,13,3,1.1310314010308042,1.6972883437396884,-0.1417598828554657,0.17331412534586144,2.2707289142072877,0.5351056578050443,1467
20,52,-0.4,52,5,1.1302301099939087,1.6771278433396222,-0.2536495286178102,0.22007881441264776,3.370070266457372,0.5259208731241474,1466
80,104,-0.4,52,5,1.1299139661070214,1.6252575773402134,-0.20996734899264424,0.19394039994860002,2.7218343893106676,0.5244897959183673,1470
20,208,-0.6,8,10,1.1290649686134089,1.6782011028729746,-0.1775569733879856,0.20581987344262775,3.0053097970636298,0.5059259259259259,1350
40,104,-0.8,8,3,1.1287360889460007,1.4538973225413012,-0.1916462074126407,0.20837400881440415,3.0686395035545972,0.5091487669053302,1257
20,52,-0.4,52,3,1.1279066331904661,1.6764703402921541,-0.2548331005327693,0.21933508705386773,3.3503585785082253,0.5231923601637107,1466
80,104,-0.2,8,10,1.1277326736851203,1.6486311239852176,-0.13988709272420263,0.1293312697510205,1.4638983823199716,0.5197278911564626,1470
80,208,-0.2,26,10,1.1268949167008515,1.6760365915432327,-0.15729200349621641,0.17828287819171984,2.374826178618847,0.5296119809394145,1469
60,208,-0.4,8,10,1.122146242249993,1.736617710156479,-0.12861214507029928,0.14563639548274,1.740178737613419,0.5327421555252387,1466
20,104,-0.4,8,3,1.1212785328027854,1.3898697062077738,-0.2588780079755051,0.17930557391979418,2.3966040696648725,0.5086266390614217,1449
40,52,-0.2,52,3,1.1186861775256167,1.6632553424130565,-0.23727732007665292,0.21875410895060132,3.335013941597607,0.5312925170068027,1470
60,104,-0.6,8,3,1.1183311812178043,1.3255789660790145,-0.20041763378623478,0.17498306232802552,2.3053794801814593,0.5189003436426117,1455
60,52,-0.2,52,3,1.1172271508345477,1.630692822205055,-0.23746228413081383,0.200350027330654,2.872547429767637,0.535374149659864,1470
80,208,-0.2,13,5,1.1167185714160424,1.6481014862663657,-0.1304618657891602,0.15008445090973566,1.8200467027985257,0.521117166212534,1468
20,104,-0.8,8,3,1.1140170712697581,1.4673678020543937,-0.18313180085983405,0.24401855870239175,4.04726156106723,0.5081081081081081,1110
80,208,-0.2,26,5,1.113724662123813,1.6447269757996543,-0.15724928278032824,0.17514616383253867,2.308782774165831,0.5302927161334241,1469
40,156,-0.6,26,10,1.1136631501997505,1.6219683479661025,-0.20374988300797414,0.22932951120541367,3.6217855635393734,0.520746887966805,1446
20,104,-0.6,13,10,1.1126109090870586,1.5190311623633062,-0.30244544691305186,0.23210827328102535,3.699804672600102,0.5104241552839683,1391
40,208,-0.6,4,3,1.1113898710753551,1.719578853276536,-0.1612581595051813,0.15854997880520072,1.9776285411353216,0.50997150997151,1404
80,104,-0.4,52,3,1.1099419504973067,1.5958065319132417,-0.21368510927060236,0.1907114693902332,2.647852255592152,0.5224489795918368,1470
20,104,-0.4,13,3,1.1073195591863154,1.4073585040467056,-0.2656433921021335,0.2023272508974614,2.9200916846548672,0.5224602626123013,1447
60,208,-0.4,8,5,1.1065321328075721,1.6932567971750112,-0.12742944439694492,0.14321156007348845,1.697469082528153,0.5306957708049114,1466
40,156,-0.6,26,3,1.1064942724931823,1.6058857939484468,-0.20980363833596982,0.22838727415552995,3.5955860801824793,0.5228215767634855,1446
60,208,-0.6,4,10,1.105307345974782,1.621188851564348,-0.12325642342492638,0.135841015120588,1.571164251412212,0.5316631871955463,1437
40,208,-0.4,13,10,1.1048065848184778,1.6232019481527786,-0.19164402924301682,0.1928776933650489,2.6973433783048413,0.5355677154582763,1462
20,104,-0.6,13,5,1.0996509307854136,1.4991770036217997,-0.30244544691305275,0.22906946554958418,3.614541956048482,0.5104241552839683,1391
20,104,-0.8,8,5,1.0989667809969255,1.447895543302875,-0.18313180085983394,0.24001931345333105,3.9281947341659453,0.5081081081081081,1110
40,208,-0.4,13,5,1.0983670879491865,1.6076086309106645,-0.19507574237351022,0.19176991802399157,2.6719622572123214,0.5355677154582763,1462
20,104,-0.8,8,10,1.0980661268767968,1.446204903725794,-0.18313180085983438,0.23987240455256753,3.9238675941350873,0.5081081081081081,1110
40,52,-0.2,52,5,1.0971393512562224,1.6217840736869182,-0.23792618353812467,0.21510815456148724,3.239782587118887,0.5299319727891156,1470
60,156,-0.4,52,5,1.0968118142709065,1.6176243336484244,-0.19742571479365578,0.20630647570417748,3.017308887826516,0.5282505105513955,1469
40,52,-0.2,52,10,1.0963775710998045,1.6242273368042548,-0.23680794210225997,0.2151542809687892,3.240975996888242,0.5299319727891156,1470
40,104,-0.2,8,10,1.096347631744886,1.6269648864942574,-0.14683093144976356,0.14815009561144854,1.7850699526033051,0.5248807089297887,1467
40,208,-0.6,26,10,1.0959475031334405,1.556501386287406,-0.2557465552394711,0.23121122098840186,3.6744946093423936,0.5319444444444444,1440
40,208,-0.6,26,3,1.0948423296694447,1.5526388178259432,-0.26152289377739735,0.23043148892278253,3.652590582089373,0.5326388888888889,1440
60,156,-0.4,52,10,1.0936510052691772,1.6166698961407058,-0.1984953632006936,0.2056033169446485,2.999979723510053,0.5289312457454051,1469
40,208,-0.6,26,5,1.0926437554182888,1.5497254206024906,-0.25591069700385893,0.23050506009049943,3.6546535228919206,0.5319444444444444,1440
40,104,-0.4,8,5,1.0920880140733096,1.3258653930135198,-0.23474390786070987,0.1692689907834557,2.1880445940810724,0.510958904109589,1460
40,104,-0.4,4,10,1.0898022043587092,1.5076449520221076,-0.13887779148398527,0.14356337666585772,1.7036298281238342,0.5254470426409904,1454
80,208,-0.6,4,10,1.0889225845075947,1.673782216430848,-0.10453584072190403,0.12094837766330713,1.3314853355035403,0.523776705720193,1451
80,52,-0.2,52,5,1.0877297758368396,1.5603793811582742,-0.21954954000987215,0.18177691106970517,2.449732743456182,0.5333333333333333,1470
60,156,-0.4,13,3,1.0877230322391822,1.591323998945952,-0.16865119145006324,0.1669582651492718,2.141628841930246,0.5262798634812287,1465
40,156,-0.6,26,5,1.0874111883732878,1.5829393972532804,-0.21090985878813961,0.2235621671452781,3.463424750535035,0.520746887966805,1446
20,52,-0.6,8,3,1.0868624407884513,1.3267960791196114,-0.21520216120848257,0.1859444739717515,2.5409560408241116,0.5104895104895105,1430
40,208,-0.4,8,10,1.086592778170633,1.697917543346556,-0.17300849106457106,0.16899373888468494,2.18248464445729,0.5331964407939768,1461
60,52,-0.2,52,5,1.085748852190489,1.5765812504929555,-0.2361487689664784,0.19487662698964758,2.7435267266946406,0.5387755102040817,1470
60,156,-0.4,52,3,1.0853192715226072,1.5992948841710857,-0.19613282821318345,0.20398207058669215,2.9602707805785333,0.5282505105513955,1469
80,156,-0.2,13,3,1.0844408178301024,1.5546400294183969,-0.1401992594392666,0.14878517895320242,1.7965118248457244,0.5306122448979592,1470
40,156,-0.2,26,10,1.0819658043303497,1.5812388107694186,-0.25699223697348905,0.19967724078417626,2.8564837881904257,0.5231292517006803,1470
40,208,-0.2,13,10,1.0809004303481329,1.6798005418738922,-0.17113352317806008,0.18051892325484964,2.422599449848697,0.529331514324693,1466
40,208,-0.4,8,5,1.079292361551821,1.6789963900811549,-0.17801302607499547,0.16765753986591525,2.155613135127415,0.5325119780971937,1461
60,52,-0.2,52,10,1.0788289131274456,1.5631814248729559,-0.23380331823261302,0.19379243364451848,2.7184159879662038,0.5401360544217687,1470
20,104,-0.6,13,3,1.077571867473805,1.4679423940011285,-0.30244544691305264,0.22378261246239584,3.4693903272720146,0.509705248023005,1391
60,156,-0.2,13,3,1.0773923628454958,1.6042095005485473,-0.16287175436580192,0.15743048670060178,1.956362354127568,0.5401360544217687,1470
40,156,-0.2,26,5,1.077049957130937,1.5754204184326437,-0.25926580159089774,0.1987144951255322,2.833597279613884,0.5244897959183673,1470
20,208,-0.4,26,3,1.0767120237866503,1.5134903735063967,-0.18169718171492555,0.2135235885859883,3.1989617788359714,0.5335195530726257,1432
80,156,-0.2,52,5,1.0762050969513524,1.5273023300301392,-0.1770515458741042,0.18356014952446653,2.48851384225886,0.5319727891156463,1470
80,104,-0.2,52,10,1.0738894803395955,1.527438996180373,-0.19945001830038545,0.18265533169685777,2.4687893840676502,0.5340136054421769,1470
20,156,-0.6,26,10,1.0718011532071396,1.5149304537730104,-0.18752480998977739,0.235262734442383,3.7897507565531923,0.5204301075268817,1395
20,208,-0.4,26,10,1.0706079242416586,1.5016397011226565,-0.18456048061585395,0.21242596244945355,3.1708850169227984,0.5335195530726257,1432
20,208,-0.4,26,5,1.070582651553872,1.5015370416502953,-0.18456048061585428,0.21240317643063866,3.170303886380786,0.5335195530726257,1432
80,52,-0.2,52,3,1.0702541330720061,1.5337294092167697,-0.22008239822381415,0.1784562942348491,2.378510474877416,0.535374149659864,1470
40,156,-0.2,13,10,1.069536139480337,1.5550328279904206,-0.23232053684583265,0.17511719989085495,2.30817818809064,0.5217687074829932,1470
20,156,-0.6,26,5,1.0694410060166009,1.5073461124848202,-0.19050320094070183,0.23437050298201223,3.764159968171631,0.5204301075268817,1395
40,156,-0.6,4,3,1.068411634671749,1.5904599527857701,-0.168379454747268,0.15144850628825757,1.844939249608831,0.529621698786581,1401
40,208,-0.2,13,5,1.066479931971727,1.645472666611201,-0.17585499336136245,0.17756972407776206,2.3597114351863078,0.5306957708049114,1466
60,208,-0.2,13,5,1.0651916251028644,1.5877737408452537,-0.16168451903779202,0.15544296863790663,1.9189304950533224,0.534741144414169,1468
40,104,-0.4,52,5,1.064919998181876,1.5790655935802282,-0.22923468927223056,0.2122131207554372,3.1654594686298045,0.5221540558963872,1467
80,104,-0.2,52,5,1.0641842003258466,1.5173709294974742,-0.20097021084213285,0.18082713846032816,2.429230148299368,0.5333333333333333,1470
40,208,-0.4,8,3,1.0639287149385759,1.6407515279133575,-0.1845947728544134,0.164896746009648,2.1007135417068077,0.5304585900068446,1461
80,208,-0.4,8,5,1.0637206679933098,1.590323490567749,-0.10470515123274293,0.12660324658383648,1.420111391490963,0.5296523517382413,1467
80,52,-0.2,52,10,1.063213260444001,1.5161709830439383,-0.2187878177268905,0.17782594083048853,2.3651349941408157,0.5346938775510204,1470
60,208,-0.2,13,10,1.0629312766308994,1.5968390609790837,-0.1628117884271727,0.15589193122695,1.927349971059106,0.5351056578050443,1467
40,208,-0.2,13,3,1.0628103496995356,1.6421718770497018,-0.173694356825997,0.17662423855018683,2.3397629212594495,0.5364689843217451,1467
80,208,-0.6,52,10,1.0608215915895711,1.5295121798386546,-0.16145978487937585,0.1925946488978294,2.6908439298014692,0.5330156569094622,1469
80,156,-0.2,52,10,1.0603836829480784,1.5066375499795972,-0.17741992509564752,0.18085465515640764,2.429822660757773,0.5333333333333333,1470
80,52,-0.2,13,3,1.0595384178659875,1.5448583700626437,-0.17003029661484703,0.14280560095985906,1.6903753298277149,0.5210884353741496,1470
80,104,-0.6,52,5,1.0591201047358842,1.5080491561146636,-0.19341182476072805,0.18600284540767098,2.5422484009365163,0.5265306122448979,1470
40,156,-0.2,13,3,1.0589811067357204,1.531069273545559,-0.2246540475962766,0.17227307336025155,2.2492740621377605,0.5217687074829932,1470
20,156,-0.6,26,3,1.0555047212785214,1.4850862292785765,-0.18989890282123523,0.2314412344924779,3.6809731036250266,0.5218637992831541,1395
40,104,-0.8,26,10,1.0549316935487059,1.4967835394654276,-0.3112934690666672,0.23628012089105077,3.8190762473544977,0.5237746891002194,1367
80,104,-0.6,52,3,1.0540716161945791,1.4952914527978813,-0.20162290484060308,0.18539972204959798,2.5289147325661023,0.5244897959183673,1470
40,104,-0.4,52,10,1.0526784849429702,1.5551681991014663,-0.22923468927223023,0.20928636163058378,3.0914702888631505,0.523517382413088,1467
40,104,-0.8,26,5,1.0525275078766216,1.5013917073049958,-0.3125750724201628,0.23546928895314267,3.795692030797973,0.5237746891002194,1367
40,156,-0.2,13,5,1.052433928621529,1.5290241107172937,-0.23404583940074974,0.17175442120651274,2.2386307693875347,0.5217687074829932,1470
80,104,-0.4,8,5,1.0514466746940898,1.5058592793141823,-0.16941393695628848,0.12755871898861293,1.4353702617405038,0.5224795640326976,1468
40,104,-0.4,52,3,1.0501641421916348,1.5619077165492945,-0.23127775629057423,0.20914249036952803,3.087862700047854,0.523517382413088,1467
80,104,-0.6,52,10,1.0498301419190557,1.4918956707297046,-0.19740686863240886,0.18441660280411654,2.5072732983604915,0.5258503401360545,1470
60,104,-0.2,52,10,1.0497960734368654,1.5241100509835053,-0.21482931614538647,0.19194578076419577,2.67598149402167,0.5306122448979592,1470
40,104,-0.2,8,5,1.0491636387006105,1.5505117344318002,-0.15064349037842673,0.14152510339756552,1.6681054723167286,0.5228357191547376,1467
40,104,-0.4,8,3,1.0487645899213456,1.2561920946434426,-0.242175412951129,0.16062451467243188,2.0173870440022963,0.5068493150684932,1460
80,208,-0.6,52,5,1.0484451666316106,1.5140953409771523,-0.16090578508465647,0.18998728689388833,2.6314353926547605,0.5336963921034718,1469
60,104,-0.2,8,10,1.047713970951545,1.5466950102719785,-0.1580550473681448,0.1296023418594121,1.468286507796047,0.5326530612244897,1470
80,208,-0.2,52,10,1.0465128115955307,1.500623310078878,-0.1737457984172226,0.1789294420349683,2.388580401435413,0.5330156569094622,1469
80,156,-0.2,52,3,1.0461109870236696,1.4840273412427107,-0.17734615390241015,0.17776056921905736,2.363750498160174,0.5319727891156463,1470
40,156,-0.6,52,10,1.0458113977061936,1.561375202339533,-0.28498189818264463,0.21654188032118915,3.277012923183806,0.52400548696845,1458
20,52,-0.6,8,5,1.044086307208233,1.254630999347329,-0.2115621326755488,0.17822782478099386,2.3736572730389236,0.5104895104895105,1430
20,208,-0.2,26,10,1.0439738997389951,1.550437297811981,-0.21880159037787095,0.19354827999750834,2.712781350750658,0.5319148936170213,1457
20,208,-0.2,26,5,1.0439738997389951,1.550437297811981,-0.21880159037787095,0.19354827999750834,2.712781350750658,0.5319148936170213,1457
20,208,-0.2,13,5,1.0437913926202995,1.538587117071921,-0.19462303176792906,0.17106433562826373,2.2245162513926977,0.539737387698687,1447
20,208,-0.2,13,10,1.0425868281016795,1.5355905211530272,-0.19143799638994763,0.17094507821610527,2.2220824462976805,0.539737387698687,1447
20,52,-0.6,8,10,1.0407329416048299,1.2498969308632817,-0.20882481644313355,0.1774591268251675,2.3573726662830765,0.5104895104895105,1430
80,208,-0.2,52,5,1.0406988981347407,1.4934116804371775,-0.17419511239177765,0.177788754968341,2.3643473796582115,0.5316541865214431,1469
40,156,-0.6,52,5,1.0396864674979358,1.5501460204396216,-0.2860966276939706,0.2150136715087263,3.2373389725521315,0.5233196159122085,1458
60,104,-0.2,52,5,1.03935397457969,1.509199002410012,-0.22016601229141586,0.1899402141940798,2.6303704935838934,0.5299319727891156,1470
80,208,-0.6,52,3,1.0392682592037426,1.4962719817146228,-0.16404972776089644,0.1881923271583983,2.591019804790454,0.5350578624914908,1469
80,104,-0.6,8,3,1.0386665528982546,1.4413172444435298,-0.1615236509463578,0.14246181632551824,1.6843806437730762,0.5143638850889193,1462
20,52,-0.6,52,5,1.0374386481837112,1.4785893249901771,-0.25887099279325454,0.20437615537185327,2.969891529591648,0.5310580204778157,1465
40,156,-0.2,26,3,1.0373542381357141,1.5069060065708062,-0.26190128068550533,0.19045043915341986,2.641927442747376,0.5251700680272109,1470
80,208,-0.4,52,10,1.0365845419342425,1.482732576670913,-0.15988393161381653,0.1812736895179201,2.43885660848775,0.5289312457454051,1469
20,52,-0.6,26,10,1.0364140633028984,1.3597699713781302,-0.284185755762165,0.21130793817253912,3.1424535976436907,0.5178082191780822,1460
20,52,-0.6,52,10,1.0363948561781697,1.4769602789173968,-0.2588709927932539,0.2041372267023367,2.9640561798123675,0.5310580204778157,1465
60,208,-0.2,26,10,1.0343599485122899,1.542213446893184,-0.18418972972993453,0.17639936697547354,2.335033536277506,0.5330156569094622,1469
80,156,-0.2,8,10,1.0342977015090313,1.5631524124591223,-0.11852047616131889,0.11757672109138695,1.2799906949290367,0.5251700680272109,1470
80,104,-0.2,52,3,1.0327062987609592,1.479080424213817,-0.20741834162604766,0.17466723984421528,2.298798101948257,0.5299319727891156,1470
20,208,-0.2,26,3,1.0309349552203475,1.5266704053834887,-0.2190229206824792,0.19103357246017083,2.6551747794462783,0.5332875772134523,1457
20,52,-0.2,52,3,1.0294265709318575,1.5194346773758074,-0.2434394854900228,0.1973892680657907,2.8022860585781593,0.529331514324693,1466
40,156,-0.4,52,5,1.0278209392837498,1.5313358502022594,-0.27515415009582844,0.20900317061067608,3.0843718637006186,0.5200816882232812,1469
40,156,-0.6,8,10,1.0270125194792503,1.3685562337580754,-0.17768050491906484,0.16803884645853095,2.163261275956332,0.5124201561391057,1409
80,208,-0.2,26,3,1.026878479870121,1.514816743500694,-0.15316968822959443,0.16131436523943687,2.030709389576552,0.517358747447243,1469
60,104,-0.2,13,3,1.0265174207201229,1.4852148446669196,-0.18234258514804635,0.1500360558194176,1.8191670167569534,0.5312925170068027,1470
40,156,-0.4,13,10,1.0245294918139844,1.2781526503563267,-0.20352293352768425,0.18158569811570047,2.445596554731946,0.5229295003422314,1461
80,208,-0.4,52,5,1.0242746982512516,1.4669050034994566,-0.1589408639723061,0.17879839730023428,2.385788801511787,0.5296119809394145,1469
60,208,-0.2,26,5,1.0229964925325807,1.5156417429609592,-0.18465277851495188,0.17355367694900137,2.2756830983395178,0.5330156569094622,1469
80,208,-0.8,52,3,1.0229728723994231,1.4943593436674898,-0.2037468733357698,0.20051643937359698,2.8765296486291327,0.5232155232155232,1443
20,52,-0.6,52,3,1.0221128765043583,1.4532467112136265,-0.25947573159013804,0.20128237507129643,2.8949041039901378,0.531740614334471,1465
20,52,-0.2,52,5,1.0218758219192747,1.5113813574700603,-0.24088201415352717,0.1962299723296117,2.7750769778466484,0.5286493860845839,1466
20,52,-0.2,52,10,1.0215398479846929,1.5115576069041607,-0.24088201415352728,0.1962040643070786,2.7744708368367226,0.5286493860845839,1466
20,156,-0.4,13,5,1.0208199497939623,1.2966737360825602,-0.2186510083406108,0.19163471466244397,2.6688748514672618,0.5293296089385475,1432
60,156,-0.2,8,10,1.020654787287991,1.6031322139553357,-0.14616617078419647,0.12504243443404306,1.3953631492399943,0.5285714285714286,1470
20,208,-0.2,52,5,1.0200656738065401,1.5195318651265708,-0.22004659876332322,0.20203355269158707,2.912997654130856,0.5312285518188058,1457
20,208,-0.2,52,10,1.0200656738065401,1.5195318651265708,-0.22004659876332322,0.20203355269158707,2.912997654130856,0.5312285518188058,1457
40,156,-0.4,52,10,1.019862919571568,1.521853391886354,-0.2761905339072538,0.2071529676349655,3.038256586764432,0.5194009530292716,1469
80,208,-0.8,52,5,1.0196035483724768,1.483974471525269,-0.20674634820032078,0.19986923594156747,2.861062029825083,0.5225225225225225,1443
60,104,-0.2,52,3,1.0188884685828037,1.482052024097652,-0.22733965083010055,0.18539772528101306,2.5288706608290332,0.5292517006802722,1470
20,208,-0.4,8,3,1.0185164083909117,1.370692316960953,-0.13958524895386182,0.15613466883809135,1.9319108172334385,0.5303244005641748,1418
60,104,-0.4,52,5,1.0184819441693813,1.4909054404526456,-0.2315241029153361,0.18751332108474816,2.5758329685853916,0.5224489795918368,1470
40,156,-0.4,13,5,1.017389783999249,1.2586029885358543,-0.2029725605366134,0.17955863699014518,2.4020116710748463,0.5242984257357974,1461
60,104,-0.4,52,10,1.0171124434868901,1.4840401378107675,-0.2301631027227371,0.18698000302394102,2.5639436215920774,0.5258503401360545,1470
20,156,-0.4,13,10,1.01621641575484,1.291154337268815,-0.2186510083406108,0.1906956550746306,2.647493068234702,0.5286312849162011,1432
80,208,-0.8,52,10,1.0156651074771532,1.477139244349723,-0.20750249646520635,0.1989398318142186,2.8389434513635154,0.5232155232155232,1443
40,156,-0.6,8,5,1.0149082054804217,1.3474935153607446,-0.17804443338600495,0.16681114025233557,2.1386934333186107,0.5117104329311568,1409
20,52,-0.6,26,3,1.0147892723302012,1.3209319565773554,-0.28746414894777805,0.20746698698378463,3.0460514550301303,0.5178082191780822,1460
20,208,-0.2,13,3,1.0142766538991255,1.4873000936280742,-0.19636383891839826,0.16582487311072125,2.119076810548809,0.5390463026952315,1447
40,156,-0.4,52,3,1.014272516009315,1.5134954515553558,-0.27466185999639936,0.20582743829100258,3.0054961005905634,0.5194009530292716,1469
60,52,-0.8,8,10,1.0135422464130208,1.160561143393367,-0.2740181184953402,0.16718565549768138,2.146170363929319,0.532051282051282,1404
80,208,-0.2,52,3,1.010966438233333,1.4459487841466732,-0.17722211926175468,0.17228879940396657,2.249597249338303,0.5289312457454051,1469
80,208,-0.2,8,10,1.009349718144733,1.5391229393376231,-0.10485854151894913,0.11452563286225081,1.234243070843719,0.5252043596730245,1468
80,52,-0.8,8,10,1.0083718723711181,1.1169596661142094,-0.2701768599220691,0.15817153985732513,1.9704248500802461,0.5364145658263305,1428
60,208,-0.2,26,3,1.0068307275800097,1.495423681893163,-0.1823769693423175,0.17064511610418442,2.215967844439975,0.5268890401633765,1469
80,104,-0.6,4,5,1.00572794375139,1.4881764491296527,-0.14779144548228385,0.1256965722198793,1.405708376859157,0.51440329218107,1458
60,156,-0.2,52,10,1.004984797215138,1.4469906797235939,-0.20093599259346284,0.18381504708724594,2.4940879352454086,0.527891156462585,1470
60,156,-0.2,52,5,1.004782336215349,1.4490181888574485,-0.20085597184877657,0.1837065579903674,2.491714557505142,0.527891156462585,1470
20,156,-0.4,13,3,1.0047759844720503,1.2684558414084262,-0.221707069023109,0.18707136977308636,2.565978044524249,0.5286312849162011,1432
20,52,-0.6,26,5,1.0035311881693065,1.3091165558454139,-0.28418575576216476,0.20453449335208473,2.9737627076125874,0.5171232876712328,1460
40,104,-0.8,26,3,1.0022865745078313,1.423826399988899,-0.32365125364676617,0.22198999966841093,3.4210789589091286,0.5230431602048281,1367
40,208,-0.8,13,10,1.0014119069255865,1.2959775875465762,-0.29967347326921356,0.21576344119818147,3.2567638347305126,0.5170648464163823,1172
20,104,-0.6,26,3,1.0012673836835904,1.5040476492045578,-0.2623929048781799,0.21348738731904104,3.1980331667003083,0.523109243697479,1428
40,156,-0.6,52,3,1.0000714040809733,1.482338324825741,-0.2889859503098756,0.2057353748220181,3.003229314261554,0.5233196159122085,1458
40,156,-0.4,26,3,0.9979069334536704,1.4573996783367131,-0.25104807943712903,0.18773577410191677,2.580802282009011,0.5150273224043715,1464
40,52,-0.8,13,3,0.9975553747090203,1.2367208109470054,-0.20995875679863163,0.21815903335192388,3.3193455292690244,0.507278020378457,1374
40,208,-0.2,26,10,0.9965877662817768,1.477294558374593,-0.1908331025589426,0.18362818798887082,2.490000952358841,0.5241660993873384,1469
20,104,-0.8,13,3,0.9964705423957512,1.3334432693719895,-0.17095687408345261,0.23473724857704825,3.7746645310460094,0.5144356955380578,1143
20,156,-0.4,8,3,0.9964290980731023,1.242969983329175,-0.19846987733119958,0.16518717187918974,2.106449621862185,0.5154061624649859,1428
60,104,-0.4,52,3,0.9961679237451091,1.4594395160894769,-0.23739695259053373,0.18337561699949823,2.4844832921329583,0.5190476190476191,1470
80,208,-0.4,52,3,0.9957747308075714,1.4301402843455113,-0.1604450082570138,0.17337106734715935,2.271905948207398,0.5282505105513955,1469
20,156,-0.4,8,10,0.9952880151305952,1.2515549557258114,-0.1984698773311997,0.16671501902963004,2.136776922313886,0.5133053221288515,1428
20,156,-0.4,8,5,0.9950141466693676,1.252457578704744,-0.19846987733119958,0.16674526151780356,2.137379802351178,0.5133053221288515,1428
60,156,-0.2,52,3,0.99327295902743,1.4289970690549691,-0.20308557879543998,0.1810987651157565,2.435082919296039,0.5272108843537415,1470
40,52,-0.8,13,5,0.9923759067413828,1.2235041196994199,-0.2064630556104271,0.21720461866182617,3.294317973792732,0.5061908230152949,1373
20,104,-0.6,26,10,0.9923630271454157,1.465129317278125,-0.2623929048781798,0.2119699256107921,3.15926765531324,0.5259103641456583,1428
20,104,-0.6,26,5,0.9920757852204047,1.464526990117956,-0.26239290487817934,0.21190897890299976,3.157717184225076,0.5259103641456583,1428
40,156,-0.4,13,3,0.9918589189040715,1.2255826492811952,-0.2051298541129558,0.17490432713812942,2.3037376671247993,0.5229295003422314,1461
40,156,-0.4,26,5,0.9911754623853499,1.4528741772852225,-0.24689127890917828,0.18704439444126164,2.5653772922617994,0.5136612021857924,1464
40,156,-0.4,26,10,0.9880972405981825,1.4537596050171682,-0.24938708029236467,0.1866725470184032,2.5571050076365744,0.514344262295082,1464
40,208,-0.8,13,5,0.9873911445393225,1.2747801610273009,-0.3069224958750437,0.21237380757216928,3.1695549716028566,0.5162116040955631,1172
40,208,-0.2,26,5,0.9873002614584498,1.4622354045734915,-0.1905115460285537,0.18183549768691143,2.4510009087310642,0.5234853641933288,1469
20,104,-0.8,13,10,0.9867424482035104,1.3267252654702228,-0.17095687408345284,0.2339348857714998,3.7517087233925084,0.5135608048993876,1143
20,104,-0.8,13,5,0.9858814986951099,1.3261262726262586,-0.17095687408345273,0.2336637330654796,3.7439725909495385,0.5126859142607174,1143
20,208,-0.4,8,10,0.9853588338132786,1.3252831857569087,-0.14249404495046236,0.1510760058738605,1.8381227232121602,0.5267983074753173,1418
40,208,-0.2,8,10,0.9788522121193124,1.6148788115516346,-0.1581164601995373,0.1407588390101857,1.6548553529140166,0.5190995907230559,1466
60,208,-0.2,52,10,0.978471508524078,1.4278038625084684,-0.2035800566223821,0.1792101584673147,2.3945671071519334,0.5330156569094622,1469
40,104,-0.2,8,3,0.9782598109007212,1.423673713057402,-0.16257179833795143,0.13228315133555646,1.5120489339000835,0.520109066121336,1467
60,52,-0.6,4,5,0.9741322795936853,1.2801806483504619,-0.14409506828301477,0.1215554458477972,1.3408630576720508,0.5099656357388316,1455
60,208,-0.2,52,5,0.9736866062622987,1.4219766025467575,-0.20304533411296488,0.1780581126111498,2.3700561124072164,0.5330156569094622,1469
40,156,-0.8,13,10,0.9731397498516057,1.1878318289391885,-0.23966264393310566,0.22665404753955354,3.5477280602834336,0.5191524042379788,1227
20,208,-0.4,8,5,0.9723037835855346,1.3066752980116487,-0.1429458931569525,0.14903373321422242,1.8010009203839519,0.5267983074753173,1418
40,156,-0.8,13,5,0.9690903867593819,1.1879695994575359,-0.23966264393310532,0.22609086886134744,3.532270618171986,0.5183374083129584,1227
40,208,-0.2,26,3,0.9674551844894212,1.4223837181573937,-0.1903138290199864,0.17766790758626994,2.3617888750464395,0.5248468345813478,1469
20,104,-0.2,26,5,0.9674496520336616,1.4559903815633801,-0.20972946308684282,0.17315549942973885,2.2674519285905763,0.5363013698630137,1460
20,104,-0.2,26,10,0.9664176016453419,1.4541874036358557,-0.2097294630868416,0.17295616232668354,2.26333793554497,0.5363013698630137,1460
40,156,-0.2,8,10,0.9657081523073004,1.4522809975432014,-0.19690117996287826,0.1320204497949642,1.5077310498570076,0.5224489795918368,1470
40,208,-0.2,52,5,0.9625751924424502,1.4165637232016388,-0.21965464375478916,0.18934391220346547,2.6169040594599706,0.5214431586113002,1469
40,208,-0.2,52,10,0.9625751924424502,1.4165637232016388,-0.21965464375478916,0.18934391220346547,2.6169040594599706,0.5214431586113002,1469
40,208,-0.2,8,5,0.9618495933270218,1.5832842852831,-0.15816150575471188,0.1380449253705549,1.6083835487493046,0.5184174624829468,1466
40,104,-0.4,4,5,0.9614889427292502,1.316861574108774,-0.1376088065101665,0.12799195686812137,1.4423164393128824,0.5240715268225584,1454
40,208,-0.8,13,3,0.9613185934143962,1.238722185274061,-0.3065145849843126,0.20555517977221882,2.9987957642568075,0.5119453924914675,1172
40,156,-0.8,26,10,0.9611800849206582,1.3146901758151983,-0.2337086282603904,0.23213903503646205,3.7006747046663317,0.5178165276724791,1319
40,52,-0.8,13,10,0.9579987491660112,1.181328394448228,-0.17731147070339137,0.20795382135877616,3.058161825040635,0.5061998541210795,1371
60,52,-0.2,4,10,0.9576457515552212,1.5072602607026555,-0.12345773639901614,0.10421035540904655,1.085405255705108,0.5234853641933288,1469
20,104,-0.2,8,10,0.9568897546309852,1.3971444301791387,-0.18385129430764635,0.13290955357194334,1.522370732921015,0.5175017158544956,1457
20,156,-0.4,52,3,0.9564664466615688,1.4259007703743185,-0.18905652123505257,0.1946042441174538,2.7372043755212294,0.515130674002751,1454
20,104,-0.2,52,5,0.9558344247197544,1.4089392606879556,-0.20839266404002643,0.18409725111081188,2.5002681512091596,0.5321477428180574,1462
40,156,-0.4,8,10,0.95527320823816,1.1368007435077419,-0.19778711090679868,0.14756564344387457,1.7745760764881693,0.5202193283070596,1459
60,208,-0.6,52,10,0.9544383901021203,1.4219680576827092,-0.21689130794709033,0.1855865778793644,2.5330410343478182,0.532016348773842,1468
20,104,-0.2,52,10,0.9533138872042853,1.405026934990233,-0.20839266404002654,0.18355864298818392,2.4884809202464333,0.5321477428180574,1462
80,52,-0.6,4,5,0.9529323084160857,1.4975162272240128,-0.09921313390787723,0.10875062053336082,1.149823650206807,0.5099247091033539,1461
40,156,-0.4,8,5,0.95100770989972,1.1280624288362735,-0.19778711090679868,0.14670959543586037,1.7592674289512922,0.5195339273474983,1459
60,208,-0.2,8,10,0.9505922283983979,1.4898447247939401,-0.1235964971517467,0.11758616339442374,1.2801335198081354,0.5262440354464895,1467
60,104,-0.6,52,10,0.950055402079455,1.357326539199622,-0.22557217434300447,0.17955925645975412,2.402024917400748,0.5214431586113002,1469
20,104,-0.2,8,5,0.949644551175054,1.3816298920762118,-0.18477869091342403,0.1316764681181224,1.5020869169659523,0.5175017158544956,1457
40,156,-0.8,13,3,0.9492840708211585,1.1701254792613518,-0.24512487654321435,0.2196164025975611,3.3578054781407047,0.5167074164629177,1227
60,208,-0.2,52,3,0.9475112706820245,1.3792828266795434,-0.20342987626326114,0.17306264746545952,2.2655350574348487,0.5316541865214431,1469
20,104,-0.2,52,3,0.9465392977770439,1.3967078174155214,-0.20735317605277293,0.1821528389085949,2.4578770846301237,0.5314637482900136,1462
20,156,-0.4,52,10,0.946461051819755,1.4099385634189134,-0.1892490841678236,0.19245619863874253,2.687668347712031,0.515130674002751,1454
20,156,-0.4,52,5,0.946461051819755,1.4099385634189134,-0.1892490841678236,0.19245619863874253,2.687668347712031,0.515130674002751,1454
60,104,-0.6,52,3,0.9425644216430461,1.3430852339254413,-0.22538169915385753,0.1779676478934431,2.3681378804068074,0.5221238938053098,1469
40,156,-0.2,8,5,0.9420481316227827,1.4096672192899162,-0.20313763463572188,0.12811937997564793,1.4443626949954727,0.5176870748299319,1470
40,156,-0.8,26,5,0.9416571190588591,1.2980208176055714,-0.2337086282603903,0.2264813135246262,3.542982226004029,0.5170583775587566,1319
20,156,-0.8,13,10,0.9388394833882842,1.21080178599202,-0.26583198546378817,0.23815232431762,3.873447365541675,0.5236742424242424,1056
20,156,-0.8,13,5,0.9388394833882842,1.21080178599202,-0.26583198546378817,0.23815232431762,3.873447365541675,0.5236742424242424,1056
60,104,-0.4,4,10,0.9383995690953929,1.2962674689589035,-0.13587976364778764,0.1070885092091951,1.126044287898683,0.5249146757679181,1465
20,104,-0.2,26,3,0.9368441329391106,1.4108932784486714,-0.20769652052746013,0.16714154916186397,2.145289012571891,0.5342465753424658,1460
40,208,-0.2,52,3,0.9366784414363615,1.375619376293106,-0.2190032561922255,0.18375580279504278,2.492791695830481,0.5234853641933288,1469
60,104,-0.6,52,5,0.9363561665216822,1.3387663781186467,-0.224171079753256,0.17693302180622927,2.346266547294043,0.5221238938053098,1469
20,156,-0.8,13,3,0.9362633229447211,1.2069734650288189,-0.26560946858084933,0.2375174081452125,3.85494944623043,0.5227272727272727,1056
20,156,-0.6,13,3,0.9362039334222092,1.25703843006809,-0.20193886183972154,0.1874839788639957,2.575177946814142,0.5011005135730008,1363
60,52,-0.2,8,3,0.9352314758040683,1.408428983140429,-0.16645063271499694,0.11803166719341873,1.2868810427307755,0.5102040816326531,1470
60,208,-0.4,52,10,0.9332364490124981,1.3733255517154452,-0.196684504282304,0.17486755395322873,2.3029711018542227,0.5268890401633765,1469
60,156,-0.4,8,3,0.9314231140942125,1.3623945502864465,-0.14840366473176803,0.12284146857521683,1.3608368143096876,0.5283663704716336,1463
20,156,-0.6,13,5,0.930589201568161,1.2483605115296155,-0.20714232355754447,0.18623776002172487,2.5474536035565527,0.5011005135730008,1363
60,208,-0.6,52,5,0.9298109112186331,1.3831174494442222,-0.21689130794708966,0.18014792281761616,2.4146327529805682,0.5306539509536785,1468
40,208,-0.6,52,10,0.9295893512723092,1.3489011872290657,-0.2930239651592639,0.20095669109521874,2.887081904213625,0.5296523517382413,1467
60,208,-0.4,52,5,0.9265359332929688,1.3653321666943807,-0.19653713298976494,0.1733983006979849,2.2724690115816397,0.5268890401633765,1469
60,208,-0.2,8,5,0.9262107168500804,1.4256383094853216,-0.12220312853845727,0.11368975988212116,1.2218495511296958,0.5241990456714383,1467
20,156,-0.6,13,10,0.9260564154633641,1.241980876487221,-0.20333493754821186,0.18504716008010336,2.521140527014002,0.5011005135730008,1363
60,104,-0.6,4,3,0.9251143598973444,1.277941004896792,-0.1853848067397601,0.1296559329352196,1.469154842132379,0.5193370165745856,1448
60,52,-0.8,8,5,0.9244016108312573,1.0604343605356545,-0.27472706217203746,0.1525407872776985,1.8650090370483245,0.5253029223093372,1403
20,208,-0.6,13,5,0.9238123591304832,1.368282531694691,-0.20355233262873984,0.18643879015234477,2.5519132519014462,0.5058394160583941,1370
20,104,-0.2,8,3,0.923788936336646,1.3465151309914016,-0.18577153082871256,0.12875003360409432,1.4545120543398058,0.5171467764060357,1458
40,208,-0.8,26,10,0.9226027579280246,1.2558731107070422,-0.23276939840174204,0.21133372483334822,3.1431074599208255,0.521875,1280
20,208,-0.6,13,3,0.9214495824065152,1.36201045777988,-0.199989431512419,0.18558472175413288,2.5330000253707032,0.5051094890510949,1370
40,52,-0.2,4,5,0.920767989772534,1.4722751920024801,-0.12491964931038968,0.11604998024456004,1.2569986669899484,0.5272851296043656,1466
60,156,-0.2,8,5,0.9205930448076672,1.414767553782058,-0.1407652885780153,0.11275932341862105,1.2081239254377083,0.5346938775510204,1470
80,52,-0.4,8,3,0.9196880222836419,1.4033268047052119,-0.13623700353609358,0.11231795123648602,1.2016385788852442,0.5034059945504087,1468
60,208,-0.6,52,3,0.9192068354568117,1.3648018289753816,-0.21721842596722363,0.1775086421266976,2.3584195782041117,0.532016348773842,1468
40,156,-0.8,26,3,0.918746835960885,1.269023338972856,-0.2375814502653334,0.22051103625695823,3.3815613009364105,0.5155420773313116,1319
20,208,-0.6,13,10,0.9184021524872361,1.3579027144327953,-0.2094793761423579,0.18534893447739842,2.5277939211166425,0.5058394160583941,1370
60,104,-0.2,8,5,0.9175241081537182,1.3365409292686683,-0.17164508539365675,0.11381892618499467,1.2237608105010436,0.527891156462585,1470
20,208,-0.2,52,3,0.9175149214782068,1.35397199850852,-0.22004659876332344,0.17887374200701167,2.3873936001026523,0.5302197802197802,1456
40,208,-0.8,26,3,0.915064622754387,1.2495650010259447,-0.24522807238446798,0.2089218632881482,3.0823357957664843,0.52265625,1280
80,52,-0.8,8,5,0.9127703346422271,1.0109257980361235,-0.2708379188843001,0.14414824576471874,1.713898552987421,0.5301120448179272,1428
20,52,-0.2,4,3,0.9117306866497855,1.4972633654190253,-0.11505409114412057,0.11593186196474736,1.2552282490498023,0.5205479452054794,1460
60,208,-0.6,4,5,0.9112317851860091,1.3319199579412047,-0.13609117469498655,0.114301091110659,1.2309079213503358,0.5219206680584552,1437
60,208,-0.4,52,3,0.9108729201196404,1.3440844023340728,-0.1909570436158009,0.17022692938056316,2.2074600379328424,0.5268890401633765,1469
40,208,-0.4,52,3,0.9100206903243672,1.3468283926023092,-0.22949895586992353,0.18527940873286886,2.526260083499111,0.5262083049693669,1469
40,156,-0.6,8,3,0.9099072983341894,1.1688264455530457,-0.2397849230753646,0.14886331965629918,1.797922439289493,0.5085106382978724,1410
40,104,-0.8,52,3,0.9095566928556735,1.3527246737882712,-0.2729938293314115,0.20230594634981203,2.919576717408576,0.5100904662491301,1437
40,52,-0.6,4,3,0.90880387558212,1.2367030524457607,-0.13111982723540883,0.12686861415377693,1.424340985927802,0.4937325905292479,1436
40,208,-0.8,26,5,0.90751936734026,1.231263506654465,-0.242682945399475,0.20733090734004977,3.0426719680968235,0.521875,1280
40,208,-0.4,52,5,0.9052135548822816,1.3391684928391743,-0.2288846004170464,0.1844153013302543,2.507244725252821,0.527569775357386,1469
60,208,-0.2,13,3,0.9048493917989324,1.3450829870098853,-0.15020583290122524,0.13212481053812852,1.5094456019631806,0.526566757493188,1468
20,156,-0.4,4,5,0.9043762196597708,1.2204915860988224,-0.14905491807022964,0.12346916278672349,1.3706392224548831,0.502112676056338,1420
40,208,-0.6,52,5,0.9042123882228084,1.3119389584865306,-0.2968300377272223,0.194674529649715,2.738834906732853,0.5282890252215405,1467
20,208,-0.2,8,5,0.9040593650236888,1.3707400512997867,-0.15921361023397385,0.12530035155313035,1.3994375184525074,0.530062197650311,1447
40,208,-0.6,52,3,0.9032661827108374,1.3095882488430641,-0.2967574264267857,0.19407539467304136,2.7249554852006135,0.5282890252215405,1467
20,156,-0.4,4,10,0.9025214884389405,1.2224176769630926,-0.14905491807022964,0.12363572642936305,1.3732462730259787,0.5014084507042254,1420
40,208,-0.4,52,10,0.9019767824109696,1.3342064192484238,-0.2288846004170464,0.1837039837605121,2.491658258929262,0.527569775357386,1469
80,104,-0.4,4,10,0.90090335160976,1.2825933525379325,-0.1281333354364611,0.09488163838917973,0.9582681082745084,0.5313351498637602,1468
40,156,-0.2,52,3,0.900203901664118,1.3079848009849002,-0.26387131510644535,0.17690324981060312,2.3456390094332438,0.5346938775510204,1470
40,156,-0.2,52,10,0.8992201279221113,1.3087480026281686,-0.262502154277228,0.17708336940869196,2.3494371487490757,0.5333333333333333,1470
20,104,-0.4,52,5,0.8981129343612886,1.3368132559457735,-0.3316036173107151,0.17791519952732537,2.3670261873726353,0.5294520547945205,1460
20,104,-0.4,52,10,0.8978603237967534,1.3364948937321612,-0.33182631730262846,0.17786225704489733,2.365904343023801,0.5294520547945205,1460
40,156,-0.2,52,5,0.8977856637293646,1.3073349068232685,-0.2627370716358354,0.17671274182594043,2.341625867808465,0.5333333333333333,1470
40,104,-0.8,52,5,0.8974574968203908,1.331733588684973,-0.273655778978092,0.19919165319130983,2.8449256097632922,0.510786360473208,1437
20,104,-0.4,52,3,0.8924744033338751,1.329959450917662,-0.33447710401951203,0.17671421908449014,2.3416569709362127,0.5294520547945205,1460
20,208,-0.2,8,10,0.8917661699582076,1.3398952346490707,-0.1613114606995969,0.1230420856756067,1.3639659382823437,0.5307532826537664,1447
40,104,-0.8,52,10,0.890910120784554,1.3122292002176155,-0.2752537036211964,0.19787861266220097,2.813821969955263,0.5100904662491301,1437
20,208,-0.2,8,3,0.8898125425065506,1.3449547668654285,-0.16411909828981808,0.12348180381774743,1.3708369926825172,0.5321354526606773,1447
40,104,-0.6,52,10,0.8897379137649022,1.226576281840313,-0.2520208322446663,0.18342422067604125,2.4855445001764322,0.5253424657534247,1460
40,104,-0.6,52,5,0.8830987459668341,1.2178481974043358,-0.2527226389018733,0.1818852741287611,2.4520786859263075,0.5253424657534247,1460
80,104,-0.2,13,3,0.8798315327223917,1.2243276644953212,-0.18379889320050946,0.1208143539258526,1.3294193811962733,0.5251700680272109,1470
80,156,-0.8,52,10,0.8751245927206596,1.2402107623215137,-0.1983423574659573,0.1637976373129899,2.0790883782689384,0.5262068965517241,1450
60,156,-0.8,52,10,0.8750007964080935,1.2755501008871972,-0.23258688142720163,0.17804396931283062,2.3697561527604036,0.5313370473537604,1436
80,156,-0.8,52,3,0.8741400190043374,1.2447110707407691,-0.2007305003495894,0.1644895945241691,2.092687491020072,0.5248275862068965,1450
40,104,-0.6,52,3,0.8734500677375308,1.2022089181794886,-0.26775724891804464,0.17997655140919577,2.41095822032635,0.5232876712328767,1460
80,156,-0.8,52,5,0.8652917059606624,1.2341128852979983,-0.20436429474454132,0.1616597199126708,2.0373979474508572,0.5248275862068965,1450
80,208,-0.2,8,5,0.8642201322813748,1.268549555905274,-0.11306992826416351,0.09973248843373517,1.0235146515909355,0.5217983651226158,1468
60,156,-0.8,52,3,0.8591417337325368,1.2700876031140698,-0.23196869331184478,0.17482147511302037,2.302010770269555,0.5288796102992345,1437
60,52,-0.8,8,3,0.8590299311106768,0.9973881083716265,-0.2892133285183168,0.1440274971764075,1.7117757738033088,0.5253029223093372,1403
80,156,-0.2,8,5,0.8575038483519983,1.2388130442513583,-0.13296820655583252,0.09940663747576073,1.0190736178567068,0.5204081632653061,1470
20,52,-0.8,26,3,0.8563023361306676,1.105436283042396,-0.33679168119983494,0.2031293875221405,2.939523333521719,0.5089221984296931,1401
60,156,-0.8,52,5,0.8521072495043504,1.2473309666734858,-0.23262810120257227,0.17283934389674815,2.2609290766676846,0.5299442896935933,1436
60,156,-0.6,4,3,0.8507992161215606,1.2365942967062038,-0.1614721871215804,0.11271382342353875,1.2074546035358558,0.5191104933981932,1439
20,156,-0.6,52,5,0.8505250887171018,1.2658062007748385,-0.21934912684318386,0.1800930272579242,2.413455313968144,0.5269042627533194,1431
20,156,-0.6,52,10,0.8476744455357463,1.2609200251865358,-0.2193491268431832,0.1794801662969454,2.4003340667654745,0.5269042627533194,1431
20,156,-0.6,52,3,0.845430032096461,1.2552426139878565,-0.21934912684318286,0.1788014014919208,2.385852776461393,0.527603074772886,1431
20,52,-0.8,52,3,0.8446431854743529,1.0830228860484874,-0.26844880665505766,0.1846412575014682,2.512208481258119,0.5171467764060357,1458
20,208,-0.4,13,5,0.8444730405115055,1.122423472612205,-0.17106527576895614,0.14975692166212395,1.8140977782335859,0.5309423347398031,1422
80,208,-0.2,13,3,0.8431631030332322,1.2037809756500777,-0.13915398983123706,0.11548352769400672,1.2485193126673524,0.5252043596730245,1468
20,208,-0.4,13,10,0.8391908130336413,1.115303697247473,-0.1710652757689558,0.1486687237035167,1.7944106888969462,0.5309423347398031,1422
20,208,-0.4,52,3,0.8374447441474056,1.2454351181680858,-0.2380929614224352,0.17278038761786263,2.2597139506660016,0.5234159779614325,1452
60,208,-0.4,8,3,0.8363607155078783,1.2445263927104584,-0.14377577876262415,0.10978683982813298,1.1647646963023903,0.5259208731241474,1466
20,208,-0.4,13,3,0.8330674929014559,1.1049269880813142,-0.17515124931536974,0.14767817539167294,1.7765939314834873,0.5295358649789029,1422
40,156,-0.4,8,3,0.8326305975395154,0.9742376570688257,-0.1977871109067988,0.12846113794021585,1.4498582256585961,0.5195339273474983,1459
20,208,-0.4,52,10,0.8319561317944562,1.23828923298022,-0.23809296142243486,0.17165187772939383,2.2365300433132083,0.5234159779614325,1452
20,208,-0.4,52,5,0.8319561317944562,1.23828923298022,-0.23809296142243486,0.17165187772939383,2.2365300433132083,0.5234159779614325,1452
20,156,-0.4,4,3,0.8312628900659644,1.1193566789924527,-0.14905491807022941,0.11437483690286299,1.2320028024256895,0.5035211267605634,1420
40,208,-0.4,4,10,0.8293852004405567,1.1666462035193355,-0.14140343573102432,0.1044289407038661,1.0884678801906875,0.5397805212620027,1458
20,156,-0.2,13,3,0.8288754306445392,1.0023355777837797,-0.21720958100266263,0.14251030172113643,1.6852253990123551,0.5192837465564738,1452
20,208,-0.6,26,5,0.8271471262230965,1.1929545772976127,-0.2838361548132875,0.1709969589376834,2.2231410326186354,0.5183058147882269,1393
40,208,-0.2,8,3,0.8269114233336027,1.3122182488396872,-0.16432618710688596,0.11839939560216006,1.2924636004343166,0.5163710777626194,1466
20,208,-0.6,26,3,0.8268504719968428,1.1908448220702965,-0.28383615481328617,0.17093872691032663,2.2219528734432608,0.5190236898779612,1393
20,208,-0.6,26,10,0.8243587435918293,1.1885600770314677,-0.2838361548132866,0.17037875557529691,2.21054661423314,0.5183058147882269,1393
40,156,-0.2,8,3,0.8241477576293139,1.2114094178234618,-0.18224448176999852,0.11264879233716751,1.206498276700641,0.5197278911564626,1470
60,208,-0.8,52,3,0.8238004088401669,1.2162849357804886,-0.2501645576002871,0.17223923396871488,2.248578720349862,0.5163991625959525,1433
80,52,-0.8,8,3,0.8235155800006561,0.9232226871133968,-0.27920530690380296,0.1311678077225542,1.4937608386292416,0.5217086834733894,1428
40,52,-0.4,4,3,0.8218110157899635,1.346879124459029,-0.14073287981846072,0.1170261867345248,1.2716766466386829,0.4962302947224126,1459
60,104,-0.4,8,3,0.821655135260743,1.1171359364799165,-0.20705491309100066,0.11193848387881444,1.1960760175016478,0.5037491479209271,1467
60,52,-0.4,4,5,0.8209959294565657,1.268783513524342,-0.1382276964325817,0.09932401319825779,1.0179488698368404,0.5006830601092896,1464
20,104,-0.8,26,3,0.8172423203649452,1.1756781942251202,-0.44487355070129275,0.20233156816755793,2.920196047567326,0.5203761755485894,1276
20,156,-0.2,13,10,0.8145380880367065,0.9833692058431421,-0.21720958100266285,0.14017149486215952,1.6447376700561818,0.5213498622589532,1452
20,156,-0.2,13,5,0.8110482396791002,0.977735117698726,-0.21720958100266186,0.1394186056588096,1.631817080252333,0.5206611570247934,1452
80,104,-0.2,8,5,0.8108600564711701,1.1431438952030015,-0.16084352916232914,0.09582020549528791,0.9707483473453231,0.5238095238095238,1470
60,208,-0.8,52,5,0.8042900968247482,1.1849870593751388,-0.2542710342537259,0.16767038911137422,2.1558706009904913,0.5163991625959525,1433
20,52,-0.8,52,10,0.8014194234356052,1.0254813538464824,-0.27107816856312694,0.17401295268764438,2.2851995705643526,0.5178326474622771,1458
60,208,-0.8,52,10,0.8010512416305796,1.1793586988243738,-0.25312658428707746,0.16676035536343647,2.137680733683857,0.5163991625959525,1433
20,104,-0.8,26,5,0.7991453687615214,1.1472757784342769,-0.4524071523668499,0.19682107718385766,2.788929294212454,0.5211598746081505,1276
20,156,-0.2,26,10,0.7991054163807791,1.0739322664390631,-0.24618044652564086,0.1496466154829783,1.8120967288520817,0.5370879120879121,1456
20,104,-0.8,26,10,0.7977439121778233,1.1450588181123527,-0.4531901048145799,0.19643051049822224,2.7797715942513053,0.5211598746081505,1276
20,156,-0.2,26,5,0.7972206405064947,1.0715660439629509,-0.24618044652564142,0.14924760477243693,1.8048686062762735,0.5370879120879121,1456
20,52,-0.8,52,5,0.7965833604185788,1.0185195739279782,-0.27165797342770637,0.17282766705294006,2.260688378454356,0.5178326474622771,1458
20,156,-0.2,26,3,0.795578324603608,1.0668878224411817,-0.24309079738579797,0.1483581288099567,1.788813478954554,0.5364010989010989,1456
80,208,-0.6,4,5,0.7900665121384589,1.1965782465641568,-0.11985718595853134,0.0914390267982117,0.9130747240033128,0.5086147484493453,1451
20,156,-0.2,8,3,0.7878856312430914,0.9135411595797056,-0.2198938829747924,0.11946875773225996,1.3087648445654176,0.5217391304347826,1449
80,156,-0.4,8,3,0.7857008797282294,1.101098453806987,-0.14456278826420543,0.09715625993070809,0.988632691420779,0.5280054644808743,1464
20,156,-0.2,8,5,0.785024531316434,0.9163586854795684,-0.21753702324930468,0.11963246719590304,1.3112692441999556,0.5175983436853002,1449
20,104,-0.2,4,5,0.7804764128994887,1.2067730119741034,-0.1164594899087984,0.09542557552470443,0.965492547433958,0.5116918844566712,1454
20,52,-0.8,26,10,0.7783021622858718,0.9933431966291677,-0.33035647454252304,0.18312976510381773,2.479119667000771,0.5082084225553176,1401
20,52,-0.8,26,5,0.775635908983763,0.9897499917656926,-0.33641954413848896,0.18244151900965466,2.464142521287372,0.5082084225553176,1401
20,156,-0.2,8,10,0.7756295361018413,0.9049993884285923,-0.21696880067767144,0.1183585699859464,1.2918432374635889,0.5162180814354728,1449
20,104,-0.2,4,10,0.7750470113560061,1.1839758632438988,-0.11684668374020102,0.09489888199849417,0.9584967805557747,0.5082530949105915,1454
60,156,-0.4,4,10,0.7736200125673273,1.112655272371434,-0.14216281954335397,0.08813619328107047,0.8705672448101689,0.5273597811217511,1462
40,52,-0.8,8,5,0.7650985951115172,0.8913372394972358,-0.2967834932391191,0.14052019391756776,1.6507403835645982,0.5092661230541141,1349
20,156,-0.2,52,3,0.760396378852654,1.0927974537599148,-0.2859978873539458,0.14564003954512472,1.74024335966757,0.51681537405628,1457
20,156,-0.2,52,10,0.7496305421703535,1.075917188844479,-0.28428992230781114,0.14377481328839692,1.7073381990547665,0.5161290322580645,1457
20,156,-0.2,52,5,0.7489826908099261,1.0754784232205812,-0.28428992230781147,0.1436116789721571,1.704476611111427,0.5161290322580645,1457
40,104,-0.2,4,10,0.7379185641569762,1.098922864808079,-0.13079707231718596,0.08765967960532994,0.8645024795676708,0.5255972696245734,1465
40,156,-0.4,4,10,0.7377405577780535,0.944584564529743,-0.16130912852701407,0.09588939403473251,0.9716710725974891,0.5085792724776939,1457
80,52,-0.2,4,10,0.7323757667094815,1.156366329515998,-0.11295307399980015,0.07816307899661501,0.7471324099380494,0.5102040816326531,1470
80,156,-0.6,4,3,0.7300658648393387,1.0745931713647996,-0.14778646194403855,0.08867322465176053,0.877422689381298,0.5100069013112492,1449
20,156,-0.6,8,3,0.7237701122525032,0.9041786353435025,-0.1877531437542953,0.12540287630795088,1.4010587873998848,0.5026022304832714,1345
40,52,-0.8,8,10,0.720784741374466,0.8364258937395852,-0.29768596469176234,0.13153259449774768,1.49972946611488,0.5103857566765578,1348
20,208,-0.8,13,10,0.7155331395027223,0.876274726311601,-0.2709042119466948,0.1524153895780398,1.862698748834963,0.499,1000
60,208,-0.4,4,10,0.7148633723607071,1.0439779282996944,-0.11377865426868505,0.08017053140790997,0.7713951203764118,0.5266393442622951,1464
20,208,-0.8,13,5,0.7116370211612797,0.8712631513760086,-0.2751334182627987,0.15151149628175986,1.8460933262991959,0.498,1000
80,104,-0.4,8,3,0.710310753135279,0.9839011393869553,-0.19217233973110415,0.09036407953852921,0.8991493598551512,0.5068119891008175,1468
40,208,-0.4,4,5,0.7058135261650725,0.9829513246216645,-0.14701604345087238,0.08999857363036434,0.8944344481336886,0.5294924554183813,1458
20,156,-0.6,8,10,0.705700301669914,0.8791514349875846,-0.18811319880609534,0.12184013060610543,1.3452719700202542,0.4996282527881041,1345
20,156,-0.6,8,5,0.7040809964280795,0.8767919271042269,-0.18811319880609567,0.12154357595703913,1.340679384521195,0.4996282527881041,1345
20,208,-0.8,13,3,0.6974877811111078,0.8545322888653274,-0.27786882222367726,0.14810892723078029,1.7843296492422125,0.495,1000
40,156,-0.8,52,3,0.6855211351413917,1.0153759438148275,-0.24535280495675515,0.15122959757166776,1.8409316420937176,0.5171673819742489,1398
80,208,-0.4,8,3,0.6813248290204061,0.9729625650540167,-0.12694726806416146,0.0854815691303834,0.836996936724397,0.5296523517382413,1467
40,156,-0.8,52,10,0.6731344316342038,0.9895284913007886,-0.24937566474557227,0.14815817405187803,1.785215241760206,0.5178826895565093,1398
40,52,-0.8,8,3,0.6678946651610789,0.7831505083828583,-0.30234015665830616,0.12267708910598718,1.358275578061543,0.5040770941438102,1349
80,156,-0.4,4,10,0.6670183480897016,0.9655710230399762,-0.12002172345418671,0.07142369956735606,0.6677682096781563,0.5242652084757348,1463
20,208,-0.6,52,10,0.6650304393760305,0.9638991162344489,-0.2547651932915118,0.14104293306703153,1.659761205408607,0.5223776223776224,1430
40,156,-0.8,52,5,0.6627699958018088,0.9776357458067538,-0.24643762698820837,0.14542894342220358,1.7365020555354875,0.5171673819742489,1398
20,208,-0.6,52,3,0.6565097842690711,0.9506375865107369,-0.2547651932915116,0.13898082890366092,1.6243293801991001,0.5223776223776224,1430
20,208,-0.6,52,5,0.6537556558993507,0.9471600489169739,-0.2547651932915126,0.1383600081392895,1.6137425119157491,0.5223776223776224,1430
40,156,-0.4,4,5,0.6526101510964857,0.8312087744100897,-0.1681053097182097,0.08570481201290892,0.8397998424757462,0.5024021962937543,1457
80,208,-0.4,4,10,0.6496298337073481,0.929353734916224,-0.09882347356049881,0.06963886133398822,0.6472796086033936,0.5272851296043656,1466
20,104,-0.6,52,3,0.6429907383403439,0.7738901594154907,-0.3798021884673116,0.13566197644220157,1.5681609561079681,0.5369220151828847,1449
20,104,-0.6,52,10,0.6418418020325564,0.7723808595704014,-0.38340481857595177,0.13539628405154813,1.5637096765621128,0.5362318840579711,1449
20,104,-0.6,52,5,0.6412053538037946,0.7715654386712824,-0.3834048185759521,0.13525167339504507,1.561289747049138,0.5362318840579711,1449
40,104,-0.4,4,3,0.6383841987395694,0.8583013461845889,-0.1934714490859779,0.08783949318104245,0.8667890317498097,0.5075653370013755,1454
60,208,-0.6,4,3,0.6288909651563251,0.8948652667723638,-0.1563681840799206,0.08241849226565612,0.7989101570544941,0.5128740431454419,1437
20,208,-0.8,52,3,0.627295858857083,0.9292023061562471,-0.27568159367730516,0.14984999422148992,1.8157871529553953,0.5103926096997691,1299
20,208,-0.2,4,5,0.6185116884679387,0.9154293348616237,-0.12497634900444621,0.07487017803518992,0.707955766248231,0.5287595287595288,1443
60,104,-0.2,8,3,0.6184900505988356,0.8637350467463769,-0.18301180430575492,0.08069064195965403,0.7777286809733062,0.5251700680272109,1470
20,208,-0.8,52,10,0.6135307492608517,0.9076907283136092,-0.27176691523854424,0.14586017311691712,1.744149549114414,0.5119322555812164,1299
20,208,-0.8,52,5,0.6135307492608517,0.9076907283136092,-0.27176691523854424,0.14586017311691712,1.744149549114414,0.5119322555812164,1299
60,208,-0.2,8,3,0.6127905143714135,0.8996070059223529,-0.1507986696064888,0.07978749713792199,0.7667432744092335,0.5149863760217984,1468
40,208,-0.8,52,3,0.6060911158682796,0.8549012193660246,-0.3732623240579531,0.13237896314840758,1.5136253410706986,0.511913357400722,1385
20,104,-0.2,4,3,0.6032162668521988,0.9241967937593665,-0.1348921180980832,0.07599266971631002,0.7212241183592201,0.5110041265474553,1454
20,208,-0.2,4,10,0.6006338992883459,0.8830352586155741,-0.1251271642564855,0.07298264293816725,0.6858437116831448,0.5294525294525294,1443
60,52,-0.6,4,3,0.5953122587587479,0.7827134332715495,-0.16497736432290688,0.07890903716953335,0.7561145135819729,0.5,1456
80,104,-0.6,4,3,0.5880524143809388,0.8443276347389649,-0.16664720850320636,0.07778449568750312,0.7425891013896,0.5037697052775874,1459
40,208,-0.8,52,5,0.5864348535125953,0.8278188195581293,-0.36940451011312747,0.12728494635868026,1.4309896361451058,0.5104693140794224,1385
40,208,-0.8,52,10,0.5857107734754707,0.8261495900857845,-0.36905017716462474,0.12715639177799565,1.4289349922557526,0.5104693140794224,1385
20,208,-0.4,4,5,0.567155990335325,0.6956124025996276,-0.14016262271869473,0.0796578369036931,0.7651709826201016,0.5329087048832272,1413
80,52,-0.6,4,3,0.5628174012923489,0.8750736295692885,-0.12954274296823431,0.06963126039914469,0.6471928233976989,0.5027359781121751,1462
80,208,-0.6,4,3,0.562379773394277,0.8179441565362153,-0.15351761419364696,0.06997998825837892,0.6511785688036928,0.5155065472088215,1451
20,156,-0.8,26,3,0.562243167120746,0.7435281265719029,-0.29932740271451874,0.12832367447601167,1.4476465043384779,0.5108877721943048,1194
20,156,-0.8,26,5,0.5606686711207128,0.7387260878703598,-0.2993274027145183,0.12796927164373684,1.4419522984359614,0.5134003350083752,1194
20,156,-0.8,26,10,0.5606686711207128,0.7387260878703598,-0.2993274027145183,0.12796927164373684,1.4419522984359614,0.5134003350083752,1194
20,208,-0.4,4,10,0.553123070789771,0.6777781271407967,-0.14016262271869484,0.0779402771269968,0.7444573666118282,0.5293701344656758,1413
60,104,-0.4,4,5,0.5496189961552747,0.7407699607586594,-0.1884757943218115,0.06820019006764855,0.6309235999326759,0.5112627986348123,1465
60,156,-0.2,8,3,0.5476167994002191,0.7934478568789212,-0.16308025904950207,0.07188035314978358,0.6730455296592597,0.5176870748299319,1470
20,104,-0.8,52,3,0.5396594415959232,0.8273215099279945,-0.30711271146176544,0.11997100531730265,1.3164555991142919,0.5057636887608069,1388
20,104,-0.8,52,5,0.5351999779057727,0.8195408033416711,-0.3071127114617661,0.11884305510296134,1.2992145723946362,0.5064841498559077,1388
20,104,-0.8,52,10,0.5351999779057727,0.8195408033416711,-0.3071127114617661,0.11884305510296134,1.2992145723946362,0.5064841498559077,1388
60,104,-0.2,4,10,0.5268449414346434,0.7560290342739928,-0.13378469967455509,0.06038445409122639,0.544499730570797,0.5190476190476191,1470
40,208,-0.2,4,10,0.5207290702615159,0.8630396986816592,-0.17685465245740772,0.06919785817061808,0.642250904339305,0.524556616643929,1466
20,208,-0.8,26,10,0.5092660420603325,0.6164592507446857,-0.3697531847572739,0.10999413100645605,1.167764346039868,0.5166666666666667,1140
80,52,-0.2,8,3,0.5089889248025294,0.7244193613963147,-0.16350696526832098,0.06488808030321835,0.5938018671292502,0.5027210884353741,1470
20,208,-0.8,26,3,0.5053106623385127,0.6130304836207083,-0.3541759041281277,0.1089481056667072,1.152664248956334,0.5157894736842106,1140
20,208,-0.8,26,5,0.5027406779449641,0.6092342738399178,-0.3697531847572735,0.10831072101356232,1.143507850782179,0.5157894736842106,1140
80,52,-0.4,4,5,0.49831162195567635,0.7746037784383171,-0.12600366832682652,0.060563100004127124,0.5464299676877247,0.5054570259208732,1466
20,208,-0.2,4,3,0.4627325939020697,0.6714978525179609,-0.14261451879781484,0.05870084508723439,0.5264107761210624,0.5183645183645184,1443
40,104,-0.2,4,5,0.4624322764764449,0.6671696000524481,-0.1412683575628444,0.058789648857692,0.5273602976910898,0.5187713310580204,1465
80,104,-0.2,8,3,0.44123463449408135,0.5959206800545872,-0.17684219733773732,0.05805364668298307,0.5195061097061962,0.508843537414966,1470
60,208,-0.2,4,10,0.4289898315252253,0.6218819684178979,-0.10959316999303803,0.051266292280539805,0.4487065380026425,0.5187457396046353,1467
20,208,-0.4,4,3,0.42728288332974335,0.5190349119127027,-0.15116561960236918,0.061674574279166894,0.5584861988547309,0.5222929936305732,1413
60,156,-0.2,4,10,0.423294996017379,0.6260947779109961,-0.12435416108330766,0.05067828622714399,0.44270960824365035,0.5102040816326531,1470
60,156,-0.4,4,5,0.4044981070179048,0.559701664786187,-0.1726212115796949,0.052561356950666216,0.4619906890283192,0.5177838577291382,1462
80,156,-0.2,8,3,0.4033413380806716,0.5555904208939296,-0.14819360427953343,0.05344427448315625,0.47110752793329835,0.5149659863945578,1470
40,208,-0.4,4,3,0.40322016796221666,0.559810416833114,-0.17473614020127015,0.05645836625234035,0.5026020556166799,0.5150891632373114,1458
20,52,-0.8,13,3,0.3913263013072753,0.46264626715125234,-0.37514868253477773,0.0795342549113971,0.7636735239543644,0.4838963079340141,1273
60,208,-0.4,4,5,0.38749022057857363,0.550982256557703,-0.13827485313485144,0.05008257628227497,0.43665602030358563,0.523224043715847,1464
40,208,-0.2,4,5,0.38402340969093773,0.6185580780207952,-0.1787636691767991,0.053925776624923705,0.4761001211539686,0.5190995907230559,1466
40,52,-0.2,4,3,0.3834676090027446,0.59434556979126,-0.19236110111274685,0.05477415486910964,0.48493244722712237,0.5027285129604365,1466
80,208,-0.2,8,3,0.3810537713378175,0.5305530112872165,-0.1308149137675978,0.05107513462134183,0.44675460652521704,0.5170299727520435,1468
20,156,-0.8,52,3,0.364972950824636,0.4911287778860929,-0.33377541168949265,0.07504884068929907,0.7100616982229964,0.5105263157894737,1330
20,52,-0.8,13,10,0.361474653523482,0.42574885866060064,-0.3928229101394165,0.0725751986817782,0.6811032308022809,0.48427672955974843,1272
80,104,-0.4,4,5,0.36058816163345625,0.4895226932195032,-0.17335362649702502,0.04628540476960419,0.39858318625276,0.5177111716621253,1468
20,156,-0.8,52,5,0.35370471932752895,0.47523542032255184,-0.3337754116894932,0.07222540688303103,0.677042721643869,0.51203007518797,1330
20,156,-0.8,52,10,0.35370471932752895,0.47523542032255184,-0.3337754116894932,0.07222540688303103,0.677042721643869,0.51203007518797,1330
40,156,-0.2,4,10,0.3485241719215171,0.4959180771947802,-0.20821449153655758,0.04695623787656422,0.405245179373501,0.5040816326530613,1470
20,156,-0.2,4,3,0.34712861497407393,0.4351313230287321,-0.18596527327423495,0.04947822582741823,0.43053709529728423,0.5044858523119393,1449
60,52,-0.2,4,5,0.34537376152117866,0.5198965645847468,-0.17904616619715719,0.0460025167659357,0.39578204799611805,0.5037440435670524,1469
20,52,-0.8,13,5,0.3363479547930047,0.39544911239897557,-0.4082884416830672,0.06669705096302758,0.6139849333633367,0.48625294579732914,1273
80,104,-0.2,4,10,0.33625772276438737,0.4665071230661526,-0.13627603059026516,0.041638192253526496,0.3531776973169154,0.5142857142857142,1470
20,156,-0.2,4,5,0.32980134465880884,0.41412233927788455,-0.17682864931478925,0.04735255418656181,0.4091938529227035,0.5037957211870255,1449
20,156,-0.2,4,10,0.31811738914630305,0.398502382306295,-0.1771708290278171,0.046125855965102325,0.3970027472373474,0.5058661145617668,1449
40,156,-0.4,4,3,0.2974056540502075,0.37456547951940095,-0.22599565340213967,0.04513614905673036,0.3872335039761283,0.5037748798901853,1457
80,156,-0.2,4,10,0.29207161479416854,0.41500098311514777,-0.1165156008837086,0.037870961147681736,0.3173115232312189,0.5136054421768708,1470
60,52,-0.4,4,3,0.2641839586127266,0.3817609276117377,-0.16353755014223392,0.039376200470260025,0.3315423362497063,0.5,1464
80,208,-0.2,4,10,0.24767031383186305,0.34879259664953843,-0.13675102163155894,0.034203592840158725,0.28318908376234586,0.5156675749318801,1468
20,52,-0.8,8,3,0.22015177668433386,0.245736524008104,-0.22388326048815488,0.03983811694439643,0.3359359627927616,0.4814516129032258,1240
80,208,-0.4,4,5,0.2030226586242529,0.28196642920781345,-0.11818734597279446,0.0315023892778894,0.25854773570729517,0.515006821282401,1466
60,104,-0.4,4,3,0.18641844395506513,0.2436885579938718,-0.2641105069955473,0.03131077622557976,0.25681543110328464,0.5112627986348123,1465
40,156,-0.2,4,5,0.1862389698274835,0.26081376082141894,-0.1856518058139568,0.0310075617598482,0.2540783930955919,0.49863945578231295,1470
20,52,-0.8,8,5,0.15456754938505515,0.1719405164969225,-0.2363345652641673,0.027752703063278927,0.22502083070042223,0.47619047619047616,1239
20,52,-0.8,8,10,0.14410500376237664,0.16046499911604786,-0.23744755750825597,0.025841179182736207,0.2082287892879906,0.4745762711864407,1239
80,52,-0.4,4,3,0.13476358787032391,0.20173080042754035,-0.13195753881220496,0.025812306488367076,0.20797668768940114,0.5006821282401092,1466
80,156,-0.4,4,5,0.10993568859008415,0.15219151880144602,-0.17157753202141124,0.02337502385055612,0.18685895302849942,0.5064935064935064,1463
60,104,-0.2,4,5,0.10743611766233428,0.14661408518217367,-0.1836397282956156,0.023169645053655152,0.18509413947599151,0.5149659863945578,1470
40,104,-0.2,4,3,0.08720999072046946,0.11807337310278972,-0.17593810594749792,0.021163502096299913,0.16797445694342827,0.5160409556313993,1465
80,52,-0.2,4,5,0.009790243078604018,0.014222088727408488,-0.15512729395484015,0.014569413606241755,0.11320112522437831,0.5,1470
60,208,-0.4,4,3,0.009233659213499364,0.012781211749954608,-0.18870738834935352,0.013745454005654745,0.10651575787846257,0.5150273224043715,1464
60,156,-0.4,4,3,0.002363501723844614,0.00317132724141362,-0.2441956035731203,0.012605437751218362,0.09732328774497034,0.5068399452804377,1462
80,104,-0.4,4,3,-0.0030672710665342433,-0.004077520972939119,-0.1775823304050158,0.01299616248869051,0.1004664091368892,0.5088555858310627,1468
60,156,-0.2,4,5,-0.06494733259347574,-0.08909646109834793,-0.1802420642666107,0.008013594009369518,0.060962794765751394,0.5122448979591837,1470
60,52,-0.2,4,3,-0.09430567052325259,-0.1378977738011424,-0.18420105512030638,0.003586086254553811,0.026895366208618654,0.494213750850919,1469
60,208,-0.2,4,5,-0.0984824697020383,-0.1359271157467857,-0.17722993763783745,0.005078599834657416,0.038272169743167606,0.520109066121336,1467
40,208,-0.2,4,3,-0.10256650225172687,-0.16125027163147798,-0.22155300599209016,0.00024018978226170162,0.0017821633874661735,0.49931787175989084,1466
60,104,-0.2,4,3,-0.10718410093865477,-0.14130447354257003,-0.22494402279054782,0.003437784111075537,0.025770834736648762,0.508843537414966,1470
80,104,-0.2,4,5,-0.1505559685154312,-0.19379733948352068,-0.17281705097011535,0.0017954025911466331,0.013388188776311427,0.5081632653061224,1470
80,156,-0.4,4,3,-0.1749699311201851,-0.23894319667994604,-0.23646796828017913,-0.0023437763945323153,-0.01724692742083045,0.49077238550922764,1463
80,208,-0.4,4,3,-0.20038805040930624,-0.262655003325061,-0.16248914888803234,-0.0036992986063177913,-0.027103743981831463,0.5115961800818554,1466
40,156,-0.2,4,3,-0.26021712751399784,-0.34862262690039075,-0.24670322323427363,-0.013440750377904376,-0.09545825346180192,0.5027210884353741,1470
80,208,-0.2,4,5,-0.2935308913442382,-0.3956015491927618,-0.18377280097303406,-0.009397116199721722,-0.06760671893520154,0.5102179836512262,1468
80,156,-0.2,4,5,-0.30104948279756377,-0.4073435787563886,-0.1870512296101684,-0.010169051512149863,-0.07298017506559695,0.5054421768707483,1470
80,52,-0.2,4,3,-0.34152045088136374,-0.480811345776782,-0.2063229180036299,-0.016091347166174774,-0.11332179317136626,0.4931972789115646,1470
80,104,-0.2,4,3,-0.3476671664328624,-0.4478555119967129,-0.2050689618028636,-0.01563197135634342,-0.11024790433752463,0.5068027210884354,1470
60,208,-0.2,4,3,-0.4439171032447847,-0.5932986998731066,-0.29223378677532563,-0.02624318055282948,-0.1789474713153154,0.5119291070211316,1467
60,156,-0.2,4,3,-0.49582866431512673,-0.6567779460552874,-0.3106756362337265,-0.030872532892023186,-0.2074500359276369,0.49727891156462584,1470
80,208,-0.2,4,3,-0.5007831268157159,-0.6461313065680216,-0.26716164008933263,-0.02711864865992175,-0.18440463782078453,0.4993188010899183,1468
80,156,-0.2,4,3,-0.5085518482017706,-0.6673111343213345,-0.26964017901795034,-0.028748862341238746,-0.19448287947400844,0.4925170068027211,1470
