UnivSize,MA_h,Threshold,Hold_h,TopN,Sharpe,Sortino,Ann_Ret,MaxDD,Total_Ret,Win_Rate,Trades
80,104,-0.2,52,5,1.7608752357058588,2.8709117237377266,4.201903345760621,-0.9996902754608519,204031.19418048108,0.5164950253098272,5729
80,104,-0.2,52,10,1.7481701757389292,2.859707956741589,4.086683892309481,-0.9996498107808279,172812.56470854738,0.5149041873669269,5636
80,104,-0.2,52,3,1.7297455348082449,2.8002329089212035,3.8876537422001887,-0.9998889101405841,128545.26475533575,0.517115320704553,6018
80,52,-0.4,52,3,1.6228809523017387,2.5217163409452503,2.9438234368478473,-0.9998569655414589,26192.384954528854,0.5137241613012539,5902
80,104,-0.4,52,10,1.6011631869060325,2.577965420246952,2.8003932813536636,-0.9987863067568925,19901.45959358281,0.5132924335378323,4890
80,52,-0.4,52,5,1.5920545823076604,2.607573932424325,2.97861951704609,-0.9997967565140526,27955.06299835342,0.5130357142857143,5600
80,104,-0.4,52,5,1.5795137640362777,2.5390365609357306,2.670491410149645,-0.9990100798677952,15377.774961642053,0.5136876006441223,4968
60,52,-0.4,52,5,1.5207980448059688,2.495197096255457,2.432905859293316,-0.9997434154738831,9362.771580970175,0.5123056994818653,4632
60,52,-0.4,52,3,1.5097044913046507,2.4602277479400496,2.3305244163777235,-0.9997800559461104,7480.019623510161,0.510453322293521,4831
80,52,-0.4,52,10,1.508261481866173,2.4689676924704997,2.4204090524635555,-0.999814350542621,9112.978777347967,0.5142597638510445,5505
80,104,-0.4,52,3,1.5059015906873958,2.4843925177943946,2.286085004558899,-0.9993292373089041,6770.863698056355,0.5103369065849923,5224
60,104,-0.2,52,10,1.5031725036439127,2.3826380199554267,2.207072254264681,-0.9997890932616283,5652.804775269278,0.5104233827638083,4653
60,104,-0.2,52,5,1.4803638913505968,2.3396423834340756,2.0767399800579422,-0.999784293962532,4155.750227025146,0.509641873278237,4719
80,208,-0.2,52,5,1.4790056770431173,2.3971136166777374,2.15816234844686,-0.9995883852144467,5043.9507776467335,0.5150501672240803,5382
80,52,-0.6,52,3,1.4717053458731741,2.360521620644592,2.113870475239937,-0.9998408932580509,4542.384865653701,0.5202583675866118,5109
80,156,-0.2,52,3,1.4425593517955222,2.329021146561716,1.8910724911135963,-0.9999219383786633,2619.217616188494,0.5161122661122661,5772
60,52,-0.4,52,10,1.4388459200490327,2.3600866709129598,1.9780207769164773,-0.9997974629915019,3262.980094757453,0.5090552040148374,4583
60,104,-0.2,52,3,1.4162405564745297,2.2215499803957535,1.7234479098005218,-0.9999216801207935,1681.737178997743,0.5072582294009405,4891
80,208,-0.2,52,10,1.4010840059609855,2.2498254940808473,1.7566272934206397,-0.9998412968190236,1839.8011783999457,0.5140765765765766,5328
80,208,-0.2,52,3,1.3714298204238538,2.183899901452739,1.5888446249088855,-0.9998602946690239,1154.6040713400512,0.5130806193272824,5619
40,104,-0.2,52,5,1.3485690304061242,2.212633582750585,1.578063915137129,-0.999518781782878,1119.3983118669746,0.5112327188940092,3472
40,104,-0.2,52,10,1.3090306875477271,2.139269481776964,1.4200622306583135,-0.9996248942620946,700.0165608053693,0.5118634259259259,3456
80,156,-0.4,52,3,1.291669025925899,2.068578810655865,1.3300286368343053,-0.9995453643317854,528.2405143760071,0.5152501016673444,4918
40,104,-0.2,52,3,1.2878793578699193,2.0588689831106,1.294499904103939,-0.9996926234262252,471.2556923858637,0.5113223371540397,3577
80,52,-0.2,52,3,1.2855234624515766,2.0742235351230365,1.14954624465727,-0.9999593749624451,290.10678904616583,0.5125448028673835,6417
60,52,-0.6,52,3,1.269866436921636,2.0290435558932964,1.271482568189787,-0.9997952009441702,437.24155882328154,0.5184108527131783,4128
80,52,-0.2,52,5,1.2686976948313855,2.0473549413731185,1.134605400119443,-0.999942258337527,275.43537838712206,0.5128373930217248,6076
80,156,-0.4,52,5,1.257692384313003,2.027774148794869,1.2401426297436169,-0.9991062761657533,394.3473447286532,0.5152996175095622,4706
80,156,-0.2,52,5,1.2556109476494877,1.9931503170412224,1.1090252895601158,-0.9999417261922658,251.79865449567188,0.516362321460857,5531
80,156,-0.2,52,10,1.2549010602776907,2.0056443552809364,1.1154858478692709,-0.9999554889879282,257.5968203701178,0.5163530056641695,5473
80,52,-0.2,52,10,1.2531044538358849,2.0136011237788285,1.0942120976136667,-0.9999482552407748,238.92708818554797,0.5118666891095776,5941
80,52,-0.6,52,5,1.2465007918744564,1.9459254116268718,1.178740542868033,-0.9996928009623585,320.7284640715105,0.5184490306441526,4797
80,52,-0.6,52,10,1.2428734050576626,1.94871470586759,1.1818175545198528,-0.9993430993356155,324.1125325794781,0.5207264957264958,4680
80,156,-0.4,52,10,1.2229796977351486,1.9617524983961832,1.1105738722736689,-0.9992960117018852,253.17811303126825,0.5137931034482759,4640
60,52,-0.2,52,10,1.2200271976953305,1.88803967933544,0.9562442104443316,-0.9997886338606853,143.75706207412824,0.5088924818108327,4948
40,208,-0.2,52,3,1.2037082795473166,2.057354061343231,1.143808608989847,-0.9986915375582915,284.39488064529854,0.5157992565055762,3228
80,104,-0.2,26,3,1.1952277175667865,1.8842494850876486,1.136203387635685,-0.9987366417786024,276.97335829420723,0.5133380547686497,8472
80,104,-0.4,26,5,1.193562153539831,1.7461070487527024,1.0753245120451367,-0.9975592541034078,223.34035709469018,0.5078970459198596,6838
60,52,-0.2,52,3,1.1921381517330074,1.8767066419522553,0.8255178813683246,-0.9998526887485918,85.68473019185166,0.5077571346485348,5221
40,52,-0.4,52,5,1.1845297478752734,1.9314890216994263,0.9929856347492703,-0.9993568437933521,165.17046460163795,0.5142369020501139,3512
40,52,-0.4,52,3,1.1801882489676672,1.9047791509342542,0.9595095731172953,-0.9995101002286165,145.55813872814494,0.5159677867259095,3601
60,52,-0.2,52,5,1.1755012499719348,1.8078780772232377,0.800828262512066,-0.9998377080325891,77.36049065387017,0.5096632795377565,5019
60,52,-0.6,52,5,1.1654387221755773,1.8592468789973848,0.9558124947254454,-0.9996095412012094,143.52037985688733,0.5167768174885613,3934
80,104,-0.4,26,3,1.1606571003489976,1.701031712331113,0.9838277875859169,-0.9975182402077842,159.59209264570515,0.5097147581645308,7257
80,104,-0.4,26,10,1.1596038282497505,1.6880137744727295,0.9906115421433472,-0.9967347981320241,163.70846581162837,0.5088819226750261,6699
60,52,-0.6,52,10,1.154177550234008,1.8375925038092509,0.9301538190322871,-0.999488699095742,130.04095150792637,0.5181723779854621,3852
40,52,-0.4,52,10,1.1477768880618653,1.8586974622949033,0.8804686229988596,-0.9995919171292388,107.00309690105253,0.5162123385939742,3485
60,208,-0.2,52,5,1.146255330483874,1.8622340373587205,0.8498587728108886,-0.9996899665406317,94.62954284899185,0.5131883387320685,4322
40,208,-0.2,52,10,1.1330616463513186,1.916502091846499,0.9073415875027695,-0.999059620983156,118.98439362092044,0.5136663524976437,3183
40,208,-0.2,52,5,1.1330616463513186,1.916502091846499,0.9073415875027695,-0.999059620983156,118.98439362092044,0.5136663524976437,3183
60,104,-0.4,52,5,1.123029073448615,1.746116038869499,0.7832419260825512,-0.9993747826628943,71.86148503375414,0.5087719298245614,4047
80,52,-0.4,26,10,1.117035221357348,1.6706069917586337,0.8750270409947376,-0.9943810258421452,104.70734115058835,0.5097389142146705,7239
60,208,-0.2,52,10,1.1098144249188773,1.7842701956476386,0.7319303787798661,-0.9997986058960946,57.67977564073654,0.5132311977715878,4308
60,104,-0.4,52,3,1.1014967388429648,1.7494394862852491,0.7179127857345675,-0.9996070072081457,54.24865734275817,0.5062141491395793,4184
60,104,-0.4,52,10,1.087642655538568,1.6907895356804203,0.6934168496646429,-0.9995346185364895,48.66817959398443,0.5072427572427572,4004
60,208,-0.2,52,3,1.0870785000037317,1.7389843950563613,0.6373140530450307,-0.9997897430433766,37.68975395211025,0.5106145251396648,4475
40,52,-0.6,52,3,1.0839741418807227,1.7488030360503934,0.7685475225069165,-0.9978575900686075,67.5259732045263,0.5173089483997387,3062
80,104,-0.2,26,10,1.0534429313645934,1.682810004910081,0.7542608268724875,-0.9993839137340434,63.526563469989824,0.5034402180968454,7703
80,52,-0.4,26,5,1.0509138823388269,1.5653212506121876,0.7081516319974892,-0.9962847680597675,51.96318771845605,0.5080069977122864,7431
80,104,-0.2,26,5,1.0493880120552355,1.6678682742903927,0.7356725807710163,-0.9993661697030498,58.62634932511328,0.5089432956996067,7883
80,208,-0.4,52,3,1.0358779425360998,1.684739112616238,0.5435681805223269,-0.9999325353835348,23.989021428268416,0.5078897538396802,4753
40,52,-0.6,52,5,1.0303878712405963,1.646731830486577,0.6452807938197507,-0.9978625810942472,39.10746163950377,0.5150388644812437,2959
40,52,-0.6,52,10,1.0166666976717105,1.6210993236659863,0.6136556317861317,-0.998069643650193,33.73205406151726,0.5146159075458872,2942
80,52,-0.8,52,5,1.0023679455857173,1.6895661870755885,0.697375308308857,-0.9964630364791172,49.535453335013486,0.516270337922403,3196
40,52,-0.2,52,10,0.9934768205667375,1.5071962687583098,0.38570634880357324,-0.9995798945838049,10.229605103366243,0.5126229072548498,3763
40,52,-0.8,52,3,0.9922806604527352,1.6027180080725805,0.6783458554742037,-0.9785497305817289,45.48294338333161,0.5234021137393055,1987
80,156,-0.2,26,3,0.9821240929709436,1.4168002363688148,0.5129047996136147,-0.9990242983748321,20.534816533619694,0.5111650485436893,8240
40,52,-0.2,52,3,0.9748444956472556,1.4867892919008456,0.3223625605775231,-0.9997303087815179,6.937889804271957,0.5130054081895442,3883
60,156,-0.2,52,10,0.9705246937128401,1.5181167370126631,0.34562814325748437,-0.9999807413132892,8.033650633136885,0.5156110615521855,4484
40,52,-0.2,52,5,0.9685551684571626,1.4696276929742196,0.32703778134123906,-0.9996901208519363,7.148336846564426,0.5109933774834438,3775
60,156,-0.2,52,3,0.9663333917404667,1.5173547668416756,0.3070662446154342,-0.9999818520901197,6.281854900885663,0.5121062781229913,4667
20,208,-0.2,52,10,0.9630179904383573,1.6057886979615172,0.6617220719224439,-0.9678045713377325,42.17595303882261,0.5182957393483709,1995
20,208,-0.2,52,5,0.9630179904383573,1.6057886979615172,0.6617220719224439,-0.9678045713377325,42.17595303882261,0.5182957393483709,1995
80,52,-0.6,26,5,0.94672284687089,1.4344925639212143,0.5559510606862956,-0.9912094395314467,25.514108782251114,0.5077977720651242,5835
80,52,-0.8,52,3,0.9463822189697316,1.5649004211107773,0.5389115527529182,-0.9982144601306083,23.435474873826642,0.5176087599881621,3379
60,52,-0.4,26,5,0.9456489021671408,1.4231650795281254,0.4867407323982127,-0.9970586935835852,17.922097725734783,0.5036231884057971,6348
80,208,-0.4,52,10,0.9401895615814276,1.4859921060035013,0.33082304958529907,-0.9998387356808979,7.322243385747763,0.5090868794326241,4512
40,52,-0.8,52,5,0.9382843504781291,1.492827179322636,0.5758134682041358,-0.981684809279805,28.128651759670465,0.5205408216328653,1923
80,156,-0.6,52,3,0.9360506407486991,1.4627385798737542,0.45427856994993077,-0.9974590513182138,15.065179896758117,0.5095148753685339,3731
60,156,-0.2,52,5,0.9327568353299861,1.4535974826905813,0.2590503804854565,-0.999983696393865,4.517338182877903,0.5131841347219145,4513
80,52,-0.4,26,3,0.9313977617861653,1.3592199123312199,0.4177034354342579,-0.9991925985527493,12.300539052378488,0.505533199195171,7952
20,208,-0.2,52,3,0.9313901874485928,1.5483956277230533,0.5992877257564342,-0.9678045713377326,31.503656649069896,0.5185,2000
80,156,-0.6,52,5,0.9261971155420167,1.4554187430104066,0.4465087809826047,-0.9991424537798005,14.439614993710693,0.5087768180551686,3589
60,156,-0.4,52,5,0.9251808643932148,1.4471408625241269,0.3323678926884739,-0.9988274254509958,7.3941353054956025,0.5120481927710844,3818
80,52,-0.8,52,10,0.9158272149112352,1.5435208647318872,0.5078191094585123,-0.9970270809143287,20.003859807181055,0.51104,3125
60,52,-0.4,26,10,0.9157256640701358,1.371100807584102,0.430891510651491,-0.9958106012722551,13.245696124059402,0.5043394406943105,6222
20,52,-0.4,52,10,0.913429332208501,1.442994620839875,0.5233950359248005,-0.9966828988356223,21.66681036645273,0.5162174508908177,2189
60,156,-0.4,52,10,0.9086362635996784,1.4249366563069363,0.2945789343591858,-0.9990138801819571,5.7815999931515005,0.5104525006615507,3779
20,52,-0.4,52,5,0.9067591484686376,1.4330163949826076,0.5101963362971389,-0.9966828988356223,20.250620236214118,0.5157462345960748,2191
60,156,-0.4,52,3,0.9038481501104998,1.3919989027541548,0.2613093077741071,-0.9994485749975981,4.591153583997372,0.5099035043169121,3938
60,52,-0.8,52,5,0.9009126037182321,1.3954767091834315,0.47390917720052794,-0.9979514859601624,16.744296086791287,0.5187452180566182,2614
80,104,-0.8,52,5,0.8912574789936832,1.5471849959000734,0.537951621142029,-0.9776420822702926,23.322693555278907,0.5177215189873418,2370
80,208,-0.4,52,5,0.890833694923179,1.4072720447113667,0.22210246430977332,-0.999934744962983,3.4240965698475057,0.5066608429788163,4579
80,208,-0.4,26,3,0.8820383948425683,1.3584908616201445,0.3761251595377477,-0.9986342314289646,9.666545419667246,0.5031930333817126,6890
80,104,-0.8,52,3,0.8729650029363234,1.4827928018164007,0.48121594688763647,-0.9883841688315306,17.40694490675415,0.5169765561843169,2474
60,52,-0.8,52,3,0.8663271491459281,1.3312590287812014,0.3952595096884024,-0.9982633975536765,10.816437454294915,0.5218028581898131,2729
60,104,-0.4,26,10,0.860937679676547,1.2282629609134088,0.3597327610626295,-0.9959555150403907,8.759735340999251,0.5034252590901107,5693
80,156,-0.4,26,3,0.8605096151926035,1.351616912380566,0.37329018704853123,-0.9984893908642014,9.504698291810518,0.5107435679954764,7074
80,156,-0.6,52,10,0.8598808080853542,1.3470034326107687,0.3255740378647931,-0.9992633949292513,7.081936071102312,0.5105604055195719,3551
40,52,-0.4,26,5,0.8591964352718705,1.2798055073313526,0.3359995918401526,-0.9922877406692461,7.5652623347974775,0.5093849840255591,5008
80,104,-0.8,52,10,0.8500197269582387,1.4742981480050823,0.46321851743174136,-0.979703945097151,15.811979200232233,0.5175513698630136,2336
40,52,-0.8,52,10,0.8487470369170766,1.329713185304621,0.41874299906825785,-0.9825792162781966,12.373018491016245,0.5183823529411765,1904
80,52,-0.2,26,10,0.8473619432996383,1.3379992069407312,0.3007534229634692,-0.9988625908976121,6.025107500043825,0.5032306163021869,8048
60,104,-0.4,26,3,0.8417302398800521,1.1911436432734086,0.292761269609324,-0.9981147218479993,5.711321760814151,0.5014065861327155,6043
80,156,-0.2,26,5,0.835079979761977,1.1994016289244624,0.25510216094412286,-0.9978747607953715,4.390344726841597,0.507656371658448,7706
40,52,-0.4,26,3,0.8302747628520091,1.238174856871584,0.26319478341549063,-0.9933826515463061,4.65341827666855,0.5069578662543487,5174
20,52,-0.4,52,3,0.8301975898400616,1.3091413245044143,0.3691281119129812,-0.9974799292808885,9.27093786612439,0.5162162162162162,2220
80,52,-0.6,26,10,0.8291268443452313,1.2483742730460032,0.35315062890424676,-0.9935979447952675,8.414850652078105,0.5060771534261054,5677
40,52,-0.4,26,10,0.8273300854032573,1.2316964634373566,0.28994937348305627,-0.9933339095960925,5.603843837131849,0.509518023491292,4938
60,52,-0.2,26,5,0.8273080701845809,1.2198244115777281,0.23996718747360446,-0.9986153337138512,3.926659008901016,0.49936806628282543,7121
60,104,-0.4,26,5,0.817997859887081,1.1617621385064563,0.28589467235871857,-0.9969377534596265,5.451485511408178,0.5038167938931297,5764
40,156,-0.2,52,10,0.7988557759892057,1.2434942492263998,0.07796239372450864,-0.9998836813231003,0.7447227483212981,0.5154733009708737,3296
60,104,-0.2,26,5,0.7954951250148331,1.1670604986664217,0.17345448356298432,-0.9994414531723315,2.2736308857436094,0.5071418053305846,6791
40,52,-0.2,26,3,0.7926096456675902,1.1800431928578907,0.16007747055724986,-0.9992661703765984,2.0068586130995243,0.4975469463711724,5911
80,52,-0.2,26,5,0.7883270960074309,1.2498352499451189,0.17862278164203782,-0.9995624082012243,2.382050842739964,0.5019221528111485,8324
20,104,-0.2,52,5,0.7879735636286321,1.1768396319635117,0.2744929682123691,-0.9958333898983213,5.03924062636457,0.5087155963302752,2180
40,156,-0.2,52,5,0.7840510753745309,1.2233373610250973,0.04755229399823846,-0.9999026987628107,0.4111875838516923,0.5154078549848943,3310
20,104,-0.2,52,10,0.7804379678594509,1.1658038055445297,0.2627356897521429,-0.9958333898983213,4.638202491519754,0.5091743119266054,2180
60,52,-0.2,26,10,0.7728006970826302,1.1381928046115402,0.14440094888611066,-0.9984878323835795,1.7183457665809079,0.4979205506955399,6973
80,52,-0.6,26,3,0.770626630900151,1.2107757214530441,0.25223239558846355,-0.9980920193108156,4.299633897031548,0.503864734299517,6210
60,52,-0.8,52,10,0.7643831409435347,1.1754266680506922,0.2487861741685058,-0.9978816533330199,4.192449493243645,0.5171473109898675,2566
40,156,-0.2,52,3,0.7605088840227038,1.1795003477162367,-0.0018436287811354202,-0.9998914946698662,-0.013588297810615546,0.5114481118049361,3363
80,156,-0.2,26,10,0.7571884904934754,1.0861680447781124,0.12824889759413205,-0.9981498213323176,1.4464441056913073,0.5026497085320615,7548
60,104,-0.2,26,10,0.7538503859149802,1.1122035971988042,0.11473414074918664,-0.9993029956535496,1.237343928707264,0.5027790295929098,6657
20,104,-0.2,52,3,0.7478698649883618,1.1152943563739766,0.21047633843628089,-0.9958293669625102,3.121414854224512,0.510036496350365,2192
40,104,-0.4,52,5,0.7477722260740303,1.1538494174366376,0.06310326036831615,-0.9987007734587052,0.5741026226360049,0.49717138103161396,3005
60,104,-0.2,26,3,0.7464300130860129,1.0726047703438106,0.07016570663004984,-0.999458497700337,0.6533046186891682,0.5084556254367575,7155
80,208,-0.6,52,3,0.7459908451637106,1.2241656097471219,0.12352226656328114,-0.9995920238647726,1.371470132458469,0.5176336746302617,3516
80,208,-0.6,52,5,0.7448602777547104,1.2465642112959445,0.14232968853423822,-0.9993174643634269,1.682079763934095,0.511572700296736,3370
60,156,-0.2,26,3,0.7446043118268286,1.0813253743786182,0.08611803391470585,-0.9995486521165309,0.844997776075967,0.5034904013961605,6876
60,52,-0.4,26,3,0.7329248616453953,1.0708351310238249,0.0684215387712459,-0.9982024554368778,0.6334308924719645,0.5021632105027599,6703
80,156,-0.4,26,5,0.7318272062290153,1.1405138544979037,0.16987035139912332,-0.9980362957534951,2.2002210183628206,0.5110542938787788,6649
60,52,-0.2,26,3,0.728467274101963,1.0583110755744025,0.04275330795901633,-0.9997751699698327,0.36395494037357423,0.49894598155467723,7590
80,208,-0.2,26,3,0.7217397814782311,1.0868008907949709,0.09140967005993361,-0.9997664598052394,0.9126932532659155,0.5057118290136347,8141
20,52,-0.2,52,3,0.7205174542833082,1.0910039914259255,0.1257261680340882,-0.997953968621809,1.4061773489338538,0.5081833060556464,2444
40,104,-0.4,52,3,0.7155380772387007,1.1114582404453432,0.00020603041789901688,-0.9993215755063878,0.0015285397978959114,0.4957599478147423,3066
20,52,-0.2,52,5,0.7121076369642766,1.0756654367833394,0.11800772844030338,-0.9978669162812411,1.286518031878141,0.5086705202312138,2422
20,52,-0.2,52,10,0.7104981607256456,1.0734108942472356,0.11580416561048001,-0.9978669162812411,1.2533156216032681,0.5082644628099173,2420
80,156,-0.4,26,10,0.7045696957060649,1.107760709659246,0.1395270738133736,-0.9971652515667463,1.633675165661606,0.5123865210032312,6499
60,52,-0.6,26,3,0.6890161697527409,1.0344275547732675,0.13640821460288532,-0.9988152366443162,1.5806988436201221,0.49941474834178695,5126
40,104,-0.4,52,10,0.6851569519303038,1.0563432428855115,-0.02249208518176604,-0.9989561465769871,-0.15520606471999943,0.49532085561497324,2992
60,104,-0.8,52,5,0.677868230832156,1.0937082666887648,0.2022431138536358,-0.9796292941223108,2.9180582896451273,0.5142105263157895,1900
80,208,-0.6,52,10,0.6747260605537981,1.1276875507217363,0.03235597527904566,-0.999521929748061,0.26628982070149343,0.5113977204559088,3334
60,52,-0.6,26,5,0.6729651249083839,1.0097319692676612,0.13938898935454902,-0.9978281121842467,1.631309943026495,0.5051695616211745,4836
80,208,-0.6,26,3,0.667246513622396,1.070611546890056,0.1359488879135129,-0.9972092786657417,1.5729752366589347,0.5046470239272296,5057
20,52,-0.4,26,10,0.6646570559690732,1.010017128880322,0.20628823741213687,-0.9874116261948416,3.0168585907685985,0.5155528179858331,3247
60,156,-0.6,52,3,0.6546758570588259,1.0088191948406138,0.047448516309225974,-0.9977468349770039,0.4101514079510191,0.5048772283888329,2973
60,52,-0.6,26,10,0.6538655584117856,0.9781631566802865,0.11344107197882658,-0.9972328771170452,1.218173745679131,0.5041130563172327,4741
80,104,-0.6,52,3,0.6534834867920661,1.0416220544107495,-0.10808684178476935,-0.9998313735642012,-0.5717606439896521,0.5154185022026432,4086
40,52,-0.2,26,10,0.6528308589820229,0.9576791609895278,-0.03798580803322982,-0.9992173064980194,-0.2495775740363534,0.49750800996796013,5618
40,208,-0.2,26,3,0.6495444149287867,1.030897715295824,0.06151147017264402,-0.9991918011769685,0.5567119239645852,0.5033216100039077,5118
80,208,-0.2,26,10,0.6478076918942699,0.978157475507234,0.01855365198589154,-0.9994883447876193,0.14602346117891019,0.5025920510434667,7523
80,52,-0.2,26,3,0.647770550678202,0.9821471648165374,-0.08740138053093738,-0.9999320221506668,-0.49241296199606777,0.5028526680836782,8939
80,156,-0.6,26,10,0.647318074699841,0.9689526607810642,0.13061361671687988,-0.9894096914363899,1.484716780074279,0.5048939641109299,4904
80,156,-0.8,26,5,0.641498080383914,0.9256730636615988,0.22549205518122895,-0.8884498396584459,3.5158849877260465,0.5178868552412645,2404
60,156,-0.6,52,5,0.6414944405404415,1.000424776337306,0.036038822001943194,-0.9992072422084006,0.3001678374673473,0.5043417853421327,2879
80,208,-0.4,26,10,0.6402242851767802,0.9778949929841014,0.02675265783527414,-0.9984593022459083,0.2162107896121075,0.5025737014506317,6411
80,208,-0.4,26,5,0.6347286332213378,0.9651533287183528,0.015466778409838788,-0.9988161962024982,0.12052180587981343,0.5047371638141809,6544
40,208,-0.2,26,10,0.6330885071361946,1.0114055479366026,0.04070389727062862,-0.9991238916419112,0.34420482802177377,0.5002,5000
80,104,-0.6,52,10,0.6305000892046853,1.0137603261211587,-0.10972204389771978,-0.9997781699600248,-0.5775474817725792,0.5111746361746362,3848
20,52,-0.4,26,5,0.6283116298479959,0.9559071151437166,0.16161277378829575,-0.9883439138353909,2.0364879825144317,0.5139613378336914,3259
80,208,-0.8,52,3,0.6280307966415082,0.9835604960622546,0.15464853316808624,-0.992499842546156,1.904083628716807,0.5128205128205128,1794
40,52,-0.2,26,5,0.6198738120049362,0.9074921034000378,-0.08268243378410012,-0.9991984089740528,-0.47262761437733836,0.49611856033874385,5668
80,208,-0.2,26,5,0.6099212800798174,0.9078966254451218,-0.04026394734233063,-0.9997316443072972,-0.2626533155483395,0.5030049647243271,7654
60,104,-0.8,52,10,0.6058174052188837,0.9794605934902694,0.11490626688448424,-0.9811757836824117,1.2399065343032318,0.5111583421891605,1882
80,156,-0.6,26,5,0.6051629075383036,0.905537551933687,0.07584153622808842,-0.9885538856715096,0.7194324747505099,0.5059904153354633,5008
60,156,-0.2,26,10,0.6025194937830367,0.8687257245714448,-0.08113496643293516,-0.9990875687035282,-0.46599586677323157,0.5041040730989623,6457
40,208,-0.2,26,5,0.5947339978070526,0.9492102622858029,-0.009846333130160256,-0.9991749382761562,-0.07073699434705683,0.5,5010
80,104,-0.6,52,5,0.591159781522538,0.9418291096501196,-0.1718048584967522,-0.9999004079158879,-0.7528119355704644,0.5108723458685086,3909
60,156,-0.6,52,10,0.5903716767905823,0.9223160611632558,-0.026158567977157543,-0.9990586243999626,-0.17841837491276935,0.5034940600978337,2862
60,208,-0.4,52,3,0.5824802092819719,0.8826011255544608,-0.22048281182511797,-0.9998534593011332,-0.842244358837459,0.5034391534391535,3780
60,104,-0.8,52,3,0.5759429930073848,0.9137907469298838,0.06036293129357451,-0.9905990809706252,0.5442673213401619,0.5106815869786369,1966
60,156,-0.2,26,5,0.5753426679071331,0.8325844118871781,-0.12012014923863967,-0.9991881624264768,-0.6127875348525651,0.5035872385895284,6551
80,156,-0.8,26,10,0.5692010474743828,0.8148516042869297,0.15137959330450856,-0.9361353408720234,1.8436771181000888,0.5172849915682968,2372
40,156,-0.4,52,5,0.5631410487250816,0.8782513369962829,-0.17008187674089825,-0.99918934654981,-0.7489736901701725,0.5039285714285714,2800
20,52,-0.4,26,3,0.5513283346937912,0.8301560612138206,0.06688438684187914,-0.991282823947193,0.6160876579630039,0.5125037661946369,3319
20,208,-0.2,26,3,0.5473122340666298,0.8706454244338868,0.06117713424734572,-0.980811643103559,0.5530804211209646,0.5058788061501357,3317
40,156,-0.4,52,10,0.5440215721988593,0.8474295641359836,-0.2008982923697904,-0.9993676584878275,-0.81038096577574,0.5035971223021583,2780
80,208,-0.8,26,3,0.5439844657636764,0.8234982655445117,0.129079823552261,-0.9798007341802851,1.4598339971847967,0.5093776641091219,2346
80,104,-0.8,26,5,0.5210072767785305,0.9406017295659158,0.1133852396296895,-0.967535503830034,1.217349222593429,0.4963423555230432,2734
80,104,-0.6,26,10,0.5152165665359257,0.8708197775963425,-0.0357110403145523,-0.9940983275523332,-0.23632150412952202,0.4970048309178744,5175
60,208,-0.2,26,5,0.5138909578196272,0.7725648862657556,-0.13598034885138577,-0.9995973489567958,-0.6616394078471319,0.5030969340353051,6458
60,208,-0.2,26,10,0.5080012573366272,0.7679534846346959,-0.13800306434384135,-0.9995856786894574,-0.6674683575372236,0.5021057557323351,6411
20,208,-0.2,26,5,0.5032424515596183,0.8002940228735181,0.015102837004747682,-0.9810762533465613,0.11754777582397669,0.5057785888077859,3288
20,208,-0.2,26,10,0.5032424515596183,0.8002940228735181,0.015102837004747682,-0.9810762533465613,0.11754777582397669,0.5057785888077859,3288
80,208,-0.8,52,5,0.5012293971178006,0.7870770488350255,0.01668726817584898,-0.9937140040557185,0.1305453564493555,0.5068337129840547,1756
60,208,-0.2,26,3,0.49895869608067767,0.7394631983906774,-0.19014986688246227,-0.9999136299934714,-0.7906355307502714,0.5021177157879363,6847
80,156,-0.8,26,3,0.4923957879236896,0.6987833820336754,0.0634373275042075,-0.948174088553347,0.5777736488081124,0.5167731629392971,2504
80,104,-0.8,26,10,0.4922577045331622,0.8873512513593458,0.0874940732309657,-0.9701967683653736,0.8623987332940304,0.4962825278810409,2690
80,208,-0.6,26,5,0.4907679839451317,0.7985410032196859,-0.06524245741765433,-0.9969896893603994,-0.39359985554227905,0.4981296758104738,4812
60,104,-0.6,52,10,0.48867200904577185,0.7692836520000402,-0.2350132283228259,-0.9991585180221388,-0.862785952398167,0.50976,3125
60,208,-0.4,52,10,0.48788481484843127,0.7300821893097441,-0.3145630220376031,-0.9999040071597286,-0.939207937811931,0.5032840722495895,3654
80,156,-0.6,26,3,0.4871592900686865,0.7288777346956632,-0.07871585286475746,-0.9937930848445052,-0.4554840839221135,0.5033276288267732,5259
80,208,-0.6,26,10,0.485218922466473,0.7999905034454036,-0.06607318485949998,-0.9972507426558033,-0.397584042728766,0.4964255677039529,4756
20,156,-0.2,52,3,0.47972689525592627,0.6950809920782061,-0.09870255107379788,-0.9972653555596261,-0.5372058150502335,0.5161923454367027,2038
40,156,-0.4,52,3,0.4792390640649826,0.7299681844416042,-0.28248253150990443,-0.9997633151588569,-0.9146649218421988,0.50385423966363,2854
60,208,-0.4,52,5,0.47743913866615717,0.7134440110401601,-0.32927877294741237,-0.9999288130942605,-0.9482434364135784,0.5036714713081316,3677
60,156,-0.8,26,3,0.47731009389886314,0.6715335477477475,0.07536719142354809,-0.9322557617095297,0.7138197291256514,0.5156882591093117,1976
40,156,-0.2,26,10,0.4769813949534669,0.6950910915511144,-0.2053148256680698,-0.9996047287213099,-0.8180145870733915,0.5033891547049442,5016
20,156,-0.2,52,5,0.4690437238720127,0.6775923979238718,-0.10903726153325577,-0.9972019077991496,-0.5751323837303861,0.5170370370370371,2025
80,208,-0.8,52,10,0.46826116053128714,0.7215832052617918,-0.021765485533507656,-0.9955578720970616,-0.1505392605726228,0.5077452667814114,1743
80,104,-0.6,26,3,0.467462085882041,0.7498951424088914,-0.1306430470239035,-0.99756725878716,-0.6458323630530503,0.49883533416950365,5581
20,156,-0.2,52,10,0.4644980752570561,0.671041104670453,-0.1139517962681924,-0.9972019077991496,-0.5922034583794379,0.5170370370370371,2025
60,104,-0.6,52,3,0.46323605184434263,0.7234706187773664,-0.29167910395313734,-0.9996435456389053,-0.9224484193778694,0.5113011606597434,3274
60,156,-0.8,26,10,0.45470370018177275,0.6421514158430952,0.06674011660952028,-0.9299852804560051,0.6144681078794114,0.5171685155837296,1893
60,104,-0.6,52,5,0.44931910946138814,0.7016368029479699,-0.28949107879809055,-0.9996465664006192,-0.9206546094661393,0.5104496516782774,3158
60,156,-0.6,26,5,0.44454437865166874,0.6532638606902516,-0.0827772526106374,-0.9939040567039799,-0.4730316379664291,0.5044439106413644,4163
80,52,-0.8,26,10,0.442965027348291,0.7648501974398018,-0.004897793011619078,-0.9807090660582297,-0.03574736034289849,0.501187648456057,3368
40,52,-0.6,26,3,0.43734251341434366,0.6404124774320117,-0.12248346436462709,-0.9984370667209771,-0.6204323511424836,0.5007772020725388,3860
60,156,-0.6,26,10,0.4341090878394989,0.6392180382185519,-0.09099808071942517,-0.9920663097477805,-0.5070586070329726,0.5040077726499879,4117
80,52,-0.8,26,3,0.42956157295309877,0.7096201117831021,-0.03940576500033399,-0.9870314979839093,-0.25775097382208123,0.5016483516483516,3640
60,208,-0.4,26,3,0.42523376664401674,0.6124241383471793,-0.22445212702355788,-0.9994693567075384,-0.8481036944551213,0.4971057709173829,5701
80,104,-0.6,26,5,0.42405667410786263,0.6996936400205092,-0.1519739359308382,-0.9970084866698048,-0.7054095537463434,0.49914756582686115,5279
40,156,-0.2,26,3,0.4119769486083093,0.5957084118530386,-0.29339127900995043,-0.999796540990571,-0.9238275395683294,0.5019193857965452,5210
60,156,-0.8,26,5,0.41088786231972213,0.5782945279465427,0.0269361899325693,-0.93811163360666,0.2178235225349543,0.5159769512833945,1909
80,52,-0.8,26,5,0.4089913880114797,0.6753087517728955,-0.0551017136288271,-0.9885241118426366,-0.3430952757313136,0.5026086956521739,3450
40,52,-0.6,26,10,0.40834643193880565,0.5957726780074434,-0.1402761353077262,-0.9974473519514019,-0.6739149147714321,0.5002705627705628,3696
40,52,-0.8,26,10,0.4069556409906948,0.6049641468041924,0.011758380644309119,-0.9550586537802991,0.09053593273934957,0.5033653846153846,2080
60,156,-0.4,26,5,0.3964818360266432,0.5777353103248811,-0.2356537196505365,-0.9987281645368105,-0.8636354270021589,0.5007150518412585,5594
80,156,-0.8,52,3,0.39442013490428407,0.5743428428838081,-0.12330368691995552,-0.9877813967161674,-0.6230548928444253,0.5156172533465543,2017
80,104,-0.8,26,3,0.3913252873087327,0.6795539366745157,-0.033289562194198874,-0.9866387102671452,-0.2219883537867684,0.4945403311025009,2839
40,156,-0.2,26,5,0.3874421236615793,0.5601342953725633,-0.3041416678714768,-0.9998648941428607,-0.9320117739324576,0.5027646129541864,5064
20,156,-0.6,52,3,0.37921743101027994,0.5942374017870716,-0.024923120992478953,-0.9240929462008949,-0.17065925567875917,0.5,1282
60,156,-0.4,26,10,0.3736170983212551,0.5441056952881671,-0.25524391842437844,-0.9987569456316506,-0.887513750112628,0.5023636363636363,5500
60,104,-0.8,26,10,0.3685670928888986,0.5748510118788315,-0.006458242960893923,-0.9638556632420276,-0.046901806679325864,0.5002277904328019,2195
60,52,-0.8,26,10,0.3626831324067023,0.5529467873632895,-0.04884970475233397,-0.9755358346151634,-0.310178060747211,0.4980151569830386,2771
40,104,-0.4,26,10,0.36075575960139084,0.5097205737097645,-0.25138981567752816,-0.9972316365683074,-0.8831255918813444,0.4926949876376714,4449
40,104,-0.4,26,3,0.3597657579826442,0.5129140732515247,-0.27014971782605823,-0.9972406991780913,-0.9031718621891289,0.490447242726878,4606
20,104,-0.4,52,5,0.3581195448032042,0.5386141201325393,-0.1799105683909502,-0.9987086238019357,-0.7701955460221084,0.48978494623655916,1860
20,104,-0.4,52,10,0.34944500966730907,0.5255450156430562,-0.18761886812328632,-0.9987959495535335,-0.7857354380336083,0.48951048951048953,1859
40,52,-0.6,26,5,0.34583246576846605,0.5025560736336657,-0.20078580683190772,-0.9985594913340038,-0.810182981335555,0.4986580783682233,3726
20,52,-0.6,52,10,0.34553463297257275,0.5215844092595434,-0.1713218918390249,-0.9944623284745656,-0.7517411987924665,0.5055940330314331,1877
20,156,-0.4,26,3,0.3446878288007123,0.4963705513423179,-0.09817491053881355,-0.9729420008296825,-0.5351933339296504,0.5,2708
20,52,-0.6,52,5,0.34182141926338183,0.5159695258595454,-0.17481095055161378,-0.9944623284745656,-0.7593870573017764,0.5055880787653007,1879
20,156,-0.6,52,5,0.3418194500033344,0.5346688765283223,-0.053424167158816926,-0.9390795676677098,-0.3343991873462885,0.49607535321821034,1274
80,208,-0.8,26,10,0.34088519470530243,0.512662355302252,-0.043431717957139404,-0.9871715285299948,-0.28050741583326344,0.5050862450243255,2261
40,208,-0.4,52,5,0.34087106995868327,0.5088115225193234,-0.4051959144318782,-0.9999048394548735,-0.9787584665526495,0.5007513148009016,2662
20,156,-0.6,52,10,0.34009282248689165,0.5320847641219901,-0.054759576741931104,-0.9397138989192779,-0.3413297257612562,0.4960691823899371,1272
20,156,-0.4,52,10,0.33966703775189727,0.5022412880936706,-0.1681678680427071,-0.9936515137144865,-0.744649547733321,0.5043731778425656,1715
20,156,-0.4,52,5,0.33966703775189727,0.5022412880936706,-0.1681678680427071,-0.9936515137144865,-0.744649547733321,0.5043731778425656,1715
40,208,-0.4,52,10,0.3384901846621284,0.5046778517475876,-0.4062255563163836,-0.9999060540105513,-0.9790295770745424,0.5005641218503196,2659
40,52,-0.8,26,5,0.33729078114337485,0.5022642602110327,-0.04455155642110187,-0.9780822079565882,-0.28672890019570674,0.5021377672209026,2105
80,208,-0.8,26,5,0.3352180464188445,0.5022280461381963,-0.049189517342491995,-0.9861047966969495,-0.31200316716555065,0.5041684949539271,2279
60,104,-0.6,26,10,0.3351458471203183,0.5107336649903649,-0.18906491613451293,-0.9936276527483284,-0.7885470368391301,0.49522922969513616,4297
40,208,-0.4,52,3,0.3339816534121113,0.49660869533475105,-0.41529914660999545,-0.9999259174351264,-0.9812921720783054,0.5014836795252225,2696
60,208,-0.4,26,10,0.3324202990184286,0.4783599365691181,-0.2806644599186635,-0.9995436514876114,-0.9130487205274074,0.5010213556174559,5385
60,156,-0.6,26,3,0.33002602564227745,0.48385173973537543,-0.2069156493113814,-0.9955111473031895,-0.820715053935231,0.5070325109522712,4337
40,104,-0.2,26,5,0.32972999160917993,0.47904563463863575,-0.3618636138776906,-0.99987170221064,-0.9642225604293235,0.49924242424242427,5280
60,104,-0.8,26,5,0.32970250665694706,0.514613161540164,-0.04164415090022122,-0.9663853217110436,-0.27047894138563244,0.4982014388489209,2224
20,156,-0.4,52,3,0.32736992435729984,0.4845246273421897,-0.1804190997614724,-0.9938950181525101,-0.7712499568360327,0.5028868360277137,1732
60,52,-0.8,26,5,0.3238275387391893,0.47490416214636355,-0.09309553754474154,-0.988084294433191,-0.5154294588799715,0.4971711456859972,2828
20,104,-0.4,52,3,0.3205095719480968,0.4784905193657896,-0.21607782800320263,-0.9989909811200327,-0.8355139503210326,0.48958889482114254,1873
40,104,-0.2,26,3,0.3202908047344737,0.45868161791419965,-0.3918928242374021,-0.9998481584089657,-0.9749730985665105,0.5012745812090313,5492
40,104,-0.2,26,10,0.31835274908775324,0.46055223492639236,-0.370460197237394,-0.9998529447781466,-0.9676452630083502,0.4981908207960388,5251
60,208,-0.4,26,5,0.31612693565496397,0.4544677937636269,-0.2933147331269431,-0.9996550946763011,-0.9237663397480098,0.4999082063521204,5447
20,52,-0.6,52,3,0.31319648477988465,0.47369977449830136,-0.20406622635191185,-0.9953821550401192,-0.8158839374303803,0.5050026329647183,1899
40,104,-0.4,26,5,0.31101570606674517,0.43758846491522674,-0.2999191034588957,-0.9983122922030118,-0.9288928159270498,0.49217002237136465,4470
20,156,-0.4,26,10,0.31009660429238145,0.44447719078056774,-0.11959917320038826,-0.977439598588613,-0.6110844867390134,0.5,2664
40,156,-0.6,52,5,0.3074486258973354,0.4901355412980336,-0.27525245379882357,-0.998641865726655,-0.9080798721720069,0.4956521739130435,2070
40,52,-0.8,26,3,0.3063389805931845,0.43600634198303706,-0.08662792939297048,-0.9872020280629945,-0.48921478369261573,0.5038901601830663,2185
60,208,-0.8,52,3,0.2991244060535073,0.46671356987622253,-0.12911243195537436,-0.9880355055449646,-0.6411830558951928,0.4925160370634355,1403
20,156,-0.4,26,5,0.2957896260304662,0.42430073671859814,-0.13135525981602936,-0.977413417722464,-0.6479779103534039,0.499250936329588,2670
40,156,-0.6,52,10,0.2933090531694854,0.4667625775206187,-0.28390841410313106,-0.9987375773041669,-0.9159142328969085,0.49369544131910764,2062
60,52,-0.8,26,3,0.2924156435980585,0.4198463933304865,-0.13372515889419412,-0.9919110079309243,-0.6550365036198538,0.5001694340901389,2951
80,156,-0.8,52,5,0.2903817160325768,0.41943618140046396,-0.20551248278920586,-0.9895692490633625,-0.8183499120958591,0.5164609053497943,1944
80,156,-0.8,52,10,0.28868132510468114,0.41569474881425916,-0.20428777509028262,-0.9908280212888436,-0.816263562422255,0.5192507804370448,1922
20,156,-0.6,26,3,0.2779161336025543,0.41414471487630156,-0.0859893041898786,-0.8983064132634437,-0.48656097837982215,0.503844182470528,1951
40,104,-0.6,52,10,0.2769996373335263,0.4362765950504695,-0.38421691730483365,-0.9995605454096592,-0.9725339427391764,0.5030172413793104,2320
60,104,-0.6,26,5,0.274060459764761,0.4121418693077479,-0.2506207961636726,-0.9978758991034978,-0.882232511477333,0.49701698026617713,4358
60,104,-0.6,26,3,0.26967586539236843,0.392003813313469,-0.28600846651687406,-0.9992066826585044,-0.9177254073869138,0.49681108423136133,4547
20,156,-0.6,26,5,0.2691450181031114,0.4005931433801061,-0.09125518269411492,-0.9020174684880009,-0.5080913694313076,0.5023279875840663,1933
20,52,-0.8,52,3,0.268962864982305,0.3992016262183381,-0.14985225766330035,-0.9913717482043922,-0.6999010477486234,0.4992063492063492,1260
20,104,-0.4,26,5,0.26499624779583775,0.38608370833374556,-0.19767662813247733,-0.9893246831247644,-0.8046392942555662,0.4900068917987595,2902
20,156,-0.6,26,10,0.26047466553948034,0.38739116013522157,-0.09737216974907359,-0.9068031109314401,-0.5321170685474339,0.5023303987571207,1931
20,104,-0.4,26,10,0.2584815855680358,0.3766395887232927,-0.20283926125407514,-0.9897807465171988,-0.8137692162296319,0.4896551724137931,2900
60,156,-0.4,26,3,0.25816064429812513,0.36700959880563666,-0.3760487893770996,-0.9997148529538326,-0.9697150882511968,0.49829234972677594,5856
20,208,-0.6,52,10,0.2504628550743173,0.3787066686465189,-0.15007152400388446,-0.9845860480147682,-0.7004744260715977,0.503030303030303,1155
40,156,-0.6,52,3,0.24997376318156148,0.3849966406996272,-0.32330655783102236,-0.9991741278390656,-0.9447275010928684,0.49904852521408183,2102
40,104,-0.6,52,5,0.24947388745528973,0.3895918643772074,-0.4123107292833643,-0.9996891462419517,-0.9805715372965438,0.5045083726921425,2329
60,156,-0.8,52,3,0.24372638334025598,0.3553441018863746,-0.198221107090087,-0.973384863703635,-0.8056200982848517,0.5113636363636364,1584
20,208,-0.4,52,10,0.2337184374877307,0.335892015978981,-0.25808478639578336,-0.9965143052539636,-0.8906563285606645,0.5067319461444308,1634
20,208,-0.4,52,5,0.2337184374877307,0.335892015978981,-0.25808478639578336,-0.9965143052539636,-0.8906563285606645,0.5067319461444308,1634
60,208,-0.6,52,3,0.21711579774982387,0.3342541491690156,-0.41380336952012975,-0.9998086758630549,-0.9809344219181666,0.5048543689320388,2781
20,208,-0.6,52,3,0.21535712690816805,0.32409683722639376,-0.17667912085831994,-0.9845860480147682,-0.763396542918112,0.5030146425495263,1161
20,208,-0.4,26,5,0.21532190489500802,0.31602396035253905,-0.1843441936235264,-0.9750350832699947,-0.779248556790948,0.5026717557251908,2620
40,104,-0.8,52,3,0.21454753736484367,0.34012834308634055,-0.20840920275592412,-0.9792134211104677,-0.823203233313202,0.5024875621890548,1407
60,208,-0.8,26,3,0.2129807028473191,0.3058473673167621,-0.11303160322926553,-0.9889452712656592,-0.5890530246619969,0.5078590785907859,1845
20,208,-0.4,26,10,0.21121165492827249,0.31001639441572093,-0.1873779891496704,-0.9757153690004946,-0.7852639606645726,0.5024818633066056,2619
20,208,-0.4,26,3,0.2047423725397066,0.30022340985262913,-0.19675442498699636,-0.9773451781113185,-0.8029683033469152,0.5026395173453997,2652
60,208,-0.8,52,5,0.20441600880090377,0.3171535736412462,-0.19851105477455366,-0.9931455473873494,-0.8061406587425077,0.49382716049382713,1377
20,52,-0.8,52,5,0.20315930015555286,0.297705833845443,-0.19837143359350207,-0.992776849124729,-0.8058901392190267,0.5012106537530266,1239
60,104,-0.8,26,3,0.2030516265641438,0.30654261248196846,-0.15048019673811464,-0.984945536435623,-0.7015405703682336,0.49759930161501525,2291
40,104,-0.6,52,3,0.19846024119464184,0.30963831223492216,-0.45850404365534037,-0.9998726577428235,-0.9894111615396308,0.5031605562579013,2373
20,208,-0.6,52,5,0.1969140797446017,0.29684931711963236,-0.18977955587385154,-0.9845860480147682,-0.7899247096496997,0.5021607605877269,1157
60,208,-0.6,52,5,0.19407581249539435,0.3015296037129094,-0.42477318393281294,-0.9998089574953745,-0.9834261553075203,0.5023905847738139,2719
20,208,-0.4,52,3,0.19136217800006183,0.2748026784749559,-0.2924486030280862,-0.9975476274624906,-0.9230708835611051,0.5073081607795371,1642
60,208,-0.8,52,10,0.19005421336062434,0.2905918545880702,-0.21215960440046466,-0.9941277692595212,-0.8293199351272571,0.49307075127644057,1371
20,52,-0.8,52,10,0.17574833712425422,0.2551585002094373,-0.22174569481600148,-0.9942800618534129,-0.8441294181963406,0.5,1238
60,208,-0.6,52,10,0.17035527067754042,0.2646234859229465,-0.44184042301179094,-0.9998260102214584,-0.9867431198913648,0.5016623568526044,2707
40,104,-0.8,52,5,0.1699682409039308,0.2688513059761937,-0.23873126734019812,-0.9730591748005247,-0.8676539943054409,0.4996389891696751,1385
80,156,-0.2,13,3,0.16191104419139823,0.2250222788723138,-0.29062571138219884,-0.9978242071299777,-0.921589245154749,0.49803959070479104,10457
20,52,-0.2,26,10,0.1611381001768182,0.2346546865070319,-0.3483488537619118,-0.9983643844816008,-0.9582083193620863,0.49721263604990706,3767
40,208,-0.4,26,5,0.15899925990494876,0.22869011491198543,-0.393666311968386,-0.9996564556066365,-0.9755092086696657,0.5017031630170317,4110
60,156,-0.8,52,5,0.15435256198119632,0.2209365938036519,-0.25393720787142415,-0.9744546299533682,-0.8860422245330553,0.5123537061118335,1538
60,208,-0.6,26,5,0.15176552585315328,0.22679580251368708,-0.32711050260655683,-0.9981804050235361,-0.9469900045303163,0.49308871575772806,3979
20,52,-0.2,26,5,0.14981170368398497,0.21818649226712822,-0.35676731069978995,-0.9985147027283443,-0.9620491071825049,0.4968203497615262,3774
60,208,-0.6,26,3,0.1485036773760649,0.21578019103750687,-0.34512766334708334,-0.9992140018069748,-0.9566522065077023,0.4962515114873035,4135
40,156,-0.8,52,3,0.14754870079952845,0.21961896148799662,-0.21283910691894736,-0.9793009366447202,-0.8304083463043704,0.5040577096483319,1109
40,208,-0.4,26,3,0.14681564977114622,0.21029816169084453,-0.40653860097408157,-0.9997468925386577,-0.979111407761245,0.5,4224
40,208,-0.6,52,3,0.14533028218112684,0.2279025960657589,-0.4367926566231779,-0.9997463767761713,-0.9858280397763447,0.49949290060851925,1972
40,208,-0.4,26,10,0.1400958026961489,0.2014533973622993,-0.4064478329079022,-0.999696156096335,-0.9790877092400793,0.5012177301509986,4106
20,104,-0.4,26,3,0.13627157755342723,0.19627245071697474,-0.30164270496334467,-0.9949100789791587,-0.9301805707082523,0.4896364254162419,2943
60,156,-0.8,52,10,0.13385209420752736,0.19183251572886434,-0.2652303242422388,-0.9739373995289006,-0.8982271813512724,0.5111111111111111,1530
40,104,-0.8,52,10,0.12932504628538333,0.20465502365450183,-0.26698496155002405,-0.9732075416114231,-0.9000153231189351,0.49673676577229875,1379
40,156,-0.4,26,5,0.1266217683147567,0.18488995290238372,-0.41697052416963254,-0.9994268979063156,-0.9816850373028931,0.4942339373970346,4249
40,208,-0.6,52,10,0.1263989479161836,0.1995225912994857,-0.4424496732801929,-0.9997354631523966,-0.9868500296018868,0.4984488107549121,1934
80,208,-0.4,13,5,0.12218086225524304,0.18513408679382878,-0.2691611268543257,-0.9975025122912704,-0.902195232421506,0.4965242165242165,8775
40,208,-0.6,52,5,0.10940956440786744,0.17235265163742505,-0.45410230517206884,-0.999782274038612,-0.9887561093382219,0.49896800825593396,1938
20,52,-0.2,26,3,0.10402987806264047,0.15084916932097842,-0.3914479867677664,-0.9991966462701629,-0.9748370463084313,0.49753182644842814,3849
20,156,-0.2,26,5,0.10382592957821744,0.1411279688916369,-0.33802663134182875,-0.9961385447831093,-0.953043718563028,0.4998477002741395,3283
20,156,-0.2,26,10,0.10352496763100313,0.1407300826982263,-0.3382243035373539,-0.9961470855845409,-0.9531475768892792,0.4998477002741395,3283
80,156,-0.8,13,5,0.10336348972108513,0.1671527296057782,-0.20719316328571502,-0.9734868980452195,-0.8211796552185046,0.5007671064743786,3259
40,156,-0.4,26,3,0.10174166159353042,0.14595743957348153,-0.4410100187396775,-0.9996167626739533,-0.9865961921756294,0.4901421366345713,4362
40,156,-0.4,26,10,0.10163785464621697,0.14860298039071704,-0.42999659108892274,-0.9995007146813942,-0.9845100134425666,0.49395017793594304,4215
60,208,-0.8,26,5,0.09843474775998091,0.13965827596575706,-0.17739928509075564,-0.9921132480161967,-0.764926657168735,0.5033259423503326,1804
40,208,-0.2,13,3,0.09294288229711985,0.14080299662854762,-0.349970930207144,-0.9989272328748642,-0.9589734564104702,0.49498585754692725,7778
20,156,-0.2,26,3,0.09052946711779629,0.12315313566600634,-0.34878685791712594,-0.9967759488576926,-0.9584161336001141,0.49924630690382876,3317
80,156,-0.8,13,10,0.08848760158241248,0.1457755901595143,-0.2028586849691737,-0.9736724112139695,-0.8138028567238726,0.4981296758104738,3208
20,52,-0.8,26,3,0.08688660880648606,0.1302120696698474,-0.14487850034516248,-0.913953832211436,-0.6866371508972494,0.4869375907111756,1378
60,208,-0.8,26,10,0.08311593122808814,0.11602377214761216,-0.1927954975946633,-0.9931840280144567,-0.7956536266420002,0.505011135857461,1796
80,104,-0.6,13,10,0.061351557375147935,0.1003817370433393,-0.3015083993803088,-0.9889216820212166,-0.9300809570265595,0.4806678383128295,6828
60,208,-0.6,26,10,0.059545046486616314,0.08899478333922621,-0.38774577891924955,-0.9989044782116172,-0.9736796909861405,0.4920273348519362,3951
80,104,-0.2,13,10,0.054146401727782734,0.08030124611980319,-0.322689740005619,-0.9986769369960379,-0.9443528713270217,0.492086038961039,9856
20,52,-0.8,26,5,0.05374265909118751,0.07986834860057102,-0.16300036327596257,-0.929463093648878,-0.7326517006075399,0.48704663212435234,1351
40,208,-0.2,13,10,0.03837421257829191,0.057277437920197925,-0.3658374108290562,-0.9986119598450894,-0.965841749592648,0.4958327640388031,7319
20,52,-0.6,26,3,0.03344867135494955,0.04996374394976918,-0.2979446465817569,-0.9868182265109128,-0.9273924343537892,0.4927710843373494,2490
20,52,-0.8,26,10,0.030897069903888373,0.04511894437700252,-0.17905039873802797,-0.9388955382197354,-0.7684024606788633,0.4877687175685693,1349
40,156,-0.8,52,5,0.026871905048223406,0.038761732890165206,-0.29005425200548873,-0.9873312328680919,-0.9211197120802951,0.501834862385321,1090
40,156,-0.6,26,5,0.026014530325031614,0.03824992779751139,-0.38310131490561095,-0.9969199375528843,-0.972162868610978,0.492161985630307,3062
20,52,-0.6,26,10,0.021188974766095485,0.031586586683537414,-0.30428195043608985,-0.9876617235662877,-0.932113327278508,0.4953271028037383,2461
40,156,-0.8,52,10,0.018204158476604285,0.026753777150608248,-0.28676302614386173,-0.9866147777521388,-0.9183678776787709,0.5,1084
40,156,-0.6,26,10,0.007473275215566244,0.010987001250219173,-0.3937809811058621,-0.9972736498921988,-0.9755435275179897,0.49198036006546647,3055
40,104,-0.6,26,10,0.005323651010419515,0.00790703602431614,-0.4171698946465928,-0.9970036804084399,-0.9817314202740695,0.4935779816513762,3270
40,208,-0.2,13,5,0.0033547264602795906,0.00498293964067355,-0.39235554020647556,-0.9990832539825559,-0.9751139431791283,0.49477541050346047,7369
60,52,-0.4,13,10,0.0023843038314067463,0.0035853663709833764,-0.3842660293266402,-0.9988570125041497,-0.9725501796623004,0.4878018421707742,8034
80,156,-0.8,13,3,0.0008287164256469489,0.0013270659306365011,-0.2836044049921682,-0.9843541420518868,-0.9156492057842126,0.4988179669030733,3384
80,104,-0.6,13,3,-0.0006356080077456355,-0.0009985927568586072,-0.37780067284633667,-0.9971739407259418,-0.9703398737484955,0.481181707810603,7413
20,104,-0.2,26,5,-0.00731791651386489,-0.010347083595866677,-0.43547471896687384,-0.9987574286356551,-0.985580311438927,0.49829931972789115,3528
20,104,-0.2,26,10,-0.007977199849866933,-0.01127886638238859,-0.43574838709037833,-0.9987608114332979,-0.9856320578224468,0.4977298524404086,3524
20,52,-0.6,26,5,-0.017959765777294814,-0.02666624252739088,-0.32849098294431944,-0.9905833283226178,-0.9477910301854419,0.4953346855983773,2465
80,208,-0.2,13,10,-0.018312090874460712,-0.02722765714801272,-0.3804562330176745,-0.9982179110695102,-0.9712656769236447,0.4926341815184918,9707
80,104,-0.6,13,5,-0.019225513996683603,-0.030627800998659836,-0.3655473123384536,-0.9958599695025404,-0.9657257287266547,0.48206886698099727,6999
80,104,-0.2,13,5,-0.036340715553220014,-0.05450919276269053,-0.3731162029659807,-0.9990826299162526,-0.9686437236696365,0.4918807204015353,10161
80,208,-0.4,13,10,-0.036562718089040255,-0.0544544508262052,-0.379064263657373,-0.9983997662222552,-0.9707835650784157,0.49268122676579923,8608
80,156,-0.4,13,3,-0.03661438803564594,-0.05186505375661951,-0.40327014342054524,-0.9985799802025022,-0.9782432529230282,0.49390765284309535,9356
80,104,-0.8,13,10,-0.046941101867189174,-0.0765982802675434,-0.2542793766342849,-0.9801043332510188,-0.8864291511892157,0.4896531623433401,3431
40,104,-0.6,26,5,-0.0470501396567648,-0.06956290280773993,-0.4533228710123842,-0.998154016129452,-0.9886365365260742,0.49285062366899907,3287
60,52,-0.4,13,5,-0.050340320289213585,-0.07507528669791898,-0.4146805647421715,-0.9989836196132083,-0.9811449343581317,0.4887838001697587,8247
80,52,-0.4,13,10,-0.053875257245179796,-0.0808919497966437,-0.3914674593524464,-0.9990986119164067,-0.9748430153057582,0.4842528478892115,8954
20,104,-0.2,26,3,-0.056460224826428713,-0.07977946896137404,-0.46645051412348104,-0.9989722138131325,-0.9905104415607453,0.49718785151856015,3556
60,104,-0.2,13,5,-0.05976429010709859,-0.08673279670870424,-0.4264200925250816,-0.999533216207095,-0.9837747547591655,0.4910296835924758,9197
80,208,-0.2,13,3,-0.0783643713906986,-0.11854438955787978,-0.42907666674445744,-0.9995419872814119,-0.984323704929676,0.49411310557807375,10362
60,208,-0.2,13,5,-0.07903918853059358,-0.11849301782043946,-0.4328926839711984,-0.9993445180180118,-0.985084097125505,0.4911150599733452,9004
20,156,-0.8,52,3,-0.08088753510410918,-0.11574966419019422,-0.22799092048900738,-0.9789674837976778,-0.8531678009024954,0.5007564296520424,661
40,156,-0.8,26,3,-0.08268165766292124,-0.11068881818640815,-0.2940849667130815,-0.9914419094832623,-0.9243802203423904,0.5095137420718816,1419
40,156,-0.8,26,5,-0.08277574375847299,-0.11097636270957119,-0.2870917355131585,-0.9902317810596226,-0.9186463973768498,0.5086083213773315,1394
60,208,-0.2,13,10,-0.08496385651708559,-0.12751465296012263,-0.43243040632384033,-0.9992492291973701,-0.9849937152899682,0.4909194097616345,8810
40,156,-0.6,26,3,-0.08759148392437467,-0.12691617046188644,-0.46017953274484513,-0.9987333999148198,-0.9896516787996651,0.49553855959209686,3138
20,156,-0.8,26,3,-0.08884201758920476,-0.12427030685916117,-0.18509367003064714,-0.9106217750233973,-0.780748011874865,0.5041031652989449,853
20,104,-0.6,52,3,-0.09010645803229494,-0.12414877475634205,-0.42849558967105716,-0.9993926463840811,-0.9842050254380679,0.5048476454293629,1444
20,104,-0.6,52,10,-0.09120608439450242,-0.1253929074711931,-0.4276630862861319,-0.9994097921104458,-0.9840336402594533,0.5031446540880503,1431
20,208,-0.8,52,3,-0.0983809247324138,-0.15723736130834748,-0.20028535471885933,-0.9633739845905323,-0.8092999722364336,0.4674657534246575,584
80,156,-0.2,13,5,-0.10177481938136258,-0.1408014975629103,-0.44621812683479,-0.9992048123024542,-0.9874948835624207,0.49336633663366336,10100
20,104,-0.6,52,5,-0.10293327764846827,-0.1415899366867734,-0.434509899773422,-0.9994097921104458,-0.9853965907416359,0.5027932960893855,1432
40,104,-0.6,26,3,-0.1044890933953069,-0.15332687553340382,-0.5023953894345625,-0.9992314619714079,-0.9943419000021038,0.4900916888494528,3381
40,208,-0.8,52,3,-0.10518099703547912,-0.15756519186620815,-0.33182570551111656,-0.9959751400852309,-0.9496829455681809,0.473792394655704,973
60,104,-0.4,13,10,-0.10837981140940767,-0.1581519114040231,-0.43487836089966625,-0.9971981193069086,-0.985466990628106,0.4801183888817398,7771
20,156,-0.8,26,5,-0.10909071073657867,-0.1517856096558814,-0.19186632777095403,-0.9215517019872301,-0.7939032137116411,0.5029515938606848,847
20,156,-0.8,26,10,-0.10909071073657867,-0.1517856096558814,-0.19186632777095403,-0.9215517019872301,-0.7939032137116411,0.5029515938606848,847
20,104,-0.8,26,10,-0.10947662137632232,-0.16435388769307568,-0.18046522657148156,-0.9341166411440801,-0.7713453907696071,0.4879032258064516,992
40,156,-0.8,26,10,-0.11019615457494082,-0.1486549962505105,-0.29711474470852084,-0.9916926609010719,-0.9267536672678081,0.5075702956020187,1387
20,156,-0.8,52,5,-0.11041811814925409,-0.15743524660454367,-0.24152958976488448,-0.981309627030183,-0.8712186130238444,0.500763358778626,655
20,156,-0.8,52,10,-0.11041811814925409,-0.15743524660454367,-0.24152958976488448,-0.981309627030183,-0.8712186130238444,0.500763358778626,655
60,104,-0.2,13,10,-0.1139474646797576,-0.16378840123692123,-0.4596046043598313,-0.9997751186345112,-0.989569685862528,0.4925456163773921,8988
40,104,-0.8,26,5,-0.11525367639826352,-0.1689507885700789,-0.28884554633870574,-0.9561416109913352,-0.92011857298296,0.4941610325752919,1627
80,208,-0.4,13,3,-0.12014385533790414,-0.18235359829092168,-0.44093242404726773,-0.9993805400229346,-0.9865823912580098,0.4929546932581834,9226
20,104,-0.8,26,5,-0.1208467430158947,-0.181426217635456,-0.18619617307978942,-0.9394399450108636,-0.7829377402450874,0.48743718592964824,995
80,208,-0.2,13,5,-0.12264702118612784,-0.1808894481579438,-0.43306887395513294,-0.9994809725177652,-0.9851184206009513,0.4892419062939875,9946
20,208,-0.8,52,10,-0.125100435852226,-0.20047562140291336,-0.21333686244082262,-0.9674246461638616,-0.831201824267408,0.46815834767641995,581
20,208,-0.8,52,5,-0.125100435852226,-0.20047562140291336,-0.21333686244082262,-0.9674246461638616,-0.831201824267408,0.46815834767641995,581
40,208,-0.8,52,5,-0.129121754892785,-0.19394313471141086,-0.3435669987447354,-0.9962445002538456,-0.9558804163719308,0.4739583333333333,960
80,156,-0.6,13,5,-0.1313878242812053,-0.19108630511214297,-0.4061890974374761,-0.9960079708810835,-0.9790200286228488,0.48823358512492737,6884
40,104,-0.4,13,10,-0.1320658075548237,-0.19827483142347826,-0.45091989690681256,-0.9972115051839783,-0.988260945746679,0.47691582914572866,6368
20,208,-0.6,26,5,-0.13333803736013977,-0.19400261445552455,-0.3407993085866642,-0.9929555045563698,-0.9544824579138468,0.47637362637362635,1820
40,208,-0.6,26,3,-0.13745377222490734,-0.19835205295734237,-0.4856169868676131,-0.9996628119384418,-0.992764806756634,0.48758389261744967,2980
60,156,-0.2,13,3,-0.13842610602194388,-0.19496863511942972,-0.4910497202953552,-0.999597599393368,-0.9933125309174974,0.4918822666806327,9547
20,208,-0.6,26,10,-0.1393967193965594,-0.20270051299452532,-0.3436237479100508,-0.9931762340869281,-0.9559086871984331,0.4768976897689769,1818
40,104,-0.8,26,10,-0.1397675287156394,-0.2044054003467155,-0.2972228419034024,-0.9654505883710234,-0.9268371429771853,0.4941249226963513,1617
20,104,-0.8,26,3,-0.1413697433033537,-0.21185562052346343,-0.19844233966955693,-0.9345358207830197,-0.8060173995668032,0.4880952380952381,1008
60,156,-0.8,13,5,-0.14740763825750294,-0.19964690703225282,-0.2925931208660416,-0.9888719478530726,-0.9231873037161511,0.4988558352402746,2622
20,208,-0.6,26,3,-0.14948849618337862,-0.21769730896479342,-0.35065461055066616,-0.9939052784055449,-0.9592923010225708,0.47468698965704953,1837
80,104,-0.8,13,5,-0.1551109180369732,-0.24729230636608515,-0.3354108041309567,-0.9912329824946355,-0.9516504695003846,0.49199542595769014,3498
40,156,-0.2,13,3,-0.16405351252384598,-0.23256321951721046,-0.539451633271251,-0.9998583421173015,-0.9968122149617423,0.48485626283367556,7792
40,208,-0.6,26,5,-0.16409076128120997,-0.2373336812429654,-0.48701774224287586,-0.9996672608674086,-0.9929096150675614,0.48713550600343053,2915
80,156,-0.2,13,10,-0.16548410325452664,-0.23011816173498623,-0.47585492992676326,-0.9993477553244408,-0.9916826414283999,0.4945745867559071,9861
20,52,-0.4,13,3,-0.16655520377698066,-0.2443430350311861,-0.3961127952994222,-0.9933918131973754,-0.9762324389730109,0.49577754891864056,4855
60,52,-0.4,13,3,-0.16878726432330055,-0.24982448992010908,-0.4949396325598253,-0.9996575969280518,-0.9936823216748256,0.487674047021228,8762
80,52,-0.4,13,5,-0.17107697865911414,-0.2529835056089293,-0.4653734010379147,-0.9997524817518562,-0.990367485055217,0.4896551724137931,9280
80,52,-0.2,13,3,-0.18020678738460194,-0.2671266040437133,-0.4852169750696632,-0.9998957950466434,-0.992722987333159,0.4867577362698634,10761
40,208,-0.8,52,10,-0.18027274983766045,-0.265801470660286,-0.3750696522045871,-0.9973414022918138,-0.9693609572032582,0.47286012526096033,958
40,104,-0.4,13,5,-0.18138279907840174,-0.27222296689773773,-0.4787883570413517,-0.9979724040300242,-0.9920216272736758,0.47700435052827844,6436
40,208,-0.6,26,10,-0.1899485714333782,-0.27460520036106373,-0.4997996642116712,-0.9997319236472872,-0.9941193762325568,0.4864307798007558,2911
80,208,-0.6,13,10,-0.19297367659222728,-0.2851325281828966,-0.4427170355951392,-0.9987852780298784,-0.9868967096721908,0.4870977534911961,6588
40,52,-0.4,13,3,-0.1954686617662819,-0.27570371035573893,-0.5202415043982678,-0.9995111141559736,-0.9956841113722291,0.494882938455068,7133
60,156,-0.8,13,10,-0.1969479913771398,-0.2680328655262732,-0.2945508050506278,-0.9883827683996934,-0.92474941689766,0.49653045489591363,2594
40,104,-0.2,13,3,-0.1974498672654714,-0.2856950359238721,-0.5388984328489043,-0.9996986892538228,-0.996783716059705,0.48622244488977956,7984
60,104,-0.4,13,5,-0.19999351129115445,-0.291813884044563,-0.4900019202562097,-0.9985432507018176,-0.9932097785373896,0.4788750157649136,7929
40,52,-0.4,13,5,-0.2001489538970265,-0.28587584223689,-0.5059306145300828,-0.999202291689013,-0.9946332271109457,0.4955647545830869,6764
40,208,-0.8,26,3,-0.20118869461746247,-0.2798614780685697,-0.3110565513051349,-0.9841178296382171,-0.9368640307224638,0.493161094224924,1316
80,208,-0.6,13,5,-0.20473108434319476,-0.30267300983019113,-0.4476191006845026,-0.9989658832867716,-0.9877275403421356,0.4888691006233304,6738
60,104,-0.6,13,5,-0.2102996217195718,-0.3109008413734706,-0.4422717940800126,-0.9991683516904484,-0.9868188931810473,0.48112261944537255,5986
20,208,-0.2,13,3,-0.21422123326722156,-0.30656669958366545,-0.44156402875601664,-0.9979701233722755,-0.9866943715138669,0.492316237733753,5401
80,156,-0.8,8,3,-0.2153560072033346,-0.3204457639770639,-0.2782705296240192,-0.9592204339199562,-0.9108802541336122,0.49759384023099135,4156
20,208,-0.8,26,10,-0.21765880072270283,-0.31415560848977675,-0.20712038234033436,-0.9066376472229674,-0.8210579095459325,0.49370277078085645,794
60,104,-0.2,13,3,-0.21891670924671103,-0.3231601786794949,-0.532705200474922,-0.9996390864374695,-0.9964492976388173,0.4918539905135079,9698
80,104,-0.4,13,10,-0.2192091065007719,-0.31711629454725865,-0.48118737007799994,-0.9988319780801732,-0.9922899061612668,0.4814477577964944,8786
80,104,-0.8,13,3,-0.21932500295939997,-0.341843508495395,-0.38757576363280777,-0.9959557227552678,-0.9736254543946384,0.4899254761247585,3623
80,104,-0.4,13,3,-0.21972880110795523,-0.3310719655073027,-0.4971923699740338,-0.9993985331324805,-0.9938882786364189,0.4850330847600042,9521
80,208,-0.6,13,3,-0.22250428183583437,-0.32621251605214957,-0.46997757352372893,-0.9994664119511932,-0.9909657940232496,0.4919194783101786,7054
60,52,-0.2,13,5,-0.2229760603819542,-0.32450893233544376,-0.5208706634985618,-0.9998017182850334,-0.9957258982980267,0.48624344288620064,9341
60,208,-0.4,13,3,-0.2240826398828917,-0.32312747242493284,-0.49812270382266377,-0.9994100410195663,-0.993971624266181,0.4915945611866502,8090
40,52,-0.4,13,10,-0.2247779210320684,-0.31840618894889483,-0.5181565780505728,-0.9993710703585009,-0.9955430997910499,0.4938659485338121,6684
20,208,-0.2,13,10,-0.2249416013884034,-0.3234684999650514,-0.43292870299046693,-0.9975352519977133,-0.9850911195350686,0.49271523178807947,5285
80,156,-0.6,13,3,-0.22624105633468558,-0.3177807483626818,-0.47199926661285285,-0.9988917371135161,-0.9912181774666976,0.49028791844606695,7259
20,208,-0.2,13,5,-0.2263569238906045,-0.3255540257909916,-0.4352896678200998,-0.9976103258764615,-0.9855452298470581,0.49234549234549235,5291
80,156,-0.8,8,5,-0.2267143536002683,-0.343715763999886,-0.26842247599464475,-0.9565554208841178,-0.9014599672294845,0.4914786967418546,3990
20,52,-0.4,13,10,-0.22673881021621795,-0.3274618499454497,-0.42363151853697856,-0.9948743634161032,-0.9831807144594059,0.4964150147617039,4742
20,52,-0.4,13,5,-0.22722816375734045,-0.3286877058553631,-0.4251668704083451,-0.9949747338357005,-0.9835100703783053,0.49600840336134455,4760
60,52,-0.2,13,10,-0.2274682741829744,-0.32735235876773955,-0.5225862435789312,-0.9997345286827228,-0.9958380686371971,0.48713154421469423,9092
20,208,-0.8,26,5,-0.22835926280568286,-0.32991064088584054,-0.21179452810349642,-0.9106419256929239,-0.8287326728617785,0.4930817610062893,795
40,52,-0.2,13,5,-0.23384499573012765,-0.33021323823679005,-0.552719678502944,-0.9997546462046556,-0.9974333676996598,0.48676301317304005,7819
60,208,-0.2,13,3,-0.2339749337371324,-0.3524533790010516,-0.5256960402895063,-0.9998555248395515,-0.9960349161573228,0.4898002325335588,9461
40,208,-0.8,26,5,-0.2364960650278589,-0.3207534289662873,-0.32755711054921,-0.9854183122029924,-0.9472503047841089,0.4942084942084942,1295
80,52,-0.4,13,3,-0.2365593708760881,-0.35144780638107925,-0.4998877118090408,-0.9997336633674503,-0.9941270464946068,0.4843366093366093,9768
60,104,-0.4,13,3,-0.23869782853723037,-0.3532893686598588,-0.5294561984888693,-0.9996700820236354,-0.9962621307682317,0.47958821441249555,8451
60,156,-0.8,13,3,-0.24091511670880908,-0.32311653110564975,-0.34567295917177265,-0.9934927541976676,-0.9569191020988169,0.4957517547100111,2707
40,208,-0.8,26,10,-0.25136847351532904,-0.3407024045975956,-0.33296041525909503,-0.9876032612379443,-0.9503130378849117,0.49147286821705427,1290
20,208,-0.8,26,3,-0.25770439685246255,-0.3564475410832446,-0.23236969890628667,-0.9248360933643257,-0.8592312470571395,0.49313358302122345,801
80,156,-0.4,13,5,-0.25784463821079306,-0.37008497003987917,-0.5039565800625199,-0.9991344296006779,-0.9944721967474257,0.4908622042829914,8919
80,208,-0.8,13,5,-0.25972627068058707,-0.37018564128124765,-0.3349668526509171,-0.9899395266936319,-0.9514104959049516,0.48876043673731534,3114
40,104,-0.8,26,3,-0.2656468335158009,-0.3787697382714406,-0.37941656282114267,-0.9841261164435631,-0.9709062413225068,0.49158653846153844,1664
80,104,-0.2,13,3,-0.2672201217565043,-0.3869954400033125,-0.5223446869067352,-0.9996783706867185,-0.9958224305998532,0.4948696225171797,10623
40,104,-0.2,13,10,-0.2675365617841977,-0.3822752218751904,-0.5662075191426659,-0.9998493565327443,-0.9979546263885583,0.48824070424385757,7611
60,52,-0.2,13,3,-0.268725235404596,-0.3900218139711754,-0.5564814760268755,-0.9999160130642869,-0.9975891592246836,0.48569989929506546,9930
80,208,-0.8,13,3,-0.26973674080612253,-0.3816305383468043,-0.3547792457586536,-0.9940269182614218,-0.9611707920829667,0.48976426799007444,3224
80,208,-0.8,13,10,-0.27556444333931346,-0.3889761987893016,-0.3508922956975069,-0.9925001365859544,-0.9594026457255136,0.4892926670992862,3082
40,52,-0.2,13,3,-0.27743968726230356,-0.3925370575347359,-0.5848919083057377,-0.9998936599631042,-0.9985242629774005,0.48769547823978665,8249
20,104,-0.6,26,10,-0.28426267916704284,-0.38215695605361466,-0.43072318972535995,-0.9960412348774721,-0.9846558114583026,0.4891041162227603,2065
60,156,-0.8,8,5,-0.28863399037291787,-0.41894947885149014,-0.26982526983774346,-0.9711944961164496,-0.9028522741378315,0.49555078244860384,3259
60,156,-0.8,8,3,-0.29090211710580205,-0.41567249268702317,-0.2858327804438747,-0.9752009873462314,-0.9175751931201074,0.49584569732937683,3370
80,156,-0.6,13,10,-0.292587062473257,-0.4191389112318173,-0.477769002131591,-0.9984823093762959,-0.9919052122316808,0.48460848774656307,6692
40,104,-0.2,13,5,-0.29499986108976045,-0.42167877856730557,-0.5802939301998504,-0.999884721665823,-0.9983986789815871,0.49083344168508647,7691
60,104,-0.6,13,3,-0.29595482640417026,-0.4290417248979808,-0.499720705144271,-0.9993594202964519,-0.9941124903481269,0.4855187778485041,6284
20,104,-0.6,26,5,-0.2992852711927634,-0.4021420970561409,-0.4382231881330747,-0.9960412348774721,-0.9860927566413135,0.4895984518626028,2067
20,104,-0.6,26,3,-0.3081427279424071,-0.4161922581100198,-0.4448056031791435,-0.9961755463988072,-0.9872564553792824,0.4884836852207294,2084
60,208,-0.4,13,5,-0.3155535679216035,-0.45448583559800393,-0.5206978866227352,-0.9994455480213503,-0.995714457971215,0.4896238651102464,7710
60,208,-0.8,8,3,-0.31691463061201697,-0.43416802917653324,-0.2999419344376013,-0.9902480007261033,-0.9289100069925915,0.48304058146577833,3302
20,156,-0.8,8,3,-0.3171169409744746,-0.4712023473659685,-0.20469939641504054,-0.8947654379742606,-0.8169670803050947,0.49320388349514566,1545
60,156,-0.6,13,3,-0.3174313712646455,-0.4449161072535615,-0.5098375175764038,-0.9992882192973572,-0.9949400024037133,0.48240635641316687,6167
40,52,-0.2,13,10,-0.318370802989246,-0.44719206683939117,-0.5991456529831493,-0.9998836793874529,-0.9988610544540808,0.4883150419625565,7745
80,156,-0.4,13,10,-0.3203994120671254,-0.4574943881483235,-0.529228224884956,-0.9994856512641933,-0.9962486832571159,0.48834794646977386,8668
20,208,-0.8,8,10,-0.32740335959398753,-0.45704016481296156,-0.19970736863481142,-0.8791073954453931,-0.8082757403163175,0.4932523616734143,1482
20,208,-0.8,8,5,-0.3284085146639559,-0.458419951930577,-0.20005062533582707,-0.8794913068681778,-0.8088845875951788,0.4932523616734143,1482
80,156,-0.8,8,10,-0.33129436324735223,-0.49810543389335565,-0.3134224584239428,-0.9730823553432045,-0.9384539302766811,0.4881769641495042,3933
60,104,-0.6,13,10,-0.33257597524528565,-0.4913615165603811,-0.49624882695098393,-0.999502529639161,-0.9938027332725297,0.4779211956521739,5888
40,104,-0.4,13,3,-0.3343263576324742,-0.48828382516057534,-0.571670902815865,-0.9993930996996326,-0.9981380750784223,0.4803395889186774,6714
20,208,-0.4,13,3,-0.3412757625269151,-0.4807886313008135,-0.4480247530105932,-0.9961471410341355,-0.9877942030089242,0.49379310344827587,4350
40,156,-0.2,13,10,-0.342057076989786,-0.4768296586239368,-0.6083852146495068,-0.9999308273583681,-0.9990418874385987,0.4849878279686232,7394
20,104,-0.8,52,3,-0.35067547140774263,-0.522511480924838,-0.39516697349949514,-0.99276188197923,-0.9759550567197779,0.4793875147232038,849
60,156,-0.8,8,10,-0.35461506561228506,-0.5151714100257921,-0.29422043026849787,-0.9748487707088407,-0.924487742164738,0.4924031007751938,3225
20,208,-0.8,8,3,-0.35903293003696884,-0.4883686051996266,-0.21742180621708718,-0.9030641325903943,-0.8375932627547185,0.49464524765729584,1494
20,156,-0.8,8,10,-0.36075947919102674,-0.5355671100797482,-0.21913665582281427,-0.9081308337897507,-0.8402133158753904,0.4911591355599214,1527
20,156,-0.8,8,5,-0.361316973940812,-0.5363789965425555,-0.21932724951732974,-0.9082969537285824,-0.8405022458318477,0.4911591355599214,1527
40,208,-0.4,13,3,-0.3619972408228813,-0.4982787995157653,-0.5697169746863009,-0.9997922973760797,-0.9980741735851362,0.49283042394014964,6416
80,52,-0.8,13,3,-0.3631279079046168,-0.5548037800638592,-0.45094340052470594,-0.9973560632266772,-0.9882646707866527,0.4832911392405063,3950
20,208,-0.4,13,5,-0.36634152536621184,-0.5162168107527954,-0.45275737352299683,-0.9962719180464463,-0.9885490965590592,0.4923005132991134,4286
80,52,-0.2,13,5,-0.3682205698794005,-0.5310186873532158,-0.5547445719320243,-0.9999227490310367,-0.9975182749670377,0.4867196587824738,10316
80,52,-0.6,13,10,-0.36989950355758905,-0.5341799475579825,-0.5108044119892554,-0.9996183620684393,-0.9950135386367496,0.4860100727476217,7148
60,156,-0.2,13,5,-0.3736209071687711,-0.5105547333629253,-0.5971466704103846,-0.9998968593633776,-0.9988182650386248,0.4956348767819649,9049
60,52,-0.6,13,3,-0.3743355572809876,-0.5311731286125755,-0.5386822113626022,-0.9999129994057678,-0.9967725173432627,0.48733702982166943,6673
80,208,-0.8,8,5,-0.3743491618797369,-0.5069556425043508,-0.3437350697971079,-0.9925632480974793,-0.9559640990870671,0.48662420382165605,3925
60,208,-0.4,13,10,-0.37659235231895677,-0.537949348630964,-0.5504808155659171,-0.9996033218113516,-0.9973365736974136,0.48851555322220763,7619
60,208,-0.8,13,10,-0.37668530776616566,-0.5124433123888175,-0.3641937449221361,-0.9949919622990488,-0.9651798702601341,0.488,2500
60,52,-0.6,13,10,-0.3771882999211076,-0.5238578780332646,-0.5224224985332964,-0.9998612804940368,-0.995827473554992,0.4876663420967218,6162
60,208,-0.8,13,3,-0.377647076486548,-0.5131621919500097,-0.36345185746654063,-0.995394040448289,-0.9648775079746921,0.4891808346213292,2588
60,104,-0.8,13,10,-0.3783853955107855,-0.5292777109182106,-0.3597311098643594,-0.9950399124879453,-0.963326573695115,0.4840085287846482,2814
20,156,-0.2,13,10,-0.3791999115168449,-0.5134562693701307,-0.5169564434361767,-0.9984511381769959,-0.9954601364599234,0.4859222371193258,5221
60,208,-0.6,13,5,-0.37956841028380434,-0.5521610584660617,-0.5195466856612232,-0.9993502408569466,-0.9956375532719536,0.4857744994731296,5694
20,104,-0.8,52,10,-0.3796116135039104,-0.5654341026593297,-0.4048110085328571,-0.9928723476848974,-0.9786563428987431,0.477326968973747,838
20,104,-0.8,52,5,-0.3796116135039104,-0.5654341026593297,-0.4048110085328571,-0.9928723476848974,-0.9786563428987431,0.477326968973747,838
20,156,-0.2,13,5,-0.38015890479899256,-0.5148870634027759,-0.5177864470626661,-0.9984428737982929,-0.9955176542954665,0.48565965583174,5230
20,208,-0.4,13,10,-0.3845178341643567,-0.5414376824242494,-0.45985203461579804,-0.9966157031020857,-0.9896050415531902,0.4920486435921422,4276
80,52,-0.2,13,10,-0.38746482440032876,-0.5517640178186971,-0.5627966382742393,-0.999915159553775,-0.9978323382838473,0.487035175879397,9950
60,208,-0.8,8,5,-0.390012471785907,-0.5387602905202298,-0.324886685956171,-0.9919089706577249,-0.9456772681604909,0.48134328358208955,3216
20,156,-0.2,13,3,-0.39405236763607987,-0.5315983526473613,-0.532975841682749,-0.9988038504904014,-0.9964645160428138,0.4886236478925774,5362
60,156,-0.6,13,5,-0.3941190180325195,-0.5546352069557704,-0.5275435651591438,-0.9994185630211522,-0.996148005931576,0.48156996587030715,5860
80,52,-0.8,13,5,-0.39568193113626143,-0.6096885390320066,-0.4521977955766987,-0.9965479467303603,-0.9884619995280517,0.4786415494826214,3769
40,156,-0.2,13,5,-0.3970307472673835,-0.5490596754890036,-0.630489499619249,-0.9999419895311519,-0.9993772097990272,0.48516042780748664,7480
80,104,-0.4,13,5,-0.4006633031735701,-0.577795297542632,-0.5748634114254952,-0.999463389711765,-0.9982385389128946,0.47957489206243775,9033
60,104,-0.8,13,5,-0.40665224725309734,-0.561254283045709,-0.39709905362571607,-0.9962842827914066,-0.9765187275063189,0.4860529986052999,2868
40,52,-0.6,13,10,-0.4088735583864956,-0.5531541369350799,-0.5220538216114061,-0.9993264162050292,-0.9958035329566242,0.4898123865241073,4957
40,104,-0.6,13,3,-0.41425810391531864,-0.6028912813767577,-0.5282147353876461,-0.9987536445271763,-0.9961883924963412,0.48373235113566604,4887
20,208,-0.8,4,10,-0.4210117609166977,-0.6075123984555556,-0.1875807805371783,-0.8603813292149536,-0.7856609480798834,0.4861294583883752,2271
60,156,-0.2,13,10,-0.42225624654691174,-0.5688090727831424,-0.6185956537942641,-0.9999025211890349,-0.9992123173406385,0.49367945823927767,8860
20,208,-0.8,4,5,-0.429013961858654,-0.6203579719708111,-0.19117618013921278,-0.8648979177048515,-0.7925947004884595,0.4852617685877695,2273
60,208,-0.8,8,10,-0.43272716849046156,-0.597318366681353,-0.339012493609662,-0.9932731777028257,-0.9535597239199163,0.4811676082862524,3186
80,52,-0.8,13,10,-0.44337501514815364,-0.6698248595118548,-0.46996271867002437,-0.9961849707773425,-0.9909639166025896,0.478720520466251,3689
60,208,-0.6,13,10,-0.44810302177516265,-0.6577611154977354,-0.5466014439740259,-0.9995096470363636,-0.9971613661646566,0.4811136726369924,5639
20,208,-0.8,4,3,-0.44839516754300585,-0.6154105612040427,-0.20478301685860745,-0.8808153477376376,-0.8171097140736866,0.48632218844984804,2303
20,104,-0.2,13,10,-0.45083441629742743,-0.6135712466217,-0.5701600366011061,-0.9994780496627524,-0.9980888274408214,0.4872027591214376,5509
40,52,-0.4,8,10,-0.45321720959706474,-0.6002752316434347,-0.5178717125150478,-0.9995600708656012,-0.9955235271765109,0.4841398183853713,8039
20,104,-0.2,13,5,-0.45331670998272283,-0.6176032691271565,-0.5710750582535528,-0.9994862314567748,-0.9981187858853412,0.48676097207109176,5514
80,208,-0.8,8,10,-0.4544949090869669,-0.615359553096741,-0.37307517541519364,-0.9937400188106514,-0.9686285054929807,0.48592822101729927,3873
40,208,-0.8,8,3,-0.4681817984581264,-0.6280575854493815,-0.3312615624971593,-0.9832969877896943,-0.9493671185742055,0.4888521882741536,2422
20,156,-0.4,13,5,-0.46895386772164765,-0.6261469079035198,-0.505963841286535,-0.9986603390166686,-0.9946359024448306,0.4905793688177108,4246
20,156,-0.4,13,10,-0.4718721003093476,-0.6297437189926632,-0.506799706663059,-0.998689597301659,-0.9947028256921966,0.4904413500118008,4237
60,208,-0.6,13,3,-0.4728549154198956,-0.6861282297776735,-0.5771572735089721,-0.9998406867409267,-0.9983077958926461,0.4847775175644028,5978
40,52,-0.6,13,5,-0.47579794260157554,-0.6416829216737939,-0.5545282663423509,-0.999600576646669,-0.9975093224056322,0.49175769612711023,5035
60,208,-0.8,13,5,-0.4768453515803967,-0.6462989113811828,-0.39289584174100345,-0.9954144975993264,-0.9752775355171159,0.48592944906856916,2523
20,104,-0.4,13,10,-0.4776559377086344,-0.7046892408483925,-0.5260606106996488,-0.998541570599922,-0.9960574567366338,0.4742245034590493,4481
80,208,-0.8,8,3,-0.4858212838503906,-0.6453910093212315,-0.38870996326705964,-0.996054792053549,-0.9739854540367585,0.4857423795476893,4068
20,104,-0.2,13,3,-0.4902356881670661,-0.6718022082532702,-0.5882338140307659,-0.9995628219099647,-0.9986101061579941,0.48663578047042055,5612
60,156,-0.6,13,10,-0.4954979554347019,-0.6932977707171097,-0.5577335798022749,-0.9996410967585211,-0.9976391656400613,0.4792354474370113,5755
60,156,-0.4,13,5,-0.5030816532637045,-0.7179504319535058,-0.6232257180725769,-0.9999156199757238,-0.9992805112118637,0.48548979850462554,7891
40,208,-0.4,13,5,-0.5090558894903789,-0.7141328990485041,-0.6052061940830746,-0.9998245183256866,-0.9989826994180151,0.4889538661468486,6156
60,52,-0.6,13,5,-0.5188063052350044,-0.713510631500557,-0.5875200719516962,-0.9999337082070631,-0.9985921445270609,0.48680259206574994,6327
20,208,-0.8,13,10,-0.5209416970608005,-0.7020243167216234,-0.2627358488251693,-0.9458364265234369,-0.8956374787499803,0.4808206958073149,1121
20,208,-0.8,13,5,-0.5232035310366765,-0.704704229180965,-0.2637088410304518,-0.9463641596395573,-0.8966543163589185,0.48128342245989303,1122
60,156,-0.4,13,10,-0.5287293986408477,-0.7443222060907826,-0.633465963655556,-0.9999186653458491,-0.999413456898406,0.485315047224738,7729
40,208,-0.4,13,10,-0.5418144328749857,-0.75718229054487,-0.6167153396361904,-0.999851608466131,-0.9991830672148729,0.4885010601859403,6131
20,156,-0.8,13,3,-0.5457188184229288,-0.7245998819806911,-0.32543077368462625,-0.9775848720959873,-0.9460010183178181,0.4850498338870432,1204
40,156,-0.8,8,10,-0.5458361230200068,-0.7825700267279406,-0.3504281928363431,-0.9813936049875676,-0.9591869459826753,0.4885939444214019,2411
40,208,-0.8,8,10,-0.5462904631215807,-0.7336585292849176,-0.35010962165413106,-0.9864543413130347,-0.959038311357207,0.489171974522293,2355
40,156,-0.8,8,5,-0.5508284900009696,-0.7872774380301544,-0.3533004570642454,-0.9819950068136347,-0.9605061185143234,0.4888888888888889,2430
20,104,-0.4,13,5,-0.5514284880673782,-0.8104606374431765,-0.5569309293398441,-0.9991031633726842,-0.9976072138563679,0.47342672893039806,4497
20,156,-0.4,13,3,-0.5534826621545834,-0.7426375111108313,-0.547216119987135,-0.9993752654352756,-0.9971897745286719,0.49080882352941174,4352
40,208,-0.8,8,5,-0.5582546368753198,-0.749805460689952,-0.3546147932241639,-0.9866941240387404,-0.9610973568930107,0.48986486486486486,2368
40,104,-0.6,13,5,-0.5594260129105826,-0.8077094620033545,-0.5724121815364004,-0.9993775688045096,-0.9981618333570136,0.4777422790202343,4695
60,156,-0.4,13,3,-0.5605888517207845,-0.7887705571396335,-0.6543647293441024,-0.9999511542065617,-0.9996204507426673,0.4881442051778369,8266
20,52,-0.2,13,3,-0.561194655867457,-0.764194822619317,-0.6099191103502317,-0.9998210250683295,-0.9990693638902528,0.4861715080883632,5749
20,104,-0.4,13,3,-0.5653312808503423,-0.8303033958636734,-0.5654079456593946,-0.9993050120710923,-0.9979265089577354,0.47623220153340634,4565
60,104,-0.8,13,3,-0.5669361158634133,-0.7695302486636346,-0.4733515152529699,-0.9987395339169615,-0.9913835639041833,0.4834347532116295,2958
40,104,-0.6,13,10,-0.5847760617623964,-0.8444162688696182,-0.5820014220762681,-0.9994739117376397,-0.998446353746175,0.47594501718213056,4656
80,52,-0.6,13,5,-0.5859991935916269,-0.8545804685387042,-0.6055015886585213,-0.9998707991293633,-0.9989883292824874,0.4823338297008258,7387
20,156,-0.8,13,10,-0.6006681486749088,-0.7981987760108148,-0.34233509637722326,-0.9811588109077626,-0.9552628402032518,0.4836272040302267,1191
20,156,-0.8,13,5,-0.6006681486749088,-0.7981987760108148,-0.34233509637722326,-0.9811588109077626,-0.9552628402032518,0.4836272040302267,1191
20,104,-0.8,13,10,-0.603304366636707,-0.8106235219979535,-0.3246584402544884,-0.9597438583790728,-0.9455409552814701,0.479755538579068,1309
20,208,-0.8,13,3,-0.6110249424898,-0.779601193828084,-0.30381970924434487,-0.9635577660765255,-0.9317782045779165,0.4801762114537445,1135
40,156,-0.8,8,3,-0.616333696539098,-0.8791064099960701,-0.3827758823513546,-0.9872595206172997,-0.9720538087627765,0.4911717495987159,2492
20,104,-0.8,13,5,-0.629482477749357,-0.8435526130411174,-0.3339700921067671,-0.963681574288389,-0.9508679498258958,0.4794207317073171,1312
60,52,-0.8,13,3,-0.6385317943943253,-0.850796998436153,-0.4978373061421937,-0.9978904970493921,-0.993946161606779,0.48495085995085996,3256
40,104,-0.8,13,5,-0.6409178262244114,-0.8558977776370333,-0.45566646361868224,-0.9951829303714042,-0.9889927863348463,0.48543233082706766,2128
40,52,-0.6,13,3,-0.6467809156077008,-0.866933491815598,-0.6364892704256321,-0.9999353888902703,-0.9994483916184769,0.4857033930613801,5246
20,52,-0.2,13,10,-0.6599602515006122,-0.8919711805617873,-0.6351657502197843,-0.9998533215913982,-0.9994333263305115,0.48421807747489237,5576
40,52,-0.8,13,3,-0.664514763482571,-0.8472826756044404,-0.47147529026012924,-0.9962259347899208,-0.9911533584083865,0.48794442174090724,2447
40,52,-0.8,13,5,-0.669872671723053,-0.8454433884317281,-0.4634092358094539,-0.9950385984281739,-0.9901019961575492,0.48457963667089143,2367
20,52,-0.2,13,5,-0.6787247508248011,-0.9171261849075429,-0.6409520523522169,-0.9998697166385113,-0.9994966665425961,0.4846483398786148,5602
20,104,-0.8,13,3,-0.680515256716269,-0.9132761823982172,-0.35118742381778023,-0.9700914373515895,-0.9595392979765845,0.4789473684210526,1330
40,156,-0.6,13,3,-0.6849664117824132,-0.9475114791611239,-0.6074387731614412,-0.9997666609235781,-0.999024586193022,0.48419014841901487,4649
60,52,-0.4,8,10,-0.6861083960262299,-0.9250306295769471,-0.5818288767413798,-0.9997734716189425,-0.998441592573007,0.4783167362672663,9339
80,52,-0.6,13,3,-0.6897741443426401,-1.0182153574915271,-0.6536042719855915,-0.9999686073802684,-0.999614215560379,0.48629259543940556,7806
40,156,-0.8,13,3,-0.695514528610456,-0.8866667083531503,-0.49146402949240475,-0.9980120124906982,-0.9933527873993683,0.48828920570264767,1964
40,208,-0.8,13,10,-0.6991104559785708,-0.9118498433108357,-0.44207754151836254,-0.9959002286763539,-0.9867848178880948,0.4809707666850524,1813
40,208,-0.8,13,3,-0.700522480898698,-0.9112322155302796,-0.4307501616854056,-0.9948719715532387,-0.9846612006717752,0.4824986537425956,1857
40,156,-0.6,13,5,-0.7043724964247668,-0.9789008956792409,-0.6009831347373502,-0.9997369446122546,-0.9988991978430554,0.4840721764312765,4489
40,104,-0.8,13,10,-0.715459843475039,-0.953012734482845,-0.45346428125296934,-0.9946405119179752,-0.9886583115605263,0.48362600854295207,2107
40,52,-0.2,8,5,-0.7196710499188321,-1.0439506428471392,-0.6228052743464366,-0.9999098008717835,-0.9992745372330962,0.4781954887218045,9310
40,52,-0.8,13,10,-0.7280860350322256,-0.9183212985183709,-0.4773119130462229,-0.995734681409537,-0.9918525351884537,0.48305448305448306,2331
40,156,-0.4,13,3,-0.7289698290237282,-1.0035069429455672,-0.7118038718732238,-0.9999882707766237,-0.9999013552697934,0.4842363024181206,6534
80,104,-0.8,8,10,-0.7302188770027269,-1.0223921569499974,-0.4523923370636721,-0.9936283494414568,-0.9884923442282366,0.47979300147856085,4058
40,156,-0.8,13,10,-0.7302532760400028,-0.9396323612900503,-0.4734950184334964,-0.9970671373948987,-0.9914009558149588,0.48877284595300263,1915
40,156,-0.8,13,5,-0.7313728833002813,-0.9346808187274296,-0.4968551868995035,-0.9978623446058045,-0.9938578263413174,0.4875130072840791,1922
40,156,-0.2,8,10,-0.7354107453658568,-1.0040687371543158,-0.6439603428779883,-0.9998611592613299,-0.9995271056488348,0.4799688404184287,8986
40,52,-0.4,8,5,-0.736048605346319,-0.9882661080633545,-0.6254294993282175,-0.9999310329239487,-0.9993111331568738,0.4780126336248785,8232
40,156,-0.4,13,10,-0.7414586185155949,-0.9985091806246464,-0.707585367964275,-0.9999833596074009,-0.9998901338347094,0.48203400705806865,6234
60,52,-0.8,13,10,-0.7426036103582315,-0.9726895640384827,-0.5087704703279038,-0.9968184832151448,-0.9948577619149233,0.4799478317574177,3067
40,208,-0.6,13,3,-0.7442769038232345,-1.017800199821797,-0.6536173488368096,-0.9999048870695847,-0.9996143235249386,0.4787678767876788,4545
40,156,-0.4,13,5,-0.7477918396440969,-1.0068868706580925,-0.7171853424455937,-0.9999881157591518,-0.9999142211185728,0.4836311877273446,6323
20,208,-0.4,8,3,-0.7521861054566007,-1.0443122123121535,-0.5617933346096128,-0.9990928536365807,-0.997795185055662,0.48535708169207054,5839
40,208,-0.8,13,5,-0.7562136562071161,-0.9651018834672758,-0.46719660661279716,-0.9969146963886063,-0.9906083849920383,0.4807903402854007,1822
40,156,-0.6,13,10,-0.7610120548976843,-1.0584874948006848,-0.6194585859654435,-0.9998149044875577,-0.9992254348368091,0.4825425246195166,4468
20,52,-0.6,13,5,-0.7619310179378229,-1.0339606687496463,-0.5527337894065341,-0.9986268742436308,-0.9974339679787061,0.4822261072261072,3432
20,52,-0.6,13,10,-0.7628115978609343,-1.0333376714171874,-0.5527252839102823,-0.9986285971480837,-0.9974336061687102,0.48244587478057344,3418
40,52,-0.2,8,10,-0.7675132917946264,-1.0990376716978218,-0.637454534271855,-0.9999126189604831,-0.9994591592860884,0.4794550648209185,9102
20,208,-0.6,13,10,-0.7774501437902058,-1.0414101950495604,-0.5413270603772844,-0.998486933125886,-0.9969072109716222,0.47481764501563045,2879
40,104,-0.8,13,3,-0.7794330231740286,-1.0329559001954487,-0.5064419028346898,-0.997512741815536,-0.9946742672215726,0.4850985786336543,2181
40,208,-0.6,13,5,-0.7879111201937604,-1.0874420959424407,-0.6492528296227069,-0.9998862870436286,-0.9995768041969537,0.4750853242320819,4395
20,52,-0.2,8,5,-0.7976380629383686,-1.0894195004615688,-0.5957475887428352,-0.9997485423446135,-0.9987874959170149,0.4794425087108014,7175
60,52,-0.8,13,5,-0.798976778785605,-1.0295378988044988,-0.536421752521228,-0.9982673142121883,-0.9966534068104532,0.4801536491677337,3124
20,208,-0.6,13,5,-0.8000214308483362,-1.071492371089943,-0.54907311505992,-0.9986664291167616,-0.9972741103074779,0.4747054747054747,2886
40,208,-0.6,13,10,-0.8112355464811836,-1.1182414587384568,-0.6531176257337845,-0.9998928536915296,-0.9996101790945618,0.47567937885361955,4379
60,52,-0.2,8,10,-0.8122724418923878,-1.164829522723038,-0.6252273382146346,-0.9999001792067862,-0.9993083718824853,0.4781846513439813,10268
20,52,-0.6,13,3,-0.8145480572016538,-1.0995098304294761,-0.5760537922647264,-0.9990264155722499,-0.9982747791720853,0.4815027244049326,3487
40,208,-0.8,4,5,-0.8197853993589292,-1.0928364879244183,-0.36648685883569043,-0.9806218489848935,-0.9661002562561127,0.48023088023088023,3465
20,104,-0.6,13,10,-0.8203840933003779,-1.0798739647141349,-0.5485857279772206,-0.9982958005189178,-0.9972521903177737,0.4810951760104302,3068
40,208,-0.2,8,10,-0.8205776091489387,-1.170231025941713,-0.648519363063115,-0.9999190611506333,-0.999570198787878,0.4833572929337609,9043
40,208,-0.8,4,3,-0.8215237609958548,-1.08987660859475,-0.36880807575016883,-0.9793312612765049,-0.9670104114409774,0.481681340528259,3521
20,208,-0.6,13,3,-0.826157682983443,-1.106789413647092,-0.560924429392891,-0.998971485167253,-0.9977625648385889,0.473449811579308,2919
20,156,-0.6,13,10,-0.8265853864148339,-1.1287354169762784,-0.5404298018347753,-0.99896448251839,-0.9968620722875463,0.47580372250423014,2955
20,104,-0.6,13,3,-0.8280606957237641,-1.0909063564296806,-0.5575473778042852,-0.9986635693195456,-0.9976317864147964,0.48175416133162613,3124
40,208,-0.8,4,10,-0.8307322055362958,-1.1141109750870022,-0.36555502996731504,-0.9804162171145239,-0.9657288196936727,0.47949985460889794,3439
20,104,-0.8,8,10,-0.8365453649507109,-1.1271432674619872,-0.36580649424750233,-0.9701147204489459,-0.9658294011324747,0.48689823278488725,1641
40,52,-0.2,8,3,-0.8370711457119792,-1.18089517141608,-0.6640049208295791,-0.9999670849592248,-0.9996922593179056,0.47930082796688134,9783
20,104,-0.6,13,5,-0.8421746344891236,-1.109298340692315,-0.5561348311949944,-0.9984961035529195,-0.9975751540449188,0.48032520325203254,3075
20,156,-0.6,13,5,-0.8424800353111415,-1.1491827216230832,-0.5449749220456968,-0.9990380460456152,-0.9970849917793032,0.47548190733851875,2957
40,52,-0.6,8,10,-0.8450127786916516,-1.1369915273971696,-0.5838554980692099,-0.9994536677217806,-0.9984967259479758,0.4808137611644062,6046
60,52,-0.2,8,5,-0.8459915843295569,-1.2240810447689146,-0.6123802554738277,-0.9998542310325681,-0.9991120262152469,0.4805848286338175,10533
40,104,-0.6,8,10,-0.8472334950435667,-1.2276472110716754,-0.6104856537207688,-0.9996252551604491,-0.9990793384685247,0.47824603310015357,5861
20,156,-0.6,8,3,-0.8480431570168112,-1.1570043567836463,-0.516471073905254,-0.9980205605527779,-0.9954262061954952,0.4781750924784217,4055
20,104,-0.8,8,3,-0.8499084025683042,-1.1428696943570829,-0.36900617420429327,-0.9712146899115195,-0.9670870977589333,0.48548972188633616,1654
20,104,-0.8,8,5,-0.8525668456395259,-1.1438081764062635,-0.37068388417927356,-0.9717773160120057,-0.9677304001165127,0.48722627737226276,1644
20,156,-0.6,13,3,-0.8536832824511386,-1.169685077893029,-0.5477841587925096,-0.9990812156059289,-0.9972158084598989,0.4769846564376251,2998
80,104,-0.8,8,3,-0.8553094428814624,-1.1604128986140188,-0.5202973982011472,-0.9977848081774923,-0.9956878379259476,0.4877934272300469,4260
40,208,-0.2,8,5,-0.8655144350246105,-1.2425133392490397,-0.6644903417144175,-0.999946799865931,-0.9996955404011869,0.4835547810934437,9182
40,156,-0.6,8,5,-0.866223923909615,-1.182646357649107,-0.6083468672114423,-0.9996011635799806,-0.9990411916318577,0.47960251046025104,5736
80,52,-0.6,8,10,-0.8823465588576486,-1.2621657425034887,-0.5775825149127878,-0.9994703289036057,-0.9983203726139652,0.47879666545849947,8277
20,156,-0.8,4,3,-0.8903693999878474,-1.2105278720957584,-0.3349123508866836,-0.9662858043496022,-0.9513809646218271,0.47619047619047616,2331
80,52,-0.4,8,10,-0.8948681258542237,-1.2382695816044975,-0.6042260659610738,-0.9997112802655562,-0.9989638247296906,0.4790508339952343,10072
60,52,-0.6,8,10,-0.9024405932182117,-1.2656244364341367,-0.5938880035152535,-0.9996736576203686,-0.9987455279458414,0.48157248157248156,7326
20,208,-0.6,8,3,-0.9026663948012082,-1.2583425515480908,-0.533135333098239,-0.9981912222374285,-0.9964734579396383,0.4743426091396477,3917
40,52,-0.4,8,3,-0.9045301259444112,-1.2456780216213594,-0.6638875946748863,-0.9999620452875763,-0.9996914617059499,0.48116959064327486,8550
60,104,-0.8,8,10,-0.9048138671264745,-1.2380693966263365,-0.48139095809240595,-0.9972976677594672,-0.9923123095263883,0.47833827893175074,3370
20,208,-0.6,8,5,-0.9053786525803017,-1.2647936244672815,-0.5316945979170138,-0.9981446477035985,-0.9963919684726683,0.4733142410830513,3841
40,208,-0.4,8,3,-0.909121760042602,-1.2980394122945214,-0.6573921605616454,-0.9999301240880692,-0.9996444172658124,0.4853352805160034,8217
60,156,-0.6,8,5,-0.912014338473949,-1.2379857041446534,-0.6209411820667983,-0.9997391031230716,-0.9992475309158999,0.48324294256709777,7191
20,208,-0.6,8,10,-0.9201540797268289,-1.2836833872392508,-0.5360246232544811,-0.9982681264938943,-0.996632092878803,0.472684703433923,3844
20,52,-0.2,8,10,-0.9211772262613314,-1.2481893897343213,-0.6286028239890878,-0.999854538500385,-0.9993532441394267,0.48122098748065834,7109
80,104,-0.8,8,5,-0.9303583376471062,-1.2846070935708305,-0.5192119497018635,-0.997448862726587,-0.9956149687832851,0.48010674429888406,4122
40,52,-0.8,8,5,-0.9317487394261198,-1.1902713107441925,-0.4939590650468819,-0.9969947099130766,-0.9935908144642878,0.4983240223463687,2685
40,104,-0.6,8,5,-0.9340566780730184,-1.3308187595319838,-0.6321786942404073,-0.9997549672698336,-0.9993980111670464,0.47765975383577813,5931
20,52,-0.2,8,3,-0.9380845738496395,-1.2900085497338127,-0.645736285443163,-0.999901460107549,-0.9995443169128531,0.4783015088796902,7489
60,52,-0.4,8,5,-0.9383286481565092,-1.295404670385156,-0.6474223753200488,-0.9999415740251739,-0.9995601531813553,0.4761854804867814,9532
60,104,-0.6,8,10,-0.9395861661892251,-1.3587517457956995,-0.6450855449670696,-0.9998304345209679,-0.9995380743653998,0.4764894656062509,7167
20,156,-0.6,8,5,-0.9408614074744321,-1.2813278867633102,-0.5380068322855054,-0.998594388062477,-0.9967373200353704,0.4778251064896016,3991
40,104,-0.8,8,10,-0.9413144461324812,-1.2965776971031495,-0.48249172859789824,-0.9952298522925342,-0.9924324684429718,0.4809190031152648,2568
60,104,-0.2,8,10,-0.9423226544490497,-1.3040929335788782,-0.6567029018961308,-0.9998848434360097,-0.999639079159569,0.480530802014723,10324
40,52,-0.8,8,10,-0.9507251747239341,-1.2167197928273117,-0.4968283103459007,-0.9970003944593886,-0.9938553933783127,0.4931972789115646,2646
40,156,-0.2,8,3,-0.9571423260692998,-1.309048773286978,-0.7025245374114006,-0.9999668808198531,-0.9998752288446757,0.481614539306847,9464
20,208,-0.4,8,10,-0.957525896199333,-1.3021359978197369,-0.6122014725552394,-0.999597696568977,-0.9991089851819308,0.48241294407316215,5686
40,156,-0.2,8,5,-0.9580735547142946,-1.2905000707834404,-0.7092998866881639,-0.9999711148713616,-0.9998948209843888,0.48032014033548953,9121
80,208,-0.4,8,3,-0.9612485145461821,-1.387051391077933,-0.6420665736109685,-0.9998951193726651,-0.9995081356455989,0.48507893723527146,10388
40,104,-0.8,8,5,-0.9617642118732732,-1.3231017206829105,-0.4870298972108107,-0.9954845420357928,-0.9929108605761301,0.48142414860681115,2584
20,156,-0.6,8,10,-0.9662731749008892,-1.3152341192542718,-0.5441721875981358,-0.9987276513153438,-0.997046648188855,0.4768611670020121,3976
20,156,-0.8,4,5,-0.9673257793289235,-1.3021894251196708,-0.351239864480538,-0.9715760771543526,-0.959563537729536,0.4764808362369338,2296
40,104,-0.2,8,10,-0.9684134978909652,-1.3250368789303106,-0.7052131697233841,-0.9999512296458667,-0.9998833513082324,0.4797275024722558,9101
20,156,-0.8,4,10,-0.9689804200835215,-1.3053435229635846,-0.351260629882047,-0.9715828217209547,-0.9595731326898945,0.47619047619047616,2289
20,208,-0.4,8,5,-0.9693025262692614,-1.3163592746570043,-0.6164018962550648,-0.999624410801084,-0.9991781010444003,0.48283111422564823,5708
20,104,-0.6,8,5,-0.975190582063628,-1.2826826261273785,-0.5613085222940406,-0.9986699697812802,-0.9977770354780484,0.48497434644515025,4093
20,52,-0.4,8,10,-0.9767877259879477,-1.2735183676989847,-0.6196826857134101,-0.999783559717996,-0.9992288103181771,0.48226477935054124,6005
20,208,-0.2,8,5,-0.9773951677077644,-1.3180513897714896,-0.661315578882254,-0.9998673342459481,-0.9996735213580618,0.4857758620689655,6960
40,156,-0.8,4,3,-0.9830753212768112,-1.3366720710397646,-0.44119333225117185,-0.9915039361301883,-0.9866287473749483,0.4794069192751236,3642
80,208,-0.4,8,5,-0.9866885434630019,-1.4500743431619532,-0.6372389516585886,-0.999887384466894,-0.9994567703343428,0.4895628200078771,10156
40,156,-0.8,4,10,-0.9866901252438363,-1.364699934591041,-0.4304088660105916,-0.9899543473602817,-0.9845928861817144,0.4757446808510638,3525
40,156,-0.6,8,10,-0.9879381178002,-1.3515252153986426,-0.6378596313722368,-0.9997768830627576,-0.9994636237420546,0.48019714838936806,5681
80,104,-0.4,8,10,-0.9996345858007603,-1.4625271490660758,-0.631236504787039,-0.9997690279961372,-0.9993864841275215,0.4769983035625187,10021
60,104,-0.8,8,5,-1.0001967088136605,-1.3560739014759704,-0.5188245981674677,-0.9982851132807729,-0.9955887081588821,0.47616262064931264,3419
80,104,-0.2,8,10,-1.0031602909826187,-1.371607942365742,-0.6348709844587036,-0.9997240785341729,-0.9994299230449303,0.4824867045662938,10906
80,208,-0.4,8,10,-1.0040535334224112,-1.4366904531558287,-0.6487427330529506,-0.9998845586008409,-0.9995722197792588,0.4845247603833866,10016
20,52,-0.4,8,5,-1.0097648948182893,-1.3125273596852964,-0.6326022722921703,-0.999828262929863,-0.9994031319913471,0.48159762337019313,6059
40,208,-0.2,8,3,-1.0104397043814497,-1.447147424665458,-0.7049873244029055,-0.9999738349849183,-0.9998826870934121,0.4808743169398907,9516
80,52,-0.2,8,10,-1.013590479725991,-1.4527466803576858,-0.6376585026802932,-0.9999134832983378,-0.9994614111634658,0.47669200476234086,10919
20,208,-0.2,8,10,-1.0145582910501496,-1.3678672447871947,-0.6699343783399756,-0.9998896554851702,-0.9997303164478264,0.48508430609597925,6939
40,156,-0.8,4,5,-1.0146801027808259,-1.3881690044727917,-0.4420451725715212,-0.9915783851103894,-0.9867791324082994,0.47470489038785835,3558
40,156,-0.6,8,3,-1.0172496571600178,-1.3822857834788038,-0.6506880508812896,-0.999842733634423,-0.9995894757540779,0.480823982582482,5971
60,52,-0.2,8,3,-1.017712422905478,-1.4562544649409626,-0.6879667346066849,-0.9999802499804494,-0.9998221905259357,0.47780438386443175,10858
40,52,-0.6,8,5,-1.0183830395212672,-1.3664707562326166,-0.6407995184334483,-0.9997916548112655,-0.9994950790198075,0.4763913678403375,6163
60,104,-0.6,8,3,-1.0227711753672402,-1.4935749045088218,-0.6720339944481877,-0.9999133885542991,-0.9997427789157209,0.4840397697540555,7644
20,208,-0.2,8,3,-1.02487730458227,-1.3964610744961765,-0.6865478350216004,-0.9999334956946774,-0.9998161077292465,0.48466768419592066,7207
20,104,-0.6,8,10,-1.0257728058957518,-1.3427141018623174,-0.5718354833589383,-0.9988891544147309,-0.9981433727665251,0.4850343473994112,4076
20,52,-0.4,8,3,-1.0291538945285572,-1.3333833390970335,-0.6469204558410955,-0.9999000316089331,-0.9995554895682278,0.48284665709270785,6267
20,104,-0.4,8,5,-1.0313180645728524,-1.4098479611093389,-0.6410300441946691,-0.9997905122542562,-0.9994974765862742,0.4760122490643076,5878
20,104,-0.4,8,10,-1.0361295803977857,-1.4162543470067914,-0.640756339088633,-0.9997893251086333,-0.9994946288375004,0.47541823147832024,5858
80,104,-0.6,8,10,-1.040778461125067,-1.490581989186333,-0.6614248262403952,-0.9998555703453295,-0.9996743013312872,0.4780403315600643,8083
60,156,-0.6,8,10,-1.0455156279159006,-1.4118060767452187,-0.6524269614544862,-0.9998651985098992,-0.9996043877075302,0.48243757934828607,7089
20,104,-0.2,8,5,-1.055600221201239,-1.4451735421312315,-0.6629292114215577,-0.999872757487036,-0.9996848791302847,0.484174989449993,7109
40,208,-0.6,8,3,-1.0567282635356354,-1.5135629174759913,-0.661143380758278,-0.9998645043197837,-0.9996722886659267,0.47533174549166385,5878
20,104,-0.2,8,10,-1.057233823462919,-1.4526248879465644,-0.6614515305727733,-0.9998685631681998,-0.9996744917419134,0.4831873410567957,7078
80,156,-0.2,8,5,-1.0622376722160158,-1.4781474707507702,-0.644604196342965,-0.9998428143422433,-0.9995334093182761,0.4860375981018434,10958
20,156,-0.4,8,5,-1.0674449305435636,-1.4571721086386604,-0.6302955170234446,-0.9998390533173852,-0.9993747816941096,0.4779513888888889,5760
20,52,-0.8,13,10,-1.0679150190299338,-1.3316663546352239,-0.49619087465984824,-0.9940372236896958,-0.993797445492288,0.46588693957115007,1539
40,104,-0.6,8,3,-1.068297919654099,-1.4907153406672342,-0.6848024327869459,-0.9999198825305694,-0.999808378959937,0.4812764571800716,6142
40,104,-0.2,8,5,-1.06861572455798,-1.4496183371260247,-0.7271235989839637,-0.99997151577046,-0.9999342046199582,0.47925177381208345,9302
60,208,-0.8,4,10,-1.0708761210234448,-1.4723907058246488,-0.45424898305257777,-0.995862898982606,-0.988778489035138,0.47594768344047883,4511
20,104,-0.6,8,3,-1.0762276087246965,-1.4046259356084223,-0.5879916849914675,-0.9991633713954271,-0.9986040352260204,0.4851674641148325,4180
80,156,-0.6,8,5,-1.0769453381145768,-1.4885233814383934,-0.6585772075194088,-0.9998794890424266,-0.9996534355343787,0.48338405356055997,8215
80,208,-0.2,8,5,-1.0775749174440632,-1.5921367148454983,-0.6358786479960749,-0.9999055263480048,-0.9994414846858455,0.48522592962996636,10999
60,208,-0.8,4,5,-1.080631025347325,-1.4666697438660532,-0.46197895024609803,-0.996127890161597,-0.989904708406052,0.47759226713532515,4552
60,104,-0.8,8,3,-1.0813398172344804,-1.4101526125720376,-0.5567342088151803,-0.9992125141765472,-0.9975993259996389,0.47855722806021017,3521
20,52,-0.6,8,5,-1.0840596719783684,-1.4522126568321652,-0.596608386959983,-0.9990767297993366,-0.9988065078327782,0.474183838851586,4319
20,104,-0.2,8,3,-1.0865775035865621,-1.4953870224024934,-0.6875764066329324,-0.9999233449772974,-0.9998205348137891,0.48062120189061447,7405
60,104,-0.4,8,10,-1.0909147868330853,-1.570077408019782,-0.6797166594100748,-0.9999310781336804,-0.9997842343752169,0.47420677746600476,9266
20,52,-0.8,13,3,-1.0934694428862308,-1.3587007256538037,-0.5033580605894292,-0.9946381673461578,-0.9944225546010815,0.46717654557042704,1569
40,208,-0.4,8,10,-1.0942605846630802,-1.4696638095078765,-0.7177755530554673,-0.9999822164148923,-0.999915539492092,0.4832904884318766,7780
20,156,-0.4,8,10,-1.095206362945423,-1.4919516799803803,-0.6370100732572654,-0.9998595037510222,-0.9994542240613925,0.476314872866597,5742
20,104,-0.4,8,3,-1.0955052159981673,-1.4930227015541764,-0.6660478341230627,-0.9998790753768322,-0.9997058644363727,0.47563384919328283,6074
80,156,-0.6,8,10,-1.0957332110032492,-1.5211361796653622,-0.6546172560538119,-0.9998796645295784,-0.999622501897252,0.481435489879548,8053
60,156,-0.8,4,3,-1.096782629019241,-1.4809321217544855,-0.4932514290149471,-0.9962716900882549,-0.9935240671523805,0.48105263157894734,4750
40,104,-0.8,8,3,-1.1049531786326392,-1.4691285224076223,-0.550167414738121,-0.9980819824188449,-0.9973227755044345,0.4750943396226415,2650
60,156,-0.8,4,10,-1.1063578003603374,-1.5208865780605243,-0.4799016749886078,-0.995052196969975,-0.9921471158192843,0.4770541958041958,4576
60,208,-0.4,8,5,-1.1091278430758205,-1.5738805464984134,-0.6826892820198769,-0.9999481638222292,-0.9997986470216409,0.4829368069759931,9289
40,208,-0.4,8,5,-1.1092789683419257,-1.507813607193514,-0.7172140106326943,-0.999980904881753,-0.99991428556457,0.48314892534655984,7863
20,52,-0.8,13,5,-1.1095028270454645,-1.382448788761738,-0.5073069883336474,-0.9949463093595571,-0.9947430877780383,0.46532728451069344,1543
60,52,-0.8,8,10,-1.1112421442398688,-1.4402178442289544,-0.5607937279361502,-0.998881790410998,-0.9977576221337754,0.4865878280934526,3467
40,208,-0.6,8,10,-1.1127853682079747,-1.5639738641311296,-0.668050986510746,-0.9998906437266378,-0.9997186963492826,0.4751469802244789,5613
40,104,-0.2,8,3,-1.1130704500610114,-1.6097510599379599,-0.7421884302928681,-0.9999856986965098,-0.9999568145760679,0.47372210223182143,9723
80,104,-0.2,8,5,-1.1141887307079437,-1.5987060584576744,-0.6520353806626893,-0.9998358674021282,-0.9996010712608403,0.48264984227129337,11095
60,208,-0.2,8,5,-1.121276360805126,-1.6663009848067354,-0.684332013902802,-0.9999501379333774,-0.9998062484535426,0.4822422729890574,10418
60,156,-0.4,8,3,-1.1218991379122798,-1.5832986018606245,-0.7092441557468194,-0.9999762118717549,-0.9998946713932929,0.48610253242742435,9714
40,208,-0.6,8,5,-1.1232576274973765,-1.578350432006388,-0.6721438066244294,-0.9999060445627763,-0.9997434167683498,0.47597173144876326,5660
80,156,-0.4,8,5,-1.1232723030485232,-1.5994751490367451,-0.6714150474120477,-0.9999182167946822,-0.9997391579935306,0.48128867498281114,10181
80,52,-0.2,8,5,-1.1276451275388986,-1.578757258804569,-0.6714061018727833,-0.9999434047705509,-0.9997391053393643,0.47817513668548894,11157
60,156,-0.6,8,3,-1.1340518848654333,-1.5525316850046655,-0.6892328456729016,-0.9999468593683511,-0.9998274705685205,0.4847115128955065,7522
60,208,-0.8,4,3,-1.1364102456927148,-1.5403439546272018,-0.48078555071328466,-0.9963780413287218,-0.9922455230938679,0.4772727272727273,4664
80,208,-0.8,4,5,-1.1366784939502634,-1.5983582373942415,-0.4986815396900163,-0.996870102714088,-0.9940212143616497,0.4733836802357709,5429
60,104,-0.2,8,3,-1.1370565511513937,-1.6080494047156795,-0.7079484301322367,-0.9999783198167523,-0.9998911411731906,0.4838531094297841,10838
20,156,-0.2,8,5,-1.1378537791581693,-1.543910517789873,-0.7051606450347706,-0.9999410988031675,-0.9998831971233145,0.47757035385901364,7178
20,52,-0.6,8,10,-1.138390138937696,-1.523622313646288,-0.6090874576650138,-0.9992923874955446,-0.9990545524809835,0.47348837209302325,4300
80,156,-0.8,4,5,-1.138760879862446,-1.5754983573227004,-0.5030891163744375,-0.995678032681061,-0.9944001226577327,0.47834788937409023,5496
40,104,-0.4,8,10,-1.1395043726193368,-1.6256503904244286,-0.7101169738578819,-0.9999589669817859,-0.9998969931759363,0.46999368288060644,7915
60,208,-0.2,8,10,-1.1404378342750656,-1.6687244409549338,-0.6995427134971399,-0.9999708100700401,-0.9998656526656878,0.48173828125,10240
80,208,-0.8,4,10,-1.1473407219487155,-1.6294410347042656,-0.4994845462760833,-0.9969008103534566,-0.9940918536914795,0.47382150177007637,5367
60,156,-0.2,8,10,-1.149974630748622,-1.5223213596510365,-0.7228953750550777,-0.9999767157159567,-0.9999262596413794,0.48157610297730175,10177
60,208,-0.4,8,3,-1.1509364779986342,-1.6261383014460338,-0.7030349932579676,-0.999974240077427,-0.9998768075115567,0.4833195192706175,9652
20,156,-0.4,8,3,-1.154216586414606,-1.5674806119893159,-0.6557523783438568,-0.999905271990684,-0.9996316039789809,0.4797902925756807,5913
20,156,-0.2,8,10,-1.1582261270546697,-1.5660278413227646,-0.7081104229854378,-0.9999456459373095,-0.9998915880480591,0.47719298245614034,7125
60,104,-0.6,8,5,-1.1594169154927592,-1.59114836846371,-0.7064808093772814,-0.9999589164515368,-0.9998870194148062,0.47675690456658465,7314
80,156,-0.2,8,10,-1.1617309673990197,-1.5985071686512409,-0.6764537468383546,-0.999932835276068,-0.9997673948585002,0.4840169992609017,10824
60,52,-0.6,8,5,-1.1623487255507237,-1.6141831479517235,-0.6752742201571189,-0.9999553072051249,-0.9997610337841242,0.4766604427847426,7498
80,104,-0.4,8,3,-1.1644303550070487,-1.6881987900237205,-0.7013389677454551,-0.9999606810041539,-0.9998714945901744,0.48257525401196466,10531
60,156,-0.8,4,5,-1.1650098310045693,-1.5816716536720201,-0.500354092945408,-0.9963921026934278,-0.9941675310924317,0.47656081227046876,4629
80,156,-0.6,8,3,-1.1708506009496256,-1.6190430437292493,-0.6890665530702685,-0.9999340819220361,-0.9998267849148257,0.48499765588373184,8532
20,52,-0.8,8,3,-1.1713482567347877,-1.5576491858237822,-0.447977036877547,-0.9882957234272617,-0.987786377895869,0.47191629955947134,1816
40,52,-0.8,8,3,-1.1724438954079064,-1.4722671217341163,-0.554146750435857,-0.9986741278576768,-0.9974934639280352,0.4941860465116279,2752
20,52,-0.8,8,5,-1.172517901855365,-1.5593256067725976,-0.4439161762385635,-0.9876421041799893,-0.9871043145118948,0.4752252252252252,1776
80,52,-0.4,8,5,-1.1750770899037,-1.6522415781053956,-0.6751041650501272,-0.9999315876234979,-0.99976010439556,0.4798102062554469,10327
20,52,-0.6,8,3,-1.1776678213476057,-1.6027680140924867,-0.6310667154021792,-0.9994859826907709,-0.9993843866940356,0.47368421052631576,4446
80,156,-0.4,8,10,-1.1783748572608204,-1.6521765913108368,-0.6832381640475081,-0.9999284499262993,-0.999801215064927,0.47950819672131145,10004
60,104,-0.4,8,5,-1.178375666472138,-1.6878470759739292,-0.7020875526967876,-0.9999618584900101,-0.9998738635250596,0.47254964426038015,9417
40,104,-0.4,8,3,-1.184915898424431,-1.6796829329366623,-0.7291994287897888,-0.9999834585074905,-0.9999378262216044,0.47761551352645437,8354
20,52,-0.8,8,10,-1.1880088872523167,-1.577660183315127,-0.4479077257594858,-0.9882848234986316,-0.9877750036252404,0.47401129943502823,1770
80,156,-0.4,8,3,-1.1911361567414243,-1.6802919957469888,-0.7031906863731028,-0.9999623911748794,-0.9998772855652207,0.48579654510556625,10420
60,104,-0.4,8,3,-1.1914111894732158,-1.6961642954607636,-0.7209261105625542,-0.9999837945903788,-0.9999222846518474,0.47890640999385625,9766
60,208,-0.2,8,3,-1.1951402701427052,-1.706063815113595,-0.7210212763305347,-0.999987805019955,-0.9999224809209164,0.48728695166247554,10737
40,156,-0.4,8,10,-1.208592041505556,-1.665992425276008,-0.7135890985918141,-0.9999778140868398,-0.9999057966784001,0.4804361770365619,7795
20,156,-0.2,8,3,-1.209797406630284,-1.645964606977445,-0.7233562698390432,-0.999965026862634,-0.9999271641358017,0.47557179591284343,7389
80,208,-0.2,8,10,-1.2112126878161626,-1.759429057422617,-0.6781304593716178,-0.9999694841789046,-0.9997761848742716,0.48212962962962963,10800
40,156,-0.4,8,5,-1.2120109461721875,-1.6749154105821271,-0.7257378950394624,-0.9999832500705627,-0.999931686720876,0.4797527437870569,7927
60,52,-0.4,8,3,-1.212128051328849,-1.6603629445859787,-0.7303575008605584,-0.9999904074396052,-0.9999397706886157,0.47635814889336014,9940
60,104,-0.2,8,5,-1.2153124792544556,-1.6694815308278437,-0.7244217518708631,-0.9999816270737648,-0.9999292184594655,0.4778845239227623,10513
80,156,-0.8,4,10,-1.2277003043282453,-1.6958173749542111,-0.5209186534246583,-0.9966897389792789,-0.9957290712325062,0.47779620416436336,5427
60,52,-0.8,8,5,-1.2294741069290496,-1.5767600962954296,-0.5892552406679842,-0.9992043873586672,-0.9986354658111783,0.48610323312535453,3526
80,104,-0.2,8,3,-1.233190734335741,-1.7408417977342352,-0.7156933810210362,-0.9999667582646627,-0.9999108087980301,0.4852563534933144,11293
40,52,-0.6,8,3,-1.2334828451221302,-1.6686254170091037,-0.7024470259471003,-0.9999565195796946,-0.9998749876040987,0.47463711565475264,6407
60,156,-0.2,8,3,-1.2337736284849055,-1.7341735203222717,-0.7346680869369252,-0.9999837230792782,-0.9999465536951045,0.48326028163760143,10723
60,208,-0.6,8,10,-1.234565804962873,-1.7583110121657313,-0.6997273326812858,-0.9999564135996485,-0.9998662635034232,0.4758269720101781,7074
80,208,-0.2,8,3,-1.2347569785665693,-1.765488457711162,-0.7051044571907301,-0.9999687565551347,-0.9998830319901405,0.4821284600913733,11163
80,52,-0.8,8,10,-1.2368049018588354,-1.6552480145119357,-0.6107620327921799,-0.9995959673061129,-0.9990841707476027,0.4754453538757824,4154
80,156,-0.2,8,3,-1.2396138939741375,-1.7594480223843123,-0.7185505580659985,-0.9999781979226569,-0.999917244001509,0.48543516873889875,11260
60,208,-0.4,8,10,-1.2408926744760322,-1.7109834903157763,-0.7243802329076706,-0.9999848735625165,-0.9999291393570293,0.4816633922724296,9162
80,208,-0.8,4,3,-1.2464131113133292,-1.7135125544088783,-0.5360892595160425,-0.9981270916710382,-0.9966355698877851,0.4744642857142857,5600
60,208,-0.6,8,5,-1.2503406484861288,-1.7834374779974016,-0.7077129264842992,-0.9999665898709197,-0.9998904886687289,0.4751358127872963,7179
60,156,-0.4,8,10,-1.2520810212215403,-1.7367334628345295,-0.7153996560847347,-0.9999777227991742,-0.9999101233515633,0.48036319877475114,9141
40,104,-0.4,8,5,-1.2556613705002706,-1.7741434140832528,-0.7406598483290285,-0.9999820488858634,-0.9999548797152853,0.470976581963129,8028
60,156,-0.4,8,5,-1.2566722735932052,-1.7563296835673812,-0.7198240662226347,-0.9999770973272559,-0.9999199802961092,0.4802702123096719,9326
60,156,-0.2,8,5,-1.2587541811600562,-1.718563766332189,-0.7319577631681379,-0.9999840563350493,-0.999942370927149,0.4801961161315132,10402
80,104,-0.4,8,5,-1.2592267606266627,-1.8188658699745965,-0.6901522381512497,-0.9999451820973639,-0.9998312191708545,0.480078125,10240
80,52,-0.8,8,5,-1.2845771480325059,-1.7006374406629883,-0.6188614948924749,-0.9996034386147932,-0.9992163787386177,0.47586531669413706,4247
40,156,-0.4,8,3,-1.2921866749168498,-1.805367810957742,-0.7532482577727221,-0.9999921346803807,-0.9999687998561629,0.47479143997098294,8271
80,104,-0.6,8,5,-1.2933308456645844,-1.8072146757649667,-0.7258316021563369,-0.9999705990693022,-0.9999318595808695,0.47632850241545893,8280
20,104,-0.8,4,3,-1.3068711968623254,-1.632766225866874,-0.44695928052404155,-0.9888127655530029,-0.9876184362391008,0.4669694467382329,2422
80,104,-0.6,8,3,-1.3127547633000385,-1.86626901482727,-0.7184332459601954,-0.9999732471954532,-0.9999169879183927,0.4785697647332868,8586
20,104,-0.8,4,5,-1.313187551947903,-1.6343647914271497,-0.44681607914850285,-0.9886145431681412,-0.9875946467739205,0.46462955211385515,2389
20,104,-0.8,4,10,-1.335520439608168,-1.6619265930000546,-0.4503932398285385,-0.9891492098136866,-0.988177208255128,0.4636095919225915,2377
60,52,-0.8,8,3,-1.3439498807474644,-1.7149436740268915,-0.621214352212389,-0.9996077346477009,-0.9992515420773527,0.4823529411764706,3655
60,52,-0.6,8,3,-1.3533965483298434,-1.84745879027026,-0.7297875755572556,-0.9999877283693115,-0.9999388204316708,0.47567156614292955,7892
40,104,-0.8,4,10,-1.3616115825779733,-1.803982225079506,-0.5380646186763166,-0.9974949440709483,-0.9967403445014666,0.4622563821026626,3643
80,52,-0.8,8,3,-1.3665949656861083,-1.7973809764852642,-0.6428192292243381,-0.9996997131430915,-0.9995157524063539,0.47481851179673323,4408
80,52,-0.4,8,3,-1.3828848153674245,-1.9612532873068407,-0.7451754735805491,-0.9999881783643957,-0.9999603892457064,0.47521673577082546,10612
60,208,-0.6,8,3,-1.3947566826202045,-1.9745797453078742,-0.7436894484804859,-0.9999871992475567,-0.9999586442750895,0.4749665327978581,7470
80,52,-0.6,8,5,-1.398235997741693,-1.9622328369383022,-0.7180504201727951,-0.9999743353562671,-0.9999161474647558,0.4730461393596987,8496
60,104,-0.8,4,10,-1.406686945103509,-1.8421069122397953,-0.5471795465217194,-0.9986036533298533,-0.9971880911289067,0.4619857850527676,4643
80,208,-0.6,8,10,-1.4312504288103172,-2.002520575276299,-0.7261962656509907,-0.9999770121055584,-0.9999325286732738,0.47970941883767537,7984
80,208,-0.6,8,3,-1.4461590620116196,-2.008025086618659,-0.75100573054521,-0.9999882757017676,-0.9999666352775715,0.47650688182249645,8428
80,52,-0.6,8,3,-1.4494413209293933,-2.0109341100247518,-0.7442175698495624,-0.9999747537099637,-0.9999592718891799,0.4777264012631104,8867
80,156,-0.8,4,3,-1.459242740723504,-1.908316548355039,-0.5882241465596849,-0.9989541260936063,-0.9986098642027894,0.47966907234641787,5681
80,208,-0.6,8,5,-1.4861658203937915,-2.059287940799584,-0.7391203971082154,-0.9999859893898047,-0.9999528557459264,0.48164014687882495,8170
80,104,-0.8,4,10,-1.4914716103036323,-2.0233401780905464,-0.576827486482665,-0.9987625355137312,-0.9982979862691272,0.4662149789415858,5461
80,52,-0.8,4,5,-1.4951011445580262,-2.4081015486681805,-0.6690109854040123,-0.9997967585778365,-0.9997246723069236,0.46400439640959884,5459
60,104,-0.8,4,5,-1.4955773740641265,-1.943374884015047,-0.5701838421933836,-0.9990217214587018,-0.9980896120500301,0.46470462785242056,4689
40,104,-0.8,4,5,-1.497314191363972,-1.9412867849244382,-0.5589907066471083,-0.9982223097075801,-0.9976884673935374,0.4616225075116088,3661
20,52,-0.8,4,3,-1.5071080643482009,-1.9350616447673619,-0.4773941402967108,-0.9927007407073136,-0.9918620332502758,0.4603434178250204,2446
60,104,-0.8,4,3,-1.5087472219918716,-1.9743449234237052,-0.5817232978785654,-0.9991185812675831,-0.9984386730355267,0.465699481865285,4825
80,52,-0.8,4,3,-1.5118143005573692,-2.415711642727839,-0.6805664034555716,-0.9998369642853863,-0.9997884426220273,0.46224906732989873,5629
80,104,-0.8,4,5,-1.5147729471100089,-2.0581514572594726,-0.5898320213328057,-0.9990211173989795,-0.9986496083133455,0.4677128427128427,5544
80,52,-0.8,4,10,-1.5232571840771272,-2.456910035947441,-0.6706163243852639,-0.999756475716466,-0.9997344202475414,0.4627450980392157,5355
80,52,-0.2,8,3,-1.5441224118979486,-2.131435313542099,-0.7705794010584387,-0.999994988649974,-0.9999818170313888,0.4780612695329743,11327
40,52,-0.8,4,3,-1.556049685340735,-1.9344062776449193,-0.5498970865629715,-0.9984322313135019,-0.9973108240506389,0.4724453060094157,3611
40,52,-0.8,4,5,-1.5696083809594576,-1.9283436836777097,-0.5510736888580566,-0.998296972383059,-0.9973625081023069,0.4742647058823529,3536
20,52,-0.8,4,10,-1.5811061045644377,-2.0091497925351107,-0.4873742219818965,-0.9936578080361127,-0.9929460646878577,0.45944816053511706,2392
20,52,-0.8,4,5,-1.5853335474130432,-2.0102263500566298,-0.48729974356965644,-0.9936509731678175,-0.9929384627863233,0.45984186433624635,2403
40,52,-0.8,4,10,-1.5895003796491811,-1.9434204477486643,-0.5499906952224622,-0.9982955105694011,-0.9973149677878386,0.4742562929061785,3496
40,104,-0.8,4,3,-1.6012783967308712,-2.078887968865086,-0.5880420433603132,-0.9989582842204726,-0.9986052997536844,0.4580886278697277,3746
80,104,-0.8,4,3,-1.6245834180499599,-2.1843686651932743,-0.6146129304069838,-0.9994079383835963,-0.9991492538188617,0.4710323033707865,5696
20,208,-0.2,4,5,-1.7378293359040096,-2.2908041826813337,-0.7013246594009921,-0.9999310023009399,-0.9998714489384277,0.46843048381996416,9487
40,104,-0.6,4,5,-1.7487261534344738,-2.4324647679585842,-0.6932068023143556,-0.9999184361682197,-0.9998431722423852,0.46475492673067204,7916
20,208,-0.2,4,10,-1.7600410672450824,-2.3140582045872606,-0.705737189661626,-0.999936863183351,-0.9998848799405937,0.4669706287774361,9431
20,208,-0.4,4,10,-1.7875701146003142,-2.4427684393419553,-0.6798340766271991,-0.9998535771834701,-0.9997848201457945,0.4630755864465682,8057
20,208,-0.4,4,5,-1.801573227972129,-2.4800496665848484,-0.6836937241703298,-0.9998699829163593,-0.9998033249181008,0.46212859230394543,8212
20,208,-0.6,4,5,-1.8075109287986995,-2.489837679269823,-0.6549168663867817,-0.9997428784647552,-0.9996249230453262,0.4655919570116138,5769
40,104,-0.6,4,3,-1.8409225343289035,-2.4768987345884104,-0.72103274693193,-0.9999614307167678,-0.999922504548803,0.465087890625,8192
40,104,-0.6,4,10,-1.8410970092372472,-2.498336384752228,-0.7070387511267454,-0.999942657554038,-0.9998886020036165,0.463371130080265,7849
20,104,-0.6,4,3,-1.8484192836303097,-2.382904242026912,-0.6741411639442061,-0.9998496174162941,-0.99975478215954,0.4629780309194467,6145
20,104,-0.6,4,5,-1.8717105394527929,-2.4161262711856057,-0.6737069075506464,-0.9998461830224908,-0.9997523489257565,0.45822869579775655,5973
20,208,-0.6,4,3,-1.8802366361503404,-2.5824822639347884,-0.6798615668058705,-0.9998491235610176,-0.9997849570897643,0.4660831509846827,5941
20,104,-0.4,4,10,-1.8952332220824548,-2.5726093916730375,-0.7116990152533804,-0.9999258707786582,-0.9999010888620595,0.4666012991788209,8159
20,104,-0.6,4,10,-1.8958005572606247,-2.452016117952328,-0.6777834998730626,-0.9998598727763262,-0.9997743899403333,0.45838237766941314,5947
20,208,-0.2,4,3,-1.9021891977938825,-2.662327884144124,-0.7142384679657618,-0.999953863116388,-0.9999073687434055,0.4654682104407881,9846
20,104,-0.4,4,5,-1.9065112768788466,-2.607107698053241,-0.7092390260104289,-0.9999210508630456,-0.9998946576149832,0.4664074839023205,8231
20,208,-0.6,4,10,-1.9444898248586415,-2.604128759177495,-0.670175225978383,-0.9998161252383565,-0.9997317720370137,0.466411416637661,5746
20,208,-0.4,4,3,-1.9683296775606964,-2.678428208812381,-0.7130050254782706,-0.9999378287327111,-0.9999043630261976,0.466278793635716,8422
60,52,-0.8,4,10,-1.9902327791705918,-2.4962485328767534,-0.6410053288504232,-0.9995755820216119,-0.9994972200084039,0.4682698730794923,4491
60,52,-0.8,4,5,-2.0081562654037284,-2.534216779502764,-0.6506077820607727,-0.9996941393239868,-0.9995887758302869,0.4684901531728665,4570
60,52,-0.8,4,3,-2.019524624402147,-2.499728118551663,-0.6615994568321175,-0.9997566343194759,-0.9996755447612471,0.4715860899067006,4716
20,156,-0.6,4,3,-2.0467495550988968,-2.7136898810768053,-0.6959140019578055,-0.9999116591088261,-0.9998531466643507,0.464109318406322,6074
20,156,-0.6,4,5,-2.058915946310807,-2.7487269458408017,-0.6892197731724232,-0.9998929835488217,-0.9998274167534676,0.4625677506775068,5904
40,52,-0.4,4,5,-2.0722596637219124,-2.8281195059617668,-0.7615298093567741,-0.99999001064418,-0.9999757766505043,0.46259724715739076,10026
20,156,-0.6,4,10,-2.081426587081741,-2.7607188042556423,-0.6914948785684261,-0.9998986573765186,-0.9998365668195875,0.46227381358825537,5858
40,208,-0.4,4,10,-2.088608085606243,-2.822781970951839,-0.7454844772714189,-0.9999816135883719,-0.9999607439818732,0.47422258592471356,9776
40,208,-0.4,4,5,-2.1010755273459765,-2.823635162327246,-0.7462712121455122,-0.9999809602550923,-0.9999616347736371,0.4752275025278059,9890
20,156,-0.4,4,3,-2.1070833759968792,-2.8139249445556502,-0.7557949137485774,-0.9999830466148862,-0.9999711096900663,0.46453984819734345,8432
60,104,-0.6,4,10,-2.11474306659445,-2.888038795915019,-0.733130861365777,-0.9999670989293311,-0.9999442148423553,0.4614279398762157,9048
40,208,-0.4,4,3,-2.1363507770940102,-2.9283918431015548,-0.7593706305434197,-0.9999883908951178,-0.9999741025536192,0.4705591291439881,10105
40,208,-0.2,4,10,-2.148873692792242,-3.0469814662182535,-0.7472845575142413,-0.9999817310054193,-0.9999627563422454,0.46725053573092334,10733
20,104,-0.4,4,3,-2.152278434917899,-2.8806171008897516,-0.7549575498429464,-0.9999796355452527,-0.9999703670997532,0.46359705504265514,8557
20,156,-0.2,4,3,-2.1572291185611094,-2.928820108889148,-0.7579993863746604,-0.9999838343293582,-0.9999729881884232,0.46164185277088504,9672
20,156,-0.2,4,5,-2.163346894756831,-2.9477782429776047,-0.7525343674163041,-0.9999804107216378,-0.9999681243672169,0.4647736976942784,9368
20,156,-0.4,4,10,-2.1655832076477646,-2.7853890447597407,-0.7493236691446433,-0.9999795619701513,-0.9999649275442466,0.46388581272302204,8127
20,156,-0.4,4,5,-2.1774968756870807,-2.788362597980935,-0.751862808398909,-0.9999811844798994,-0.9999674774207994,0.46158544033223403,8187
60,104,-0.6,4,5,-2.18423671131211,-2.9349984144001957,-0.7507056123273448,-0.9999798189357839,-0.9999663359628058,0.4679257570823836,9213
60,104,-0.6,4,3,-2.1934090426882897,-2.890807223569401,-0.7643149194454446,-0.9999874757779421,-0.9999777972176088,0.46534024764525345,9449
40,208,-0.6,4,3,-2.1955188818088347,-3.01182801901802,-0.7563542630850411,-0.9999796831350032,-0.9999715967140297,0.46787021840676685,7921
40,156,-0.6,4,5,-2.2020616029195788,-2.88045069416304,-0.7645147021331494,-0.9999825126958931,-0.9999779363765655,0.4675829875518672,7712
40,208,-0.6,4,10,-2.2200139667969467,-2.9864095184883754,-0.7624360860122718,-0.9999846025811746,-0.9999764509148871,0.46485497778939117,7654
40,156,-0.6,4,10,-2.2306249865656804,-2.913965918447821,-0.7576393937498315,-0.9999785255447571,-0.9999726888504636,0.46776729559748426,7632
80,156,-0.6,4,5,-2.247751027254719,-3.217211117961979,-0.7435719165905195,-0.9999754729027774,-0.9999585034688043,0.45426891097140537,9862
20,156,-0.2,4,10,-2.2520458878242993,-3.0289294092428642,-0.7667426140752389,-0.9999874390701866,-0.9999794378504279,0.4629968760099106,9283
20,52,-0.2,4,5,-2.2660492599244297,-2.955041846598717,-0.7675029838742822,-0.999983229435331,-0.9999799296398146,0.4587892049598833,9597
20,52,-0.4,4,3,-2.2677904848054173,-3.05692686658018,-0.7633926322720823,-0.9999859335861115,-0.9999771449068798,0.45892648774795797,8570
40,156,-0.6,4,3,-2.270524064354679,-2.994737106583498,-0.7779620782847848,-0.9999896267343575,-0.9999857325747881,0.4630023788656567,7987
20,104,-0.2,4,5,-2.2881118224687937,-3.1560713593485508,-0.7602444834279202,-0.9999812965174669,-0.9999747917623626,0.46187961985216475,9470
20,52,-0.2,4,10,-2.288790092642071,-2.9528111648425543,-0.769554793470855,-0.9999847544916323,-0.9999812062661925,0.45709133340405217,9427
40,52,-0.4,4,10,-2.290575103153583,-3.151073536236247,-0.7856110717085576,-0.9999950646481658,-0.9999889981070906,0.45847311172105315,9837
60,156,-0.6,4,10,-2.3001107027551755,-3.11707448882553,-0.7662889092364183,-0.9999851914842978,-0.9999791394667029,0.46334147967118416,9002
40,208,-0.6,4,5,-2.301531609154835,-3.089189126231736,-0.7710968602148717,-0.9999881896375732,-0.9999821189061795,0.4627096774193548,7750
20,104,-0.2,4,3,-2.302549229506158,-3.152336020245439,-0.7639200342383028,-0.9999820566973154,-0.9999775199245438,0.4635828768512883,9858
40,104,-0.2,4,10,-2.3041711477591456,-3.2384232622635123,-0.7693306339532784,-0.999985064533947,-0.999981070304648,0.4593913368185213,10712
20,52,-0.6,4,10,-2.3099472220830637,-2.9832411846119427,-0.7312525907209761,-0.9999458090465001,-0.9999412373310974,0.4598296308668782,5987
40,104,-0.4,4,10,-2.331565350713161,-3.130093396216532,-0.7764523932888103,-0.9999905356514405,-0.9999849974755014,0.4649379477348401,9911
80,156,-0.6,4,3,-2.3324550855428186,-3.146265963334902,-0.7757822628546891,-0.9999924541213661,-0.9999846608168175,0.4617448330683625,10064
40,208,-0.2,4,5,-2.333020047427593,-3.294960366195007,-0.7742078096720111,-0.9999907144055341,-0.999983844019428,0.4618359267102477,10861
20,52,-0.6,4,5,-2.3354706782258376,-3.013370301325195,-0.7346278032550563,-0.9999503645745577,-0.9999464935047008,0.4605568445475638,6034
40,104,-0.4,4,5,-2.3440939145575554,-3.251320446727894,-0.7859584510173387,-0.9999927819536055,-0.9999891295906304,0.469426245781219,10074
60,104,-0.2,4,3,-2.3676208100231078,-3.261478767828522,-0.7761236256207151,-0.9999921856650951,-0.9999848331175065,0.4674775707384403,11592
80,156,-0.6,4,10,-2.381273095915751,-3.2977734217887145,-0.7622179844512907,-0.9999850798913054,-0.9999762901505509,0.4568877027304455,9742
40,52,-0.4,4,3,-2.3856745584071772,-3.1903485169233314,-0.8128595913251397,-0.9999980585047127,-0.9999959841483893,0.46070275031809726,10217
20,52,-0.4,4,10,-2.3867981870803514,-3.1970708980798745,-0.7644609119569433,-0.9999854387693055,-0.999977898983368,0.4545231373511722,8147
40,52,-0.2,4,10,-2.3938160879884562,-3.3445517051190143,-0.7810318942593028,-0.9999924094430245,-0.999987131800377,0.4575594353640416,10768
60,208,-0.6,4,5,-2.40224754460612,-3.3572909660192254,-0.769129395796991,-0.9999881838287576,-0.9999809475217792,0.4639220894200974,9036
40,52,-0.2,4,5,-2.4037931040125837,-3.321849800146117,-0.7785975667407892,-0.9999944735741301,-0.999986032560489,0.45979438222874974,10894
40,52,-0.6,4,5,-2.4118381456040856,-3.155045763275036,-0.7844640782325798,-0.9999926132552261,-0.9999885541469612,0.4575566750629723,7940
60,156,-0.6,4,3,-2.41503643924274,-3.202274995574472,-0.7906127562925352,-0.9999949000086905,-0.9999907645710194,0.4653858538156059,9317
60,208,-0.4,4,3,-2.4220503807850706,-3.351244042791544,-0.7819460659368522,-0.9999933931617038,-0.9999875248190797,0.4613913676925879,10982
60,156,-0.6,4,5,-2.4295636102481466,-3.282256511797718,-0.7803118982358179,-0.9999907317032874,-0.9999868147646571,0.46360153256704983,9135
80,104,-0.6,4,5,-2.4403755876317526,-3.3124229154361564,-0.7686019220217634,-0.9999867391901532,-0.9999806224151985,0.4647064746752593,9931
40,156,-0.2,4,10,-2.442045484639638,-3.231106950534405,-0.7878668594744577,-0.999994507253739,-0.9999898279547014,0.4624218093548688,10711
20,104,-0.2,4,10,-2.449600158433963,-3.337204734395205,-0.7774868317091483,-0.9999891394351645,-0.9999855046044738,0.46030894657798754,9322
20,52,-0.6,4,3,-2.4524823793512613,-3.1713142115414947,-0.7545358464997853,-0.9999706521392265,-0.9999699869137958,0.4603506514396011,6217
60,104,-0.4,4,3,-2.457400873199863,-3.255747118241403,-0.7952966080813192,-0.9999960944140841,-0.9999921906983544,0.46335054815620186,11037
40,52,-0.2,4,3,-2.463154046297058,-3.3088111390728745,-0.8178107264343516,-0.9999985492227188,-0.999996708133811,0.4620533695160561,11055
40,104,-0.4,4,3,-2.4697997251763137,-3.30934304250658,-0.8092165470058863,-0.9999971133780735,-0.9999953670577266,0.4699853587115666,10245
80,104,-0.6,4,10,-2.471697805770885,-3.3314954404926183,-0.7683820761398716,-0.9999867435898584,-0.9999804855036154,0.4585291113381001,9790
80,104,-0.6,4,3,-2.4760785927493596,-3.332114621693195,-0.7979578106655393,-0.9999957315509498,-0.9999929127448486,0.4606741573033708,10146
80,208,-0.4,4,3,-2.4807450951429453,-3.448711869759036,-0.7849139265110285,-0.9999935204213227,-0.9999887300799518,0.4651817941720222,11359
20,52,-0.2,4,3,-2.4851883233970824,-3.2996155828481863,-0.7912988346880485,-0.9999931627208238,-0.9999909865840143,0.45915180819985896,9927
40,52,-0.6,4,10,-2.485838230750271,-3.2008281616679644,-0.7775055007927556,-0.9999903805062195,-0.9999855136189175,0.45993836671802774,7788
60,208,-0.6,4,3,-2.4874263465096327,-3.378380254465574,-0.7880268616791446,-0.9999936331102793,-0.9999898847005112,0.46838179656253376,9251
60,208,-0.4,4,5,-2.4883222732192305,-3.4890450426413584,-0.7668723450502639,-0.9999917708309665,-0.9999795224875089,0.46624297688127475,10857
40,156,-0.4,4,5,-2.514966585346051,-3.3763609236617165,-0.8020242360283258,-0.9999956749119537,-0.9999939044726874,0.459632375342744,9847
80,208,-0.4,4,10,-2.520361638732182,-3.7184940225142604,-0.7439543268796996,-0.9999777774274806,-0.9999589600917732,0.4616693533942325,11166
40,208,-0.2,4,3,-2.520565622797856,-3.455294550116039,-0.8113249310774586,-0.9999977720046312,-0.9999957334675572,0.4672034741699086,11053
20,52,-0.4,4,5,-2.521662885668902,-3.3538989413269995,-0.7828805794848686,-0.9999920932346725,-0.9999879158067039,0.45554748062015504,8256
80,156,-0.2,4,3,-2.523713001306817,-3.513695051706705,-0.7909968031154352,-0.9999953019026171,-0.9999908894231059,0.4671371482016835,11761
80,104,-0.4,4,3,-2.535775786147684,-3.428591754731565,-0.7898216023973791,-0.9999950569442818,-0.9999905026967452,0.46463489826477583,11353
40,156,-0.4,4,10,-2.5363598717628415,-3.374674351832342,-0.8092776070987155,-0.9999968425503571,-0.9999953780398506,0.45879823932848807,9769
80,104,-0.2,4,3,-2.541970270925815,-3.414978190850581,-0.7862989237462892,-0.9999935573734274,-0.9999892571386675,0.46686567164179105,11725
80,208,-0.4,4,5,-2.5425842291362244,-3.672044110348572,-0.761470981482544,-0.9999869466664754,-0.9999757323115657,0.4594978262798332,11271
40,156,-0.2,4,3,-2.5525966286619783,-3.3956453849239243,-0.8210115024484539,-0.9999984241547948,-0.9999971135051154,0.4634477760666727,11039
80,208,-0.6,4,3,-2.5749065578081343,-3.413455826136023,-0.7955426829630425,-0.9999948828462608,-0.9999922600311943,0.4668519253672092,10076
40,156,-0.2,4,5,-2.57545964472168,-3.4377460377547133,-0.7994140771434796,-0.9999956463569547,-0.999993282838024,0.4631793730291226,10782
80,208,-0.2,4,3,-2.57703484060308,-3.61922925417941,-0.7904474246046215,-0.9999945746109546,-0.9999907103682699,0.4615582411931088,11667
60,104,-0.4,4,10,-2.578921280239804,-3.4436107320071403,-0.7723631429643085,-0.9999904331626263,-0.9999828394081695,0.4635706340378198,10788
60,208,-0.2,4,10,-2.583364936928823,-3.651567255166929,-0.7594829450801829,-0.9999872441895804,-0.9999741920391215,0.46113445378151263,11424
40,104,-0.2,4,3,-2.5864818339957716,-3.5710953574639497,-0.8170276471336186,-0.9999978680372,-0.999996601774581,0.4597566471383506,11095
60,52,-0.2,4,10,-2.59587557785034,-3.6094700579335934,-0.7573136375125202,-0.999983052991837,-0.9999724155114049,0.45612487873710206,11339
60,208,-0.6,4,10,-2.6121102518108,-3.5998509272940704,-0.7900433234109574,-0.9999943086575035,-0.9999905767268795,0.4639071739372978,8963
60,156,-0.4,4,3,-2.6155810685300196,-3.5388500144391064,-0.8110187861723328,-0.9999979143324327,-0.9999956818726647,0.4647900154869272,10977
60,52,-0.4,4,5,-2.6179940857614232,-3.540810496675614,-0.7934513875011607,-0.9999951673323845,-0.9999916534548441,0.4599319164596559,10869
60,156,-0.4,4,5,-2.6363669610118388,-3.71266013419243,-0.7861681212080995,-0.9999955486525831,-0.9999892082913766,0.45984383714445065,10758
40,104,-0.2,4,5,-2.64251991115252,-3.6778886402525823,-0.7983034684604442,-0.9999949462309621,-0.999993002149225,0.4566986739826246,10935
80,52,-0.4,4,3,-2.6525138575254847,-3.7213993431530583,-0.8038803332875546,-0.9999957371270258,-0.9999943156464632,0.46054254007398276,11354
40,156,-0.4,4,3,-2.659864710267724,-3.567055626628814,-0.8233150902638846,-0.9999987678188635,-0.9999973778256775,0.45859429366736254,10059
80,156,-0.4,4,5,-2.6708538079049364,-3.713400985366199,-0.7782637452788989,-0.9999924332874127,-0.9999858756659789,0.4608356249445578,11273
60,104,-0.2,4,5,-2.6872833911518863,-3.7619755326798856,-0.7755841902999105,-0.9999905307557613,-0.9999845600666863,0.45820999477624935,11486
80,156,-0.4,4,3,-2.697734460265567,-3.6393650921932794,-0.8165119631485249,-0.9999983579934155,-0.9999965301212402,0.46649076517150395,11370
60,52,-0.4,4,10,-2.7055530571102837,-3.7435673965110237,-0.7984402747429089,-0.9999968395574901,-0.9999930372636973,0.4558891884354374,10757
60,208,-0.4,4,10,-2.7102780379200113,-3.69429059895437,-0.7949460753936607,-0.9999959979349683,-0.9999920910064334,0.4623945098766577,10783
60,52,-0.4,4,3,-2.7126255276867153,-3.6610916432852902,-0.822405146184016,-0.999998308938179,-0.9999972760332021,0.4627582457412106,11036
60,208,-0.2,4,3,-2.712747931840704,-3.7221031100003676,-0.8157118848933141,-0.9999981509662432,-0.999996416364826,0.4662045060658579,11540
60,156,-0.4,4,10,-2.7205782984464015,-3.7366325550010604,-0.7942618842633242,-0.9999949216926458,-0.9999918932460032,0.45873626889493946,10651
60,156,-0.2,4,10,-2.7313365779070793,-3.643416881914452,-0.7827894287992301,-0.9999921169945449,-0.9999878781430768,0.4646509167842031,11344
60,104,-0.4,4,5,-2.7398809597633282,-3.6489963547742517,-0.8005346380477961,-0.9999958649335896,-0.9999935561176729,0.4653719311102968,10916
80,104,-0.2,4,5,-2.7581625483523196,-3.7642688864981486,-0.7710142845499134,-0.9999866216455057,-0.9999820710260484,0.46069438491213033,11665
80,104,-0.4,4,10,-2.7666272402154886,-3.759376822584087,-0.7619280028489446,-0.9999851524877476,-0.9999760749330168,0.46055456171735243,11180
80,52,-0.4,4,10,-2.783034034379294,-3.903562998146743,-0.7739963080741424,-0.9999894303948867,-0.9999837314808582,0.45769092864826105,11156
40,52,-0.6,4,3,-2.796823360736271,-3.452242408117875,-0.8317253424492796,-0.9999987448320664,-0.9999981734758829,0.46073874755381605,8176
80,208,-0.2,4,10,-2.8034752215363867,-4.005549669988372,-0.7458056493742178,-0.9999792345002706,-0.9999611097712551,0.4612718766245018,11542
60,208,-0.2,4,5,-2.8045750644399154,-3.9238990219531518,-0.7922192160514704,-0.9999956294555661,-0.9999912771561452,0.46157867224255095,11478
80,104,-0.4,4,5,-2.8054726320483723,-3.8256297249694744,-0.7921467023328451,-0.9999944406740793,-0.9999912545608801,0.46009930838801205,11278
60,156,-0.2,4,3,-2.8113383505110043,-3.8451052173760414,-0.8267347717091592,-0.9999989285783111,-0.9999977315440256,0.45893135051011585,11566
80,156,-0.4,4,10,-2.814138223027896,-3.905733638900714,-0.7848715651060697,-0.9999918701611928,-0.999988713613059,0.45778293466619063,11204
80,208,-0.6,4,5,-2.8145859359442666,-3.79228313840722,-0.8005974755658063,-0.9999952547135967,-0.9999935711532058,0.45975844920328834,9853
60,104,-0.2,4,10,-2.8311765409501177,-3.9594331665020057,-0.7855008056381622,-0.9999925867416626,-0.9999889560845966,0.45435448577680526,11425
80,208,-0.2,4,5,-2.8314008565705975,-3.9666294154319917,-0.7764410366264041,-0.9999914049661538,-0.9999849918238648,0.46163110805230556,11624
60,156,-0.2,4,5,-2.8430472070150756,-3.7228937943865423,-0.8056373164621482,-0.9999970623113716,-0.9999946825324072,0.4612433516435609,11469
60,52,-0.2,4,3,-2.8549569779294868,-3.8381918813906433,-0.8291144323973074,-0.999998712547498,-0.999997952607776,0.45836218836565096,11552
80,52,-0.2,4,3,-2.8624268246160223,-4.0172964847908075,-0.8231578726463538,-0.9999978420981407,-0.9999973604772022,0.4548017771701982,11704
60,52,-0.6,4,5,-2.8693248207458537,-3.600011397523064,-0.8198211552984374,-0.9999973611873608,-0.9999969681090334,0.4581109053273777,9179
60,52,-0.6,4,10,-2.8789937094209694,-3.756490998332101,-0.8061879978976725,-0.9999960177733387,-0.9999947932220309,0.4565723793677205,9015
60,52,-0.6,4,3,-2.928713530976159,-3.801492317149932,-0.8307680840691246,-0.9999986245149916,-0.9999980950198257,0.4595627255359796,9422
80,208,-0.6,4,10,-2.9386638945146832,-3.9628686639419364,-0.8079072833226463,-0.9999966392280847,-0.9999951260821773,0.46022960229602294,9756
60,52,-0.2,4,5,-2.954765109807821,-3.940971184116414,-0.809391277192979,-0.9999973441411667,-0.9999953984243081,0.461013986013986,11440
80,52,-0.6,4,3,-2.9601797840306125,-3.9660985472642634,-0.8322506379685438,-0.9999984623903146,-0.9999982153286059,0.4553791539295927,10141
80,52,-0.4,4,5,-3.0053082733278345,-4.12918600481915,-0.8080001208537961,-0.9999962456335804,-0.9999951435193574,0.457325746799431,11248
80,52,-0.6,4,10,-3.0121417108627115,-3.99341879014304,-0.8113779091735535,-0.999996402283595,-0.9999957423416559,0.4559893431704068,9759
80,104,-0.2,4,10,-3.01615302459882,-4.114667864615396,-0.7747389991686384,-0.9999881009061684,-0.9999841236967313,0.45751353209038575,11639
80,156,-0.2,4,5,-3.03592770327254,-4.239305967968706,-0.7984461966860936,-0.9999959072847976,-0.9999930387802515,0.45897985426489496,11665
80,156,-0.2,4,10,-3.0579028251698,-4.205006950542563,-0.7756151681479091,-0.9999883613701144,-0.9999845758613142,0.45891472868217054,11610
80,52,-0.2,4,5,-3.215399871210601,-4.360161281640757,-0.817612070735362,-0.9999973052065193,-0.999996681428487,0.45553461274845786,11672
80,52,-0.2,4,10,-3.2227616988055603,-4.362898086250582,-0.7881694541413895,-0.9999925330498161,-0.9999899350408483,0.4566060501594415,11603
80,52,-0.6,4,5,-3.268746466927079,-4.293500845738944,-0.8342829175610522,-0.9999985710516563,-0.9999983695368265,0.45490235554660763,9934
