,Hourly_Return
2019-06-03 13:00:00,0.0
2019-06-03 20:00:00,0.0
2019-06-04 13:00:00,0.0
2019-06-04 20:00:00,0.0
2019-06-05 13:00:00,0.0
2019-06-05 20:00:00,0.0
2019-06-06 13:00:00,0.0
2019-06-06 20:00:00,0.0
2019-06-07 13:00:00,0.0
2019-06-07 20:00:00,0.0
2019-06-10 13:00:00,0.0
2019-06-10 20:00:00,0.0
2019-06-11 13:00:00,0.0
2019-06-11 20:00:00,0.0
2019-06-12 13:00:00,0.0
2019-06-12 20:00:00,0.0
2019-06-13 13:00:00,0.0
2019-06-13 20:00:00,0.0
2019-06-14 13:00:00,0.0
2019-06-14 20:00:00,0.0
2019-06-17 13:00:00,0.0
2019-06-17 20:00:00,0.0
2019-06-18 13:00:00,0.0
2019-06-18 20:00:00,0.0
2019-06-19 13:00:00,0.0
2019-06-19 20:00:00,0.0
2019-06-20 13:00:00,0.0
2019-06-20 20:00:00,0.0
2019-06-21 13:00:00,0.0
2019-06-21 20:00:00,0.0
2019-06-24 13:00:00,0.0
2019-06-24 20:00:00,0.0
2019-06-25 13:00:00,0.0
2019-06-25 20:00:00,0.0
2019-06-26 13:00:00,0.0
2019-06-26 20:00:00,0.0
2019-06-27 13:00:00,0.0
2019-06-27 20:00:00,0.0
2019-06-28 13:00:00,0.0
2019-06-28 20:00:00,0.0
2019-07-01 13:00:00,0.0
2019-07-01 20:00:00,0.0
2019-07-02 13:00:00,0.0
2019-07-02 20:00:00,0.0
2019-07-03 13:00:00,0.0
2019-07-03 17:00:00,0.0
2019-07-05 13:00:00,0.0
2019-07-05 20:00:00,0.0
2019-07-08 13:00:00,0.0
2019-07-08 20:00:00,0.0
2019-07-09 13:00:00,0.0
2019-07-09 20:00:00,0.0
2019-07-10 13:00:00,0.0
2019-07-10 20:00:00,0.0
2019-07-11 13:00:00,0.0
2019-07-11 20:00:00,0.0
2019-07-12 13:00:00,0.0
2019-07-12 20:00:00,0.0
2019-07-15 13:00:00,0.0
2019-07-15 20:00:00,0.0
2019-07-16 13:00:00,0.0
2019-07-16 20:00:00,0.0
2019-07-17 13:00:00,0.0
2019-07-17 20:00:00,0.0
2019-07-18 13:00:00,0.0
2019-07-18 20:00:00,0.0
2019-07-19 13:00:00,0.0
2019-07-19 20:00:00,0.0
2019-07-22 13:00:00,0.0
2019-07-22 20:00:00,0.0
2019-07-23 13:00:00,0.0
2019-07-23 20:00:00,0.0
2019-07-24 13:00:00,0.0
2019-07-24 20:00:00,0.0
2019-07-25 13:00:00,0.0
2019-07-25 20:00:00,0.0
2019-07-26 13:00:00,0.0
2019-07-26 20:00:00,0.0
2019-07-29 13:00:00,0.0
2019-07-29 20:00:00,0.0
2019-07-30 13:00:00,0.0
2019-07-30 20:00:00,0.0
2019-07-31 13:00:00,0.0
2019-07-31 20:00:00,0.0
2019-08-01 13:00:00,0.0
2019-08-01 20:00:00,0.0
2019-08-02 13:00:00,0.0
2019-08-02 20:00:00,0.0
2019-08-05 13:00:00,0.0
2019-08-05 20:00:00,0.0
2019-08-06 13:00:00,0.0
2019-08-06 20:00:00,0.0
2019-08-07 13:00:00,0.0
2019-08-07 20:00:00,0.0
2019-08-08 13:00:00,0.0
2019-08-08 20:00:00,0.0
2019-08-09 13:00:00,0.0
2019-08-09 20:00:00,0.0
2019-08-12 13:00:00,0.0
2019-08-12 22:00:00,0.0
2019-08-12 23:00:00,0.0
2019-08-13 13:00:00,0.0
2019-08-13 20:00:00,0.0
2019-08-14 13:00:00,0.0
2019-08-14 20:00:00,0.0
2019-08-15 13:00:00,0.0
2019-08-15 20:00:00,0.0
2019-08-16 13:00:00,0.0
2019-08-16 20:00:00,0.0
2019-08-19 13:00:00,0.0
2019-08-19 20:00:00,0.0
2019-08-20 13:00:00,0.0
2019-08-20 20:00:00,0.0
2019-08-21 13:00:00,0.0
2019-08-21 20:00:00,0.0
2019-08-22 13:00:00,0.0
2019-08-22 20:00:00,0.0
2019-08-23 13:00:00,0.0
2019-08-23 20:00:00,0.0
2019-08-26 13:00:00,0.0
2019-08-26 20:00:00,0.0
2019-08-27 13:00:00,0.0
2019-08-27 20:00:00,0.0
2019-08-28 13:00:00,0.0
2019-08-28 20:00:00,0.0
2019-08-29 13:00:00,0.0
2019-08-29 20:00:00,0.0
2019-08-30 13:00:00,0.0
2019-08-30 20:00:00,0.0
2019-09-03 13:00:00,0.0
2019-09-03 20:00:00,0.0
2019-09-04 13:00:00,0.0
2019-09-04 20:00:00,0.0
2019-09-05 13:00:00,0.0
2019-09-05 20:00:00,0.0
2019-09-06 13:00:00,0.0
2019-09-06 20:00:00,0.0
2019-09-09 13:00:00,0.0
2019-09-09 20:00:00,0.0
2019-09-10 13:00:00,0.0
2019-09-10 20:00:00,0.0
2019-09-11 13:00:00,0.0
2019-09-11 20:00:00,0.0
2019-09-12 13:00:00,0.0
2019-09-12 20:00:00,0.0
2019-09-13 13:00:00,0.0
2019-09-13 20:00:00,0.0
2019-09-16 13:00:00,0.0
2019-09-16 20:00:00,0.0
2019-09-17 13:00:00,0.0
2019-09-17 20:00:00,0.0
2019-09-18 13:00:00,0.0
2019-09-18 20:00:00,0.0
2019-09-19 13:00:00,0.0
2019-09-19 20:00:00,0.0
2019-09-20 13:00:00,0.0
2019-09-20 20:00:00,0.0
2019-09-23 13:00:00,0.0
2019-09-23 20:00:00,0.0
2019-09-24 13:00:00,0.0
2019-09-24 20:00:00,0.0
2019-09-25 13:00:00,0.0
2019-09-25 20:00:00,0.0
2019-09-26 13:00:00,0.0
2019-09-26 20:00:00,0.0
2019-09-27 13:00:00,0.0
2019-09-27 20:00:00,0.0
2019-09-30 13:00:00,0.0
2019-09-30 20:00:00,0.0
2019-10-01 13:00:00,0.0
2019-10-01 20:00:00,0.0
2019-10-02 13:00:00,0.0
2019-10-02 20:00:00,0.0
2019-10-03 13:00:00,0.0
2019-10-03 20:00:00,0.0
2019-10-04 13:00:00,0.0
2019-10-04 20:00:00,0.0
2019-11-11 14:00:00,0.0
2020-07-27 12:00:00,0.0
2020-07-27 13:00:00,0.0
2020-07-27 14:00:00,0.0
2020-07-27 15:00:00,0.0
2020-07-27 16:00:00,0.0
2020-07-27 17:00:00,0.0
2020-07-27 18:00:00,0.0
2020-07-27 19:00:00,0.0
2020-07-27 20:00:00,0.0
2020-07-28 13:00:00,0.0
2020-07-28 14:00:00,0.0
2020-07-28 15:00:00,0.0
2020-07-28 16:00:00,0.0
2020-07-28 17:00:00,0.0
2020-07-28 18:00:00,0.0
2020-07-28 19:00:00,0.0
2020-07-28 20:00:00,0.0
2020-07-29 12:00:00,0.0
2020-07-29 13:00:00,0.0
2020-07-29 14:00:00,0.0
2020-07-29 15:00:00,0.0
2020-07-29 16:00:00,0.0
2020-07-29 17:00:00,0.0
2020-07-29 18:00:00,0.0
2020-07-29 19:00:00,0.0
2020-07-29 20:00:00,0.0
2020-07-30 12:00:00,0.0
2020-07-30 13:00:00,0.0
2020-07-30 14:00:00,0.0
2020-07-30 15:00:00,0.0
2020-07-30 16:00:00,0.0
2020-07-30 17:00:00,0.0
2020-07-30 18:00:00,0.0
2020-07-30 19:00:00,0.0
2020-07-30 20:00:00,0.0
2020-07-31 12:00:00,0.0
2020-07-31 13:00:00,0.0
2020-07-31 14:00:00,0.0
2020-07-31 15:00:00,0.0
2020-07-31 16:00:00,0.0
2020-07-31 17:00:00,0.0
2020-07-31 18:00:00,0.0
2020-07-31 19:00:00,0.0
2020-07-31 20:00:00,0.0
2020-08-03 12:00:00,0.0
2020-08-03 13:00:00,0.0
2020-08-03 14:00:00,0.0
2020-08-03 15:00:00,0.0
2020-08-03 16:00:00,0.0
2020-08-03 17:00:00,0.0
2020-08-03 18:00:00,0.0
2020-08-03 19:00:00,0.0
2020-08-03 20:00:00,0.0
2020-08-04 12:00:00,0.0
2020-08-04 13:00:00,0.0
2020-08-04 14:00:00,0.0
2020-08-04 15:00:00,0.0
2020-08-04 16:00:00,0.0
2020-08-04 17:00:00,0.0
2020-08-04 18:00:00,0.0
2020-08-04 19:00:00,0.0
2020-08-04 20:00:00,0.0
2020-08-05 12:00:00,0.0
2020-08-05 13:00:00,0.0
2020-08-05 14:00:00,0.0
2020-08-05 15:00:00,0.0
2020-08-05 16:00:00,0.0
2020-08-05 17:00:00,0.0
2020-08-05 18:00:00,0.0
2020-08-05 19:00:00,0.0
2020-08-05 20:00:00,0.0
2020-08-06 12:00:00,0.0
2020-08-06 13:00:00,0.0
2020-08-06 14:00:00,0.0
2020-08-06 15:00:00,0.0
2020-08-06 16:00:00,0.0
2020-08-06 17:00:00,0.0
2020-08-06 18:00:00,0.0
2020-08-06 19:00:00,0.0
2020-08-06 20:00:00,0.0
2020-08-07 12:00:00,0.0
2020-08-07 13:00:00,0.0
2020-08-07 14:00:00,0.0
2020-08-07 15:00:00,0.0
2020-08-07 16:00:00,0.0
2020-08-07 17:00:00,0.0
2020-08-07 18:00:00,0.0
2020-08-07 19:00:00,0.0
2020-08-07 20:00:00,0.0
2020-08-10 12:00:00,0.0
2020-08-10 13:00:00,0.0
2020-08-10 14:00:00,0.0
2020-08-10 15:00:00,0.0
2020-08-10 16:00:00,0.0
2020-08-10 17:00:00,0.0
2020-08-10 18:00:00,0.0
2020-08-10 19:00:00,0.0
2020-08-10 20:00:00,0.0
2020-08-11 12:00:00,0.0
2020-08-11 13:00:00,0.0
2020-08-11 14:00:00,0.0
2020-08-11 15:00:00,0.0
2020-08-11 16:00:00,0.0
2020-08-11 17:00:00,0.0
2020-08-11 18:00:00,0.0
2020-08-11 19:00:00,-0.011950751960475348
2020-08-11 20:00:00,-0.001
2020-08-12 12:00:00,-0.00020780223179651578
2020-08-12 13:00:00,0.011401145535919404
2020-08-12 14:00:00,0.004289553098978173
2020-08-12 15:00:00,0.0017693404535601984
2020-08-12 16:00:00,-0.00046033884258153603
2020-08-12 17:00:00,0.00014410861625601215
2020-08-12 18:00:00,-0.0022381007870260865
2020-08-12 19:00:00,-0.001956953528085003
2020-08-12 20:00:00,-0.003606343742316208
2020-08-13 12:00:00,-0.0018815495312528565
2020-08-13 13:00:00,-0.0006102002450085123
2020-08-13 14:00:00,0.0
2020-08-13 15:00:00,0.0
2020-08-13 16:00:00,0.0
2020-08-13 17:00:00,0.0
2020-08-13 18:00:00,0.0
2020-08-13 19:00:00,0.0
2020-08-13 20:00:00,0.0
2020-08-14 12:00:00,0.0
2020-08-14 13:00:00,0.0
2020-08-14 14:00:00,0.0
2020-08-14 15:00:00,0.0
2020-08-14 16:00:00,0.0
2020-08-14 17:00:00,0.0
2020-08-14 18:00:00,0.0
2020-08-14 19:00:00,0.0
2020-08-17 12:00:00,0.0
2020-08-17 13:00:00,0.0
2020-08-17 14:00:00,0.0
2020-08-17 15:00:00,0.0
2020-08-17 16:00:00,0.0
2020-08-17 17:00:00,0.0
2020-08-17 18:00:00,0.0
2020-08-17 19:00:00,0.0
2020-08-17 20:00:00,0.0
2020-08-18 12:00:00,0.0
2020-08-18 13:00:00,0.0
2020-08-18 14:00:00,-0.010394478417120483
2020-08-18 15:00:00,0.0010658458680386515
2020-08-18 16:00:00,-2.763636361822661e-05
2020-08-18 17:00:00,0.0005945978083677314
2020-08-18 18:00:00,0.0009814616704640852
2020-08-18 19:00:00,-0.004397233993751158
2020-08-18 20:00:00,-0.001
2020-08-19 12:00:00,-0.001
2020-08-19 13:00:00,0.002719619909810362
2020-08-19 14:00:00,-0.005573166388637312
2020-08-19 15:00:00,-0.0015597346296661587
2020-08-19 16:00:00,-0.0017449474527686407
2020-08-19 17:00:00,-0.0003139275989597337
2020-08-19 18:00:00,0.0
2020-08-19 19:00:00,-0.005919554500289597
2020-08-19 20:00:00,-0.001
2020-08-20 12:00:00,-0.001
2020-08-20 13:00:00,-0.00935953154996138
2020-08-20 14:00:00,0.0022201329001463608
2020-08-20 15:00:00,-0.001272254977185904
2020-08-20 16:00:00,-0.002335183170536969
2020-08-20 17:00:00,-0.003375410570679459
2020-08-20 18:00:00,0.0007838164335192419
2020-08-20 19:00:00,-0.0012176653145006201
2020-08-20 20:00:00,-0.001
2020-08-21 12:00:00,-0.0013740347490347406
2020-08-21 13:00:00,-0.005181315239044092
2020-08-21 14:00:00,-0.011265144231883434
2020-08-21 15:00:00,-1.6298791203644145e-05
2020-08-21 16:00:00,-0.0009844751640618091
2020-08-21 17:00:00,-0.00048692516410129747
2020-08-21 18:00:00,4.860670340418676e-05
2020-08-21 19:00:00,-0.000566828471123875
2020-08-21 20:00:00,-0.001
2020-08-24 12:00:00,-0.001
2020-08-24 13:00:00,0.005036407279048128
2020-08-24 14:00:00,0.0005230617570724525
2020-08-24 15:00:00,-0.0024049689944259925
2020-08-24 16:00:00,-0.001871026821672899
2020-08-24 17:00:00,-9.59924663739445e-05
2020-08-24 18:00:00,0.0
2020-08-24 19:00:00,0.0
2020-08-24 20:00:00,0.0
2020-08-25 12:00:00,0.0
2020-08-25 13:00:00,0.0
2020-08-25 14:00:00,0.0
2020-08-25 15:00:00,0.0
2020-08-25 16:00:00,0.0
2020-08-25 17:00:00,0.0
2020-08-25 18:00:00,0.0
2020-08-25 19:00:00,0.0
2020-08-25 20:00:00,0.0
2020-08-26 12:00:00,0.0
2020-08-26 13:00:00,0.0
2020-08-26 14:00:00,0.0
2020-08-26 15:00:00,0.0
2020-08-26 16:00:00,0.0
2020-08-26 17:00:00,0.0
2020-08-26 18:00:00,0.0
2020-08-26 19:00:00,0.0
2020-08-26 20:00:00,0.0
2020-08-27 12:00:00,0.0
2020-08-27 13:00:00,0.0
2020-08-27 14:00:00,0.0
2020-08-27 15:00:00,0.0
2020-08-27 16:00:00,0.0
2020-08-27 17:00:00,0.0
2020-08-27 18:00:00,0.0
2020-08-27 19:00:00,0.0
2020-08-27 20:00:00,0.0
2020-08-28 12:00:00,0.0
2020-08-28 13:00:00,0.0
2020-08-28 14:00:00,0.0
2020-08-28 15:00:00,0.0
2020-08-28 16:00:00,0.0
2020-08-28 17:00:00,0.0
2020-08-28 18:00:00,0.0
2020-08-28 19:00:00,0.0
2020-08-28 20:00:00,0.0
2020-08-31 12:00:00,0.0
2020-08-31 13:00:00,0.0
2020-08-31 14:00:00,0.0
2020-08-31 15:00:00,0.0
2020-08-31 16:00:00,0.0
2020-08-31 17:00:00,0.0
2020-08-31 18:00:00,0.0
2020-08-31 19:00:00,0.0
2020-08-31 20:00:00,0.0
2020-09-01 12:00:00,0.0
2020-09-01 13:00:00,-0.014768342481456646
2020-09-01 14:00:00,0.0023814272254639845
2020-09-01 15:00:00,-0.000244990968654151
2020-09-01 16:00:00,-0.0010023675690358828
2020-09-01 17:00:00,-0.0011971878770190728
2020-09-01 18:00:00,0.0010684008044625224
2020-09-01 19:00:00,0.0008382960155940264
2020-09-01 20:00:00,-0.001
2020-09-02 12:00:00,-0.001
2020-09-02 13:00:00,0.0070211037079815864
2020-09-02 14:00:00,0.0010674700162685855
2020-09-02 15:00:00,0.0034295751739923117
2020-09-02 16:00:00,-0.003444674628290916
2020-09-02 17:00:00,0.0
2020-09-02 18:00:00,0.0
2020-09-02 19:00:00,0.0
2020-09-02 20:00:00,0.0
2020-09-03 12:00:00,0.0
2020-09-03 13:00:00,0.0
2020-09-03 14:00:00,-0.017880043560691526
2020-09-03 15:00:00,-0.003910248855946274
2020-09-03 16:00:00,-0.004734549009739696
2020-09-03 17:00:00,0.0012392769915960454
2020-09-03 18:00:00,-0.004504330832238417
2020-09-03 19:00:00,0.0012483808920620183
2020-09-03 20:00:00,-0.0016548584258450785
2020-09-04 12:00:00,-0.001
2020-09-04 13:00:00,-0.016147602245571158
2020-09-04 14:00:00,-0.017790322462661386
2020-09-04 15:00:00,0.008424738888050416
2020-09-04 16:00:00,-0.00037288762105757074
2020-09-04 17:00:00,-0.0023191629565376837
2020-09-04 18:00:00,0.0
2020-09-04 19:00:00,0.0
2020-09-04 20:00:00,0.0
2020-09-08 12:00:00,0.0
2020-09-08 13:00:00,-0.04476323880531013
2020-09-08 14:00:00,-0.002260645436993668
2020-09-08 15:00:00,-0.0029119840332721015
2020-09-08 16:00:00,0.007296364740441053
2020-09-08 17:00:00,-0.0018619081663053807
2020-09-08 18:00:00,-0.009426781179838462
2020-09-08 19:00:00,-0.004162216427149328
2020-09-08 20:00:00,-0.001
2020-09-09 12:00:00,-0.001
2020-09-09 13:00:00,0.008686115132350226
2020-09-09 14:00:00,-0.004951656899492739
2020-09-09 15:00:00,0.002185626718941076
2020-09-09 16:00:00,0.0018296509804228097
2020-09-09 17:00:00,0.0
2020-09-09 18:00:00,0.0
2020-09-09 19:00:00,0.0
2020-09-09 20:00:00,0.0
2020-09-10 12:00:00,0.0
2020-09-10 13:00:00,0.0
2020-09-10 14:00:00,0.0
2020-09-10 15:00:00,0.0
2020-09-10 16:00:00,0.0
2020-09-10 17:00:00,0.0
2020-09-10 18:00:00,0.0
2020-09-10 19:00:00,0.0
2020-09-10 20:00:00,0.0
2020-09-11 12:00:00,0.0
2020-09-11 13:00:00,-0.016467812141641485
2020-09-11 14:00:00,-0.00041252665130511095
2020-09-11 15:00:00,-0.0019404641000827496
2020-09-11 16:00:00,-0.0027508772544418015
2020-09-11 17:00:00,-0.007808413734024033
2020-09-11 18:00:00,0.0063373711468897595
2020-09-11 19:00:00,0.0013804441352213434
2020-09-11 20:00:00,-0.001
2020-09-14 12:00:00,-0.001
2020-09-14 13:00:00,0.01694764889781738
2020-09-14 14:00:00,0.0035205687336015822
2020-09-14 15:00:00,0.0009797604069903217
2020-09-14 16:00:00,0.004824164268277971
2020-09-14 17:00:00,0.0
2020-09-14 18:00:00,0.0
2020-09-14 19:00:00,0.0
2020-09-14 20:00:00,0.0
2020-09-15 12:00:00,0.0
2020-09-15 13:00:00,0.0
2020-09-15 14:00:00,0.0
2020-09-15 15:00:00,0.0
2020-09-15 16:00:00,0.0
2020-09-15 17:00:00,0.0
2020-09-15 18:00:00,0.0
2020-09-15 19:00:00,0.0
2020-09-15 20:00:00,0.0
2020-09-16 12:00:00,0.0
2020-09-16 13:00:00,0.0
2020-09-16 14:00:00,0.0
2020-09-16 15:00:00,0.0
2020-09-16 16:00:00,0.0
2020-09-16 17:00:00,0.0
2020-09-16 18:00:00,0.0
2020-09-16 19:00:00,0.0
2020-09-16 20:00:00,0.0
2020-09-17 12:00:00,0.0
2020-09-17 13:00:00,-0.01933097982135861
2020-09-17 14:00:00,0.003285930383653225
2020-09-17 15:00:00,-0.002803754518583972
2020-09-17 16:00:00,-0.002320918746328559
2020-09-17 17:00:00,0.0003404128980719853
2020-09-17 18:00:00,-0.0013060033531339436
2020-09-17 19:00:00,0.0007253459990257736
2020-09-17 20:00:00,-0.001
2020-09-18 12:00:00,-0.001
2020-09-18 13:00:00,-0.0005550161761940445
2020-09-18 14:00:00,-0.006502629054560676
2020-09-18 15:00:00,-0.0017754836060955895
2020-09-18 16:00:00,-0.0064498139691386396
2020-09-18 17:00:00,-0.006849860615958613
2020-09-18 18:00:00,-0.000599850361980391
2020-09-18 19:00:00,0.0009462983963147273
2020-09-18 20:00:00,-0.001
2020-09-21 12:00:00,-0.004245155336819439
2020-09-21 13:00:00,-0.02035301605434303
2020-09-21 14:00:00,-0.007521298024184413
2020-09-21 15:00:00,0.00035712422188682955
2020-09-21 16:00:00,-0.004544181275867814
2020-09-21 17:00:00,0.0004652981601191439
2020-09-21 18:00:00,-0.0019910748811363
2020-09-21 19:00:00,0.005518374442575692
2020-09-21 20:00:00,-0.001
2020-09-22 12:00:00,0.0
2020-09-22 13:00:00,0.0
2020-09-22 14:00:00,-0.014995991019617138
2020-09-22 15:00:00,-0.0027902170262343088
2020-09-22 16:00:00,-0.003288120219441864
2020-09-22 17:00:00,0.003662079775000133
2020-09-22 18:00:00,-0.002870773500196238
2020-09-22 19:00:00,0.002517485076066679
2020-09-22 20:00:00,-0.001
2020-09-23 12:00:00,-0.001
2020-09-23 13:00:00,0.0067208886922340795
2020-09-23 14:00:00,-0.00416250524588853
2020-09-23 15:00:00,-0.005115066345965285
2020-09-23 16:00:00,-0.0009267600664427768
2020-09-23 17:00:00,-0.006185614609209322
2020-09-23 18:00:00,-0.015066898759870266
2020-09-23 19:00:00,-0.005776375660730481
2020-09-23 20:00:00,0.0005515868659667585
2020-09-24 12:00:00,-0.002381542590984447
2020-09-24 13:00:00,-0.00527944315314131
2020-09-24 14:00:00,0.0018006049702187841
2020-09-24 15:00:00,0.0070989819415815175
2020-09-24 16:00:00,0.0034077458736979267
2020-09-24 17:00:00,0.006941609758117769
2020-09-24 18:00:00,-0.011479268971561523
2020-09-24 19:00:00,-0.0016424496941756896
2020-09-24 20:00:00,-0.001
2020-09-25 12:00:00,-0.001
2020-09-25 13:00:00,0.0
2020-09-25 14:00:00,0.0
2020-09-25 15:00:00,0.0
2020-09-25 16:00:00,0.0
2020-09-25 17:00:00,0.0
2020-09-25 18:00:00,0.0
2020-09-25 19:00:00,0.0
2020-09-25 20:00:00,0.0
2020-09-28 12:00:00,0.0
2020-09-28 13:00:00,0.0
2020-09-28 14:00:00,0.0
2020-09-28 15:00:00,0.0
2020-09-28 16:00:00,0.0
2020-09-28 17:00:00,0.0
2020-09-28 18:00:00,0.0
2020-09-28 19:00:00,0.0
2020-09-28 20:00:00,0.0
2020-09-29 13:00:00,0.0
2020-09-29 14:00:00,0.0
2020-09-29 15:00:00,0.0
2020-09-29 16:00:00,0.0
2020-09-29 17:00:00,0.0
2020-09-29 18:00:00,0.0
2020-09-29 19:00:00,0.0
2020-09-29 20:00:00,0.0
2020-09-30 12:00:00,0.0
2020-09-30 13:00:00,0.0
2020-09-30 14:00:00,0.0
2020-09-30 15:00:00,0.0
2020-09-30 16:00:00,0.0
2020-09-30 17:00:00,0.0
2020-09-30 18:00:00,0.0
2020-09-30 19:00:00,0.0
2020-09-30 20:00:00,0.0
2020-10-01 12:00:00,0.0
2020-10-01 13:00:00,0.0
2020-10-01 14:00:00,0.0
2020-10-01 15:00:00,0.0
2020-10-01 16:00:00,0.0
2020-10-01 17:00:00,0.0
2020-10-01 18:00:00,0.0
2020-10-01 19:00:00,0.0
2020-10-01 20:00:00,0.0
2020-10-02 12:00:00,0.0
2020-10-02 13:00:00,0.0
2020-10-02 14:00:00,0.0
2020-10-02 15:00:00,0.0
2020-10-02 16:00:00,0.0
2020-10-02 17:00:00,0.0
2020-10-02 18:00:00,0.0
2020-10-02 19:00:00,0.0
2020-10-02 20:00:00,0.0
2020-10-05 12:00:00,0.0
2020-10-05 13:00:00,0.0
2020-10-05 14:00:00,0.0
2020-10-05 15:00:00,0.0
2020-10-05 16:00:00,0.0
2020-10-05 17:00:00,0.0
2020-10-05 18:00:00,0.0
2020-10-05 19:00:00,0.0
2020-10-05 20:00:00,0.0
2020-10-06 12:00:00,0.0
2020-10-06 13:00:00,0.0
2020-10-06 14:00:00,0.0
2020-10-06 15:00:00,0.0
2020-10-06 16:00:00,0.0
2020-10-06 17:00:00,0.0
2020-10-06 18:00:00,0.0
2020-10-06 19:00:00,-0.009515611662939964
2020-10-06 20:00:00,-0.001011083848597232
2020-10-07 12:00:00,-0.001
2020-10-07 13:00:00,0.008535902751498247
2020-10-07 14:00:00,-0.0008013334874702562
2020-10-07 15:00:00,-0.0008396583701236462
2020-10-07 16:00:00,-0.0006713889357031257
2020-10-07 17:00:00,0.0009200315683241763
2020-10-07 18:00:00,0.0005651945657209453
2020-10-07 19:00:00,-0.0012585553295585852
2020-10-07 20:00:00,-0.001
2020-10-08 12:00:00,-0.001
2020-10-08 13:00:00,0.005888846994607928
2020-10-08 14:00:00,0.0
2020-10-08 15:00:00,0.0
2020-10-08 16:00:00,0.0
2020-10-08 17:00:00,0.0
2020-10-08 18:00:00,0.0
2020-10-08 19:00:00,0.0
2020-10-08 20:00:00,0.0
2020-10-09 12:00:00,0.0
2020-10-09 13:00:00,0.0
2020-10-09 14:00:00,0.0
2020-10-09 15:00:00,0.0
2020-10-09 16:00:00,0.0
2020-10-09 17:00:00,0.0
2020-10-09 18:00:00,0.0
2020-10-09 19:00:00,0.0
2020-10-09 20:00:00,0.0
2020-10-12 12:00:00,0.0
2020-10-12 13:00:00,0.0
2020-10-12 14:00:00,0.0
2020-10-12 15:00:00,0.0
2020-10-12 16:00:00,0.0
2020-10-12 17:00:00,0.0
2020-10-12 18:00:00,0.0
2020-10-12 19:00:00,0.0
2020-10-12 20:00:00,0.0
2020-10-13 12:00:00,0.0
2020-10-13 13:00:00,-0.021109278657585988
2020-10-13 14:00:00,-0.004280988897823844
2020-10-13 15:00:00,-0.004426610332895208
2020-10-13 16:00:00,0.003688564202474354
2020-10-13 17:00:00,-0.0029558074256536716
2020-10-13 18:00:00,-0.004059751566128832
2020-10-13 19:00:00,0.0019559723114844114
2020-10-13 20:00:00,-0.001
2020-10-14 12:00:00,-0.001
2020-10-14 13:00:00,0.006244355394174789
2020-10-14 14:00:00,-0.006335975790467606
2020-10-14 15:00:00,-0.003007441347865918
2020-10-14 16:00:00,0.0018404377504419264
2020-10-14 17:00:00,-0.002539135046036105
2020-10-14 18:00:00,-0.00034482398829951326
2020-10-14 19:00:00,-0.002081869050592549
2020-10-14 20:00:00,-0.001
2020-10-15 12:00:00,-0.001
2020-10-15 13:00:00,-0.00460299253885476
2020-10-15 14:00:00,-0.0010549633035303976
2020-10-15 15:00:00,0.0024611187694105704
2020-10-15 16:00:00,0.00041891074828266455
2020-10-15 17:00:00,0.000891491531057271
2020-10-15 18:00:00,-0.0013218144598197636
2020-10-15 19:00:00,-0.002285687737554214
2020-10-15 20:00:00,-0.001
2020-10-16 12:00:00,0.0
2020-10-16 13:00:00,0.0
2020-10-16 14:00:00,0.0
2020-10-16 15:00:00,0.0
2020-10-16 16:00:00,0.0
2020-10-16 17:00:00,0.0
2020-10-16 18:00:00,0.0
2020-10-16 19:00:00,0.0
2020-10-16 20:00:00,0.0
2020-10-19 12:00:00,0.0
2020-10-19 13:00:00,0.0
2020-10-19 14:00:00,0.0
2020-10-19 15:00:00,0.0
2020-10-19 16:00:00,0.0
2020-10-19 17:00:00,-0.006784035516477754
2020-10-19 18:00:00,-0.007725569632555129
2020-10-19 19:00:00,-0.0020498712483138937
2020-10-19 20:00:00,-0.001
2020-10-20 13:00:00,0.005200537862404859
2020-10-20 14:00:00,6.384522764236815e-05
2020-10-20 15:00:00,-0.0004104011093557172
2020-10-20 16:00:00,-0.001601040690680732
2020-10-20 17:00:00,-0.00035574887902163816
2020-10-20 18:00:00,-0.0038710715665143548
2020-10-20 19:00:00,-0.00591194770964048
2020-10-20 20:00:00,-0.001
2020-10-21 13:00:00,-0.001893705872208417
2020-10-21 14:00:00,-0.01438464895975736
2020-10-21 15:00:00,-0.003515017894543842
2020-10-21 16:00:00,-0.003468059942699602
2020-10-21 17:00:00,-0.00016317740705730694
2020-10-21 18:00:00,0.001567975241681375
2020-10-21 19:00:00,-0.008586742567531645
2020-10-21 20:00:00,-0.001
2020-10-22 12:00:00,-0.001
2020-10-22 13:00:00,0.00478547220647394
2020-10-22 14:00:00,-0.010415186772754745
2020-10-22 15:00:00,0.0019158385455821446
2020-10-22 16:00:00,0.002603807638147527
2020-10-22 17:00:00,0.002263690958989135
2020-10-22 18:00:00,0.0
2020-10-22 19:00:00,-0.007160468033458733
2020-10-22 20:00:00,-0.00046544778431980487
2020-10-23 12:00:00,-0.001
2020-10-23 13:00:00,0.0012244696882161518
2020-10-23 14:00:00,-0.002340446820462138
2020-10-23 15:00:00,-0.0005861836201603013
2020-10-23 16:00:00,-0.002238272741506713
2020-10-23 17:00:00,0.00436791029399582
2020-10-23 18:00:00,0.0016424444079055698
2020-10-23 19:00:00,-0.0006085912685514441
2020-10-26 12:00:00,-0.001
2020-10-26 13:00:00,-0.011853832174503164
2020-10-26 14:00:00,-0.007033315544678364
2020-10-26 15:00:00,-0.006680598900568856
2020-10-26 16:00:00,-0.0028517332626172556
2020-10-26 17:00:00,-0.0019534276423792455
2020-10-26 18:00:00,0.00236712351867719
2020-10-26 19:00:00,0.0005499611842296646
2020-10-26 20:00:00,-0.001
2020-10-27 12:00:00,-0.001
2020-10-27 13:00:00,-0.005034219912514131
2020-10-27 14:00:00,-0.004328116771424478
2020-10-27 15:00:00,-0.0015099188131913956
2020-10-27 16:00:00,-0.004378969768421259
2020-10-27 17:00:00,0.0026796240853028796
2020-10-27 18:00:00,-0.005744197502845171
2020-10-27 19:00:00,-0.007843443168713009
2020-10-27 20:00:00,-0.001
2020-10-28 12:00:00,-0.001957605234798914
2020-10-28 13:00:00,-0.013384274966702824
2020-10-28 14:00:00,-0.013768899079065717
2020-10-28 15:00:00,0.0034062254069616334
2020-10-28 16:00:00,-0.005121854568849481
2020-10-28 17:00:00,-0.0027896373789242637
2020-10-28 18:00:00,0.0012882709602236651
2020-10-28 19:00:00,-0.00795748096800911
2020-10-28 20:00:00,-0.001
2020-10-29 12:00:00,-0.001
2020-10-29 13:00:00,0.001425408342405927
2020-10-29 14:00:00,-0.003550759199540331
2020-10-29 15:00:00,-0.005151438133792418
2020-10-29 16:00:00,5.028440131111351e-05
2020-10-29 17:00:00,0.01006196916985825
2020-10-29 18:00:00,0.001095084431310801
2020-10-29 19:00:00,-0.008802222651524139
2020-10-29 20:00:00,-0.001
2020-10-30 12:00:00,-0.005606384462614488
2020-10-30 13:00:00,-0.0017910933408713406
2020-10-30 14:00:00,-0.01186362473365236
2020-10-30 15:00:00,0.00421805676262802
2020-10-30 16:00:00,-0.0005119648884914721
2020-10-30 17:00:00,-0.0025459899684764135
2020-10-30 18:00:00,-0.004537002505388148
2020-10-30 19:00:00,0.004803584093702652
2020-10-30 20:00:00,-0.0010377964660304264
2020-11-02 13:00:00,-0.0006565030286480747
2020-11-02 14:00:00,0.014408060173159327
2020-11-02 15:00:00,-0.006122249934523588
2020-11-02 16:00:00,-0.0027452962208420854
2020-11-02 17:00:00,-0.008389571837801906
2020-11-02 18:00:00,-0.00941060647940839
2020-11-02 19:00:00,0.005503193719824446
2020-11-02 20:00:00,0.004828638875255881
2020-11-02 21:00:00,-0.001014226100151743
2020-11-03 13:00:00,-0.001
2020-11-03 14:00:00,0.0
2020-11-03 15:00:00,0.0
2020-11-03 16:00:00,0.0
2020-11-03 17:00:00,0.0
2020-11-03 18:00:00,0.0
2020-11-03 19:00:00,0.0
2020-11-03 20:00:00,0.0
2020-11-03 21:00:00,0.0
2020-11-04 13:00:00,0.0
2020-11-04 14:00:00,0.0
2020-11-04 15:00:00,0.0
2020-11-04 16:00:00,0.0
2020-11-04 17:00:00,0.0
2020-11-04 18:00:00,0.0
2020-11-04 19:00:00,0.0
2020-11-04 20:00:00,0.0
2020-11-04 21:00:00,0.0
2020-11-05 13:00:00,0.0
2020-11-05 14:00:00,0.0
2020-11-05 15:00:00,0.0
2020-11-05 16:00:00,0.0
2020-11-05 17:00:00,0.0
2020-11-05 18:00:00,0.0
2020-11-05 19:00:00,0.0
2020-11-05 20:00:00,0.0
2020-11-05 21:00:00,0.0
2020-11-06 13:00:00,0.0
2020-11-06 14:00:00,0.0
2020-11-06 15:00:00,0.0
2020-11-06 16:00:00,0.0
2020-11-06 17:00:00,0.0
2020-11-06 18:00:00,0.0
2020-11-06 19:00:00,0.0
2020-11-06 20:00:00,0.0
2020-11-06 21:00:00,0.0
2020-11-09 13:00:00,0.0
2020-11-09 14:00:00,0.0
2020-11-09 15:00:00,0.0
2020-11-09 16:00:00,0.0
2020-11-09 17:00:00,0.0
2020-11-09 18:00:00,0.0
2020-11-09 19:00:00,0.0
2020-11-09 20:00:00,0.0
2020-11-09 21:00:00,0.0
2020-11-10 13:00:00,0.0
2020-11-10 14:00:00,0.0
2020-11-10 15:00:00,0.0
2020-11-10 16:00:00,0.0
2020-11-10 17:00:00,0.0
2020-11-10 18:00:00,0.0
2020-11-10 19:00:00,0.0
2020-11-10 20:00:00,0.0
2020-11-10 21:00:00,0.0
2020-11-11 13:00:00,0.0
2020-11-11 14:00:00,0.0
2020-11-11 15:00:00,0.0
2020-11-11 16:00:00,0.0
2020-11-11 17:00:00,0.0
2020-11-11 18:00:00,0.0
2020-11-11 19:00:00,0.0
2020-11-11 20:00:00,0.0
2020-11-11 21:00:00,0.0
2020-11-12 13:00:00,0.0
2020-11-12 14:00:00,0.0
2020-11-12 15:00:00,0.0
2020-11-12 16:00:00,0.0
2020-11-12 17:00:00,0.0
2020-11-12 18:00:00,0.0
2020-11-12 19:00:00,0.0
2020-11-12 20:00:00,0.0
2020-11-12 21:00:00,0.0
2020-11-13 13:00:00,0.0
2020-11-13 14:00:00,0.0
2020-11-13 15:00:00,0.0
2020-11-13 16:00:00,0.0
2020-11-13 17:00:00,0.0
2020-11-13 18:00:00,0.0
2020-11-13 19:00:00,0.0
2020-11-13 20:00:00,0.0
2020-11-13 21:00:00,0.0
2020-11-16 13:00:00,0.0
2020-11-16 14:00:00,0.0
2020-11-16 15:00:00,0.0
2020-11-16 16:00:00,0.0
2020-11-16 17:00:00,0.0
2020-11-16 18:00:00,0.0
2020-11-16 19:00:00,0.0
2020-11-16 20:00:00,0.0
2020-11-16 21:00:00,0.0
2020-11-17 13:00:00,0.0
2020-11-17 14:00:00,0.0
2020-11-17 15:00:00,0.0
2020-11-17 16:00:00,0.0
2020-11-17 17:00:00,0.0
2020-11-17 18:00:00,0.0
2020-11-17 19:00:00,0.0
2020-11-17 20:00:00,0.0
2020-11-18 13:00:00,0.0
2020-11-18 14:00:00,0.0
2020-11-18 15:00:00,0.0
2020-11-18 16:00:00,0.0
2020-11-18 17:00:00,-0.004864148995969269
2020-11-18 18:00:00,-0.003577154293779871
2020-11-18 19:00:00,-0.004165871901438056
2020-11-18 20:00:00,-0.010079343073263795
2020-11-18 21:00:00,-0.001
2020-11-19 13:00:00,-0.001
2020-11-19 14:00:00,-0.007966476148538303
2020-11-19 15:00:00,-0.0024225818171834217
2020-11-19 16:00:00,-0.002981125375394216
2020-11-19 17:00:00,-0.0025389025162835246
2020-11-19 18:00:00,0.0013837827377528042
2020-11-19 19:00:00,0.0008924611283368919
2020-11-19 20:00:00,0.0014990539478939532
2020-11-19 21:00:00,0.0
2020-11-20 13:00:00,0.0
2020-11-20 14:00:00,0.0
2020-11-20 15:00:00,0.0
2020-11-20 16:00:00,0.0
2020-11-20 17:00:00,0.0
2020-11-20 18:00:00,0.0
2020-11-20 19:00:00,0.0
2020-11-20 20:00:00,0.0
2020-11-20 21:00:00,0.0
2020-11-23 13:00:00,0.0
2020-11-23 14:00:00,0.0
2020-11-23 15:00:00,0.0
2020-11-23 16:00:00,0.0
2020-11-23 17:00:00,0.0
2020-11-23 18:00:00,0.0
2020-11-23 19:00:00,0.0
2020-11-23 20:00:00,0.0
2020-11-23 21:00:00,0.0
2020-11-24 13:00:00,0.0
2020-11-24 14:00:00,0.0
2020-11-24 15:00:00,0.0
2020-11-24 16:00:00,0.0
2020-11-24 17:00:00,0.0
2020-11-24 18:00:00,0.0
2020-11-24 19:00:00,0.0
2020-11-24 20:00:00,0.0
2020-11-24 21:00:00,0.0
2020-11-25 13:00:00,0.0
2020-11-25 14:00:00,0.0
2020-11-25 15:00:00,0.0
2020-11-25 16:00:00,0.0
2020-11-25 17:00:00,0.0
2020-11-25 18:00:00,0.0
2020-11-25 19:00:00,0.0
2020-11-25 20:00:00,0.0
2020-11-25 21:00:00,0.0
2020-11-27 13:00:00,0.0
2020-11-27 14:00:00,0.0
2020-11-27 15:00:00,0.0
2020-11-27 16:00:00,0.0
2020-11-27 17:00:00,0.0
2020-11-27 18:00:00,0.0
2020-11-30 13:00:00,0.0
2020-11-30 14:00:00,0.0
2020-11-30 15:00:00,-0.00952639348234222
2020-11-30 16:00:00,-0.001244254534833066
2020-11-30 17:00:00,0.0014348769502398394
2020-11-30 18:00:00,-0.002546342900736597
2020-11-30 19:00:00,7.705702671178616e-05
2020-11-30 20:00:00,-0.0031814651339570057
2020-11-30 21:00:00,-0.001
2020-12-01 13:00:00,-0.001
2020-12-01 14:00:00,0.013001366893778007
2020-12-01 15:00:00,-0.00022018500600615078
2020-12-01 16:00:00,-0.0040034180027306125
2020-12-01 17:00:00,0.0024399767634311464
2020-12-01 18:00:00,0.00045862358026954684
2020-12-01 19:00:00,0.0
2020-12-01 20:00:00,0.0
2020-12-01 21:00:00,0.0
2020-12-02 13:00:00,0.0
2020-12-02 14:00:00,0.0
2020-12-02 15:00:00,-0.008389175084978372
2020-12-02 16:00:00,-0.00038791545336645437
2020-12-02 17:00:00,-0.0027432028019896684
2020-12-02 18:00:00,-0.0036352244432972126
2020-12-02 19:00:00,0.002191822297572888
2020-12-02 20:00:00,-0.0013112371207977527
2020-12-02 21:00:00,0.005224885442368699
2020-12-03 13:00:00,-0.0009751320638749552
2020-12-03 14:00:00,0.004743827855452588
2020-12-03 15:00:00,0.0011576233470021466
2020-12-03 16:00:00,-0.0009344962498718292
2020-12-03 17:00:00,-0.00050716166450439
2020-12-03 18:00:00,-0.004655762599798773
2020-12-03 19:00:00,0.0
2020-12-03 20:00:00,0.0
2020-12-03 21:00:00,0.0
2020-12-04 13:00:00,0.0
2020-12-04 14:00:00,0.0
2020-12-04 15:00:00,0.0
2020-12-04 16:00:00,0.0
2020-12-04 17:00:00,0.0
2020-12-04 18:00:00,0.0
2020-12-04 19:00:00,0.0
2020-12-04 20:00:00,0.0
2020-12-04 21:00:00,0.0
2020-12-07 13:00:00,0.0
2020-12-07 14:00:00,0.0
2020-12-07 15:00:00,0.0
2020-12-07 16:00:00,0.0
2020-12-07 17:00:00,0.0
2020-12-07 18:00:00,0.0
2020-12-07 19:00:00,0.0
2020-12-07 20:00:00,0.0
2020-12-07 21:00:00,0.0
2020-12-08 13:00:00,0.0
2020-12-08 14:00:00,0.0
2020-12-08 15:00:00,0.0
2020-12-08 16:00:00,0.0
2020-12-08 17:00:00,0.0
2020-12-08 18:00:00,0.0
2020-12-08 19:00:00,0.0
2020-12-08 20:00:00,0.0
2020-12-08 21:00:00,0.0
2020-12-09 13:00:00,0.0
2020-12-09 14:00:00,0.0
2020-12-09 15:00:00,0.0
2020-12-09 16:00:00,0.0
2020-12-09 17:00:00,-0.009460493833455284
2020-12-09 18:00:00,-0.0067807246527878
2020-12-09 19:00:00,0.002960749772533967
2020-12-09 20:00:00,0.0009691683282409612
2020-12-09 21:00:00,-0.001
2020-12-10 13:00:00,-0.001
2020-12-10 14:00:00,0.0019717610836236473
2020-12-10 15:00:00,0.0005522937931112535
2020-12-10 16:00:00,-0.003657216484055991
2020-12-10 17:00:00,-0.0026557739471612042
2020-12-10 18:00:00,-0.0008056165108706206
2020-12-10 19:00:00,-0.0024433841269652637
2020-12-10 20:00:00,0.0011242067110328055
2020-12-10 21:00:00,0.0
2020-12-11 13:00:00,0.0
2020-12-11 14:00:00,-0.01665204272352181
2020-12-11 15:00:00,-0.0037841426159000925
2020-12-11 16:00:00,-0.002054633503245417
2020-12-11 17:00:00,-0.0019048764729543857
2020-12-11 18:00:00,0.003179900073909071
2020-12-11 19:00:00,-0.0004696445178526068
2020-12-11 20:00:00,-0.0009414429096196211
2020-12-11 21:00:00,-0.001
2020-12-14 13:00:00,-0.0009735659529473964
2020-12-14 14:00:00,0.007940958266891118
2020-12-14 15:00:00,-0.0034162009820352937
2020-12-14 16:00:00,-0.004391288014042248
2020-12-14 17:00:00,-0.0031981987587464
2020-12-14 18:00:00,-0.004138146285823501
2020-12-14 19:00:00,-0.0013369898808746829
2020-12-14 20:00:00,-0.005869121005708116
2020-12-14 21:00:00,-0.001
2020-12-15 13:00:00,-0.001
2020-12-15 14:00:00,0.002413410903936398
2020-12-15 15:00:00,0.003078689724847995
2020-12-15 16:00:00,0.0018535493554460722
2020-12-15 17:00:00,0.0029580383217548646
2020-12-15 18:00:00,0.0019057153404192792
2020-12-15 19:00:00,-0.0013458657161540756
2020-12-15 20:00:00,5.89263709314179e-05
2020-12-15 21:00:00,-0.001
2020-12-16 13:00:00,0.0
2020-12-16 14:00:00,0.0
2020-12-16 15:00:00,0.0
2020-12-16 16:00:00,0.0
2020-12-16 17:00:00,0.0
2020-12-16 18:00:00,0.0
2020-12-16 19:00:00,0.0
2020-12-16 20:00:00,0.0
2020-12-16 21:00:00,0.0
2020-12-17 13:00:00,0.0
2020-12-17 14:00:00,0.0
2020-12-17 15:00:00,0.0
2020-12-17 16:00:00,0.0
2020-12-17 17:00:00,0.0
2020-12-17 18:00:00,0.0
2020-12-17 19:00:00,0.0
2020-12-17 20:00:00,0.0
2020-12-17 21:00:00,0.0
2020-12-18 13:00:00,0.0
2020-12-18 14:00:00,0.0
2020-12-18 15:00:00,0.0
2020-12-18 16:00:00,0.0
2020-12-18 17:00:00,0.0
2020-12-18 18:00:00,0.0
2020-12-18 19:00:00,0.0
2020-12-18 20:00:00,0.0
2020-12-18 21:00:00,0.0
2020-12-21 13:00:00,0.0
2020-12-21 14:00:00,-0.025944400362714067
2020-12-21 15:00:00,-0.003664145464979767
2020-12-21 16:00:00,0.0015603480455715865
2020-12-21 17:00:00,0.003413419540168906
2020-12-21 18:00:00,-0.0015050322921284322
2020-12-21 19:00:00,0.0005282837310975406
2020-12-21 20:00:00,0.0003213412564854255
2020-12-21 21:00:00,-0.001
2020-12-22 13:00:00,-0.001
2020-12-22 14:00:00,-0.008312903251913115
2020-12-22 15:00:00,0.003092706625197501
2020-12-22 16:00:00,-0.0009385196903140871
2020-12-22 17:00:00,-0.003217815230042114
2020-12-22 18:00:00,0.0
2020-12-22 19:00:00,0.0
2020-12-22 20:00:00,0.0
2020-12-22 21:00:00,0.0
2020-12-23 13:00:00,0.0
2020-12-23 14:00:00,0.0
2020-12-23 15:00:00,0.0
2020-12-23 16:00:00,0.0
2020-12-23 17:00:00,0.0
2020-12-23 18:00:00,0.0
2020-12-23 19:00:00,0.0
2020-12-23 20:00:00,0.0
2020-12-23 21:00:00,0.0
2020-12-24 13:00:00,0.0
2020-12-24 14:00:00,0.0
2020-12-24 15:00:00,0.0
2020-12-24 16:00:00,0.0
2020-12-24 17:00:00,0.0
2020-12-24 18:00:00,0.0
2020-12-28 13:00:00,0.0
2020-12-28 14:00:00,0.0
2020-12-28 15:00:00,0.0
2020-12-28 16:00:00,0.0
2020-12-28 17:00:00,0.0
2020-12-28 18:00:00,0.0
2020-12-28 19:00:00,0.0
2020-12-28 20:00:00,0.0
2020-12-28 21:00:00,0.0
2020-12-29 13:00:00,0.0
2020-12-29 14:00:00,-0.013650755558279791
2020-12-29 15:00:00,-0.0011038835607362287
2020-12-29 16:00:00,-0.005886700000850741
2020-12-29 17:00:00,-0.005121575778245917
2020-12-29 18:00:00,0.002181291725170193
2020-12-29 19:00:00,-0.0017547545602950457
2020-12-29 20:00:00,0.002424740930029779
2020-12-29 21:00:00,-0.001
2020-12-30 13:00:00,-0.001
2020-12-30 14:00:00,0.009369072760542569
2020-12-30 15:00:00,-0.004656208038908238
2020-12-30 16:00:00,-0.002330430009776984
2020-12-30 17:00:00,-0.0007371449043440273
2020-12-30 18:00:00,0.0
2020-12-30 19:00:00,0.0
2020-12-30 20:00:00,0.0
2020-12-30 21:00:00,0.0
2020-12-31 13:00:00,0.0
2020-12-31 14:00:00,0.0
2020-12-31 15:00:00,0.0
2020-12-31 16:00:00,0.0
2020-12-31 17:00:00,0.0
2020-12-31 18:00:00,0.0
2020-12-31 19:00:00,0.0
2020-12-31 20:00:00,0.0
2021-01-04 13:00:00,0.0
2021-01-04 14:00:00,0.0
2021-01-04 15:00:00,-0.018453060294394537
2021-01-04 16:00:00,-0.005075939101958026
2021-01-04 17:00:00,-0.00017195557605879008
2021-01-04 18:00:00,0.006531780727383419
2021-01-04 19:00:00,-0.004641610263532081
2021-01-04 20:00:00,-0.0016979482929667213
2021-01-04 21:00:00,-0.001
2021-01-05 13:00:00,-0.0015073431241655602
2021-01-05 14:00:00,0.0018574886429087788
2021-01-05 15:00:00,-4.200446021732551e-05
2021-01-05 16:00:00,0.0030896244362517934
2021-01-05 17:00:00,-0.00021103192567128917
2021-01-05 18:00:00,0.0012950124111546675
2021-01-05 19:00:00,0.0
2021-01-05 20:00:00,0.0
2021-01-06 13:00:00,0.0
2021-01-06 14:00:00,-0.0233445370443001
2021-01-06 15:00:00,0.0013693529454242744
2021-01-06 16:00:00,-0.0003892013360827331
2021-01-06 17:00:00,0.0008119588576442857
2021-01-06 18:00:00,-0.0011989335895503318
2021-01-06 19:00:00,-0.006283113378145915
2021-01-06 20:00:00,-0.005140694293672037
2021-01-06 21:00:00,-0.001
2021-01-07 13:00:00,-0.00032019147840485116
2021-01-07 14:00:00,0.009302655565700469
2021-01-07 15:00:00,0.002339556672532823
2021-01-07 16:00:00,-0.0016260163567817223
2021-01-07 17:00:00,0.00024916351259971024
2021-01-07 18:00:00,0.0
2021-01-07 19:00:00,0.0
2021-01-07 20:00:00,0.0
2021-01-07 21:00:00,0.0
2021-01-08 13:00:00,0.0
2021-01-08 14:00:00,0.0
2021-01-08 15:00:00,0.0
2021-01-08 16:00:00,0.0
2021-01-08 17:00:00,0.0
2021-01-08 18:00:00,0.0
2021-01-08 19:00:00,0.0
2021-01-08 20:00:00,0.0
2021-01-08 21:00:00,0.0
2021-01-11 13:00:00,0.0
2021-01-11 14:00:00,0.0
2021-01-11 15:00:00,0.0
2021-01-11 16:00:00,0.0
2021-01-11 17:00:00,0.0
2021-01-11 18:00:00,0.0
2021-01-11 19:00:00,0.0
2021-01-11 20:00:00,0.0
2021-01-11 21:00:00,0.0
2021-01-12 13:00:00,0.0
2021-01-12 14:00:00,0.0
2021-01-12 15:00:00,0.0
2021-01-12 16:00:00,-0.006553439718126352
2021-01-12 17:00:00,-0.0020629773880798054
2021-01-12 18:00:00,0.0035632558368640776
2021-01-12 19:00:00,-0.00034558058359800885
2021-01-12 20:00:00,-0.0001517257140485719
2021-01-13 13:00:00,-0.0012325581395348886
2021-01-13 14:00:00,0.001997744028198396
2021-01-13 15:00:00,0.003545353538349334
2021-01-13 16:00:00,0.0014319217973727547
2021-01-13 17:00:00,0.0002192199641186008
2021-01-13 18:00:00,-0.0026152744874204594
2021-01-13 19:00:00,-0.0005632750263786448
2021-01-13 20:00:00,-0.003242248945014769
2021-01-13 21:00:00,0.0
2021-01-14 13:00:00,0.0
2021-01-14 14:00:00,0.0
2021-01-14 15:00:00,-0.009723842321203605
2021-01-14 16:00:00,-0.0007827062926873676
2021-01-14 17:00:00,0.00012813036481635438
2021-01-14 18:00:00,-0.000690533746346921
2021-01-14 19:00:00,-0.004057067345413489
2021-01-14 20:00:00,-0.0036536688202941084
2021-01-14 21:00:00,-0.001
2021-01-15 13:00:00,-0.001
2021-01-15 14:00:00,-0.011383968045739833
2021-01-15 15:00:00,-0.0045217467500619606
2021-01-15 16:00:00,0.0004831100241307238
2021-01-15 17:00:00,0.0015100638873844947
2021-01-15 18:00:00,-0.0004910839881440024
2021-01-15 19:00:00,0.0
2021-01-15 20:00:00,-0.0067028397996364945
2021-01-15 21:00:00,-0.0009362012395187737
2021-01-19 13:00:00,-3.716234177367683e-05
2021-01-19 14:00:00,0.005035154581027813
2021-01-19 15:00:00,-0.0010630462784449448
2021-01-19 16:00:00,-0.0030033107124621417
2021-01-19 17:00:00,-0.00027515323389539685
2021-01-19 18:00:00,-0.0009914234871973284
2021-01-19 19:00:00,-0.0025756938331631886
2021-01-19 20:00:00,-0.001060374407754954
2021-01-19 21:00:00,-0.001
2021-01-20 13:00:00,-0.001
2021-01-20 14:00:00,-0.0008606622633202434
2021-01-20 15:00:00,0.0
2021-01-20 16:00:00,0.0
2021-01-20 17:00:00,0.0
2021-01-20 18:00:00,0.0
2021-01-20 19:00:00,0.0
2021-01-20 20:00:00,0.0
2021-01-20 21:00:00,0.0
2021-01-21 13:00:00,0.0
2021-01-21 14:00:00,0.0
2021-01-21 15:00:00,0.0
2021-01-21 16:00:00,0.0
2021-01-21 17:00:00,-0.005673061612977547
2021-01-21 18:00:00,-0.005131069985865599
2021-01-21 19:00:00,0.0014770651682145652
2021-01-21 20:00:00,-0.003613202484299304
2021-01-21 21:00:00,-0.001
2021-01-22 13:00:00,-0.0012347310847766627
2021-01-22 14:00:00,-0.012791382986769705
2021-01-22 15:00:00,0.0005562998106962654
2021-01-22 16:00:00,0.0017738628188861249
2021-01-22 17:00:00,0.0008980203946724506
2021-01-22 18:00:00,-0.000544295045808412
2021-01-22 19:00:00,-0.00012137799230726358
2021-01-22 20:00:00,0.001983195240879616
2021-01-22 21:00:00,0.0
2021-01-25 13:00:00,0.0
2021-01-25 14:00:00,-0.02417651135365103
2021-01-25 15:00:00,-0.003757148364608192
2021-01-25 16:00:00,0.0020245158854553975
2021-01-25 17:00:00,0.005879910865464961
2021-01-25 18:00:00,0.0007933934941733397
2021-01-25 19:00:00,-0.002603391937573745
2021-01-25 20:00:00,-0.0015050810640464699
2021-01-25 21:00:00,-0.001
2021-01-26 13:00:00,0.0014507389162561565
2021-01-26 14:00:00,-0.003896351530692759
2021-01-26 15:00:00,-0.0034429180171048892
2021-01-26 16:00:00,-0.0025144216229939665
2021-01-26 17:00:00,0.00013742622689036452
2021-01-26 18:00:00,-0.00646947031625763
2021-01-26 19:00:00,0.0009210024000210102
2021-01-26 20:00:00,-0.0061513457532021915
2021-01-26 21:00:00,-0.001
2021-01-27 13:00:00,-0.002751160990712075
2021-01-27 14:00:00,-0.02529784715672012
2021-01-27 15:00:00,0.01379005473138465
2021-01-27 16:00:00,-0.008381451899480134
2021-01-27 17:00:00,0.004267895467649014
2021-01-27 18:00:00,-0.0042322312939269404
2021-01-27 19:00:00,-0.010966631054507087
2021-01-27 20:00:00,0.00011344254507624852
2021-01-27 21:00:00,-0.001
2021-01-28 13:00:00,-0.0012754011277295188
2021-01-28 14:00:00,0.011366877673978294
2021-01-28 15:00:00,0.002361718471789821
2021-01-28 16:00:00,0.004189319012964444
2021-01-28 17:00:00,0.003382001117866757
2021-01-28 18:00:00,0.0018460681737985604
2021-01-28 19:00:00,-0.0026538029395965492
2021-01-28 20:00:00,-0.009939153637273549
2021-01-28 21:00:00,-0.001
2021-01-29 13:00:00,-0.001
2021-01-29 14:00:00,-0.01914837829617233
2021-01-29 15:00:00,0.0026253143856907087
2021-01-29 16:00:00,-0.006033178834987268
2021-01-29 17:00:00,-0.011036720263570703
2021-01-29 18:00:00,0.0006914099196278342
2021-01-29 19:00:00,0.001600616523940463
2021-01-29 20:00:00,-0.0032590708251898515
2021-01-29 21:00:00,-0.0009258044361137188
2021-02-01 13:00:00,-0.0002864384309443904
2021-02-01 14:00:00,0.006265508320992126
2021-02-01 15:00:00,-0.0028421985360012492
2021-02-01 16:00:00,0.00591604898613084
2021-02-01 17:00:00,0.00023612102888946412
2021-02-01 18:00:00,-0.0016450725462057439
2021-02-01 19:00:00,0.00211472707603041
2021-02-01 20:00:00,-0.0010793029796938183
2021-02-02 13:00:00,0.0
2021-02-02 14:00:00,0.0
2021-02-02 15:00:00,0.0
2021-02-02 16:00:00,0.0
2021-02-02 17:00:00,0.0
2021-02-02 18:00:00,0.0
2021-02-02 19:00:00,0.0
2021-02-02 20:00:00,0.0
2021-02-02 21:00:00,0.0
2021-02-03 13:00:00,0.0
2021-02-03 14:00:00,0.0
2021-02-03 15:00:00,0.0
2021-02-03 16:00:00,0.0
2021-02-03 17:00:00,0.0
2021-02-03 18:00:00,0.0
2021-02-03 19:00:00,0.0
2021-02-03 20:00:00,0.0
2021-02-03 21:00:00,0.0
2021-02-04 13:00:00,0.0
2021-02-04 14:00:00,0.0
2021-02-04 15:00:00,0.0
2021-02-04 16:00:00,0.0
2021-02-04 17:00:00,0.0
2021-02-04 18:00:00,0.0
2021-02-04 19:00:00,0.0
2021-02-04 20:00:00,0.0
2021-02-04 21:00:00,0.0
2021-02-05 13:00:00,0.0
2021-02-05 14:00:00,0.0
2021-02-05 15:00:00,0.0
2021-02-05 16:00:00,0.0
2021-02-05 17:00:00,0.0
2021-02-05 18:00:00,0.0
2021-02-05 19:00:00,0.0
2021-02-05 20:00:00,0.0
2021-02-05 21:00:00,0.0
2021-02-08 13:00:00,0.0
2021-02-08 14:00:00,0.0
2021-02-08 15:00:00,0.0
2021-02-08 16:00:00,0.0
2021-02-08 17:00:00,0.0
2021-02-08 18:00:00,0.0
2021-02-08 19:00:00,0.0
2021-02-08 20:00:00,0.0
2021-02-08 21:00:00,0.0
2021-02-09 13:00:00,0.0
2021-02-09 14:00:00,0.0
2021-02-09 15:00:00,0.0
2021-02-09 16:00:00,0.0
2021-02-09 17:00:00,0.0
2021-02-09 18:00:00,0.0
2021-02-09 19:00:00,0.0
2021-02-09 20:00:00,0.0
2021-02-09 21:00:00,0.0
2021-02-10 13:00:00,0.0
2021-02-10 14:00:00,0.0
2021-02-10 15:00:00,0.0
2021-02-10 16:00:00,0.0
2021-02-10 17:00:00,0.0
2021-02-10 18:00:00,0.0
2021-02-10 19:00:00,0.0
2021-02-10 20:00:00,0.0
2021-02-10 21:00:00,0.0
2021-02-11 13:00:00,0.0
2021-02-11 14:00:00,0.0
2021-02-11 15:00:00,0.0
2021-02-11 16:00:00,0.0
2021-02-11 17:00:00,-0.009328176871890886
2021-02-11 18:00:00,0.0015839153645351885
2021-02-11 19:00:00,0.0009361858438422085
2021-02-11 20:00:00,0.0031506486539884864
2021-02-11 21:00:00,-0.001
2021-02-12 13:00:00,-0.001
2021-02-12 14:00:00,-0.001931360407857873
2021-02-12 15:00:00,0.003766915566317126
2021-02-12 16:00:00,-0.0005246994313314482
2021-02-12 17:00:00,-0.0016127260472350016
2021-02-12 18:00:00,-0.00038009989615717576
2021-02-12 19:00:00,-0.0013578861780293651
2021-02-12 20:00:00,0.002499198827428873
2021-02-12 21:00:00,0.0
2021-02-16 13:00:00,0.0
2021-02-16 14:00:00,-0.0203007792512918
2021-02-16 15:00:00,-0.0031075167720194022
2021-02-16 16:00:00,-0.0047237275381221185
2021-02-16 17:00:00,0.0010510173033638943
2021-02-16 18:00:00,-0.0007783592659455432
2021-02-16 19:00:00,-0.004352201173837266
2021-02-16 20:00:00,-0.0023247378764685456
2021-02-16 21:00:00,-0.001
2021-02-17 13:00:00,-0.001
2021-02-17 14:00:00,-0.009353793480820632
2021-02-17 15:00:00,0.00126117984790995
2021-02-17 16:00:00,-0.0004834450057205666
2021-02-17 17:00:00,-0.0011918975769711951
2021-02-17 18:00:00,-0.0019142062630393578
2021-02-17 19:00:00,0.0012345356427417974
2021-02-17 20:00:00,0.0011305688664309706
2021-02-17 21:00:00,-0.001
2021-02-18 13:00:00,-0.00245701818702052
2021-02-18 14:00:00,-0.005900846525128821
2021-02-18 15:00:00,-0.005105267139013519
2021-02-18 16:00:00,-0.0005727056033963165
2021-02-18 17:00:00,0.00043193572095438586
2021-02-18 18:00:00,0.002437361322339516
2021-02-18 19:00:00,0.0011791834403926567
2021-02-18 20:00:00,-0.0016850058675669734
2021-02-18 21:00:00,-0.001932923948984421
2021-02-19 13:00:00,0.0
2021-02-19 14:00:00,0.0
2021-02-19 15:00:00,0.0
2021-02-19 16:00:00,0.0
2021-02-19 17:00:00,0.0
2021-02-19 18:00:00,0.0
2021-02-19 19:00:00,0.0
2021-02-19 20:00:00,0.0
2021-02-19 21:00:00,0.0
2021-02-22 13:00:00,0.0
2021-02-22 14:00:00,-0.01886305251046024
2021-02-22 15:00:00,-0.00466571032110457
2021-02-22 16:00:00,-0.004162175563760423
2021-02-22 17:00:00,0.0013331563412064215
2021-02-22 18:00:00,-0.0008027180692690364
2021-02-22 19:00:00,-0.0016264451455034847
2021-02-22 20:00:00,-0.001945396030847323
2021-02-22 21:00:00,-0.001
2021-02-23 13:00:00,-0.001824420677361859
2021-02-23 14:00:00,-0.009376319818222682
2021-02-23 15:00:00,0.0016025049568079716
2021-02-23 16:00:00,-0.003031631636535891
2021-02-23 17:00:00,-0.004511151868144535
2021-02-23 18:00:00,0.0030410736839534165
2021-02-23 19:00:00,0.0019203077269390086
2021-02-23 20:00:00,0.006162191844843835
2021-02-23 21:00:00,-0.001
2021-02-24 13:00:00,-0.001
2021-02-24 14:00:00,-0.009955226332848253
2021-02-24 15:00:00,0.002661543889274804
2021-02-24 16:00:00,0.008484674275940563
2021-02-24 17:00:00,0.0001174961781742821
2021-02-24 18:00:00,0.004100437231757177
2021-02-24 19:00:00,-0.0025571225625769015
2021-02-24 20:00:00,0.0011992004451620748
2021-02-24 21:00:00,-0.001
2021-02-25 13:00:00,0.0
2021-02-25 14:00:00,0.0
2021-02-25 15:00:00,0.0
2021-02-25 16:00:00,-0.008848826843711438
2021-02-25 17:00:00,-0.0059005621507375915
2021-02-25 18:00:00,0.0014358778688973572
2021-02-25 19:00:00,0.0024511223531847324
2021-02-25 20:00:00,-0.005483432748128002
2021-02-25 21:00:00,-0.00043890274314214355
2021-02-26 13:00:00,-0.0012774352651048085
2021-02-26 14:00:00,0.0012134563836046063
2021-02-26 15:00:00,0.0005070280501581212
2021-02-26 16:00:00,0.0012179858768019587
2021-02-26 17:00:00,-0.0016634895433680454
2021-02-26 18:00:00,-0.005567415663079988
2021-02-26 19:00:00,-0.000434193170711227
2021-02-26 20:00:00,-0.008150655575311055
2021-02-26 21:00:00,-0.001
2021-03-01 13:00:00,0.0022183494594558936
2021-03-01 14:00:00,0.012822657594305283
2021-03-01 15:00:00,0.0026936963378721376
2021-03-01 16:00:00,-0.002262074116252587
2021-03-01 17:00:00,-0.0007874212312317987
2021-03-01 18:00:00,9.828981373144561e-05
2021-03-01 19:00:00,-0.0016390500926915176
2021-03-01 20:00:00,-0.006293339419036119
2021-03-01 21:00:00,-0.001
2021-03-02 13:00:00,-0.0006019392734301513
2021-03-02 14:00:00,-0.0033079889850115996
2021-03-02 15:00:00,0.0
2021-03-02 16:00:00,0.0
2021-03-02 17:00:00,0.0
2021-03-02 18:00:00,0.0
2021-03-02 19:00:00,0.0
2021-03-02 20:00:00,0.0
2021-03-02 21:00:00,0.0
2021-03-03 13:00:00,0.0
2021-03-03 14:00:00,0.0
2021-03-03 15:00:00,-0.008662413215499931
2021-03-03 16:00:00,0.0025079747948055404
2021-03-03 17:00:00,-0.001944366723063883
2021-03-03 18:00:00,-0.001337176816896767
2021-03-03 19:00:00,-0.0005473177969633916
2021-03-03 20:00:00,-0.005060840733608078
2021-03-03 21:00:00,-0.001
2021-03-04 13:00:00,-0.001
2021-03-04 14:00:00,5.511184365601489e-07
2021-03-04 15:00:00,0.0021559842275326434
2021-03-04 16:00:00,0.003910080511317927
2021-03-04 17:00:00,-0.015497500909559484
2021-03-04 18:00:00,-0.009980478219676969
2021-03-04 19:00:00,0.008402962754318982
2021-03-04 20:00:00,-0.004448880850213853
2021-03-04 21:00:00,-0.0013598792663106587
2021-03-05 13:00:00,0.005015394348376213
2021-03-05 14:00:00,-0.002769722257901757
2021-03-05 15:00:00,-0.007312188370191046
2021-03-05 16:00:00,0.0020326521842035715
2021-03-05 17:00:00,0.01101524744423248
2021-03-05 18:00:00,0.006277095901169839
2021-03-05 19:00:00,0.0033153586710041047
2021-03-05 20:00:00,0.001983149436509436
2021-03-05 21:00:00,-0.001
2021-03-08 13:00:00,-0.001
2021-03-08 14:00:00,0.0
2021-03-08 15:00:00,0.0
2021-03-08 16:00:00,0.0
2021-03-08 17:00:00,0.0
2021-03-08 18:00:00,0.0
2021-03-08 19:00:00,0.0
2021-03-08 20:00:00,0.0
2021-03-08 21:00:00,0.0
2021-03-09 13:00:00,0.0
2021-03-09 14:00:00,0.0
2021-03-09 15:00:00,0.0
2021-03-09 16:00:00,0.0
2021-03-09 17:00:00,0.0
2021-03-09 18:00:00,0.0
2021-03-09 19:00:00,0.0
2021-03-09 20:00:00,0.0
2021-03-09 21:00:00,0.0
2021-03-10 13:00:00,0.0
2021-03-10 14:00:00,0.0
2021-03-10 15:00:00,0.0
2021-03-10 16:00:00,0.0
2021-03-10 17:00:00,0.0
2021-03-10 18:00:00,0.0
2021-03-10 19:00:00,0.0
2021-03-10 20:00:00,0.0
2021-03-10 21:00:00,0.0
2021-03-11 13:00:00,0.0
2021-03-11 14:00:00,0.0
2021-03-11 15:00:00,0.0
2021-03-11 16:00:00,0.0
2021-03-11 17:00:00,0.0
2021-03-11 18:00:00,0.0
2021-03-11 19:00:00,0.0
2021-03-11 20:00:00,0.0
2021-03-11 21:00:00,0.0
2021-03-12 13:00:00,0.0
2021-03-12 14:00:00,0.0
2021-03-12 15:00:00,0.0
2021-03-12 16:00:00,0.0
2021-03-12 17:00:00,0.0
2021-03-12 18:00:00,0.0
2021-03-12 19:00:00,0.0
2021-03-12 20:00:00,0.0
2021-03-12 21:00:00,0.0
2021-03-15 12:00:00,0.0
2021-03-15 13:00:00,0.0
2021-03-15 14:00:00,0.0
2021-03-15 15:00:00,0.0
2021-03-15 16:00:00,0.0
2021-03-15 17:00:00,0.0
2021-03-15 18:00:00,0.0
2021-03-15 19:00:00,0.0
2021-03-15 20:00:00,0.0
2021-03-16 12:00:00,0.0
2021-03-16 13:00:00,0.0
2021-03-16 14:00:00,-0.009472744659245875
2021-03-16 15:00:00,0.002729518209752847
2021-03-16 16:00:00,-0.00041714330593633966
2021-03-16 17:00:00,-0.001604429311589838
2021-03-16 18:00:00,0.000118348771391242
2021-03-16 19:00:00,-0.0040260524817039445
2021-03-16 20:00:00,-0.0015568680391495051
2021-03-17 12:00:00,-0.0016798546426953656
2021-03-17 13:00:00,0.00325436743115859
2021-03-17 14:00:00,-0.006626018587441656
2021-03-17 15:00:00,0.00490029337771455
2021-03-17 16:00:00,-0.0013169100912691792
2021-03-17 17:00:00,-0.0008590486697443269
2021-03-17 18:00:00,0.0
2021-03-17 19:00:00,0.0
2021-03-17 20:00:00,0.0
2021-03-18 12:00:00,0.0
2021-03-18 13:00:00,-0.015845731716750872
2021-03-18 14:00:00,-0.003327921917770759
2021-03-18 15:00:00,-0.0001415437043574433
2021-03-18 16:00:00,-0.0015961928084842806
2021-03-18 17:00:00,0.0034900659090250146
2021-03-18 18:00:00,-0.0031530045706163346
2021-03-18 19:00:00,-0.0032550790267994946
2021-03-18 20:00:00,-0.001
2021-03-19 12:00:00,-0.001
2021-03-19 13:00:00,-0.0035981316372734598
2021-03-19 14:00:00,0.005955499338464488
2021-03-19 15:00:00,-0.0012478258674329548
2021-03-19 16:00:00,0.001728638025033381
2021-03-19 17:00:00,0.0
2021-03-19 18:00:00,0.0
2021-03-19 19:00:00,-0.013455735654317673
2021-03-19 20:00:00,-0.001
2021-03-22 12:00:00,-0.001
2021-03-22 13:00:00,3.637779209825307e-05
2021-03-22 14:00:00,-0.0007286550479188239
2021-03-22 15:00:00,-0.0006950420303041763
2021-03-22 16:00:00,-0.001308836896212844
2021-03-22 17:00:00,0.000701120312344273
2021-03-22 18:00:00,-1.7195227705201497e-05
2021-03-22 19:00:00,-0.0016038968986744275
2021-03-22 20:00:00,-0.001
2021-03-23 12:00:00,-0.0010024987506246853
2021-03-23 13:00:00,-0.0018231900732365515
2021-03-23 14:00:00,-0.0212631520225617
2021-03-23 15:00:00,-0.0019170935373290722
2021-03-23 16:00:00,-0.0019141171148927484
2021-03-23 17:00:00,-0.00609609402154203
2021-03-23 18:00:00,-0.009825306069157096
2021-03-23 19:00:00,0.0011975061853609532
2021-03-23 20:00:00,-0.0008896247240618096
2021-03-24 12:00:00,-0.0007145915090973944
2021-03-24 13:00:00,0.011999070158696067
2021-03-24 14:00:00,0.009248069675388926
2021-03-24 15:00:00,-0.008706373310522469
2021-03-24 16:00:00,0.004036830684225696
2021-03-24 17:00:00,-0.004148132169091205
2021-03-24 18:00:00,0.0
2021-03-24 19:00:00,-0.010326118151048901
2021-03-24 20:00:00,-0.001
2021-03-25 12:00:00,-0.002537322206868458
2021-03-25 13:00:00,-0.005537754724941928
2021-03-25 14:00:00,-0.004111175782478875
2021-03-25 15:00:00,0.008310459612290138
2021-03-25 16:00:00,0.005388773303110407
2021-03-25 17:00:00,-0.00642134720716238
2021-03-25 18:00:00,0.004332908750227549
2021-03-25 19:00:00,0.002740793549339072
2021-03-25 20:00:00,-0.001
2021-03-26 12:00:00,0.00044064540914329296
2021-03-26 13:00:00,0.0015592086951824354
2021-03-26 14:00:00,0.0
2021-03-26 15:00:00,0.0
2021-03-26 16:00:00,0.0
2021-03-26 17:00:00,0.0
2021-03-26 18:00:00,0.0
2021-03-26 19:00:00,0.0
2021-03-26 20:00:00,0.0
2021-03-29 12:00:00,0.0
2021-03-29 13:00:00,0.0
2021-03-29 14:00:00,0.0
2021-03-29 15:00:00,0.0
2021-03-29 16:00:00,0.0
2021-03-29 17:00:00,0.0
2021-03-29 18:00:00,0.0
2021-03-29 19:00:00,0.0
2021-03-29 20:00:00,0.0
2021-03-30 12:00:00,0.0
2021-03-30 13:00:00,0.0
2021-03-30 14:00:00,0.0
2021-03-30 15:00:00,0.0
2021-03-30 16:00:00,0.0
2021-03-30 17:00:00,0.0
2021-03-30 18:00:00,0.0
2021-03-30 19:00:00,0.0
2021-03-30 20:00:00,0.0
2021-03-31 12:00:00,0.0
2021-03-31 13:00:00,0.0
2021-03-31 14:00:00,0.0
2021-03-31 15:00:00,0.0
2021-03-31 16:00:00,0.0
2021-03-31 17:00:00,0.0
2021-03-31 18:00:00,0.0
2021-03-31 19:00:00,0.0
2021-03-31 20:00:00,0.0
2021-04-01 12:00:00,0.0
2021-04-01 13:00:00,0.0
2021-04-01 14:00:00,0.0
2021-04-01 15:00:00,0.0
2021-04-01 16:00:00,0.0
2021-04-01 17:00:00,0.0
2021-04-01 18:00:00,0.0
2021-04-01 19:00:00,0.0
2021-04-01 20:00:00,0.0
2021-04-05 12:00:00,0.0
2021-04-05 13:00:00,0.0
2021-04-05 14:00:00,0.0
2021-04-05 15:00:00,0.0
2021-04-05 16:00:00,0.0
2021-04-05 17:00:00,0.0
2021-04-05 18:00:00,0.0
2021-04-05 19:00:00,0.0
2021-04-05 20:00:00,0.0
2021-04-06 12:00:00,0.0
2021-04-06 13:00:00,0.0
2021-04-06 14:00:00,0.0
2021-04-06 15:00:00,0.0
2021-04-06 16:00:00,0.0
2021-04-06 17:00:00,0.0
2021-04-06 18:00:00,0.0
2021-04-06 19:00:00,0.0
2021-04-06 20:00:00,0.0
2021-04-07 12:00:00,0.0
2021-04-07 13:00:00,0.0
2021-04-07 14:00:00,0.0
2021-04-07 15:00:00,0.0
2021-04-07 16:00:00,0.0
2021-04-07 17:00:00,0.0
2021-04-07 18:00:00,0.0
2021-04-07 19:00:00,0.0
2021-04-07 20:00:00,0.0
2021-04-08 12:00:00,0.0
2021-04-08 13:00:00,-0.02036881864570413
2021-04-08 14:00:00,0.0034862826770749927
2021-04-08 15:00:00,0.004321538633813139
2021-04-08 16:00:00,0.0006242147635978699
2021-04-08 17:00:00,-0.0016833420114980393
2021-04-08 18:00:00,0.001074786827601316
2021-04-08 19:00:00,-0.00040044539809581026
2021-04-08 20:00:00,-0.001
2021-04-09 12:00:00,-0.0010383729854182725
2021-04-09 13:00:00,0.002880691487023219
2021-04-09 14:00:00,-0.002497348801413312
2021-04-09 15:00:00,-0.0021727218742532187
2021-04-09 16:00:00,0.00014455570132355195
2021-04-09 17:00:00,0.0
2021-04-09 18:00:00,0.0
2021-04-09 19:00:00,0.0
2021-04-09 20:00:00,0.0
2021-04-12 12:00:00,0.0
2021-04-12 13:00:00,0.0
2021-04-12 14:00:00,0.0
2021-04-12 15:00:00,0.0
2021-04-12 16:00:00,0.0
2021-04-12 17:00:00,0.0
2021-04-12 18:00:00,0.0
2021-04-12 19:00:00,0.0
2021-04-12 20:00:00,0.0
2021-04-13 12:00:00,0.0
2021-04-13 13:00:00,-0.023094385374615563
2021-04-13 14:00:00,0.008886735018564164
2021-04-13 15:00:00,0.0012566223540833319
2021-04-13 16:00:00,-0.0023565707678017737
2021-04-13 17:00:00,0.00012816503863609754
2021-04-13 18:00:00,0.0009283864798323891
2021-04-13 19:00:00,-0.000728279611882198
2021-04-13 20:00:00,-0.0012665620048709848
2021-04-14 12:00:00,-0.001
2021-04-14 13:00:00,0.011914715826585476
2021-04-14 14:00:00,0.0016485023870775948
2021-04-14 15:00:00,-0.0013713903668632669
2021-04-14 16:00:00,-0.001153570985649293
2021-04-14 17:00:00,0.0
2021-04-14 18:00:00,0.0
2021-04-14 19:00:00,0.0
2021-04-14 20:00:00,0.0
2021-04-15 12:00:00,0.0
2021-04-15 13:00:00,0.0
2021-04-15 14:00:00,0.0
2021-04-15 15:00:00,0.0
2021-04-15 16:00:00,0.0
2021-04-15 17:00:00,0.0
2021-04-15 18:00:00,0.0
2021-04-15 19:00:00,0.0
2021-04-15 20:00:00,0.0
2021-04-16 12:00:00,0.0
2021-04-16 13:00:00,0.0
2021-04-16 14:00:00,0.0
2021-04-16 15:00:00,0.0
2021-04-16 16:00:00,0.0
2021-04-16 17:00:00,0.0
2021-04-16 18:00:00,0.0
2021-04-16 19:00:00,0.0
2021-04-16 20:00:00,0.0
2021-04-19 12:00:00,0.0
2021-04-19 13:00:00,0.0
2021-04-19 14:00:00,-0.016153575609278718
2021-04-19 15:00:00,-0.004544654435689199
2021-04-19 16:00:00,-0.00526883666093818
2021-04-19 17:00:00,0.0011199542667886817
2021-04-19 18:00:00,0.0010981933094533613
2021-04-19 19:00:00,0.0017576736109200363
2021-04-19 20:00:00,-0.001
2021-04-20 12:00:00,-0.001
2021-04-20 13:00:00,-0.002387731195802788
2021-04-20 14:00:00,-0.01201634621096958
2021-04-20 15:00:00,-0.0015869787321195086
2021-04-20 16:00:00,-0.00343960628026077
2021-04-20 17:00:00,0.000168123939261917
2021-04-20 18:00:00,-0.004488723272644594
2021-04-20 19:00:00,0.005668498444601034
2021-04-20 20:00:00,-0.001100362850304947
2021-04-21 12:00:00,-0.0011199040767386084
2021-04-21 13:00:00,0.00518151743105369
2021-04-21 14:00:00,0.0057935621012531755
2021-04-21 15:00:00,-0.0007583933928617828
2021-04-21 16:00:00,6.166914252870616e-06
2021-04-21 17:00:00,0.0006827813493507314
2021-04-21 18:00:00,-0.000995261646298045
2021-04-21 19:00:00,0.001284859079725704
2021-04-21 20:00:00,-0.0011034482758620614
2021-04-22 12:00:00,0.00029945793186295176
2021-04-22 13:00:00,0.0
2021-04-22 14:00:00,0.0
2021-04-22 15:00:00,0.0
2021-04-22 16:00:00,0.0
2021-04-22 17:00:00,-0.012315369862266844
2021-04-22 18:00:00,0.002789821230025009
2021-04-22 19:00:00,-0.0026924566244997607
2021-04-22 20:00:00,-0.001
2021-04-23 12:00:00,-0.001390625
2021-04-23 13:00:00,-0.00028224455416716503
2021-04-23 14:00:00,0.0035972868996679962
2021-04-23 15:00:00,-0.0011481036929368018
2021-04-23 16:00:00,0.00018851554978850465
2021-04-23 17:00:00,-0.0007326827683625294
2021-04-23 18:00:00,-0.00037139584838201596
2021-04-23 19:00:00,-0.0016112443136521261
2021-04-23 20:00:00,-0.001
2021-04-26 12:00:00,0.0
2021-04-26 13:00:00,-0.013351070447614043
2021-04-26 14:00:00,-0.0001882810894253675
2021-04-26 15:00:00,0.0007958230307557831
2021-04-26 16:00:00,-0.001569286852554446
2021-04-26 17:00:00,-6.924516135292571e-05
2021-04-26 18:00:00,0.0007459475175579941
2021-04-26 19:00:00,-0.0033559236118528893
2021-04-26 20:00:00,-0.001
2021-04-27 12:00:00,-0.001
2021-04-27 13:00:00,-0.0009870613954603804
2021-04-27 14:00:00,0.00014195169729418569
2021-04-27 15:00:00,-0.0008214304611816817
2021-04-27 16:00:00,-0.00044115560415277006
2021-04-27 17:00:00,0.0
2021-04-27 18:00:00,0.0
2021-04-27 19:00:00,0.0
2021-04-27 20:00:00,0.0
2021-04-28 12:00:00,0.0
2021-04-28 13:00:00,0.0
2021-04-28 14:00:00,-0.004942936025708055
2021-04-28 15:00:00,-0.003448208468344304
2021-04-28 16:00:00,-0.0010372681836416922
2021-04-28 17:00:00,-0.002111009747031383
2021-04-28 18:00:00,-0.0006721573295398178
2021-04-28 19:00:00,-0.001307099351148854
2021-04-28 20:00:00,-0.001
2021-04-29 12:00:00,-0.001
2021-04-29 13:00:00,0.0030601867541702977
2021-04-29 14:00:00,-0.004336322840164351
2021-04-29 15:00:00,-0.0017206269714729653
2021-04-29 16:00:00,0.0009181140888098746
2021-04-29 17:00:00,-0.0008464297199636975
2021-04-29 18:00:00,0.0
2021-04-29 19:00:00,0.0
2021-04-29 20:00:00,0.0
2021-04-30 12:00:00,0.0
2021-04-30 13:00:00,-0.030293268620876224
2021-04-30 14:00:00,-0.0031276799945085245
2021-04-30 15:00:00,-0.000993184050024031
2021-04-30 16:00:00,-0.0014319762248718219
2021-04-30 17:00:00,-0.0061338146668016005
2021-04-30 18:00:00,0.00011114909733879268
2021-04-30 19:00:00,-0.0013622690554455355
2021-04-30 20:00:00,-0.001
2021-05-03 12:00:00,0.000526044049408537
2021-05-03 13:00:00,0.0004988957186020224
2021-05-03 14:00:00,-0.0038129696432294626
2021-05-03 15:00:00,5.961770023516812e-06
2021-05-03 16:00:00,-0.0020375034745021992
2021-05-03 17:00:00,0.0
2021-05-03 18:00:00,0.0
2021-05-03 19:00:00,0.0
2021-05-03 20:00:00,0.0
2021-05-04 12:00:00,0.0
2021-05-04 13:00:00,-0.028808417577747658
2021-05-04 14:00:00,-0.0017004710531243685
2021-05-04 15:00:00,-0.007106800437327448
2021-05-04 16:00:00,0.0025492812541406404
2021-05-04 17:00:00,0.003404149009214142
2021-05-04 18:00:00,-4.168574775500946e-05
2021-05-04 19:00:00,0.002265995266044519
2021-05-04 20:00:00,-0.001
2021-05-05 12:00:00,-0.0009652938454419271
2021-05-05 13:00:00,0.003022218169958935
2021-05-05 14:00:00,-0.0015751182398730016
2021-05-05 15:00:00,0.0018517650114935678
2021-05-05 16:00:00,-0.005976355261359727
2021-05-05 17:00:00,0.0
2021-05-05 18:00:00,0.0
2021-05-05 19:00:00,0.0
2021-05-05 20:00:00,0.0
2021-05-06 12:00:00,0.0
2021-05-06 13:00:00,-0.039924998996688735
2021-05-06 14:00:00,-0.0042346914306031925
2021-05-06 15:00:00,0.004738170482952648
2021-05-06 16:00:00,0.0024609245748370874
2021-05-06 17:00:00,-0.0074898240171135215
2021-05-06 18:00:00,-0.0026922068847955
2021-05-06 19:00:00,0.0071180000693844845
2021-05-06 20:00:00,-0.001
2021-05-07 12:00:00,-0.0002504645801044028
2021-05-07 13:00:00,0.010158092186276137
2021-05-07 14:00:00,0.012052165613508272
2021-05-07 15:00:00,-0.0020883489964938096
2021-05-07 16:00:00,-8.813381738812984e-05
2021-05-07 17:00:00,0.0
2021-05-07 18:00:00,0.0
2021-05-07 19:00:00,0.0
2021-05-07 20:00:00,0.0
2021-05-10 12:00:00,0.0
2021-05-10 13:00:00,0.0
2021-05-10 14:00:00,0.0
2021-05-10 15:00:00,0.0
2021-05-10 16:00:00,0.0
2021-05-10 17:00:00,0.0
2021-05-10 18:00:00,0.0
2021-05-10 19:00:00,0.0
2021-05-10 20:00:00,0.0
2021-05-11 12:00:00,0.0
2021-05-11 13:00:00,-0.020959727965680696
2021-05-11 14:00:00,-0.004932037913280689
2021-05-11 15:00:00,0.004944757407173695
2021-05-11 16:00:00,-0.004423437042624144
2021-05-11 17:00:00,0.0030973568950537775
2021-05-11 18:00:00,-0.0011479730351556963
2021-05-11 19:00:00,-0.000988519048985558
2021-05-11 20:00:00,-0.001
2021-05-12 12:00:00,-0.001
2021-05-12 13:00:00,-0.008557537966146844
2021-05-12 14:00:00,-0.004491216116999102
2021-05-12 15:00:00,-0.00479121662183225
2021-05-12 16:00:00,-0.003565043397654204
2021-05-12 17:00:00,-0.0033867746385789536
2021-05-12 18:00:00,-0.0021970971064293014
2021-05-12 19:00:00,-0.008109357134196613
2021-05-12 20:00:00,-0.001
2021-05-13 12:00:00,-0.001
2021-05-13 13:00:00,0.012119901741630901
2021-05-13 14:00:00,0.0015707837804258282
2021-05-13 15:00:00,-0.003623751833468102
2021-05-13 16:00:00,5.178690549854188e-05
2021-05-13 17:00:00,-0.003298773935746401
2021-05-13 18:00:00,0.004825379057024888
2021-05-13 19:00:00,-0.0005771545344416198
2021-05-13 20:00:00,-0.001
2021-05-14 12:00:00,0.0
2021-05-14 13:00:00,0.0
2021-05-14 14:00:00,0.0
2021-05-14 15:00:00,0.0
2021-05-14 16:00:00,0.0
2021-05-14 17:00:00,0.0
2021-05-14 18:00:00,0.0
2021-05-14 19:00:00,0.0
2021-05-14 20:00:00,0.0
2021-05-17 12:00:00,0.0
2021-05-17 13:00:00,0.0
2021-05-17 14:00:00,0.0
2021-05-17 15:00:00,0.0
2021-05-17 16:00:00,0.0
2021-05-17 17:00:00,0.0
2021-05-17 18:00:00,0.0
2021-05-17 19:00:00,0.0
2021-05-17 20:00:00,0.0
2021-05-18 12:00:00,0.0
2021-05-18 13:00:00,0.0
2021-05-18 14:00:00,0.0
2021-05-18 15:00:00,0.0
2021-05-18 16:00:00,0.0
2021-05-18 17:00:00,0.0
2021-05-18 18:00:00,0.0
2021-05-18 19:00:00,0.0
2021-05-18 20:00:00,0.0
2021-05-19 12:00:00,0.0
2021-05-19 13:00:00,-0.02476337669359719
2021-05-19 14:00:00,-0.00277178761191541
2021-05-19 15:00:00,0.002581986911544893
2021-05-19 16:00:00,0.0020800326414197774
2021-05-19 17:00:00,0.0017330034590728356
2021-05-19 18:00:00,-0.005834804309160496
2021-05-19 19:00:00,0.004581301031947439
2021-05-19 20:00:00,-0.001
2021-05-20 12:00:00,-0.001
2021-05-20 13:00:00,-0.0017399292748144215
2021-05-20 14:00:00,-0.001177273847441023
2021-05-20 15:00:00,0.0026144126360160623
2021-05-20 16:00:00,-0.003720493461892859
2021-05-20 17:00:00,0.0
2021-05-20 18:00:00,0.0
2021-05-20 19:00:00,0.0
2021-05-20 20:00:00,0.0
2021-05-21 12:00:00,0.0
2021-05-21 13:00:00,0.0
2021-05-21 14:00:00,0.0
2021-05-21 15:00:00,0.0
2021-05-21 16:00:00,0.0
2021-05-21 17:00:00,0.0
2021-05-21 18:00:00,0.0
2021-05-21 19:00:00,0.0
2021-05-24 12:00:00,0.0
2021-05-24 13:00:00,0.0
2021-05-24 14:00:00,0.0
2021-05-24 15:00:00,0.0
2021-05-24 16:00:00,0.0
2021-05-24 17:00:00,0.0
2021-05-24 18:00:00,0.0
2021-05-24 19:00:00,0.0
2021-05-24 20:00:00,0.0
2021-05-25 12:00:00,0.0
2021-05-25 13:00:00,0.0
2021-05-25 14:00:00,0.0
2021-05-25 15:00:00,0.0
2021-05-25 16:00:00,0.0
2021-05-25 17:00:00,0.0
2021-05-25 18:00:00,0.0
2021-05-25 19:00:00,0.0
2021-05-25 20:00:00,0.0
2021-05-26 12:00:00,0.0
2021-05-26 13:00:00,0.0
2021-05-26 14:00:00,0.0
2021-05-26 15:00:00,0.0
2021-05-26 16:00:00,0.0
2021-05-26 17:00:00,0.0
2021-05-26 18:00:00,0.0
2021-05-26 19:00:00,0.0
2021-05-26 20:00:00,0.0
2021-05-27 12:00:00,0.0
2021-05-27 13:00:00,0.0
2021-05-27 14:00:00,0.0
2021-05-27 15:00:00,0.0
2021-05-27 16:00:00,0.0
2021-05-27 17:00:00,0.0
2021-05-27 18:00:00,0.0
2021-05-27 19:00:00,0.0
2021-05-27 20:00:00,0.0
2021-05-28 12:00:00,0.0
2021-05-28 13:00:00,0.0
2021-05-28 14:00:00,0.0
2021-05-28 15:00:00,0.0
2021-05-28 16:00:00,0.0
2021-05-28 17:00:00,0.0
2021-05-28 18:00:00,0.0
2021-05-28 19:00:00,0.0
2021-05-28 20:00:00,0.0
2021-06-01 12:00:00,0.0
2021-06-01 13:00:00,0.0
2021-06-01 14:00:00,-0.013224859868134785
2021-06-01 15:00:00,0.0019976875247885504
2021-06-01 16:00:00,-0.0014248847382649578
2021-06-01 17:00:00,0.0005921545284248606
2021-06-01 18:00:00,-0.0003980504069557736
2021-06-01 19:00:00,-0.005580486965337927
2021-06-02 12:00:00,-0.001
2021-06-02 13:00:00,0.0004333033949064267
2021-06-02 14:00:00,-0.000874042008412095
2021-06-02 15:00:00,0.00012315363848842227
2021-06-02 16:00:00,-0.001636761828511878
2021-06-02 17:00:00,-0.0016506193272546423
2021-06-02 18:00:00,-0.0024819657981771928
2021-06-02 19:00:00,0.0
2021-06-03 12:00:00,0.0
2021-06-03 13:00:00,-0.023674108379969066
2021-06-03 14:00:00,0.0053849405219506714
2021-06-03 15:00:00,0.0016773419108390818
2021-06-03 16:00:00,-0.000544159136517113
2021-06-03 17:00:00,-0.0012663512016794379
2021-06-03 18:00:00,-0.00309656213186033
2021-06-03 19:00:00,-0.0022463081339154914
2021-06-03 20:00:00,-0.001
2021-06-04 12:00:00,-0.001
2021-06-04 13:00:00,0.006711369266468338
2021-06-04 14:00:00,-0.0012982414581209846
2021-06-04 15:00:00,-0.002633343795582204
2021-06-04 16:00:00,0.000653161583669277
2021-06-04 17:00:00,0.0
2021-06-04 18:00:00,0.0
2021-06-04 19:00:00,0.0
2021-06-04 20:00:00,0.0
2021-06-07 12:00:00,0.0
2021-06-07 13:00:00,0.0
2021-06-07 14:00:00,0.0
2021-06-07 15:00:00,-0.005888944626425034
2021-06-07 16:00:00,-0.0024451674905869073
2021-06-07 17:00:00,-0.0020010617593806835
2021-06-07 18:00:00,-0.0012103661271421254
2021-06-07 19:00:00,-0.0014274959715259263
2021-06-07 20:00:00,-0.001
2021-06-08 12:00:00,-0.001
2021-06-08 13:00:00,-0.0032863593136294713
2021-06-08 14:00:00,0.00028302784868845603
2021-06-08 15:00:00,0.0031197390598822934
2021-06-08 16:00:00,-4.875926556018788e-05
2021-06-08 17:00:00,-0.001135583726295152
2021-06-08 18:00:00,-0.0009377810554067158
2021-06-08 19:00:00,0.0
2021-06-08 20:00:00,0.0
2021-06-09 13:00:00,-0.01907291197906605
2021-06-09 14:00:00,0.0008359279246400184
2021-06-09 15:00:00,0.0015604609372723297
2021-06-09 16:00:00,-0.004313088797665231
2021-06-09 17:00:00,-0.0017923147242885121
2021-06-09 18:00:00,-0.0004941235390240597
2021-06-09 19:00:00,-0.0035942905709609833
2021-06-10 12:00:00,-0.001
2021-06-10 13:00:00,0.0010717446707439967
2021-06-10 14:00:00,-0.006953474292643962
2021-06-10 15:00:00,-0.0003961686487914609
2021-06-10 16:00:00,-0.0005470932014824895
2021-06-10 17:00:00,-0.0013817587106891007
2021-06-10 18:00:00,0.0
2021-06-10 19:00:00,-0.007227449847840111
2021-06-10 20:00:00,-0.001012512512512508
2021-06-11 12:00:00,-0.001
2021-06-11 13:00:00,0.0027685401795102824
2021-06-11 14:00:00,-0.002912457579217769
2021-06-11 15:00:00,-0.000635224867332306
2021-06-11 16:00:00,-0.0018067520628941226
2021-06-11 17:00:00,-0.0003272137950367284
2021-06-11 18:00:00,-0.0014890899126036518
2021-06-11 19:00:00,0.0002400847331612175
2021-06-14 12:00:00,-0.001
2021-06-14 13:00:00,-0.006041022631630282
2021-06-14 14:00:00,0.0003932244364357304
2021-06-14 15:00:00,-0.004897865267074735
2021-06-14 16:00:00,-0.002783900198317673
2021-06-14 17:00:00,-0.0023272356513298555
2021-06-14 18:00:00,0.0015073318688813737
2021-06-14 19:00:00,0.001334246805623441
2021-06-14 20:00:00,-0.001
2021-06-15 12:00:00,-0.001
2021-06-15 13:00:00,0.00020911268342052678
2021-06-15 14:00:00,-0.0029703727377098136
2021-06-15 15:00:00,-0.003447764078239817
2021-06-15 16:00:00,0.003117162105534272
2021-06-15 17:00:00,0.0017072789492668448
2021-06-15 18:00:00,-0.0001993519510988187
2021-06-15 19:00:00,0.0
2021-06-15 20:00:00,0.0
2021-06-16 12:00:00,0.0
2021-06-16 13:00:00,-0.013351545627487083
2021-06-16 14:00:00,0.0031347014641590074
2021-06-16 15:00:00,0.0013538686365763839
2021-06-16 16:00:00,-0.005283446101447791
2021-06-16 17:00:00,-0.0019305293992809883
2021-06-16 18:00:00,-0.0036306494589987293
2021-06-16 19:00:00,-0.0013004900849916058
2021-06-16 20:00:00,-0.001
2021-06-17 12:00:00,-0.001
2021-06-17 13:00:00,-0.007426676590670699
2021-06-17 14:00:00,-0.005522295932524095
2021-06-17 15:00:00,-0.006853061561750489
2021-06-17 16:00:00,-0.001164613847028372
2021-06-17 17:00:00,-0.000164539388933759
2021-06-17 18:00:00,-0.00499336196497097
2021-06-17 19:00:00,0.0002092275369369465
2021-06-17 20:00:00,-0.001
2021-06-18 12:00:00,-0.0014365772344816666
2021-06-18 13:00:00,-0.016264498776016482
2021-06-18 14:00:00,-0.003919498859786246
2021-06-18 15:00:00,0.0038458327226589322
2021-06-18 16:00:00,-0.005583219095868752
2021-06-18 17:00:00,-0.0008433665017527506
2021-06-18 18:00:00,-0.0038145395028322416
2021-06-18 19:00:00,-0.0032482553891189083
2021-06-18 20:00:00,-0.001
2021-06-21 12:00:00,-0.001
2021-06-21 13:00:00,0.005500644536744304
2021-06-21 14:00:00,0.005988785235625688
2021-06-21 15:00:00,0.0007061242045678937
2021-06-21 16:00:00,0.0009047245191956773
2021-06-21 17:00:00,-0.0012146888165385774
2021-06-21 18:00:00,2.656118295358916e-05
2021-06-21 19:00:00,-0.0012905230236890655
2021-06-21 20:00:00,-0.001
2021-06-22 12:00:00,-0.001
2021-06-22 13:00:00,-0.00413550859781328
2021-06-22 14:00:00,0.0010931114072089418
2021-06-22 15:00:00,-0.0031527384738971255
2021-06-22 16:00:00,0.0
2021-06-22 17:00:00,0.0
2021-06-22 18:00:00,0.0
2021-06-22 19:00:00,0.0
2021-06-22 20:00:00,0.0
2021-06-23 12:00:00,0.0
2021-06-23 13:00:00,0.0
2021-06-23 14:00:00,0.0
2021-06-23 15:00:00,0.0
2021-06-23 16:00:00,0.0
2021-06-23 17:00:00,0.0
2021-06-23 18:00:00,0.0
2021-06-23 19:00:00,0.0
2021-06-23 20:00:00,0.0
2021-06-24 12:00:00,0.0
2021-06-24 13:00:00,0.0
2021-06-24 14:00:00,0.0
2021-06-24 15:00:00,0.0
2021-06-24 16:00:00,0.0
2021-06-24 17:00:00,0.0
2021-06-24 18:00:00,0.0
2021-06-24 19:00:00,0.0
2021-06-24 20:00:00,0.0
2021-06-25 12:00:00,0.0
2021-06-25 13:00:00,0.0
2021-06-25 14:00:00,0.0
2021-06-25 15:00:00,0.0
2021-06-25 16:00:00,0.0
2021-06-25 17:00:00,0.0
2021-06-25 18:00:00,0.0
2021-06-25 19:00:00,0.0
2021-06-25 20:00:00,0.0
2021-06-28 12:00:00,0.0
2021-06-28 13:00:00,0.0
2021-06-28 14:00:00,0.0
2021-06-28 15:00:00,0.0
2021-06-28 16:00:00,0.0
2021-06-28 17:00:00,0.0
2021-06-28 18:00:00,0.0
2021-06-28 19:00:00,0.0
2021-06-28 20:00:00,0.0
2021-06-29 12:00:00,0.0
2021-06-29 13:00:00,0.0
2021-06-29 14:00:00,0.0
2021-06-29 15:00:00,0.0
2021-06-29 16:00:00,0.0
2021-06-29 17:00:00,0.0
2021-06-29 18:00:00,0.0
2021-06-29 19:00:00,0.0
2021-06-29 20:00:00,0.0
2021-06-30 12:00:00,0.0
2021-06-30 13:00:00,0.0
2021-06-30 14:00:00,0.0
2021-06-30 15:00:00,0.0
2021-06-30 16:00:00,0.0
2021-06-30 17:00:00,0.0
2021-06-30 18:00:00,0.0
2021-06-30 19:00:00,0.0
2021-06-30 20:00:00,0.0
2021-07-01 12:00:00,0.0
2021-07-01 13:00:00,0.0
2021-07-01 14:00:00,0.0
2021-07-01 15:00:00,0.0
2021-07-01 16:00:00,0.0
2021-07-01 17:00:00,0.0
2021-07-01 18:00:00,0.0
2021-07-01 19:00:00,0.0
2021-07-01 20:00:00,0.0
2021-07-02 12:00:00,0.0
2021-07-02 13:00:00,0.0
2021-07-02 14:00:00,0.0
2021-07-02 15:00:00,0.0
2021-07-02 16:00:00,0.0
2021-07-02 17:00:00,0.0
2021-07-02 18:00:00,0.0
2021-07-02 19:00:00,0.0
2021-07-02 20:00:00,0.0
2021-07-06 12:00:00,0.0
2021-07-06 13:00:00,-0.017118826816702105
2021-07-06 14:00:00,-0.006232736080437156
2021-07-06 15:00:00,-0.00021668908164005263
2021-07-06 16:00:00,-0.0010052631636806911
2021-07-06 17:00:00,0.0006017082068170486
2021-07-06 18:00:00,-0.0006979174146724435
2021-07-06 19:00:00,0.002637669343067035
2021-07-06 20:00:00,-0.001
2021-07-07 12:00:00,-0.001
2021-07-07 13:00:00,-0.0021128519577136287
2021-07-07 14:00:00,-0.003850154040835212
2021-07-07 15:00:00,0.0026927122888957666
2021-07-07 16:00:00,0.0004476372480953514
2021-07-07 17:00:00,0.0
2021-07-07 18:00:00,0.0
2021-07-07 19:00:00,0.0
2021-07-07 20:00:00,0.0
2021-07-08 12:00:00,0.0
2021-07-08 13:00:00,-0.02968480947189255
2021-07-08 14:00:00,0.003457499701537493
2021-07-08 15:00:00,0.009174337478926566
2021-07-08 16:00:00,-0.00025200932410024326
2021-07-08 17:00:00,-0.005457434818735867
2021-07-08 18:00:00,-0.003178351690991004
2021-07-08 19:00:00,-0.0007522700439621602
2021-07-08 20:00:00,-0.001
2021-07-09 12:00:00,0.0005092978220441644
2021-07-09 13:00:00,0.016224341606479502
2021-07-09 14:00:00,-0.002560758506682025
2021-07-09 15:00:00,0.0017826208878542592
2021-07-09 16:00:00,-0.00018986073257757274
2021-07-09 17:00:00,0.0
2021-07-09 18:00:00,0.0
2021-07-09 19:00:00,0.0
2021-07-09 20:00:00,0.0
2021-07-12 12:00:00,0.0
2021-07-12 13:00:00,0.0
2021-07-12 14:00:00,0.0
2021-07-12 15:00:00,0.0
2021-07-12 16:00:00,0.0
2021-07-12 17:00:00,0.0
2021-07-12 18:00:00,0.0
2021-07-12 19:00:00,0.0
2021-07-12 20:00:00,0.0
2021-07-13 12:00:00,0.0
2021-07-13 13:00:00,0.0
2021-07-13 14:00:00,0.0
2021-07-13 15:00:00,0.0
2021-07-13 16:00:00,0.0
2021-07-13 17:00:00,0.0
2021-07-13 18:00:00,0.0
2021-07-13 19:00:00,0.0
2021-07-14 12:00:00,0.0
2021-07-14 13:00:00,-0.009446491938161394
2021-07-14 14:00:00,-0.00032773491862652575
2021-07-14 15:00:00,-0.003999528082536923
2021-07-14 16:00:00,0.0013176893456527793
2021-07-14 17:00:00,-0.00023272140640579386
2021-07-14 18:00:00,-0.002079708262834822
2021-07-14 19:00:00,-0.0031108874605511863
2021-07-14 20:00:00,-0.001
2021-07-15 12:00:00,-0.001
2021-07-15 13:00:00,-0.001962838688574136
2021-07-15 14:00:00,-0.0031383792567525317
2021-07-15 15:00:00,0.0015271273905209113
2021-07-15 16:00:00,0.0006544885212423921
2021-07-15 17:00:00,-0.013172497553490536
2021-07-15 18:00:00,0.006380161211189534
2021-07-15 19:00:00,0.00014962610861402699
2021-07-15 20:00:00,-0.001
2021-07-16 12:00:00,-0.0007089947089947027
2021-07-16 13:00:00,0.001725542094264538
2021-07-16 14:00:00,-0.004565413409483304
2021-07-16 15:00:00,-0.0015237231882067428
2021-07-16 16:00:00,3.7802335070320206e-05
2021-07-16 17:00:00,-0.0047122198046733
2021-07-16 18:00:00,-0.0026815666779015524
2021-07-16 19:00:00,-0.00415411525438366
2021-07-16 20:00:00,-0.001
2021-07-19 12:00:00,-0.01735189644985712
2021-07-19 13:00:00,-0.018451907160295756
2021-07-19 14:00:00,0.0035323542938656147
2021-07-19 15:00:00,0.009396214411266118
2021-07-19 16:00:00,-0.00976251333286272
2021-07-19 17:00:00,-0.003396585747140162
2021-07-19 18:00:00,0.000538850232506872
2021-07-19 19:00:00,0.004363592703109604
2021-07-19 20:00:00,-0.0009314128943758596
2021-07-20 12:00:00,3.745077501155023e-05
2021-07-20 13:00:00,0.008489554723428602
2021-07-20 14:00:00,0.009504089577273344
2021-07-20 15:00:00,0.004888741451813073
2021-07-20 16:00:00,0.0
2021-07-20 17:00:00,0.0
2021-07-20 18:00:00,0.0
2021-07-20 19:00:00,0.0
2021-07-20 20:00:00,0.0
2021-07-21 12:00:00,0.0
2021-07-21 13:00:00,0.0
2021-07-21 14:00:00,0.0
2021-07-21 15:00:00,0.0
2021-07-21 16:00:00,0.0
2021-07-21 17:00:00,0.0
2021-07-21 18:00:00,0.0
2021-07-21 19:00:00,0.0
2021-07-21 20:00:00,0.0
2021-07-22 12:00:00,0.0
2021-07-22 13:00:00,0.0
2021-07-22 14:00:00,0.0
2021-07-22 15:00:00,0.0
2021-07-22 16:00:00,0.0
2021-07-22 17:00:00,0.0
2021-07-22 18:00:00,0.0
2021-07-22 19:00:00,0.0
2021-07-22 20:00:00,0.0
2021-07-23 12:00:00,0.0
2021-07-23 13:00:00,0.0
2021-07-23 14:00:00,0.0
2021-07-23 15:00:00,0.0
2021-07-23 16:00:00,0.0
2021-07-23 17:00:00,0.0
2021-07-23 18:00:00,0.0
2021-07-23 19:00:00,0.0
2021-07-23 20:00:00,0.0
2021-07-26 12:00:00,0.0
2021-07-26 13:00:00,0.0
2021-07-26 14:00:00,0.0
2021-07-26 15:00:00,0.0
2021-07-26 16:00:00,0.0
2021-07-26 17:00:00,0.0
2021-07-26 18:00:00,0.0
2021-07-26 19:00:00,0.0
2021-07-26 20:00:00,0.0
2021-07-27 12:00:00,0.0
2021-07-27 13:00:00,0.0
2021-07-27 14:00:00,0.0
2021-07-27 15:00:00,0.0
2021-07-27 16:00:00,0.0
2021-07-27 17:00:00,0.0
2021-07-27 18:00:00,0.0
2021-07-27 19:00:00,0.0
2021-07-27 20:00:00,0.0
2021-07-28 12:00:00,0.0
2021-07-28 13:00:00,0.0
2021-07-28 14:00:00,0.0
2021-07-28 15:00:00,0.0
2021-07-28 16:00:00,0.0
2021-07-28 17:00:00,0.0
2021-07-28 18:00:00,0.0
2021-07-28 19:00:00,0.0
2021-07-28 20:00:00,0.0
2021-07-29 12:00:00,0.0
2021-07-29 13:00:00,0.0
2021-07-29 14:00:00,0.0
2021-07-29 15:00:00,0.0
2021-07-29 16:00:00,0.0
2021-07-29 17:00:00,0.0
2021-07-29 18:00:00,0.0
2021-07-29 19:00:00,0.0
2021-07-29 20:00:00,0.0
2021-07-30 12:00:00,0.0
2021-07-30 13:00:00,0.0
2021-07-30 14:00:00,0.0
2021-07-30 15:00:00,0.0
2021-07-30 16:00:00,0.0
2021-07-30 17:00:00,0.0
2021-07-30 18:00:00,0.0
2021-07-30 19:00:00,0.0
2021-07-30 20:00:00,0.0
2021-08-02 12:00:00,0.0
2021-08-02 13:00:00,-0.014055417127064106
2021-08-02 14:00:00,0.00570940499980196
2021-08-02 15:00:00,-0.001712474907841948
2021-08-02 16:00:00,-0.0013110252461621054
2021-08-02 17:00:00,-0.0019836323402825365
2021-08-02 18:00:00,-0.0008233330675308783
2021-08-02 19:00:00,-0.004220310324862014
2021-08-02 20:00:00,-0.001
2021-08-03 12:00:00,-0.006697394919768733
2021-08-03 13:00:00,-0.0007539066592741108
2021-08-03 14:00:00,-0.0010368245539513258
2021-08-03 15:00:00,0.00032595031441443696
2021-08-03 16:00:00,-0.0024490077068364305
2021-08-03 17:00:00,0.0
2021-08-03 18:00:00,0.0
2021-08-03 19:00:00,0.0
2021-08-03 20:00:00,0.0
2021-08-04 12:00:00,0.0
2021-08-04 13:00:00,-0.026695263881133267
2021-08-04 14:00:00,-0.0018155253729525026
2021-08-04 15:00:00,-0.00043605556066522635
2021-08-04 16:00:00,-0.003140776365624747
2021-08-04 17:00:00,-0.00040792212847879283
2021-08-04 18:00:00,-0.0028391196496844896
2021-08-04 19:00:00,-0.002003947490802354
2021-08-04 20:00:00,-0.001
2021-08-05 12:00:00,5.520504731860434e-06
2021-08-05 13:00:00,0.005544235276200394
2021-08-05 14:00:00,0.003297202593944305
2021-08-05 15:00:00,-0.0009454358396205001
2021-08-05 16:00:00,-0.001939265703467762
2021-08-05 17:00:00,0.0
2021-08-05 18:00:00,0.0
2021-08-05 19:00:00,0.0
2021-08-05 20:00:00,0.0
2021-08-06 12:00:00,0.0
2021-08-06 13:00:00,0.0
2021-08-06 14:00:00,0.0
2021-08-06 15:00:00,0.0
2021-08-06 16:00:00,0.0
2021-08-06 17:00:00,0.0
2021-08-06 18:00:00,0.0
2021-08-06 19:00:00,0.0
2021-08-06 20:00:00,0.0
2021-08-09 12:00:00,0.0
2021-08-09 13:00:00,0.0
2021-08-09 14:00:00,0.0
2021-08-09 15:00:00,0.0
2021-08-09 16:00:00,0.0
2021-08-09 17:00:00,0.0
2021-08-09 18:00:00,0.0
2021-08-09 19:00:00,0.0
2021-08-09 20:00:00,0.0
2021-08-10 12:00:00,0.0
2021-08-10 13:00:00,0.0
2021-08-10 14:00:00,-0.015416938555221114
2021-08-10 15:00:00,-0.00032338230403456314
2021-08-10 16:00:00,-0.0004361167311735017
2021-08-10 17:00:00,-0.002806250522446218
2021-08-10 18:00:00,-0.0005719038327253503
2021-08-10 19:00:00,-0.003140959530003278
2021-08-10 20:00:00,-0.0010270160745643677
2021-08-11 12:00:00,-0.001
2021-08-11 13:00:00,-0.0017033811478980746
2021-08-11 14:00:00,-0.007017144141000264
2021-08-11 15:00:00,-0.0036041806750680295
2021-08-11 16:00:00,0.0005566914903171469
2021-08-11 17:00:00,0.0010856950358317193
2021-08-11 18:00:00,0.0
2021-08-11 19:00:00,0.0
2021-08-11 20:00:00,0.0
2021-08-12 12:00:00,0.0
2021-08-12 13:00:00,0.0
2021-08-12 14:00:00,0.0
2021-08-12 15:00:00,0.0
2021-08-12 16:00:00,0.0
2021-08-12 17:00:00,0.0
2021-08-12 18:00:00,0.0
2021-08-12 19:00:00,0.0
2021-08-12 20:00:00,0.0
2021-08-13 12:00:00,0.0
2021-08-13 13:00:00,0.0
2021-08-13 14:00:00,0.0
2021-08-13 15:00:00,0.0
2021-08-13 16:00:00,0.0
2021-08-13 17:00:00,0.0
2021-08-13 18:00:00,0.0
2021-08-13 19:00:00,0.0
2021-08-13 20:00:00,0.0
2021-08-16 12:00:00,0.0
2021-08-16 13:00:00,-0.02367022037875432
2021-08-16 14:00:00,0.0033924048351996533
2021-08-16 15:00:00,0.0007193052861728453
2021-08-16 16:00:00,-0.0024777294908779105
2021-08-16 17:00:00,0.00012096963596568513
2021-08-16 18:00:00,8.413280004994166e-05
2021-08-16 19:00:00,-0.0013616485492430378
2021-08-16 20:00:00,-0.001
2021-08-17 12:00:00,-0.001
2021-08-17 13:00:00,-0.01421785370875045
2021-08-17 14:00:00,0.002254142335988741
2021-08-17 15:00:00,-0.004271842448063673
2021-08-17 16:00:00,-0.011291848817886838
2021-08-17 17:00:00,0.0009394230875597717
2021-08-17 18:00:00,0.002650538154613664
2021-08-17 19:00:00,0.0007951937763452553
2021-08-17 20:00:00,-0.0010926497838171724
2021-08-18 12:00:00,-0.001
2021-08-18 13:00:00,-0.001567363679095434
2021-08-18 14:00:00,0.004351470845511097
2021-08-18 15:00:00,-0.002370727618315104
2021-08-18 16:00:00,-0.0002375347164420441
2021-08-18 17:00:00,7.110427394960801e-05
2021-08-18 18:00:00,-0.0015021323817143598
2021-08-18 19:00:00,-0.009712008992202207
2021-08-18 20:00:00,-0.001
2021-08-19 12:00:00,-0.003955175914605884
2021-08-19 13:00:00,0.00276974452578
2021-08-19 14:00:00,-0.001588651786923733
2021-08-19 15:00:00,2.820381025888199e-05
2021-08-19 16:00:00,-0.0011096268321456873
2021-08-19 17:00:00,-0.004881819786714658
2021-08-19 18:00:00,0.0008179095332368999
2021-08-19 19:00:00,0.0005654234894079909
2021-08-19 20:00:00,-0.001062617407639326
2021-08-20 12:00:00,-0.001
2021-08-20 13:00:00,0.0010163854485132637
2021-08-20 14:00:00,0.0019866959729079323
2021-08-20 15:00:00,0.0014087699278263598
2021-08-20 16:00:00,0.0
2021-08-20 17:00:00,0.0
2021-08-20 18:00:00,0.0
2021-08-20 19:00:00,0.0
2021-08-20 20:00:00,0.0
2021-08-23 12:00:00,0.0
2021-08-23 13:00:00,0.0
2021-08-23 14:00:00,0.0
2021-08-23 15:00:00,0.0
2021-08-23 16:00:00,0.0
2021-08-23 17:00:00,0.0
2021-08-23 18:00:00,0.0
2021-08-23 19:00:00,0.0
2021-08-23 20:00:00,0.0
2021-08-24 12:00:00,0.0
2021-08-24 13:00:00,-0.016525997872808673
2021-08-24 14:00:00,0.002393437000867977
2021-08-24 15:00:00,-0.0007798427454323567
2021-08-24 16:00:00,-0.0016581779612165662
2021-08-24 17:00:00,-0.0011346555870583022
2021-08-24 18:00:00,0.00012784499290285434
2021-08-24 19:00:00,-0.0027211641389981826
2021-08-24 20:00:00,-0.001
2021-08-25 12:00:00,-0.001
2021-08-25 13:00:00,-0.005126359698495796
2021-08-25 14:00:00,0.00040465989458981035
2021-08-25 15:00:00,-0.0002275372935818745
2021-08-25 16:00:00,0.00044960121191756726
2021-08-25 17:00:00,0.0
2021-08-25 18:00:00,0.0
2021-08-25 19:00:00,0.0
2021-08-25 20:00:00,0.0
2021-08-26 12:00:00,0.0
2021-08-26 13:00:00,0.0
2021-08-26 14:00:00,-0.005378834382571179
2021-08-26 15:00:00,-0.0003505111955688303
2021-08-26 16:00:00,-0.0009974321149055878
2021-08-26 17:00:00,-0.0006746272941900713
2021-08-26 18:00:00,-0.001089810173277305
2021-08-26 19:00:00,-0.0013685076725308267
2021-08-26 20:00:00,-0.001
2021-08-27 12:00:00,-0.001
2021-08-27 13:00:00,0.0008622874481078911
2021-08-27 14:00:00,0.0026964874101364786
2021-08-27 15:00:00,1.8361383884513962e-05
2021-08-27 16:00:00,0.00042927223564457966
2021-08-27 17:00:00,-0.002391663237711471
2021-08-27 18:00:00,0.0
2021-08-27 19:00:00,0.0
2021-08-30 12:00:00,0.0
2021-08-30 13:00:00,0.0
2021-08-30 14:00:00,0.0
2021-08-30 15:00:00,0.0
2021-08-30 16:00:00,0.0
2021-08-30 17:00:00,0.0
2021-08-30 18:00:00,0.0
2021-08-30 19:00:00,0.0
2021-08-30 20:00:00,0.0
2021-08-31 12:00:00,0.0
2021-08-31 13:00:00,0.0
2021-08-31 14:00:00,0.0
2021-08-31 15:00:00,0.0
2021-08-31 16:00:00,0.0
2021-08-31 17:00:00,0.0
2021-08-31 18:00:00,0.0
2021-08-31 19:00:00,0.0
2021-08-31 20:00:00,0.0
2021-09-01 12:00:00,0.0
2021-09-01 13:00:00,-0.019021379313552005
2021-09-01 14:00:00,0.006490095132624675
2021-09-01 15:00:00,-0.0032582062196042307
2021-09-01 16:00:00,0.0023009444058143154
2021-09-01 17:00:00,-0.0010844195927044655
2021-09-01 18:00:00,-0.0022646448460516048
2021-09-01 19:00:00,-0.001626983304187967
2021-09-01 20:00:00,-0.001
2021-09-02 12:00:00,-0.001
2021-09-02 13:00:00,0.002224441207659767
2021-09-02 14:00:00,0.0031246828156046742
2021-09-02 15:00:00,0.0005276864815136181
2021-09-02 16:00:00,-0.0021277932816035398
2021-09-02 17:00:00,0.0
2021-09-02 18:00:00,0.0
2021-09-02 19:00:00,0.0
2021-09-02 20:00:00,0.0
2021-09-03 12:00:00,0.0
2021-09-03 13:00:00,0.0
2021-09-03 14:00:00,-0.005843326890587818
2021-09-03 15:00:00,-0.0036868675682223064
2021-09-03 16:00:00,0.0010398202308203215
2021-09-03 17:00:00,0.002263886598606469
2021-09-03 18:00:00,-0.001983647858891262
2021-09-03 19:00:00,-0.0014597992176444909
2021-09-03 20:00:00,-0.001
2021-09-07 12:00:00,-0.001
2021-09-07 13:00:00,-0.001988776680646908
2021-09-07 14:00:00,-0.0053398651775371665
2021-09-07 15:00:00,-0.00022825328256236206
2021-09-07 16:00:00,0.0024829109644609448
2021-09-07 17:00:00,-7.807488102223783e-05
2021-09-07 18:00:00,-0.0030908228071244706
2021-09-07 19:00:00,-0.003933926015917542
2021-09-07 20:00:00,-0.001
2021-09-08 12:00:00,-0.0009346974314322956
2021-09-08 13:00:00,0.001748074970639708
2021-09-08 14:00:00,-0.0023931538208106498
2021-09-08 15:00:00,-0.0010548024284568404
2021-09-08 16:00:00,2.900272020837729e-05
2021-09-08 17:00:00,-0.000995817070852716
2021-09-08 18:00:00,0.0012752040832171917
2021-09-08 19:00:00,-0.0024657759072800704
2021-09-08 20:00:00,-0.001440917107583766
2021-09-09 12:00:00,-0.001
2021-09-09 13:00:00,-0.014900626680344174
2021-09-09 14:00:00,0.001698925063539026
2021-09-09 15:00:00,-0.001537564382099376
2021-09-09 16:00:00,-0.0013344688584351664
2021-09-09 17:00:00,-0.003282017081608567
2021-09-09 18:00:00,-0.0014211804334805613
2021-09-09 19:00:00,-0.0022648680266943826
2021-09-09 20:00:00,-0.001
2021-09-10 12:00:00,-0.001
2021-09-10 13:00:00,-0.0016450749561552228
2021-09-10 14:00:00,-0.004910620585468006
2021-09-10 15:00:00,0.003266439823968682
2021-09-10 16:00:00,0.0019874492610695415
2021-09-10 17:00:00,0.0
2021-09-10 18:00:00,-0.001623205916852837
2021-09-10 19:00:00,-0.0064496312827289565
2021-09-10 20:00:00,-0.0009931252578028395
2021-09-13 12:00:00,-0.0004741545229584801
2021-09-13 13:00:00,0.003099518353214826
2021-09-13 14:00:00,0.002051338474294324
2021-09-13 15:00:00,-0.002676022676583855
2021-09-13 16:00:00,0.0007781331912708809
2021-09-13 17:00:00,-0.004939173944713004
2021-09-13 18:00:00,-0.000975649710719633
2021-09-13 19:00:00,0.0027300554533087338
2021-09-13 20:00:00,-0.001
2021-09-14 12:00:00,-0.00388025298851905
2021-09-14 13:00:00,0.0
2021-09-14 14:00:00,-0.014680510519303545
2021-09-14 15:00:00,-9.633232205063429e-05
2021-09-14 16:00:00,-0.0007935518276858891
2021-09-14 17:00:00,0.0004772600630273912
2021-09-14 18:00:00,-0.003916446778730997
2021-09-14 19:00:00,-0.0007203344109716394
2021-09-14 20:00:00,-0.0012229654403567484
2021-09-15 12:00:00,-0.001
2021-09-15 13:00:00,0.0006756817688735436
2021-09-15 14:00:00,-0.0032551433669129374
2021-09-15 15:00:00,0.0018181329854337633
2021-09-15 16:00:00,0.001559372142482308
2021-09-15 17:00:00,0.00047583774353001187
2021-09-15 18:00:00,0.0
2021-09-15 19:00:00,0.0
2021-09-15 20:00:00,0.0
2021-09-16 13:00:00,0.0
2021-09-16 14:00:00,0.0
2021-09-16 15:00:00,0.0
2021-09-16 16:00:00,0.0
2021-09-16 17:00:00,0.0
2021-09-16 18:00:00,0.0
2021-09-16 19:00:00,0.0
2021-09-17 12:00:00,0.0
2021-09-17 13:00:00,-0.015313624822515862
2021-09-17 14:00:00,-0.003264735773018012
2021-09-17 15:00:00,0.0004684334669547716
2021-09-17 16:00:00,-7.059774562302354e-05
2021-09-17 17:00:00,-0.003930950483034622
2021-09-17 18:00:00,-0.00028455048777346523
2021-09-17 19:00:00,-0.0018775251587326062
2021-09-17 20:00:00,-0.001
2021-09-20 12:00:00,-0.001
2021-09-20 13:00:00,-0.009900328181875744
2021-09-20 14:00:00,-0.0023615692083078445
2021-09-20 15:00:00,-0.00470732804366708
2021-09-20 16:00:00,-0.0043771341951309925
2021-09-20 17:00:00,-0.000667412573712838
2021-09-20 18:00:00,-0.0059493242471931156
2021-09-20 19:00:00,0.010630626253868604
2021-09-20 20:00:00,-0.0011185395922238043
2021-09-21 12:00:00,-0.001
2021-09-21 13:00:00,0.002330223632855056
2021-09-21 14:00:00,-0.00876610805730365
2021-09-21 15:00:00,0.0038879086682928566
2021-09-21 16:00:00,-0.0008211073925685755
2021-09-21 17:00:00,-0.003956419012455069
2021-09-21 18:00:00,-0.0014337862308089913
2021-09-21 19:00:00,-0.0038809450230239562
2021-09-21 20:00:00,-0.0009099553380507766
2021-09-22 12:00:00,0.0
2021-09-22 13:00:00,0.0
2021-09-22 14:00:00,0.0
2021-09-22 15:00:00,0.0
2021-09-22 16:00:00,0.0
2021-09-22 17:00:00,0.0
2021-09-22 18:00:00,0.0
2021-09-22 19:00:00,0.0
2021-09-22 20:00:00,0.0
2021-09-23 12:00:00,0.0
2021-09-23 13:00:00,0.0
2021-09-23 14:00:00,0.0
2021-09-23 15:00:00,0.0
2021-09-23 16:00:00,0.0
2021-09-23 17:00:00,0.0
2021-09-23 18:00:00,0.0
2021-09-23 19:00:00,0.0
2021-09-23 20:00:00,0.0
2021-09-24 12:00:00,0.0
2021-09-24 13:00:00,0.0
2021-09-24 14:00:00,0.0
2021-09-24 15:00:00,0.0
2021-09-24 16:00:00,0.0
2021-09-24 17:00:00,0.0
2021-09-24 18:00:00,0.0
2021-09-24 19:00:00,0.0
2021-09-24 20:00:00,0.0
2021-09-27 12:00:00,0.0
2021-09-27 13:00:00,0.0
2021-09-27 14:00:00,0.0
2021-09-27 15:00:00,-0.006012594909245755
2021-09-27 16:00:00,-0.0030588216149546256
2021-09-27 17:00:00,0.0017899017422182868
2021-09-27 18:00:00,0.0020023112675875707
2021-09-27 19:00:00,-0.002017024734144728
2021-09-27 20:00:00,-0.001
2021-09-28 12:00:00,-0.001
2021-09-28 13:00:00,-0.021526618921384882
2021-09-28 14:00:00,-0.006295334614037045
2021-09-28 15:00:00,-0.0038941542960054245
2021-09-28 16:00:00,-0.0015898402128137691
2021-09-28 17:00:00,0.0035383861728117702
2021-09-28 18:00:00,0.0009736942225739794
2021-09-28 19:00:00,-0.008636217541337136
2021-09-28 20:00:00,-0.00010984075132707189
2021-09-29 12:00:00,-0.001
2021-09-29 13:00:00,0.0034092165658389083
2021-09-29 14:00:00,0.0016492503053671735
2021-09-29 15:00:00,-0.0027920770144313815
2021-09-29 16:00:00,-0.002212440991977737
2021-09-29 17:00:00,-0.001319518703983507
2021-09-29 18:00:00,0.003105266084148884
2021-09-29 19:00:00,-0.0058231559096056365
2021-09-29 20:00:00,-0.0009377494598850169
2021-09-30 13:00:00,0.0053339698579503
2021-09-30 14:00:00,-0.005632012019818149
2021-09-30 15:00:00,-0.009111087027119623
2021-09-30 16:00:00,-0.0041142561013892565
2021-09-30 17:00:00,-0.000587972780847056
2021-09-30 18:00:00,0.0021816343692936287
2021-09-30 19:00:00,-0.00982413627061397
2021-09-30 20:00:00,-0.001
2021-10-01 12:00:00,-0.001
2021-10-01 13:00:00,0.0014205672825080848
2021-10-01 14:00:00,-0.004430529140167765
2021-10-01 15:00:00,0.004706710512491847
2021-10-01 16:00:00,0.002364361477067729
2021-10-01 17:00:00,0.005765438948336167
2021-10-01 18:00:00,0.0013147672676742947
2021-10-01 19:00:00,0.0
2021-10-01 20:00:00,0.0
2021-10-04 12:00:00,0.0
2021-10-04 13:00:00,0.0
2021-10-04 14:00:00,-0.016878422247136825
2021-10-04 15:00:00,-0.0005446106825058574
2021-10-04 16:00:00,-0.0025142161712543567
2021-10-04 17:00:00,-0.0008545012266006338
2021-10-04 18:00:00,0.0012523412853211523
2021-10-04 19:00:00,-0.0012439048776599839
2021-10-04 20:00:00,-0.001
2021-10-05 12:00:00,-0.0006063478341412178
2021-10-05 13:00:00,0.005374285261018131
2021-10-05 14:00:00,0.006078034548066503
2021-10-05 15:00:00,-0.0022495926452906646
2021-10-05 16:00:00,-0.0027454855547503535
2021-10-05 17:00:00,0.0007053560732014305
2021-10-05 18:00:00,0.0
2021-10-05 19:00:00,0.0
2021-10-05 20:00:00,0.0
2021-10-06 12:00:00,0.0
2021-10-06 13:00:00,-0.02417502084709221
2021-10-06 14:00:00,-0.00040702710020742354
2021-10-06 15:00:00,0.00325784139920477
2021-10-06 16:00:00,-0.002640156689061323
2021-10-06 17:00:00,0.00358729078389421
2021-10-06 18:00:00,0.0023623657925747896
2021-10-06 19:00:00,0.0026155167168059276
2021-10-06 20:00:00,-0.001
2021-10-07 12:00:00,-0.001
2021-10-07 13:00:00,0.013111038186895563
2021-10-07 14:00:00,0.0032677187807836523
2021-10-07 15:00:00,-0.00045849922151980273
2021-10-07 16:00:00,-0.002082229545950092
2021-10-07 17:00:00,0.0
2021-10-07 18:00:00,0.0
2021-10-07 19:00:00,0.0
2021-10-08 12:00:00,0.0
2021-10-08 13:00:00,0.0
2021-10-08 14:00:00,0.0
2021-10-08 15:00:00,0.0
2021-10-08 16:00:00,0.0
2021-10-08 17:00:00,0.0
2021-10-08 18:00:00,0.0
2021-10-08 19:00:00,0.0
2021-10-11 12:00:00,0.0
2021-10-11 13:00:00,0.0
2021-10-11 14:00:00,0.0
2021-10-11 15:00:00,0.0
2021-10-11 16:00:00,0.0
2021-10-11 17:00:00,0.0
2021-10-11 18:00:00,0.0
2021-10-11 19:00:00,-0.007658926960738565
2021-10-11 20:00:00,-0.001
2021-10-12 12:00:00,-0.001
2021-10-12 13:00:00,-0.001709040750387896
2021-10-12 14:00:00,0.0006933776077590113
2021-10-12 15:00:00,0.0006632812205025159
2021-10-12 16:00:00,-0.001635214921236571
2021-10-12 17:00:00,-0.0007368168525237242
2021-10-12 18:00:00,-0.00032832897823859475
2021-10-12 19:00:00,-0.004275941058857596
2021-10-12 20:00:00,-0.001
2021-10-13 12:00:00,-0.001
2021-10-13 13:00:00,-0.004968311993593132
2021-10-13 14:00:00,-0.007553593980937078
2021-10-13 15:00:00,0.0016008506173587297
2021-10-13 16:00:00,0.000704582562442647
2021-10-13 17:00:00,0.002486374314898033
2021-10-13 18:00:00,-0.0024543415468344923
2021-10-13 19:00:00,0.0006210471669705461
2021-10-13 20:00:00,-0.001
2021-10-14 12:00:00,-0.0006098104793757044
2021-10-14 13:00:00,0.0012516935273079576
2021-10-14 14:00:00,0.006202212516574391
2021-10-14 15:00:00,-0.0024818410745656486
2021-10-14 16:00:00,-0.0008914057634195496
2021-10-14 17:00:00,-0.00028876116425744414
2021-10-14 18:00:00,0.0
2021-10-14 19:00:00,0.0
2021-10-14 20:00:00,0.0
2021-10-15 12:00:00,0.0
2021-10-15 13:00:00,0.0
2021-10-15 14:00:00,0.0
2021-10-15 15:00:00,0.0
2021-10-15 16:00:00,0.0
2021-10-15 17:00:00,0.0
2021-10-15 18:00:00,0.0
2021-10-15 19:00:00,0.0
2021-10-18 12:00:00,0.0
2021-10-18 13:00:00,0.0
2021-10-18 14:00:00,0.0
2021-10-18 15:00:00,0.0
2021-10-18 16:00:00,0.0
2021-10-18 17:00:00,0.0
2021-10-18 18:00:00,0.0
2021-10-18 19:00:00,0.0
2021-10-19 12:00:00,0.0
2021-10-19 13:00:00,0.0
2021-10-19 14:00:00,0.0
2021-10-19 15:00:00,0.0
2021-10-19 16:00:00,0.0
2021-10-19 17:00:00,0.0
2021-10-19 18:00:00,0.0
2021-10-19 19:00:00,0.0
2021-10-19 20:00:00,0.0
2021-10-20 12:00:00,0.0
2021-10-20 13:00:00,0.0
2021-10-20 14:00:00,0.0
2021-10-20 15:00:00,0.0
2021-10-20 16:00:00,0.0
2021-10-20 17:00:00,0.0
2021-10-20 18:00:00,0.0
2021-10-20 19:00:00,0.0
2021-10-20 20:00:00,0.0
2021-10-21 12:00:00,0.0
2021-10-21 13:00:00,0.0
2021-10-21 14:00:00,0.0
2021-10-21 15:00:00,0.0
2021-10-21 16:00:00,0.0
2021-10-21 17:00:00,0.0
2021-10-21 18:00:00,0.0
2021-10-21 19:00:00,0.0
2021-10-21 20:00:00,0.0
2021-10-22 12:00:00,0.0
2021-10-22 13:00:00,0.0
2021-10-22 14:00:00,0.0
2021-10-22 15:00:00,-0.007839166162417144
2021-10-22 16:00:00,0.0008884727998981388
2021-10-22 17:00:00,-0.002697753515274464
2021-10-22 18:00:00,-0.0006962893978968978
2021-10-22 19:00:00,-0.0006491815828991879
2021-10-22 20:00:00,-0.001
2021-10-25 12:00:00,-0.0008792535675082305
2021-10-25 13:00:00,0.0011740940025562205
2021-10-25 14:00:00,0.0005750449745632778
2021-10-25 15:00:00,-0.0009794806968763327
2021-10-25 16:00:00,0.001443947046564465
2021-10-25 17:00:00,-0.0010957960473890684
2021-10-25 18:00:00,-0.0002329905091772213
2021-10-25 19:00:00,0.0
2021-10-25 20:00:00,0.0
2021-10-26 12:00:00,0.0
2021-10-26 13:00:00,-0.033863640627650196
2021-10-26 14:00:00,-0.0011598202383482684
2021-10-26 15:00:00,0.0004472466868308332
2021-10-26 16:00:00,-0.004314250222216303
2021-10-26 17:00:00,0.000142710020005655
2021-10-26 18:00:00,0.0014405882421769608
2021-10-26 19:00:00,-0.00282077452514568
2021-10-26 20:00:00,-0.001
2021-10-27 12:00:00,-0.001
2021-10-27 13:00:00,-0.0032740407504113435
2021-10-27 14:00:00,-0.005126618081381789
2021-10-27 15:00:00,-0.002044158876175927
2021-10-27 16:00:00,-0.0012422633511030004
2021-10-27 17:00:00,-0.003696346702200575
2021-10-27 18:00:00,-0.0007134798672976996
2021-10-27 19:00:00,-0.005726259711160768
2021-10-27 20:00:00,-0.001
2021-10-28 12:00:00,-0.001
2021-10-28 13:00:00,0.004579909242221959
2021-10-28 14:00:00,-0.004503095822485969
2021-10-28 15:00:00,-0.005167083643232039
2021-10-28 16:00:00,-0.0015920508911069044
2021-10-28 17:00:00,0.0013072854810786527
2021-10-28 18:00:00,-0.0009017322888232862
2021-10-28 19:00:00,0.0002656670920295598
2021-10-28 20:00:00,-0.001
2021-10-29 12:00:00,0.0
2021-10-29 13:00:00,0.0
2021-10-29 14:00:00,-0.0031590219945741784
2021-10-29 15:00:00,0.000523394223548935
2021-10-29 16:00:00,-0.0029398310560452548
2021-10-29 17:00:00,-0.0008231408772458417
2021-10-29 18:00:00,-0.0044116321281788985
2021-10-29 19:00:00,0.0013302301093342968
2021-10-29 20:00:00,-0.001
2021-11-01 12:00:00,-0.001
2021-11-01 13:00:00,0.007864948545595385
2021-11-01 14:00:00,-0.001694414130328691
2021-11-01 15:00:00,0.002731778042392125
2021-11-01 16:00:00,0.0008609711422035934
2021-11-01 17:00:00,-0.00381567882464136
2021-11-01 18:00:00,0.0
2021-11-01 19:00:00,0.0
2021-11-01 20:00:00,0.0
2021-11-02 12:00:00,0.0
2021-11-02 13:00:00,0.0
2021-11-02 14:00:00,0.0
2021-11-02 15:00:00,0.0
2021-11-02 16:00:00,0.0
2021-11-02 17:00:00,0.0
2021-11-02 18:00:00,0.0
2021-11-02 19:00:00,0.0
2021-11-02 20:00:00,0.0
2021-11-03 12:00:00,0.0
2021-11-03 13:00:00,0.0
2021-11-03 14:00:00,0.0
2021-11-03 15:00:00,-0.006510019382645065
2021-11-03 16:00:00,-8.470618476762919e-05
2021-11-03 17:00:00,-0.0008723437325737152
2021-11-03 18:00:00,0.006314796613514851
2021-11-03 19:00:00,0.0003882982737638883
2021-11-03 20:00:00,-0.001
2021-11-04 12:00:00,-0.001
2021-11-04 13:00:00,0.0006715080317157293
2021-11-04 14:00:00,-0.0012249033962791857
2021-11-04 15:00:00,-0.0005319700797479723
2021-11-04 16:00:00,-0.00364111141700451
2021-11-04 17:00:00,-0.002478468817753009
2021-11-04 18:00:00,0.00030843606481744204
2021-11-04 19:00:00,0.0
2021-11-04 20:00:00,0.0
2021-11-05 12:00:00,0.0
2021-11-05 13:00:00,0.0
2021-11-05 14:00:00,0.0
2021-11-05 15:00:00,-0.009512238186496325
2021-11-05 16:00:00,0.0018914643225702195
2021-11-05 17:00:00,0.001017044311389454
2021-11-05 18:00:00,0.001977033648661037
2021-11-05 19:00:00,-7.078764044938699e-05
2021-11-05 20:00:00,-0.001
2021-11-08 13:00:00,0.009496169281284196
2021-11-08 14:00:00,0.005041069843524987
2021-11-08 15:00:00,0.0017261310414659736
2021-11-08 16:00:00,-0.00015144154283182527
2021-11-08 17:00:00,0.0023945799174317282
2021-11-08 18:00:00,0.003070330637115727
2021-11-08 19:00:00,-1.7205425173349173e-05
2021-11-08 20:00:00,0.0
2021-11-08 21:00:00,0.0
2021-11-09 13:00:00,0.0
2021-11-09 14:00:00,0.0
2021-11-09 15:00:00,0.0
2021-11-09 16:00:00,0.0
2021-11-09 17:00:00,0.0
2021-11-09 18:00:00,0.0
2021-11-09 19:00:00,0.0
2021-11-09 20:00:00,0.0
2021-11-09 21:00:00,0.0
2021-11-10 13:00:00,0.0
2021-11-10 14:00:00,0.0
2021-11-10 15:00:00,0.0
2021-11-10 16:00:00,0.0
2021-11-10 17:00:00,0.0
2021-11-10 18:00:00,-0.012622672477004864
2021-11-10 19:00:00,-0.0025491532296939836
2021-11-10 20:00:00,0.0022402404692147613
2021-11-10 21:00:00,-0.001
2021-11-11 13:00:00,-0.001
2021-11-11 14:00:00,0.013630630988332015
2021-11-11 15:00:00,0.0014382663096278291
2021-11-11 16:00:00,-0.0015466485016304812
2021-11-11 17:00:00,0.00019839361334401213
2021-11-11 18:00:00,0.0001969422415912755
2021-11-11 19:00:00,-0.002828955599818177
2021-11-11 20:00:00,-0.0016794270814871495
2021-11-11 21:00:00,-0.001
2021-11-12 13:00:00,0.0
2021-11-12 14:00:00,0.0
2021-11-12 15:00:00,0.0
2021-11-12 16:00:00,0.0
2021-11-12 17:00:00,0.0
2021-11-12 18:00:00,0.0
2021-11-12 19:00:00,0.0
2021-11-12 20:00:00,0.0
2021-11-12 21:00:00,0.0
2021-11-15 13:00:00,0.0
2021-11-15 14:00:00,0.0
2021-11-15 15:00:00,0.0
2021-11-15 16:00:00,0.0
2021-11-15 17:00:00,0.0
2021-11-15 18:00:00,0.0
2021-11-15 19:00:00,0.0
2021-11-15 20:00:00,0.0
2021-11-15 21:00:00,0.0
2021-11-16 13:00:00,0.0
2021-11-16 14:00:00,0.0
2021-11-16 15:00:00,0.0
2021-11-16 16:00:00,0.0
2021-11-16 17:00:00,0.0
2021-11-16 18:00:00,0.0
2021-11-16 19:00:00,0.0
2021-11-16 20:00:00,0.0
2021-11-16 21:00:00,0.0
2021-11-17 13:00:00,0.0
2021-11-17 14:00:00,-0.014448184089426896
2021-11-17 15:00:00,-0.002456920580978466
2021-11-17 16:00:00,-0.0015501177445124406
2021-11-17 17:00:00,-0.0008393945740719324
2021-11-17 18:00:00,-0.0009510007277871038
2021-11-17 19:00:00,0.00018460647429348136
2021-11-17 20:00:00,0.0011733375722192416
2021-11-17 21:00:00,-0.002463309046613065
2021-11-18 13:00:00,-0.001
2021-11-18 14:00:00,-0.001414679423235842
2021-11-18 15:00:00,-0.0060711721146069365
2021-11-18 16:00:00,-0.00039675500176309297
2021-11-18 17:00:00,-0.00014101232880171983
2021-11-18 18:00:00,-0.0021896604553844727
2021-11-18 19:00:00,-0.00048581810636014655
2021-11-18 20:00:00,-0.0009770563145284786
2021-11-18 21:00:00,-0.001
2021-11-19 13:00:00,-0.0023943568424616025
2021-11-19 14:00:00,-0.000701866336388506
2021-11-19 15:00:00,-0.0012007466309899842
2021-11-19 16:00:00,-0.0031917839637985827
2021-11-19 17:00:00,0.0004717743448934839
2021-11-19 18:00:00,-0.003768510066725577
2021-11-19 19:00:00,-0.0014464342378485086
2021-11-19 20:00:00,-0.0028660907892704914
2021-11-22 13:00:00,-0.0010767388725021966
2021-11-22 14:00:00,-0.014109724082530532
2021-11-22 15:00:00,-0.002399743732250791
2021-11-22 16:00:00,-0.004669915302590748
2021-11-22 17:00:00,0.0001254823432567285
2021-11-22 18:00:00,-0.001792386409645718
2021-11-22 19:00:00,0.001138625663816768
2021-11-22 20:00:00,-0.006825865313535178
2021-11-22 21:00:00,-0.001
2021-11-23 13:00:00,-0.001
2021-11-23 14:00:00,0.002167109875342228
2021-11-23 15:00:00,-0.008952154056076349
2021-11-23 16:00:00,0.0030570461094612212
2021-11-23 17:00:00,-0.002256414259261296
2021-11-23 18:00:00,-0.00365177444336106
2021-11-23 19:00:00,0.0016765847484899463
2021-11-23 20:00:00,0.0008656553662066422
2021-11-23 21:00:00,-0.001
2021-11-24 13:00:00,-0.001
2021-11-24 14:00:00,-0.0076126739713709745
2021-11-24 15:00:00,0.005509649048406313
2021-11-24 16:00:00,0.0019775734904106676
2021-11-24 17:00:00,-0.0017069195768635906
2021-11-24 18:00:00,-0.0016332510606232966
2021-11-24 19:00:00,-0.0008168413281989353
2021-11-24 20:00:00,0.0005797215631627782
2021-11-24 21:00:00,-0.001
2021-11-26 13:00:00,0.0
2021-11-26 14:00:00,-0.0644873109599821
2021-11-26 15:00:00,0.0012122734560704794
2021-11-26 16:00:00,-0.0007186310738198189
2021-11-26 17:00:00,0.012507683237176371
2021-11-26 18:00:00,-0.0009467644623210693
2021-11-29 13:00:00,-0.001
2021-11-29 14:00:00,0.006971918604754264
2021-11-29 15:00:00,-0.008762249385794162
2021-11-29 16:00:00,0.002294582450615513
2021-11-29 17:00:00,0.008615695582953675
2021-11-29 18:00:00,-0.0036679797246064673
2021-11-29 19:00:00,-0.0029030609209705783
2021-11-29 20:00:00,-0.00279617873258871
2021-11-29 21:00:00,0.0
2021-11-30 13:00:00,0.0
2021-11-30 14:00:00,-0.02136055989522257
2021-11-30 15:00:00,-0.006376784036598759
2021-11-30 16:00:00,-0.005662495780858117
2021-11-30 17:00:00,-0.001074625495412245
2021-11-30 18:00:00,0.0012777815880865304
2021-11-30 19:00:00,-0.00523246217847606
2021-11-30 20:00:00,-0.008722829960706873
2021-11-30 21:00:00,-0.001
2021-12-01 13:00:00,-0.001
2021-12-01 14:00:00,0.010540703138760227
2021-12-01 15:00:00,0.004571551913880313
2021-12-01 16:00:00,-0.003876475426594438
2021-12-01 17:00:00,-0.00537533106649155
2021-12-01 18:00:00,-0.004180948509544923
2021-12-01 19:00:00,-0.005869713600328585
2021-12-01 20:00:00,-0.014743964195994264
2021-12-01 21:00:00,-0.00032069246976676924
2021-12-02 13:00:00,-0.001
2021-12-02 14:00:00,0.019045251766958614
2021-12-02 15:00:00,-0.002238841430656573
2021-12-02 16:00:00,0.0018154259552852943
2021-12-02 17:00:00,0.000843896015489077
2021-12-02 18:00:00,-0.0001595510860788621
2021-12-02 19:00:00,0.0007996605025839495
2021-12-02 20:00:00,-0.000928248982023965
2021-12-02 21:00:00,-0.001
2021-12-03 13:00:00,0.0
2021-12-03 14:00:00,0.0
2021-12-03 15:00:00,-0.02177940170794702
2021-12-03 16:00:00,-0.009986400800847867
2021-12-03 17:00:00,0.004377253866558939
2021-12-03 18:00:00,-0.0019386552536739424
2021-12-03 19:00:00,-0.0023631188979524424
2021-12-03 20:00:00,0.009314662191895601
2021-12-03 21:00:00,-0.0012760774274738476
2021-12-06 13:00:00,-0.0024549621501493138
2021-12-06 14:00:00,-0.018692727574007816
2021-12-06 15:00:00,0.0067031990418936266
2021-12-06 16:00:00,-0.003043899240882019
2021-12-06 17:00:00,0.008445074557288778
2021-12-06 18:00:00,0.004638200587346048
2021-12-06 19:00:00,0.0
2021-12-06 20:00:00,0.0
2021-12-06 21:00:00,0.0
2021-12-07 13:00:00,0.0
2021-12-07 14:00:00,0.0
2021-12-07 15:00:00,0.0
2021-12-07 16:00:00,0.0
2021-12-07 17:00:00,0.0
2021-12-07 18:00:00,0.0
2021-12-07 19:00:00,0.0
2021-12-07 20:00:00,0.0
2021-12-07 21:00:00,0.0
2021-12-08 13:00:00,0.0
2021-12-08 14:00:00,0.0
2021-12-08 15:00:00,0.0
2021-12-08 16:00:00,0.0
2021-12-08 17:00:00,0.0
2021-12-08 18:00:00,0.0
2021-12-08 19:00:00,0.0
2021-12-08 20:00:00,0.0
2021-12-08 21:00:00,0.0
2021-12-09 13:00:00,0.0
2021-12-09 14:00:00,0.0
2021-12-09 15:00:00,0.0
2021-12-09 16:00:00,0.0
2021-12-09 17:00:00,0.0
2021-12-09 18:00:00,0.0
2021-12-09 19:00:00,0.0
2021-12-09 20:00:00,0.0
2021-12-09 21:00:00,0.0
2021-12-10 13:00:00,0.0
2021-12-10 14:00:00,0.0
2021-12-10 15:00:00,0.0
2021-12-10 16:00:00,0.0
2021-12-10 17:00:00,0.0
2021-12-10 18:00:00,0.0
2021-12-10 19:00:00,0.0
2021-12-10 20:00:00,0.0
2021-12-10 21:00:00,0.0
2021-12-13 13:00:00,0.0
2021-12-13 14:00:00,0.0
2021-12-13 15:00:00,0.0
2021-12-13 16:00:00,0.0
2021-12-13 17:00:00,0.0
2021-12-13 18:00:00,0.0
2021-12-13 19:00:00,0.0
2021-12-13 20:00:00,0.0
2021-12-13 21:00:00,0.0
2021-12-14 13:00:00,0.0
2021-12-14 14:00:00,-0.025048683138262456
2021-12-14 15:00:00,-0.008789187563592225
2021-12-14 16:00:00,-0.0006586895657398276
2021-12-14 17:00:00,-0.002216409033619398
2021-12-14 18:00:00,-0.0022308645629053815
2021-12-14 19:00:00,0.0056695786983961115
2021-12-14 20:00:00,-0.0004668493037609347
2021-12-14 21:00:00,-0.001
2021-12-15 13:00:00,-0.001
2021-12-15 14:00:00,-0.008123031576239968
2021-12-15 15:00:00,-0.00398252125502439
2021-12-15 16:00:00,-0.004546583997658648
2021-12-15 17:00:00,-0.00012222171478011774
2021-12-15 18:00:00,0.0
2021-12-15 19:00:00,0.0
2021-12-15 20:00:00,0.0
2021-12-15 21:00:00,0.0
2021-12-16 13:00:00,0.0
2021-12-16 14:00:00,0.0
2021-12-16 15:00:00,0.0
2021-12-16 16:00:00,0.0
2021-12-16 17:00:00,0.0
2021-12-16 18:00:00,0.0
2021-12-16 19:00:00,0.0
2021-12-16 20:00:00,0.0
2021-12-16 21:00:00,0.0
2021-12-17 13:00:00,0.0
2021-12-17 14:00:00,-0.024414157879960218
2021-12-17 15:00:00,0.008855661529415786
2021-12-17 16:00:00,-0.004926446195191102
2021-12-17 17:00:00,-0.0016774275067964243
2021-12-17 18:00:00,0.0017411372919024178
2021-12-17 19:00:00,-0.003502459066248031
2021-12-17 20:00:00,-0.005785583259813547
2021-12-17 21:00:00,-0.001
2021-12-20 13:00:00,-0.001
2021-12-20 14:00:00,-0.023628573045371665
2021-12-20 15:00:00,-0.006977002146831284
2021-12-20 16:00:00,-0.00018310824612401328
2021-12-20 17:00:00,-0.000210637470232721
2021-12-20 18:00:00,0.0013017858731261276
2021-12-20 19:00:00,-0.0011445564930613042
2021-12-20 20:00:00,0.0054007809675666
2021-12-20 21:00:00,-0.001
2021-12-21 14:00:00,0.015539167826309229
2021-12-21 15:00:00,0.002145149709215156
2021-12-21 16:00:00,0.0037847319442411605
2021-12-21 17:00:00,0.0031278837886464577
2021-12-21 18:00:00,-0.00271208622497625
2021-12-21 19:00:00,-0.00315960411088284
2021-12-21 20:00:00,0.0004975726875937512
2021-12-21 21:00:00,-0.001
2021-12-22 13:00:00,-0.001
2021-12-22 14:00:00,0.0
2021-12-22 15:00:00,0.0
2021-12-22 16:00:00,0.0
2021-12-22 17:00:00,0.0
2021-12-22 18:00:00,0.0
2021-12-22 19:00:00,0.0
2021-12-22 20:00:00,0.0
2021-12-22 21:00:00,0.0
2021-12-23 14:00:00,0.0
2021-12-23 15:00:00,0.0
2021-12-23 16:00:00,0.0
2021-12-23 17:00:00,0.0
2021-12-23 18:00:00,0.0
2021-12-23 19:00:00,0.0
2021-12-23 20:00:00,0.0
2021-12-23 21:00:00,0.0
2021-12-27 13:00:00,0.0
2021-12-27 14:00:00,0.0
2021-12-27 15:00:00,0.0
2021-12-27 16:00:00,0.0
2021-12-27 17:00:00,0.0
2021-12-27 18:00:00,0.0
2021-12-27 19:00:00,0.0
2021-12-27 20:00:00,0.0
2021-12-27 21:00:00,0.0
2021-12-28 13:00:00,0.0
2021-12-28 14:00:00,0.0
2021-12-28 15:00:00,0.0
2021-12-28 16:00:00,0.0
2021-12-28 17:00:00,0.0
2021-12-28 18:00:00,0.0
2021-12-28 19:00:00,0.0
2021-12-28 20:00:00,0.0
2021-12-28 21:00:00,0.0
2021-12-29 14:00:00,0.0
2021-12-29 15:00:00,0.0
2021-12-29 16:00:00,0.0
2021-12-29 17:00:00,0.0
2021-12-29 18:00:00,0.0
2021-12-29 19:00:00,0.0
2021-12-29 20:00:00,0.0
2021-12-29 21:00:00,0.0
2021-12-30 14:00:00,0.0
2021-12-30 15:00:00,0.0
2021-12-30 16:00:00,0.0
2021-12-30 17:00:00,0.0
2021-12-30 18:00:00,0.0
2021-12-30 19:00:00,0.0
2021-12-30 20:00:00,0.0
2021-12-30 21:00:00,0.0
2021-12-31 14:00:00,0.0
2021-12-31 15:00:00,0.0
2021-12-31 16:00:00,0.0
2021-12-31 17:00:00,0.0
2021-12-31 18:00:00,0.0
2021-12-31 19:00:00,0.0
2021-12-31 20:00:00,-0.006525080677847488
2021-12-31 21:00:00,-0.001
2022-01-03 13:00:00,-0.001
2022-01-03 14:00:00,-0.0012875196298766758
2022-01-03 15:00:00,0.0036989453619212694
2022-01-03 16:00:00,-0.0031531796255938986
2022-01-03 17:00:00,0.0008417811883011613
2022-01-03 18:00:00,0.0016276931978965801
2022-01-03 19:00:00,0.0010130356233854065
2022-01-03 20:00:00,-0.0006278736973706114
2022-01-03 21:00:00,-0.001
2022-01-04 13:00:00,-0.001
2022-01-04 14:00:00,0.003858917646914762
2022-01-04 15:00:00,-0.02547240445069058
2022-01-04 16:00:00,0.002083800529074304
2022-01-04 17:00:00,-0.006458819452451219
2022-01-04 18:00:00,-0.007250451316226119
2022-01-04 19:00:00,0.006304727471557621
2022-01-04 20:00:00,0.009623651199316213
2022-01-04 21:00:00,-0.001
2022-01-05 13:00:00,-0.001
2022-01-05 14:00:00,-0.010919282932692679
2022-01-05 15:00:00,-0.003468938830567746
2022-01-05 16:00:00,-0.006089380332453641
2022-01-05 17:00:00,-0.009777014131866667
2022-01-05 18:00:00,-0.0019828702070536653
2022-01-05 19:00:00,-0.016044964404570972
2022-01-05 20:00:00,-0.008633423393017706
2022-01-05 21:00:00,-0.001
2022-01-06 13:00:00,-0.001
2022-01-06 14:00:00,-0.007117006211331466
2022-01-06 15:00:00,0.0069540440844929234
2022-01-06 16:00:00,0.0021314152109067463
2022-01-06 17:00:00,0.0004242947136040018
2022-01-06 18:00:00,-0.0011131413710122153
2022-01-06 19:00:00,-0.0009028136443177783
2022-01-06 20:00:00,-0.003237018397343182
2022-01-06 21:00:00,-0.001
2022-01-07 13:00:00,-0.001
2022-01-07 14:00:00,-0.01292500122892775
2022-01-07 15:00:00,-0.0017814186097608034
2022-01-07 16:00:00,0.002893992281024472
2022-01-07 17:00:00,-0.0008498101767521629
2022-01-07 18:00:00,0.0005109751675372151
2022-01-07 19:00:00,-0.0007929048165169308
2022-01-07 20:00:00,-0.004140689181039802
2022-01-07 21:00:00,-0.001
2022-01-10 13:00:00,-0.001
2022-01-10 14:00:00,-0.006193767064456717
2022-01-10 15:00:00,-0.004570834034223341
2022-01-10 16:00:00,-0.0004238471417389968
2022-01-10 17:00:00,0.0006896906566201742
2022-01-10 18:00:00,0.0010870561183826798
2022-01-10 19:00:00,-0.00021259720611489417
2022-01-10 20:00:00,0.005982156075769974
2022-01-10 21:00:00,-0.001
2022-01-11 13:00:00,-0.001
2022-01-11 14:00:00,-0.00836786431667422
2022-01-11 15:00:00,-6.961575023877093e-05
2022-01-11 16:00:00,0.007400957236824224
2022-01-11 17:00:00,0.0005444208017874271
2022-01-11 18:00:00,0.0027623543548483294
2022-01-11 19:00:00,0.0003328373755250699
2022-01-11 20:00:00,0.0015490004189779704
2022-01-11 21:00:00,-0.001
2022-01-12 13:00:00,0.0
2022-01-12 14:00:00,0.0
2022-01-12 15:00:00,0.0
2022-01-12 16:00:00,0.0
2022-01-12 17:00:00,0.0
2022-01-12 18:00:00,0.0
2022-01-12 19:00:00,0.0
2022-01-12 20:00:00,0.0
2022-01-13 14:00:00,0.0
2022-01-13 15:00:00,0.0
2022-01-13 16:00:00,0.0
2022-01-13 17:00:00,0.0
2022-01-13 18:00:00,0.0
2022-01-13 19:00:00,0.0
2022-01-13 20:00:00,0.0
2022-01-13 21:00:00,0.0
2022-01-14 13:00:00,0.0
2022-01-14 14:00:00,0.0
2022-01-14 15:00:00,-0.012740223216020339
2022-01-14 16:00:00,-0.00027711183799763366
2022-01-14 17:00:00,-0.007240538275056562
2022-01-14 18:00:00,0.0016575305167053642
2022-01-14 19:00:00,0.0012267013633124888
2022-01-14 20:00:00,0.0026418732907751716
2022-01-18 13:00:00,-0.001
2022-01-18 14:00:00,-0.01763625641315188
2022-01-18 15:00:00,0.0031824210549656513
2022-01-18 16:00:00,-0.0012976267859181813
2022-01-18 17:00:00,-0.003451732658313238
2022-01-18 18:00:00,0.0015652487523811162
2022-01-18 19:00:00,0.0025639269996607494
2022-01-18 20:00:00,0.0
2022-01-18 21:00:00,0.0
2022-01-19 13:00:00,0.0
2022-01-19 14:00:00,0.0
2022-01-19 15:00:00,-0.013465384498975112
2022-01-19 16:00:00,-0.0016963541676941632
2022-01-19 17:00:00,-0.0029921186212072785
2022-01-19 18:00:00,-0.002687995944299564
2022-01-19 19:00:00,-0.003304279437085455
2022-01-19 20:00:00,-0.008012441286527117
2022-01-19 21:00:00,-0.0019443407350373911
2022-01-20 13:00:00,-0.001518348393917434
2022-01-20 14:00:00,0.0029653635752171902
2022-01-20 15:00:00,0.011767063936361778
2022-01-20 16:00:00,-0.007648218485567609
2022-01-20 17:00:00,-0.002940867501551935
2022-01-20 18:00:00,-0.0026828482662822166
2022-01-20 19:00:00,0.0
2022-01-20 20:00:00,-0.019423487066489702
2022-01-20 21:00:00,-0.001
2022-01-21 13:00:00,-0.001
2022-01-21 14:00:00,-0.014287168006593551
2022-01-21 15:00:00,0.005305114086279989
2022-01-21 16:00:00,-0.0006512773608795033
2022-01-21 17:00:00,-0.0038678262804420485
2022-01-21 18:00:00,-0.0011984705756384931
2022-01-21 19:00:00,-0.0064631746974589226
2022-01-21 20:00:00,-0.001373353471514143
2022-01-21 21:00:00,-0.001393945676964541
2022-01-24 13:00:00,-0.001
2022-01-24 14:00:00,-0.021679044138008908
2022-01-24 15:00:00,-0.010714284121246975
2022-01-24 16:00:00,-0.003966821743022663
2022-01-24 17:00:00,0.0024624311113854557
2022-01-24 18:00:00,0.009523109486130162
2022-01-24 19:00:00,-0.0014686071207371245
2022-01-24 20:00:00,0.010728116274442947
2022-01-24 21:00:00,-0.0008723067772296303
2022-01-25 13:00:00,-0.0032399392558845877
2022-01-25 14:00:00,-0.009971765608493825
2022-01-25 15:00:00,-9.307917944462087e-05
2022-01-25 16:00:00,-0.00638503560928974
2022-01-25 17:00:00,0.0006415310022078132
2022-01-25 18:00:00,0.010511135112612268
2022-01-25 19:00:00,0.0
2022-01-25 20:00:00,0.0
2022-01-25 21:00:00,0.0
2022-01-26 13:00:00,0.0
2022-01-26 14:00:00,0.0
2022-01-26 15:00:00,0.0
2022-01-26 16:00:00,0.0
2022-01-26 17:00:00,0.0
2022-01-26 18:00:00,0.0
2022-01-26 19:00:00,0.0
2022-01-26 20:00:00,0.0
2022-01-26 21:00:00,0.0
2022-01-27 13:00:00,0.0
2022-01-27 14:00:00,0.0
2022-01-27 15:00:00,0.0
2022-01-27 16:00:00,0.0
2022-01-27 17:00:00,0.0
2022-01-27 18:00:00,-0.008102935536291671
2022-01-27 19:00:00,-0.0010747140263668012
2022-01-27 20:00:00,0.0019915412349523105
2022-01-27 21:00:00,-0.0007755834829443522
2022-01-28 13:00:00,-0.001
2022-01-28 14:00:00,-0.013684860481653842
2022-01-28 15:00:00,0.006431168647000497
2022-01-28 16:00:00,0.006085588615341093
2022-01-28 17:00:00,-0.004657417159753457
2022-01-28 18:00:00,0.005895877158100139
2022-01-28 19:00:00,-0.00041353081323027756
2022-01-28 20:00:00,0.012825324941648508
2022-01-28 21:00:00,-0.0009548226790151318
2022-01-31 13:00:00,0.0
2022-01-31 14:00:00,0.0
2022-01-31 15:00:00,0.0
2022-01-31 16:00:00,0.0
2022-01-31 17:00:00,0.0
2022-01-31 18:00:00,0.0
2022-01-31 19:00:00,0.0
2022-01-31 20:00:00,0.0
2022-01-31 21:00:00,0.0
2022-02-01 13:00:00,0.0
2022-02-01 14:00:00,0.0
2022-02-01 15:00:00,0.0
2022-02-01 16:00:00,0.0
2022-02-01 17:00:00,0.0
2022-02-01 18:00:00,0.0
2022-02-01 19:00:00,0.0
2022-02-01 20:00:00,0.0
2022-02-01 21:00:00,0.0
2022-02-02 13:00:00,0.0
2022-02-02 14:00:00,0.0
2022-02-02 15:00:00,0.0
2022-02-02 16:00:00,0.0
2022-02-02 17:00:00,0.0
2022-02-02 18:00:00,0.0
2022-02-02 19:00:00,0.0
2022-02-02 20:00:00,0.0
2022-02-02 21:00:00,0.0
2022-02-03 13:00:00,0.0
2022-02-03 14:00:00,0.0
2022-02-03 15:00:00,0.0
2022-02-03 16:00:00,0.0
2022-02-03 17:00:00,0.0
2022-02-03 18:00:00,0.0
2022-02-03 19:00:00,0.0
2022-02-03 20:00:00,0.0
2022-02-03 21:00:00,0.0
2022-02-04 13:00:00,0.0
2022-02-04 14:00:00,0.0
2022-02-04 15:00:00,-0.01429942326431317
2022-02-04 16:00:00,0.0047673844272627
2022-02-04 17:00:00,0.00277476592084221
2022-02-04 18:00:00,0.0026905124262219648
2022-02-04 19:00:00,6.486279899465901e-05
2022-02-04 20:00:00,-0.00506124648191879
2022-02-04 21:00:00,-0.001
2022-02-07 13:00:00,-0.001
2022-02-07 14:00:00,-0.000520725369534846
2022-02-07 15:00:00,0.0027636587644971075
2022-02-07 16:00:00,-0.0025780899335715026
2022-02-07 17:00:00,-0.001904053461194837
2022-02-07 18:00:00,0.002291279873225389
2022-02-07 19:00:00,0.0
2022-02-07 20:00:00,0.0
2022-02-07 21:00:00,0.0
2022-02-08 14:00:00,-0.038129146044127364
2022-02-08 15:00:00,0.0031415323513011026
2022-02-08 16:00:00,0.004900877488710493
2022-02-08 17:00:00,-0.00019514891599834903
2022-02-08 18:00:00,-0.0018902016099504918
2022-02-08 19:00:00,-0.0046323875761653185
2022-02-08 20:00:00,0.005106389938692514
2022-02-08 21:00:00,-0.001
2022-02-09 13:00:00,-0.001
2022-02-09 14:00:00,0.01822500255439457
2022-02-09 15:00:00,0.0034465423105756237
2022-02-09 16:00:00,-0.0032970344254116594
2022-02-09 17:00:00,-0.0006270857336064464
2022-02-09 18:00:00,0.0
2022-02-09 19:00:00,0.0
2022-02-09 20:00:00,0.0
2022-02-09 21:00:00,0.0
2022-02-10 13:00:00,0.0
2022-02-10 14:00:00,0.0
2022-02-10 15:00:00,0.0
2022-02-10 16:00:00,0.0
2022-02-10 17:00:00,-0.009294927507922272
2022-02-10 18:00:00,-0.003245482431697132
2022-02-10 19:00:00,-0.0053649264333388786
2022-02-10 20:00:00,-0.0010598712801389457
2022-02-10 21:00:00,-0.001
2022-02-11 13:00:00,-0.001
2022-02-11 14:00:00,0.005372244955791734
2022-02-11 15:00:00,-0.004621016453037578
2022-02-11 16:00:00,0.0006905071592357712
2022-02-11 17:00:00,-0.0032381371368923433
2022-02-11 18:00:00,-0.0076906574822360844
2022-02-11 19:00:00,0.002624744670511615
2022-02-11 20:00:00,-0.002396479113299348
2022-02-11 21:00:00,-0.0009425338166386679
2022-02-14 13:00:00,-0.0013245720907083915
2022-02-14 14:00:00,0.004232137830021655
2022-02-14 15:00:00,-0.004176190824484649
2022-02-14 16:00:00,0.0017087430064037742
2022-02-14 17:00:00,-0.0003412275159260338
2022-02-14 18:00:00,-0.013029463742702974
2022-02-14 19:00:00,0.004029793721240916
2022-02-14 20:00:00,0.0001105713644909143
2022-02-14 21:00:00,-0.0012295633827172294
2022-02-15 13:00:00,0.0005697623432430086
2022-02-15 14:00:00,0.013444139263079271
2022-02-15 15:00:00,0.0025890013213720206
2022-02-15 16:00:00,0.0
2022-02-15 17:00:00,0.0
2022-02-15 18:00:00,0.0
2022-02-15 19:00:00,0.0
2022-02-15 20:00:00,0.0
2022-02-15 21:00:00,0.0
2022-02-16 13:00:00,0.0
2022-02-16 14:00:00,0.0
2022-02-16 15:00:00,-0.01467740172911847
2022-02-16 16:00:00,0.0033919455044836627
2022-02-16 17:00:00,0.00012612035988353114
2022-02-16 18:00:00,-0.001970363524830059
2022-02-16 19:00:00,0.004425445214683733
2022-02-16 20:00:00,0.0013586878724665638
2022-02-16 21:00:00,-0.001
2022-02-17 13:00:00,-0.001
2022-02-17 14:00:00,-0.01264374429658218
2022-02-17 15:00:00,0.005518125479402293
2022-02-17 16:00:00,-0.0017360675810065554
2022-02-17 17:00:00,-0.0027573734861879797
2022-02-17 18:00:00,-0.0005466165671327841
2022-02-17 19:00:00,-0.008859519860212339
2022-02-17 20:00:00,-0.0033743329577258
2022-02-17 21:00:00,-0.001
2022-02-18 14:00:00,0.003014796585967717
2022-02-18 15:00:00,-0.01429956781865101
2022-02-18 16:00:00,-0.007980316263187058
2022-02-18 17:00:00,7.338069666866878e-05
2022-02-18 18:00:00,0.0015327999588147464
2022-02-18 19:00:00,0.004446309411831218
2022-02-18 20:00:00,-0.007807045967907844
2022-02-18 21:00:00,-0.001
2022-02-22 13:00:00,-0.001
2022-02-22 14:00:00,0.0036521012631533355
2022-02-22 15:00:00,-0.017542518040379495
2022-02-22 16:00:00,-0.0051873201440298935
2022-02-22 17:00:00,-0.0020768355115651053
2022-02-22 18:00:00,-0.006424743320410397
2022-02-22 19:00:00,0.010687523190446264
2022-02-22 20:00:00,-0.007169684225624306
2022-02-22 21:00:00,-0.000138355489906449
2022-02-23 13:00:00,-0.001
2022-02-23 14:00:00,0.006156841686118048
2022-02-23 15:00:00,-0.01154908421374885
2022-02-23 16:00:00,0.0014323161951450402
2022-02-23 17:00:00,-0.0016681659130833128
2022-02-23 18:00:00,-0.00602705748096603
2022-02-23 19:00:00,-0.009374017267341155
2022-02-23 20:00:00,-0.004398596560011635
2022-02-23 21:00:00,-0.001
2022-02-24 13:00:00,-0.001
2022-02-24 14:00:00,-0.016807088745550473
2022-02-24 15:00:00,0.0019754066528172363
2022-02-24 16:00:00,0.0038347525039967535
2022-02-24 17:00:00,-0.0032289851682023633
2022-02-24 18:00:00,0.001414511555838056
2022-02-24 19:00:00,0.008954988014959208
2022-02-24 20:00:00,0.01143874178458194
2022-02-24 21:00:00,-0.001
2022-02-25 13:00:00,-0.001
2022-02-25 14:00:00,0.0
2022-02-25 15:00:00,0.0
2022-02-25 16:00:00,0.0
2022-02-25 17:00:00,0.0
2022-02-25 18:00:00,0.0
2022-02-25 19:00:00,0.0
2022-02-25 20:00:00,0.0
2022-02-25 21:00:00,0.0
2022-02-28 13:00:00,0.0
2022-02-28 14:00:00,0.0
2022-02-28 15:00:00,0.0
2022-02-28 16:00:00,0.0
2022-02-28 17:00:00,0.0
2022-02-28 18:00:00,0.0
2022-02-28 19:00:00,0.0
2022-02-28 20:00:00,0.0
2022-02-28 21:00:00,0.0
2022-03-01 13:00:00,0.0
2022-03-01 14:00:00,0.0
2022-03-01 15:00:00,0.0
2022-03-01 16:00:00,-0.01416791483985013
2022-03-01 17:00:00,0.002726164149999267
2022-03-01 18:00:00,-0.007952230475162175
2022-03-01 19:00:00,0.0054547390686021996
2022-03-01 20:00:00,-0.002304533500380617
2022-03-01 21:00:00,-0.00032515337423313277
2022-03-02 13:00:00,-0.001
2022-03-02 14:00:00,0.017044990795357224
2022-03-02 15:00:00,0.000994502575597662
2022-03-02 16:00:00,0.009377468002833917
2022-03-02 17:00:00,-0.0004274252896123645
2022-03-02 18:00:00,0.001533806690295637
2022-03-02 19:00:00,-0.005253060931324165
2022-03-02 20:00:00,0.0
2022-03-02 21:00:00,0.0
2022-03-03 13:00:00,0.0
2022-03-03 14:00:00,0.0
2022-03-03 15:00:00,0.0
2022-03-03 16:00:00,0.0
2022-03-03 17:00:00,0.0
2022-03-03 18:00:00,0.0
2022-03-03 19:00:00,0.0
2022-03-03 20:00:00,0.0
2022-03-03 21:00:00,0.0
2022-03-04 13:00:00,0.0
2022-03-04 14:00:00,-0.03599174556361524
2022-03-04 15:00:00,-0.016769012497042702
2022-03-04 16:00:00,-0.0007584311551452163
2022-03-04 17:00:00,0.005150148957754431
2022-03-04 18:00:00,-0.003265481500360017
2022-03-04 19:00:00,-0.006535308025744079
2022-03-04 20:00:00,0.004594162626275939
2022-03-04 21:00:00,-0.001
2022-03-07 14:00:00,-0.020633969791855965
2022-03-07 15:00:00,-0.021695405645528697
2022-03-07 16:00:00,-0.006452355940514564
2022-03-07 17:00:00,-0.0034671585615758606
2022-03-07 18:00:00,-0.0076979358741461
2022-03-07 19:00:00,-0.009377117969169506
2022-03-07 20:00:00,-0.00819349789062939
2022-03-07 21:00:00,-0.001
2022-03-08 14:00:00,-0.0032592103648431004
2022-03-08 15:00:00,-0.00033077923318398006
2022-03-08 16:00:00,-0.0034966682115073525
2022-03-08 17:00:00,0.013225938866152122
2022-03-08 18:00:00,-0.008078299805362375
2022-03-08 19:00:00,0.0016978179439526182
2022-03-08 20:00:00,-0.0056740253546191215
2022-03-08 21:00:00,-0.001
2022-03-09 13:00:00,-0.001
2022-03-09 14:00:00,0.043034577867891936
2022-03-09 15:00:00,0.0026578134014269127
2022-03-09 16:00:00,0.005904844878353772
2022-03-09 17:00:00,-0.00618104852581372
2022-03-09 18:00:00,-0.004330557161014725
2022-03-09 19:00:00,0.0013972545123036757
2022-03-09 20:00:00,-0.0032703453645470384
2022-03-09 21:00:00,-0.001
2022-03-10 13:00:00,-0.001
2022-03-10 14:00:00,-0.001695318498206776
2022-03-10 15:00:00,-0.002908592928321973
2022-03-10 16:00:00,-0.002808467170683753
2022-03-10 17:00:00,-0.0006981799641747879
2022-03-10 18:00:00,-5.304670728955262e-06
2022-03-10 19:00:00,0.0
2022-03-10 20:00:00,0.0
2022-03-10 21:00:00,0.0
2022-03-11 13:00:00,0.0
2022-03-11 14:00:00,0.0
2022-03-11 15:00:00,0.0
2022-03-11 16:00:00,0.0
2022-03-11 17:00:00,0.0
2022-03-11 18:00:00,0.0
2022-03-11 19:00:00,0.0
2022-03-11 20:00:00,0.0
2022-03-11 21:00:00,0.0
2022-03-14 12:00:00,0.0
2022-03-14 13:00:00,-0.03616549616198766
2022-03-14 14:00:00,0.006045204511459019
2022-03-14 15:00:00,-0.010171952756148128
2022-03-14 16:00:00,0.0009195372896247177
2022-03-14 17:00:00,-0.007733590438103909
2022-03-14 18:00:00,-0.0038205034790215965
2022-03-14 19:00:00,0.004233672762740543
2022-03-14 20:00:00,-0.001
2022-03-15 12:00:00,-0.004867676471952858
2022-03-15 13:00:00,-0.016828395398446168
2022-03-15 14:00:00,0.006815534715916733
2022-03-15 15:00:00,0.006188510025858208
2022-03-15 16:00:00,0.0039692262094397366
2022-03-15 17:00:00,0.0
2022-03-15 18:00:00,0.0
2022-03-15 19:00:00,0.0
2022-03-15 20:00:00,0.0
2022-03-16 12:00:00,0.0
2022-03-16 13:00:00,0.0
2022-03-16 14:00:00,0.0
2022-03-16 15:00:00,0.0
2022-03-16 16:00:00,0.0
2022-03-16 17:00:00,0.0
2022-03-16 18:00:00,0.0
2022-03-16 19:00:00,0.0
2022-03-16 20:00:00,0.0
2022-03-17 12:00:00,0.0
2022-03-17 13:00:00,0.0
2022-03-17 14:00:00,0.0
2022-03-17 15:00:00,0.0
2022-03-17 16:00:00,0.0
2022-03-17 17:00:00,0.0
2022-03-17 18:00:00,0.0
2022-03-17 19:00:00,0.0
2022-03-17 20:00:00,0.0
2022-03-18 12:00:00,0.0
2022-03-18 13:00:00,0.0
2022-03-18 14:00:00,0.0
2022-03-18 15:00:00,0.0
2022-03-18 16:00:00,0.0
2022-03-18 17:00:00,0.0
2022-03-18 18:00:00,0.0
2022-03-18 19:00:00,0.0
2022-03-18 20:00:00,0.0
2022-03-21 12:00:00,0.0
2022-03-21 13:00:00,0.0
2022-03-21 14:00:00,0.0
2022-03-21 15:00:00,0.0
2022-03-21 16:00:00,0.0
2022-03-21 17:00:00,0.0
2022-03-21 18:00:00,0.0
2022-03-21 19:00:00,0.0
2022-03-21 20:00:00,0.0
2022-03-22 13:00:00,0.0
2022-03-22 14:00:00,0.0
2022-03-22 15:00:00,0.0
2022-03-22 16:00:00,0.0
2022-03-22 17:00:00,0.0
2022-03-22 18:00:00,0.0
2022-03-22 19:00:00,0.0
2022-03-22 20:00:00,0.0
2022-03-23 13:00:00,0.0
2022-03-23 14:00:00,-0.0059839547999803
2022-03-23 15:00:00,-0.000931813106951628
2022-03-23 16:00:00,-0.002777101127817643
2022-03-23 17:00:00,-0.0017182413072613636
2022-03-23 18:00:00,-0.0025819121700139383
2022-03-23 19:00:00,-0.0036979285037288747
2022-03-23 20:00:00,-0.001
2022-03-24 12:00:00,-0.001
2022-03-24 13:00:00,0.0036402220401992435
2022-03-24 14:00:00,0.00020577566831867606
2022-03-24 15:00:00,0.0008940657283497419
2022-03-24 16:00:00,-0.0017975593585821117
2022-03-24 17:00:00,0.001012016475659495
2022-03-24 18:00:00,0.0
2022-03-24 19:00:00,0.0
2022-03-24 20:00:00,0.0
2022-03-25 13:00:00,0.0
2022-03-25 14:00:00,0.0
2022-03-25 15:00:00,-0.016179433501412755
2022-03-25 16:00:00,0.00198231323801289
2022-03-25 17:00:00,0.0041474470251272886
2022-03-25 18:00:00,0.002378386639061104
2022-03-25 19:00:00,0.0005038637689925305
2022-03-25 20:00:00,-0.001
2022-03-28 12:00:00,-0.001
2022-03-28 13:00:00,0.011282475770908913
2022-03-28 14:00:00,-0.008263926074906218
2022-03-28 15:00:00,-0.00864874787193004
2022-03-28 16:00:00,0.0010527081615382527
2022-03-28 17:00:00,0.006865881965890702
2022-03-28 18:00:00,0.006232169673090261
2022-03-28 19:00:00,0.0
2022-03-28 20:00:00,0.0
2022-03-29 12:00:00,0.0
2022-03-29 13:00:00,-0.029231373086507906
2022-03-29 14:00:00,0.006739732356364742
2022-03-29 15:00:00,-0.0035451868031249603
2022-03-29 16:00:00,-0.0017084531002574557
2022-03-29 17:00:00,0.004787438298801501
2022-03-29 18:00:00,0.001961132932911531
2022-03-29 19:00:00,0.003188648804253137
2022-03-29 20:00:00,-0.001
2022-03-30 12:00:00,-0.001
2022-03-30 13:00:00,0.008705357605019094
2022-03-30 14:00:00,0.0021811693765801895
2022-03-30 15:00:00,-0.0034553861010875645
2022-03-30 16:00:00,-0.005042101536893361
2022-03-30 17:00:00,0.0
2022-03-30 18:00:00,0.0
2022-03-30 19:00:00,0.0
2022-03-30 20:00:00,0.0
2022-03-31 12:00:00,0.0
2022-03-31 13:00:00,0.0
2022-03-31 14:00:00,0.0
2022-03-31 15:00:00,0.0
2022-03-31 16:00:00,0.0
2022-03-31 17:00:00,0.0
2022-03-31 18:00:00,-0.00638400706235469
2022-03-31 19:00:00,-0.012695630846621252
2022-03-31 20:00:00,-0.00048063076470509136
2022-04-01 12:00:00,-0.0014161191414805033
2022-04-01 13:00:00,-0.000646482185001839
2022-04-01 14:00:00,-0.00935170153348312
2022-04-01 15:00:00,-0.002054489458615282
2022-04-01 16:00:00,-0.004674970885879009
2022-04-01 17:00:00,0.0012017708124835557
2022-04-01 18:00:00,0.0026094370235945474
2022-04-01 19:00:00,0.00048595348693236196
2022-04-01 20:00:00,-0.0010878084850725546
2022-04-04 12:00:00,-0.001
2022-04-04 13:00:00,-0.016182056425768348
2022-04-04 14:00:00,0.0010164234795604918
2022-04-04 15:00:00,0.0002763818260470849
2022-04-04 16:00:00,-0.0016356704708917749
2022-04-04 17:00:00,1.7817638392504057e-05
2022-04-04 18:00:00,0.0007091642441299625
2022-04-04 19:00:00,-0.000951176322479518
2022-04-04 20:00:00,-0.001
2022-04-05 12:00:00,-0.001
2022-04-05 13:00:00,0.0036631747907031227
2022-04-05 14:00:00,-0.0032241095278166144
2022-04-05 15:00:00,-0.003417496100999694
2022-04-05 16:00:00,0.0010113912422640044
2022-04-05 17:00:00,-0.003720648180865698
2022-04-05 18:00:00,0.0009384560792577109
2022-04-05 19:00:00,-0.0026138371264276252
2022-04-06 12:00:00,-0.001
2022-04-06 13:00:00,-0.028802351906811918
2022-04-06 14:00:00,0.002270412040421722
2022-04-06 15:00:00,0.0001363286850532227
2022-04-06 16:00:00,-0.002770396823077086
2022-04-06 17:00:00,0.005063657003602852
2022-04-06 18:00:00,0.002762428427925685
2022-04-06 19:00:00,-0.004878733130809014
2022-04-06 20:00:00,-0.001
2022-04-07 12:00:00,-0.001
2022-04-07 13:00:00,-0.020716170695232145
2022-04-07 14:00:00,-0.006627305995389037
2022-04-07 15:00:00,-0.0010626096833331535
2022-04-07 16:00:00,-0.0029104694891702357
2022-04-07 17:00:00,0.006299022225278895
2022-04-07 18:00:00,0.006104344671552842
2022-04-07 19:00:00,-0.003095804455379885
2022-04-07 20:00:00,-0.001
2022-04-08 12:00:00,-0.001
2022-04-08 13:00:00,-0.009371499679459255
2022-04-08 14:00:00,0.01192763432103133
2022-04-08 15:00:00,-0.0014098706823704556
2022-04-08 16:00:00,0.0007172213856394003
2022-04-08 17:00:00,0.0
2022-04-08 18:00:00,0.0
2022-04-08 19:00:00,0.0
2022-04-08 20:00:00,0.0
2022-04-11 12:00:00,0.0
2022-04-11 13:00:00,-0.019667705031665584
2022-04-11 14:00:00,-0.0022475761077454296
2022-04-11 15:00:00,-0.001382127206444527
2022-04-11 16:00:00,0.0014077111844331977
2022-04-11 17:00:00,0.0009394248353962529
2022-04-11 18:00:00,-0.001319551685795022
2022-04-11 19:00:00,-0.007584926669488162
2022-04-11 20:00:00,-0.001
2022-04-12 12:00:00,0.0009289194991555015
2022-04-12 13:00:00,0.0069383423740888754
2022-04-12 14:00:00,-0.0066472840558162655
2022-04-12 15:00:00,0.0010534720604836799
2022-04-12 16:00:00,-0.006128612598656773
2022-04-12 17:00:00,-0.007682831201168965
2022-04-12 18:00:00,-0.0025690327471238165
2022-04-12 19:00:00,-0.004115073035326116
2022-04-12 20:00:00,-0.0010216825672159527
2022-04-13 12:00:00,-0.001
2022-04-13 13:00:00,-0.002386109350117215
2022-04-13 14:00:00,-0.0007156523575335019
2022-04-13 15:00:00,-0.00023974526696879297
2022-04-13 16:00:00,0.0003072812062598748
2022-04-13 17:00:00,-0.0006706628166128261
2022-04-13 18:00:00,0.001465995139271854
2022-04-13 19:00:00,0.00024782591075600633
2022-04-13 20:00:00,-0.001
2022-04-14 12:00:00,0.0
2022-04-14 13:00:00,0.0
2022-04-14 14:00:00,0.0
2022-04-14 15:00:00,0.0
2022-04-14 16:00:00,0.0
2022-04-14 17:00:00,0.0
2022-04-14 18:00:00,0.0
2022-04-14 19:00:00,-0.008955747655895675
2022-04-14 20:00:00,-0.001
2022-04-18 12:00:00,-0.001
2022-04-18 13:00:00,-0.00771060723509857
2022-04-18 14:00:00,0.0006906432447622965
2022-04-18 15:00:00,-0.005745442569860236
2022-04-18 16:00:00,-0.0028916992767625263
2022-04-18 17:00:00,0.0057997762105714895
2022-04-18 18:00:00,-0.0015661855000019978
2022-04-18 19:00:00,-0.0033844937523355425
2022-04-18 20:00:00,-0.001
2022-04-19 12:00:00,-0.001
2022-04-19 13:00:00,0.008171213886050122
2022-04-19 14:00:00,0.0
2022-04-19 15:00:00,0.0
2022-04-19 16:00:00,0.0
2022-04-19 17:00:00,0.0
2022-04-19 18:00:00,0.0
2022-04-19 19:00:00,0.0
2022-04-19 20:00:00,0.0
2022-04-20 12:00:00,0.0
2022-04-20 13:00:00,0.0
2022-04-20 14:00:00,0.0
2022-04-20 15:00:00,0.0
2022-04-20 16:00:00,0.0
2022-04-20 17:00:00,0.0
2022-04-20 18:00:00,0.0
2022-04-20 19:00:00,0.0
2022-04-20 20:00:00,0.0
2022-04-21 12:00:00,0.0
2022-04-21 13:00:00,0.0
2022-04-21 14:00:00,0.0
2022-04-21 15:00:00,-0.01241540965327648
2022-04-21 16:00:00,-0.008848175355935104
2022-04-21 17:00:00,-0.0030242574778067623
2022-04-21 18:00:00,-0.007236473743293491
2022-04-21 19:00:00,-0.002983275716843802
2022-04-21 20:00:00,0.0007845561057012627
2022-04-22 12:00:00,-0.001
2022-04-22 13:00:00,-0.001435567505198603
2022-04-22 14:00:00,-0.010725915599999202
2022-04-22 15:00:00,-0.010609603311211357
2022-04-22 16:00:00,-0.0026333835321621637
2022-04-22 17:00:00,-0.002656544764918333
2022-04-22 18:00:00,-0.002432805431978423
2022-04-22 19:00:00,-0.0073087034162012555
2022-04-22 20:00:00,-0.001
2022-04-25 12:00:00,-0.001
2022-04-25 13:00:00,-0.01789799607816294
2022-04-25 14:00:00,-0.006203294135494996
2022-04-25 15:00:00,-0.002088320667824988
2022-04-25 16:00:00,0.003371242876827619
2022-04-25 17:00:00,0.00031262364006176633
2022-04-25 18:00:00,0.007518385963820613
2022-04-25 19:00:00,0.0024104376819860337
2022-04-25 20:00:00,-0.001
2022-04-26 12:00:00,-0.001
2022-04-26 13:00:00,-0.007866855555641138
2022-04-26 14:00:00,-0.017910292803594186
2022-04-26 15:00:00,-0.0059087554014340005
2022-04-26 16:00:00,0.006812959727068247
2022-04-26 17:00:00,-0.007437218280819629
2022-04-26 18:00:00,0.003681087000709438
2022-04-26 19:00:00,-0.011296099981453905
2022-04-26 20:00:00,-0.0008557882370831928
2022-04-27 12:00:00,-0.001027107617240446
2022-04-27 13:00:00,0.010344044192682752
2022-04-27 14:00:00,-0.015121277358466922
2022-04-27 15:00:00,0.005434674896659875
2022-04-27 16:00:00,0.006087706145199618
2022-04-27 17:00:00,0.00012059007232569996
2022-04-27 18:00:00,0.0
2022-04-27 19:00:00,0.0
2022-04-27 20:00:00,0.0
2022-04-28 12:00:00,0.0
2022-04-28 13:00:00,0.0
2022-04-28 14:00:00,0.0
2022-04-28 15:00:00,0.0
2022-04-28 16:00:00,0.0
2022-04-28 17:00:00,0.0
2022-04-28 18:00:00,0.0
2022-04-28 19:00:00,0.0
2022-04-28 20:00:00,0.0
2022-04-29 12:00:00,0.0
2022-04-29 13:00:00,0.0
2022-04-29 14:00:00,0.0
2022-04-29 15:00:00,0.0
2022-04-29 16:00:00,0.0
2022-04-29 17:00:00,0.0
2022-04-29 18:00:00,-0.008815712635548329
2022-04-29 19:00:00,-0.0073537163168153775
2022-04-29 20:00:00,-0.0010321853878339218
2022-05-02 12:00:00,-0.001
2022-05-02 13:00:00,-0.0007315909400265821
2022-05-02 14:00:00,0.0013308177570642964
2022-05-02 15:00:00,-0.005190033422755113
2022-05-02 16:00:00,-0.007038893517442462
2022-05-02 17:00:00,-0.0069334621037260005
2022-05-02 18:00:00,-0.004403001127122674
2022-05-02 19:00:00,0.016844014292846977
2022-05-02 20:00:00,0.00010115606936416202
2022-05-03 12:00:00,-0.001
2022-05-03 13:00:00,0.0
2022-05-03 14:00:00,0.0
2022-05-03 15:00:00,0.0
2022-05-03 16:00:00,0.0
2022-05-03 17:00:00,0.0
2022-05-03 18:00:00,0.0
2022-05-03 19:00:00,0.0
2022-05-03 20:00:00,0.0
2022-05-04 12:00:00,0.0
2022-05-04 13:00:00,0.0
2022-05-04 14:00:00,-0.012857295448854573
2022-05-04 15:00:00,-0.004396146605431882
2022-05-04 16:00:00,0.01172974205746571
2022-05-04 17:00:00,0.008073953677288897
2022-05-04 18:00:00,0.015538202970355668
2022-05-04 19:00:00,0.018251370131000165
2022-05-04 20:00:00,-0.0019340356464751676
2022-05-05 12:00:00,-0.001
2022-05-05 13:00:00,-0.02810291698749437
2022-05-05 14:00:00,-0.02388431272225644
2022-05-05 15:00:00,-0.007814113863180327
2022-05-05 16:00:00,0.0034709585168060724
2022-05-05 17:00:00,-0.004323891106051475
2022-05-05 18:00:00,0.0
2022-05-05 19:00:00,0.0
2022-05-05 20:00:00,0.0
2022-05-06 12:00:00,0.0
2022-05-06 13:00:00,-0.06107763012907561
2022-05-06 14:00:00,0.028676569524144234
2022-05-06 15:00:00,-0.007171048715097005
2022-05-06 16:00:00,0.00935327348027945
2022-05-06 17:00:00,-0.013691878573997424
2022-05-06 18:00:00,-0.009533738750857022
2022-05-06 19:00:00,0.0009774333619472727
2022-05-06 20:00:00,-0.001
2022-05-09 12:00:00,-0.001
2022-05-09 13:00:00,-0.024019246797762656
2022-05-09 14:00:00,-0.02507597878610123
2022-05-09 15:00:00,0.004531659912388243
2022-05-09 16:00:00,-0.0026580985046516783
2022-05-09 17:00:00,-0.012929095661237375
2022-05-09 18:00:00,-0.0033741773950359258
2022-05-09 19:00:00,-0.0074358634149974
2022-05-09 20:00:00,-0.001
2022-05-10 12:00:00,-0.001
2022-05-10 13:00:00,0.026331193375312072
2022-05-10 14:00:00,-0.023940951179550484
2022-05-10 15:00:00,-0.009235223283421985
2022-05-10 16:00:00,-0.00253316493853044
2022-05-10 17:00:00,0.030297277711920624
2022-05-10 18:00:00,-0.0048765281327539205
2022-05-10 19:00:00,-0.014257437120404604
2022-05-10 20:00:00,-0.006044175056502976
2022-05-11 12:00:00,0.0
2022-05-11 13:00:00,0.0
2022-05-11 14:00:00,0.0
2022-05-11 15:00:00,0.0
2022-05-11 16:00:00,0.0
2022-05-11 17:00:00,0.0
2022-05-11 18:00:00,0.0
2022-05-11 19:00:00,0.0
2022-05-11 20:00:00,0.0
2022-05-12 12:00:00,0.0
2022-05-12 13:00:00,-0.031354434440611006
2022-05-12 14:00:00,0.02554702219175935
2022-05-12 15:00:00,-0.015437505117054384
2022-05-12 16:00:00,0.005360982966021877
2022-05-12 17:00:00,-0.013094941842896744
2022-05-12 18:00:00,-0.007172097877556048
2022-05-12 19:00:00,0.018698993863000356
2022-05-12 20:00:00,-0.0009212823815657681
2022-05-13 12:00:00,-0.001
2022-05-13 13:00:00,0.022736101012803343
2022-05-13 14:00:00,0.006000462823552611
2022-05-13 15:00:00,0.001702820719861593
2022-05-13 16:00:00,-0.0018499460208848842
2022-05-13 17:00:00,0.0
2022-05-13 18:00:00,0.0
2022-05-13 19:00:00,0.0
2022-05-13 20:00:00,0.0
2022-05-16 12:00:00,0.0
2022-05-16 13:00:00,0.0
2022-05-16 14:00:00,0.0
2022-05-16 15:00:00,0.0
2022-05-16 16:00:00,0.0
2022-05-16 17:00:00,0.0
2022-05-16 18:00:00,0.0
2022-05-16 19:00:00,0.0
2022-05-16 20:00:00,0.0
2022-05-17 12:00:00,0.0
2022-05-17 13:00:00,0.0
2022-05-17 14:00:00,0.0
2022-05-17 15:00:00,0.0
2022-05-17 16:00:00,0.0
2022-05-17 17:00:00,0.0
2022-05-17 18:00:00,0.0
2022-05-17 19:00:00,0.0
2022-05-17 20:00:00,0.0
2022-05-18 12:00:00,0.0
2022-05-18 13:00:00,-0.04709561259189838
2022-05-18 14:00:00,-0.01647843827436463
2022-05-18 15:00:00,-0.0029420998373337385
2022-05-18 16:00:00,-0.007372086686601964
2022-05-18 17:00:00,-0.011926425790420862
2022-05-18 18:00:00,-0.001690354651980557
2022-05-18 19:00:00,0.0008853213437532213
2022-05-18 20:00:00,-0.001233926419508046
2022-05-19 12:00:00,-0.001
2022-05-19 13:00:00,-0.026186979481822553
2022-05-19 14:00:00,-0.002251868969367587
2022-05-19 15:00:00,0.012475634547721905
2022-05-19 16:00:00,-0.006420226414267093
2022-05-19 17:00:00,0.0
2022-05-19 18:00:00,0.0
2022-05-19 19:00:00,0.0
2022-05-19 20:00:00,0.0
2022-05-20 12:00:00,0.0
2022-05-20 13:00:00,0.0
2022-05-20 14:00:00,0.0
2022-05-20 15:00:00,-0.007347420753931387
2022-05-20 16:00:00,-0.011779394536858726
2022-05-20 17:00:00,0.0015847814775224074
2022-05-20 18:00:00,-0.0019502890081911964
2022-05-20 19:00:00,0.015979626004295998
2022-05-20 20:00:00,-0.0012573712015171315
2022-05-23 12:00:00,-0.001
2022-05-23 13:00:00,0.002275529554614076
2022-05-23 14:00:00,0.006854279184091395
2022-05-23 15:00:00,0.00551539188894833
2022-05-23 16:00:00,-0.002256147945036712
2022-05-23 17:00:00,0.00037703995699960935
2022-05-23 18:00:00,-0.0007350488488379594
2022-05-23 19:00:00,0.0
2022-05-23 20:00:00,0.0
2022-05-24 12:00:00,0.0
2022-05-24 13:00:00,-0.06588508540221047
2022-05-24 14:00:00,-0.008492646142915942
2022-05-24 15:00:00,0.009513173483024284
2022-05-24 16:00:00,-0.0033893122293673352
2022-05-24 17:00:00,-0.0013838235639726073
2022-05-24 18:00:00,-0.009082947978116467
2022-05-24 19:00:00,0.011228252922421501
2022-05-24 20:00:00,-0.0008614958448753476
2022-05-25 12:00:00,-0.001
2022-05-25 13:00:00,-0.0008673838097899391
2022-05-25 14:00:00,0.01519419068217065
2022-05-25 15:00:00,-0.008875250978258115
2022-05-25 16:00:00,0.001423534834814822
2022-05-25 17:00:00,0.0
2022-05-25 18:00:00,0.0
2022-05-25 19:00:00,0.0
2022-05-25 20:00:00,0.0
2022-05-26 12:00:00,0.0
2022-05-26 13:00:00,0.0
2022-05-26 14:00:00,0.0
2022-05-26 15:00:00,0.0
2022-05-26 16:00:00,0.0
2022-05-26 17:00:00,0.0
2022-05-26 18:00:00,0.0
2022-05-26 19:00:00,0.0
2022-05-26 20:00:00,0.0
2022-05-27 12:00:00,0.0
2022-05-27 13:00:00,0.0
2022-05-27 14:00:00,0.0
2022-05-27 15:00:00,0.0
2022-05-27 16:00:00,0.0
2022-05-27 17:00:00,0.0
2022-05-27 18:00:00,0.0
2022-05-27 19:00:00,0.0
2022-05-27 20:00:00,0.0
2022-05-31 12:00:00,0.0
2022-05-31 13:00:00,0.0
2022-05-31 14:00:00,0.0
2022-05-31 15:00:00,0.0
2022-05-31 16:00:00,0.0
2022-05-31 17:00:00,0.0
2022-05-31 18:00:00,0.0
2022-05-31 19:00:00,0.0
2022-05-31 20:00:00,0.0
2022-06-01 12:00:00,0.0
2022-06-01 13:00:00,0.0
2022-06-01 14:00:00,-0.014766104014118236
2022-06-01 15:00:00,-0.00564926584207716
2022-06-01 16:00:00,0.0008315679716377209
2022-06-01 17:00:00,0.0039637359385516
2022-06-01 18:00:00,0.0003787440006149676
2022-06-01 19:00:00,-0.0014923805924982095
2022-06-01 20:00:00,-0.001
2022-06-02 12:00:00,-0.001
2022-06-02 13:00:00,-0.012738677662045794
2022-06-02 14:00:00,0.006255189900999321
2022-06-02 15:00:00,0.004779937497417042
2022-06-02 16:00:00,0.0017557699482170183
2022-06-02 17:00:00,-2.852887417586266e-06
2022-06-02 18:00:00,0.0
2022-06-02 19:00:00,0.0
2022-06-02 20:00:00,0.0
2022-06-03 12:00:00,0.0
2022-06-03 13:00:00,0.0
2022-06-03 14:00:00,0.0
2022-06-03 15:00:00,0.0
2022-06-03 16:00:00,0.0
2022-06-03 17:00:00,0.0
2022-06-03 18:00:00,0.0
2022-06-03 19:00:00,0.0
2022-06-03 20:00:00,0.0
2022-06-06 12:00:00,0.0
2022-06-06 13:00:00,0.0
2022-06-06 14:00:00,0.0
2022-06-06 15:00:00,0.0
2022-06-06 16:00:00,0.0
2022-06-06 17:00:00,0.0
2022-06-06 18:00:00,0.0
2022-06-06 19:00:00,0.0
2022-06-06 20:00:00,0.0
2022-06-07 12:00:00,0.0
2022-06-07 13:00:00,-0.017589540077002575
2022-06-07 14:00:00,0.009730442956500187
2022-06-07 15:00:00,-0.007793659032546151
2022-06-07 16:00:00,0.0016582498159036629
2022-06-07 17:00:00,0.0006440446762496618
2022-06-07 18:00:00,0.003000985842026755
2022-06-07 19:00:00,0.005809587883481627
2022-06-07 20:00:00,-0.001
2022-06-08 12:00:00,-0.001
2022-06-08 13:00:00,-0.004935631569439768
2022-06-08 14:00:00,-0.007512607299740791
2022-06-08 15:00:00,0.0025459681644021633
2022-06-08 16:00:00,-0.007794768939712004
2022-06-08 17:00:00,-0.007858907487969096
2022-06-08 18:00:00,-0.0009199577757444113
2022-06-08 19:00:00,-0.0009088737513877612
2022-06-08 20:00:00,-0.001
2022-06-09 12:00:00,-0.001
2022-06-09 13:00:00,0.0021246649560341343
2022-06-09 14:00:00,-0.00750035161062199
2022-06-09 15:00:00,-0.00047409875206758014
2022-06-09 16:00:00,0.0021451214352286815
2022-06-09 17:00:00,-0.004451665455390368
2022-06-09 18:00:00,-0.006213278155884576
2022-06-09 19:00:00,-0.01347629188928006
2022-06-09 20:00:00,-0.001
2022-06-10 12:00:00,-0.008250791935236467
2022-06-10 13:00:00,-0.013442152530376221
2022-06-10 14:00:00,-0.0051662298879328545
2022-06-10 15:00:00,0.0008969368862433
2022-06-10 16:00:00,-0.0010298130637736982
2022-06-10 17:00:00,-0.00041342766701943834
2022-06-10 18:00:00,0.003281784487326556
2022-06-10 19:00:00,-0.00740408774618959
2022-06-10 20:00:00,-0.001
2022-06-13 12:00:00,-0.005446992332578037
2022-06-13 13:00:00,-0.019080917880589875
2022-06-13 14:00:00,-0.010291668253403472
2022-06-13 15:00:00,0.0003686559892031435
2022-06-13 16:00:00,-0.005716017726963079
2022-06-13 17:00:00,0.0021779427093155286
2022-06-13 18:00:00,-0.007011175397124535
2022-06-13 19:00:00,-0.006506789766471209
2022-06-13 20:00:00,-0.001
2022-06-14 12:00:00,-0.001
2022-06-14 13:00:00,0.007268491385375536
2022-06-14 14:00:00,-0.004871480455581844
2022-06-14 15:00:00,-0.0017070051498445861
2022-06-14 16:00:00,-0.00441636081286163
2022-06-14 17:00:00,-0.0038956566205182834
2022-06-14 18:00:00,-0.003219594088740401
2022-06-14 19:00:00,0.004493395814456759
2022-06-14 20:00:00,0.0
2022-06-15 12:00:00,0.0
2022-06-15 13:00:00,0.0
2022-06-15 14:00:00,0.0
2022-06-15 15:00:00,0.0
2022-06-15 16:00:00,0.0
2022-06-15 17:00:00,0.0
2022-06-15 18:00:00,0.0
2022-06-15 19:00:00,0.0
2022-06-16 12:00:00,0.0
2022-06-16 13:00:00,0.0
2022-06-16 14:00:00,-0.019016635126669245
2022-06-16 15:00:00,0.0039793681046721
2022-06-16 16:00:00,-0.004694470805268468
2022-06-16 17:00:00,-0.006219113994812436
2022-06-16 18:00:00,-0.007388886128755949
2022-06-16 19:00:00,0.0038545949654092094
2022-06-16 20:00:00,-0.001
2022-06-17 12:00:00,-0.001
2022-06-17 13:00:00,0.005173927895270997
2022-06-17 14:00:00,-0.028880376102337672
2022-06-17 15:00:00,0.001931795879312471
2022-06-17 16:00:00,-0.004495124558521606
2022-06-17 17:00:00,0.005166452948818046
2022-06-17 18:00:00,0.0
2022-06-17 19:00:00,0.0
2022-06-17 20:00:00,0.0
2022-06-21 12:00:00,0.0
2022-06-21 13:00:00,0.0
2022-06-21 14:00:00,0.0
2022-06-21 15:00:00,0.0
2022-06-21 16:00:00,0.0
2022-06-21 17:00:00,0.0
2022-06-21 18:00:00,0.0
2022-06-21 19:00:00,0.0
2022-06-21 20:00:00,0.0
2022-06-22 12:00:00,0.0
2022-06-22 13:00:00,0.0
2022-06-22 14:00:00,0.0
2022-06-22 15:00:00,0.0
2022-06-22 16:00:00,0.0
2022-06-22 17:00:00,0.0
2022-06-22 18:00:00,0.0
2022-06-22 19:00:00,0.0
2022-06-22 20:00:00,0.0
2022-06-23 12:00:00,0.0
2022-06-23 13:00:00,0.0
2022-06-23 14:00:00,0.0
2022-06-23 15:00:00,0.0
2022-06-23 16:00:00,0.0
2022-06-23 17:00:00,0.0
2022-06-23 18:00:00,0.0
2022-06-23 19:00:00,0.0
2022-06-23 20:00:00,0.0
2022-06-24 13:00:00,0.0
2022-06-24 14:00:00,0.0
2022-06-24 15:00:00,0.0
2022-06-24 16:00:00,0.0
2022-06-24 17:00:00,0.0
2022-06-24 18:00:00,0.0
2022-06-24 19:00:00,0.0
2022-06-24 20:00:00,0.0
2022-06-27 12:00:00,0.0
2022-06-27 13:00:00,0.0
2022-06-27 14:00:00,0.0
2022-06-27 15:00:00,0.0
2022-06-27 16:00:00,0.0
2022-06-27 17:00:00,0.0
2022-06-27 18:00:00,0.0
2022-06-27 19:00:00,0.0
2022-06-27 20:00:00,0.0
2022-06-28 12:00:00,0.0
2022-06-28 13:00:00,0.0
2022-06-28 14:00:00,0.0
2022-06-28 15:00:00,0.0
2022-06-28 16:00:00,0.0
2022-06-28 17:00:00,0.0
2022-06-28 18:00:00,0.0
2022-06-28 19:00:00,0.0
2022-06-28 20:00:00,0.0
2022-06-29 12:00:00,0.0
2022-06-29 13:00:00,0.0
2022-06-29 14:00:00,0.0
2022-06-29 15:00:00,0.0
2022-06-29 16:00:00,0.0
2022-06-29 17:00:00,0.0
2022-06-29 18:00:00,0.0
2022-06-29 19:00:00,0.0
2022-06-29 20:00:00,0.0
2022-06-30 12:00:00,0.0
2022-06-30 13:00:00,-0.04767213504165245
2022-06-30 14:00:00,0.011630518393798278
2022-06-30 15:00:00,0.008683945361706847
2022-06-30 16:00:00,0.001126898024949764
2022-06-30 17:00:00,-0.0004846039688657536
2022-06-30 18:00:00,-0.008560167181118131
2022-06-30 19:00:00,-0.003161385792597287
2022-06-30 20:00:00,-0.001
2022-07-01 12:00:00,-0.001
2022-07-01 13:00:00,0.012739126695878868
2022-07-01 14:00:00,-0.013819188642223191
2022-07-01 15:00:00,-0.000623762962130813
2022-07-01 16:00:00,-0.00020242712000905134
2022-07-01 17:00:00,0.0
2022-07-01 18:00:00,0.0
2022-07-01 19:00:00,0.0
2022-07-01 20:00:00,0.0
2022-07-05 12:00:00,0.0
2022-07-05 13:00:00,-0.038279732537786194
2022-07-05 14:00:00,-0.004668912980330097
2022-07-05 15:00:00,0.0020552293067214907
2022-07-05 16:00:00,-0.0023409268988968494
2022-07-05 17:00:00,0.0032641753924499096
2022-07-05 18:00:00,0.006989040542092041
2022-07-05 19:00:00,0.005271160876854376
2022-07-05 20:00:00,-0.001
2022-07-06 13:00:00,-0.0029368314143474674
2022-07-06 14:00:00,-0.0015251929075699546
2022-07-06 15:00:00,0.00019427148935770668
2022-07-06 16:00:00,-0.0012036667880416844
2022-07-06 17:00:00,0.0037245284647554784
2022-07-06 18:00:00,0.0
2022-07-06 19:00:00,0.0
2022-07-06 20:00:00,0.0
2022-07-07 12:00:00,0.0
2022-07-07 13:00:00,0.0
2022-07-07 14:00:00,0.0
2022-07-07 15:00:00,0.0
2022-07-07 16:00:00,0.0
2022-07-07 17:00:00,0.0
2022-07-07 18:00:00,0.0
2022-07-07 19:00:00,0.0
2022-07-07 20:00:00,0.0
2022-07-08 12:00:00,0.0
2022-07-08 13:00:00,0.0
2022-07-08 14:00:00,0.0
2022-07-08 15:00:00,0.0
2022-07-08 16:00:00,0.0
2022-07-08 17:00:00,0.0
2022-07-08 18:00:00,0.0
2022-07-08 19:00:00,0.0
2022-07-08 20:00:00,0.0
2022-07-11 13:00:00,0.0
2022-07-11 14:00:00,0.0
2022-07-11 15:00:00,0.0
2022-07-11 16:00:00,0.0
2022-07-11 17:00:00,0.0
2022-07-11 18:00:00,0.0
2022-07-11 19:00:00,0.0
2022-07-11 20:00:00,0.0
2022-07-12 12:00:00,0.0
2022-07-12 13:00:00,0.0
2022-07-12 14:00:00,0.0
2022-07-12 15:00:00,0.0
2022-07-12 16:00:00,0.0
2022-07-12 17:00:00,0.0
2022-07-12 18:00:00,0.0
2022-07-12 19:00:00,-0.008872158992115846
2022-07-12 20:00:00,-0.001
2022-07-13 12:00:00,-0.001
2022-07-13 13:00:00,-0.010635552909681639
2022-07-13 14:00:00,0.010877369750378108
2022-07-13 15:00:00,-0.0034977190635264157
2022-07-13 16:00:00,0.0017502063726451307
2022-07-13 17:00:00,-0.0012475232844402042
2022-07-13 18:00:00,-0.0008769351527589499
2022-07-13 19:00:00,-0.004397139305196556
2022-07-13 20:00:00,-0.001
2022-07-14 12:00:00,-0.0013606479839186494
2022-07-14 13:00:00,-0.016032366503824485
2022-07-14 14:00:00,-0.009825117182268472
2022-07-14 15:00:00,0.007149530997991072
2022-07-14 16:00:00,-0.005373041666879929
2022-07-14 17:00:00,0.001588916409191083
2022-07-14 18:00:00,0.003863732855437541
2022-07-14 19:00:00,-0.0025523184597098895
2022-07-14 20:00:00,-0.001
2022-07-15 12:00:00,-0.001
2022-07-15 13:00:00,0.003450841886396906
2022-07-15 14:00:00,0.009820181400205779
2022-07-15 15:00:00,0.0024164353043704743
2022-07-15 16:00:00,-0.0015638656979953028
2022-07-15 17:00:00,-0.00034317029578311204
2022-07-15 18:00:00,0.0
2022-07-15 19:00:00,0.0
2022-07-15 20:00:00,0.0
2022-07-18 12:00:00,0.0
2022-07-18 13:00:00,0.0
2022-07-18 14:00:00,0.0
2022-07-18 15:00:00,0.0
2022-07-18 16:00:00,0.0
2022-07-18 17:00:00,0.0
2022-07-18 18:00:00,0.0
2022-07-18 19:00:00,0.0
2022-07-18 20:00:00,0.0
2022-07-19 12:00:00,0.0
2022-07-19 13:00:00,0.0
2022-07-19 14:00:00,0.0
2022-07-19 15:00:00,0.0
2022-07-19 16:00:00,0.0
2022-07-19 17:00:00,0.0
2022-07-19 18:00:00,0.0
2022-07-19 19:00:00,0.0
2022-07-19 20:00:00,0.0
2022-07-20 12:00:00,0.0
2022-07-20 13:00:00,0.0
2022-07-20 14:00:00,0.0
2022-07-20 15:00:00,0.0
2022-07-20 16:00:00,0.0
2022-07-20 17:00:00,-0.008766504853214646
2022-07-20 18:00:00,0.0015629464394559043
2022-07-20 19:00:00,-0.0016656801648401768
2022-07-20 20:00:00,-0.001
2022-07-21 12:00:00,-0.001
2022-07-21 13:00:00,-0.00582374055091665
2022-07-21 14:00:00,-0.0022853769711021423
2022-07-21 15:00:00,0.00019197429198638074
2022-07-21 16:00:00,0.0003620019346398393
2022-07-21 17:00:00,-0.0020210911004145673
2022-07-21 18:00:00,-0.001178316202749601
2022-07-21 19:00:00,0.0015792716951173631
2022-07-21 20:00:00,-0.001
2022-07-22 13:00:00,0.0
2022-07-22 14:00:00,0.0
2022-07-22 15:00:00,0.0
2022-07-22 16:00:00,0.0
2022-07-22 17:00:00,0.0
2022-07-22 18:00:00,0.0
2022-07-22 19:00:00,0.0
2022-07-22 20:00:00,0.0
2022-07-25 12:00:00,0.0
2022-07-25 13:00:00,0.0
2022-07-25 14:00:00,0.0
2022-07-25 15:00:00,0.0
2022-07-25 16:00:00,0.0
2022-07-25 17:00:00,0.0
2022-07-25 18:00:00,0.0
2022-07-25 19:00:00,0.0
2022-07-25 20:00:00,0.0
2022-07-26 12:00:00,0.0
2022-07-26 13:00:00,-0.038534149151863435
2022-07-26 14:00:00,0.001007277844165406
2022-07-26 15:00:00,-0.00810640227057232
2022-07-26 16:00:00,0.0004936527493593643
2022-07-26 17:00:00,-0.002228657672415673
2022-07-26 18:00:00,-0.0037904370881167095
2022-07-26 19:00:00,-0.0004899339562120899
2022-07-26 20:00:00,-0.0006801048176595761
2022-07-27 12:00:00,-0.0009685138539042839
2022-07-27 13:00:00,0.013985503474704186
2022-07-27 14:00:00,0.0047305695277942384
2022-07-27 15:00:00,0.0019131156210005227
2022-07-27 16:00:00,-0.004252359894854578
2022-07-27 17:00:00,0.0
2022-07-27 18:00:00,0.0
2022-07-27 19:00:00,0.0
2022-07-27 20:00:00,0.0
2022-07-28 12:00:00,0.0
2022-07-28 13:00:00,0.0
2022-07-28 14:00:00,0.0
2022-07-28 15:00:00,0.0
2022-07-28 16:00:00,0.0
2022-07-28 17:00:00,0.0
2022-07-28 18:00:00,0.0
2022-07-28 19:00:00,0.0
2022-07-28 20:00:00,0.0
2022-07-29 12:00:00,0.0
2022-07-29 13:00:00,0.0
2022-07-29 14:00:00,0.0
2022-07-29 15:00:00,0.0
2022-07-29 16:00:00,0.0
2022-07-29 17:00:00,0.0
2022-07-29 18:00:00,0.0
2022-07-29 19:00:00,0.0
2022-07-29 20:00:00,0.0
2022-08-01 12:00:00,0.0
2022-08-01 13:00:00,0.0
2022-08-01 14:00:00,0.0
2022-08-01 15:00:00,0.0
2022-08-01 16:00:00,0.0
2022-08-01 17:00:00,0.0
2022-08-01 18:00:00,0.0
2022-08-01 19:00:00,0.0
2022-08-01 20:00:00,0.0
2022-08-02 12:00:00,0.0
2022-08-02 13:00:00,0.0
2022-08-02 14:00:00,0.0
2022-08-02 15:00:00,0.0
2022-08-02 16:00:00,0.0
2022-08-02 17:00:00,0.0
2022-08-02 18:00:00,0.0
2022-08-02 19:00:00,0.0
2022-08-02 20:00:00,0.0
2022-08-03 12:00:00,0.0
2022-08-03 13:00:00,0.0
2022-08-03 14:00:00,0.0
2022-08-03 15:00:00,0.0
2022-08-03 16:00:00,0.0
2022-08-03 17:00:00,0.0
2022-08-03 18:00:00,0.0
2022-08-03 19:00:00,0.0
2022-08-03 20:00:00,0.0
2022-08-04 12:00:00,0.0
2022-08-04 13:00:00,-0.026238797350450517
2022-08-04 14:00:00,4.4719673683364224e-05
2022-08-04 15:00:00,-0.0025095947121465613
2022-08-04 16:00:00,-0.003082254245996368
2022-08-04 17:00:00,0.003236377294209048
2022-08-04 18:00:00,-0.004648712579199842
2022-08-04 19:00:00,-0.010055506949371507
2022-08-04 20:00:00,-0.001
2022-08-05 12:00:00,-0.001
2022-08-05 13:00:00,0.013839346559342075
2022-08-05 14:00:00,0.004065012146068954
2022-08-05 15:00:00,-0.0067039087673758145
2022-08-05 16:00:00,0.003924412486613877
2022-08-05 17:00:00,0.0
2022-08-05 18:00:00,0.0
2022-08-05 19:00:00,0.0
2022-08-05 20:00:00,0.0
2022-08-08 12:00:00,0.0
2022-08-08 13:00:00,0.0
2022-08-08 14:00:00,0.0
2022-08-08 15:00:00,0.0
2022-08-08 16:00:00,0.0
2022-08-08 17:00:00,0.0
2022-08-08 18:00:00,0.0
2022-08-08 19:00:00,0.0
2022-08-08 20:00:00,0.0
2022-08-09 12:00:00,0.0
2022-08-09 13:00:00,-0.039758335665051915
2022-08-09 14:00:00,-0.003825946408385055
2022-08-09 15:00:00,-0.006745223920826226
2022-08-09 16:00:00,-0.005404636429718517
2022-08-09 17:00:00,0.0030837606716231153
2022-08-09 18:00:00,0.0028910595601444942
2022-08-09 19:00:00,7.546372887010187e-05
2022-08-09 20:00:00,-0.001
2022-08-10 12:00:00,-0.001
2022-08-10 13:00:00,0.02084480318831027
2022-08-10 14:00:00,0.00472375379491945
2022-08-10 15:00:00,0.007521950566308462
2022-08-10 16:00:00,-0.005614228048724717
2022-08-10 17:00:00,0.0
2022-08-10 18:00:00,0.0
2022-08-10 19:00:00,0.0
2022-08-10 20:00:00,0.0
2022-08-11 12:00:00,0.0
2022-08-11 13:00:00,0.0
2022-08-11 14:00:00,0.0
2022-08-11 15:00:00,0.0
2022-08-11 16:00:00,0.0
2022-08-11 17:00:00,0.0
2022-08-11 18:00:00,0.0
2022-08-11 19:00:00,0.0
2022-08-11 20:00:00,0.0
2022-08-12 12:00:00,0.0
2022-08-12 13:00:00,0.0
2022-08-12 14:00:00,0.0
2022-08-12 15:00:00,0.0
2022-08-12 16:00:00,0.0
2022-08-12 17:00:00,0.0
2022-08-12 18:00:00,0.0
2022-08-12 19:00:00,0.0
2022-08-12 20:00:00,0.0
2022-08-15 12:00:00,0.0
2022-08-15 13:00:00,0.0
2022-08-15 14:00:00,0.0
2022-08-15 15:00:00,0.0
2022-08-15 16:00:00,0.0
2022-08-15 17:00:00,0.0
2022-08-15 18:00:00,0.0
2022-08-15 19:00:00,0.0
2022-08-15 20:00:00,0.0
2022-08-16 12:00:00,0.0
2022-08-16 13:00:00,0.0
2022-08-16 14:00:00,0.0
2022-08-16 15:00:00,0.0
2022-08-16 16:00:00,0.0
2022-08-16 17:00:00,0.0
2022-08-16 18:00:00,0.0
2022-08-16 19:00:00,0.0
2022-08-16 20:00:00,0.0
2022-08-17 13:00:00,0.0
2022-08-17 14:00:00,-0.01394481446321854
2022-08-17 15:00:00,-0.0029037816264302733
2022-08-17 16:00:00,0.0024078184456218462
2022-08-17 17:00:00,-0.0012869245049449576
2022-08-17 18:00:00,0.0022559552068915087
2022-08-17 19:00:00,-0.004628681409386642
2022-08-17 20:00:00,-0.001
2022-08-18 12:00:00,-0.001
2022-08-18 13:00:00,-0.008836136598323708
2022-08-18 14:00:00,0.0001200273658206305
2022-08-18 15:00:00,0.002794558813457127
2022-08-18 16:00:00,-0.006039941425042954
2022-08-18 17:00:00,0.0001806497091221891
2022-08-18 18:00:00,0.0
2022-08-18 19:00:00,0.0
2022-08-18 20:00:00,0.0
2022-08-19 12:00:00,0.0
2022-08-19 13:00:00,-0.026106381346518333
2022-08-19 14:00:00,-0.002991434332456432
2022-08-19 15:00:00,-0.0007629056952055893
2022-08-19 16:00:00,0.00011720986042069808
2022-08-19 17:00:00,-0.0021532853100936326
2022-08-19 18:00:00,-0.0023409669634690926
2022-08-19 19:00:00,-0.0006125858972487955
2022-08-19 20:00:00,-0.001
2022-08-22 12:00:00,-0.001
2022-08-22 13:00:00,-0.018428752072889437
2022-08-22 14:00:00,-0.009551927769026369
2022-08-22 15:00:00,0.0035146237087222984
2022-08-22 16:00:00,-0.0028373215114396214
2022-08-22 17:00:00,-0.006059222543253428
2022-08-22 18:00:00,-0.0030019098212562536
2022-08-22 19:00:00,-0.00032957042662705633
2022-08-22 20:00:00,-0.001
2022-08-23 12:00:00,-0.001
2022-08-23 13:00:00,0.0008341487918565435
2022-08-23 14:00:00,-0.002228963418339063
2022-08-23 15:00:00,-0.002687422338897593
2022-08-23 16:00:00,-0.001039483379650973
2022-08-23 17:00:00,-0.0028142333770978956
2022-08-23 18:00:00,0.00041514815130976957
2022-08-23 19:00:00,-0.0014149861288851864
2022-08-23 20:00:00,-0.001
2022-08-24 12:00:00,0.0
2022-08-24 13:00:00,0.0
2022-08-24 14:00:00,0.0
2022-08-24 15:00:00,0.0
2022-08-24 16:00:00,0.0
2022-08-24 17:00:00,0.0
2022-08-24 18:00:00,0.0
2022-08-24 19:00:00,0.0
2022-08-24 20:00:00,0.0
2022-08-25 12:00:00,0.0
2022-08-25 13:00:00,0.0
2022-08-25 14:00:00,0.0
2022-08-25 15:00:00,0.0
2022-08-25 16:00:00,0.0
2022-08-25 17:00:00,0.0
2022-08-25 18:00:00,0.0
2022-08-25 19:00:00,0.0
2022-08-25 20:00:00,0.0
2022-08-26 12:00:00,0.0
2022-08-26 13:00:00,0.0
2022-08-26 14:00:00,0.0
2022-08-26 15:00:00,0.0
2022-08-26 16:00:00,0.0
2022-08-26 17:00:00,-0.004831659495987921
2022-08-26 18:00:00,-0.006253721904473857
2022-08-26 19:00:00,-0.007533141094861661
2022-08-26 20:00:00,-0.001
2022-08-29 12:00:00,-0.001
2022-08-29 13:00:00,-0.0045813067589060555
2022-08-29 14:00:00,-0.006389450065817975
2022-08-29 15:00:00,0.003296965108042927
2022-08-29 16:00:00,0.00277847803491963
2022-08-29 17:00:00,-0.0005739895859400426
2022-08-29 18:00:00,-0.004237514985013301
2022-08-29 19:00:00,-0.0058900047243817194
2022-08-29 20:00:00,-0.001
2022-08-30 12:00:00,0.0
2022-08-30 13:00:00,0.0
2022-08-30 14:00:00,-0.012502792580273692
2022-08-30 15:00:00,0.002493238941968463
2022-08-30 16:00:00,-0.0032341219903182553
2022-08-30 17:00:00,-0.0003142611638009765
2022-08-30 18:00:00,-0.0026617897656101832
2022-08-30 19:00:00,0.0008358674936784004
2022-08-30 20:00:00,-0.001
2022-08-31 12:00:00,-0.001
2022-08-31 13:00:00,-0.0037587099061246847
2022-08-31 14:00:00,0.0036232953215537883
2022-08-31 15:00:00,0.002002412003933819
2022-08-31 16:00:00,-0.0026778497065761677
2022-08-31 17:00:00,-0.0020928482328315336
2022-08-31 18:00:00,0.0
2022-08-31 19:00:00,0.0
2022-08-31 20:00:00,0.0
2022-09-01 12:00:00,0.0
2022-09-01 13:00:00,-0.04769910664656905
2022-09-01 14:00:00,-0.0034087374045465016
2022-09-01 15:00:00,0.0018371271615717673
2022-09-01 16:00:00,-0.007003905622963146
2022-09-01 17:00:00,0.0033224008189849004
2022-09-01 18:00:00,0.006578908997822126
2022-09-01 19:00:00,0.002285992533363674
2022-09-01 20:00:00,-0.001
2022-09-02 12:00:00,-0.001
2022-09-02 13:00:00,0.01462500151910142
2022-09-02 14:00:00,0.009866731420188013
2022-09-02 15:00:00,0.00010013877528580262
2022-09-02 16:00:00,-0.012333563406218277
2022-09-02 17:00:00,0.0
2022-09-02 18:00:00,0.0
2022-09-02 19:00:00,0.0
2022-09-02 20:00:00,0.0
2022-09-06 12:00:00,0.0
2022-09-06 13:00:00,0.0
2022-09-06 14:00:00,0.0
2022-09-06 15:00:00,0.0
2022-09-06 16:00:00,0.0
2022-09-06 17:00:00,0.0
2022-09-06 18:00:00,-0.004121134219273508
2022-09-06 19:00:00,0.0021151104614547177
2022-09-06 20:00:00,-0.001
2022-09-07 12:00:00,-0.001
2022-09-07 13:00:00,0.0031299639352185887
2022-09-07 14:00:00,0.004539376463008794
2022-09-07 15:00:00,0.0005871365626905832
2022-09-07 16:00:00,0.0003470106602582522
2022-09-07 17:00:00,0.00313891538177299
2022-09-07 18:00:00,0.0026511685832863903
2022-09-07 19:00:00,-0.0008209989529569519
2022-09-07 20:00:00,-0.001
2022-09-08 12:00:00,-0.001
2022-09-08 13:00:00,0.0
2022-09-08 14:00:00,0.0
2022-09-08 15:00:00,0.0
2022-09-08 16:00:00,0.0
2022-09-08 17:00:00,0.0
2022-09-08 18:00:00,0.0
2022-09-08 19:00:00,0.0
2022-09-08 20:00:00,0.0
2022-09-09 12:00:00,0.0
2022-09-09 13:00:00,0.0
2022-09-09 14:00:00,0.0
2022-09-09 15:00:00,0.0
2022-09-09 16:00:00,0.0
2022-09-09 17:00:00,0.0
2022-09-09 18:00:00,0.0
2022-09-09 19:00:00,0.0
2022-09-09 20:00:00,0.0
2022-09-12 13:00:00,0.0
2022-09-12 14:00:00,0.0
2022-09-12 15:00:00,0.0
2022-09-12 16:00:00,0.0
2022-09-12 17:00:00,0.0
2022-09-12 18:00:00,0.0
2022-09-12 19:00:00,0.0
2022-09-12 20:00:00,0.0
2022-09-13 12:00:00,0.0
2022-09-13 13:00:00,0.0
2022-09-13 14:00:00,0.0
2022-09-13 15:00:00,0.0
2022-09-13 16:00:00,0.0
2022-09-13 17:00:00,0.0
2022-09-13 18:00:00,0.0
2022-09-13 19:00:00,-0.008967221919427785
2022-09-13 20:00:00,-0.0004040150564617364
2022-09-14 12:00:00,-0.001
2022-09-14 13:00:00,-0.0024289518144766757
2022-09-14 14:00:00,0.002683760473191361
2022-09-14 15:00:00,-0.0014708420792811751
2022-09-14 16:00:00,0.0014842970410355659
2022-09-14 17:00:00,-0.0036668973136756424
2022-09-14 18:00:00,-0.0023606758639650774
2022-09-14 19:00:00,0.002009106194921973
2022-09-14 20:00:00,-0.001
2022-09-15 12:00:00,-0.001
2022-09-15 13:00:00,0.003657306407953093
2022-09-15 14:00:00,-0.007929890576547215
2022-09-15 15:00:00,-0.002129723109037728
2022-09-15 16:00:00,-0.0011196182320276796
2022-09-15 17:00:00,0.0005283421084298699
2022-09-15 18:00:00,-0.004071172596707711
2022-09-15 19:00:00,-0.0033324103187498057
2022-09-15 20:00:00,-0.001
2022-09-16 12:00:00,-0.001
2022-09-16 13:00:00,-0.006658653652893636
2022-09-16 14:00:00,0.0013390645506645158
2022-09-16 15:00:00,-0.0002837370846133771
2022-09-16 16:00:00,-0.004074370474684024
2022-09-16 17:00:00,-0.000962662777423178
2022-09-16 18:00:00,0.00015964586674481278
2022-09-16 19:00:00,0.0027514069979378726
2022-09-16 20:00:00,-0.001
2022-09-19 12:00:00,-0.001
2022-09-19 13:00:00,0.007908407682192482
2022-09-19 14:00:00,0.002600508882972703
2022-09-19 15:00:00,-0.0044046602994155856
2022-09-19 16:00:00,0.003041260117032536
2022-09-19 17:00:00,-0.0024046224011174057
2022-09-19 18:00:00,-0.00018652558812930404
2022-09-19 19:00:00,0.0037808407328556786
2022-09-19 20:00:00,-0.001
2022-09-20 12:00:00,-0.001
2022-09-20 13:00:00,0.0
2022-09-20 14:00:00,0.0
2022-09-20 15:00:00,0.0
2022-09-20 16:00:00,0.0
2022-09-20 17:00:00,-0.011681862964500005
2022-09-20 18:00:00,0.00464810407995765
2022-09-20 19:00:00,-0.0002032733390481536
2022-09-20 20:00:00,-0.001
2022-09-21 12:00:00,-0.001
2022-09-21 13:00:00,0.009161773253689904
2022-09-21 14:00:00,-0.0012114385873510038
2022-09-21 15:00:00,-0.0019466822081396654
2022-09-21 16:00:00,-0.0015084170002296051
2022-09-21 17:00:00,-0.0010351887402048113
2022-09-21 18:00:00,-0.0011675133234986693
2022-09-21 19:00:00,-0.026791784854154906
2022-09-21 20:00:00,-0.001
2022-09-22 12:00:00,-0.001
2022-09-22 13:00:00,-0.01436133051158477
2022-09-22 14:00:00,-0.0015513501717259507
2022-09-22 15:00:00,-0.000935418158708178
2022-09-22 16:00:00,8.919460093284679e-05
2022-09-22 17:00:00,-0.001009665584134011
2022-09-22 18:00:00,-0.001830000921718471
2022-09-22 19:00:00,-0.004148722546740374
2022-09-22 20:00:00,-0.001
2022-09-23 12:00:00,-0.001
2022-09-23 13:00:00,-0.014975889822659127
2022-09-23 14:00:00,-0.005120964641235852
2022-09-23 15:00:00,-0.006146310556505529
2022-09-23 16:00:00,-0.002668884025994194
2022-09-23 17:00:00,-0.002045057372774294
2022-09-23 18:00:00,-0.0064797551635741345
2022-09-23 19:00:00,0.010605056636952083
2022-09-23 20:00:00,-0.001
2022-09-26 12:00:00,-0.0018696521391443446
2022-09-26 13:00:00,-0.007174286217962599
2022-09-26 14:00:00,0.0035422317452366075
2022-09-26 15:00:00,-0.010366160494608471
2022-09-26 16:00:00,-0.005004839121248716
2022-09-26 17:00:00,-0.00651785806081298
2022-09-26 18:00:00,-0.0006968267084326676
2022-09-26 19:00:00,-0.004566477855061389
2022-09-26 20:00:00,0.0
2022-09-27 12:00:00,0.0
2022-09-27 13:00:00,0.0
2022-09-27 14:00:00,0.0
2022-09-27 15:00:00,0.0
2022-09-27 16:00:00,0.0
2022-09-27 17:00:00,-0.00900521093990464
2022-09-27 18:00:00,0.004265895202513959
2022-09-27 19:00:00,-0.004854043506877825
2022-09-27 20:00:00,-0.001
2022-09-28 12:00:00,-0.001
2022-09-28 13:00:00,0.006307777662349729
2022-09-28 14:00:00,0.003344122155999575
2022-09-28 15:00:00,0.0018308692271057146
2022-09-28 16:00:00,0.0013757639744080238
2022-09-28 17:00:00,-0.0036365760452405794
2022-09-28 18:00:00,-0.00046935802648295137
2022-09-28 19:00:00,-0.0009367197808281316
2022-09-28 20:00:00,-0.001
2022-09-29 12:00:00,0.0
2022-09-29 13:00:00,0.0
2022-09-29 14:00:00,0.0
2022-09-29 15:00:00,0.0
2022-09-29 16:00:00,0.0
2022-09-29 17:00:00,-0.008595182343605616
2022-09-29 18:00:00,-0.0017206432123896434
2022-09-29 19:00:00,0.0042844358983872965
2022-09-29 20:00:00,-0.001
2022-09-30 12:00:00,-0.0012321760251464411
2022-09-30 13:00:00,-0.0036131948742635246
2022-09-30 14:00:00,5.916989779294977e-05
2022-09-30 15:00:00,-0.006770408606000976
2022-09-30 16:00:00,-0.0018353325680237778
2022-09-30 17:00:00,-0.004353685092446379
2022-09-30 18:00:00,-0.007107143832652101
2022-09-30 19:00:00,-0.003916156139513632
2022-09-30 20:00:00,-0.0009889339727037973
2022-10-03 12:00:00,0.0
2022-10-03 13:00:00,0.0
2022-10-03 14:00:00,0.0
2022-10-03 15:00:00,0.0
2022-10-03 16:00:00,0.0
2022-10-03 17:00:00,0.0
2022-10-03 18:00:00,0.0
2022-10-03 19:00:00,0.0
2022-10-03 20:00:00,0.0
2022-10-04 13:00:00,0.0
2022-10-04 14:00:00,0.0
2022-10-04 15:00:00,0.0
2022-10-04 16:00:00,0.0
2022-10-04 17:00:00,0.0
2022-10-04 18:00:00,0.0
2022-10-04 19:00:00,0.0
2022-10-04 20:00:00,0.0
2022-10-05 12:00:00,0.0
2022-10-05 13:00:00,0.0
2022-10-05 14:00:00,0.0
2022-10-05 15:00:00,0.0
2022-10-05 16:00:00,0.0
2022-10-05 17:00:00,0.0
2022-10-05 18:00:00,0.0
2022-10-05 19:00:00,0.0
2022-10-05 20:00:00,0.0
2022-10-06 12:00:00,0.0
2022-10-06 13:00:00,0.0
2022-10-06 14:00:00,0.0
2022-10-06 15:00:00,0.0
2022-10-06 16:00:00,0.0
2022-10-06 17:00:00,0.0
2022-10-06 18:00:00,0.0
2022-10-06 19:00:00,0.0
2022-10-06 20:00:00,0.0
2022-10-07 12:00:00,0.0
2022-10-07 13:00:00,-0.027137862809724106
2022-10-07 14:00:00,-0.0028350164239625323
2022-10-07 15:00:00,-0.004332746819558524
2022-10-07 16:00:00,-0.00789757635258262
2022-10-07 17:00:00,0.0013045957631871172
2022-10-07 18:00:00,-0.0021056821201595015
2022-10-07 19:00:00,0.00017096882847915753
2022-10-07 20:00:00,-0.001
2022-10-10 12:00:00,-0.001
2022-10-10 13:00:00,-0.0015263093461439828
2022-10-10 14:00:00,-0.0051415462412941525
2022-10-10 15:00:00,0.0016414814945140306
2022-10-10 16:00:00,-0.00665278919730916
2022-10-10 17:00:00,0.0
2022-10-10 18:00:00,0.0
2022-10-10 19:00:00,0.0
2022-10-10 20:00:00,0.0
2022-10-11 12:00:00,0.0
2022-10-11 13:00:00,-0.043135504950554925
2022-10-11 14:00:00,0.0026649447043632767
2022-10-11 15:00:00,0.01652412912951069
2022-10-11 16:00:00,0.0036706006912824224
2022-10-11 17:00:00,-0.005529564116144585
2022-10-11 18:00:00,-0.015147342392901431
2022-10-11 19:00:00,0.0028432175670917055
2022-10-11 20:00:00,-0.001
2022-10-12 12:00:00,-0.001
2022-10-12 13:00:00,-0.007460647373910266
2022-10-12 14:00:00,-0.003913173369644334
2022-10-12 15:00:00,0.011937212846371843
2022-10-12 16:00:00,-0.000484925907240579
2022-10-12 17:00:00,0.0
2022-10-12 18:00:00,0.0
2022-10-12 19:00:00,0.0
2022-10-12 20:00:00,0.0
2022-10-13 12:00:00,0.0
2022-10-13 13:00:00,-0.03313568177076443
2022-10-13 14:00:00,0.00492331238008606
2022-10-13 15:00:00,0.024776752110058965
2022-10-13 16:00:00,0.0029738735493701164
2022-10-13 17:00:00,0.006790207564330687
2022-10-13 18:00:00,0.0021405173553488764
2022-10-13 19:00:00,-0.0057270747903002675
2022-10-13 20:00:00,-0.001
2022-10-14 12:00:00,-0.001
2022-10-14 13:00:00,-0.0023121114576672586
2022-10-14 14:00:00,-0.013846804923844675
2022-10-14 15:00:00,-0.008378702538964104
2022-10-14 16:00:00,-0.0011408210952160705
2022-10-14 17:00:00,0.0
2022-10-14 18:00:00,-0.00904327771184929
2022-10-14 19:00:00,-0.003673069277068396
2022-10-14 20:00:00,-0.001
2022-10-17 12:00:00,-0.001
2022-10-17 13:00:00,0.023056902081724534
2022-10-17 14:00:00,-0.0004153066788245166
2022-10-17 15:00:00,0.0023030450355813535
2022-10-17 16:00:00,-0.0034800662352625624
2022-10-17 17:00:00,0.0021753554785386275
2022-10-17 18:00:00,-0.0024355564759541972
2022-10-17 19:00:00,0.00021501738774840724
2022-10-17 20:00:00,-0.001
2022-10-18 12:00:00,-4.4245421735066514e-05
2022-10-18 13:00:00,0.0
2022-10-18 14:00:00,0.0
2022-10-18 15:00:00,0.0
2022-10-18 16:00:00,0.0
2022-10-18 17:00:00,0.0
2022-10-18 18:00:00,0.0
2022-10-18 19:00:00,0.0
2022-10-18 20:00:00,0.0
2022-10-19 12:00:00,0.0
2022-10-19 13:00:00,0.0
2022-10-19 14:00:00,0.0
2022-10-19 15:00:00,0.0
2022-10-19 16:00:00,0.0
2022-10-19 17:00:00,0.0
2022-10-19 18:00:00,0.0
2022-10-19 19:00:00,0.0
2022-10-19 20:00:00,0.0
2022-10-20 12:00:00,0.0
2022-10-20 13:00:00,0.0
2022-10-20 14:00:00,0.0
2022-10-20 15:00:00,0.0
2022-10-20 16:00:00,0.0
2022-10-20 17:00:00,0.0
2022-10-20 18:00:00,0.0
2022-10-20 19:00:00,0.0
2022-10-20 20:00:00,0.0
2022-10-21 12:00:00,0.0
2022-10-21 13:00:00,0.0
2022-10-21 14:00:00,0.0
2022-10-21 15:00:00,0.0
2022-10-21 16:00:00,0.0
2022-10-21 17:00:00,0.0
2022-10-21 18:00:00,0.0
2022-10-21 19:00:00,0.0
2022-10-21 20:00:00,0.0
2022-10-24 13:00:00,0.0
2022-10-24 14:00:00,0.0
2022-10-24 15:00:00,0.0
2022-10-24 16:00:00,0.0
2022-10-24 17:00:00,0.0
2022-10-24 18:00:00,0.0
2022-10-24 19:00:00,0.0
2022-10-24 20:00:00,0.0
2022-10-25 13:00:00,0.0
2022-10-25 14:00:00,0.0
2022-10-25 15:00:00,0.0
2022-10-25 16:00:00,0.0
2022-10-25 17:00:00,0.0
2022-10-25 18:00:00,0.0
2022-10-25 19:00:00,0.0
2022-10-25 20:00:00,0.0
2022-10-26 12:00:00,0.0
2022-10-26 13:00:00,0.0
2022-10-26 14:00:00,0.0
2022-10-26 15:00:00,0.0
2022-10-26 16:00:00,0.0
2022-10-26 17:00:00,0.0
2022-10-26 18:00:00,0.0
2022-10-26 19:00:00,0.0
2022-10-26 20:00:00,0.0
2022-10-27 12:00:00,0.0
2022-10-27 13:00:00,0.0
2022-10-27 14:00:00,0.0
2022-10-27 15:00:00,0.0
2022-10-27 16:00:00,0.0
2022-10-27 17:00:00,0.0
2022-10-27 18:00:00,0.0
2022-10-27 19:00:00,0.0
2022-10-27 20:00:00,0.0
2022-10-28 12:00:00,0.0
2022-10-28 13:00:00,0.0
2022-10-28 14:00:00,0.0
2022-10-28 15:00:00,0.0
2022-10-28 16:00:00,0.0
2022-10-28 17:00:00,0.0
2022-10-28 18:00:00,0.0
2022-10-28 19:00:00,0.0
2022-10-28 20:00:00,0.0
2022-10-31 12:00:00,0.0
2022-10-31 13:00:00,0.0
2022-10-31 14:00:00,0.0
2022-10-31 15:00:00,0.0
2022-10-31 16:00:00,0.0
2022-10-31 17:00:00,0.0
2022-10-31 18:00:00,0.0
2022-10-31 19:00:00,0.0
2022-10-31 20:00:00,0.0
2022-11-01 12:00:00,0.0
2022-11-01 13:00:00,0.0
2022-11-01 14:00:00,-0.013802704149400206
2022-11-01 15:00:00,0.00040873827880441105
2022-11-01 16:00:00,0.0002703970863410297
2022-11-01 17:00:00,0.0009626361213117118
2022-11-01 18:00:00,0.0006398755162769507
2022-11-01 19:00:00,-0.004872575140730222
2022-11-01 20:00:00,-0.001
2022-11-02 12:00:00,-0.001
2022-11-02 13:00:00,-0.0037843197090400562
2022-11-02 14:00:00,0.0016819040032547868
2022-11-02 15:00:00,-0.0033830583259400575
2022-11-02 16:00:00,-0.001500632599037093
2022-11-02 17:00:00,0.0012221473288439263
2022-11-02 18:00:00,-0.01093941356447603
2022-11-02 19:00:00,-0.01984424742138873
2022-11-02 20:00:00,-0.001
2022-11-03 13:00:00,-0.02431764979241563
2022-11-03 14:00:00,0.016496650972354244
2022-11-03 15:00:00,-0.006488464347742572
2022-11-03 16:00:00,0.006674495031963458
2022-11-03 17:00:00,-0.00633679930689866
2022-11-03 18:00:00,0.0021437800606700762
2022-11-03 19:00:00,-0.007521741023644579
2022-11-03 20:00:00,-0.0014402799729058492
2022-11-04 12:00:00,-0.001
2022-11-04 13:00:00,0.0004548241553231978
2022-11-04 14:00:00,0.0
2022-11-04 15:00:00,-0.031199821630408624
2022-11-04 16:00:00,-0.006401098194193299
2022-11-04 17:00:00,-0.005620141301575498
2022-11-04 18:00:00,0.005813606617447732
2022-11-04 19:00:00,0.0035148648431425405
2022-11-04 20:00:00,0.0007123287671232945
2022-11-07 13:00:00,-0.0009761108456760583
2022-11-07 14:00:00,-0.02125418096647936
2022-11-07 15:00:00,0.006623879639491326
2022-11-07 16:00:00,-0.006871687367496009
2022-11-07 17:00:00,0.00039709131443612733
2022-11-07 18:00:00,0.0011427095973566125
2022-11-07 19:00:00,0.004953863253458208
2022-11-07 20:00:00,0.0
2022-11-07 21:00:00,0.0
2022-11-08 13:00:00,0.0
2022-11-08 14:00:00,0.0
2022-11-08 15:00:00,0.0
2022-11-08 16:00:00,0.0
2022-11-08 17:00:00,0.0
2022-11-08 18:00:00,0.0
2022-11-08 19:00:00,0.0
2022-11-08 20:00:00,0.0
2022-11-08 21:00:00,0.0
2022-11-09 13:00:00,0.0
2022-11-09 14:00:00,0.0
2022-11-09 15:00:00,0.0
2022-11-09 16:00:00,0.0
2022-11-09 17:00:00,0.0
2022-11-09 18:00:00,-0.009779860628053177
2022-11-09 19:00:00,-0.002115979790851385
2022-11-09 20:00:00,-0.004729570177168256
2022-11-09 21:00:00,-0.002023616770747249
2022-11-10 13:00:00,0.0016241352634091331
2022-11-10 14:00:00,0.04321884680899281
2022-11-10 15:00:00,-0.002169156484891043
2022-11-10 16:00:00,0.0035330004188598675
2022-11-10 17:00:00,-0.013331104785411784
2022-11-10 18:00:00,0.0034825225082574475
2022-11-10 19:00:00,-0.0018476593621375207
2022-11-10 20:00:00,0.0036330994390808124
2022-11-10 21:00:00,-0.001
2022-11-11 13:00:00,0.0
2022-11-11 14:00:00,0.0
2022-11-11 15:00:00,-0.02282105857239572
2022-11-11 16:00:00,0.006784031545172232
2022-11-11 17:00:00,-0.0028745175609671205
2022-11-11 18:00:00,-0.00012848133794459067
2022-11-11 19:00:00,0.004366753339818231
2022-11-11 20:00:00,0.0013063378413662573
2022-11-11 21:00:00,-0.001
2022-11-14 14:00:00,0.006223383872736955
2022-11-14 15:00:00,-0.0021233854396233813
2022-11-14 16:00:00,-0.003511674289144533
2022-11-14 17:00:00,0.002784894920900178
2022-11-14 18:00:00,-0.00030481058664812903
2022-11-14 19:00:00,-0.00410226425603653
2022-11-14 20:00:00,0.0
2022-11-14 21:00:00,0.0
2022-11-15 13:00:00,0.0
2022-11-15 14:00:00,0.0
2022-11-15 15:00:00,0.0
2022-11-15 16:00:00,0.0
2022-11-15 17:00:00,0.0
2022-11-15 18:00:00,0.0
2022-11-15 19:00:00,0.0
2022-11-15 20:00:00,0.0
2022-11-15 21:00:00,0.0
2022-11-16 13:00:00,0.0
2022-11-16 14:00:00,0.0
2022-11-16 15:00:00,0.0
2022-11-16 16:00:00,0.0
2022-11-16 17:00:00,0.0
2022-11-16 18:00:00,0.0
2022-11-16 19:00:00,0.0
2022-11-16 20:00:00,0.0
2022-11-16 21:00:00,0.0
2022-11-17 13:00:00,0.0
2022-11-17 14:00:00,-0.022626037843933595
2022-11-17 15:00:00,0.0021390988748726143
2022-11-17 16:00:00,0.0050422668499570346
2022-11-17 17:00:00,0.002906753387014056
2022-11-17 18:00:00,-0.0009515223476678538
2022-11-17 19:00:00,-0.0018751324737057865
2022-11-17 20:00:00,0.0009802767776743225
2022-11-17 21:00:00,-0.001
2022-11-18 14:00:00,0.004163236550074224
2022-11-18 15:00:00,-0.0025081334540401003
2022-11-18 16:00:00,-0.0011613394196361806
2022-11-18 17:00:00,-0.003235556507294828
2022-11-18 18:00:00,-0.0001393390521608242
2022-11-18 19:00:00,0.0
2022-11-18 20:00:00,0.0
2022-11-18 21:00:00,0.0
2022-11-21 13:00:00,0.0
2022-11-21 14:00:00,0.0
2022-11-21 15:00:00,-0.014106912304995323
2022-11-21 16:00:00,-0.0010631910539369506
2022-11-21 17:00:00,0.02212572582580819
2022-11-21 18:00:00,0.0008240398351387853
2022-11-21 19:00:00,-0.004125651434864796
2022-11-21 20:00:00,0.002748295305083249
2022-11-21 21:00:00,0.0021220858974793817
2022-11-22 13:00:00,-0.001
2022-11-22 14:00:00,0.007763500919288902
2022-11-22 15:00:00,0.007016919060751549
2022-11-22 16:00:00,0.0019221441017717566
2022-11-22 17:00:00,-0.00012284284200384432
2022-11-22 18:00:00,0.0003745260671435221
2022-11-22 19:00:00,0.0
2022-11-22 20:00:00,0.0
2022-11-22 21:00:00,0.0
2022-11-23 13:00:00,0.0
2022-11-23 14:00:00,0.0
2022-11-23 15:00:00,0.0
2022-11-23 16:00:00,0.0
2022-11-23 17:00:00,0.0
2022-11-23 18:00:00,0.0
2022-11-23 19:00:00,0.0
2022-11-23 20:00:00,0.0
2022-11-23 21:00:00,0.0
2022-11-25 13:00:00,0.0
2022-11-25 14:00:00,0.0
2022-11-25 15:00:00,0.0
2022-11-25 16:00:00,0.0
2022-11-25 17:00:00,0.0
2022-11-25 18:00:00,0.0
2022-11-28 14:00:00,0.0
2022-11-28 15:00:00,0.0
2022-11-28 16:00:00,0.0
2022-11-28 17:00:00,0.0
2022-11-28 18:00:00,0.0
2022-11-28 19:00:00,-0.00495838780063853
2022-11-28 20:00:00,-0.0009057013808094364
2022-11-28 21:00:00,-0.001
2022-11-29 13:00:00,-0.001
2022-11-29 14:00:00,-0.0004530925920076803
2022-11-29 15:00:00,0.002438631272536646
2022-11-29 16:00:00,-0.00546049647011415
2022-11-29 17:00:00,0.0012125091276818998
2022-11-29 18:00:00,-0.0008239477037208833
2022-11-29 19:00:00,-0.003360940781438825
2022-11-29 20:00:00,0.0015626378641623536
2022-11-29 21:00:00,-0.001
2022-11-30 13:00:00,-0.001
2022-11-30 14:00:00,-0.026925494800178296
2022-11-30 15:00:00,-0.002076485030568736
2022-11-30 16:00:00,0.0031073860195887544
2022-11-30 17:00:00,-0.0037918821109293945
2022-11-30 18:00:00,0.011314189753454919
2022-11-30 19:00:00,0.01038360139163268
2022-11-30 20:00:00,0.011925410543325687
2022-11-30 21:00:00,-0.001
2022-12-01 13:00:00,-0.001
2022-12-01 14:00:00,0.006669049888965202
2022-12-01 15:00:00,-0.006335236208639066
2022-12-01 16:00:00,0.00037002657321576573
2022-12-01 17:00:00,-0.0013991609875951263
2022-12-01 18:00:00,0.0
2022-12-01 19:00:00,0.0
2022-12-01 20:00:00,0.0
2022-12-01 21:00:00,0.0
2022-12-02 13:00:00,0.0
2022-12-02 14:00:00,0.0
2022-12-02 15:00:00,0.0
2022-12-02 16:00:00,0.0
2022-12-02 17:00:00,0.0
2022-12-02 18:00:00,0.0
2022-12-02 19:00:00,0.0
2022-12-02 20:00:00,0.0
2022-12-02 21:00:00,0.0
2022-12-05 13:00:00,0.0
2022-12-05 14:00:00,-0.022131850647099265
2022-12-05 15:00:00,-0.005857125524589889
2022-12-05 16:00:00,-0.0063445852505628385
2022-12-05 17:00:00,-0.0010921336485721625
2022-12-05 18:00:00,-0.004943342554496554
2022-12-05 19:00:00,-0.0022874453363196257
2022-12-05 20:00:00,0.00042255446290348584
2022-12-06 13:00:00,-0.001
2022-12-06 14:00:00,-0.003998668382564062
2022-12-06 15:00:00,-0.0031242559267924065
2022-12-06 16:00:00,-0.001022496149434692
2022-12-06 17:00:00,-0.002740582125610346
2022-12-06 18:00:00,-0.0034042466279546203
2022-12-06 19:00:00,-0.004530001097817298
2022-12-06 20:00:00,0.002726854975181065
2022-12-06 21:00:00,-0.001
2022-12-07 13:00:00,-0.001
2022-12-07 14:00:00,-0.0017924739660668868
2022-12-07 15:00:00,0.0012545963872442009
2022-12-07 16:00:00,-0.007722724354094295
2022-12-07 17:00:00,-0.0007707373884382909
2022-12-07 18:00:00,-0.004783323139260153
2022-12-07 19:00:00,0.0012240328567647628
2022-12-07 20:00:00,-0.0021232209105966674
2022-12-07 21:00:00,-0.001
2022-12-08 13:00:00,-0.001
2022-12-08 14:00:00,0.0
2022-12-08 15:00:00,0.0
2022-12-08 16:00:00,0.0
2022-12-08 17:00:00,0.0
2022-12-08 18:00:00,0.0
2022-12-08 19:00:00,0.0
2022-12-08 20:00:00,0.0
2022-12-08 21:00:00,0.0
2022-12-09 13:00:00,0.0
2022-12-09 14:00:00,0.0
2022-12-09 15:00:00,0.0
2022-12-09 16:00:00,0.0
2022-12-09 17:00:00,0.0
2022-12-09 18:00:00,0.0
2022-12-09 19:00:00,0.0
2022-12-09 20:00:00,-0.007864292099274028
2022-12-09 21:00:00,-0.001
2022-12-12 14:00:00,-0.0012470908579218334
2022-12-12 15:00:00,0.0023835998047319683
2022-12-12 16:00:00,0.0003838163828665873
2022-12-12 17:00:00,0.0001528085672478593
2022-12-12 18:00:00,-0.0007571185519026849
2022-12-12 19:00:00,-0.00041119414735423714
2022-12-12 20:00:00,0.004651504595293932
2022-12-12 21:00:00,-0.001
2022-12-13 13:00:00,-0.001
2022-12-13 14:00:00,0.010127766065441274
2022-12-13 15:00:00,-0.010467508991011874
2022-12-13 16:00:00,0.0
2022-12-13 17:00:00,0.0
2022-12-13 18:00:00,0.0
2022-12-13 19:00:00,0.0
2022-12-13 20:00:00,0.0
2022-12-13 21:00:00,0.0
2022-12-14 13:00:00,0.0
2022-12-14 14:00:00,0.0
2022-12-14 15:00:00,0.0
2022-12-14 16:00:00,0.0
2022-12-14 17:00:00,0.0
2022-12-14 18:00:00,0.0
2022-12-14 19:00:00,0.0
2022-12-14 20:00:00,0.0
2022-12-15 13:00:00,0.0
2022-12-15 14:00:00,-0.030941290684244803
2022-12-15 15:00:00,-0.000399462824588597
2022-12-15 16:00:00,-0.004267578256562681
2022-12-15 17:00:00,-0.0015111107983559959
2022-12-15 18:00:00,-0.0028260526944715583
2022-12-15 19:00:00,0.005028788410613872
2022-12-15 20:00:00,-0.0034566130037085854
2022-12-15 21:00:00,-0.001
2022-12-16 14:00:00,-0.0087528901914863
2022-12-16 15:00:00,-0.00455088640126035
2022-12-16 16:00:00,-0.0034035742302273345
2022-12-16 17:00:00,-0.003098502894361115
2022-12-16 18:00:00,0.002008513716652589
2022-12-16 19:00:00,0.0
2022-12-16 20:00:00,0.0
2022-12-16 21:00:00,0.0
2022-12-19 13:00:00,0.0
2022-12-19 14:00:00,0.0
2022-12-19 15:00:00,-0.008240343983180309
2022-12-19 16:00:00,-0.0015999286236686608
2022-12-19 17:00:00,-0.0009603688525665557
2022-12-19 18:00:00,-0.0060122602047640245
2022-12-19 19:00:00,-0.004892495443470845
2022-12-19 20:00:00,0.0026898610980406364
2022-12-20 13:00:00,-0.001
2022-12-20 14:00:00,-0.0006030219397424698
2022-12-20 15:00:00,0.0013944870637927608
2022-12-20 16:00:00,-0.004003835669167738
2022-12-20 17:00:00,0.0006284243030719903
2022-12-20 18:00:00,-0.00022179716753755103
2022-12-20 19:00:00,-0.0008740619597909052
2022-12-20 20:00:00,0.0
2022-12-20 21:00:00,0.0
2022-12-21 13:00:00,0.0
2022-12-21 14:00:00,0.0
2022-12-21 15:00:00,0.0
2022-12-21 16:00:00,0.0
2022-12-21 17:00:00,0.0
2022-12-21 18:00:00,0.0
2022-12-21 19:00:00,0.0
2022-12-21 20:00:00,0.0
2022-12-21 21:00:00,0.0
2022-12-22 13:00:00,0.0
2022-12-22 14:00:00,0.0
2022-12-22 15:00:00,0.0
2022-12-22 16:00:00,0.0
2022-12-22 17:00:00,0.0
2022-12-22 18:00:00,0.0
2022-12-22 19:00:00,0.0
2022-12-22 20:00:00,0.0
2022-12-22 21:00:00,0.0
2022-12-23 13:00:00,0.0
2022-12-23 14:00:00,0.0
2022-12-23 15:00:00,0.0
2022-12-23 16:00:00,0.0
2022-12-23 17:00:00,0.0
2022-12-23 18:00:00,0.0
2022-12-23 19:00:00,0.0
2022-12-23 20:00:00,0.0
2022-12-23 21:00:00,0.0
2022-12-27 13:00:00,0.0
2022-12-27 14:00:00,0.0
2022-12-27 15:00:00,0.0
2022-12-27 16:00:00,0.0
2022-12-27 17:00:00,0.0
2022-12-27 18:00:00,0.0
2022-12-27 19:00:00,0.0
2022-12-27 20:00:00,0.0
2022-12-27 21:00:00,0.0
2022-12-28 13:00:00,0.0
2022-12-28 14:00:00,0.0
2022-12-28 15:00:00,0.0
2022-12-28 16:00:00,0.0
2022-12-28 17:00:00,0.0
2022-12-28 18:00:00,0.0
2022-12-28 19:00:00,0.0
2022-12-28 20:00:00,0.0
2022-12-28 21:00:00,0.0
2022-12-29 13:00:00,0.0
2022-12-29 14:00:00,0.0
2022-12-29 15:00:00,0.0
2022-12-29 16:00:00,0.0
2022-12-29 17:00:00,0.0
2022-12-29 18:00:00,0.0
2022-12-29 19:00:00,0.0
2022-12-29 20:00:00,0.0
2022-12-29 21:00:00,0.0
2022-12-30 14:00:00,0.0
2022-12-30 15:00:00,0.0
2022-12-30 16:00:00,0.0
2022-12-30 17:00:00,0.0
2022-12-30 18:00:00,-0.004420518499964686
2022-12-30 19:00:00,-0.0029262970839735994
2022-12-30 20:00:00,0.00651268613545254
2022-12-30 21:00:00,-0.001
2023-01-03 13:00:00,-0.001
2023-01-03 14:00:00,-0.0026389779178742126
2023-01-03 15:00:00,-0.0015453024678819917
2023-01-03 16:00:00,-0.006227667746595355
2023-01-03 17:00:00,-0.0018732900749498617
2023-01-03 18:00:00,0.002696302742195284
2023-01-03 19:00:00,-0.0025623776596605356
2023-01-03 20:00:00,0.003597343569081846
2023-01-03 21:00:00,-0.001
2023-01-04 13:00:00,0.0
2023-01-04 14:00:00,0.0
2023-01-04 15:00:00,-0.007407390968454191
2023-01-04 16:00:00,0.005599818007626939
2023-01-04 17:00:00,-0.005165499710080378
2023-01-04 18:00:00,-0.0016333866382737473
2023-01-04 19:00:00,-0.006428786128945417
2023-01-04 20:00:00,0.0022362289489119176
2023-01-04 21:00:00,-0.001
2023-01-05 13:00:00,-0.001
2023-01-05 14:00:00,-0.005233080450751531
2023-01-05 15:00:00,-0.0012225653008916917
2023-01-05 16:00:00,-0.003046588637860941
2023-01-05 17:00:00,0.0019230197835045822
2023-01-05 18:00:00,0.00126938453266341
2023-01-05 19:00:00,0.0
2023-01-05 20:00:00,-0.00874945416928764
2023-01-05 21:00:00,-0.001
2023-01-06 13:00:00,-0.001
2023-01-06 14:00:00,0.004174765760457806
2023-01-06 15:00:00,0.014617871615826762
2023-01-06 16:00:00,-0.0007673482497868913
2023-01-06 17:00:00,-0.004269600218777158
2023-01-06 18:00:00,0.00310485574553735
2023-01-06 19:00:00,0.0016793148907069187
2023-01-06 20:00:00,-0.0022680416842116736
2023-01-06 21:00:00,-0.001
2023-01-09 13:00:00,-0.001
2023-01-09 14:00:00,0.011940908197166516
2023-01-09 15:00:00,0.0
2023-01-09 16:00:00,0.0
2023-01-09 17:00:00,0.0
2023-01-09 18:00:00,0.0
2023-01-09 19:00:00,0.0
2023-01-09 20:00:00,0.0
2023-01-09 21:00:00,0.0
2023-01-10 13:00:00,0.0
2023-01-10 14:00:00,0.0
2023-01-10 15:00:00,0.0
2023-01-10 16:00:00,0.0
2023-01-10 17:00:00,0.0
2023-01-10 18:00:00,0.0
2023-01-10 19:00:00,0.0
2023-01-10 20:00:00,0.0
2023-01-11 14:00:00,0.0
2023-01-11 15:00:00,0.0
2023-01-11 16:00:00,0.0
2023-01-11 17:00:00,0.0
2023-01-11 18:00:00,0.0
2023-01-11 19:00:00,0.0
2023-01-11 20:00:00,0.0
2023-01-11 21:00:00,0.0
2023-01-12 13:00:00,0.0
2023-01-12 14:00:00,0.0
2023-01-12 15:00:00,0.0
2023-01-12 16:00:00,0.0
2023-01-12 17:00:00,0.0
2023-01-12 18:00:00,0.0
2023-01-12 19:00:00,0.0
2023-01-12 20:00:00,0.0
2023-01-13 13:00:00,0.0
2023-01-13 14:00:00,0.0
2023-01-13 15:00:00,0.0
2023-01-13 16:00:00,0.0
2023-01-13 17:00:00,0.0
2023-01-13 18:00:00,0.0
2023-01-13 19:00:00,0.0
2023-01-13 20:00:00,0.0
2023-01-13 21:00:00,0.0
2023-01-17 13:00:00,0.0
2023-01-17 14:00:00,0.0
2023-01-17 15:00:00,0.0
2023-01-17 16:00:00,0.0
2023-01-17 17:00:00,0.0
2023-01-17 18:00:00,0.0
2023-01-17 19:00:00,0.0
2023-01-17 20:00:00,0.0
2023-01-17 21:00:00,0.0
2023-01-18 13:00:00,0.0
2023-01-18 14:00:00,0.0
2023-01-18 15:00:00,-0.010888934077893118
2023-01-18 16:00:00,-0.006017618345660663
2023-01-18 17:00:00,-0.006403720209467394
2023-01-18 18:00:00,0.0002103903822678174
2023-01-18 19:00:00,-0.0029552442589355736
2023-01-18 20:00:00,-0.005937819712990743
2023-01-19 14:00:00,-0.004916791378497503
2023-01-19 15:00:00,-0.0037164305497509255
2023-01-19 16:00:00,-0.0019586460088930548
2023-01-19 17:00:00,-0.00042288897039925353
2023-01-19 18:00:00,0.0009922665493047053
2023-01-19 19:00:00,-6.999096541350134e-05
2023-01-19 20:00:00,-0.006050636285327042
2023-01-19 21:00:00,-0.001
2023-01-20 13:00:00,-0.001
2023-01-20 14:00:00,0.0019037453920562062
2023-01-20 15:00:00,0.00538891381866522
2023-01-20 16:00:00,0.0009124518145878012
2023-01-20 17:00:00,-0.0024726677221086615
2023-01-20 18:00:00,0.0037392477723777583
2023-01-20 19:00:00,0.0009642904124873408
2023-01-20 20:00:00,0.00480057139887809
2023-01-20 21:00:00,-0.001
2023-01-23 13:00:00,-0.001
2023-01-23 14:00:00,-0.0011872726580142148
2023-01-23 15:00:00,0.004940754697650879
2023-01-23 16:00:00,0.0
2023-01-23 17:00:00,0.0
2023-01-23 18:00:00,0.0
2023-01-23 19:00:00,0.0
2023-01-23 20:00:00,0.0
2023-01-24 13:00:00,0.0
2023-01-24 14:00:00,0.0
2023-01-24 15:00:00,0.0
2023-01-24 16:00:00,0.0
2023-01-24 17:00:00,0.0
2023-01-24 18:00:00,0.0
2023-01-24 19:00:00,0.0
2023-01-24 20:00:00,0.0
2023-01-24 21:00:00,0.0
2023-01-25 14:00:00,-0.04043783502809866
2023-01-25 15:00:00,0.0022167777592614966
2023-01-25 16:00:00,0.007651136105207046
2023-01-25 17:00:00,-0.0011339067952633277
2023-01-25 18:00:00,0.0027508858423910716
2023-01-25 19:00:00,-0.0004453374729939943
2023-01-25 20:00:00,0.00077301414839941
2023-01-25 21:00:00,-0.001
2023-01-26 13:00:00,-0.001
2023-01-26 14:00:00,-0.0004817762900884195
2023-01-26 15:00:00,0.0010670432504390434
2023-01-26 16:00:00,0.0017293683309011609
2023-01-26 17:00:00,-5.0368355681900344e-05
2023-01-26 18:00:00,0.0
2023-01-26 19:00:00,0.0
2023-01-26 20:00:00,0.0
2023-01-26 21:00:00,0.0
2023-01-27 13:00:00,0.0
2023-01-27 14:00:00,0.0
2023-01-27 15:00:00,0.0
2023-01-27 16:00:00,0.0
2023-01-27 17:00:00,0.0
2023-01-27 18:00:00,0.0
2023-01-27 19:00:00,0.0
2023-01-27 20:00:00,0.0
2023-01-27 21:00:00,0.0
2023-01-30 13:00:00,0.0
2023-01-30 14:00:00,0.0
2023-01-30 15:00:00,0.0
2023-01-30 16:00:00,0.0
2023-01-30 17:00:00,0.0
2023-01-30 18:00:00,0.0
2023-01-30 19:00:00,0.0
2023-01-30 20:00:00,0.0
2023-01-30 21:00:00,0.0
2023-01-31 13:00:00,0.0
2023-01-31 14:00:00,0.0
2023-01-31 15:00:00,0.0
2023-01-31 16:00:00,0.0
2023-01-31 17:00:00,0.0
2023-01-31 18:00:00,0.0
2023-01-31 19:00:00,0.0
2023-01-31 20:00:00,0.0
2023-01-31 21:00:00,0.0
2023-02-01 13:00:00,0.0
2023-02-01 14:00:00,0.0
2023-02-01 15:00:00,0.0
2023-02-01 16:00:00,-0.007793390924533671
2023-02-01 17:00:00,-0.0033399662969112558
2023-02-01 18:00:00,0.0025891890205249077
2023-02-01 19:00:00,0.007207233690719568
2023-02-01 20:00:00,0.0016928821089329037
2023-02-01 21:00:00,-0.001
2023-02-02 13:00:00,-0.001
2023-02-02 14:00:00,-0.013310371753946993
2023-02-02 15:00:00,0.009547106917133147
2023-02-02 16:00:00,-0.005164247464760945
2023-02-02 17:00:00,-0.0021016832262461087
2023-02-02 18:00:00,-0.0017730783296475308
2023-02-02 19:00:00,-0.007243596714943567
2023-02-02 20:00:00,0.0
2023-02-02 21:00:00,0.0
2023-02-03 13:00:00,0.0
2023-02-03 14:00:00,-0.027409123069065962
2023-02-03 15:00:00,-0.004852135110153621
2023-02-03 16:00:00,0.0015778244638856805
2023-02-03 17:00:00,0.001761321031495101
2023-02-03 18:00:00,-0.0021249032146512074
2023-02-03 19:00:00,0.00015614309803169222
2023-02-03 20:00:00,-0.00038803914130720505
2023-02-03 21:00:00,-0.001
2023-02-06 13:00:00,-0.001
2023-02-06 14:00:00,-0.001428049288569904
2023-02-06 15:00:00,-0.0004101941203905771
2023-02-06 16:00:00,-0.004779798557831637
2023-02-06 17:00:00,0.0012123375186696493
2023-02-06 18:00:00,0.0
2023-02-06 19:00:00,0.0
2023-02-06 20:00:00,0.0
2023-02-06 21:00:00,0.0
2023-02-07 14:00:00,-0.01694480760600628
2023-02-07 15:00:00,-0.002309368377500453
2023-02-07 16:00:00,0.0023290180059207643
2023-02-07 17:00:00,0.00747888144458513
2023-02-07 18:00:00,-0.010954475290151165
2023-02-07 19:00:00,0.009114544298716165
2023-02-07 20:00:00,0.00347844142156677
2023-02-07 21:00:00,-0.001
2023-02-08 13:00:00,-0.001
2023-02-08 14:00:00,-0.0066986377977057135
2023-02-08 15:00:00,-0.00207311739977195
2023-02-08 16:00:00,-0.004276350017740015
2023-02-08 17:00:00,0.0014853655529261166
2023-02-08 18:00:00,0.0
2023-02-08 19:00:00,0.0
2023-02-08 20:00:00,0.0
2023-02-08 21:00:00,0.0
2023-02-09 13:00:00,0.0
2023-02-09 14:00:00,0.0
2023-02-09 15:00:00,0.0
2023-02-09 16:00:00,0.0
2023-02-09 17:00:00,0.0
2023-02-09 18:00:00,0.0
2023-02-09 19:00:00,-0.00628050835300164
2023-02-09 20:00:00,-0.0029033678855512994
2023-02-09 21:00:00,-0.001
2023-02-10 14:00:00,0.0018633728211694687
2023-02-10 15:00:00,-0.0004501679234465919
2023-02-10 16:00:00,-0.00038159644145638794
2023-02-10 17:00:00,0.0003479474956273774
2023-02-10 18:00:00,-0.001814915024495616
2023-02-10 19:00:00,0.00039677979918585995
2023-02-10 20:00:00,0.0011420404170048646
2023-02-10 21:00:00,-0.001
2023-02-13 13:00:00,-0.001
2023-02-13 14:00:00,0.003989437582310702
2023-02-13 15:00:00,0.0
2023-02-13 16:00:00,0.0
2023-02-13 17:00:00,0.0
2023-02-13 18:00:00,0.0
2023-02-13 19:00:00,0.0
2023-02-13 20:00:00,0.0
2023-02-13 21:00:00,0.0
2023-02-14 13:00:00,0.0
2023-02-14 14:00:00,0.0
2023-02-14 15:00:00,0.0
2023-02-14 16:00:00,0.0
2023-02-14 17:00:00,0.0
2023-02-14 18:00:00,0.0
2023-02-14 19:00:00,0.0
2023-02-14 20:00:00,0.0
2023-02-14 21:00:00,0.0
2023-02-15 13:00:00,0.0
2023-02-15 14:00:00,0.0
2023-02-15 15:00:00,0.0
2023-02-15 16:00:00,0.0
2023-02-15 17:00:00,0.0
2023-02-15 18:00:00,0.0
2023-02-15 19:00:00,0.0
2023-02-15 20:00:00,0.0
2023-02-15 21:00:00,0.0
2023-02-16 13:00:00,0.0
2023-02-16 14:00:00,-0.025731949434202123
2023-02-16 15:00:00,0.004812924073831926
2023-02-16 16:00:00,0.0012663960522138924
2023-02-16 17:00:00,0.0009176322459471262
2023-02-16 18:00:00,-0.0015293172253335644
2023-02-16 19:00:00,0.0008068484897781401
2023-02-16 20:00:00,-0.008844260137229859
2023-02-16 21:00:00,-0.001
2023-02-17 14:00:00,-0.0077303323988678
2023-02-17 15:00:00,0.0006968372193693459
2023-02-17 16:00:00,-0.0012340828985559819
2023-02-17 17:00:00,-0.001742911670365959
2023-02-17 18:00:00,0.0012341253919167967
2023-02-17 19:00:00,0.0
2023-02-17 20:00:00,0.0
2023-02-17 21:00:00,0.0
2023-02-21 14:00:00,-0.03648408837318817
2023-02-21 15:00:00,-0.003983105312571627
2023-02-21 16:00:00,-0.003726104243380223
2023-02-21 17:00:00,-0.0007711887531784636
2023-02-21 18:00:00,-0.0058147182178810534
2023-02-21 19:00:00,-0.00046453268467257973
2023-02-21 20:00:00,-0.0010441587211999551
2023-02-21 21:00:00,-0.001
2023-02-22 14:00:00,0.004850824567695939
2023-02-22 15:00:00,0.0006853808398565872
2023-02-22 16:00:00,-0.00260656242056566
2023-02-22 17:00:00,0.0013599242737488203
2023-02-22 18:00:00,-0.0010059738334126148
2023-02-22 19:00:00,-0.008737605868194458
2023-02-22 20:00:00,0.0032323031804205767
2023-02-22 21:00:00,-0.001
2023-02-23 13:00:00,-0.001
2023-02-23 14:00:00,0.008673769277846743
2023-02-23 15:00:00,-0.006538210361191625
2023-02-23 16:00:00,-0.00611279410666014
2023-02-23 17:00:00,0.0018234296678773364
2023-02-23 18:00:00,2.915772326177548e-05
2023-02-23 19:00:00,0.0032580358551088217
2023-02-23 20:00:00,0.0009695591799511582
2023-02-23 21:00:00,-0.001
2023-02-24 13:00:00,-0.001
2023-02-24 14:00:00,-0.03281894478448362
2023-02-24 15:00:00,-0.002605080521429392
2023-02-24 16:00:00,0.001352694927771193
2023-02-24 17:00:00,-0.004320516247181792
2023-02-24 18:00:00,0.000770253762408852
2023-02-24 19:00:00,0.0030696174513113192
2023-02-24 20:00:00,-0.003606814852463829
2023-02-24 21:00:00,-0.001
2023-02-27 14:00:00,0.010282326976284197
2023-02-27 15:00:00,-0.0028859912895895616
2023-02-27 16:00:00,-0.003136710158927213
2023-02-27 17:00:00,-0.002307280863474697
2023-02-27 18:00:00,0.0006361490019028367
2023-02-27 19:00:00,0.0
2023-02-27 20:00:00,0.0
2023-02-27 21:00:00,0.0
2023-02-28 13:00:00,0.0
2023-02-28 14:00:00,-0.019965698619287025
2023-02-28 15:00:00,-0.0019789532370808206
2023-02-28 16:00:00,0.0005764550333279225
2023-02-28 17:00:00,0.001953682967648813
2023-02-28 18:00:00,-0.003742872418471337
2023-02-28 19:00:00,-0.0035944438987120177
2023-02-28 20:00:00,-0.002717676920192929
2023-02-28 21:00:00,-0.001
2023-03-01 14:00:00,-0.008458887393209075
2023-03-01 15:00:00,-0.0026749864883735867
2023-03-01 16:00:00,-8.690244288065883e-05
2023-03-01 17:00:00,-0.001416511698272587
2023-03-01 18:00:00,-0.001324155278979521
2023-03-01 19:00:00,-0.002804726084146674
2023-03-01 20:00:00,0.0031977402681580567
2023-03-01 21:00:00,-0.001
2023-03-02 13:00:00,-0.001
2023-03-02 14:00:00,-0.0047742198331435105
2023-03-02 15:00:00,0.0025576488442237543
2023-03-02 16:00:00,-0.0019648267026538594
2023-03-02 17:00:00,0.0025789139645486024
2023-03-02 18:00:00,0.0021609384125118713
2023-03-02 19:00:00,0.0010669134872934812
2023-03-02 20:00:00,0.002518793103787715
2023-03-02 21:00:00,-0.001
2023-03-03 13:00:00,-0.001
2023-03-03 14:00:00,0.0
2023-03-03 15:00:00,0.0
2023-03-03 16:00:00,0.0
2023-03-03 17:00:00,0.0
2023-03-03 18:00:00,0.0
2023-03-03 19:00:00,0.0
2023-03-03 20:00:00,0.0
2023-03-03 21:00:00,0.0
2023-03-06 13:00:00,0.0
2023-03-06 14:00:00,0.0
2023-03-06 15:00:00,0.0
2023-03-06 16:00:00,0.0
2023-03-06 17:00:00,0.0
2023-03-06 18:00:00,0.0
2023-03-06 19:00:00,0.0
2023-03-06 20:00:00,0.0
2023-03-06 21:00:00,0.0
2023-03-07 14:00:00,0.0
2023-03-07 15:00:00,-0.015604915766908412
2023-03-07 16:00:00,-0.00284685067505323
2023-03-07 17:00:00,-0.0008590318752365481
2023-03-07 18:00:00,-0.005851818712475325
2023-03-07 19:00:00,-0.002146473272083698
2023-03-07 20:00:00,0.000789141864258026
2023-03-07 21:00:00,-0.001
2023-03-08 13:00:00,-0.000652847152847146
2023-03-08 14:00:00,0.0006881452847952005
2023-03-08 15:00:00,-0.003487035285879502
2023-03-08 16:00:00,0.0009697606170106354
2023-03-08 17:00:00,-0.003703530372381524
2023-03-08 18:00:00,-0.0037950890967754437
2023-03-08 19:00:00,-0.0013324935437958976
2023-03-08 20:00:00,0.005395460736201497
2023-03-08 21:00:00,-0.001
2023-03-09 13:00:00,-0.001
2023-03-09 14:00:00,0.00034303861283034955
2023-03-09 15:00:00,-0.00238280433972498
2023-03-09 16:00:00,-0.005240161794539493
2023-03-09 17:00:00,-0.0028727744611933715
2023-03-09 18:00:00,-0.003733966954681416
2023-03-09 19:00:00,-0.005738903433282005
2023-03-09 20:00:00,-0.004954016814442002
2023-03-09 21:00:00,-0.001
2023-03-10 13:00:00,-0.001
2023-03-10 14:00:00,-0.03753919057162418
2023-03-10 15:00:00,0.0039377153885248
2023-03-10 16:00:00,-0.0010845059956161242
2023-03-10 17:00:00,-0.013457375125980196
2023-03-10 18:00:00,-0.010087197950161747
2023-03-10 19:00:00,0.00822871136302732
2023-03-10 20:00:00,-0.008269538178752882
2023-03-10 21:00:00,-0.001
2023-03-13 12:00:00,-0.0014861111111111095
2023-03-13 13:00:00,-0.026771627260227006
2023-03-13 14:00:00,-0.0015425575950254002
2023-03-13 15:00:00,0.007639967226500362
2023-03-13 16:00:00,-0.011246861699941268
2023-03-13 17:00:00,0.0
2023-03-13 18:00:00,0.0
2023-03-13 19:00:00,0.0
2023-03-13 20:00:00,0.0
2023-03-14 12:00:00,0.0
2023-03-14 13:00:00,0.0
2023-03-14 14:00:00,0.0
2023-03-14 15:00:00,0.0
2023-03-14 16:00:00,0.0
2023-03-14 17:00:00,0.0
2023-03-14 18:00:00,0.0
2023-03-14 19:00:00,0.0
2023-03-15 12:00:00,0.0
2023-03-15 13:00:00,-0.04331344630883791
2023-03-15 14:00:00,-0.003089620520012758
2023-03-15 15:00:00,-0.00852245654507583
2023-03-15 16:00:00,-0.010836418257021214
2023-03-15 17:00:00,0.005700296995972399
2023-03-15 18:00:00,0.0055472533651181165
2023-03-15 19:00:00,-0.0008825165567723494
2023-03-16 13:00:00,-0.004798094969830529
2023-03-16 14:00:00,0.002451103162534469
2023-03-16 15:00:00,0.0033559962731957394
2023-03-16 16:00:00,0.006956368028561967
2023-03-16 17:00:00,0.0017849701825886528
2023-03-16 18:00:00,-0.0016852904968897178
2023-03-16 19:00:00,0.0
2023-03-16 20:00:00,0.0
2023-03-17 12:00:00,0.0
2023-03-17 13:00:00,0.0
2023-03-17 14:00:00,0.0
2023-03-17 15:00:00,0.0
2023-03-17 16:00:00,0.0
2023-03-17 17:00:00,0.0
2023-03-17 18:00:00,0.0
2023-03-17 19:00:00,0.0
2023-03-17 20:00:00,0.0
2023-03-20 13:00:00,0.0
2023-03-20 14:00:00,0.0
2023-03-20 15:00:00,0.0
2023-03-20 16:00:00,0.0
2023-03-20 17:00:00,0.0
2023-03-20 18:00:00,0.0
2023-03-20 19:00:00,0.0
2023-03-21 12:00:00,0.0
2023-03-21 13:00:00,0.0
2023-03-21 14:00:00,0.0
2023-03-21 15:00:00,0.0
2023-03-21 16:00:00,0.0
2023-03-21 17:00:00,0.0
2023-03-21 18:00:00,0.0
2023-03-21 19:00:00,0.0
2023-03-21 20:00:00,0.0
2023-03-22 12:00:00,0.0
2023-03-22 13:00:00,0.0
2023-03-22 14:00:00,0.0
2023-03-22 15:00:00,0.0
2023-03-22 16:00:00,0.0
2023-03-22 17:00:00,0.0
2023-03-22 18:00:00,0.0
2023-03-22 19:00:00,-0.019253280637481145
2023-03-22 20:00:00,-0.001
2023-03-23 12:00:00,-0.001
2023-03-23 13:00:00,0.0035572178637457664
2023-03-23 14:00:00,0.0033688039350361918
2023-03-23 15:00:00,0.000550255779129428
2023-03-23 16:00:00,-0.004870814525429767
2023-03-23 17:00:00,-0.005665826615885526
2023-03-23 18:00:00,-0.007791581025613341
2023-03-23 19:00:00,-4.9837003387469834e-05
2023-03-23 20:00:00,-0.001
2023-03-24 12:00:00,-0.001
2023-03-24 13:00:00,0.0019906043686725113
2023-03-24 14:00:00,-0.006829291925666585
2023-03-24 15:00:00,0.002563204082566207
2023-03-24 16:00:00,0.0014687156385211793
2023-03-24 17:00:00,0.00043158793793771164
2023-03-24 18:00:00,0.001884383850779265
2023-03-24 19:00:00,0.001259825635384488
2023-03-24 20:00:00,-0.001
2023-03-27 12:00:00,-0.001
2023-03-27 13:00:00,0.00686304635610079
2023-03-27 14:00:00,-0.003374507383504659
2023-03-27 15:00:00,-0.0008307485966879238
2023-03-27 16:00:00,0.0018959239131019997
2023-03-27 17:00:00,-7.159181859737649e-05
2023-03-27 18:00:00,0.0
2023-03-27 19:00:00,0.0
2023-03-27 20:00:00,0.0
2023-03-28 13:00:00,0.0
2023-03-28 14:00:00,-0.006353410942620157
2023-03-28 15:00:00,0.0038139897585182225
2023-03-28 16:00:00,-0.0020814608608691935
2023-03-28 17:00:00,-0.0042554191680412015
2023-03-28 18:00:00,0.004072981884696603
2023-03-28 19:00:00,0.004407227662624958
2023-03-28 20:00:00,-0.001
2023-03-29 13:00:00,0.015374581427864999
2023-03-29 14:00:00,-0.005265200711251793
2023-03-29 15:00:00,0.005165207405983836
2023-03-29 16:00:00,-0.0017064037778801713
2023-03-29 17:00:00,0.00036153773162691605
2023-03-29 18:00:00,0.002624993059971204
2023-03-29 19:00:00,0.0
2023-03-30 13:00:00,0.0
2023-03-30 14:00:00,0.0
2023-03-30 15:00:00,0.0
2023-03-30 16:00:00,0.0
2023-03-30 17:00:00,0.0
2023-03-30 18:00:00,0.0
2023-03-30 19:00:00,0.0
2023-03-30 20:00:00,0.0
2023-03-31 12:00:00,0.0
2023-03-31 13:00:00,0.0
2023-03-31 14:00:00,0.0
2023-03-31 15:00:00,0.0
2023-03-31 16:00:00,0.0
2023-03-31 17:00:00,0.0
2023-03-31 18:00:00,0.0
2023-03-31 19:00:00,0.0
2023-03-31 20:00:00,0.0
2023-04-03 12:00:00,0.0
2023-04-03 13:00:00,0.0
2023-04-03 14:00:00,0.0
2023-04-03 15:00:00,0.0
2023-04-03 16:00:00,0.0
2023-04-03 17:00:00,0.0
2023-04-03 18:00:00,0.0
2023-04-03 19:00:00,0.0
2023-04-03 20:00:00,0.0
2023-04-04 13:00:00,0.0
2023-04-04 14:00:00,0.0
2023-04-04 15:00:00,-0.011847543780832918
2023-04-04 16:00:00,0.0028611977043890634
2023-04-04 17:00:00,1.9169577034636523e-06
2023-04-04 18:00:00,-0.003617358347584592
2023-04-04 19:00:00,0.00027110206393351566
2023-04-04 20:00:00,-0.001
2023-04-05 12:00:00,-0.001
2023-04-05 13:00:00,-0.0016559123842339587
2023-04-05 14:00:00,-0.006795789841820808
2023-04-05 15:00:00,-0.0020600204269499312
2023-04-05 16:00:00,-0.004487980905909155
2023-04-05 17:00:00,0.0015788602245408409
2023-04-05 18:00:00,0.00140960032767516
2023-04-05 19:00:00,0.0
2023-04-05 20:00:00,0.0
2023-04-06 12:00:00,0.0
2023-04-06 13:00:00,-0.03210801081982566
2023-04-06 14:00:00,0.004544958748291179
2023-04-06 15:00:00,0.00421281746131857
2023-04-06 16:00:00,-0.001079106795403122
2023-04-06 17:00:00,-0.0013102099284067184
2023-04-06 18:00:00,-0.00213900805644524
2023-04-06 19:00:00,0.000998641100604126
2023-04-06 20:00:00,-0.001
2023-04-10 12:00:00,-0.001
2023-04-10 13:00:00,6.781027187309019e-06
2023-04-10 14:00:00,0.0015789984606010563
2023-04-10 15:00:00,-0.0010109946856498068
2023-04-10 16:00:00,0.0025939361759855627
2023-04-10 17:00:00,0.0
2023-04-10 18:00:00,0.0
2023-04-10 19:00:00,0.0
2023-04-11 12:00:00,0.0
2023-04-11 13:00:00,0.0
2023-04-11 14:00:00,0.0
2023-04-11 15:00:00,0.0
2023-04-11 16:00:00,0.0
2023-04-11 17:00:00,0.0
2023-04-11 18:00:00,0.0
2023-04-11 19:00:00,0.0
2023-04-11 20:00:00,0.0
2023-04-12 12:00:00,0.0
2023-04-12 13:00:00,0.0
2023-04-12 14:00:00,0.0
2023-04-12 15:00:00,0.0
2023-04-12 16:00:00,0.0
2023-04-12 17:00:00,0.0
2023-04-12 18:00:00,0.0
2023-04-12 19:00:00,0.0
2023-04-12 20:00:00,0.0
2023-04-13 12:00:00,0.0
2023-04-13 13:00:00,-0.013857052298480166
2023-04-13 14:00:00,0.0014146409719205453
2023-04-13 15:00:00,0.00018599961652508517
2023-04-13 16:00:00,0.0013715387239271633
2023-04-13 17:00:00,0.001961888952117575
2023-04-13 18:00:00,0.0017358779755143336
2023-04-13 19:00:00,-0.004073199798444099
2023-04-14 12:00:00,-0.001
2023-04-14 13:00:00,0.004207765289205563
2023-04-14 14:00:00,-0.009876326857844758
2023-04-14 15:00:00,-0.004470396025270539
2023-04-14 16:00:00,-0.003611372774575077
2023-04-14 17:00:00,-0.0013068260656799993
2023-04-14 18:00:00,-0.0031980932253488684
2023-04-14 19:00:00,0.0003796446498718195
2023-04-14 20:00:00,-0.001
2023-04-17 12:00:00,-0.001
2023-04-17 13:00:00,0.0020538330495180287
2023-04-17 14:00:00,-0.0006693582430669856
2023-04-17 15:00:00,-3.2162889376756995e-05
2023-04-17 16:00:00,-0.0017539407684289457
2023-04-17 17:00:00,-0.0022567144409447394
2023-04-17 18:00:00,0.004376295797790131
2023-04-17 19:00:00,0.0026462509049755343
2023-04-17 20:00:00,-0.001
2023-04-18 13:00:00,-0.0017654519449492414
2023-04-18 14:00:00,0.0
2023-04-18 15:00:00,0.0
2023-04-18 16:00:00,0.0
2023-04-18 17:00:00,0.0
2023-04-18 18:00:00,0.0
2023-04-18 19:00:00,0.0
2023-04-18 20:00:00,0.0
2023-04-19 12:00:00,0.0
2023-04-19 13:00:00,-0.022684762848694744
2023-04-19 14:00:00,0.0031444995035190947
2023-04-19 15:00:00,-0.005682292079493023
2023-04-19 16:00:00,-0.0015399170560958233
2023-04-19 17:00:00,0.0013415686021796998
2023-04-19 18:00:00,-0.0019310327710069012
2023-04-19 19:00:00,-0.0003773657402981181
2023-04-19 20:00:00,-0.001
2023-04-20 12:00:00,-0.001
2023-04-20 13:00:00,-0.017629329247320184
2023-04-20 14:00:00,0.0011062604188355482
2023-04-20 15:00:00,-0.0016928232624816067
2023-04-20 16:00:00,0.0021641945276275228
2023-04-20 17:00:00,0.0
2023-04-20 18:00:00,-0.006795109331502629
2023-04-20 19:00:00,0.0002827396408640278
2023-04-20 20:00:00,-0.0010705564758574195
2023-04-21 12:00:00,-0.001
2023-04-21 13:00:00,4.9980329310203055e-06
2023-04-21 14:00:00,-0.0022509005740538037
2023-04-21 15:00:00,0.0006296694746710638
2023-04-21 16:00:00,-0.0019227415672275862
2023-04-21 17:00:00,-0.00015981640347166224
2023-04-21 18:00:00,-0.0017270815810720977
2023-04-21 19:00:00,0.0003361851525407419
2023-04-21 20:00:00,-0.0009681885660617442
2023-04-24 13:00:00,-0.0016546349447266898
2023-04-24 14:00:00,-0.00911561631738575
2023-04-24 15:00:00,-0.00519275641408548
2023-04-24 16:00:00,0.0015467538943532318
2023-04-24 17:00:00,0.00307701869162701
2023-04-24 18:00:00,-0.002860787575170314
2023-04-24 19:00:00,-0.0005999721312059716
2023-04-24 20:00:00,-0.001
2023-04-25 12:00:00,-0.001
2023-04-25 13:00:00,-0.013737982549150745
2023-04-25 14:00:00,-0.004978698812803721
2023-04-25 15:00:00,-0.0025556173492329907
2023-04-25 16:00:00,-0.00422422954490374
2023-04-25 17:00:00,-0.004948702710384921
2023-04-25 18:00:00,-0.005970671925297943
2023-04-25 19:00:00,-0.003528805618093155
2023-04-25 20:00:00,-0.001
2023-04-26 12:00:00,-0.001
2023-04-26 13:00:00,-0.0061008564249733655
2023-04-26 14:00:00,-0.0022581245739688605
2023-04-26 15:00:00,-0.0020387778705302107
2023-04-26 16:00:00,-0.00245071233048627
2023-04-26 17:00:00,-0.0035637760308692527
2023-04-26 18:00:00,-0.0036870326935535317
2023-04-26 19:00:00,-0.00037529258110422425
2023-04-26 20:00:00,-0.001
2023-04-27 12:00:00,-0.001
2023-04-27 13:00:00,-0.045172319507184186
2023-04-27 14:00:00,-0.00035308945296423275
2023-04-27 15:00:00,0.0012734702855210396
2023-04-27 16:00:00,0.002904588952422322
2023-04-27 17:00:00,0.0008888261954375985
2023-04-27 18:00:00,0.004859852427160172
2023-04-27 19:00:00,-0.0018129243509518935
2023-04-27 20:00:00,-0.001
2023-04-28 12:00:00,-0.001
2023-04-28 13:00:00,0.0007112878108521746
2023-04-28 14:00:00,-0.0028098561715343244
2023-04-28 15:00:00,0.004003306842863808
2023-04-28 16:00:00,0.0009616972647774457
2023-04-28 17:00:00,0.0
2023-04-28 18:00:00,0.0
2023-04-28 19:00:00,0.0
2023-05-01 12:00:00,0.0
2023-05-01 13:00:00,0.0
2023-05-01 14:00:00,0.0
2023-05-01 15:00:00,0.0
2023-05-01 16:00:00,0.0
2023-05-01 17:00:00,0.0
2023-05-01 18:00:00,0.0
2023-05-01 19:00:00,0.0
2023-05-01 20:00:00,0.0
2023-05-02 13:00:00,-0.037321877751402575
2023-05-02 14:00:00,-0.016132899801815474
2023-05-02 15:00:00,-0.0010137888309470979
2023-05-02 16:00:00,-0.0007551588157239377
2023-05-02 17:00:00,0.0031883271274991583
2023-05-02 18:00:00,0.0022274325450179554
2023-05-02 19:00:00,-0.0023411264936138865
2023-05-02 20:00:00,-0.001
2023-05-03 12:00:00,-0.001633528265107214
2023-05-03 13:00:00,-0.0006022709171282106
2023-05-03 14:00:00,-0.003431673843462362
2023-05-03 15:00:00,-0.0027199433118184116
2023-05-03 16:00:00,0.0026972949819038094
2023-05-03 17:00:00,0.0
2023-05-03 18:00:00,0.0
2023-05-03 19:00:00,-0.014053049008468616
2023-05-03 20:00:00,-0.001
2023-05-04 12:00:00,-0.001
2023-05-04 13:00:00,-0.0031278866320040336
2023-05-04 14:00:00,-0.0018998528638895997
2023-05-04 15:00:00,-0.0015214720558290643
2023-05-04 16:00:00,0.002067484684035354
2023-05-04 17:00:00,0.0006183315779028928
2023-05-04 18:00:00,-0.00572116781382963
2023-05-04 19:00:00,-0.00035100921979255763
2023-05-04 20:00:00,-0.001
2023-05-05 12:00:00,-0.001
2023-05-05 13:00:00,0.014419162656003293
2023-05-05 14:00:00,0.0
2023-05-05 15:00:00,0.0
2023-05-05 16:00:00,0.0
2023-05-05 17:00:00,0.0
2023-05-05 18:00:00,0.0
2023-05-05 19:00:00,0.0
2023-05-05 20:00:00,0.0
2023-05-08 12:00:00,0.0
2023-05-08 13:00:00,0.0
2023-05-08 14:00:00,0.0
2023-05-08 15:00:00,0.0
2023-05-08 16:00:00,0.0
2023-05-08 17:00:00,0.0
2023-05-08 18:00:00,0.0
2023-05-08 19:00:00,0.0
2023-05-08 20:00:00,0.0
2023-05-09 12:00:00,0.0
2023-05-09 13:00:00,0.0
2023-05-09 14:00:00,0.0
2023-05-09 15:00:00,0.0
2023-05-09 16:00:00,0.0
2023-05-09 17:00:00,0.0
2023-05-09 18:00:00,0.0
2023-05-09 19:00:00,0.0
2023-05-09 20:00:00,0.0
2023-05-10 12:00:00,0.0
2023-05-10 13:00:00,0.0
2023-05-10 14:00:00,0.0
2023-05-10 15:00:00,0.0
2023-05-10 16:00:00,0.0
2023-05-10 17:00:00,0.0
2023-05-10 18:00:00,0.0
2023-05-10 19:00:00,0.0
2023-05-10 20:00:00,0.0
2023-05-11 12:00:00,0.0
2023-05-11 13:00:00,-0.020139934622822854
2023-05-11 14:00:00,-0.00011197728602915151
2023-05-11 15:00:00,0.0005854462926616908
2023-05-11 16:00:00,0.0015166014160582116
2023-05-11 17:00:00,-0.004152050905576731
2023-05-11 18:00:00,0.0010119656707815736
2023-05-11 19:00:00,7.644094174578215e-05
2023-05-12 13:00:00,0.0006750782747295134
2023-05-12 14:00:00,-0.005767040112645615
2023-05-12 15:00:00,-0.00033566925212426464
2023-05-12 16:00:00,-0.004066992141730402
2023-05-12 17:00:00,-0.0005026548480071382
2023-05-12 18:00:00,0.0004578221451323925
2023-05-12 19:00:00,0.0
2023-05-12 20:00:00,0.0
2023-05-15 12:00:00,0.0
2023-05-15 13:00:00,-0.018340664720119693
2023-05-15 14:00:00,0.00038772179162455773
2023-05-15 15:00:00,-0.002399378732517731
2023-05-15 16:00:00,0.0022249929182604276
2023-05-15 17:00:00,-0.004448511591674752
2023-05-15 18:00:00,0.00013613166996590074
2023-05-15 19:00:00,-0.0006314604471987442
2023-05-15 20:00:00,-0.001
2023-05-16 12:00:00,-0.001
2023-05-16 13:00:00,-0.006697283445514262
2023-05-16 14:00:00,-0.006390939972614045
2023-05-16 15:00:00,-0.0031988489003338828
2023-05-16 16:00:00,0.0006477638224386859
2023-05-16 17:00:00,-0.0036256825178255115
2023-05-16 18:00:00,-0.0018862377088994455
2023-05-16 19:00:00,-0.0033969662441111427
2023-05-16 20:00:00,-0.001
2023-05-17 12:00:00,-0.001
2023-05-17 13:00:00,-0.004608272501307886
2023-05-17 14:00:00,0.0022127496551190293
2023-05-17 15:00:00,-0.00019227865348391189
2023-05-17 16:00:00,0.003765054854385581
2023-05-17 17:00:00,0.000833296325418815
2023-05-17 18:00:00,-0.004572870921175209
2023-05-17 19:00:00,0.000573758125791891
2023-05-17 20:00:00,-0.001
2023-05-18 13:00:00,-0.011656408386406924
2023-05-18 14:00:00,0.002845091671383355
2023-05-18 15:00:00,-0.003231912866320496
2023-05-18 16:00:00,-0.0016839826654230497
2023-05-18 17:00:00,-0.0028167506117363897
2023-05-18 18:00:00,0.0007705219775902114
2023-05-18 19:00:00,0.0050670534904590624
2023-05-18 20:00:00,-0.001
2023-05-19 12:00:00,-0.001
2023-05-19 13:00:00,0.005288865122148041
2023-05-19 14:00:00,-0.0012089488673170438
2023-05-19 15:00:00,-0.005384363590569018
2023-05-19 16:00:00,-0.0007049243992162049
2023-05-19 17:00:00,0.0
2023-05-19 18:00:00,0.0
2023-05-19 19:00:00,0.0
2023-05-22 12:00:00,0.0
2023-05-22 13:00:00,0.0
2023-05-22 14:00:00,0.0
2023-05-22 15:00:00,0.0
2023-05-22 16:00:00,0.0
2023-05-22 17:00:00,0.0
2023-05-22 18:00:00,0.0
2023-05-22 19:00:00,0.0
2023-05-23 12:00:00,0.0
2023-05-23 13:00:00,-0.021904419251504503
2023-05-23 14:00:00,-0.00012096640111121013
2023-05-23 15:00:00,-0.003523293019196615
2023-05-23 16:00:00,-0.0017806122127497872
2023-05-23 17:00:00,-0.001662084685780856
2023-05-23 18:00:00,-0.0018671951436274139
2023-05-23 19:00:00,-0.0006045210193628905
2023-05-23 20:00:00,-0.001
2023-05-24 12:00:00,-0.001
2023-05-24 13:00:00,-0.0049094515366663195
2023-05-24 14:00:00,-0.001516538255417759
2023-05-24 15:00:00,-0.0016298694241064107
2023-05-24 16:00:00,0.001149002419383439
2023-05-24 17:00:00,-0.0022146001070549805
2023-05-24 18:00:00,-0.003434497257184276
2023-05-24 19:00:00,-0.00022027804699291582
2023-05-24 20:00:00,-0.001
2023-05-25 12:00:00,-0.0008127090301003328
2023-05-25 13:00:00,-0.0036009388513751506
2023-05-25 14:00:00,-0.0017730123154580603
2023-05-25 15:00:00,-0.0023811501544756357
2023-05-25 16:00:00,0.0004383789048236673
2023-05-25 17:00:00,0.002972079853796639
2023-05-25 18:00:00,-0.000835714291584432
2023-05-25 19:00:00,-0.000704870399307044
2023-05-25 20:00:00,-0.001
2023-05-26 13:00:00,-0.018834915882735448
2023-05-26 14:00:00,0.0009838239308533011
2023-05-26 15:00:00,-0.005563492315160478
2023-05-26 16:00:00,0.002456157167183915
2023-05-26 17:00:00,-0.001837030394658922
2023-05-26 18:00:00,0.0020607805773319673
2023-05-26 19:00:00,0.0006019641885529124
2023-05-26 20:00:00,-0.001
2023-05-30 12:00:00,-0.001
2023-05-30 13:00:00,-0.0019770794651699
2023-05-30 14:00:00,-0.0011977953171529545
2023-05-30 15:00:00,-0.002183534796789337
2023-05-30 16:00:00,-0.0011618277902493582
2023-05-30 17:00:00,0.0
2023-05-30 18:00:00,0.0
2023-05-30 19:00:00,0.0
2023-05-30 20:00:00,0.0
2023-05-31 12:00:00,0.0
2023-05-31 13:00:00,-0.025531140096478243
2023-05-31 14:00:00,-0.0007364362276202731
2023-05-31 15:00:00,-0.004539687041121326
2023-05-31 16:00:00,0.00140802463133456
2023-05-31 17:00:00,0.0017824713462422544
2023-05-31 18:00:00,-0.003109308642214458
2023-05-31 19:00:00,0.000912877105989108
2023-05-31 20:00:00,-0.0006696463272444656
2023-06-01 12:00:00,-0.001
2023-06-01 13:00:00,-0.001706886058735101
2023-06-01 14:00:00,0.006895992798876672
2023-06-01 15:00:00,0.002277715198032355
2023-06-01 16:00:00,0.0012195864286724321
2023-06-01 17:00:00,0.0
2023-06-01 18:00:00,0.0
2023-06-01 19:00:00,0.0
2023-06-01 20:00:00,0.0
2023-06-02 12:00:00,0.0
2023-06-02 13:00:00,0.0
2023-06-02 14:00:00,0.0
2023-06-02 15:00:00,0.0
2023-06-02 16:00:00,0.0
2023-06-02 17:00:00,0.0
2023-06-02 18:00:00,0.0
2023-06-02 19:00:00,0.0
2023-06-05 12:00:00,0.0
2023-06-05 13:00:00,0.0
2023-06-05 14:00:00,0.0
2023-06-05 15:00:00,0.0
2023-06-05 16:00:00,0.0
2023-06-05 17:00:00,0.0
2023-06-05 18:00:00,0.0
2023-06-05 19:00:00,0.0
2023-06-06 12:00:00,0.0
2023-06-06 13:00:00,0.0
2023-06-06 14:00:00,0.0
2023-06-06 15:00:00,0.0
2023-06-06 16:00:00,0.0
2023-06-06 17:00:00,0.0
2023-06-06 18:00:00,0.0
2023-06-06 19:00:00,0.0
2023-06-06 20:00:00,0.0
2023-06-07 12:00:00,0.0
2023-06-07 13:00:00,0.0
2023-06-07 14:00:00,0.0
2023-06-07 15:00:00,-0.0055227108408197716
2023-06-07 16:00:00,-0.003841421404589084
2023-06-07 17:00:00,-0.0021240149094882855
2023-06-07 18:00:00,-6.891822958967535e-05
2023-06-07 19:00:00,-0.0010776090169314903
2023-06-07 20:00:00,-0.001
2023-06-08 12:00:00,-0.001
2023-06-08 13:00:00,0.003589799720430182
2023-06-08 14:00:00,0.004536288805041756
2023-06-08 15:00:00,-5.162109436066507e-07
2023-06-08 16:00:00,-0.0033358838551881976
2023-06-08 17:00:00,-0.0036028483576421235
2023-06-08 18:00:00,0.0030580772275893295
2023-06-08 19:00:00,0.0
2023-06-08 20:00:00,0.0
2023-06-09 12:00:00,0.0
2023-06-09 13:00:00,0.0
2023-06-09 14:00:00,0.0
2023-06-09 15:00:00,0.0
2023-06-09 16:00:00,0.0
2023-06-09 17:00:00,0.0
2023-06-09 18:00:00,0.0
2023-06-09 19:00:00,0.0
2023-06-09 20:00:00,0.0
2023-06-12 13:00:00,0.0
2023-06-12 14:00:00,0.0
2023-06-12 15:00:00,0.0
2023-06-12 16:00:00,0.0
2023-06-12 17:00:00,0.0
2023-06-12 18:00:00,0.0
2023-06-12 19:00:00,0.0
2023-06-13 12:00:00,0.0
2023-06-13 13:00:00,0.0
2023-06-13 14:00:00,0.0
2023-06-13 15:00:00,0.0
2023-06-13 16:00:00,0.0
2023-06-13 17:00:00,0.0
2023-06-13 18:00:00,0.0
2023-06-13 19:00:00,0.0
2023-06-13 20:00:00,0.0
2023-06-14 12:00:00,0.0
2023-06-14 13:00:00,0.0
2023-06-14 14:00:00,0.0
2023-06-14 15:00:00,0.0
2023-06-14 16:00:00,0.0
2023-06-14 17:00:00,0.0
2023-06-14 18:00:00,0.0
2023-06-14 19:00:00,0.0
2023-06-14 20:00:00,0.0
2023-06-15 12:00:00,0.0
2023-06-15 13:00:00,0.0
2023-06-15 14:00:00,0.0
2023-06-15 15:00:00,0.0
2023-06-15 16:00:00,0.0
2023-06-15 17:00:00,0.0
2023-06-15 18:00:00,0.0
2023-06-15 19:00:00,0.0
2023-06-15 20:00:00,0.0
2023-06-16 12:00:00,0.0
2023-06-16 13:00:00,0.0
2023-06-16 14:00:00,0.0
2023-06-16 15:00:00,0.0
2023-06-16 16:00:00,0.0
2023-06-16 17:00:00,0.0
2023-06-16 18:00:00,0.0
2023-06-16 19:00:00,0.0
2023-06-20 12:00:00,0.0
2023-06-20 13:00:00,-0.018095900045395862
2023-06-20 14:00:00,0.0017295381203159942
2023-06-20 15:00:00,-1.4932891462362315e-06
2023-06-20 16:00:00,-0.0015892796465561678
2023-06-20 17:00:00,-0.001188868705881967
2023-06-20 18:00:00,-0.0009281972291914844
2023-06-20 19:00:00,-0.0034070324050491808
2023-06-20 20:00:00,-0.001
2023-06-21 12:00:00,-0.001
2023-06-21 13:00:00,-0.0064707392750772965
2023-06-21 14:00:00,0.003989872601720485
2023-06-21 15:00:00,0.0006135337174121467
2023-06-21 16:00:00,-0.0025359316878713224
2023-06-21 17:00:00,0.0
2023-06-21 18:00:00,0.0
2023-06-21 19:00:00,-0.007572266266387195
2023-06-21 20:00:00,-0.001
2023-06-22 12:00:00,-0.00118709462830534
2023-06-22 13:00:00,-0.00952496633490104
2023-06-22 14:00:00,-0.002836135214362028
2023-06-22 15:00:00,0.0045494380340340935
2023-06-22 16:00:00,-0.0023256681388337964
2023-06-22 17:00:00,-0.0006700057778682037
2023-06-22 18:00:00,0.0018297150787207738
2023-06-22 19:00:00,3.529450221680477e-05
2023-06-22 20:00:00,-0.001
2023-06-23 12:00:00,-0.001
2023-06-23 13:00:00,-0.008924715966072826
2023-06-23 14:00:00,-0.005116197886566192
2023-06-23 15:00:00,-0.0011816939190251333
2023-06-23 16:00:00,0.0010186897580574013
2023-06-23 17:00:00,-0.00044785141958492614
2023-06-23 18:00:00,-0.005442586406865201
2023-06-23 19:00:00,-0.00020729585657677156
2023-06-26 13:00:00,0.009310206505814652
2023-06-26 14:00:00,-0.003759701082688909
2023-06-26 15:00:00,0.0020228883938663853
2023-06-26 16:00:00,-0.0011868787049769504
2023-06-26 17:00:00,-0.0005709487413160233
2023-06-26 18:00:00,0.00015193669608427147
2023-06-26 19:00:00,-0.0038916617988979155
2023-06-26 20:00:00,0.0
2023-06-27 13:00:00,0.0
2023-06-27 14:00:00,0.0
2023-06-27 15:00:00,0.0
2023-06-27 16:00:00,0.0
2023-06-27 17:00:00,0.0
2023-06-27 18:00:00,0.0
2023-06-27 19:00:00,0.0
2023-06-27 20:00:00,0.0
2023-06-28 12:00:00,0.0
2023-06-28 13:00:00,0.0
2023-06-28 14:00:00,-0.0060418653251171454
2023-06-28 15:00:00,0.0015723175873981598
2023-06-28 16:00:00,-0.0012982564739588245
2023-06-28 17:00:00,-0.002306542278709999
2023-06-28 18:00:00,-0.0011720317698647612
2023-06-28 19:00:00,0.0005397107605542471
2023-06-28 20:00:00,-0.001
2023-06-29 12:00:00,-0.001
2023-06-29 13:00:00,-0.0031648443915058156
2023-06-29 14:00:00,0.0022162482371878354
2023-06-29 15:00:00,0.0012308265296952902
2023-06-29 16:00:00,0.0008693959544835604
2023-06-29 17:00:00,-0.0037046881661712207
2023-06-29 18:00:00,0.0
2023-06-29 19:00:00,0.0
2023-06-29 20:00:00,0.0
2023-06-30 12:00:00,0.0
2023-06-30 13:00:00,0.0
2023-06-30 14:00:00,0.0
2023-06-30 15:00:00,0.0
2023-06-30 16:00:00,0.0
2023-06-30 17:00:00,0.0
2023-06-30 18:00:00,0.0
2023-06-30 19:00:00,0.0
2023-06-30 20:00:00,0.0
2023-07-03 12:00:00,0.0
2023-07-03 13:00:00,0.0
2023-07-03 14:00:00,0.0
2023-07-03 15:00:00,0.0
2023-07-03 16:00:00,0.0
2023-07-03 17:00:00,0.0
2023-07-05 13:00:00,0.0
2023-07-05 14:00:00,0.0
2023-07-05 15:00:00,0.0
2023-07-05 16:00:00,0.0
2023-07-05 17:00:00,0.0
2023-07-05 18:00:00,0.0
2023-07-05 19:00:00,0.0
2023-07-05 20:00:00,0.0
2023-07-06 12:00:00,0.0
2023-07-06 13:00:00,-0.023826693669087663
2023-07-06 14:00:00,-0.00607937129910796
2023-07-06 15:00:00,0.001930142435580707
2023-07-06 16:00:00,0.0015844348974665698
2023-07-06 17:00:00,0.00021013487683765398
2023-07-06 18:00:00,0.001564145995314254
2023-07-06 19:00:00,-0.00015217065007914663
2023-07-07 12:00:00,-0.001
2023-07-07 13:00:00,0.003656756136771545
2023-07-07 14:00:00,0.001880048451577871
2023-07-07 15:00:00,0.0004501266774554044
2023-07-07 16:00:00,0.0026965366452726468
2023-07-07 17:00:00,-0.002770367623050656
2023-07-07 18:00:00,0.0
2023-07-07 19:00:00,0.0
2023-07-07 20:00:00,0.0
2023-07-10 12:00:00,0.0
2023-07-10 13:00:00,0.0
2023-07-10 14:00:00,0.0
2023-07-10 15:00:00,0.0
2023-07-10 16:00:00,0.0
2023-07-10 17:00:00,0.0
2023-07-10 18:00:00,0.0
2023-07-10 19:00:00,0.0
2023-07-10 20:00:00,0.0
2023-07-11 12:00:00,0.0
2023-07-11 13:00:00,0.0
2023-07-11 14:00:00,0.0
2023-07-11 15:00:00,0.0
2023-07-11 16:00:00,0.0
2023-07-11 17:00:00,0.0
2023-07-11 18:00:00,0.0
2023-07-11 19:00:00,0.0
2023-07-11 20:00:00,0.0
2023-07-12 12:00:00,0.0
2023-07-12 13:00:00,0.0
2023-07-12 14:00:00,0.0
2023-07-12 15:00:00,0.0
2023-07-12 16:00:00,0.0
2023-07-12 17:00:00,0.0
2023-07-12 18:00:00,0.0
2023-07-12 19:00:00,0.0
2023-07-12 20:00:00,0.0
2023-07-13 12:00:00,0.0
2023-07-13 13:00:00,0.0
2023-07-13 14:00:00,0.0
2023-07-13 15:00:00,0.0
2023-07-13 16:00:00,0.0
2023-07-13 17:00:00,0.0
2023-07-13 18:00:00,0.0
2023-07-13 19:00:00,0.0
2023-07-13 20:00:00,0.0
2023-07-14 12:00:00,0.0
2023-07-14 13:00:00,-0.015376996540896925
2023-07-14 14:00:00,-0.004863541425728028
2023-07-14 15:00:00,-0.0005541148684276955
2023-07-14 16:00:00,-0.0006696796897140636
2023-07-14 17:00:00,-0.0008531924078916889
2023-07-14 18:00:00,-0.0015212240083486252
2023-07-14 19:00:00,-0.001990227733737514
2023-07-14 20:00:00,-0.001
2023-07-17 12:00:00,-0.001
2023-07-17 13:00:00,0.0018242040956572567
2023-07-17 14:00:00,-0.0001521514682597527
2023-07-17 15:00:00,-0.00035566807920170884
2023-07-17 16:00:00,-0.0009341652069310138
2023-07-17 17:00:00,0.0
2023-07-17 18:00:00,0.0
2023-07-17 19:00:00,0.0
2023-07-17 20:00:00,0.0
2023-07-18 12:00:00,0.0
2023-07-18 13:00:00,0.0
2023-07-18 14:00:00,0.0
2023-07-18 15:00:00,0.0
2023-07-18 16:00:00,-0.007468449339966409
2023-07-18 17:00:00,-0.0010217100357047585
2023-07-18 18:00:00,-1.3031580207144853e-05
2023-07-18 19:00:00,0.0023983075625592497
2023-07-18 20:00:00,-0.001
2023-07-19 12:00:00,-0.001
2023-07-19 13:00:00,0.008435486578447903
2023-07-19 14:00:00,-0.004197818375938977
2023-07-19 15:00:00,0.00019262784591097073
2023-07-19 16:00:00,-6.23651149035334e-05
2023-07-19 17:00:00,0.0003457351137118711
2023-07-19 18:00:00,-0.00092048733930326
2023-07-19 19:00:00,-0.0012469763105206913
2023-07-19 20:00:00,0.0
2023-07-20 12:00:00,0.0
2023-07-20 13:00:00,-0.03693794477000974
2023-07-20 14:00:00,-0.003303461895877179
2023-07-20 15:00:00,-0.0004357520299993969
2023-07-20 16:00:00,-0.003669581643727986
2023-07-20 17:00:00,-0.000678151132098114
2023-07-20 18:00:00,-0.0025264048356112394
2023-07-20 19:00:00,-0.002529454575765804
2023-07-20 20:00:00,-0.001
2023-07-21 13:00:00,0.002471984270012135
2023-07-21 14:00:00,-0.0018033537297990722
2023-07-21 15:00:00,0.0023102494757965674
2023-07-21 16:00:00,-0.0022591117456880407
2023-07-21 17:00:00,0.0007403097116695299
2023-07-21 18:00:00,0.0
2023-07-21 19:00:00,0.0
2023-07-21 20:00:00,0.0
2023-07-24 13:00:00,-0.020827037285001977
2023-07-24 14:00:00,0.006621670608041619
2023-07-24 15:00:00,0.00015455948751580493
2023-07-24 16:00:00,-0.0011926547535056223
2023-07-24 17:00:00,0.0004569878662150149
2023-07-24 18:00:00,-0.0018259367826217834
2023-07-24 19:00:00,-0.000596354227261652
2023-07-24 20:00:00,-0.001
2023-07-25 12:00:00,-0.001
2023-07-25 13:00:00,0.005175915494873468
2023-07-25 14:00:00,-0.00430574427458431
2023-07-25 15:00:00,0.0013133764790889523
2023-07-25 16:00:00,0.0009308047332920019
2023-07-25 17:00:00,0.0
2023-07-25 18:00:00,0.0
2023-07-25 19:00:00,0.0
2023-07-25 20:00:00,0.0
2023-07-26 12:00:00,0.0
2023-07-26 13:00:00,-0.02925140764593458
2023-07-26 14:00:00,0.0007753020941440045
2023-07-26 15:00:00,-4.208032732582389e-06
2023-07-26 16:00:00,-0.0013589089410847902
2023-07-26 17:00:00,-0.000973559740640322
2023-07-26 18:00:00,0.002497920381466224
2023-07-26 19:00:00,-0.003034466053699474
2023-07-26 20:00:00,-0.001
2023-07-27 12:00:00,-0.001
2023-07-27 13:00:00,0.0030705986343358815
2023-07-27 14:00:00,-0.007096081444921253
2023-07-27 15:00:00,-0.0030983969288001668
2023-07-27 16:00:00,0.0009077060296147584
2023-07-27 17:00:00,-0.007406287263829008
2023-07-27 18:00:00,-0.003962166681244732
2023-07-27 19:00:00,-0.0024693775913547425
2023-07-27 20:00:00,-0.001
2023-07-28 12:00:00,-0.001
2023-07-28 13:00:00,0.009289335479153078
2023-07-28 14:00:00,-0.0011953795510177604
2023-07-28 15:00:00,-0.004193735848536589
2023-07-28 16:00:00,-0.00019430149595716566
2023-07-28 17:00:00,-0.004326201377477966
2023-07-28 18:00:00,0.0005318121080743208
2023-07-28 19:00:00,-0.001529382702379949
2023-07-31 12:00:00,-0.001
2023-07-31 13:00:00,0.0
2023-07-31 14:00:00,0.0
2023-07-31 15:00:00,-0.005221749702427452
2023-07-31 16:00:00,-0.002547167786791437
2023-07-31 17:00:00,-0.00037434534616080845
2023-07-31 18:00:00,-0.0008171341438316873
2023-07-31 19:00:00,0.0005612131499943948
2023-07-31 20:00:00,-0.001
2023-08-01 12:00:00,-0.001
2023-08-01 13:00:00,0.001153760848518821
2023-08-01 14:00:00,-0.0036668560685405795
2023-08-01 15:00:00,-0.0020491856517242104
2023-08-01 16:00:00,-0.0010697946772548364
2023-08-01 17:00:00,-5.327123668944411e-05
2023-08-01 18:00:00,-0.0007812690060809582
2023-08-01 19:00:00,0.0
2023-08-01 20:00:00,0.0
2023-08-02 12:00:00,0.0
2023-08-02 13:00:00,-0.03358430803928999
2023-08-02 14:00:00,-0.009657703560521556
2023-08-02 15:00:00,-0.000929390102135457
2023-08-02 16:00:00,-1.5041160845599786e-06
2023-08-02 17:00:00,0.0005811259847921643
2023-08-02 18:00:00,-0.002803210437227143
2023-08-02 19:00:00,-0.0018296305362260393
2023-08-02 20:00:00,-0.001
2023-08-03 12:00:00,-0.001
2023-08-03 13:00:00,0.002885466486881589
2023-08-03 14:00:00,0.001252810811790418
2023-08-03 15:00:00,0.0018223552681296226
2023-08-03 16:00:00,0.0010504416388876399
2023-08-03 17:00:00,-0.004981465763913566
2023-08-03 18:00:00,0.0004342636888029724
2023-08-03 19:00:00,-0.0023737574318801183
2023-08-03 20:00:00,-0.0009127936801067041
2023-08-04 12:00:00,-0.001
2023-08-04 13:00:00,0.00819100506310591
2023-08-04 14:00:00,-0.0005021588014476044
2023-08-04 15:00:00,-0.0015186273144354714
2023-08-04 16:00:00,0.001473824008814146
2023-08-04 17:00:00,-0.006113584190844988
2023-08-04 18:00:00,-0.00823764641885054
2023-08-04 19:00:00,-0.0017764398168526531
2023-08-04 20:00:00,-0.001
2023-08-07 12:00:00,0.0
2023-08-07 13:00:00,0.0
2023-08-07 14:00:00,0.0
2023-08-07 15:00:00,0.0
2023-08-07 16:00:00,0.0
2023-08-07 17:00:00,0.0
2023-08-07 18:00:00,0.0
2023-08-07 19:00:00,0.0
2023-08-07 20:00:00,0.0
2023-08-08 12:00:00,0.0
2023-08-08 13:00:00,-0.043397750233929513
2023-08-08 14:00:00,-0.0010332102904560428
2023-08-08 15:00:00,4.2827874239321616e-05
2023-08-08 16:00:00,-0.001582755325525136
2023-08-08 17:00:00,0.002638356968528178
2023-08-08 18:00:00,0.0016252842042184753
2023-08-08 19:00:00,0.001438015902480978
2023-08-08 20:00:00,-0.001
2023-08-09 12:00:00,-0.001
2023-08-09 13:00:00,-0.0014499511799792356
2023-08-09 14:00:00,-0.0033740743086466064
2023-08-09 15:00:00,-0.007608649578896874
2023-08-09 16:00:00,-0.0008323745357594495
2023-08-09 17:00:00,0.0
2023-08-09 18:00:00,0.0
2023-08-09 19:00:00,0.0
2023-08-09 20:00:00,0.0
2023-08-10 12:00:00,0.0
2023-08-10 13:00:00,0.0
2023-08-10 14:00:00,0.0
2023-08-10 15:00:00,0.0
2023-08-10 16:00:00,0.0
2023-08-10 17:00:00,-0.005798474192102625
2023-08-10 18:00:00,0.004707384730685883
2023-08-10 19:00:00,-0.002351508322856998
2023-08-11 12:00:00,-0.001
2023-08-11 13:00:00,-0.0073231470632933
2023-08-11 14:00:00,0.0016168586714343635
2023-08-11 15:00:00,-0.0011330194106244132
2023-08-11 16:00:00,-0.003938917907514188
2023-08-11 17:00:00,-0.0007780576629712535
2023-08-11 18:00:00,0.001318367500959484
2023-08-11 19:00:00,-0.0034731581765252975
2023-08-14 12:00:00,-0.001
2023-08-14 13:00:00,0.0013836427117667814
2023-08-14 14:00:00,0.0
2023-08-14 15:00:00,0.0
2023-08-14 16:00:00,0.0
2023-08-14 17:00:00,0.0
2023-08-14 18:00:00,0.0
2023-08-14 19:00:00,0.0
2023-08-14 20:00:00,0.0
2023-08-15 13:00:00,-0.018967042039307276
2023-08-15 14:00:00,-0.0025749154316249347
2023-08-15 15:00:00,-0.0003201504245821154
2023-08-15 16:00:00,-0.004297193512225932
2023-08-15 17:00:00,-0.0025503936208343615
2023-08-15 18:00:00,0.0007963239302682399
2023-08-15 19:00:00,-0.0022251543793793895
2023-08-15 20:00:00,-1.3994910941471806e-05
2023-08-16 12:00:00,-0.001
2023-08-16 13:00:00,0.001704915772520927
2023-08-16 14:00:00,-0.001672250956906656
2023-08-16 15:00:00,-0.000996486979654975
2023-08-16 16:00:00,-0.000688050782461618
2023-08-16 17:00:00,0.0022426730408088968
2023-08-16 18:00:00,-0.0015677119698813515
2023-08-16 19:00:00,-0.004642590656248134
2023-08-16 20:00:00,-0.001
2023-08-17 12:00:00,-0.001
2023-08-17 13:00:00,0.001345107189860729
2023-08-17 14:00:00,-0.003454575684149979
2023-08-17 15:00:00,-0.0011253085920677965
2023-08-17 16:00:00,0.0005357862828744573
2023-08-17 17:00:00,-0.004101782603921432
2023-08-17 18:00:00,-0.005485984414768029
2023-08-17 19:00:00,-0.0027065862290494894
2023-08-17 20:00:00,-0.001
2023-08-18 12:00:00,-0.001
2023-08-18 13:00:00,-0.0016836632799684882
2023-08-18 14:00:00,0.00010800779344892855
2023-08-18 15:00:00,0.0016624592457002438
2023-08-18 16:00:00,-0.0026599238296672535
2023-08-18 17:00:00,-0.002948932144889831
2023-08-18 18:00:00,-3.485978589535166e-05
2023-08-18 19:00:00,-0.0016250009793167366
2023-08-18 20:00:00,-0.001
2023-08-21 12:00:00,-0.001
2023-08-21 13:00:00,-0.003515098678415523
2023-08-21 14:00:00,-0.004068813316838265
2023-08-21 15:00:00,-0.0043568653010586985
2023-08-21 16:00:00,-0.0004706041765131499
2023-08-21 17:00:00,0.00026960726893706733
2023-08-21 18:00:00,-0.00019701086691964378
2023-08-21 19:00:00,0.0002566625597089486
2023-08-21 20:00:00,-0.001
2023-08-22 12:00:00,-0.001
2023-08-22 13:00:00,-0.00039307134545102287
2023-08-22 14:00:00,-0.0012743899946671292
2023-08-22 15:00:00,-0.0008573081572848965
2023-08-22 16:00:00,-0.0007936171582218368
2023-08-22 17:00:00,-0.002378186122055419
2023-08-22 18:00:00,0.0004926884774141835
2023-08-22 19:00:00,-0.00027489357374047474
2023-08-22 20:00:00,0.0
2023-08-23 12:00:00,0.0
2023-08-23 13:00:00,0.0
2023-08-23 14:00:00,0.0
2023-08-23 15:00:00,0.0
2023-08-23 16:00:00,0.0
2023-08-23 17:00:00,0.0
2023-08-23 18:00:00,0.0
2023-08-23 19:00:00,0.0
2023-08-23 20:00:00,0.0
2023-08-24 12:00:00,0.0
2023-08-24 13:00:00,0.0
2023-08-24 14:00:00,0.0
2023-08-24 15:00:00,0.0
2023-08-24 16:00:00,0.0
2023-08-24 17:00:00,0.0
2023-08-24 18:00:00,0.0
2023-08-24 19:00:00,0.0
2023-08-25 13:00:00,0.0
2023-08-25 14:00:00,-0.013536152740507252
2023-08-25 15:00:00,0.0034114946309140087
2023-08-25 16:00:00,0.0033545959249279287
2023-08-25 17:00:00,-0.0018763155232126563
2023-08-25 18:00:00,0.005527773342612497
2023-08-25 19:00:00,-0.004165061930713676
2023-08-25 20:00:00,-0.0008924520922956583
2023-08-28 12:00:00,-0.001
2023-08-28 13:00:00,0.01260426134846502
2023-08-28 14:00:00,-0.003445986775337783
2023-08-28 15:00:00,-0.004572114608796029
2023-08-28 16:00:00,0.0008647878868725709
2023-08-28 17:00:00,-0.004479128170357831
2023-08-28 18:00:00,0.0
2023-08-28 19:00:00,0.0
2023-08-28 20:00:00,0.0
2023-08-29 13:00:00,0.0
2023-08-29 14:00:00,0.0
2023-08-29 15:00:00,0.0
2023-08-29 16:00:00,0.0
2023-08-29 17:00:00,0.0
2023-08-29 18:00:00,0.0
2023-08-29 19:00:00,0.0
2023-08-29 20:00:00,0.0
2023-08-30 12:00:00,0.0
2023-08-30 13:00:00,0.0
2023-08-30 14:00:00,0.0
2023-08-30 15:00:00,0.0
2023-08-30 16:00:00,0.0
2023-08-30 17:00:00,0.0
2023-08-30 18:00:00,0.0
2023-08-30 19:00:00,0.0
2023-08-30 20:00:00,0.0
2023-08-31 12:00:00,0.0
2023-08-31 13:00:00,0.0
2023-08-31 14:00:00,0.0
2023-08-31 15:00:00,0.0
2023-08-31 16:00:00,0.0
2023-08-31 17:00:00,0.0
2023-08-31 18:00:00,-0.00613451758366032
2023-08-31 19:00:00,-0.002352150119161055
2023-08-31 20:00:00,-0.001
2023-09-01 13:00:00,0.005889109526880299
2023-09-01 14:00:00,-0.00457139540500388
2023-09-01 15:00:00,-0.008392658461498063
2023-09-01 16:00:00,-0.003057644417140303
2023-09-01 17:00:00,0.0008239802038010344
2023-09-01 18:00:00,0.0012213016668702736
2023-09-01 19:00:00,0.0010078264160285131
2023-09-01 20:00:00,-0.001
2023-09-05 12:00:00,-0.001
2023-09-05 13:00:00,-0.007955254606180644
2023-09-05 14:00:00,-0.008629307231724524
2023-09-05 15:00:00,-0.0015367297183583309
2023-09-05 16:00:00,-0.0014361297866986858
2023-09-05 17:00:00,-0.0022118197135395246
2023-09-05 18:00:00,0.0009121802370670848
2023-09-05 19:00:00,-0.0024171516269045337
2023-09-05 20:00:00,-0.001
2023-09-06 12:00:00,-0.0018895929807458015
2023-09-06 13:00:00,0.00045884252138843145
2023-09-06 14:00:00,0.0002321726069520922
2023-09-06 15:00:00,-0.002411287560984309
2023-09-06 16:00:00,-0.002753005129445395
2023-09-06 17:00:00,0.0002923634955559703
2023-09-06 18:00:00,-0.0008995764026540722
2023-09-06 19:00:00,0.00037940734643477454
2023-09-06 20:00:00,-0.0008996767361498118
2023-09-07 12:00:00,-0.0028354465422734112
2023-09-07 13:00:00,-0.005968110941631643
2023-09-07 14:00:00,0.0012537372641555585
2023-09-07 15:00:00,0.0008579430352435254
2023-09-07 16:00:00,-2.8844737056959177e-05
2023-09-07 17:00:00,-0.0009587426681531555
2023-09-07 18:00:00,-0.0030293514117833644
2023-09-07 19:00:00,0.0002087655495218786
2023-09-07 20:00:00,-0.0008488909163482874
2023-09-08 13:00:00,-0.002517527118421158
2023-09-08 14:00:00,-0.003863641897479963
2023-09-08 15:00:00,-0.002713919372877093
2023-09-08 16:00:00,-0.0017847453516372448
2023-09-08 17:00:00,-0.0011457820118620612
2023-09-08 18:00:00,-0.002042535955976048
2023-09-08 19:00:00,-0.00046455576207239863
2023-09-08 20:00:00,-0.001
2023-09-11 13:00:00,-0.0012811527089466193
2023-09-11 14:00:00,-0.00304415078513952
2023-09-11 15:00:00,-0.0015045230665224887
2023-09-11 16:00:00,0.0014252421305319292
2023-09-11 17:00:00,0.0011750640541954025
2023-09-11 18:00:00,-0.0018904692381303593
2023-09-11 19:00:00,0.0
2023-09-11 20:00:00,0.0
2023-09-12 12:00:00,0.0
2023-09-12 13:00:00,0.0
2023-09-12 14:00:00,-0.010750471168217722
2023-09-12 15:00:00,-0.0011815280310405899
2023-09-12 16:00:00,-0.0012765772703896164
2023-09-12 17:00:00,-0.0011925134313777888
2023-09-12 18:00:00,-0.003856507463306618
2023-09-12 19:00:00,-0.0011729647690521031
2023-09-12 20:00:00,-0.001
2023-09-13 12:00:00,-0.001
2023-09-13 13:00:00,-0.0008282133398694316
2023-09-13 14:00:00,-0.0007847024272906114
2023-09-13 15:00:00,-0.0020187128137989776
2023-09-13 16:00:00,0.0005381368258227557
2023-09-13 17:00:00,-0.000409762752072689
2023-09-13 18:00:00,-0.007638688104032037
2023-09-13 19:00:00,0.0017434129258766095
2023-09-13 20:00:00,-0.001
2023-09-14 12:00:00,-0.001
2023-09-14 13:00:00,0.006326143074308506
2023-09-14 14:00:00,-0.0011191906297920375
2023-09-14 15:00:00,-0.00499155294900575
2023-09-14 16:00:00,-0.0002781601579869167
2023-09-14 17:00:00,-0.00037652675098117565
2023-09-14 18:00:00,0.00047046662009829856
2023-09-14 19:00:00,-0.0004087566958215318
2023-09-14 20:00:00,-0.001
2023-09-15 12:00:00,-0.001162322604582138
2023-09-15 13:00:00,-0.02583803213170825
2023-09-15 14:00:00,-0.006653225882261209
2023-09-15 15:00:00,-0.001918256896405728
2023-09-15 16:00:00,0.00176374273524721
2023-09-15 17:00:00,-0.004355130548509
2023-09-15 18:00:00,-0.0029703052289001765
2023-09-15 19:00:00,0.0015227971920741112
2023-09-15 20:00:00,-0.001
2023-09-18 12:00:00,-0.001
2023-09-18 13:00:00,-0.0002521329805650998
2023-09-18 14:00:00,-0.003835826476973008
2023-09-18 15:00:00,0.001734305607326243
2023-09-18 16:00:00,-0.00010113222614090893
2023-09-18 17:00:00,0.0
2023-09-18 18:00:00,0.0
2023-09-18 19:00:00,0.0
2023-09-19 13:00:00,-0.016683037882194267
2023-09-19 14:00:00,-0.004768230941070822
2023-09-19 15:00:00,0.002127816192991839
2023-09-19 16:00:00,0.0001974300963392137
2023-09-19 17:00:00,0.00252175368905176
2023-09-19 18:00:00,-0.0029585783033991776
2023-09-19 19:00:00,-0.0009541926214126575
2023-09-19 20:00:00,-0.0009243856332703185
2023-09-20 12:00:00,-0.001
2023-09-20 13:00:00,0.00499131989623275
2023-09-20 14:00:00,-0.004634045385105034
2023-09-20 15:00:00,-0.0008391190052108191
2023-09-20 16:00:00,-0.0008409100258875082
2023-09-20 17:00:00,0.0
2023-09-20 18:00:00,0.0
2023-09-20 19:00:00,-0.010882848779635034
2023-09-20 20:00:00,-0.001080291826902823
2023-09-21 12:00:00,-0.001
2023-09-21 13:00:00,-0.013307079976084536
2023-09-21 14:00:00,-0.0015205628615948365
2023-09-21 15:00:00,0.0007218606322405849
2023-09-21 16:00:00,-0.0020152945233553755
2023-09-21 17:00:00,0.002271019284321808
2023-09-21 18:00:00,-0.00329547774438148
2023-09-21 19:00:00,-0.0045858054925658745
2023-09-21 20:00:00,-0.00031367564819522104
2023-09-22 12:00:00,-0.001
2023-09-22 13:00:00,-0.0003296886859443951
2023-09-22 14:00:00,-0.0033809647874720673
2023-09-22 15:00:00,-0.0025389691438973175
2023-09-22 16:00:00,0.000586534428794878
2023-09-22 17:00:00,-0.0027649124416162176
2023-09-22 18:00:00,-0.004477535900496098
2023-09-22 19:00:00,-0.003990051160982332
2023-09-22 20:00:00,-0.0015425655600051704
2023-09-25 13:00:00,-0.004322561748110758
2023-09-25 14:00:00,-0.00517729370367122
2023-09-25 15:00:00,0.00046166203575762716
2023-09-25 16:00:00,0.0012221943966134307
2023-09-25 17:00:00,-0.00030800460515080703
2023-09-25 18:00:00,-0.001916278445674129
2023-09-25 19:00:00,0.0
2023-09-25 20:00:00,0.0
2023-09-26 12:00:00,0.0
2023-09-26 13:00:00,0.0
2023-09-26 14:00:00,-0.0073032777528170825
2023-09-26 15:00:00,-0.0028202682167090144
2023-09-26 16:00:00,-0.0024299167292783966
2023-09-26 17:00:00,-0.002996972486340537
2023-09-26 18:00:00,-0.005098395071121636
2023-09-26 19:00:00,-0.0026784236734013747
2023-09-26 20:00:00,-0.001
2023-09-27 12:00:00,-0.001
2023-09-27 13:00:00,-0.0022489508136499404
2023-09-27 14:00:00,-0.004413150825488848
2023-09-27 15:00:00,-0.004582576510238439
2023-09-27 16:00:00,-0.002601669925009164
2023-09-27 17:00:00,-0.003344540921832261
2023-09-27 18:00:00,0.0
2023-09-27 19:00:00,0.0
2023-09-27 20:00:00,0.0
2023-09-28 13:00:00,0.0
2023-09-28 14:00:00,0.0
2023-09-28 15:00:00,0.0
2023-09-28 16:00:00,0.0
2023-09-28 17:00:00,0.0
2023-09-28 18:00:00,0.0
2023-09-28 19:00:00,0.0
2023-09-28 20:00:00,0.0
2023-09-29 12:00:00,0.0
2023-09-29 13:00:00,0.0
2023-09-29 14:00:00,0.0
2023-09-29 15:00:00,0.0
2023-09-29 16:00:00,0.0
2023-09-29 17:00:00,0.0
2023-09-29 18:00:00,0.0
2023-09-29 19:00:00,0.0
2023-09-29 20:00:00,0.0
2023-10-02 13:00:00,-0.013649500152517573
2023-10-02 14:00:00,-0.00260687534728392
2023-10-02 15:00:00,-0.0028865761140899385
2023-10-02 16:00:00,-0.004059736290743347
2023-10-02 17:00:00,0.0012387392287405551
2023-10-02 18:00:00,-0.0007394754406537243
2023-10-02 19:00:00,0.001982358582611527
2023-10-02 20:00:00,-0.001
2023-10-03 13:00:00,-0.003144093198691993
2023-10-03 14:00:00,-0.006233954831098492
2023-10-03 15:00:00,-0.003061824605414553
2023-10-03 16:00:00,0.003184804271221981
2023-10-03 17:00:00,-0.0017340331053568294
2023-10-03 18:00:00,-0.0011687128757991373
2023-10-03 19:00:00,0.0008658843163981086
2023-10-03 20:00:00,-0.001
2023-10-04 12:00:00,-0.001
2023-10-04 13:00:00,0.0013967378558359285
2023-10-04 14:00:00,-0.004873723216670449
2023-10-04 15:00:00,0.006304886145504103
2023-10-04 16:00:00,-9.204482677695387e-05
2023-10-04 17:00:00,-0.004002792790795356
2023-10-04 18:00:00,0.0009127632515653747
2023-10-04 19:00:00,0.0032466990066137742
2023-10-04 20:00:00,-0.001
2023-10-05 12:00:00,-0.001
2023-10-05 13:00:00,0.0
2023-10-05 14:00:00,-0.01663264447513919
2023-10-05 15:00:00,-0.00046677203810234686
2023-10-05 16:00:00,-0.0011019300959437697
2023-10-05 17:00:00,0.003981460910968899
2023-10-05 18:00:00,0.0029302408027675596
2023-10-05 19:00:00,-0.004299205847345205
2023-10-05 20:00:00,-0.001
2023-10-06 12:00:00,-0.001
2023-10-06 13:00:00,-0.010521905010663933
2023-10-06 14:00:00,0.004267817397657903
2023-10-06 15:00:00,0.010780279650131851
2023-10-06 16:00:00,-0.002801710503945825
2023-10-06 17:00:00,0.003060155729064813
2023-10-06 18:00:00,0.0
2023-10-06 19:00:00,0.0
2023-10-06 20:00:00,0.0
2023-10-09 12:00:00,0.0
2023-10-09 13:00:00,0.0
2023-10-09 14:00:00,0.0
2023-10-09 15:00:00,0.0
2023-10-09 16:00:00,0.0
2023-10-09 17:00:00,0.0
2023-10-09 18:00:00,0.0
2023-10-09 19:00:00,0.0
2023-10-09 20:00:00,0.0
2023-10-10 13:00:00,0.0
2023-10-10 14:00:00,0.0
2023-10-10 15:00:00,0.0
2023-10-10 16:00:00,0.0
2023-10-10 17:00:00,0.0
2023-10-10 18:00:00,0.0
2023-10-10 19:00:00,0.0
2023-10-11 12:00:00,0.0
2023-10-11 13:00:00,0.0
2023-10-11 14:00:00,0.0
2023-10-11 15:00:00,0.0
2023-10-11 16:00:00,0.0
2023-10-11 17:00:00,0.0
2023-10-11 18:00:00,0.0
2023-10-11 19:00:00,0.0
2023-10-11 20:00:00,0.0
2023-10-12 12:00:00,0.0
2023-10-12 13:00:00,0.0
2023-10-12 14:00:00,-0.00913374708812505
2023-10-12 15:00:00,0.001617193795200823
2023-10-12 16:00:00,-0.0007449842947841392
2023-10-12 17:00:00,-0.011247042899123798
2023-10-12 18:00:00,-0.00036676714339054417
2023-10-12 19:00:00,0.0029451066023745203
2023-10-12 20:00:00,-0.001
2023-10-13 12:00:00,-0.001
2023-10-13 13:00:00,0.0020427733919635934
2023-10-13 14:00:00,-0.008672705393272761
2023-10-13 15:00:00,0.0004791409465928606
2023-10-13 16:00:00,0.0006118599102324272
2023-10-13 17:00:00,0.0014012446406839194
2023-10-13 18:00:00,-0.0030219408720208
2023-10-13 19:00:00,0.0006569840234737676
2023-10-16 12:00:00,-0.001
2023-10-16 13:00:00,0.008164238916554246
2023-10-16 14:00:00,0.0052573088382096966
2023-10-16 15:00:00,-0.002701399252328639
2023-10-16 16:00:00,-0.00183090486989299
2023-10-16 17:00:00,0.00032102529191133187
2023-10-16 18:00:00,-0.0010406271789133162
2023-10-16 19:00:00,-0.0008819607298974233
2023-10-17 12:00:00,-0.001
2023-10-17 13:00:00,-0.0064449808319474765
2023-10-17 14:00:00,0.005398523419092433
2023-10-17 15:00:00,0.0
2023-10-17 16:00:00,0.0
2023-10-17 17:00:00,0.0
2023-10-17 18:00:00,0.0
2023-10-17 19:00:00,0.0
2023-10-17 20:00:00,0.0
2023-10-18 12:00:00,0.0
2023-10-18 13:00:00,-0.036579069845816096
2023-10-18 14:00:00,-0.005161935640435771
2023-10-18 15:00:00,0.0006132574946130184
2023-10-18 16:00:00,-0.003184542059863409
2023-10-18 17:00:00,0.0010607085535715328
2023-10-18 18:00:00,-0.0050677428859731526
2023-10-18 19:00:00,-0.00517136612363006
2023-10-18 20:00:00,-0.001
2023-10-19 12:00:00,-0.001
2023-10-19 13:00:00,0.0015980444221418543
2023-10-19 14:00:00,-0.007075518229586579
2023-10-19 15:00:00,0.0012576071283219646
2023-10-19 16:00:00,0.001343832355761394
2023-10-19 17:00:00,-0.007061414587013525
2023-10-19 18:00:00,-0.006781007498881191
2023-10-19 19:00:00,-0.0018607353924597271
2023-10-19 20:00:00,-0.0013225220314345412
2023-10-20 13:00:00,-0.0007312274930052034
2023-10-20 14:00:00,-0.0064947462555889224
2023-10-20 15:00:00,0.0003519936911259244
2023-10-20 16:00:00,0.0006459052395728091
2023-10-20 17:00:00,-0.002231624361250916
2023-10-20 18:00:00,-0.003547577274290713
2023-10-20 19:00:00,-0.005056154356308328
2023-10-20 20:00:00,-0.001
2023-10-23 13:00:00,-0.004701842483024731
2023-10-23 14:00:00,-0.0030566569865970662
2023-10-23 15:00:00,0.0030611574779059137
2023-10-23 16:00:00,-0.002014175109549725
2023-10-23 17:00:00,-0.0024405173852539534
2023-10-23 18:00:00,-0.0012218270468230589
2023-10-23 19:00:00,-0.00750420582306831
2023-10-23 20:00:00,-0.001
2023-10-24 13:00:00,0.00873856318488734
2023-10-24 14:00:00,-0.0003830647955547819
2023-10-24 15:00:00,-0.004036863068569079
2023-10-24 16:00:00,-0.002910036778200347
2023-10-24 17:00:00,0.0011577905109007923
2023-10-24 18:00:00,0.00035872641760294004
2023-10-24 19:00:00,0.0
2023-10-24 20:00:00,0.0
2023-10-25 12:00:00,0.0
2023-10-25 13:00:00,-0.04838011451634977
2023-10-25 14:00:00,0.007969539281264159
2023-10-25 15:00:00,0.0017493073933348988
2023-10-25 16:00:00,-0.0022703194826968246
2023-10-25 17:00:00,-0.0029553140784042632
2023-10-25 18:00:00,0.000695875353239451
2023-10-25 19:00:00,-0.00016743284958215443
2023-10-25 20:00:00,-0.001
2023-10-26 12:00:00,-0.002067415730337079
2023-10-26 13:00:00,-0.010381083773469635
2023-10-26 14:00:00,0.0018314769124842321
2023-10-26 15:00:00,-0.005402449125631908
2023-10-26 16:00:00,-0.00478112902749056
2023-10-26 17:00:00,-0.0002079749819477941
2023-10-26 18:00:00,0.004807666225093083
2023-10-26 19:00:00,-0.006477068701989057
2023-10-26 20:00:00,-0.001
2023-10-27 12:00:00,-0.002313040883318406
2023-10-27 13:00:00,-0.0019255332790952086
2023-10-27 14:00:00,0.004809205149677382
2023-10-27 15:00:00,0.001019471481167945
2023-10-27 16:00:00,-0.004419886929192861
2023-10-27 17:00:00,-0.003826363002752069
2023-10-27 18:00:00,-0.0036374681120924504
2023-10-27 19:00:00,-0.0004647042073018684
2023-10-27 20:00:00,-0.0006365344806912134
2023-10-30 12:00:00,0.0
2023-10-30 13:00:00,0.0
2023-10-30 14:00:00,-0.009948500878670118
2023-10-30 15:00:00,0.0021306982197812304
2023-10-30 16:00:00,-0.0002556743968461885
2023-10-30 17:00:00,0.00538835485054926
2023-10-30 18:00:00,-0.000581419041256547
2023-10-30 19:00:00,0.00043020624414210696
2023-10-30 20:00:00,-0.001
2023-10-31 12:00:00,-0.001
2023-10-31 13:00:00,-0.0017057476681081754
2023-10-31 14:00:00,0.006395273581675155
2023-10-31 15:00:00,0.0010092185254776797
2023-10-31 16:00:00,-0.002047911469288809
2023-10-31 17:00:00,-0.0008853856250639272
2023-10-31 18:00:00,0.0
2023-10-31 19:00:00,0.0
2023-10-31 20:00:00,0.0
2023-11-01 12:00:00,0.0
2023-11-01 13:00:00,0.0
2023-11-01 14:00:00,0.0
2023-11-01 15:00:00,0.0
2023-11-01 16:00:00,0.0
2023-11-01 17:00:00,0.0
2023-11-01 18:00:00,0.0
2023-11-01 19:00:00,0.0
2023-11-01 20:00:00,0.0
2023-11-02 12:00:00,0.0
2023-11-02 13:00:00,0.0
2023-11-02 14:00:00,0.0
2023-11-02 15:00:00,0.0
2023-11-02 16:00:00,0.0
2023-11-02 17:00:00,0.0
2023-11-02 18:00:00,0.0
2023-11-02 19:00:00,0.0
2023-11-02 20:00:00,0.0
2023-11-03 12:00:00,0.0
2023-11-03 13:00:00,0.0
2023-11-03 14:00:00,0.0
2023-11-03 15:00:00,0.0
2023-11-03 16:00:00,0.0
2023-11-03 17:00:00,0.0
2023-11-03 18:00:00,0.0
2023-11-03 19:00:00,0.0
2023-11-03 20:00:00,0.0
2023-11-06 14:00:00,0.0
2023-11-06 15:00:00,0.0
2023-11-06 16:00:00,0.0
2023-11-06 17:00:00,0.0
2023-11-06 18:00:00,0.0
2023-11-06 19:00:00,0.0
2023-11-06 20:00:00,0.0
2023-11-07 13:00:00,0.0
2023-11-07 14:00:00,0.0
2023-11-07 15:00:00,0.0
2023-11-07 16:00:00,0.0
2023-11-07 17:00:00,0.0
2023-11-07 18:00:00,0.0
2023-11-07 19:00:00,0.0
2023-11-07 20:00:00,0.0
2023-11-07 21:00:00,0.0
2023-11-08 13:00:00,0.0
2023-11-08 14:00:00,0.0
2023-11-08 15:00:00,0.0
2023-11-08 16:00:00,0.0
2023-11-08 17:00:00,-0.004482204452353859
2023-11-08 18:00:00,-0.0012841985159030558
2023-11-08 19:00:00,-0.0001174454003863226
2023-11-08 20:00:00,0.0013285242748319222
2023-11-08 21:00:00,-0.0010298864315600779
2023-11-09 13:00:00,-0.001
2023-11-09 14:00:00,-0.0020277246562702238
2023-11-09 15:00:00,-0.0010450974716423747
2023-11-09 16:00:00,-0.0037308241506375343
2023-11-09 17:00:00,0.0006536615215039351
2023-11-09 18:00:00,-0.00655541509896198
2023-11-09 19:00:00,-0.003079902697667757
2023-11-09 20:00:00,-0.0023454358883791483
2023-11-09 21:00:00,-0.0172668528157305
2023-11-10 13:00:00,-0.001
2023-11-10 14:00:00,0.005167177404274521
2023-11-10 15:00:00,-0.003267379863294039
2023-11-10 16:00:00,0.0008505347736191002
2023-11-10 17:00:00,0.005919826791702577
2023-11-10 18:00:00,0.002466135307117535
2023-11-10 19:00:00,-0.00034848522316509507
2023-11-10 20:00:00,0.00034763042729539875
2023-11-10 21:00:00,-0.001
2023-11-13 14:00:00,-0.003943843180468219
2023-11-13 15:00:00,0.000894221388511752
2023-11-13 16:00:00,0.003220433996323253
2023-11-13 17:00:00,0.0
2023-11-13 18:00:00,0.0
2023-11-13 19:00:00,0.0
2023-11-13 20:00:00,0.0
2023-11-13 21:00:00,0.0
2023-11-14 13:00:00,0.0
2023-11-14 14:00:00,0.0
2023-11-14 15:00:00,0.0
2023-11-14 16:00:00,0.0
2023-11-14 17:00:00,0.0
2023-11-14 18:00:00,0.0
2023-11-14 19:00:00,0.0
2023-11-14 20:00:00,0.0
2023-11-14 21:00:00,0.0
2023-11-15 13:00:00,0.0
2023-11-15 14:00:00,0.0
2023-11-15 15:00:00,0.0
2023-11-15 16:00:00,0.0
2023-11-15 17:00:00,0.0
2023-11-15 18:00:00,0.0
2023-11-15 19:00:00,0.0
2023-11-15 20:00:00,0.0
2023-11-15 21:00:00,0.0
2023-11-16 13:00:00,0.0
2023-11-16 14:00:00,0.0
2023-11-16 15:00:00,0.0
2023-11-16 16:00:00,0.0
2023-11-16 17:00:00,0.0
2023-11-16 18:00:00,0.0
2023-11-16 19:00:00,0.0
2023-11-16 20:00:00,0.0
2023-11-16 21:00:00,0.0
2023-11-17 14:00:00,0.0
2023-11-17 15:00:00,0.0
2023-11-17 16:00:00,0.0
2023-11-17 17:00:00,0.0
2023-11-17 18:00:00,0.0
2023-11-17 19:00:00,0.0
2023-11-17 20:00:00,0.0
2023-11-17 21:00:00,0.0
2023-11-20 14:00:00,0.0
2023-11-20 15:00:00,0.0
2023-11-20 16:00:00,0.0
2023-11-20 17:00:00,0.0
2023-11-20 18:00:00,0.0
2023-11-20 19:00:00,0.0
2023-11-20 20:00:00,0.0
2023-11-20 21:00:00,0.0
2023-11-21 13:00:00,0.0
2023-11-21 14:00:00,0.0
2023-11-21 15:00:00,0.0
2023-11-21 16:00:00,0.0
2023-11-21 17:00:00,0.0
2023-11-21 18:00:00,0.0
2023-11-21 19:00:00,0.0
2023-11-21 20:00:00,0.0
2023-11-21 21:00:00,0.0
2023-11-22 13:00:00,0.0
2023-11-22 14:00:00,0.0
2023-11-22 15:00:00,0.0
2023-11-22 16:00:00,0.0
2023-11-22 17:00:00,0.0
2023-11-22 18:00:00,0.0
2023-11-22 19:00:00,0.0
2023-11-22 20:00:00,0.0
2023-11-22 21:00:00,0.0
2023-11-24 13:00:00,0.0
2023-11-24 14:00:00,0.0
2023-11-24 15:00:00,0.0
2023-11-24 16:00:00,0.0
2023-11-24 17:00:00,0.0
2023-11-24 18:00:00,0.0
2023-11-27 13:00:00,0.0
2023-11-27 14:00:00,-0.01687985063857848
2023-11-27 15:00:00,0.004349362299332644
2023-11-27 16:00:00,-0.0014954441102716866
2023-11-27 17:00:00,-0.0016076795846095052
2023-11-27 18:00:00,-0.0006422745015765332
2023-11-27 19:00:00,-0.002036079872390072
2023-11-27 20:00:00,-0.00034352922231759475
2023-11-27 21:00:00,-0.0009935329496216774
2023-11-28 13:00:00,-0.001
2023-11-28 14:00:00,-0.0055139299431529835
2023-11-28 15:00:00,0.004700990246787846
2023-11-28 16:00:00,0.0007582654885332561
2023-11-28 17:00:00,-0.005782556818087635
2023-11-28 18:00:00,-0.004688707539530662
2023-11-28 19:00:00,-0.00037998475324397727
2023-11-28 20:00:00,-0.0020879335907474862
2023-11-28 21:00:00,-0.001
2023-11-29 13:00:00,-0.001
2023-11-29 14:00:00,0.006727107865107186
2023-11-29 15:00:00,-0.0027607678037871557
2023-11-29 16:00:00,-0.002582230721887329
2023-11-29 17:00:00,-0.0003083595756037385
2023-11-29 18:00:00,-0.001456029812872316
2023-11-29 19:00:00,-0.0036372671106061063
2023-11-29 20:00:00,-0.0021747143990936794
2023-11-29 21:00:00,-0.001
2023-11-30 13:00:00,0.0
2023-11-30 14:00:00,-0.00885162916764785
2023-11-30 15:00:00,0.0016480748443052592
2023-11-30 16:00:00,-0.0015558914917970504
2023-11-30 17:00:00,-0.0020097811933689584
2023-11-30 18:00:00,-0.0005260781886099677
2023-11-30 19:00:00,0.0011809459102988203
2023-11-30 20:00:00,0.0016117525893504466
2023-11-30 21:00:00,-0.001
2023-12-01 14:00:00,5.041922162590893e-05
2023-12-01 15:00:00,0.0023082851823852286
2023-12-01 16:00:00,0.003708283225307008
2023-12-01 17:00:00,0.0014370481999713258
2023-12-01 18:00:00,-0.0015463463444400352
2023-12-01 19:00:00,0.0
2023-12-01 20:00:00,0.0
2023-12-01 21:00:00,0.0
2023-12-04 14:00:00,-0.023147333028620647
2023-12-04 15:00:00,-0.0064825838553740954
2023-12-04 16:00:00,0.00609026632353521
2023-12-04 17:00:00,0.0006229612087308108
2023-12-04 18:00:00,-0.005109348267667662
2023-12-04 19:00:00,-0.000378612480880213
2023-12-04 20:00:00,0.001963847669685188
2023-12-05 14:00:00,-0.0021421966776072935
2023-12-05 15:00:00,0.002166636049793098
2023-12-05 16:00:00,-0.005246833953879115
2023-12-05 17:00:00,0.00040161811748163994
2023-12-05 18:00:00,0.0008822466527149361
2023-12-05 19:00:00,0.0019197208877767833
2023-12-05 20:00:00,0.0
2023-12-05 21:00:00,0.0
2023-12-06 14:00:00,0.0
2023-12-06 15:00:00,-0.009494831017204126
2023-12-06 16:00:00,-0.003845550013788234
2023-12-06 17:00:00,-0.0008160323334138733
2023-12-06 18:00:00,0.0021570472612520105
2023-12-06 19:00:00,-0.0018760263162254478
2023-12-06 20:00:00,-0.0018802383636622503
2023-12-06 21:00:00,-0.001
2023-12-07 13:00:00,-0.001
2023-12-07 14:00:00,0.0021732725266037653
2023-12-07 15:00:00,-0.0046984106473208324
2023-12-07 16:00:00,-0.002655443454502098
2023-12-07 17:00:00,-0.00286675322634694
2023-12-07 18:00:00,-0.000630505583276563
2023-12-07 19:00:00,0.0
2023-12-07 20:00:00,0.0
2023-12-07 21:00:00,0.0
2023-12-08 13:00:00,0.0
2023-12-08 14:00:00,0.0
2023-12-08 15:00:00,0.0
2023-12-08 16:00:00,0.0
2023-12-08 17:00:00,0.0
2023-12-08 18:00:00,0.0
2023-12-08 19:00:00,0.0
2023-12-08 20:00:00,0.0
2023-12-08 21:00:00,0.0
2023-12-11 13:00:00,0.0
2023-12-11 14:00:00,0.0
2023-12-11 15:00:00,0.0
2023-12-11 16:00:00,0.0
2023-12-11 17:00:00,0.0
2023-12-11 18:00:00,0.0
2023-12-11 19:00:00,0.0
2023-12-11 20:00:00,0.0
2023-12-11 21:00:00,0.0
2023-12-12 13:00:00,0.0
2023-12-12 14:00:00,0.0
2023-12-12 15:00:00,0.0
2023-12-12 16:00:00,0.0
2023-12-12 17:00:00,0.0
2023-12-12 18:00:00,0.0
2023-12-12 19:00:00,0.0
2023-12-12 20:00:00,0.0
2023-12-12 21:00:00,0.0
2023-12-13 13:00:00,0.0
2023-12-13 14:00:00,0.0
2023-12-13 15:00:00,0.0
2023-12-13 16:00:00,0.0
2023-12-13 17:00:00,0.0
2023-12-13 18:00:00,0.0
2023-12-13 19:00:00,0.0
2023-12-13 20:00:00,0.0
2023-12-13 21:00:00,0.0
2023-12-14 13:00:00,0.0
2023-12-14 14:00:00,0.0
2023-12-14 15:00:00,0.0
2023-12-14 16:00:00,0.0
2023-12-14 17:00:00,0.0
2023-12-14 18:00:00,0.0
2023-12-14 19:00:00,0.0
2023-12-14 20:00:00,0.0
2023-12-14 21:00:00,0.0
2023-12-15 13:00:00,0.0
2023-12-15 14:00:00,-0.018356432442942855
2023-12-15 15:00:00,-0.0006293976640356127
2023-12-15 16:00:00,-0.0022773534100800842
2023-12-15 17:00:00,-0.00011106691263402157
2023-12-15 18:00:00,-0.0027568061955197667
2023-12-15 19:00:00,-0.0017890930707871002
2023-12-15 20:00:00,0.0019753703654290587
2023-12-15 21:00:00,-0.001
2023-12-18 14:00:00,0.003958045126569788
2023-12-18 15:00:00,-0.001167296235997444
2023-12-18 16:00:00,-0.000733608158517878
2023-12-18 17:00:00,-0.0005262963542477064
2023-12-18 18:00:00,-0.0017816026860311188
2023-12-18 19:00:00,0.0
2023-12-18 20:00:00,0.0
2023-12-18 21:00:00,0.0
2023-12-19 14:00:00,0.0
2023-12-19 15:00:00,0.0
2023-12-19 16:00:00,0.0
2023-12-19 17:00:00,0.0
2023-12-19 18:00:00,0.0
2023-12-19 19:00:00,0.0
2023-12-19 20:00:00,0.0
2023-12-19 21:00:00,0.0
2023-12-20 13:00:00,0.0
2023-12-20 14:00:00,0.0
2023-12-20 15:00:00,0.0
2023-12-20 16:00:00,0.0
2023-12-20 17:00:00,0.0
2023-12-20 18:00:00,0.0
2023-12-20 19:00:00,-0.011836253031951766
2023-12-20 20:00:00,-0.00779196638825344
2023-12-20 21:00:00,-0.00105201898693023
2023-12-21 14:00:00,0.014730610638121738
2023-12-21 15:00:00,-0.0021653871586838837
2023-12-21 16:00:00,-0.0003948112590542776
2023-12-21 17:00:00,-0.003041376203992523
2023-12-21 18:00:00,0.0010981611483867068
2023-12-21 19:00:00,-0.0010334234364742336
2023-12-21 20:00:00,0.004561840521878025
2023-12-21 21:00:00,-0.001
2023-12-22 13:00:00,-0.001
2023-12-22 14:00:00,0.000673449731296045
2023-12-22 15:00:00,0.0
2023-12-22 16:00:00,0.0
2023-12-22 17:00:00,0.0
2023-12-22 18:00:00,0.0
2023-12-22 19:00:00,0.0
2023-12-22 20:00:00,0.0
2023-12-22 21:00:00,0.0
2023-12-26 14:00:00,0.0
2023-12-26 15:00:00,0.0
2023-12-26 16:00:00,0.0
2023-12-26 17:00:00,0.0
2023-12-26 18:00:00,0.0
2023-12-26 19:00:00,0.0
2023-12-26 20:00:00,0.0
2023-12-26 21:00:00,0.0
2023-12-27 14:00:00,0.0
2023-12-27 15:00:00,0.0
2023-12-27 16:00:00,0.0
2023-12-27 17:00:00,0.0
2023-12-27 18:00:00,0.0
2023-12-27 19:00:00,0.0
2023-12-27 20:00:00,0.0
2023-12-27 21:00:00,0.0
2023-12-28 13:00:00,0.0
2023-12-28 14:00:00,0.0
2023-12-28 15:00:00,0.0
2023-12-28 16:00:00,0.0
2023-12-28 17:00:00,0.0
2023-12-28 18:00:00,0.0
2023-12-28 19:00:00,0.0
2023-12-28 20:00:00,0.0
2023-12-28 21:00:00,0.0
2023-12-29 14:00:00,0.0
2023-12-29 15:00:00,-0.008138840965473848
2023-12-29 16:00:00,-0.0023144066587614687
2023-12-29 17:00:00,-0.00045782489235645567
2023-12-29 18:00:00,0.00013678834159068878
2023-12-29 19:00:00,-0.0004764816533064755
2023-12-29 20:00:00,-0.0016220963196604424
2023-12-29 21:00:00,-0.001
2024-01-02 13:00:00,-0.001
2024-01-02 14:00:00,-0.0032845814019258224
2024-01-02 15:00:00,-0.0031251558794811664
2024-01-02 16:00:00,0.002861270756902374
2024-01-02 17:00:00,-0.0013852793416075807
2024-01-02 18:00:00,-0.0025319307616182276
2024-01-02 19:00:00,-0.005820814779704174
2024-01-02 20:00:00,0.0028010448209923496
2024-01-03 13:00:00,-0.001
2024-01-03 14:00:00,-0.014326667420231923
2024-01-03 15:00:00,-0.006344136657731607
2024-01-03 16:00:00,-0.0004318487962009834
2024-01-03 17:00:00,0.00041426925741612866
2024-01-03 18:00:00,3.963917337356871e-05
2024-01-03 19:00:00,-0.0009469321899060126
2024-01-03 20:00:00,-0.004775327249113358
2024-01-03 21:00:00,-0.001
2024-01-04 13:00:00,-0.001
2024-01-04 14:00:00,-0.00021598592422667395
2024-01-04 15:00:00,-0.004220787144806875
2024-01-04 16:00:00,-0.002999822430041609
2024-01-04 17:00:00,0.0019178581615044996
2024-01-04 18:00:00,-0.0008803815706010234
2024-01-04 19:00:00,-0.002237811099263031
2024-01-04 20:00:00,-0.003055197870698716
2024-01-04 21:00:00,-0.001
2024-01-05 13:00:00,-0.001
2024-01-05 14:00:00,0.0032774277208431303
2024-01-05 15:00:00,0.0035833187703408105
2024-01-05 16:00:00,-0.005925536208701714
2024-01-05 17:00:00,-0.005275020139793639
2024-01-05 18:00:00,0.0015260934804798574
2024-01-05 19:00:00,-0.004584618327367156
2024-01-05 20:00:00,0.002402655983626807
2024-01-05 21:00:00,-0.001
2024-01-08 13:00:00,-0.001
2024-01-08 14:00:00,-0.004128753828431713
2024-01-08 15:00:00,0.0017826083507650535
2024-01-08 16:00:00,-0.00022802365749641142
2024-01-08 17:00:00,-0.0006545895295081752
2024-01-08 18:00:00,-0.0008605341067738517
2024-01-08 19:00:00,0.0027419069899779613
2024-01-08 20:00:00,0.0016838980245438406
2024-01-08 21:00:00,-0.001
2024-01-09 13:00:00,-0.001
2024-01-09 14:00:00,0.0
2024-01-09 15:00:00,0.0
2024-01-09 16:00:00,0.0
2024-01-09 17:00:00,0.0
2024-01-09 18:00:00,0.0
2024-01-09 19:00:00,0.0
2024-01-09 20:00:00,0.0
2024-01-09 21:00:00,0.0
2024-01-10 13:00:00,0.0
2024-01-10 14:00:00,0.0
2024-01-10 15:00:00,-0.006479899688414813
2024-01-10 16:00:00,0.00019597709658146305
2024-01-10 17:00:00,0.0008240368828528973
2024-01-10 18:00:00,-0.0018616342843172698
2024-01-10 19:00:00,0.0013073070065708521
2024-01-10 20:00:00,-0.000919745840744012
2024-01-10 21:00:00,-0.001
2024-01-11 13:00:00,-0.001
2024-01-11 14:00:00,-0.006977642817585787
2024-01-11 15:00:00,-0.006869225724143307
2024-01-11 16:00:00,-0.0011462143166654773
2024-01-11 17:00:00,0.00294376298436005
2024-01-11 18:00:00,0.001404384155080319
2024-01-11 19:00:00,0.0
2024-01-11 20:00:00,-0.007532936569830466
2024-01-11 21:00:00,-0.001
2024-01-12 13:00:00,-0.001
2024-01-12 14:00:00,0.006642389626961876
2024-01-12 15:00:00,-0.004314289152698053
2024-01-12 16:00:00,0.0021357107790147163
2024-01-12 17:00:00,5.0369419521690585e-05
2024-01-12 18:00:00,-0.0004184718234513376
2024-01-12 19:00:00,-0.0028575791927364803
2024-01-12 20:00:00,1.0546950100033103e-05
2024-01-12 21:00:00,-0.001
2024-01-16 13:00:00,-0.0007145432692307709
2024-01-16 14:00:00,-0.005164759280939745
2024-01-16 15:00:00,-0.002308013234657235
2024-01-16 16:00:00,-0.0026890118653500874
2024-01-16 17:00:00,-0.003982420243748463
2024-01-16 18:00:00,-0.0001307928815467254
2024-01-16 19:00:00,0.0006868325147446517
2024-01-16 20:00:00,0.0019291595560775596
2024-01-16 21:00:00,-0.001
2024-01-17 13:00:00,-0.001
2024-01-17 14:00:00,-0.01051880712943035
2024-01-17 15:00:00,-0.0013596286792041438
2024-01-17 16:00:00,0.0007505569129031117
2024-01-17 17:00:00,-0.0024768366867078443
2024-01-17 18:00:00,-0.0032144947283680326
2024-01-17 19:00:00,-0.0006048399683387209
2024-01-17 20:00:00,0.002338853263444641
2024-01-17 21:00:00,-0.001
2024-01-18 13:00:00,-0.001
2024-01-18 14:00:00,-0.0030857772859462997
2024-01-18 15:00:00,-0.0037397653978712133
2024-01-18 16:00:00,-0.001309805378246969
2024-01-18 17:00:00,-0.0028256817510980796
2024-01-18 18:00:00,0.0013721284947108624
2024-01-18 19:00:00,-0.00025743967280646347
2024-01-18 20:00:00,0.0007933404465464264
2024-01-18 21:00:00,-0.001
2024-01-19 14:00:00,0.0016504733223017885
2024-01-19 15:00:00,0.0
2024-01-19 16:00:00,0.0
2024-01-19 17:00:00,0.0
2024-01-19 18:00:00,0.0
2024-01-19 19:00:00,0.0
2024-01-19 20:00:00,0.0
2024-01-19 21:00:00,0.0
2024-01-22 13:00:00,0.0
2024-01-22 14:00:00,0.0
2024-01-22 15:00:00,0.0
2024-01-22 16:00:00,0.0
2024-01-22 17:00:00,0.0
2024-01-22 18:00:00,0.0
2024-01-22 19:00:00,0.0
2024-01-22 20:00:00,0.0
2024-01-22 21:00:00,0.0
2024-01-23 14:00:00,0.0
2024-01-23 15:00:00,0.0
2024-01-23 16:00:00,0.0
2024-01-23 17:00:00,0.0
2024-01-23 18:00:00,0.0
2024-01-23 19:00:00,0.0
2024-01-23 20:00:00,0.0
2024-01-23 21:00:00,0.0
2024-01-24 13:00:00,0.0
2024-01-24 14:00:00,0.0
2024-01-24 15:00:00,0.0
2024-01-24 16:00:00,0.0
2024-01-24 17:00:00,0.0
2024-01-24 18:00:00,0.0
2024-01-24 19:00:00,0.0
2024-01-24 20:00:00,-0.005751918963429025
2024-01-24 21:00:00,-0.001
2024-01-25 13:00:00,-0.001
2024-01-25 14:00:00,0.00680457131876201
2024-01-25 15:00:00,-0.004711539990303276
2024-01-25 16:00:00,0.0013630013136549167
2024-01-25 17:00:00,-0.0005786098714540935
2024-01-25 18:00:00,0.0009700668924375552
2024-01-25 19:00:00,-0.001134665846951032
2024-01-25 20:00:00,0.00284976990696993
2024-01-25 21:00:00,-0.001
2024-01-26 13:00:00,-0.001
2024-01-26 14:00:00,0.0015269817220802903
2024-01-26 15:00:00,0.0
2024-01-26 16:00:00,0.0
2024-01-26 17:00:00,0.0
2024-01-26 18:00:00,0.0
2024-01-26 19:00:00,0.0
2024-01-26 20:00:00,0.0
2024-01-26 21:00:00,0.0
2024-01-29 13:00:00,0.0
2024-01-29 14:00:00,0.0
2024-01-29 15:00:00,0.0
2024-01-29 16:00:00,0.0
2024-01-29 17:00:00,0.0
2024-01-29 18:00:00,0.0
2024-01-29 19:00:00,0.0
2024-01-29 20:00:00,0.0
2024-01-29 21:00:00,0.0
2024-01-30 13:00:00,0.0
2024-01-30 14:00:00,0.0
2024-01-30 15:00:00,0.0
2024-01-30 16:00:00,0.0
2024-01-30 17:00:00,0.0
2024-01-30 18:00:00,0.0
2024-01-30 19:00:00,0.0
2024-01-30 20:00:00,0.0
2024-01-30 21:00:00,0.0
2024-01-31 13:00:00,0.0
2024-01-31 14:00:00,-0.03451732271365394
2024-01-31 15:00:00,-0.0007528343976001764
2024-01-31 16:00:00,-0.002441368832931017
2024-01-31 17:00:00,-0.00042017756035160245
2024-01-31 18:00:00,-4.721429689848373e-05
2024-01-31 19:00:00,-0.002836170080502908
2024-01-31 20:00:00,-0.010762967313101533
2024-01-31 21:00:00,-0.001
2024-02-01 13:00:00,-0.001
2024-02-01 14:00:00,-0.0019320458950120014
2024-02-01 15:00:00,-0.005349016765187047
2024-02-01 16:00:00,0.003092150082777873
2024-02-01 17:00:00,0.004087952254162998
2024-02-01 18:00:00,0.0
2024-02-01 19:00:00,0.0
2024-02-01 20:00:00,0.0
2024-02-01 21:00:00,0.0
2024-02-02 13:00:00,0.0
2024-02-02 14:00:00,-0.02972199208335753
2024-02-02 15:00:00,0.0013299436383559802
2024-02-02 16:00:00,3.843862919393286e-05
2024-02-02 17:00:00,-0.0009318393755449285
2024-02-02 18:00:00,0.0016348429096539282
2024-02-02 19:00:00,0.0030694185113348494
2024-02-02 20:00:00,-0.002747941995841462
2024-02-02 21:00:00,-0.001
2024-02-05 13:00:00,-0.001
2024-02-05 14:00:00,-0.012519470017222357
2024-02-05 15:00:00,-0.004604165021767564
2024-02-05 16:00:00,0.0012647500153450683
2024-02-05 17:00:00,0.001443456118934728
2024-02-05 18:00:00,-0.0042901031746181975
2024-02-05 19:00:00,-0.0004854971234893082
2024-02-05 20:00:00,-0.002898491803579144
2024-02-05 21:00:00,0.00020541064053263372
2024-02-06 13:00:00,-0.0005987158908507308
2024-02-06 14:00:00,0.002501655489623079
2024-02-06 15:00:00,0.0016008529454772224
2024-02-06 16:00:00,-0.001040363825582568
2024-02-06 17:00:00,0.0025341362543692355
2024-02-06 18:00:00,0.0013921790271298425
2024-02-06 19:00:00,-0.001880751020174353
2024-02-06 20:00:00,-0.0018064563761468024
2024-02-06 21:00:00,-0.001
2024-02-07 13:00:00,0.0
2024-02-07 14:00:00,0.0
2024-02-07 15:00:00,0.0
2024-02-07 16:00:00,0.0
2024-02-07 17:00:00,0.0
2024-02-07 18:00:00,0.0
2024-02-07 19:00:00,0.0
2024-02-07 20:00:00,0.0
2024-02-07 21:00:00,0.0
2024-02-08 13:00:00,0.0
2024-02-08 14:00:00,-0.04082745803937736
2024-02-08 15:00:00,-0.003503199168172382
2024-02-08 16:00:00,-0.0023084445462605067
2024-02-08 17:00:00,-0.0033345408864707098
2024-02-08 18:00:00,-0.0010358559221477206
2024-02-08 19:00:00,-0.00027542564602478416
2024-02-08 20:00:00,-0.0022903256297302824
2024-02-08 21:00:00,-0.0014293381037567047
2024-02-09 14:00:00,0.00442697112273251
2024-02-09 15:00:00,-0.0019972544426773587
2024-02-09 16:00:00,-0.0023326742582586483
2024-02-09 17:00:00,-0.0008706988370517524
2024-02-09 18:00:00,0.00012355122937041758
2024-02-09 19:00:00,0.0
2024-02-09 20:00:00,0.0
2024-02-12 14:00:00,0.0
2024-02-12 15:00:00,0.0
2024-02-12 16:00:00,0.0
2024-02-12 17:00:00,0.0
2024-02-12 18:00:00,0.0
2024-02-12 19:00:00,0.0
2024-02-12 20:00:00,0.0
2024-02-12 21:00:00,0.0
2024-02-13 13:00:00,0.0
2024-02-13 14:00:00,-0.032810595319581276
2024-02-13 15:00:00,0.00028623956031169156
2024-02-13 16:00:00,0.003420484940660235
2024-02-13 17:00:00,-0.002688744651217522
2024-02-13 18:00:00,-0.0040215499531596685
2024-02-13 19:00:00,-0.006863707008845681
2024-02-13 20:00:00,0.0060774132060832054
2024-02-13 21:00:00,-0.001
2024-02-14 13:00:00,-0.001
2024-02-14 14:00:00,-0.00037630881702439465
2024-02-14 15:00:00,0.0006584328546596027
2024-02-14 16:00:00,-0.00018596377166105096
2024-02-14 17:00:00,0.0014422620340254996
2024-02-14 18:00:00,0.0
2024-02-14 19:00:00,0.0
2024-02-14 20:00:00,0.0
2024-02-14 21:00:00,0.0
2024-02-15 13:00:00,0.0
2024-02-15 14:00:00,0.0
2024-02-15 15:00:00,0.0
2024-02-15 16:00:00,0.0
2024-02-15 17:00:00,0.0
2024-02-15 18:00:00,0.0
2024-02-15 19:00:00,0.0
2024-02-15 20:00:00,0.0
2024-02-15 21:00:00,0.0
2024-02-16 13:00:00,0.0
2024-02-16 14:00:00,0.0
2024-02-16 15:00:00,0.0
2024-02-16 16:00:00,0.0
2024-02-16 17:00:00,0.0
2024-02-16 18:00:00,0.0
2024-02-16 19:00:00,0.0
2024-02-16 20:00:00,0.0
2024-02-16 21:00:00,0.0
2024-02-20 13:00:00,0.0
2024-02-20 14:00:00,-0.030991252931538694
2024-02-20 15:00:00,0.0005541210948875172
2024-02-20 16:00:00,-0.004704604880473294
2024-02-20 17:00:00,0.00026036555006422966
2024-02-20 18:00:00,0.0004412093942813343
2024-02-20 19:00:00,0.00040941329491339185
2024-02-20 20:00:00,-0.00043128067248481754
2024-02-20 21:00:00,-0.001
2024-02-21 14:00:00,-0.014431515819294
2024-02-21 15:00:00,0.0016266928430359938
2024-02-21 16:00:00,-0.0027195143280639815
2024-02-21 17:00:00,-0.002584759694537702
2024-02-21 18:00:00,-0.002510426136206222
2024-02-21 19:00:00,0.0
2024-02-21 20:00:00,0.0
2024-02-21 21:00:00,0.0
2024-02-22 13:00:00,0.0
2024-02-22 14:00:00,0.0
2024-02-22 15:00:00,0.0
2024-02-22 16:00:00,0.0
2024-02-22 17:00:00,0.0
2024-02-22 18:00:00,0.0
2024-02-22 19:00:00,0.0
2024-02-22 20:00:00,0.0
2024-02-22 21:00:00,0.0
2024-02-23 13:00:00,0.0
2024-02-23 14:00:00,0.0
2024-02-23 15:00:00,0.0
2024-02-23 16:00:00,0.0
2024-02-23 17:00:00,0.0
2024-02-23 18:00:00,0.0
2024-02-23 19:00:00,0.0
2024-02-23 20:00:00,0.0
2024-02-23 21:00:00,0.0
2024-02-26 13:00:00,0.0
2024-02-26 14:00:00,0.0
2024-02-26 15:00:00,-0.00839643231067707
2024-02-26 16:00:00,-0.0016242487745675707
2024-02-26 17:00:00,-0.001272350527178461
2024-02-26 18:00:00,-0.004657908120439334
2024-02-26 19:00:00,-0.000231218927659659
2024-02-26 20:00:00,-0.0018154335424422732
2024-02-27 13:00:00,-0.001
2024-02-27 14:00:00,0.004728895928152089
2024-02-27 15:00:00,0.0003250589635440512
2024-02-27 16:00:00,0.0002572640814580815
2024-02-27 17:00:00,-0.00019446084378982233
2024-02-27 18:00:00,-0.0005250041248274542
2024-02-27 19:00:00,-0.002258594113087347
2024-02-27 20:00:00,0.0
2024-02-27 21:00:00,0.0
2024-02-28 13:00:00,0.0
2024-02-28 14:00:00,0.0
2024-02-28 15:00:00,0.0
2024-02-28 16:00:00,0.0
2024-02-28 17:00:00,0.0
2024-02-28 18:00:00,0.0
2024-02-28 19:00:00,0.0
2024-02-28 20:00:00,0.0
2024-02-28 21:00:00,0.0
2024-02-29 13:00:00,0.0
2024-02-29 14:00:00,0.0
2024-02-29 15:00:00,0.0
2024-02-29 16:00:00,0.0
2024-02-29 17:00:00,0.0
2024-02-29 18:00:00,0.0
2024-02-29 19:00:00,0.0
2024-02-29 20:00:00,0.0
2024-02-29 21:00:00,0.0
2024-03-01 13:00:00,0.0
2024-03-01 14:00:00,-0.025122713849473965
2024-03-01 15:00:00,0.006539331408144584
2024-03-01 16:00:00,-0.003856687659239976
2024-03-01 17:00:00,0.003915446015243447
2024-03-01 18:00:00,-0.0011635389593922121
2024-03-01 19:00:00,0.00043921593317842816
2024-03-01 20:00:00,-0.0005450495277962922
2024-03-01 21:00:00,-0.001
2024-03-04 13:00:00,-0.001
2024-03-04 14:00:00,-0.0001463812724231342
2024-03-04 15:00:00,0.0013146801753330002
2024-03-04 16:00:00,0.00023585879122198878
2024-03-04 17:00:00,-0.0013842096216937429
2024-03-04 18:00:00,-0.002366273615479674
2024-03-04 19:00:00,0.0028650880683852194
2024-03-04 20:00:00,-0.00173849500879688
2024-03-05 13:00:00,-0.001
2024-03-05 14:00:00,-0.008244310874750471
2024-03-05 15:00:00,-0.0011621300100577317
2024-03-05 16:00:00,-0.0011631045701095569
2024-03-05 17:00:00,0.0014431422920880852
2024-03-05 18:00:00,-0.003179074246829754
2024-03-05 19:00:00,-0.0037897911772096105
2024-03-05 20:00:00,0.0010533296324365736
2024-03-05 21:00:00,-0.001
2024-03-06 13:00:00,-0.001
2024-03-06 14:00:00,0.0
2024-03-06 15:00:00,0.0
2024-03-06 16:00:00,0.0
2024-03-06 17:00:00,0.0
2024-03-06 18:00:00,0.0
2024-03-06 19:00:00,0.0
2024-03-06 20:00:00,0.0
2024-03-06 21:00:00,0.0
2024-03-07 13:00:00,0.0
2024-03-07 14:00:00,0.0
2024-03-07 15:00:00,0.0
2024-03-07 16:00:00,0.0
2024-03-07 17:00:00,0.0
2024-03-07 18:00:00,0.0
2024-03-07 19:00:00,0.0
2024-03-07 20:00:00,0.0
2024-03-07 21:00:00,0.0
2024-03-08 13:00:00,0.0
2024-03-08 14:00:00,0.0
2024-03-08 15:00:00,0.0
2024-03-08 16:00:00,0.0
2024-03-08 17:00:00,0.0
2024-03-08 18:00:00,0.0
2024-03-08 19:00:00,0.0
2024-03-08 20:00:00,0.0
2024-03-08 21:00:00,0.0
2024-03-11 12:00:00,0.0
2024-03-11 13:00:00,-0.03813945651842442
2024-03-11 14:00:00,0.007426013396139792
2024-03-11 15:00:00,-0.00411936929643275
2024-03-11 16:00:00,0.0007684827979674133
2024-03-11 17:00:00,-0.0031419012220723457
2024-03-11 18:00:00,0.0007278938814004108
2024-03-11 19:00:00,-0.0010913629921745819
2024-03-12 12:00:00,-0.00029701673049788906
2024-03-12 13:00:00,0.0051086743654203464
2024-03-12 14:00:00,0.005880410621182842
2024-03-12 15:00:00,0.0001941372896702774
2024-03-12 16:00:00,-0.004117941639210697
2024-03-12 17:00:00,0.0012809431214533939
2024-03-12 18:00:00,0.0
2024-03-12 19:00:00,0.0
2024-03-12 20:00:00,0.0
2024-03-13 12:00:00,0.0
2024-03-13 13:00:00,0.0
2024-03-13 14:00:00,0.0
2024-03-13 15:00:00,0.0
2024-03-13 16:00:00,0.0
2024-03-13 17:00:00,0.0
2024-03-13 18:00:00,0.0
2024-03-13 19:00:00,0.0
2024-03-13 20:00:00,0.0
2024-03-14 12:00:00,0.0
2024-03-14 13:00:00,-0.018943026807975057
2024-03-14 14:00:00,-0.0025895060719904432
2024-03-14 15:00:00,-0.0005991383807484643
2024-03-14 16:00:00,-0.00596864344317709
2024-03-14 17:00:00,-0.0010774712787999566
2024-03-14 18:00:00,-0.0011605474321582702
2024-03-14 19:00:00,0.0016906306516063516
2024-03-14 20:00:00,-0.001
2024-03-15 12:00:00,-0.001
2024-03-15 13:00:00,0.0010241800823376011
2024-03-15 14:00:00,0.001557333774373899
2024-03-15 15:00:00,-0.002726292863796558
2024-03-15 16:00:00,-0.0038960492372461953
2024-03-15 17:00:00,0.0
2024-03-15 18:00:00,0.0
2024-03-15 19:00:00,-0.005640982789413023
2024-03-15 20:00:00,-0.001
2024-03-18 12:00:00,-0.001
2024-03-18 13:00:00,0.001962698831432936
2024-03-18 14:00:00,0.0010475989199583654
2024-03-18 15:00:00,0.0002939684032021504
2024-03-18 16:00:00,-0.0015992351279614893
2024-03-18 17:00:00,-6.506098807537632e-05
2024-03-18 18:00:00,0.0011224537331846426
2024-03-18 19:00:00,-0.00426261111637522
2024-03-18 20:00:00,-0.001
2024-03-19 13:00:00,-0.002261195013060684
2024-03-19 14:00:00,0.0007707863223936303
2024-03-19 15:00:00,0.0
2024-03-19 16:00:00,0.0
2024-03-19 17:00:00,0.0
2024-03-19 18:00:00,0.0
2024-03-19 19:00:00,0.0
2024-03-19 20:00:00,0.0
2024-03-20 12:00:00,0.0
2024-03-20 13:00:00,0.0
2024-03-20 14:00:00,0.0
2024-03-20 15:00:00,0.0
2024-03-20 16:00:00,0.0
2024-03-20 17:00:00,0.0
2024-03-20 18:00:00,0.0
2024-03-20 19:00:00,0.0
2024-03-20 20:00:00,0.0
2024-03-21 13:00:00,0.0
2024-03-21 14:00:00,0.0
2024-03-21 15:00:00,0.0
2024-03-21 16:00:00,0.0
2024-03-21 17:00:00,0.0
2024-03-21 18:00:00,0.0
2024-03-21 19:00:00,0.0
2024-03-21 20:00:00,0.0
2024-03-22 13:00:00,0.0
2024-03-22 14:00:00,0.0
2024-03-22 15:00:00,0.0
2024-03-22 16:00:00,0.0
2024-03-22 17:00:00,0.0
2024-03-22 18:00:00,0.0
2024-03-22 19:00:00,0.0
2024-03-25 12:00:00,0.0
2024-03-25 13:00:00,0.0
2024-03-25 14:00:00,0.0
2024-03-25 15:00:00,0.0
2024-03-25 16:00:00,0.0
2024-03-25 17:00:00,-0.0038993584217038293
2024-03-25 18:00:00,-0.0022562135865555714
2024-03-25 19:00:00,-0.0019968918753819776
2024-03-25 20:00:00,-0.001
2024-03-26 12:00:00,-0.001
2024-03-26 13:00:00,0.0021032915774633516
2024-03-26 14:00:00,-0.0003116927378839443
2024-03-26 15:00:00,0.00010829249255041111
2024-03-26 16:00:00,-0.0015305053494585766
2024-03-26 17:00:00,-0.0018104217339592267
2024-03-26 18:00:00,-0.0012117202821854182
2024-03-26 19:00:00,-0.0027875130226632174
2024-03-26 20:00:00,-0.0011057885314381835
2024-03-27 13:00:00,0.0
2024-03-27 14:00:00,0.0
2024-03-27 15:00:00,0.0
2024-03-27 16:00:00,0.0
2024-03-27 17:00:00,0.0
2024-03-27 18:00:00,0.0
2024-03-27 19:00:00,0.0
2024-03-27 20:00:00,0.0
2024-03-28 12:00:00,0.0
2024-03-28 13:00:00,0.0
2024-03-28 14:00:00,0.0
2024-03-28 15:00:00,0.0
2024-03-28 16:00:00,0.0
2024-03-28 17:00:00,0.0
2024-03-28 18:00:00,0.0
2024-03-28 19:00:00,0.0
2024-03-28 20:00:00,0.0
2024-04-01 12:00:00,0.0
2024-04-01 13:00:00,0.0
2024-04-01 14:00:00,0.0
2024-04-01 15:00:00,-0.005050577962143592
2024-04-01 16:00:00,-0.0006875614857716142
2024-04-01 17:00:00,-0.0021503585224488466
2024-04-01 18:00:00,-0.0016060715267270256
2024-04-01 19:00:00,0.001710050050253765
2024-04-01 20:00:00,-0.001
2024-04-02 12:00:00,-0.001
2024-04-02 13:00:00,-0.012196004047227104
2024-04-02 14:00:00,-0.0009973709613523664
2024-04-02 15:00:00,-0.0020231014857336684
2024-04-02 16:00:00,0.0007701693903497072
2024-04-02 17:00:00,-0.0018126597854989982
2024-04-02 18:00:00,-0.0009420874119904102
2024-04-02 19:00:00,-0.004427496517459833
2024-04-02 20:00:00,-0.001
2024-04-03 13:00:00,0.002021891381270908
2024-04-03 14:00:00,0.0038303567428711726
2024-04-03 15:00:00,-0.002135982914362149
2024-04-03 16:00:00,-0.0007289289720822537
2024-04-03 17:00:00,-0.00035546524648100066
2024-04-03 18:00:00,-0.002722130483869172
2024-04-03 19:00:00,-0.001700008810914965
2024-04-03 20:00:00,-0.001
2024-04-04 13:00:00,0.008248276734628992
2024-04-04 14:00:00,-0.000454447265888657
2024-04-04 15:00:00,-0.00018463261726342408
2024-04-04 16:00:00,0.0
2024-04-04 17:00:00,0.0
2024-04-04 18:00:00,-0.014402757246597824
2024-04-04 19:00:00,-0.006179465697487407
2024-04-05 12:00:00,-0.001
2024-04-05 13:00:00,0.00464406245314823
2024-04-05 14:00:00,-0.0014258697200775486
2024-04-05 15:00:00,0.0034804663547509003
2024-04-05 16:00:00,0.00020102448190925746
2024-04-05 17:00:00,-0.0045597354118020565
2024-04-05 18:00:00,-0.0001422162073667901
2024-04-05 19:00:00,8.626948337222087e-05
2024-04-05 20:00:00,-0.001
2024-04-08 12:00:00,-0.001
2024-04-08 13:00:00,0.0005540119507142901
2024-04-08 14:00:00,0.0
2024-04-08 15:00:00,0.0
2024-04-08 16:00:00,0.0
2024-04-08 17:00:00,0.0
2024-04-08 18:00:00,0.0
2024-04-08 19:00:00,0.0
2024-04-08 20:00:00,0.0
2024-04-09 12:00:00,0.0
2024-04-09 13:00:00,0.0
2024-04-09 14:00:00,-0.02000524176015477
2024-04-09 15:00:00,0.0038841836906351795
2024-04-09 16:00:00,-0.0017371555555254373
2024-04-09 17:00:00,-0.0018042828182306117
2024-04-09 18:00:00,-0.0016459635240808615
2024-04-09 19:00:00,0.002323278671338259
2024-04-09 20:00:00,-0.001
2024-04-10 12:00:00,-0.001
2024-04-10 13:00:00,-0.0023174297922082467
2024-04-10 14:00:00,0.0003563281343458744
2024-04-10 15:00:00,-0.003104807408586179
2024-04-10 16:00:00,0.0006449092567792089
2024-04-10 17:00:00,-0.00227191861566166
2024-04-10 18:00:00,-0.005717874444035519
2024-04-10 19:00:00,0.0019931039443141906
2024-04-10 20:00:00,-0.0010690894016857845
2024-04-11 12:00:00,-0.001
2024-04-11 13:00:00,0.0028205988697954164
2024-04-11 14:00:00,-0.004885150111887503
2024-04-11 15:00:00,0.004142629448475516
2024-04-11 16:00:00,-0.0012261084805250612
2024-04-11 17:00:00,0.003119610245840355
2024-04-11 18:00:00,-0.000672493772252363
2024-04-11 19:00:00,-0.005110059986857184
2024-04-11 20:00:00,-0.001
2024-04-12 13:00:00,-0.007911030052555522
2024-04-12 14:00:00,-0.009913422599266725
2024-04-12 15:00:00,0.0008239710629284421
2024-04-12 16:00:00,-0.006217350492022471
2024-04-12 17:00:00,-0.0012820304882345192
2024-04-12 18:00:00,-0.0028448659422354965
2024-04-12 19:00:00,6.348823448744747e-05
2024-04-12 20:00:00,-0.001
2024-04-15 12:00:00,-0.001
2024-04-15 13:00:00,0.01174393001812386
2024-04-15 14:00:00,-0.009500627263071593
2024-04-15 15:00:00,0.0012647867184190096
2024-04-15 16:00:00,-0.004839821091193635
2024-04-15 17:00:00,-0.007134757301592608
2024-04-15 18:00:00,-0.0047514371535591175
2024-04-15 19:00:00,-0.0007670486861381156
2024-04-15 20:00:00,-0.001024587543950233
2024-04-16 13:00:00,-0.001993554235420485
2024-04-16 14:00:00,-0.0011738468466458477
2024-04-16 15:00:00,0.0040524474491580986
2024-04-16 16:00:00,-0.0011334945816154842
2024-04-16 17:00:00,-0.002564329699493422
2024-04-16 18:00:00,0.0018765298084943158
2024-04-16 19:00:00,-0.0043593427266299545
2024-04-16 20:00:00,-0.001
2024-04-17 12:00:00,-0.001
2024-04-17 13:00:00,0.0043148000262248475
2024-04-17 14:00:00,-0.01305278536305585
2024-04-17 15:00:00,-0.002351388506972262
2024-04-17 16:00:00,-0.004145601561718093
2024-04-17 17:00:00,0.005750386626136645
2024-04-17 18:00:00,-0.0032184798357853695
2024-04-17 19:00:00,-0.0027098125785015408
2024-04-17 20:00:00,-0.001
2024-04-18 12:00:00,-0.0012726354762706107
2024-04-18 13:00:00,-0.001986279975415555
2024-04-18 14:00:00,0.0018199409816577923
2024-04-18 15:00:00,-0.0006909209273762531
2024-04-18 16:00:00,-0.006853246430903974
2024-04-18 17:00:00,-0.004413750789079001
2024-04-18 18:00:00,-0.002527095355460606
2024-04-18 19:00:00,-0.0003836379472920917
2024-04-18 20:00:00,-0.001
2024-04-19 13:00:00,0.0034014882418002884
2024-04-19 14:00:00,-0.006154883481021566
2024-04-19 15:00:00,-0.003790864675247584
2024-04-19 16:00:00,-0.0030012851265236833
2024-04-19 17:00:00,0.0005463795740656815
2024-04-19 18:00:00,-0.00805955886669249
2024-04-19 19:00:00,0.0022216336805586886
2024-04-22 12:00:00,-0.001
2024-04-22 13:00:00,0.00735849054548295
2024-04-22 14:00:00,-0.00547461581689596
2024-04-22 15:00:00,0.0
2024-04-22 16:00:00,0.0
2024-04-22 17:00:00,0.0
2024-04-22 18:00:00,0.0
2024-04-22 19:00:00,0.0
2024-04-22 20:00:00,0.0
2024-04-23 12:00:00,0.0
2024-04-23 13:00:00,0.0
2024-04-23 14:00:00,0.0
2024-04-23 15:00:00,0.0
2024-04-23 16:00:00,0.0
2024-04-23 17:00:00,0.0
2024-04-23 18:00:00,0.0
2024-04-23 19:00:00,0.0
2024-04-23 20:00:00,0.0
2024-04-24 12:00:00,0.0
2024-04-24 13:00:00,0.0
2024-04-24 14:00:00,0.0
2024-04-24 15:00:00,0.0
2024-04-24 16:00:00,0.0
2024-04-24 17:00:00,0.0
2024-04-24 18:00:00,0.0
2024-04-24 19:00:00,0.0
2024-04-24 20:00:00,0.0
2024-04-25 12:00:00,0.0
2024-04-25 13:00:00,0.0
2024-04-25 14:00:00,-0.002707423801655128
2024-04-25 15:00:00,0.002262064119513697
2024-04-25 16:00:00,0.004431490021926921
2024-04-25 17:00:00,0.0013507120932592163
2024-04-25 18:00:00,-0.0022706673964323124
2024-04-25 19:00:00,0.003720352875780015
2024-04-25 20:00:00,0.00479969497388746
2024-04-26 12:00:00,-0.002551285040958433
2024-04-26 13:00:00,-0.004369682854347383
2024-04-26 14:00:00,-0.0008772911832608746
2024-04-26 15:00:00,8.505422862315707e-06
2024-04-26 16:00:00,-0.0006072510967357328
2024-04-26 17:00:00,-0.0005332160388500032
2024-04-26 18:00:00,0.0
2024-04-26 19:00:00,0.0
2024-04-26 20:00:00,0.0
2024-04-29 12:00:00,0.0
2024-04-29 13:00:00,0.0
2024-04-29 14:00:00,0.0
2024-04-29 15:00:00,0.0
2024-04-29 16:00:00,0.0
2024-04-29 17:00:00,0.0
2024-04-29 18:00:00,0.0
2024-04-29 19:00:00,0.0
2024-04-29 20:00:00,0.0
2024-04-30 12:00:00,0.0
2024-04-30 13:00:00,-0.03894452938949674
2024-04-30 14:00:00,0.0025414502198017616
2024-04-30 15:00:00,-0.004399531267933314
2024-04-30 16:00:00,-0.003930554519493194
2024-04-30 17:00:00,-0.0018679150595584107
2024-04-30 18:00:00,-0.0010822124197279006
2024-04-30 19:00:00,-0.008261982075776823
2024-04-30 20:00:00,-0.001
2024-05-01 13:00:00,0.0015762456573227678
2024-05-01 14:00:00,-0.0016717199334837277
2024-05-01 15:00:00,0.00023916454476467048
2024-05-01 16:00:00,-0.002429573839896464
2024-05-01 17:00:00,-0.0006725419275121205
2024-05-01 18:00:00,0.0
2024-05-01 19:00:00,-0.016512783661062073
2024-05-01 20:00:00,-0.001
2024-05-02 12:00:00,-0.001
2024-05-02 13:00:00,0.0024539081409170114
2024-05-02 14:00:00,-0.00025658080294196277
2024-05-02 15:00:00,-0.0016685011279979059
2024-05-02 16:00:00,-0.0010372874225410547
2024-05-02 17:00:00,0.0015295616859217218
2024-05-02 18:00:00,0.0010550899941629784
2024-05-02 19:00:00,-0.002972875456198603
2024-05-02 20:00:00,-0.001
2024-05-03 12:00:00,-0.001
2024-05-03 13:00:00,0.012771248634805648
2024-05-03 14:00:00,-0.012431808775767855
2024-05-03 15:00:00,0.0020927025482591188
2024-05-03 16:00:00,-0.0006532873110827334
2024-05-03 17:00:00,0.0008796243451714711
2024-05-03 18:00:00,-0.0023516236467182364
2024-05-03 19:00:00,-0.00031375016549547356
2024-05-06 12:00:00,-0.001
2024-05-06 13:00:00,0.0032049922061355048
2024-05-06 14:00:00,-0.0020402080319455165
2024-05-06 15:00:00,-0.002330843236678514
2024-05-06 16:00:00,-9.418434675256739e-05
2024-05-06 17:00:00,-0.0013575672924354457
2024-05-06 18:00:00,-0.0004915906184687726
2024-05-06 19:00:00,0.0
2024-05-06 20:00:00,0.0
2024-05-07 12:00:00,0.0
2024-05-07 13:00:00,0.0
2024-05-07 14:00:00,0.0
2024-05-07 15:00:00,0.0
2024-05-07 16:00:00,0.0
2024-05-07 17:00:00,0.0
2024-05-07 18:00:00,0.0
2024-05-07 19:00:00,0.0
2024-05-07 20:00:00,0.0
2024-05-08 12:00:00,0.0
2024-05-08 13:00:00,0.0
2024-05-08 14:00:00,0.0
2024-05-08 15:00:00,0.0
2024-05-08 16:00:00,0.0
2024-05-08 17:00:00,0.0
2024-05-08 18:00:00,0.0
2024-05-08 19:00:00,0.0
2024-05-08 20:00:00,0.0
2024-05-09 12:00:00,0.0
2024-05-09 13:00:00,0.0
2024-05-09 14:00:00,0.0
2024-05-09 15:00:00,0.0
2024-05-09 16:00:00,0.0
2024-05-09 17:00:00,0.0
2024-05-09 18:00:00,0.0
2024-05-09 19:00:00,0.0
2024-05-10 12:00:00,0.0
2024-05-10 13:00:00,0.0
2024-05-10 14:00:00,0.0
2024-05-10 15:00:00,0.0
2024-05-10 16:00:00,0.0
2024-05-10 17:00:00,0.0
2024-05-10 18:00:00,0.0
2024-05-10 19:00:00,0.0
2024-05-13 13:00:00,0.0
2024-05-13 14:00:00,0.0
2024-05-13 15:00:00,0.0
2024-05-13 16:00:00,0.0
2024-05-13 17:00:00,0.0
2024-05-13 18:00:00,0.0
2024-05-13 19:00:00,0.0
2024-05-13 20:00:00,0.0
2024-05-14 12:00:00,0.0
2024-05-14 13:00:00,0.0
2024-05-14 14:00:00,0.0
2024-05-14 15:00:00,0.0
2024-05-14 16:00:00,0.0
2024-05-14 17:00:00,0.0
2024-05-14 18:00:00,0.0
2024-05-14 19:00:00,0.0
2024-05-14 20:00:00,0.0
2024-05-15 12:00:00,0.0
2024-05-15 13:00:00,0.0
2024-05-15 14:00:00,0.0
2024-05-15 15:00:00,0.0
2024-05-15 16:00:00,0.0
2024-05-15 17:00:00,0.0
2024-05-15 18:00:00,0.0
2024-05-15 19:00:00,0.0
2024-05-15 20:00:00,0.0
2024-05-16 12:00:00,0.0
2024-05-16 13:00:00,0.0
2024-05-16 14:00:00,0.0
2024-05-16 15:00:00,0.0
2024-05-16 16:00:00,0.0
2024-05-16 17:00:00,0.0
2024-05-16 18:00:00,0.0
2024-05-16 19:00:00,0.0
2024-05-16 20:00:00,0.0
2024-05-17 12:00:00,0.0
2024-05-17 13:00:00,0.0
2024-05-17 14:00:00,0.0
2024-05-17 15:00:00,0.0
2024-05-17 16:00:00,0.0
2024-05-17 17:00:00,0.0
2024-05-17 18:00:00,0.0
2024-05-17 19:00:00,0.0
2024-05-17 20:00:00,0.0
2024-05-20 13:00:00,0.0
2024-05-20 14:00:00,0.0
2024-05-20 15:00:00,0.0
2024-05-20 16:00:00,0.0
2024-05-20 17:00:00,0.0
2024-05-20 18:00:00,-0.004387911150431183
2024-05-20 19:00:00,-0.0027759763916815052
2024-05-20 20:00:00,-0.001
2024-05-21 12:00:00,-0.001
2024-05-21 13:00:00,0.0029230506634519045
2024-05-21 14:00:00,-0.0013891071972750514
2024-05-21 15:00:00,-0.0027953819677850314
2024-05-21 16:00:00,-0.0003165405734842577
2024-05-21 17:00:00,-0.00015776514695164858
2024-05-21 18:00:00,-0.0013263416342751402
2024-05-21 19:00:00,0.001275913146019415
2024-05-21 20:00:00,-0.001
2024-05-22 12:00:00,-0.001
2024-05-22 13:00:00,-0.026794533725360153
2024-05-22 14:00:00,-7.7837216415432e-05
2024-05-22 15:00:00,-0.002324507110460449
2024-05-22 16:00:00,0.002498259418737132
2024-05-22 17:00:00,-0.003725488181679342
2024-05-22 18:00:00,-0.007085885106357203
2024-05-22 19:00:00,0.001472049069500304
2024-05-22 20:00:00,-0.001
2024-05-23 12:00:00,-0.001
2024-05-23 13:00:00,-0.00289724594679942
2024-05-23 14:00:00,-0.00500315171165771
2024-05-23 15:00:00,0.001483974108709297
2024-05-23 16:00:00,-0.0024435171544329604
2024-05-23 17:00:00,-0.0069359206802490575
2024-05-23 18:00:00,-0.0033738456679427366
2024-05-23 19:00:00,-0.0004924187882828548
2024-05-23 20:00:00,-0.0009757150566648712
2024-05-24 13:00:00,0.0016675708108025498
2024-05-24 14:00:00,-0.0005281028114741673
2024-05-24 15:00:00,-0.0009411617149280507
2024-05-24 16:00:00,-0.0013072845765024867
2024-05-24 17:00:00,-0.0006199661865326602
2024-05-24 18:00:00,-0.0012860485938372237
2024-05-24 19:00:00,0.00042689219419270825
2024-05-28 12:00:00,-0.001
2024-05-28 13:00:00,-0.0033967164952760577
2024-05-28 14:00:00,-0.00884788357707919
2024-05-28 15:00:00,-0.0009184689094329281
2024-05-28 16:00:00,-0.003198351777783569
2024-05-28 17:00:00,-0.0021900762595896007
2024-05-28 18:00:00,-0.0019333301814558215
2024-05-28 19:00:00,-0.0004908488459130103
2024-05-29 13:00:00,-0.010490601808252596
2024-05-29 14:00:00,-0.001324605837683356
2024-05-29 15:00:00,-0.00012824128593159532
2024-05-29 16:00:00,-0.000506826136547799
2024-05-29 17:00:00,-0.0014206389353651307
2024-05-29 18:00:00,-0.003132580025193248
2024-05-29 19:00:00,-0.0013623627700315602
2024-05-29 20:00:00,-0.009652950165865298
2024-05-30 12:00:00,-0.0006281438745154624
2024-05-30 13:00:00,-0.0003578203537680782
2024-05-30 14:00:00,0.0008340247687602784
2024-05-30 15:00:00,-0.002546182499992771
2024-05-30 16:00:00,0.0007471778401067449
2024-05-30 17:00:00,-0.002707386900194269
2024-05-30 18:00:00,-0.0005237130365633938
2024-05-30 19:00:00,-0.00014258581739153757
2024-05-30 20:00:00,-0.0010139398726824946
2024-05-31 12:00:00,-0.001
2024-05-31 13:00:00,0.002815049714400276
2024-05-31 14:00:00,-0.004437659172160573
2024-05-31 15:00:00,-0.006832807359538244
2024-05-31 16:00:00,-0.0016306145677435371
2024-05-31 17:00:00,0.002451429224863406
2024-05-31 18:00:00,0.002076386599159575
2024-05-31 19:00:00,0.014218604337653252
2024-05-31 20:00:00,-0.0012578378131702641
2024-06-13 09:30:00,0.013931670582522766
2024-06-13 10:30:00,0.0024544120543201053
2024-06-13 11:30:00,-0.005228056799183549
2024-06-13 12:30:00,0.006100946972423028
2024-06-13 13:30:00,0.0017998314271541593
2024-06-13 14:30:00,0.00019473008323451862
2024-06-13 15:30:00,0.0003903812639992907
2024-06-14 09:30:00,-0.022788473570698083
2024-06-14 10:30:00,-0.0020558669713930102
2024-06-14 11:30:00,-0.0011664902289747472
2024-06-14 12:30:00,0.0021722399151971115
2024-06-14 13:30:00,-0.0014934457786698154
2024-06-14 14:30:00,0.0014319653987574354
2024-06-14 15:30:00,0.0013665334481494547
2024-06-17 09:30:00,-0.00838931416303507
2024-06-17 10:30:00,0.004259580232886118
2024-06-17 11:30:00,0.0021102985259216565
2024-06-17 12:30:00,0.0007916188870067517
2024-06-17 13:30:00,0.002941191845205333
2024-06-17 14:30:00,-0.0001155342944336382
2024-06-17 15:30:00,0.0
2024-06-18 09:30:00,0.0
2024-06-18 10:30:00,0.0
2024-06-18 11:30:00,0.0
2024-06-18 12:30:00,0.0
2024-06-18 13:30:00,0.0
2024-06-18 14:30:00,0.0
2024-06-18 15:30:00,0.0
2024-06-20 09:30:00,0.0
2024-06-20 10:30:00,0.0
2024-06-20 11:30:00,0.0
2024-06-20 12:30:00,0.0
2024-06-20 13:30:00,0.0
2024-06-20 14:30:00,0.0
2024-06-20 15:30:00,0.0
2024-06-21 09:30:00,0.0
2024-06-21 10:30:00,0.0
2024-06-21 11:30:00,0.0
2024-06-21 12:30:00,0.0
2024-06-21 13:30:00,0.0
2024-06-21 14:30:00,0.0
2024-06-21 15:30:00,0.0
2024-06-24 09:30:00,0.0
2024-06-24 10:30:00,0.0
2024-06-24 11:30:00,0.0
2024-06-24 12:30:00,0.0
2024-06-24 13:30:00,0.0
2024-06-24 14:30:00,0.0
2024-06-24 15:30:00,0.0
2024-06-25 09:30:00,0.0
2024-06-25 10:30:00,0.0
2024-06-25 11:30:00,-0.004472122066422744
2024-06-25 12:30:00,0.001367674394273417
2024-06-25 13:30:00,0.0008192771360209636
2024-06-25 14:30:00,-0.0009216565463092288
2024-06-25 15:30:00,-0.0011934902093813807
2024-06-26 09:30:00,-0.003152876656405528
2024-06-26 10:30:00,0.000280988300779301
2024-06-26 11:30:00,0.0009232490505932842
2024-06-26 12:30:00,-0.001075418035051378
2024-06-26 13:30:00,-0.0015072294786092613
2024-06-26 14:30:00,-0.0003711469281962301
2024-06-26 15:30:00,0.0007899336751033723
2024-06-27 09:30:00,0.0013932852901014378
2024-06-27 10:30:00,-0.002575937916803355
2024-06-27 11:30:00,-0.0018246139160880295
2024-06-27 12:30:00,-0.0005171016870934122
2024-06-27 13:30:00,-0.003710057677995398
2024-06-27 14:30:00,0.002407504223313007
2024-06-27 15:30:00,-0.0006548826155749357
2024-06-28 09:30:00,0.004043526490276623
2024-06-28 10:30:00,-0.003208014925281493
2024-06-28 11:30:00,-0.0009606685725080768
2024-06-28 12:30:00,-0.002268397117522141
2024-06-28 13:30:00,-0.0032278827562641603
2024-06-28 14:30:00,-0.003000226170379582
2024-06-28 15:30:00,0.0006459493260288782
2024-07-01 09:30:00,-0.019751850953250848
2024-07-01 10:30:00,-0.0026060259899739415
2024-07-01 11:30:00,0.0009167858569736407
2024-07-01 12:30:00,-0.0015506580271510187
2024-07-01 13:30:00,2.7690941081965747e-05
2024-07-01 14:30:00,-0.001975428851450916
2024-07-01 15:30:00,-0.00021401341183547218
2024-07-02 09:30:00,-0.005641122808560366
2024-07-02 10:30:00,-0.0013641256085880284
2024-07-02 11:30:00,-0.0005054630578133926
2024-07-02 12:30:00,0.0003863281461115595
2024-07-02 13:30:00,0.00039489836616588654
2024-07-02 14:30:00,-9.404006301036352e-05
2024-07-02 15:30:00,0.0
2024-07-03 09:30:00,0.0
2024-07-03 10:30:00,0.0
2024-07-03 11:30:00,0.0
2024-07-03 12:30:00,0.0
2024-07-05 09:30:00,-0.019713935557627887
2024-07-05 10:30:00,0.0034601849949989667
2024-07-05 11:30:00,-0.00019078264538240823
2024-07-05 12:30:00,-0.0009627749056089476
2024-07-05 13:30:00,-0.0005875269606296576
2024-07-05 14:30:00,0.0002712755781615682
2024-07-05 15:30:00,0.001668843494940404
2024-07-08 09:30:00,0.0013006675065148697
2024-07-08 10:30:00,0.0002008411260995555
2024-07-08 11:30:00,-0.002733060741873893
2024-07-08 12:30:00,0.0013146688606511477
2024-07-08 13:30:00,-0.0011899148584021237
2024-07-08 14:30:00,-0.000855482786369848
2024-07-08 15:30:00,0.0
2024-07-09 09:30:00,-0.022086734492967157
2024-07-09 10:30:00,0.00017055037884914997
2024-07-09 11:30:00,-0.0008260537071145648
2024-07-09 12:30:00,-0.0008632823231337396
2024-07-09 13:30:00,-0.0023487944126084227
2024-07-09 14:30:00,-0.0013278883314196013
2024-07-09 15:30:00,-0.002803019876819556
2024-07-10 09:30:00,-0.001274380522073625
2024-07-10 10:30:00,0.0006661549597007275
2024-07-10 11:30:00,0.0020733793694111668
2024-07-10 12:30:00,0.0008821591300307804
2024-07-10 13:30:00,-0.0023293957370293652
2024-07-10 14:30:00,0.0006549660909056685
2024-07-10 15:30:00,0.0
2024-07-11 09:30:00,0.0
2024-07-11 10:30:00,0.0
2024-07-11 11:30:00,0.0
2024-07-11 12:30:00,0.0
2024-07-11 13:30:00,0.0
2024-07-11 14:30:00,0.0
2024-07-11 15:30:00,0.0
2024-07-12 09:30:00,0.0
2024-07-12 10:30:00,0.0
2024-07-12 11:30:00,0.0
2024-07-12 12:30:00,0.0
2024-07-12 13:30:00,0.0
2024-07-12 14:30:00,0.0
2024-07-12 15:30:00,0.0
2024-07-15 09:30:00,0.0
2024-07-15 10:30:00,0.0
2024-07-15 11:30:00,0.0
2024-07-15 12:30:00,0.0
2024-07-15 13:30:00,0.0
2024-07-15 14:30:00,0.0
2024-07-15 15:30:00,0.0
2024-07-16 09:30:00,0.0
2024-07-16 10:30:00,0.0
2024-07-16 11:30:00,0.0
2024-07-16 12:30:00,0.0
2024-07-16 13:30:00,0.0
2024-07-16 14:30:00,0.0
2024-07-16 15:30:00,0.0
2024-07-17 09:30:00,-0.057754950474154465
2024-07-17 10:30:00,-0.0016490117956094055
2024-07-17 11:30:00,-0.012466400410663676
2024-07-17 12:30:00,-0.004866303293901619
2024-07-17 13:30:00,-0.0025199419347864006
2024-07-17 14:30:00,-0.0016751628587918835
2024-07-17 15:30:00,-0.007654192307438944
2024-07-18 09:30:00,-0.0024163613288033783
2024-07-18 10:30:00,-0.021034191674792656
2024-07-18 11:30:00,0.00017036571103432128
2024-07-18 12:30:00,0.0050970689105086795
2024-07-18 13:30:00,-0.0036724230398824157
2024-07-18 14:30:00,0.0007075504459385603
2024-07-18 15:30:00,0.0
2024-07-19 09:30:00,-0.02383505458151485
2024-07-19 10:30:00,-0.002594269231353579
2024-07-19 11:30:00,0.00029976290067164715
2024-07-19 12:30:00,-0.002642284256924087
2024-07-19 13:30:00,-0.0006958895873146789
2024-07-19 14:30:00,0.004367917934968042
2024-07-19 15:30:00,-0.006023379476893119
2024-07-22 09:30:00,0.0014523676748196112
2024-07-22 10:30:00,0.00012249275566225768
2024-07-22 11:30:00,-0.0005882471952006188
2024-07-22 12:30:00,0.003135994781440699
2024-07-22 13:30:00,-9.712166026790614e-05
2024-07-22 14:30:00,0.001470484918461041
2024-07-22 15:30:00,0.0
2024-07-23 09:30:00,-0.04164111580699244
2024-07-23 10:30:00,-0.004492066900350493
2024-07-23 11:30:00,-0.0010205054955358553
2024-07-23 12:30:00,0.0004886811384464571
2024-07-23 13:30:00,0.0007486244352263812
2024-07-23 14:30:00,0.0006307250271973771
2024-07-23 15:30:00,-0.002969334758663921
2024-07-24 09:30:00,-0.0055117772953063296
2024-07-24 10:30:00,0.005093411350010342
2024-07-24 11:30:00,0.001787896291483133
2024-07-24 12:30:00,-0.0015207817003256231
2024-07-24 13:30:00,-0.0019211064069137409
2024-07-24 14:30:00,-0.0013218918512626734
2024-07-24 15:30:00,-0.00864139091909033
2024-07-25 09:30:00,0.012793774225409022
2024-07-25 10:30:00,0.005155071747015695
2024-07-25 11:30:00,0.006936901252195445
2024-07-25 12:30:00,-0.005828389292445201
2024-07-25 13:30:00,-0.004275751556135032
2024-07-25 14:30:00,-0.0008989519898107192
2024-07-25 15:30:00,-0.008790093382417513
2024-07-26 09:30:00,0.014409054033628198
2024-07-26 10:30:00,-0.0015031013489799007
2024-07-26 11:30:00,0.005447953447353205
2024-07-26 12:30:00,0.002001707033056128
2024-07-26 13:30:00,-0.006273213323979004
2024-07-26 14:30:00,0.0
2024-07-26 15:30:00,0.0
2024-07-29 09:30:00,0.0
2024-07-29 10:30:00,0.0
2024-07-29 11:30:00,0.0
2024-07-29 12:30:00,0.0
2024-07-29 13:30:00,0.0
2024-07-29 14:30:00,0.0
2024-07-29 15:30:00,0.0
2024-07-30 09:30:00,0.0
2024-07-30 10:30:00,0.0
2024-07-30 11:30:00,0.0
2024-07-30 12:30:00,0.0
2024-07-30 13:30:00,0.0
2024-07-30 14:30:00,0.0
2024-07-30 15:30:00,0.0
2024-07-31 09:30:00,0.0
2024-07-31 10:30:00,0.0
2024-07-31 11:30:00,0.0
2024-07-31 12:30:00,0.0
2024-07-31 13:30:00,0.0
2024-07-31 14:30:00,0.0
2024-07-31 15:30:00,0.0
2024-08-01 09:30:00,-0.04576182518486317
2024-08-01 10:30:00,-0.012042510265147958
2024-08-01 11:30:00,0.00044731915826786784
2024-08-01 12:30:00,-0.0036866878298942854
2024-08-01 13:30:00,-0.002922567536851061
2024-08-01 14:30:00,-0.0007702368106696269
2024-08-01 15:30:00,0.0010272560944759599
2024-08-02 09:30:00,-0.04048695550467561
2024-08-02 10:30:00,-0.003990504074000544
2024-08-02 11:30:00,0.008414720544918357
2024-08-02 12:30:00,-0.00582553061980095
2024-08-02 13:30:00,-0.002582723525857549
2024-08-02 14:30:00,-9.868916573668642e-05
2024-08-02 15:30:00,-0.0033431290090088096
2024-08-05 09:30:00,-0.05341351942799362
2024-08-05 10:30:00,0.013849779218689896
2024-08-05 11:30:00,0.012022184757485878
2024-08-05 12:30:00,-0.004643084468165769
2024-08-05 13:30:00,-0.004565493342546334
2024-08-05 14:30:00,-0.00593037737944364
2024-08-05 15:30:00,-0.00017370997000620196
2024-08-06 09:30:00,0.016090245753445136
2024-08-06 10:30:00,-0.004369209395093375
2024-08-06 11:30:00,0.006366537267112195
2024-08-06 12:30:00,0.0034583515430129837
2024-08-06 13:30:00,0.0026034164570864615
2024-08-06 14:30:00,0.0
2024-08-06 15:30:00,0.0
2024-08-07 09:30:00,0.0
2024-08-07 10:30:00,0.0
2024-08-07 11:30:00,0.0
2024-08-07 12:30:00,0.0
2024-08-07 13:30:00,0.0
2024-08-07 14:30:00,0.0
2024-08-07 15:30:00,0.0
2024-08-08 09:30:00,0.0
2024-08-08 10:30:00,0.0
2024-08-08 11:30:00,0.0
2024-08-08 12:30:00,0.0
2024-08-08 13:30:00,0.0
2024-08-08 14:30:00,0.0
2024-08-08 15:30:00,0.0
2024-08-09 09:30:00,0.0
2024-08-09 10:30:00,0.0
2024-08-09 11:30:00,0.0
2024-08-09 12:30:00,0.0
2024-08-09 13:30:00,0.0
2024-08-09 14:30:00,0.0
2024-08-09 15:30:00,0.0
2024-08-12 09:30:00,0.0
2024-08-12 10:30:00,0.0
2024-08-12 11:30:00,0.0
2024-08-12 12:30:00,0.0
2024-08-12 13:30:00,0.0
2024-08-12 14:30:00,0.0
2024-08-12 15:30:00,0.0
2024-08-13 09:30:00,0.0
2024-08-13 10:30:00,0.0
2024-08-13 11:30:00,0.0
2024-08-13 12:30:00,0.0
2024-08-13 13:30:00,0.0
2024-08-13 14:30:00,0.0
2024-08-13 15:30:00,0.0
2024-08-14 09:30:00,0.0
2024-08-14 10:30:00,0.0
2024-08-14 11:30:00,0.0
2024-08-14 12:30:00,0.0
2024-08-14 13:30:00,0.0
2024-08-14 14:30:00,0.0
2024-08-14 15:30:00,0.0
2024-08-15 09:30:00,0.0
2024-08-15 10:30:00,0.0
2024-08-15 11:30:00,0.0
2024-08-15 12:30:00,0.0
2024-08-15 13:30:00,0.0
2024-08-15 14:30:00,0.0
2024-08-15 15:30:00,0.0
2024-08-16 09:30:00,0.0
2024-08-16 10:30:00,0.0
2024-08-16 11:30:00,0.0
2024-08-16 12:30:00,0.0
2024-08-16 13:30:00,0.0
2024-08-16 14:30:00,0.0
2024-08-16 15:30:00,0.0
2024-08-19 09:30:00,0.0
2024-08-19 10:30:00,0.0
2024-08-19 11:30:00,0.0
2024-08-19 12:30:00,0.0
2024-08-19 13:30:00,0.0
2024-08-19 14:30:00,0.0
2024-08-19 15:30:00,0.0
2024-08-20 09:30:00,0.0
2024-08-20 10:30:00,0.0
2024-08-20 11:30:00,0.0
2024-08-20 12:30:00,0.0
2024-08-20 13:30:00,0.0
2024-08-20 14:30:00,0.0
2024-08-20 15:30:00,0.0
2024-08-21 09:30:00,0.0
2024-08-21 10:30:00,0.0
2024-08-21 11:30:00,0.0
2024-08-21 12:30:00,0.0
2024-08-21 13:30:00,0.0
2024-08-21 14:30:00,0.0
2024-08-21 15:30:00,0.0
2024-08-22 09:30:00,0.0
2024-08-22 10:30:00,0.0
2024-08-22 11:30:00,0.0
2024-08-22 12:30:00,0.0
2024-08-22 13:30:00,0.0
2024-08-22 14:30:00,0.0
2024-08-22 15:30:00,0.0
2024-08-23 09:30:00,0.0
2024-08-23 10:30:00,0.0
2024-08-23 11:30:00,0.0
2024-08-23 12:30:00,0.0
2024-08-23 13:30:00,0.0
2024-08-23 14:30:00,0.0
2024-08-23 15:30:00,0.0
2024-08-26 09:30:00,0.0
2024-08-26 10:30:00,-0.004718422861122161
2024-08-26 11:30:00,-0.0013727560978083189
2024-08-26 12:30:00,-0.0025747466712518034
2024-08-26 13:30:00,-0.0023971725503494903
2024-08-26 14:30:00,-0.0007138284335266079
2024-08-26 15:30:00,-0.0007677710266080819
2024-08-27 09:30:00,-0.002332108050145264
2024-08-27 10:30:00,-0.003930856343424986
2024-08-27 11:30:00,0.0011230141654371482
2024-08-27 12:30:00,0.0007419517709773902
2024-08-27 13:30:00,-0.0021729132934279576
2024-08-27 14:30:00,-0.002305978127266566
2024-08-27 15:30:00,-0.00044646854440910015
2024-08-28 09:30:00,-0.03154445106121959
2024-08-28 10:30:00,-0.005282435732970979
2024-08-28 11:30:00,-0.001585644598238455
2024-08-28 12:30:00,0.003367508350393556
2024-08-28 13:30:00,-0.0024873970737625864
2024-08-28 14:30:00,0.004616844218746242
2024-08-28 15:30:00,-0.0010142174187390987
2024-08-29 09:30:00,0.011253946836701924
2024-08-29 10:30:00,0.0007965108425095633
2024-08-29 11:30:00,0.0007116440707415693
2024-08-29 12:30:00,-0.003106220271029219
2024-08-29 13:30:00,-0.005269588841008143
2024-08-29 14:30:00,-0.0018415091431983046
2024-08-29 15:30:00,0.0
2024-08-30 09:30:00,0.0
2024-08-30 10:30:00,0.0
2024-08-30 11:30:00,-0.004568210870597666
2024-08-30 12:30:00,-0.00024393809706628662
2024-08-30 13:30:00,0.0016858786795357302
2024-08-30 14:30:00,0.002875038426570848
2024-08-30 15:30:00,0.0021531949899498814
2024-09-03 09:30:00,-0.011045525312798014
2024-09-03 10:30:00,0.000552694624760903
2024-09-03 11:30:00,-0.0032566331498720727
2024-09-03 12:30:00,-0.0009635694439045874
2024-09-03 13:30:00,-0.0041502862783008455
2024-09-03 14:30:00,-0.002550537174936151
2024-09-03 15:30:00,-0.0022669522233232367
2024-09-04 09:30:00,0.0009690931367600749
2024-09-04 10:30:00,-0.006628024910514578
2024-09-04 11:30:00,-0.0033744046019754327
2024-09-04 12:30:00,-0.0002705567830288072
2024-09-04 13:30:00,-0.0020585030027810026
2024-09-04 14:30:00,-0.00213515697021383
2024-09-04 15:30:00,0.0016225816807259883
2024-09-05 09:30:00,-0.00757988072044286
2024-09-05 10:30:00,-0.00271684508826076
2024-09-05 11:30:00,0.0024377999294404604
2024-09-05 12:30:00,0.0025314247023486124
2024-09-05 13:30:00,0.0012977950836217896
2024-09-05 14:30:00,-0.0012101430611912924
2024-09-05 15:30:00,-0.00026590373457070966
2024-09-06 09:30:00,-0.028399123952914284
2024-09-06 10:30:00,-0.005049425007770879
2024-09-06 11:30:00,-0.002488846267670779
2024-09-06 12:30:00,0.00163135006502922
2024-09-06 13:30:00,-0.0027496787466273365
2024-09-06 14:30:00,0.002041974603653902
2024-09-06 15:30:00,-0.001874799369965057
2024-09-09 09:30:00,0.007385280232399827
2024-09-09 10:30:00,-0.0009838322809993907
2024-09-09 11:30:00,0.0026529148556835532
2024-09-09 12:30:00,-3.356770896574741e-05
2024-09-09 13:30:00,-0.004973794054011176
2024-09-09 14:30:00,-0.0005243194060228487
2024-09-09 15:30:00,0.0
2024-09-10 09:30:00,-0.034226855795877094
2024-09-10 10:30:00,0.001858210205330264
2024-09-10 11:30:00,-0.008962734257865663
2024-09-10 12:30:00,0.004531338664836305
2024-09-10 13:30:00,0.0041522300834776265
2024-09-10 14:30:00,0.002790079322587775
2024-09-10 15:30:00,-0.002502699023675902
2024-09-11 09:30:00,-0.020187910308486056
2024-09-11 10:30:00,0.0018110895264109427
2024-09-11 11:30:00,0.002917566729857419
2024-09-11 12:30:00,0.003758459226926015
2024-09-11 13:30:00,9.088193345633362e-05
2024-09-11 14:30:00,0.004541917207579317
2024-09-11 15:30:00,0.0
2024-09-12 09:30:00,0.0
2024-09-12 10:30:00,0.0
2024-09-12 11:30:00,0.0
2024-09-12 12:30:00,0.0
2024-09-12 13:30:00,0.0
2024-09-12 14:30:00,0.0
2024-09-12 15:30:00,0.0
2024-09-13 09:30:00,0.0
2024-09-13 10:30:00,0.0
2024-09-13 11:30:00,0.0
2024-09-13 12:30:00,0.0
2024-09-13 13:30:00,0.0
2024-09-13 14:30:00,0.0
2024-09-13 15:30:00,0.0
2024-09-16 09:30:00,0.0
2024-09-16 10:30:00,0.0
2024-09-16 11:30:00,0.0
2024-09-16 12:30:00,0.0
2024-09-16 13:30:00,0.0
2024-09-16 14:30:00,0.0
2024-09-16 15:30:00,0.0
2024-09-17 09:30:00,0.0
2024-09-17 10:30:00,0.0
2024-09-17 11:30:00,0.0
2024-09-17 12:30:00,0.0
2024-09-17 13:30:00,0.0
2024-09-17 14:30:00,0.0
2024-09-17 15:30:00,0.0
2024-09-18 09:30:00,0.0
2024-09-18 10:30:00,0.0
2024-09-18 11:30:00,0.0
2024-09-18 12:30:00,0.0
2024-09-18 13:30:00,0.0
2024-09-18 14:30:00,0.0
2024-09-18 15:30:00,0.0
2024-09-19 09:30:00,-0.016288662690752374
2024-09-19 10:30:00,-0.002703088655955165
2024-09-19 11:30:00,-0.002121031582301374
2024-09-19 12:30:00,0.00012445451328793123
2024-09-19 13:30:00,0.0010500659373380247
2024-09-19 14:30:00,-0.0012568906206878163
2024-09-19 15:30:00,-0.0008318188713739785
2024-09-20 09:30:00,0.00011367406878409281
2024-09-20 10:30:00,-0.0005497348240825586
2024-09-20 11:30:00,-0.002465964549948129
2024-09-20 12:30:00,0.0016105313431950606
2024-09-20 13:30:00,-0.002812210469420328
2024-09-20 14:30:00,-0.00017161839964529495
2024-09-20 15:30:00,0.0
2024-09-23 09:30:00,0.0
2024-09-23 10:30:00,0.0
2024-09-23 11:30:00,0.0
2024-09-23 12:30:00,0.0
2024-09-23 13:30:00,0.0
2024-09-23 14:30:00,0.0
2024-09-23 15:30:00,0.0
2024-09-24 09:30:00,0.0
2024-09-24 10:30:00,0.0
2024-09-24 11:30:00,0.0
2024-09-24 12:30:00,0.0
2024-09-24 13:30:00,0.0
2024-09-24 14:30:00,0.0
2024-09-24 15:30:00,0.0
2024-09-25 09:30:00,-0.028607741395740377
2024-09-25 10:30:00,0.0023510518430019008
2024-09-25 11:30:00,-0.001645650550481719
2024-09-25 12:30:00,-0.003118508847155182
2024-09-25 13:30:00,-0.0006171297931483347
2024-09-25 14:30:00,-0.0023944095716812767
2024-09-25 15:30:00,-0.0014446503536026992
2024-09-26 09:30:00,0.008147495104222097
2024-09-26 10:30:00,0.0008115785742762291
2024-09-26 11:30:00,-0.0010518994519777161
2024-09-26 12:30:00,-0.000647469122761756
2024-09-26 13:30:00,-0.0012230343245750223
2024-09-26 14:30:00,-0.0010438094086695983
2024-09-26 15:30:00,0.0
2024-09-27 09:30:00,0.0
2024-09-27 10:30:00,0.0
2024-09-27 11:30:00,0.0
2024-09-27 12:30:00,0.0
2024-09-27 13:30:00,0.0
2024-09-27 14:30:00,0.0
2024-09-27 15:30:00,0.0
2024-09-30 09:30:00,-0.02515519322339247
2024-09-30 10:30:00,0.004862423793817534
2024-09-30 11:30:00,-0.0010904016162417477
2024-09-30 12:30:00,-0.001573943959263179
2024-09-30 13:30:00,-0.004360700510259252
2024-09-30 14:30:00,0.002250378576669266
2024-09-30 15:30:00,0.0037482574706853245
2024-10-01 09:30:00,-0.010079875823547989
2024-10-01 10:30:00,0.0022599211758823853
2024-10-01 11:30:00,0.002092389577096938
2024-10-01 12:30:00,-0.006406145203901541
2024-10-01 13:30:00,0.0055860035404950445
2024-10-01 14:30:00,-0.0019571775264224534
2024-10-01 15:30:00,0.0
2024-10-02 09:30:00,-0.03429116164005904
2024-10-02 10:30:00,0.0028307518239357684
2024-10-02 11:30:00,-0.0003215177193446764
2024-10-02 12:30:00,-0.00025362754385348436
2024-10-02 13:30:00,-0.0004502857657756479
2024-10-02 14:30:00,0.00032338063711963663
2024-10-02 15:30:00,-0.0011239700532757958
2024-10-03 09:30:00,-0.010243811260318363
2024-10-03 10:30:00,-0.0018010962481695527
2024-10-03 11:30:00,0.00026629611799415336
2024-10-03 12:30:00,-0.002656454510779626
2024-10-03 13:30:00,-0.0010051887476771096
2024-10-03 14:30:00,-0.00277879758397958
2024-10-03 15:30:00,0.0
2024-10-04 09:30:00,-0.02267394547916851
2024-10-04 10:30:00,-0.0025097625286782214
2024-10-04 11:30:00,0.0001607339553760254
2024-10-04 12:30:00,0.003598657283109514
2024-10-04 13:30:00,-0.002275883793036342
2024-10-04 14:30:00,0.00041158154675172793
2024-10-04 15:30:00,-0.0008945926027053511
2024-10-07 09:30:00,-0.00696587738796302
2024-10-07 10:30:00,0.0003781004697921428
2024-10-07 11:30:00,-0.0019625489435781177
2024-10-07 12:30:00,-0.0011310729104224695
2024-10-07 13:30:00,-0.003729336306867941
2024-10-07 14:30:00,-0.00021580281557150222
2024-10-07 15:30:00,-0.0017842818102950845
2024-10-08 09:30:00,0.006711875399342044
2024-10-08 10:30:00,0.001948499989190223
2024-10-08 11:30:00,-0.0008859591626338527
2024-10-08 12:30:00,-0.003231014239960688
2024-10-08 13:30:00,-0.0006774635630895689
2024-10-08 14:30:00,-0.000295547064608447
2024-10-08 15:30:00,-0.00031311143984807303
2024-10-09 09:30:00,-0.0036026277480836026
2024-10-09 10:30:00,0.002160561258153749
2024-10-09 11:30:00,0.001642001016060741
2024-10-09 12:30:00,-0.0018549125689775229
2024-10-09 13:30:00,-0.003391949849386732
2024-10-09 14:30:00,0.0
2024-10-09 15:30:00,0.0
2024-10-10 09:30:00,0.0
2024-10-10 10:30:00,0.0
2024-10-10 11:30:00,0.0
2024-10-10 12:30:00,0.0
2024-10-10 13:30:00,0.0
2024-10-10 14:30:00,0.0
2024-10-10 15:30:00,0.0
2024-10-11 09:30:00,0.0
2024-10-11 10:30:00,0.0
2024-10-11 11:30:00,0.0
2024-10-11 12:30:00,0.0
2024-10-11 13:30:00,0.0
2024-10-11 14:30:00,0.0
2024-10-11 15:30:00,0.0
2024-10-14 09:30:00,0.0
2024-10-14 10:30:00,0.0
2024-10-14 11:30:00,0.0
2024-10-14 12:30:00,0.0
2024-10-14 13:30:00,0.0
2024-10-14 14:30:00,0.0
2024-10-14 15:30:00,0.0
2024-10-15 09:30:00,0.0
2024-10-15 10:30:00,0.0
2024-10-15 11:30:00,0.0
2024-10-15 12:30:00,0.0
2024-10-15 13:30:00,0.0
2024-10-15 14:30:00,-0.006824040046336826
2024-10-15 15:30:00,-0.0010940734804027066
2024-10-16 09:30:00,0.007907425895606408
2024-10-16 10:30:00,-0.004665611889257059
2024-10-16 11:30:00,-0.0031241378137324073
2024-10-16 12:30:00,-0.0017388010162486581
2024-10-16 13:30:00,-0.00018322173569448787
2024-10-16 14:30:00,-0.0018179038853498577
2024-10-16 15:30:00,-0.0013622766248680576
2024-10-17 09:30:00,-0.005356193522079365
2024-10-17 10:30:00,-0.002589781549608027
2024-10-17 11:30:00,0.0005851931647301476
2024-10-17 12:30:00,-0.00027605388477341865
2024-10-17 13:30:00,0.0
2024-10-17 14:30:00,0.0
2024-10-17 15:30:00,0.0
2024-10-18 09:30:00,0.0
2024-10-18 10:30:00,0.0
2024-10-18 11:30:00,0.0
2024-10-18 12:30:00,0.0
2024-10-18 13:30:00,0.0
2024-10-18 14:30:00,0.0
2024-10-18 15:30:00,0.0
2024-10-21 09:30:00,-0.01978966360832595
2024-10-21 10:30:00,-0.007232782306052171
2024-10-21 11:30:00,0.0006831476038941307
2024-10-21 12:30:00,-0.00047325330390989213
2024-10-21 13:30:00,-0.0025352622321436914
2024-10-21 14:30:00,-0.0008498119251353234
2024-10-21 15:30:00,0.0010396449558203965
2024-10-22 09:30:00,-0.001375037388179944
2024-10-22 10:30:00,-0.0022211480059410806
2024-10-22 11:30:00,-0.0007050788739438365
2024-10-22 12:30:00,0.0004396144759516449
2024-10-22 13:30:00,0.00013514071518050483
2024-10-22 14:30:00,-0.001166107303088775
2024-10-22 15:30:00,-0.004811871894487263
2024-10-23 09:30:00,4.011983992391983e-05
2024-10-23 10:30:00,-0.00407783231897209
2024-10-23 11:30:00,-0.0024590376423326166
2024-10-23 12:30:00,-0.0012858988791975825
2024-10-23 13:30:00,-0.002702999514175724
2024-10-23 14:30:00,0.002540940808433135
2024-10-23 15:30:00,-0.0008490753953416188
2024-10-24 09:30:00,-0.0030418616017127966
2024-10-24 10:30:00,-0.003075483773600262
2024-10-24 11:30:00,-0.002272580722643063
2024-10-24 12:30:00,0.001121709692131274
2024-10-24 13:30:00,-0.001943347915656395
2024-10-24 14:30:00,-0.0027091971060184453
2024-10-24 15:30:00,-0.0019341328990540743
2024-10-25 09:30:00,0.0058526757274851415
2024-10-25 10:30:00,-0.003378178010013049
2024-10-25 11:30:00,-0.0013212380349615295
2024-10-25 12:30:00,-0.004856927154863388
2024-10-25 13:30:00,-0.002676312332283758
2024-10-25 14:30:00,-0.00145110469800565
2024-10-25 15:30:00,-0.0016380358544159192
2024-10-28 09:30:00,0.002794992239500533
2024-10-28 10:30:00,-0.001885946835844581
2024-10-28 11:30:00,-0.0015388712621653192
2024-10-28 12:30:00,-0.002029934237426894
2024-10-28 13:30:00,0.0
2024-10-28 14:30:00,0.0
2024-10-28 15:30:00,0.0
2024-10-29 09:30:00,-0.034676522044446385
2024-10-29 10:30:00,-7.84402579230173e-05
2024-10-29 11:30:00,0.0011909678937111878
2024-10-29 12:30:00,0.0003786382478104986
2024-10-29 13:30:00,-0.0037346178349460073
2024-10-29 14:30:00,-0.00022594593363622266
2024-10-29 15:30:00,-0.0028451647308848963
2024-10-30 09:30:00,-0.0007710358443615053
2024-10-30 10:30:00,-0.0008543987328726013
2024-10-30 11:30:00,0.00293827883090202
2024-10-30 12:30:00,-0.0035209898931864592
2024-10-30 13:30:00,-0.0013116642267319448
2024-10-30 14:30:00,-0.0010242367849809188
2024-10-30 15:30:00,0.0
2024-10-31 09:30:00,-0.09040267205041319
2024-10-31 10:30:00,-0.0029548881613355718
2024-10-31 11:30:00,-0.0004484624149902241
2024-10-31 12:30:00,-0.0029693872848255247
2024-10-31 13:30:00,-0.006443594768654231
2024-10-31 14:30:00,-0.002264958370770136
2024-10-31 15:30:00,-0.0008782256544945068
2024-11-01 09:30:00,0.008988908537178718
2024-11-01 10:30:00,-0.000961352724140129
2024-11-01 11:30:00,-0.004383115553518845
2024-11-01 12:30:00,-0.0022848518806623634
2024-11-01 13:30:00,-0.003817204559547848
2024-11-01 14:30:00,-1.0860378467097195e-05
2024-11-01 15:30:00,-0.005324465405677391
2024-11-04 09:30:00,0.009876108630336035
2024-11-04 10:30:00,-0.00652812292293931
2024-11-04 11:30:00,-0.0017032767560360754
2024-11-04 12:30:00,-0.0015849657810294063
2024-11-04 13:30:00,-0.0006296889065101388
2024-11-04 14:30:00,-0.00043099017196656015
2024-11-04 15:30:00,0.0008447523255324116
2024-11-05 09:30:00,0.004197106695199888
2024-11-05 10:30:00,0.0013922725692628486
2024-11-05 11:30:00,-0.00045472568808396145
2024-11-05 12:30:00,0.0017061384376967758
2024-11-05 13:30:00,-0.0003953729926504826
2024-11-05 14:30:00,0.0
2024-11-05 15:30:00,0.0
2024-11-06 09:30:00,-0.045613299444267556
2024-11-06 10:30:00,-0.0015118331685581624
2024-11-06 11:30:00,-0.0002966615146355481
2024-11-06 12:30:00,0.0025473737070738976
2024-11-06 13:30:00,0.0014565521853240901
2024-11-06 14:30:00,-0.0024084167302941485
2024-11-06 15:30:00,-0.002255871129950187
2024-11-07 09:30:00,0.005359426476898522
2024-11-07 10:30:00,-0.0005598994939237092
2024-11-07 11:30:00,-0.0006934504686236511
2024-11-07 12:30:00,-0.004106847333534551
2024-11-07 13:30:00,-0.0032428613523726828
2024-11-07 14:30:00,0.002489538372887824
2024-11-07 15:30:00,0.0
2024-11-08 09:30:00,0.0
2024-11-08 10:30:00,0.0
2024-11-08 11:30:00,0.0
2024-11-08 12:30:00,0.0
2024-11-08 13:30:00,0.0
2024-11-08 14:30:00,0.0
2024-11-08 15:30:00,0.0
2024-11-11 09:30:00,0.0
2024-11-11 10:30:00,0.0
2024-11-11 11:30:00,0.0
2024-11-11 12:30:00,0.0
2024-11-11 13:30:00,0.0
2024-11-11 14:30:00,0.0
2024-11-11 15:30:00,0.0
2024-11-12 09:30:00,-0.02038453026908215
2024-11-12 10:30:00,-0.0025978063866845917
2024-11-12 11:30:00,-0.005224678283865674
2024-11-12 12:30:00,-0.0004575489837265736
2024-11-12 13:30:00,0.0018480522006534836
2024-11-12 14:30:00,0.00020446475354975549
2024-11-12 15:30:00,-0.002285971375757827
2024-11-13 09:30:00,-0.001860904266854412
2024-11-13 10:30:00,0.0006030139287306066
2024-11-13 11:30:00,-0.0015696147481257352
2024-11-13 12:30:00,-0.0010486468459620694
2024-11-13 13:30:00,-0.0013840262352551361
2024-11-13 14:30:00,-0.0006549290488735473
2024-11-13 15:30:00,0.0
2024-11-14 09:30:00,0.0
2024-11-14 10:30:00,0.0
2024-11-14 11:30:00,0.0
2024-11-14 12:30:00,0.0
2024-11-14 13:30:00,0.0
2024-11-14 14:30:00,0.0
2024-11-14 15:30:00,0.0
2024-11-15 09:30:00,-0.04194712699336975
2024-11-15 10:30:00,-0.0009496088122424853
2024-11-15 11:30:00,-0.0016940344867198245
2024-11-15 12:30:00,-0.0014249140281270881
2024-11-15 13:30:00,-0.002555814511467918
2024-11-15 14:30:00,-0.002042649480825908
2024-11-15 15:30:00,-0.001656693325919533
2024-11-18 09:30:00,-0.0028202226161854463
2024-11-18 10:30:00,-0.0004885971453192298
2024-11-18 11:30:00,-0.0009798648076182683
2024-11-18 12:30:00,-0.0002888355286641989
2024-11-18 13:30:00,-0.002292125781708303
2024-11-18 14:30:00,0.001391705411611933
2024-11-18 15:30:00,0.0
2024-11-19 09:30:00,-0.026558644092603535
2024-11-19 10:30:00,0.00288572545833753
2024-11-19 11:30:00,-0.0013028380378995888
2024-11-19 12:30:00,-0.001920339774998996
2024-11-19 13:30:00,0.0027536713873416285
2024-11-19 14:30:00,-0.0019314907741249934
2024-11-19 15:30:00,-0.0014095100365065052
2024-11-20 09:30:00,-0.005233240049466386
2024-11-20 10:30:00,-0.0016988543297109461
2024-11-20 11:30:00,0.0002779089236264196
2024-11-20 12:30:00,0.00025732526855468205
2024-11-20 13:30:00,-0.0004455067286651285
2024-11-20 14:30:00,0.0015248217197044289
2024-11-20 15:30:00,0.0
2024-11-21 09:30:00,0.0
2024-11-21 10:30:00,0.0
2024-11-21 11:30:00,0.0
2024-11-21 12:30:00,0.0
2024-11-21 13:30:00,0.0
2024-11-21 14:30:00,0.0
2024-11-21 15:30:00,0.0
2024-11-22 09:30:00,0.0
2024-11-22 10:30:00,0.0
2024-11-22 11:30:00,0.0
2024-11-22 12:30:00,0.0
2024-11-22 13:30:00,0.0
2024-11-22 14:30:00,0.0
2024-11-22 15:30:00,0.0
2024-11-25 09:30:00,0.0
2024-11-25 10:30:00,0.0
2024-11-25 11:30:00,0.0
2024-11-25 12:30:00,0.0
2024-11-25 13:30:00,0.0
2024-11-25 14:30:00,0.0
2024-11-25 15:30:00,0.0
2024-11-26 09:30:00,0.0
2024-11-26 10:30:00,0.0
2024-11-26 11:30:00,0.0
2024-11-26 12:30:00,0.0
2024-11-26 13:30:00,0.0
2024-11-26 14:30:00,0.0
2024-11-26 15:30:00,0.0
2024-11-27 09:30:00,0.0
2024-11-27 10:30:00,0.0
2024-11-27 11:30:00,0.0
2024-11-27 12:30:00,0.0
2024-11-27 13:30:00,0.0
2024-11-27 14:30:00,0.0
2024-11-27 15:30:00,0.0
2024-11-29 09:30:00,0.0
2024-11-29 10:30:00,0.0
2024-11-29 11:30:00,0.0
2024-11-29 12:30:00,0.0
2024-12-02 09:30:00,0.0
2024-12-02 10:30:00,0.0
2024-12-02 11:30:00,0.0
2024-12-02 12:30:00,0.0
2024-12-02 13:30:00,0.0
2024-12-02 14:30:00,0.0
2024-12-02 15:30:00,0.0
2024-12-03 09:30:00,0.0
2024-12-03 10:30:00,-0.005607940653131687
2024-12-03 11:30:00,0.00015932544636413455
2024-12-03 12:30:00,0.000650238212009003
2024-12-03 13:30:00,-0.0021732902058914307
2024-12-03 14:30:00,-0.0009459356278810717
2024-12-03 15:30:00,-0.0034398026771897895
2024-12-04 09:30:00,-0.0010937219287095504
2024-12-04 10:30:00,7.197673161253386e-05
2024-12-04 11:30:00,-0.0019054562553446276
2024-12-04 12:30:00,-0.002251043917477812
2024-12-04 13:30:00,-0.00044682714955034315
2024-12-04 14:30:00,0.0006885416869433511
2024-12-04 15:30:00,0.0005977947122659819
2024-12-05 09:30:00,-0.02974258388547175
2024-12-05 10:30:00,-0.003551043718356694
2024-12-05 11:30:00,-0.0009491134207352139
2024-12-05 12:30:00,-0.000690528424958208
2024-12-05 13:30:00,-0.002528845271371876
2024-12-05 14:30:00,-0.0004717970667478191
2024-12-05 15:30:00,-0.0011824471108662184
2024-12-06 09:30:00,0.0008359982604019443
2024-12-06 10:30:00,-0.003765816289514278
2024-12-06 11:30:00,-0.0011897130015906523
2024-12-06 12:30:00,-0.0009831387742033951
2024-12-06 13:30:00,-0.002762931740963575
2024-12-06 14:30:00,-0.0010142697271681759
2024-12-06 15:30:00,0.0
2024-12-09 09:30:00,-0.03943901614824151
2024-12-09 10:30:00,-0.004610939829694848
2024-12-09 11:30:00,-0.004130326504027514
2024-12-09 12:30:00,-0.0004583040241744043
2024-12-09 13:30:00,-0.0010472181290969043
2024-12-09 14:30:00,-0.002701341805255957
2024-12-09 15:30:00,-0.002557566917403619
2024-12-10 09:30:00,-0.004781212969959862
2024-12-10 10:30:00,0.0044731702844289685
2024-12-10 11:30:00,-0.0036348359564669966
2024-12-10 12:30:00,-0.004974451347196322
2024-12-10 13:30:00,-0.001601231208084102
2024-12-10 14:30:00,-0.0006873151505524969
2024-12-10 15:30:00,-0.003125586612070046
2024-12-11 09:30:00,0.0071061021716432695
2024-12-11 10:30:00,-0.000551178670483248
2024-12-11 11:30:00,-0.0012106949377288503
2024-12-11 12:30:00,0.00123510626955995
2024-12-11 13:30:00,-0.0010401594634428237
2024-12-11 14:30:00,-0.00046469047172158966
2024-12-11 15:30:00,-0.0014537229286881105
2024-12-12 09:30:00,-0.0013241253759111995
2024-12-12 10:30:00,0.0013222295002868652
2024-12-12 11:30:00,-0.001754463454836435
2024-12-12 12:30:00,0.00047736497460629896
2024-12-12 13:30:00,-0.003512861534238603
2024-12-12 14:30:00,0.0
2024-12-12 15:30:00,0.0
2024-12-13 09:30:00,-0.0201246602304256
2024-12-13 10:30:00,-2.214473723728878e-05
2024-12-13 11:30:00,-0.004776171013575713
2024-12-13 12:30:00,-0.0006908441070210816
2024-12-13 13:30:00,-0.0013461809638163672
2024-12-13 14:30:00,-0.00035308286608752766
2024-12-13 15:30:00,0.0009987236838094335
2024-12-16 09:30:00,-0.0015944943099757349
2024-12-16 10:30:00,-0.0029938697185591216
2024-12-16 11:30:00,-0.00029833285703946186
2024-12-16 12:30:00,-0.0022694914266919598
2024-12-16 13:30:00,-0.003083610499318739
2024-12-16 14:30:00,-0.002276259846752892
2024-12-16 15:30:00,-0.003860494517967527
2024-12-17 09:30:00,0.0022362153675792094
2024-12-17 10:30:00,-0.006995254941194944
2024-12-17 11:30:00,-0.00047977775014048014
2024-12-17 12:30:00,-0.0014171676580124017
2024-12-17 13:30:00,-0.0023492574180533957
2024-12-17 14:30:00,-0.003843203623811119
2024-12-17 15:30:00,-0.0011305662851117605
2024-12-18 09:30:00,-0.0025969661430704717
2024-12-18 10:30:00,-0.0009210960938476722
2024-12-18 11:30:00,0.0009705703460553003
2024-12-18 12:30:00,-0.0036554975608483744
2024-12-18 13:30:00,-0.008321047773273499
2024-12-18 14:30:00,-0.020295426828464157
2024-12-18 15:30:00,-0.014266674911149413
2024-12-19 09:30:00,-0.003825588617083696
2024-12-19 10:30:00,0.003757838165009032
2024-12-19 11:30:00,-0.008538252753956631
2024-12-19 12:30:00,0.0016494386605333151
2024-12-19 13:30:00,-0.0015133354104697508
2024-12-19 14:30:00,-0.0004399788972886612
2024-12-19 15:30:00,-0.005302054366698149
2024-12-20 09:30:00,0.008631203045339226
2024-12-20 10:30:00,0.008698670179317868
2024-12-20 11:30:00,0.0035692593406905625
2024-12-20 12:30:00,-0.007969497883949128
2024-12-20 13:30:00,0.0
2024-12-20 14:30:00,0.0
2024-12-20 15:30:00,0.0
2024-12-23 09:30:00,0.0
2024-12-23 10:30:00,0.0
2024-12-23 11:30:00,0.0
2024-12-23 12:30:00,0.0
2024-12-23 13:30:00,0.0
2024-12-23 14:30:00,0.0
2024-12-23 15:30:00,0.0
2024-12-24 09:30:00,0.0
2024-12-24 10:30:00,0.0
2024-12-24 11:30:00,0.0
2024-12-24 12:30:00,0.0
2024-12-26 09:30:00,0.0
2024-12-26 10:30:00,0.0
2024-12-26 11:30:00,0.0
2024-12-26 12:30:00,0.0
2024-12-26 13:30:00,0.0
2024-12-26 14:30:00,0.0
2024-12-26 15:30:00,0.0
2024-12-27 09:30:00,0.0
2024-12-27 10:30:00,0.0
2024-12-27 11:30:00,0.0
2024-12-27 12:30:00,0.0
2024-12-27 13:30:00,0.0
2024-12-27 14:30:00,0.0
2024-12-27 15:30:00,0.0
2024-12-30 09:30:00,-0.025630392579717463
2024-12-30 10:30:00,0.005426568693196794
2024-12-30 11:30:00,0.001900881288043272
2024-12-30 12:30:00,-0.0010816335191551276
2024-12-30 13:30:00,-0.0007964488328761224
2024-12-30 14:30:00,-0.002034909210283319
2024-12-30 15:30:00,-0.0025389413586949065
2024-12-31 09:30:00,0.0036987980421842436
2024-12-31 10:30:00,-0.004290296699076717
2024-12-31 11:30:00,-0.0025545175616647087
2024-12-31 12:30:00,-0.001513586920453646
2024-12-31 13:30:00,-0.0011681819569283594
2024-12-31 14:30:00,0.0016710153796050627
2024-12-31 15:30:00,0.0
2025-01-02 09:30:00,0.0
2025-01-02 10:30:00,0.0
2025-01-02 11:30:00,0.0
2025-01-02 12:30:00,-0.006977265224337341
2025-01-02 13:30:00,0.0004312812415367027
2025-01-02 14:30:00,0.0014012635215699906
2025-01-02 15:30:00,-0.0019515345746551884
2025-01-03 09:30:00,0.003862189208933698
2025-01-03 10:30:00,-0.0011105478069867937
2025-01-03 11:30:00,-0.00047177122753078084
2025-01-03 12:30:00,-0.0004364858053275125
2025-01-03 13:30:00,-0.0005887086440801595
2025-01-03 14:30:00,-0.0017011090196671344
2025-01-03 15:30:00,-0.002747007379487331
2025-01-06 09:30:00,0.006778921446075926
2025-01-06 10:30:00,-0.0025978155821331
2025-01-06 11:30:00,-0.0018929560438568519
2025-01-06 12:30:00,-0.0029655814566681583
2025-01-06 13:30:00,-0.002281442493259938
2025-01-06 14:30:00,-0.003026668141487098
2025-01-06 15:30:00,-0.0015951219195542534
2025-01-07 09:30:00,0.005910275056622639
2025-01-07 10:30:00,-0.0031357846019783742
2025-01-07 11:30:00,-0.0013101867461898166
2025-01-07 12:30:00,-0.0006896413175857754
2025-01-07 13:30:00,-0.002820270425018261
2025-01-07 14:30:00,-0.004239768480029681
2025-01-07 15:30:00,0.0007796429802213465
2025-01-08 09:30:00,-0.0042982600437319815
2025-01-08 10:30:00,-0.0032404529641383286
2025-01-08 11:30:00,-0.006405747427223556
2025-01-08 12:30:00,0.0037337348591571515
2025-01-08 13:30:00,0.0015804981017528592
2025-01-08 14:30:00,2.9949776204569404e-05
2025-01-08 15:30:00,0.0018028740725560054
2025-01-10 09:30:00,-0.02197155226488433
2025-01-10 10:30:00,-0.004360429561968986
2025-01-10 11:30:00,-0.0031559640076539155
2025-01-10 12:30:00,0.004122632709968466
2025-01-10 13:30:00,-0.0011153060993004883
2025-01-10 14:30:00,-0.004403042410822077
2025-01-10 15:30:00,-0.002734475789573936
2025-01-13 09:30:00,-0.035383131063350476
2025-01-13 10:30:00,-0.0007814829188435948
2025-01-13 11:30:00,0.0027079677142271006
2025-01-13 12:30:00,0.0018563141525526246
2025-01-13 13:30:00,-0.00018496597115114002
2025-01-13 14:30:00,-0.0017682922927984115
2025-01-13 15:30:00,0.0020845757321106004
2025-01-14 09:30:00,0.002199267100062908
2025-01-14 10:30:00,-0.0035972115712987855
2025-01-14 11:30:00,-0.002201556965846601
2025-01-14 12:30:00,0.0025118584239872906
2025-01-14 13:30:00,-0.003272393446688903
2025-01-14 14:30:00,-9.652160668674936e-05
2025-01-14 15:30:00,0.0
2025-01-15 09:30:00,0.0
2025-01-15 10:30:00,0.0
2025-01-15 11:30:00,0.0
2025-01-15 12:30:00,0.0
2025-01-15 13:30:00,0.0
2025-01-15 14:30:00,0.0
2025-01-15 15:30:00,0.0
2025-01-16 09:30:00,0.0
2025-01-16 10:30:00,0.0
2025-01-16 11:30:00,0.0
2025-01-16 12:30:00,0.0
2025-01-16 13:30:00,0.0
2025-01-16 14:30:00,0.0
2025-01-16 15:30:00,0.0
2025-01-17 09:30:00,0.0
2025-01-17 10:30:00,0.0
2025-01-17 11:30:00,0.0
2025-01-17 12:30:00,0.0
2025-01-17 13:30:00,0.0
2025-01-17 14:30:00,0.0
2025-01-17 15:30:00,0.0
2025-01-21 09:30:00,0.0
2025-01-21 10:30:00,0.0
2025-01-21 11:30:00,0.0
2025-01-21 12:30:00,0.0
2025-01-21 13:30:00,0.0
2025-01-21 14:30:00,0.0
2025-01-21 15:30:00,0.0
2025-01-22 09:30:00,0.0
2025-01-22 10:30:00,0.0
2025-01-22 11:30:00,0.0
2025-01-22 12:30:00,0.0
2025-01-22 13:30:00,0.0
2025-01-22 14:30:00,0.0
2025-01-22 15:30:00,0.0
2025-01-23 09:30:00,0.0
2025-01-23 10:30:00,0.0
2025-01-23 11:30:00,0.0
2025-01-23 12:30:00,0.0
2025-01-23 13:30:00,0.0
2025-01-23 14:30:00,0.0
2025-01-23 15:30:00,0.0
2025-01-24 09:30:00,0.0
2025-01-24 10:30:00,0.0
2025-01-24 11:30:00,0.0
2025-01-24 12:30:00,0.0
2025-01-24 13:30:00,0.0
2025-01-24 14:30:00,0.0
2025-01-24 15:30:00,0.0
2025-01-27 09:30:00,-0.1263733833650113
2025-01-27 10:30:00,-0.02132479884459691
2025-01-27 11:30:00,0.00746098317211485
2025-01-27 12:30:00,-0.014551538528500416
2025-01-27 13:30:00,0.0072263673490724325
2025-01-27 14:30:00,-0.005336989703262279
2025-01-27 15:30:00,0.004928257093626782
2025-01-28 09:30:00,0.004115453046344693
2025-01-28 10:30:00,-0.015835974891750638
2025-01-28 11:30:00,0.00889959312605294
2025-01-28 12:30:00,0.0010441858889568452
2025-01-28 13:30:00,0.008060884701147696
2025-01-28 14:30:00,0.004288706254691205
2025-01-28 15:30:00,0.0
2025-01-29 09:30:00,-0.0286286076709259
2025-01-29 10:30:00,-0.001962598060907138
2025-01-29 11:30:00,0.003049106912510758
2025-01-29 12:30:00,-0.0006929099490491577
2025-01-29 13:30:00,-0.0076822214617991704
2025-01-29 14:30:00,0.0021858004313242314
2025-01-29 15:30:00,-0.004971255762603876
2025-01-30 09:30:00,0.008782652026260818
2025-01-30 10:30:00,0.0017284903920237247
2025-01-30 11:30:00,-0.005340874253777172
2025-01-30 12:30:00,0.0035382896472573987
2025-01-30 13:30:00,-0.0008930043896759434
2025-01-30 14:30:00,0.0008865034956138059
2025-01-30 15:30:00,0.0
2025-01-31 09:30:00,-0.03804440563308968
2025-01-31 10:30:00,0.002136964463168135
2025-01-31 11:30:00,0.002214065720492909
2025-01-31 12:30:00,-0.0017540991221468342
2025-01-31 13:30:00,-0.007657532334696315
2025-01-31 14:30:00,-0.0016154114329219474
2025-01-31 15:30:00,-0.004642486754249435
2025-02-03 09:30:00,-0.0020405149609118147
2025-02-03 10:30:00,-0.0015405004183643369
2025-02-03 11:30:00,-0.0016312447083549277
2025-02-03 12:30:00,-0.002996791550829868
2025-02-03 13:30:00,0.0025280738760134823
2025-02-03 14:30:00,-0.0018133005799474402
2025-02-03 15:30:00,-0.003335412658330027
2025-02-04 09:30:00,0.006320512286933034
2025-02-04 10:30:00,0.00411584219389063
2025-02-04 11:30:00,-0.003997451904551296
2025-02-04 12:30:00,-0.000908420014749566
2025-02-04 13:30:00,0.0006000929590694213
2025-02-04 14:30:00,-0.002872946654238572
2025-02-04 15:30:00,-0.001737384395332308
2025-02-05 09:30:00,-0.0019076976560067674
2025-02-05 10:30:00,-0.003695023585432782
2025-02-05 11:30:00,-0.0014875113981172795
2025-02-05 12:30:00,0.0002677108506928768
2025-02-05 13:30:00,-5.962482792293744e-05
2025-02-05 14:30:00,0.0
2025-02-05 15:30:00,0.0
2025-02-06 09:30:00,-0.05234214209578188
2025-02-06 10:30:00,-0.002812820408736904
2025-02-06 11:30:00,-0.0028086588091997037
2025-02-06 12:30:00,-0.002274395089816538
2025-02-06 13:30:00,-0.003786582743780586
2025-02-06 14:30:00,-0.0009178167262864292
2025-02-06 15:30:00,0.0009954289137163127
2025-02-07 09:30:00,-0.0005146578483850575
2025-02-07 10:30:00,-0.001682735751228869
2025-02-07 11:30:00,-0.0006947361178544045
2025-02-07 12:30:00,-0.0002602661915293228
2025-02-07 13:30:00,-0.002362243957953202
2025-02-07 14:30:00,-0.0013565927053386041
2025-02-07 15:30:00,0.0
2025-02-10 09:30:00,-0.02727105604871315
2025-02-10 10:30:00,-0.0020798246692758197
2025-02-10 11:30:00,0.002084253233319861
2025-02-10 12:30:00,0.0008910223815188753
2025-02-10 13:30:00,-0.0016095174654403457
2025-02-10 14:30:00,-0.002258087950111758
2025-02-10 15:30:00,-0.0007943832750304627
2025-02-11 09:30:00,-0.007292405365661208
2025-02-11 10:30:00,-0.0008159103027870976
2025-02-11 11:30:00,-0.00278229005400643
2025-02-11 12:30:00,-0.0021476676506559426
2025-02-11 13:30:00,0.0006746730181828595
2025-02-11 14:30:00,0.0010349946067651837
2025-02-11 15:30:00,0.0
2025-02-12 09:30:00,-0.036661745504440985
2025-02-12 10:30:00,0.0008947782427297444
2025-02-12 11:30:00,0.005887934420668146
2025-02-12 12:30:00,-0.002356604998853983
2025-02-12 13:30:00,-0.002006484660684642
2025-02-12 14:30:00,-0.0006617220004467841
2025-02-12 15:30:00,-2.8427982819949913e-05
2025-02-13 09:30:00,0.004600725944433055
2025-02-13 10:30:00,0.0005238013672266349
2025-02-13 11:30:00,-0.00043211678545356153
2025-02-13 12:30:00,-0.0037608683668861266
2025-02-13 13:30:00,0.0026901102010701405
2025-02-13 14:30:00,0.0013893236506150996
2025-02-13 15:30:00,0.0
2025-02-14 09:30:00,-0.03954125665434145
2025-02-14 10:30:00,-0.0039012771899761536
2025-02-14 11:30:00,-0.005845233560560896
2025-02-14 12:30:00,0.0011592200349038804
2025-02-14 13:30:00,-0.0029998503778580535
2025-02-14 14:30:00,-0.0033750009842127273
2025-02-14 15:30:00,-0.0019345457284258342
2025-02-18 09:30:00,-0.005091228729187851
2025-02-18 10:30:00,-0.0013257995705785223
2025-02-18 11:30:00,-0.0022302648925187564
2025-02-18 12:30:00,5.369843276365697e-06
2025-02-18 13:30:00,-0.0012673110088143639
2025-02-18 14:30:00,0.0007091574219057104
2025-02-18 15:30:00,0.0
2025-02-19 09:30:00,-0.019673537228811683
2025-02-19 10:30:00,-0.002137137011399186
2025-02-19 11:30:00,-0.0013258003798922882
2025-02-19 12:30:00,0.0011104848016292922
2025-02-19 13:30:00,0.00277251473482626
2025-02-19 14:30:00,-0.0003901622199072632
2025-02-19 15:30:00,0.000573349598296403
2025-02-20 09:30:00,-0.008264286567482713
2025-02-20 10:30:00,-0.0026017943719558226
2025-02-20 11:30:00,-0.0014775462577374045
2025-02-20 12:30:00,-0.002063568216155164
2025-02-20 13:30:00,0.0018523150889125047
2025-02-20 14:30:00,-0.0007266869362225917
2025-02-20 15:30:00,0.0
2025-02-21 09:30:00,-0.04996511203331949
2025-02-21 10:30:00,-0.0029687173092186984
2025-02-21 11:30:00,-0.004825041885849434
2025-02-21 12:30:00,-0.010061308142134701
2025-02-21 13:30:00,-0.0025764751345294813
2025-02-21 14:30:00,0.000576257329159858
2025-02-21 15:30:00,-0.003363528661876496
2025-02-24 09:30:00,-0.01849962708735454
2025-02-24 10:30:00,0.005004671035772557
2025-02-24 11:30:00,0.001357174583522309
2025-02-24 12:30:00,0.0006876736481368504
2025-02-24 13:30:00,-0.0032694721100348647
2025-02-24 14:30:00,-0.0023990027774206495
2025-02-24 15:30:00,0.0
2025-02-25 09:30:00,-0.059749659982436774
2025-02-25 10:30:00,0.0036759184740332027
2025-02-25 11:30:00,0.005411725888504754
2025-02-25 12:30:00,-0.00016930653966964386
2025-02-25 13:30:00,-0.00270030389075117
2025-02-25 14:30:00,0.01112978481434724
2025-02-25 15:30:00,-0.0064132847377202365
2025-02-26 09:30:00,0.009892714979612617
2025-02-26 10:30:00,0.005341338090824855
2025-02-26 11:30:00,0.000835667924526746
2025-02-26 12:30:00,-0.011507706699562591
2025-02-26 13:30:00,-0.003315380828880986
2025-02-26 14:30:00,0.000782471978523248
2025-02-26 15:30:00,0.0
2025-02-27 09:30:00,0.0
2025-02-27 10:30:00,0.0
2025-02-27 11:30:00,0.0
2025-02-27 12:30:00,0.0
2025-02-27 13:30:00,0.0
2025-02-27 14:30:00,-0.012592170347089263
2025-02-27 15:30:00,-0.005601615763214972
2025-02-28 09:30:00,7.386632680126499e-05
2025-02-28 10:30:00,-0.008841634078365097
2025-02-28 11:30:00,-0.00020284557116055277
2025-02-28 12:30:00,-0.008292562087831617
2025-02-28 13:30:00,-0.0002945927253147787
2025-02-28 14:30:00,0.007268085389578239
2025-02-28 15:30:00,0.003886763593034837
2025-03-03 09:30:00,0.005457995426265256
2025-03-03 10:30:00,-0.005555377002289978
2025-03-03 11:30:00,0.001204361761035123
2025-03-03 12:30:00,-0.010554891195309484
2025-03-03 13:30:00,0.0
2025-03-03 14:30:00,-0.017988349126365023
2025-03-03 15:30:00,0.0014424775364573492
2025-03-04 09:30:00,-0.0291911924674945
2025-03-04 10:30:00,-0.003277241461575252
2025-03-04 11:30:00,0.009957532215683795
2025-03-04 12:30:00,0.0018381672749722307
2025-03-04 13:30:00,0.004119458010343153
2025-03-04 14:30:00,0.0021740061644463637
2025-03-04 15:30:00,-0.013945000022100279
2025-03-05 09:30:00,0.009230435178071011
2025-03-05 10:30:00,-0.006584272300442145
2025-03-05 11:30:00,0.005016531607401765
2025-03-05 12:30:00,-0.0008850619733420208
2025-03-05 13:30:00,0.0
2025-03-05 14:30:00,0.0
2025-03-05 15:30:00,0.0
2025-03-06 09:30:00,-0.030121251771088504
2025-03-06 10:30:00,0.004837822694468803
2025-03-06 11:30:00,-0.009344955894413885
2025-03-06 12:30:00,-0.0016726927496436275
2025-03-06 13:30:00,-0.0002265844035860545
2025-03-06 14:30:00,0.0010072227670812903
2025-03-06 15:30:00,-0.004535318768156597
2025-03-07 09:30:00,0.0032891559127784086
2025-03-07 10:30:00,-0.008334880786581804
2025-03-07 11:30:00,-0.0006270796089982092
2025-03-07 12:30:00,0.005790069388641473
2025-03-07 13:30:00,0.002042740725963655
2025-03-07 14:30:00,-0.0026437753425897982
2025-03-07 15:30:00,0.0
2025-03-10 09:30:00,-0.059069292762104895
2025-03-10 10:30:00,0.0021300839921228453
2025-03-10 11:30:00,-0.005262132289474069
2025-03-10 12:30:00,-0.007048475696183481
2025-03-10 13:30:00,-0.007524730163195542
2025-03-10 14:30:00,0.0005898738435919102
2025-03-10 15:30:00,-0.004863874578174248
2025-03-11 09:30:00,-0.0004748964898254207
2025-03-11 10:30:00,0.0042983564646737644
2025-03-11 11:30:00,-0.00346070696858165
2025-03-11 12:30:00,-0.009114928910237428
2025-03-11 13:30:00,0.012869483331062439
2025-03-11 14:30:00,0.0005016588569525147
2025-03-11 15:30:00,0.0
2025-03-12 09:30:00,-0.02136193998929014
2025-03-12 10:30:00,-0.0015620213162537192
2025-03-12 11:30:00,0.0016464106116789732
2025-03-12 12:30:00,0.0013362114981903548
2025-03-12 13:30:00,-0.00016911818268068222
2025-03-12 14:30:00,0.00018882480505686512
2025-03-12 15:30:00,-0.0030718476074959302
2025-03-13 09:30:00,0.00015844485718840098
2025-03-13 10:30:00,-0.002304692272454666
2025-03-13 11:30:00,-0.002081590854832526
2025-03-13 12:30:00,-0.0015531899932656015
2025-03-13 13:30:00,-0.0005799846025161916
2025-03-13 14:30:00,-0.0008198231071319442
2025-03-13 15:30:00,0.0
2025-03-14 09:30:00,0.0
2025-03-14 10:30:00,0.0
2025-03-14 11:30:00,0.0
2025-03-14 12:30:00,0.0
2025-03-14 13:30:00,0.0
2025-03-14 14:30:00,0.0
2025-03-14 15:30:00,0.0
2025-03-17 09:30:00,0.0
2025-03-17 10:30:00,0.0
2025-03-17 11:30:00,0.0
2025-03-17 12:30:00,0.0
2025-03-17 13:30:00,0.0
2025-03-17 14:30:00,0.0
2025-03-17 15:30:00,0.0
2025-03-18 09:30:00,0.0
2025-03-18 10:30:00,0.0
2025-03-18 11:30:00,0.0
2025-03-18 12:30:00,0.0
2025-03-18 13:30:00,0.0
2025-03-18 14:30:00,0.0
2025-03-18 15:30:00,0.0
2025-03-19 09:30:00,0.0
2025-03-19 10:30:00,0.0
2025-03-19 11:30:00,0.0
2025-03-19 12:30:00,0.0
2025-03-19 13:30:00,0.0
2025-03-19 14:30:00,0.0
2025-03-19 15:30:00,0.0
2025-03-20 09:30:00,0.0
2025-03-20 10:30:00,0.0
2025-03-20 11:30:00,0.0
2025-03-20 12:30:00,0.0
2025-03-20 13:30:00,0.0
2025-03-20 14:30:00,0.0
2025-03-20 15:30:00,0.0
2025-03-21 09:30:00,-0.030858188715786366
2025-03-21 10:30:00,0.0031004511613050073
2025-03-21 11:30:00,0.0041284531911301115
2025-03-21 12:30:00,0.0008758191734966566
2025-03-21 13:30:00,-0.0006683067172825787
2025-03-21 14:30:00,-0.000424588809282316
2025-03-21 15:30:00,0.0026259390609101106
2025-03-24 09:30:00,0.013584756900856237
2025-03-24 10:30:00,0.0002561833024326285
2025-03-24 11:30:00,-0.002277597397433278
2025-03-24 12:30:00,-0.0028046888626628123
2025-03-24 13:30:00,-0.005832273065757381
2025-03-24 14:30:00,0.0052010828108395475
2025-03-24 15:30:00,0.0
2025-03-25 09:30:00,-0.016467743137736135
2025-03-25 10:30:00,-0.003800918964120852
2025-03-25 11:30:00,-0.0038667396573760105
2025-03-25 12:30:00,0.0018668701669936182
2025-03-25 13:30:00,-0.0023275300639113363
2025-03-25 14:30:00,-0.004234024792138157
2025-03-25 15:30:00,0.001581886098722863
2025-03-26 09:30:00,0.010432498593394707
2025-03-26 10:30:00,-0.001685574722950877
2025-03-26 11:30:00,0.0005729363289905484
2025-03-26 12:30:00,0.0018487163715076704
2025-03-26 13:30:00,-0.001595057217683087
2025-03-26 14:30:00,-0.0004074669332113914
2025-03-26 15:30:00,0.0
2025-03-27 09:30:00,-0.02561309366396037
2025-03-27 10:30:00,-0.0009100907548784057
2025-03-27 11:30:00,-0.0037335883024191543
2025-03-27 12:30:00,-0.0059689412665385405
2025-03-27 13:30:00,0.0028916294688514986
2025-03-27 14:30:00,0.004216236890642006
2025-03-27 15:30:00,-0.007226011098182066
2025-03-28 09:30:00,-0.019084536180748197
2025-03-28 10:30:00,-0.0022721666407372713
2025-03-28 11:30:00,-0.005416831104430424
2025-03-28 12:30:00,-0.00570415683552991
2025-03-28 13:30:00,0.0037339142282705913
2025-03-28 14:30:00,-0.0005584076473455982
2025-03-28 15:30:00,-0.004342407427831478
2025-03-31 09:30:00,-0.01261226177623856
2025-03-31 10:30:00,0.005649971218364914
2025-03-31 11:30:00,0.0017897233794837496
2025-03-31 12:30:00,-0.0030494021029929923
2025-03-31 13:30:00,0.0058376436571976895
2025-03-31 14:30:00,-0.0013109787320832503
2025-03-31 15:30:00,0.0017467169961702562
2025-04-01 09:30:00,-0.00925187028836828
2025-04-01 10:30:00,0.01183318112602946
2025-04-01 11:30:00,-0.003441051088884205
2025-04-01 12:30:00,-0.0029375018709626214
2025-04-01 13:30:00,-0.0073085616135527874
2025-04-01 14:30:00,0.0
2025-04-01 15:30:00,0.0
2025-04-02 09:30:00,0.0
2025-04-02 10:30:00,0.0
2025-04-02 11:30:00,0.0
2025-04-02 12:30:00,0.0
2025-04-02 13:30:00,0.0
2025-04-02 14:30:00,0.0
2025-04-02 15:30:00,0.0
2025-04-03 09:30:00,-0.10736727582704911
2025-04-03 10:30:00,-0.0031571037446560305
2025-04-03 11:30:00,0.006010536010538587
2025-04-03 12:30:00,-0.010094510007610823
2025-04-03 13:30:00,-0.003156460269450433
2025-04-03 14:30:00,-0.005777917037890922
2025-04-03 15:30:00,-0.004439595701200881
2025-04-04 09:30:00,-0.06291539707665922
2025-04-04 10:30:00,0.01587719834313813
2025-04-04 11:30:00,-0.005212253102987773
2025-04-04 12:30:00,-0.0016042624123547946
2025-04-04 13:30:00,-0.0045645078560065545
2025-04-04 14:30:00,0.005405142492929306
2025-04-04 15:30:00,-0.01189896618415684
2025-04-07 09:30:00,-0.018127954478327872
2025-04-07 10:30:00,-0.013675355997260295
2025-04-07 11:30:00,0.008600453757614628
2025-04-07 12:30:00,0.0034560771118170193
2025-04-07 13:30:00,0.002324008349255403
2025-04-07 14:30:00,-0.013626945586718592
2025-04-07 15:30:00,0.0024588143726855926
2025-04-08 09:30:00,0.01950057912339249
2025-04-08 10:30:00,-0.010325418526498698
2025-04-08 11:30:00,0.002016778610368337
2025-04-08 12:30:00,-0.02118327044072931
2025-04-08 13:30:00,-0.0026197047756358607
2025-04-08 14:30:00,-0.011466498747690568
2025-04-08 15:30:00,-0.006610326252653325
2025-04-09 09:30:00,-0.0018932837772477943
2025-04-09 10:30:00,0.0017018507788144573
2025-04-09 11:30:00,0.00045830367172384296
2025-04-09 12:30:00,0.04541966985662306
2025-04-09 13:30:00,0.022441370797859593
2025-04-09 14:30:00,-0.0012395517632587663
2025-04-09 15:30:00,0.0012165269989546875
2025-04-10 09:30:00,-0.025736914084050756
2025-04-10 10:30:00,-0.010405644881476373
2025-04-10 11:30:00,-0.01856659173573083
2025-04-10 12:30:00,0.00978629014087842
2025-04-10 13:30:00,0.0
2025-04-10 14:30:00,0.0
2025-04-10 15:30:00,0.0
2025-04-11 09:30:00,0.0
2025-04-11 10:30:00,0.0
2025-04-11 11:30:00,0.0
2025-04-11 12:30:00,0.0
2025-04-11 13:30:00,0.0
2025-04-11 14:30:00,0.0
2025-04-11 15:30:00,0.0
2025-04-14 09:30:00,0.0
2025-04-14 10:30:00,0.0
2025-04-14 11:30:00,0.0
2025-04-14 12:30:00,0.0
2025-04-14 13:30:00,0.0
2025-04-14 14:30:00,0.0
2025-04-14 15:30:00,0.0
2025-04-15 09:30:00,0.0
2025-04-15 10:30:00,0.0
2025-04-15 11:30:00,0.0
2025-04-15 12:30:00,0.0
2025-04-15 13:30:00,0.0
2025-04-15 14:30:00,0.0
2025-04-15 15:30:00,0.0
2025-04-16 09:30:00,0.0
2025-04-16 10:30:00,0.0
2025-04-16 11:30:00,0.0
2025-04-16 12:30:00,0.0
2025-04-16 13:30:00,0.0
2025-04-16 14:30:00,0.0
2025-04-16 15:30:00,0.0
2025-04-17 09:30:00,0.0
2025-04-17 10:30:00,0.0
2025-04-17 11:30:00,0.0
2025-04-17 12:30:00,0.0
2025-04-17 13:30:00,0.0
2025-04-17 14:30:00,0.0
2025-04-17 15:30:00,0.0
2025-04-21 09:30:00,0.0
2025-04-21 10:30:00,0.0
2025-04-21 11:30:00,0.0
2025-04-21 12:30:00,0.0
2025-04-21 13:30:00,0.0
2025-04-21 14:30:00,0.0
2025-04-21 15:30:00,0.0
2025-04-22 09:30:00,0.0
2025-04-22 10:30:00,0.0
2025-04-22 11:30:00,0.0
2025-04-22 12:30:00,0.0
2025-04-22 13:30:00,0.0
2025-04-22 14:30:00,0.0
2025-04-22 15:30:00,0.0
2025-04-23 09:30:00,0.0
2025-04-23 10:30:00,0.0
2025-04-23 11:30:00,0.0
2025-04-23 12:30:00,0.0
2025-04-23 13:30:00,0.0
2025-04-23 14:30:00,0.0
2025-04-23 15:30:00,0.0
2025-04-24 09:30:00,0.0
2025-04-24 10:30:00,0.0
2025-04-24 11:30:00,0.0
2025-04-24 12:30:00,0.0
2025-04-24 13:30:00,0.0
2025-04-24 14:30:00,0.0
2025-04-24 15:30:00,0.0
2025-04-25 09:30:00,-0.038138389313498944
2025-04-25 10:30:00,0.003006011588570113
2025-04-25 11:30:00,0.0024177594389254604
2025-04-25 12:30:00,-0.0009132391172481538
2025-04-25 13:30:00,0.0033628922319288495
2025-04-25 14:30:00,-0.001836408371893188
2025-04-25 15:30:00,-0.0012751708775947715
2025-04-28 09:30:00,-0.004976135803161024
2025-04-28 10:30:00,0.0018093453883305417
2025-04-28 11:30:00,-0.004528367979600149
2025-04-28 12:30:00,-0.0027663174494050803
2025-04-28 13:30:00,0.0018486260339356918
2025-04-28 14:30:00,0.0007029509070633608
2025-04-28 15:30:00,0.0
2025-04-29 09:30:00,0.0
2025-04-29 10:30:00,0.0
2025-04-29 11:30:00,0.0
2025-04-29 12:30:00,0.0
2025-04-29 13:30:00,0.0
2025-04-29 14:30:00,0.0
2025-04-29 15:30:00,0.0
2025-04-30 09:30:00,-0.04065383187948477
2025-04-30 10:30:00,0.005142971733658975
2025-04-30 11:30:00,-0.006886100332275745
2025-04-30 12:30:00,0.00302775845455452
2025-04-30 13:30:00,-0.0003807862519444585
2025-04-30 14:30:00,-0.0032772891973637023
2025-04-30 15:30:00,0.005881391203259352
2025-05-01 09:30:00,0.013875832279263586
2025-05-01 10:30:00,0.0010433345390925726
2025-05-01 11:30:00,-0.010902133134343572
2025-05-01 12:30:00,0.003285693067158108
2025-05-01 13:30:00,-0.00041077849764838885
2025-05-01 14:30:00,0.00041271564429562566
2025-05-01 15:30:00,0.0
2025-05-02 09:30:00,0.0
2025-05-02 10:30:00,0.0
2025-05-02 11:30:00,0.0
2025-05-02 12:30:00,0.0
2025-05-02 13:30:00,0.0
2025-05-02 14:30:00,0.0
2025-05-02 15:30:00,0.0
2025-05-05 09:30:00,0.0
2025-05-05 10:30:00,0.0
2025-05-05 11:30:00,0.0
2025-05-05 12:30:00,0.0
2025-05-05 13:30:00,0.0
2025-05-05 14:30:00,0.0
2025-05-05 15:30:00,0.0
2025-05-06 09:30:00,-0.028928251773299073
2025-05-06 10:30:00,-0.00038042122279197035
2025-05-06 11:30:00,-0.0028780573483682004
2025-05-06 12:30:00,-0.010243518059535245
2025-05-06 13:30:00,-0.00037144920421435716
2025-05-06 14:30:00,-8.783961978124839e-05
2025-05-06 15:30:00,-0.0022083176405687734
2025-05-07 09:30:00,0.0011160725965101213
2025-05-07 10:30:00,-0.0008958864581237837
2025-05-07 11:30:00,0.0010807362229068316
2025-05-07 12:30:00,0.002729566668364337
2025-05-07 13:30:00,-0.00499365069120437
2025-05-07 14:30:00,-0.002113951310272815
2025-05-07 15:30:00,0.0
2025-05-08 09:30:00,0.0
2025-05-08 10:30:00,0.0
2025-05-08 11:30:00,0.0
2025-05-08 12:30:00,0.0
2025-05-08 13:30:00,0.0
2025-05-08 14:30:00,0.0
2025-05-08 15:30:00,-0.006546364239766432
2025-05-09 09:30:00,-0.002176867364589823
2025-05-09 10:30:00,-0.0017772567741245185
2025-05-09 11:30:00,0.0009558490155778376
2025-05-09 12:30:00,-0.0020125755759413935
2025-05-09 13:30:00,-0.00011983444823326277
2025-05-09 14:30:00,0.0004080483108577456
2025-05-09 15:30:00,-0.0019251072632753988
2025-05-12 09:30:00,-0.022248642312395085
2025-05-12 10:30:00,0.0002166983003339016
2025-05-12 11:30:00,-0.0005904368725089584
2025-05-12 12:30:00,-0.0017061591463413287
2025-05-12 13:30:00,0.0005996686803715243
2025-05-12 14:30:00,-0.00800875875108013
2025-05-12 15:30:00,0.002136980692014324
2025-05-13 09:30:00,-0.012292025257410338
2025-05-13 10:30:00,0.001427434322937455
2025-05-13 11:30:00,-0.0029674578644598485
2025-05-13 12:30:00,0.002282278938885541
2025-05-13 13:30:00,-0.0016942089493643777
2025-05-13 14:30:00,-0.0002801422536243206
2025-05-13 15:30:00,-0.003373353355420338
2025-05-14 09:30:00,-0.005735841153062803
2025-05-14 10:30:00,0.0003235013602789058
2025-05-14 11:30:00,-0.001995489775515479
2025-05-14 12:30:00,0.001715471633246419
2025-05-14 13:30:00,0.0
2025-05-14 14:30:00,0.0
2025-05-14 15:30:00,0.0
2025-05-15 09:30:00,0.0
2025-05-15 10:30:00,0.0
2025-05-15 11:30:00,0.0
2025-05-15 12:30:00,0.0
2025-05-15 13:30:00,0.0
2025-05-15 14:30:00,0.0
2025-05-15 15:30:00,0.0
2025-05-16 09:30:00,0.0
2025-05-16 10:30:00,0.0
2025-05-16 11:30:00,0.0
2025-05-16 12:30:00,0.0
2025-05-16 13:30:00,0.0
2025-05-16 14:30:00,0.0
2025-05-16 15:30:00,0.0
2025-05-19 09:30:00,0.0
2025-05-19 10:30:00,0.0
2025-05-19 11:30:00,0.0
2025-05-19 12:30:00,0.0
2025-05-19 13:30:00,0.0
2025-05-19 14:30:00,0.0
2025-05-19 15:30:00,0.0
2025-05-20 09:30:00,0.0
2025-05-20 10:30:00,0.0
2025-05-20 11:30:00,0.0
2025-05-20 12:30:00,0.0
2025-05-20 13:30:00,0.0
2025-05-20 14:30:00,0.0
2025-05-20 15:30:00,0.0
2025-05-21 09:30:00,-0.03338673107352694
2025-05-21 10:30:00,-0.0023836812168125266
2025-05-21 11:30:00,-0.0003435710614422485
2025-05-21 12:30:00,-0.010240646278867553
2025-05-21 13:30:00,-0.0008454231014706706
2025-05-21 14:30:00,-0.008305805678529992
2025-05-21 15:30:00,-0.0016716894137454132
2025-05-22 09:30:00,-0.00448863352542974
2025-05-22 10:30:00,0.0007460768608250966
2025-05-22 11:30:00,0.0017501186374599973
2025-05-22 12:30:00,0.0007245069726439855
2025-05-22 13:30:00,0.0013012642634874956
2025-05-22 14:30:00,0.002914810111305833
2025-05-22 15:30:00,0.0
2025-05-23 09:30:00,-0.048158059098400444
2025-05-23 10:30:00,0.00119078294227919
2025-05-23 11:30:00,0.0012643768567145173
2025-05-23 12:30:00,0.004776477562829068
2025-05-23 13:30:00,-0.004180564380397671
2025-05-23 14:30:00,-0.00011939627726018553
2025-05-23 15:30:00,-0.004218225973397093
2025-05-27 09:30:00,0.015316996366241807
2025-05-27 10:30:00,0.004310231330577958
2025-05-27 11:30:00,-9.826292492529554e-05
2025-05-27 12:30:00,-0.0003905772629049112
2025-05-27 13:30:00,-0.0011373299666854954
2025-05-27 14:30:00,-0.0016162528663202494
2025-05-27 15:30:00,0.0
2025-05-28 09:30:00,0.0
2025-05-28 10:30:00,0.0
2025-05-28 11:30:00,0.0
2025-05-28 12:30:00,0.0
2025-05-28 13:30:00,0.0
2025-05-28 14:30:00,0.0
2025-05-28 15:30:00,0.0
2025-05-29 09:30:00,0.0
2025-05-29 10:30:00,0.0
2025-05-29 11:30:00,0.0
2025-05-29 12:30:00,0.0
2025-05-29 13:30:00,0.0
2025-05-29 14:30:00,0.0
2025-05-29 15:30:00,0.0
2025-05-30 09:30:00,0.0
2025-05-30 10:30:00,0.0
2025-05-30 11:30:00,-0.010687171285059503
2025-05-30 12:30:00,0.0021983127418838074
2025-05-30 13:30:00,0.0025549978566419503
2025-05-30 14:30:00,0.004231276537936319
2025-05-30 15:30:00,-0.004851455887864708
2025-06-02 09:30:00,-0.004844926292034457
2025-06-02 10:30:00,0.0015761372065401856
2025-06-02 11:30:00,0.0027007941591378377
2025-06-02 12:30:00,0.0019680109556879997
2025-06-02 13:30:00,0.0008203730797559992
2025-06-02 14:30:00,0.00047868670967928873
2025-06-02 15:30:00,-0.00029550076987896383
2025-06-03 09:30:00,0.004188322560371999
2025-06-03 10:30:00,0.0
2025-06-03 11:30:00,0.0
2025-06-03 12:30:00,0.0
2025-06-03 13:30:00,0.0
2025-06-03 14:30:00,0.0
2025-06-03 15:30:00,0.0
2025-06-04 09:30:00,0.0
2025-06-04 10:30:00,0.0
2025-06-04 11:30:00,0.0
2025-06-04 12:30:00,0.0
2025-06-04 13:30:00,0.0
2025-06-04 14:30:00,0.0
2025-06-04 15:30:00,0.0
2025-06-05 09:30:00,-0.02637781305243627
2025-06-05 10:30:00,0.0008418853911952193
2025-06-05 11:30:00,-0.001658732726816369
2025-06-05 12:30:00,-0.0023059056406782787
2025-06-05 13:30:00,-0.0020628581813384107
2025-06-05 14:30:00,-0.005235237339142129
2025-06-05 15:30:00,0.00036146607698459097
2025-06-06 09:30:00,0.005479715157505334
2025-06-06 10:30:00,-0.0022758469674050586
2025-06-06 11:30:00,-0.0023219245519497545
2025-06-06 12:30:00,-0.001497834503960981
2025-06-06 13:30:00,0.0006318032828783247
2025-06-06 14:30:00,4.414996584185295e-06
2025-06-06 15:30:00,0.0
2025-06-09 09:30:00,-0.033906314384540705
2025-06-09 10:30:00,0.0010044628056484492
2025-06-09 11:30:00,0.002841139590943099
2025-06-09 12:30:00,0.002183453918552059
2025-06-09 13:30:00,-0.0009077691972926118
2025-06-09 14:30:00,-0.0012662728837420302
2025-06-09 15:30:00,-0.003222979388333257
2025-06-10 09:30:00,-0.010770553936088532
2025-06-10 10:30:00,-0.0033708435491729962
2025-06-10 11:30:00,-8.867075481068716e-05
2025-06-10 12:30:00,-6.970264031172426e-05
2025-06-10 13:30:00,-0.003187716880340007
2025-06-10 14:30:00,-0.0009623034710693748
2025-06-10 15:30:00,0.0
2025-06-11 09:30:00,0.0
2025-06-11 10:30:00,0.0
2025-06-11 11:30:00,0.0
2025-06-11 12:30:00,0.0
2025-06-11 13:30:00,0.0
2025-06-11 14:30:00,0.0
2025-06-11 15:30:00,0.0
2025-06-12 09:30:00,-0.014659129273303862
2025-06-12 10:30:00,-0.0010118329717098854
2025-06-12 11:30:00,-0.000566479882144271
2025-06-12 12:30:00,-0.00042687074468119506
2025-06-12 13:30:00,-6.526445573139998e-05
2025-06-12 14:30:00,-0.000403620601334447
2025-06-12 15:30:00,-0.0008835863671101776
2025-06-13 09:30:00,-0.017562997964066983
2025-06-13 10:30:00,0.004083816997230317
2025-06-13 11:30:00,-0.00039918010441684546
2025-06-13 12:30:00,-0.004221810600973996
2025-06-13 13:30:00,-0.006281078201784329
2025-06-13 14:30:00,-0.003520524940773866
2025-06-13 15:30:00,-0.0012335154954126561
2025-06-16 09:30:00,0.011307056279479467
2025-06-16 10:30:00,-0.004785169723162174
2025-06-16 11:30:00,-0.0005004023526896042
2025-06-16 12:30:00,0.0005620739071626366
2025-06-16 13:30:00,-0.0025067450862727037
2025-06-16 14:30:00,-0.0016835058955962648
2025-06-16 15:30:00,0.0008958080306306023
2025-06-17 09:30:00,-0.005626438339156919
2025-06-17 10:30:00,-0.002673335201990228
2025-06-17 11:30:00,-0.0004213155360164413
2025-06-17 12:30:00,-0.00662338909288469
2025-06-17 13:30:00,-0.004811408132232707
2025-06-17 14:30:00,-0.0018416261973338223
2025-06-17 15:30:00,0.00016321087127694296
2025-06-18 09:30:00,0.0011835739520660426
2025-06-18 10:30:00,0.0017234057342506333
2025-06-18 11:30:00,-0.0018302318172774825
2025-06-18 12:30:00,-0.0020631095343976603
2025-06-18 13:30:00,-0.00018445294485688792
2025-06-18 14:30:00,-0.003890471595883781
2025-06-18 15:30:00,-0.0009178011691014945
2025-06-20 09:30:00,0.0017829309494088795
2025-06-20 10:30:00,-0.0005468569887075606
2025-06-20 11:30:00,-0.0033180775790633324
2025-06-20 12:30:00,-0.0013424415627566236
2025-06-20 13:30:00,0.0
2025-06-20 14:30:00,-0.005072296074675424
2025-06-20 15:30:00,-0.00021007467359164165
2025-06-23 09:30:00,0.00626882315943414
2025-06-23 10:30:00,-0.0012955653618921805
2025-06-23 11:30:00,-0.006342136399214126
2025-06-23 12:30:00,0.004119136546146786
2025-06-23 13:30:00,0.0015243636092132761
2025-06-23 14:30:00,0.0020712306313937345
2025-06-23 15:30:00,0.0014705511473040453
2025-06-24 09:30:00,0.010734078735932746
2025-06-24 10:30:00,0.0011201990487979328
2025-06-24 11:30:00,0.00032339274886088545
2025-06-24 12:30:00,-0.0022672591168775894
2025-06-24 13:30:00,0.0
2025-06-24 14:30:00,0.0
2025-06-24 15:30:00,0.0
2025-06-25 09:30:00,0.0
2025-06-25 10:30:00,-0.007495237750007677
2025-06-25 11:30:00,0.0011687897254276168
2025-06-25 12:30:00,-0.003972248243425968
2025-06-25 13:30:00,-0.0025204348271104507
2025-06-25 14:30:00,0.00018081372767349648
2025-06-25 15:30:00,-0.0045967795760765914
2025-06-26 09:30:00,0.0006570311525943182
2025-06-26 10:30:00,0.0013310587661350135
2025-06-26 11:30:00,-0.0007982838251532944
2025-06-26 12:30:00,-0.0016423704726218449
2025-06-26 13:30:00,-0.0020556483408544646
2025-06-26 14:30:00,0.0012740263805843762
2025-06-26 15:30:00,-3.8229593901855296e-05
2025-06-27 09:30:00,0.0
2025-06-27 10:30:00,0.0
2025-06-27 11:30:00,0.0
2025-06-27 12:30:00,0.0
2025-06-27 13:30:00,0.0
2025-06-27 14:30:00,0.0
2025-06-27 15:30:00,0.0
2025-06-30 09:30:00,0.0
2025-06-30 10:30:00,0.0
2025-06-30 11:30:00,0.0
2025-06-30 12:30:00,0.0
2025-06-30 13:30:00,0.0
2025-06-30 14:30:00,0.0
2025-06-30 15:30:00,0.0
2025-07-01 09:30:00,0.0
2025-07-01 10:30:00,0.0
2025-07-01 11:30:00,0.0
2025-07-01 12:30:00,0.0
2025-07-01 13:30:00,0.0
2025-07-01 14:30:00,0.0
2025-07-01 15:30:00,0.0
2025-07-02 09:30:00,0.0
2025-07-02 10:30:00,-0.009113133911342074
2025-07-02 11:30:00,0.0008440043136294438
2025-07-02 12:30:00,0.001169657604803399
2025-07-02 13:30:00,-0.0010556650572802297
2025-07-02 14:30:00,-0.00037436448463460856
2025-07-02 15:30:00,-0.002846683036170238
2025-07-03 09:30:00,0.007510095810020069
2025-07-03 10:30:00,-0.000312616805896925
2025-07-03 11:30:00,4.099207199673811e-05
2025-07-07 09:30:00,-0.0036117387616620804
2025-07-07 10:30:00,-0.004634145578784648
2025-07-07 11:30:00,-0.002466682334044833
2025-07-07 12:30:00,1.652240286678739e-05
2025-07-07 13:30:00,0.0
2025-07-07 14:30:00,0.0
2025-07-07 15:30:00,0.0
2025-07-08 09:30:00,0.0
2025-07-08 10:30:00,0.0
2025-07-08 11:30:00,0.0
2025-07-08 12:30:00,0.0
2025-07-08 13:30:00,0.0
2025-07-08 14:30:00,0.0
2025-07-08 15:30:00,0.0
2025-07-09 09:30:00,0.0
2025-07-09 10:30:00,0.0
2025-07-09 11:30:00,0.0
2025-07-09 12:30:00,0.0
2025-07-09 13:30:00,0.0
2025-07-09 14:30:00,0.0
2025-07-09 15:30:00,0.0
2025-07-10 09:30:00,-0.031033499189703256
2025-07-10 10:30:00,0.0018550558907807278
2025-07-10 11:30:00,0.002287020843149008
2025-07-10 12:30:00,-0.0012268788054713366
2025-07-10 13:30:00,0.0017810665551907419
2025-07-10 14:30:00,-0.003774994683514409
2025-07-10 15:30:00,-0.005280397585254081
2025-07-11 09:30:00,-0.003105237648102143
2025-07-11 10:30:00,-0.005060776464318882
2025-07-11 11:30:00,-0.00035453099352399293
2025-07-11 12:30:00,-0.001116316799293248
2025-07-11 13:30:00,-0.002232903412853703
2025-07-11 14:30:00,-0.0024005865862410927
2025-07-11 15:30:00,0.0
2025-07-14 09:30:00,-0.03201674712656392
2025-07-14 10:30:00,0.0002186223889925796
2025-07-14 11:30:00,-0.0026842296408553447
2025-07-14 12:30:00,0.0012247650396932496
2025-07-14 13:30:00,0.0005245847254233113
2025-07-14 14:30:00,-0.0007447333648878165
2025-07-14 15:30:00,-0.0019238468998725713
2025-07-15 09:30:00,-0.0010446771912046118
2025-07-15 10:30:00,-0.004215950563636987
2025-07-15 11:30:00,-0.005418722168249717
2025-07-15 12:30:00,-0.0020132072871538943
2025-07-15 13:30:00,-0.0014707860802719733
2025-07-15 14:30:00,-0.0034422576532415253
2025-07-15 15:30:00,-0.006619471863974479
2025-07-16 09:30:00,-0.0024582589413590862
2025-07-16 10:30:00,-0.004784375445444654
2025-07-16 11:30:00,0.0010562190175824222
2025-07-16 12:30:00,0.002530912425237348
2025-07-16 13:30:00,0.0009526040941632906
2025-07-16 14:30:00,0.0017579651217749914
2025-07-16 15:30:00,-0.0025349569991567947
2025-07-17 09:30:00,-0.0004819406068437606
2025-07-17 10:30:00,0.005118906281971726
2025-07-17 11:30:00,-0.0007026120162540997
2025-07-17 12:30:00,0.0008040817832051469
2025-07-17 13:30:00,0.0025834856355314026
2025-07-17 14:30:00,0.0
2025-07-17 15:30:00,0.0
2025-07-18 09:30:00,0.0
2025-07-18 10:30:00,0.0
2025-07-18 11:30:00,0.0
2025-07-18 12:30:00,0.0
2025-07-18 13:30:00,0.0
2025-07-18 14:30:00,0.0
2025-07-18 15:30:00,0.0
2025-07-21 09:30:00,0.0
2025-07-21 10:30:00,0.0
2025-07-21 11:30:00,0.0
2025-07-21 12:30:00,0.0
2025-07-21 13:30:00,0.0
2025-07-21 14:30:00,0.0
2025-07-21 15:30:00,0.0
2025-07-22 09:30:00,-0.03467621481281686
2025-07-22 10:30:00,0.0012388806963084318
2025-07-22 11:30:00,-0.0036310543267583143
2025-07-22 12:30:00,0.0014113982991751993
2025-07-22 13:30:00,-0.001280506841285172
2025-07-22 14:30:00,-0.001942795167229399
2025-07-22 15:30:00,-0.005258989037777594
2025-07-23 09:30:00,0.011338950178291729
2025-07-23 10:30:00,0.0013424664066176714
2025-07-23 11:30:00,0.0002965411661404024
2025-07-23 12:30:00,-0.001656653033737159
2025-07-23 13:30:00,0.0018055080139206103
2025-07-23 14:30:00,0.0007376852903506102
2025-07-23 15:30:00,0.0
2025-07-24 09:30:00,0.0
2025-07-24 10:30:00,0.0
2025-07-24 11:30:00,0.0
2025-07-24 12:30:00,0.0
2025-07-24 13:30:00,0.0
2025-07-24 14:30:00,0.0
2025-07-24 15:30:00,0.0
2025-07-25 09:30:00,0.0
2025-07-25 10:30:00,0.0
2025-07-25 11:30:00,0.0
2025-07-25 12:30:00,0.0
2025-07-25 13:30:00,0.0
2025-07-25 14:30:00,0.0
2025-07-25 15:30:00,0.0
2025-07-28 09:30:00,0.0
2025-07-28 10:30:00,0.0
2025-07-28 11:30:00,0.0
2025-07-28 12:30:00,-0.0053539031892423415
2025-07-28 13:30:00,-0.00170282914426385
2025-07-28 14:30:00,-0.0017868962130958613
2025-07-28 15:30:00,-0.0015998708726328572
2025-07-29 09:30:00,0.006076898733131737
2025-07-29 10:30:00,0.0014583100861688802
2025-07-29 11:30:00,-0.0016465105398052395
2025-07-29 12:30:00,-0.0013096990235989749
2025-07-29 13:30:00,-0.0027795259008451248
2025-07-29 14:30:00,0.001506697302176908
2025-07-29 15:30:00,0.0002155170410012351
2025-07-30 09:30:00,-0.002039289444541969
2025-07-30 10:30:00,-0.0031371415976994103
2025-07-30 11:30:00,-0.0013682463043000461
2025-07-30 12:30:00,-0.0020171791028765033
2025-07-30 13:30:00,-0.001013699806298556
2025-07-30 14:30:00,-0.011223269532350404
2025-07-30 15:30:00,0.0009787360789254747
2025-07-31 09:30:00,0.0013583043829342232
2025-07-31 10:30:00,-0.0021997274337017692
2025-07-31 11:30:00,0.0026448963320806936
2025-07-31 12:30:00,-0.004160838564560215
2025-07-31 13:30:00,0.00029206399481858185
2025-07-31 14:30:00,-0.0035451990671176207
2025-07-31 15:30:00,-0.0019567605319791227
2025-08-01 09:30:00,-0.012713560327356464
2025-08-01 10:30:00,-0.006181201142617864
2025-08-01 11:30:00,0.008042636898445976
2025-08-01 12:30:00,-0.00995618242016395
2025-08-01 13:30:00,-0.00010689336924229933
2025-08-01 14:30:00,-0.0005021092365561855
2025-08-01 15:30:00,-0.0007410058452292026
2025-08-04 09:30:00,0.009046300176670598
2025-08-04 10:30:00,-0.000457461307409717
2025-08-04 11:30:00,-0.0013217724708559355
2025-08-04 12:30:00,-0.00042359182511621436
2025-08-04 13:30:00,-0.0015269822401830604
2025-08-04 14:30:00,0.0016086506757617145
2025-08-04 15:30:00,-0.0003935066064320416
2025-08-05 09:30:00,0.0
2025-08-05 10:30:00,-0.008073391326580925
2025-08-05 11:30:00,0.0018362441081800247
2025-08-05 12:30:00,-0.003287474412126511
2025-08-05 13:30:00,-0.0028023493552636384
2025-08-05 14:30:00,0.0015501943357083998
2025-08-05 15:30:00,-0.002886039242181015
2025-08-06 09:30:00,-0.0037358709541613737
2025-08-06 10:30:00,0.00570346373245268
2025-08-06 11:30:00,-0.004518513868816248
2025-08-06 12:30:00,-0.002122930726601601
2025-08-06 13:30:00,-0.0017480291388813954
2025-08-06 14:30:00,-0.0023560290039243196
2025-08-06 15:30:00,-0.0006327041862399065
2025-08-07 09:30:00,-0.05025728945785528
2025-08-07 10:30:00,-0.001000691820415666
2025-08-07 11:30:00,0.001598218931026164
2025-08-07 12:30:00,-0.002940435826091336
2025-08-07 13:30:00,0.0008195690256723683
2025-08-07 14:30:00,0.0010982542486433662
2025-08-07 15:30:00,0.000764179753024786
2025-08-08 09:30:00,0.003650182197997293
2025-08-08 10:30:00,-0.004334846259307661
2025-08-08 11:30:00,0.0009840854641557104
2025-08-08 12:30:00,-0.0014387029014151834
2025-08-08 13:30:00,-0.002575408468441025
2025-08-08 14:30:00,-0.0012297532219734389
2025-08-08 15:30:00,0.0
2025-08-11 09:30:00,0.0
2025-08-11 10:30:00,0.0
2025-08-11 11:30:00,0.0
2025-08-11 12:30:00,0.0
2025-08-11 13:30:00,0.0
2025-08-11 14:30:00,0.0
2025-08-11 15:30:00,0.0
2025-08-12 09:30:00,-0.01799434999879359
2025-08-12 10:30:00,-0.0009749274876013894
2025-08-12 11:30:00,-0.0011848147966119819
2025-08-12 12:30:00,0.0005390154710153314
2025-08-12 13:30:00,-0.00135184721641619
2025-08-12 14:30:00,0.0011618345816899363
2025-08-12 15:30:00,-0.0005375324230818648
2025-08-13 09:30:00,-0.00350532756543847
2025-08-13 10:30:00,-0.0004326144500371046
2025-08-13 11:30:00,-0.001043814165873124
2025-08-13 12:30:00,-0.00015151762695807453
2025-08-13 13:30:00,-0.0001700358588760545
2025-08-13 14:30:00,0.0006481278655415764
2025-08-13 15:30:00,0.0
2025-08-14 09:30:00,0.0
2025-08-14 10:30:00,0.0
2025-08-14 11:30:00,0.0
2025-08-14 12:30:00,0.0
2025-08-14 13:30:00,0.0
2025-08-14 14:30:00,0.0
2025-08-14 15:30:00,0.0
2025-08-15 09:30:00,-0.018371932480174668
2025-08-15 10:30:00,-0.0010058623662127834
2025-08-15 11:30:00,-0.0007896050789179812
2025-08-15 12:30:00,-0.0012732534599774628
2025-08-15 13:30:00,-0.000488378245323783
2025-08-15 14:30:00,-0.001619037611899609
2025-08-15 15:30:00,-0.0009178969019786589
2025-08-18 09:30:00,-0.003150776114394354
2025-08-18 10:30:00,-0.0023046323780618874
2025-08-18 11:30:00,-0.0008146333020079713
2025-08-18 12:30:00,-0.0025248436927600253
2025-08-18 13:30:00,-0.0012288033495403742
2025-08-18 14:30:00,8.369117995769642e-05
2025-08-18 15:30:00,0.0
2025-08-19 09:30:00,0.0
2025-08-19 10:30:00,0.0
2025-08-19 11:30:00,0.0
2025-08-19 12:30:00,-0.006567809137256269
2025-08-19 13:30:00,-0.00043695719536244646
2025-08-19 14:30:00,-0.0026719174003806403
2025-08-19 15:30:00,-0.00109324183429274
2025-08-20 09:30:00,-0.02099340462723599
2025-08-20 10:30:00,0.008727179712010147
2025-08-20 11:30:00,0.0029036740873034823
2025-08-20 12:30:00,-0.0024920543655833007
2025-08-20 13:30:00,-0.0032621670121462656
2025-08-20 14:30:00,0.005400477288300172
2025-08-20 15:30:00,-0.0001307936924528233
2025-08-21 09:30:00,0.005281742500202891
2025-08-21 10:30:00,-0.006202197425805305
2025-08-21 11:30:00,0.0
2025-08-21 12:30:00,0.0
2025-08-21 13:30:00,0.0
2025-08-21 14:30:00,0.0
2025-08-21 15:30:00,0.0
2025-08-22 09:30:00,0.0
2025-08-22 10:30:00,0.0
2025-08-22 11:30:00,0.0
2025-08-22 12:30:00,0.0
2025-08-22 13:30:00,0.0
2025-08-22 14:30:00,0.0
2025-08-22 15:30:00,0.0
2025-08-25 09:30:00,0.0
2025-08-25 10:30:00,0.0
2025-08-25 11:30:00,0.0
2025-08-25 12:30:00,0.0
2025-08-25 13:30:00,0.0
2025-08-25 14:30:00,0.0
2025-08-25 15:30:00,0.0
2025-08-26 09:30:00,-0.011337447200048222
2025-08-26 10:30:00,-0.003296522355489655
2025-08-26 11:30:00,-0.0018250220796483577
2025-08-26 12:30:00,-0.001186257971105852
2025-08-26 13:30:00,-0.0009758202630813664
2025-08-26 14:30:00,0.00022037037359729037
2025-08-26 15:30:00,-0.0016812937525553786
2025-08-27 09:30:00,0.002050217327722643
2025-08-27 10:30:00,-0.0002820631941826293
2025-08-27 11:30:00,0.0005262053776749552
2025-08-27 12:30:00,-0.0011903339099084745
2025-08-27 13:30:00,-0.00030420011228543455
2025-08-27 14:30:00,-0.0006882576892394623
2025-08-27 15:30:00,0.0
2025-08-28 09:30:00,-0.02581139626316729
2025-08-28 10:30:00,-0.003796430722727039
2025-08-28 11:30:00,-0.00043287617435164207
2025-08-28 12:30:00,-0.0020744235452290587
2025-08-28 13:30:00,-7.857364710778714e-05
2025-08-28 14:30:00,0.00010851475904948373
2025-08-28 15:30:00,-0.0021641604790309456
2025-08-29 09:30:00,0.00200284318648652
2025-08-29 10:30:00,-0.0025733233240373844
2025-08-29 11:30:00,0.000833992079385277
2025-08-29 12:30:00,-6.37222738282641e-05
2025-08-29 13:30:00,-0.0015393741640573602
2025-08-29 14:30:00,-0.00022246879105018345
2025-08-29 15:30:00,0.0
2025-09-02 09:30:00,-0.03013282263567123
2025-09-02 10:30:00,-0.005812157019311464
2025-09-02 11:30:00,-0.0032174308545029496
2025-09-02 12:30:00,0.001644706605630931
2025-09-02 13:30:00,-0.0017851295232549015
2025-09-02 14:30:00,0.001414701293307714
2025-09-02 15:30:00,0.001186490590679502
2025-09-03 09:30:00,-0.0031887094835232267
2025-09-03 10:30:00,-0.004551782450638885
2025-09-03 11:30:00,-0.0009387685532025727
2025-09-03 12:30:00,-0.0003662610845974626
2025-09-03 13:30:00,-0.002387315182024096
2025-09-03 14:30:00,-0.0021602142434689045
2025-09-03 15:30:00,0.0
2025-09-04 09:30:00,-0.028028834014944038
2025-09-04 10:30:00,0.0022314157281119584
2025-09-04 11:30:00,0.00133162177130698
2025-09-04 12:30:00,0.0006636264577938153
2025-09-04 13:30:00,-0.0013860073201356839
2025-09-04 14:30:00,0.0013802588932035741
2025-09-04 15:30:00,0.0009404273512401925
2025-09-05 09:30:00,0.003164810384409379
2025-09-05 10:30:00,-0.002898655086745876
2025-09-05 11:30:00,-0.0013217951264194552
2025-09-05 12:30:00,0.0006360171887159214
2025-09-05 13:30:00,0.0009832291402321345
2025-09-05 14:30:00,0.001158953066680497
2025-09-05 15:30:00,0.0
2025-09-08 09:30:00,-0.02149772424711962
2025-09-08 10:30:00,0.003200562917709605
2025-09-08 11:30:00,-0.0016700907071344631
2025-09-08 12:30:00,-0.0005256611859876627
2025-09-08 13:30:00,-0.0026734075990242183
2025-09-08 14:30:00,-0.0017499613475442201
2025-09-08 15:30:00,0.0032426288398901444
2025-09-09 09:30:00,-0.002074334674980265
2025-09-09 10:30:00,-5.74146061726946e-05
2025-09-09 11:30:00,-0.0026765314056706228
2025-09-09 12:30:00,-0.0005951880266220335
2025-09-09 13:30:00,0.001205405801623539
2025-09-09 14:30:00,-0.0030567902448785035
2025-09-09 15:30:00,0.0
2025-09-10 09:30:00,-0.04091027197053175
2025-09-10 10:30:00,-0.005415423839117682
2025-09-10 11:30:00,0.000556007884142807
2025-09-10 12:30:00,-0.0020069699896236794
2025-09-10 13:30:00,0.003051471658923461
2025-09-10 14:30:00,-0.0036441604118498997
2025-09-10 15:30:00,0.0010634050600599253
2025-09-11 09:30:00,0.01028304266063353
2025-09-11 10:30:00,-0.0004072346675500374
2025-09-11 11:30:00,-9.768943296687891e-05
2025-09-11 12:30:00,-0.0008438858485303004
2025-09-11 13:30:00,0.0006568169663013332
2025-09-11 14:30:00,0.00012017370325131472
2025-09-11 15:30:00,0.0
2025-09-12 09:30:00,0.0
2025-09-12 10:30:00,0.0
2025-09-12 11:30:00,0.0
2025-09-12 12:30:00,0.0
2025-09-12 13:30:00,0.0
2025-09-12 14:30:00,0.0
2025-09-12 15:30:00,0.0
2025-09-15 09:30:00,0.0
2025-09-15 10:30:00,-0.009478829652064306
2025-09-15 11:30:00,-0.0012866637236092651
2025-09-15 12:30:00,-0.002377233826462648
2025-09-15 13:30:00,-0.0008109659955740025
2025-09-15 14:30:00,-0.0007747236656746639
2025-09-15 15:30:00,-0.0021900416813005743
2025-09-16 09:30:00,-0.0046152319546901455
2025-09-16 10:30:00,-0.001498452622598833
2025-09-16 11:30:00,0.00018719014001624215
2025-09-16 12:30:00,-0.0005443953754342026
2025-09-16 13:30:00,-0.0005001592639240374
2025-09-16 14:30:00,-0.0008299691160487446
2025-09-16 15:30:00,0.00040046542213750336
2025-09-17 09:30:00,0.0
2025-09-17 10:30:00,0.0
2025-09-17 11:30:00,0.0
2025-09-17 12:30:00,0.0
2025-09-17 13:30:00,0.0
2025-09-17 14:30:00,0.0
2025-09-17 15:30:00,0.0
2025-09-18 09:30:00,0.0
2025-09-18 10:30:00,-0.0067007323174310286
2025-09-18 11:30:00,-0.0009603146201302417
2025-09-18 12:30:00,-0.0016337531440825882
2025-09-18 13:30:00,-0.003582430795342505
2025-09-18 14:30:00,-0.002265565377033373
2025-09-18 15:30:00,5.82195802679218e-05
2025-09-19 09:30:00,-0.00889709374798802
2025-09-19 10:30:00,-0.0032465687379340017
2025-09-19 11:30:00,-0.0009781136564039996
2025-09-19 12:30:00,-0.0016095623535392948
2025-09-19 13:30:00,-0.001014005535838374
2025-09-19 14:30:00,0.0005290501441392601
2025-09-19 15:30:00,-0.004231608862783419
2025-09-22 09:30:00,-0.022018464581793334
2025-09-22 10:30:00,-0.0008288317417990179
2025-09-22 11:30:00,-0.0013958786312481366
2025-09-22 12:30:00,0.0010019852910792115
2025-09-22 13:30:00,-0.0011042918210558853
2025-09-22 14:30:00,0.0012857574517107073
2025-09-22 15:30:00,-0.0037734673324962154
2025-09-23 09:30:00,0.007942509374296393
2025-09-23 10:30:00,0.0005026620603920792
2025-09-23 11:30:00,-0.001688955529553853
2025-09-23 12:30:00,-0.0020911685362282207
2025-09-23 13:30:00,-0.0011851354457381826
2025-09-23 14:30:00,-0.00017703609129996378
2025-09-23 15:30:00,0.0
2025-09-24 09:30:00,-0.020911949761792465
2025-09-24 10:30:00,-0.004898045262049815
2025-09-24 11:30:00,-0.0019731244212058286
2025-09-24 12:30:00,-0.004530172763222983
2025-09-24 13:30:00,-0.004407175320096428
2025-09-24 14:30:00,-0.0019327605247328118
2025-09-24 15:30:00,-0.0017539857975739418
2025-09-25 09:30:00,-0.006988936169483611
2025-09-25 10:30:00,-0.004147379966547576
2025-09-25 11:30:00,0.0004597067715039324
2025-09-25 12:30:00,-0.0013801371978341573
2025-09-25 13:30:00,-0.0019541833317900372
2025-09-25 14:30:00,-0.0017765472574289556
2025-09-25 15:30:00,-0.0040208358409273386
2025-09-26 09:30:00,0.004611367879503548
2025-09-26 10:30:00,0.0007826865342373764
2025-09-26 11:30:00,0.0028889704820424366
2025-09-26 12:30:00,0.00021287915660832637
2025-09-26 13:30:00,1.2754735043491805e-05
2025-09-26 14:30:00,-0.0020490429895038513
2025-09-26 15:30:00,0.0008830480521041192
2025-09-29 09:30:00,0.006850667400048894
2025-09-29 10:30:00,0.00043856021457370315
2025-09-29 11:30:00,-0.0022319735882519167
2025-09-29 12:30:00,-0.001862532528885368
2025-09-29 13:30:00,0.00306370588859325
2025-09-29 14:30:00,0.0
2025-09-29 15:30:00,0.0
2025-09-30 09:30:00,-0.026060075152198263
2025-09-30 10:30:00,-0.005440053478438543
2025-09-30 11:30:00,0.0022845113103425914
2025-09-30 12:30:00,-0.003734810808442256
2025-09-30 13:30:00,0.0018086621190297534
2025-09-30 14:30:00,0.0028657251428345805
2025-09-30 15:30:00,0.0007523085191557762
2025-10-01 09:30:00,-0.006020832720786489
2025-10-01 10:30:00,-0.0011990337400924636
2025-10-01 11:30:00,-0.0006402459621621329
2025-10-01 12:30:00,-0.0013087220804679103
2025-10-01 13:30:00,-0.00092302826280976
2025-10-01 14:30:00,-0.002848523559974302
2025-10-01 15:30:00,-0.0029932244868406503
2025-10-02 09:30:00,-0.003983441965262607
2025-10-02 10:30:00,-0.0006432572440205721
2025-10-02 11:30:00,-0.00023285047615297842
2025-10-02 12:30:00,-0.0003602017852179331
2025-10-02 13:30:00,0.0008595142346974236
2025-10-02 14:30:00,-0.0010858252252309345
2025-10-02 15:30:00,-0.001514515370484403
2025-10-03 09:30:00,0.0013512626371821332
2025-10-03 10:30:00,-0.0026993672811592086
2025-10-03 11:30:00,0.001016372726756538
2025-10-03 12:30:00,-0.0012025657221462695
2025-10-03 13:30:00,0.0008865715690044749
2025-10-03 14:30:00,0.0
2025-10-03 15:30:00,0.0
2025-10-06 09:30:00,0.0
2025-10-06 10:30:00,-0.006047521939059873
2025-10-06 11:30:00,-0.0030714231498117795
2025-10-06 12:30:00,0.001216577423655225
2025-10-06 13:30:00,-0.002034480548094019
2025-10-06 14:30:00,-0.002988246378514774
2025-10-06 15:30:00,-0.0013158275410073575
2025-10-07 09:30:00,-0.003298790055071015
2025-10-07 10:30:00,0.00252368697734422
2025-10-07 11:30:00,-0.0005659846303545981
2025-10-07 12:30:00,-0.002314779037051711
2025-10-07 13:30:00,-0.0016200455508132362
2025-10-07 14:30:00,-0.0013792754163426504
2025-10-07 15:30:00,0.001572552263578659
2025-10-08 09:30:00,-0.011234277643906544
2025-10-08 10:30:00,-0.0003568124633598393
2025-10-08 11:30:00,-0.0012345763983237158
2025-10-08 12:30:00,-0.00082512222141533
2025-10-08 13:30:00,-0.002304895988465682
2025-10-08 14:30:00,-0.001593640690214814
2025-10-08 15:30:00,-0.0005900426029384223
2025-10-09 09:30:00,-0.009598890816989687
2025-10-09 10:30:00,-0.0038826423578443396
2025-10-09 11:30:00,-0.0018434440778735287
2025-10-09 12:30:00,-0.0009451836199029665
2025-10-09 13:30:00,-0.0020262563377815394
2025-10-09 14:30:00,-0.00036581791263686685
2025-10-09 15:30:00,-0.003401552869971907
2025-10-10 09:30:00,-0.005837379282555776
2025-10-10 10:30:00,-0.005482925557265699
2025-10-10 11:30:00,-0.0023568181366395093
2025-10-10 12:30:00,-0.0015923471483587962
2025-10-10 13:30:00,-0.0008484161561638772
2025-10-10 14:30:00,-0.004947299380280133
2025-10-10 15:30:00,-0.004412238326476702
2025-10-13 09:30:00,0.0019837478483325298
2025-10-13 10:30:00,0.0029220375186478588
2025-10-13 11:30:00,-0.0008936805219784507
2025-10-13 12:30:00,-0.0031644821641002453
2025-10-13 13:30:00,0.0005419903612430008
2025-10-13 14:30:00,0.0
2025-10-13 15:30:00,0.0
2025-10-14 09:30:00,0.0
2025-10-14 10:30:00,0.0
2025-10-14 11:30:00,0.0
2025-10-14 12:30:00,0.0
2025-10-14 13:30:00,0.0
2025-10-14 14:30:00,0.0
2025-10-14 15:30:00,0.0
2025-10-15 09:30:00,0.0
2025-10-15 10:30:00,0.0
2025-10-15 11:30:00,0.0
2025-10-15 12:30:00,-0.008878653135948617
2025-10-15 13:30:00,0.0043039517935607625
2025-10-15 14:30:00,0.001820249993069496
2025-10-15 15:30:00,-0.0017408755386438093
2025-10-16 09:30:00,-0.014746507079599062
2025-10-16 10:30:00,-0.0034906512256328895
2025-10-16 11:30:00,-0.003949502320426428
2025-10-16 12:30:00,-0.0018398408498174527
2025-10-16 13:30:00,-0.0046567564276116455
2025-10-16 14:30:00,0.0006235065397120663
2025-10-16 15:30:00,-0.0009189156587924676
2025-10-17 09:30:00,0.0026987810691349932
2025-10-17 10:30:00,-0.001922037296565531
2025-10-17 11:30:00,0.0
2025-10-17 12:30:00,0.0
2025-10-17 13:30:00,0.0
2025-10-17 14:30:00,0.0
2025-10-17 15:30:00,0.0
2025-10-20 09:30:00,0.0
2025-10-20 10:30:00,0.0
2025-10-20 11:30:00,0.0
2025-10-20 12:30:00,0.0
2025-10-20 13:30:00,0.0
2025-10-20 14:30:00,0.0
2025-10-20 15:30:00,0.0
2025-10-21 09:30:00,0.0
2025-10-21 10:30:00,0.0
2025-10-21 11:30:00,0.0
2025-10-21 12:30:00,0.0
2025-10-21 13:30:00,0.0
2025-10-21 14:30:00,0.0
2025-10-21 15:30:00,0.0
2025-10-22 09:30:00,0.0
2025-10-22 10:30:00,-0.020027159410518258
2025-10-22 11:30:00,0.007826805047496745
2025-10-22 12:30:00,-0.0042799015805279825
2025-10-22 13:30:00,0.0031225234710571433
2025-10-22 14:30:00,0.006943676326760412
2025-10-22 15:30:00,-0.0004172777782716899
2025-10-23 09:30:00,0.01019321496830286
2025-10-23 10:30:00,-0.000409887276311737
2025-10-23 11:30:00,0.002032439639290463
2025-10-23 12:30:00,0.0005677245780022996
2025-10-23 13:30:00,0.0030672070306014387
2025-10-23 14:30:00,0.0005396216498367644
2025-10-23 15:30:00,-0.0024664706340723035
2025-10-24 09:30:00,0.0
2025-10-24 10:30:00,0.0
2025-10-24 11:30:00,0.0
2025-10-24 12:30:00,0.0
2025-10-24 13:30:00,0.0
2025-10-24 14:30:00,0.0
2025-10-24 15:30:00,0.0
2025-10-27 09:30:00,0.0
2025-10-27 10:30:00,0.0
2025-10-27 11:30:00,0.0
2025-10-27 12:30:00,0.0
2025-10-27 13:30:00,0.0
2025-10-27 14:30:00,0.0
2025-10-27 15:30:00,0.0
2025-10-28 09:30:00,-0.04863378833029599
2025-10-28 10:30:00,0.0021819000030374076
2025-10-28 11:30:00,-0.004376913396803421
2025-10-28 12:30:00,-0.00498320632653304
2025-10-28 13:30:00,-0.0011747660496732196
2025-10-28 14:30:00,-0.0004579214872504558
2025-10-28 15:30:00,-0.001123320244730374
2025-10-29 09:30:00,-0.01196465033759761
2025-10-29 10:30:00,-0.0012123694333482807
2025-10-29 11:30:00,-0.00150405927827058
2025-10-29 12:30:00,-0.004590073292152257
2025-10-29 13:30:00,-0.0036343737962089163
2025-10-29 14:30:00,-0.006610326680239325
2025-10-29 15:30:00,-0.005650282123649036
2025-10-30 09:30:00,-0.003201509068067581
2025-10-30 10:30:00,0.003945257385271068
2025-10-30 11:30:00,-0.0005782573979017205
2025-10-30 12:30:00,-0.0029935748325097757
2025-10-30 13:30:00,-0.004557235006600196
2025-10-30 14:30:00,-0.006358669569301905
2025-10-30 15:30:00,-0.0017423181345718399
2025-10-31 09:30:00,0.00020625457472999245
2025-10-31 10:30:00,-0.005606871417140152
2025-10-31 11:30:00,0.000533976053242947
2025-10-31 12:30:00,-0.0024309729740675293
2025-10-31 13:30:00,-0.0008934485378963899
2025-10-31 14:30:00,0.0
2025-10-31 15:30:00,0.0
2025-11-03 09:30:00,-0.03407158248494118
2025-11-03 10:30:00,0.007526922031133744
2025-11-03 11:30:00,-0.0005098445229119166
2025-11-03 12:30:00,-0.0001579802936938926
2025-11-03 13:30:00,0.0022391724437393298
2025-11-03 14:30:00,-0.00014649420554809693
2025-11-03 15:30:00,-0.001394651156423509
2025-11-04 09:30:00,-0.003832496008849256
2025-11-04 10:30:00,-0.0022226426331394423
2025-11-04 11:30:00,-0.0016495481363302692
2025-11-04 12:30:00,-0.0027302435585443087
2025-11-04 13:30:00,0.0011955176814584531
2025-11-04 14:30:00,-0.0003762345111919354
2025-11-04 15:30:00,-0.00627356617882645
2025-11-05 09:30:00,0.016655404150155567
2025-11-05 10:30:00,-0.00033165258390883046
2025-11-05 11:30:00,0.007938584758129707
2025-11-05 12:30:00,0.003165545815542149
2025-11-05 13:30:00,0.002913524017509778
2025-11-05 14:30:00,-0.0009575426478833739
2025-11-05 15:30:00,-0.00611613596128882
2025-11-06 09:30:00,-0.011669506557108182
2025-11-06 10:30:00,-0.007410421716883408
2025-11-06 11:30:00,-0.005303764568084872
2025-11-06 12:30:00,0.006480341255105605
2025-11-06 13:30:00,0.0020643362875745926
2025-11-06 14:30:00,0.0
2025-11-06 15:30:00,0.0
2025-11-07 09:30:00,-0.0350122974394789
2025-11-07 10:30:00,-0.009822135945999014
2025-11-07 11:30:00,0.003907027028997901
2025-11-07 12:30:00,0.0058099280623293845
2025-11-07 13:30:00,0.0016440855713411983
2025-11-07 14:30:00,0.004397663755539817
2025-11-07 15:30:00,0.003915958221716898
2025-11-10 09:30:00,0.015437861933781417
2025-11-10 10:30:00,-0.00814495634026519
2025-11-10 11:30:00,0.0034205775467891835
2025-11-10 12:30:00,0.0013000741009823302
2025-11-10 13:30:00,0.0009584309592031558
2025-11-10 14:30:00,-0.0004172326846050336
2025-11-10 15:30:00,0.0
2025-11-11 09:30:00,0.0
2025-11-11 10:30:00,0.0
2025-11-11 11:30:00,0.0
2025-11-11 12:30:00,0.0
2025-11-11 13:30:00,0.0
2025-11-11 14:30:00,0.0
2025-11-11 15:30:00,0.0
2025-11-12 09:30:00,0.0
2025-11-12 10:30:00,0.0
2025-11-12 11:30:00,0.0
2025-11-12 12:30:00,0.0
2025-11-12 13:30:00,0.0
2025-11-12 14:30:00,0.0
2025-11-12 15:30:00,0.0
2025-11-13 09:30:00,0.0
2025-11-13 10:30:00,-0.010360989224025945
2025-11-13 11:30:00,-0.0007433062649578983
2025-11-13 12:30:00,-0.005499904748327005
2025-11-13 13:30:00,-0.0009278132001707453
2025-11-13 14:30:00,-0.0035028966005307017
2025-11-13 15:30:00,-0.00010158588241942958
2025-11-14 09:30:00,0.0025098711843478515
2025-11-14 10:30:00,0.010323702773017564
2025-11-14 11:30:00,-0.0004836601387458886
2025-11-14 12:30:00,-0.00703668893220582
2025-11-14 13:30:00,-0.0006208223521896641
2025-11-14 14:30:00,-0.003330537163360874
2025-11-14 15:30:00,-0.003977505479022119
2025-11-17 09:30:00,-0.017176260276077354
2025-11-17 10:30:00,-0.0057908400952554
2025-11-17 11:30:00,0.001903197981133998
2025-11-17 12:30:00,-0.008356033550725703
2025-11-17 13:30:00,-0.007582175676099011
2025-11-17 14:30:00,-0.006660802241451856
2025-11-17 15:30:00,0.0023046020118671524
2025-11-18 09:30:00,-0.00855946885798926
2025-11-18 10:30:00,0.005545589167770377
2025-11-18 11:30:00,-0.006288976746944845
2025-11-18 12:30:00,0.008857723010769637
2025-11-18 13:30:00,-0.0030334962951393198
2025-11-18 14:30:00,-0.0028193050760962172
2025-11-18 15:30:00,0.0
2025-11-19 09:30:00,-0.023198461845884016
2025-11-19 10:30:00,-0.0038071399582742574
2025-11-19 11:30:00,0.0012940094047623981
2025-11-19 12:30:00,0.0025149754416279877
2025-11-19 13:30:00,-0.005551090254564172
2025-11-19 14:30:00,0.0011550413175464578
2025-11-19 15:30:00,-0.002215680401762376
2025-11-20 09:30:00,0.010508882454210802
2025-11-20 10:30:00,-0.003675786119906931
2025-11-20 11:30:00,-0.00834781476326159
2025-11-20 12:30:00,-0.0013759754230478751
2025-11-20 13:30:00,-0.0023588556669145158
2025-11-20 14:30:00,-4.317731845417312e-05
2025-11-20 15:30:00,-0.008877758553767805
2025-11-21 09:30:00,-0.0014504888922682471
2025-11-21 10:30:00,0.008104252532415264
2025-11-21 11:30:00,0.008836260375886685
2025-11-21 12:30:00,-0.004350234564986321
2025-11-21 13:30:00,0.007932852399109774
2025-11-21 14:30:00,-0.007905512114553225
2025-11-21 15:30:00,-0.0012483832262983655
2025-11-24 09:30:00,0.017045969314040222
2025-11-24 10:30:00,0.0013967216908424849
2025-11-24 11:30:00,-0.001169305955893323
2025-11-24 12:30:00,-6.521885998506582e-05
2025-11-24 13:30:00,-0.002443367627451131
2025-11-24 14:30:00,0.0
2025-11-24 15:30:00,0.0
2025-11-25 09:30:00,0.0
2025-11-25 10:30:00,0.0
2025-11-25 11:30:00,0.0
2025-11-25 12:30:00,0.0
2025-11-25 13:30:00,0.0
2025-11-25 14:30:00,0.0
2025-11-25 15:30:00,0.0
2025-11-26 09:30:00,0.0
2025-11-26 10:30:00,0.0
2025-11-26 11:30:00,0.0
2025-11-26 12:30:00,0.0
2025-11-26 13:30:00,0.0
2025-11-26 14:30:00,0.0
2025-11-26 15:30:00,0.0
2025-11-28 09:30:00,0.0
2025-11-28 10:30:00,0.0
2025-11-28 11:30:00,0.0
2025-11-28 12:30:00,0.0
2025-12-01 09:30:00,0.0
2025-12-01 10:30:00,0.0
2025-12-01 11:30:00,0.0
2025-12-01 12:30:00,0.0
2025-12-01 13:30:00,0.0
2025-12-01 14:30:00,0.0
2025-12-01 15:30:00,0.0
2025-12-02 09:30:00,-0.010390352079840768
2025-12-02 10:30:00,-0.0015742191200056811
2025-12-02 11:30:00,-0.0008159758038512646
2025-12-02 12:30:00,-0.0028463301842768345
2025-12-02 13:30:00,2.9911851501452768e-05
2025-12-02 14:30:00,0.0014560816030994247
2025-12-02 15:30:00,-0.0030117977251887685
2025-12-03 09:30:00,0.0013705134803977622
2025-12-03 10:30:00,-0.0041691171964790205
2025-12-03 11:30:00,-0.0010960121066768572
2025-12-03 12:30:00,-0.0010708386307350262
2025-12-03 13:30:00,0.00010093911271351146
2025-12-03 14:30:00,-0.001853707708666085
2025-12-03 15:30:00,0.0
2025-12-04 09:30:00,-0.018356225567249206
2025-12-04 10:30:00,0.0015470222262013397
2025-12-04 11:30:00,0.0006169551215015232
2025-12-04 12:30:00,0.0008251828780881829
2025-12-04 13:30:00,-0.004332354329157866
2025-12-04 14:30:00,-0.0001088960668984831
2025-12-04 15:30:00,0.0011394169483459012
2025-12-05 09:30:00,-0.002634017451801978
2025-12-05 10:30:00,-0.0004808636567465765
2025-12-05 11:30:00,-0.00629306173766878
2025-12-05 12:30:00,-0.0005162080672123584
2025-12-05 13:30:00,-0.0017175128414180943
2025-12-05 14:30:00,-0.0018794359775546879
2025-12-05 15:30:00,0.0
2025-12-08 09:30:00,-0.024199306671046424
2025-12-08 10:30:00,0.001322005516555703
2025-12-08 11:30:00,-0.0013597827599794823
2025-12-08 12:30:00,-0.004720284688065806
2025-12-08 13:30:00,-0.002463165686209772
2025-12-08 14:30:00,-0.0011470653776097675
2025-12-08 15:30:00,-0.0013971279926439976
2025-12-09 09:30:00,-0.002838249858452079
2025-12-09 10:30:00,-0.00233419101060927
2025-12-09 11:30:00,-0.0017485383883443719
2025-12-09 12:30:00,-0.0022311987076708718
2025-12-09 13:30:00,-0.002312663199998837
2025-12-09 14:30:00,-0.0018634214845449572
2025-12-09 15:30:00,-0.005331631851564571
2025-12-10 09:30:00,0.003174489530648068
2025-12-10 10:30:00,-1.9120378398523093e-05
2025-12-10 11:30:00,-0.0016360121804381224
2025-12-10 12:30:00,-8.098481990213477e-05
2025-12-10 13:30:00,0.00017039485853428482
2025-12-10 14:30:00,0.0074341910075795
2025-12-10 15:30:00,-0.0023725449057774954
2025-12-11 09:30:00,0.003938706166083856
2025-12-11 10:30:00,-0.00011748230949125047
2025-12-11 11:30:00,0.001264264739687538
2025-12-11 12:30:00,-0.0017720061758161256
2025-12-11 13:30:00,-0.0023645539764640226
2025-12-11 14:30:00,0.0
2025-12-11 15:30:00,0.0
2025-12-12 09:30:00,-0.03280990334818508
2025-12-12 10:30:00,-0.007832677395480558
2025-12-12 11:30:00,0.00034910797948178385
2025-12-12 12:30:00,0.0055103191056862354
2025-12-12 13:30:00,-0.008622835232289388
2025-12-12 14:30:00,-0.0030639782384647533
2025-12-12 15:30:00,-0.0007161044513772965
2025-12-15 09:30:00,-0.005742536768582028
2025-12-15 10:30:00,0.0077158785152689315
2025-12-15 11:30:00,-0.005559041520603407
2025-12-15 12:30:00,-0.004953210684006137
2025-12-15 13:30:00,-0.00012358289369668784
2025-12-15 14:30:00,-0.00486884430839684
2025-12-15 15:30:00,0.0
2025-12-16 09:30:00,-0.028768004215995003
2025-12-16 10:30:00,0.0022139681282574496
2025-12-16 11:30:00,-0.002212094244716444
2025-12-16 12:30:00,-0.0017094942654383818
2025-12-16 13:30:00,-0.0013125964917325309
2025-12-16 14:30:00,0.0008654176492238327
2025-12-16 15:30:00,-0.0027257606791426074
2025-12-17 09:30:00,0.007853182865679344
2025-12-17 10:30:00,-0.006508313767910727
2025-12-17 11:30:00,-0.0032970298286661474
2025-12-17 12:30:00,-0.0041106010719088645
2025-12-17 13:30:00,-2.014910683762394e-05
2025-12-17 14:30:00,0.002425430608114721
2025-12-17 15:30:00,0.0
2025-12-18 09:30:00,0.0
2025-12-18 10:30:00,0.0
2025-12-18 11:30:00,-0.01154025956134731
2025-12-18 12:30:00,0.005254335594178218
2025-12-18 13:30:00,-0.005528606914375339
2025-12-18 14:30:00,-0.0013253746691050164
2025-12-18 15:30:00,-0.0011261802077812235
2025-12-19 09:30:00,0.005777438230442706
2025-12-19 10:30:00,9.584258644191419e-05
2025-12-19 11:30:00,-0.00020096979975401297
2025-12-19 12:30:00,-0.00019944380570883677
2025-12-19 13:30:00,-0.0019289219879103639
2025-12-19 14:30:00,-0.0022938998177977113
2025-12-19 15:30:00,0.0004660523274558246
2025-12-22 09:30:00,0.006220575967724491
2025-12-22 10:30:00,0.0
2025-12-22 11:30:00,0.0
2025-12-22 12:30:00,0.0
2025-12-22 13:30:00,0.0
2025-12-22 14:30:00,0.0
2025-12-22 15:30:00,0.0
2025-12-23 09:30:00,-0.012994261066406748
2025-12-23 10:30:00,1.0203625746088053e-07
2025-12-23 11:30:00,-0.0006784184426789122
2025-12-23 12:30:00,-3.7133732074644786e-05
2025-12-23 13:30:00,-0.0014591884048643247
2025-12-23 14:30:00,-0.002316190053532523
2025-12-23 15:30:00,-0.0005150341686606544
2025-12-24 09:30:00,0.0050284201032613505
2025-12-24 10:30:00,0.0011861860227006813
2025-12-24 11:30:00,0.0009298029859636245
2025-12-24 12:30:00,-0.001
2025-12-26 09:30:00,-0.0014080785920367648
2025-12-26 10:30:00,-0.0026566936380222773
2025-12-26 11:30:00,0.0
2025-12-26 12:30:00,0.0
2025-12-26 13:30:00,0.0
2025-12-26 14:30:00,0.0
2025-12-26 15:30:00,0.0
2025-12-29 09:30:00,0.0
2025-12-29 10:30:00,0.0
2025-12-29 11:30:00,0.0
2025-12-29 12:30:00,0.0
2025-12-29 13:30:00,0.0
2025-12-29 14:30:00,0.0
2025-12-29 15:30:00,0.0
2025-12-30 09:30:00,0.0
2025-12-30 10:30:00,0.0
2025-12-30 11:30:00,0.0
2025-12-30 12:30:00,0.0
2025-12-30 13:30:00,0.0
2025-12-30 14:30:00,0.0
2025-12-30 15:30:00,0.0
2025-12-31 09:30:00,-0.011009862279550958
2025-12-31 10:30:00,-0.002707460981409581
2025-12-31 11:30:00,-0.00231861563394125
2025-12-31 12:30:00,-0.0010543151920131158
2025-12-31 13:30:00,-0.0006817610214825178
2025-12-31 14:30:00,-0.004462582204563164
2025-12-31 15:30:00,-0.0025562337743695145
2026-01-02 09:30:00,-0.0058625136731204385
2026-01-02 10:30:00,0.005327642911120595
2026-01-02 11:30:00,-0.0003560064763648942
2026-01-02 12:30:00,-0.0035568508543647286
2026-01-02 13:30:00,0.00448488656731827
2026-01-02 14:30:00,-0.0007657181144282257
2026-01-02 15:30:00,-0.003363474570182772
2026-01-05 09:30:00,0.007452143127567719
2026-01-05 10:30:00,0.0010851313226061042
2026-01-05 11:30:00,0.004101592753354095
2026-01-05 12:30:00,-0.003715956791803481
2026-01-05 13:30:00,0.0015485259673620418
2026-01-05 14:30:00,-0.004638992410459602
2026-01-05 15:30:00,-0.002897237249845013
2026-01-06 09:30:00,0.002148665036603393
2026-01-06 10:30:00,-0.0017841258962865195
2026-01-06 11:30:00,-0.0006621509459690969
2026-01-06 12:30:00,0.0012195535745295645
2026-01-06 13:30:00,0.0013172262068388294
2026-01-06 14:30:00,0.0
2026-01-06 15:30:00,0.0
2026-01-07 09:30:00,-0.03667415814798488
2026-01-07 10:30:00,-0.004052672379603105
2026-01-07 11:30:00,-9.685190266546149e-05
2026-01-07 12:30:00,-0.0029229379770705603
2026-01-07 13:30:00,-0.0010476616196209922
2026-01-07 14:30:00,-0.005617079758028659
2026-01-07 15:30:00,-0.0023580502493995505
2026-01-08 09:30:00,0.0056255238020590575
2026-01-08 10:30:00,0.0005001707644041906
2026-01-08 11:30:00,0.0017396385265042121
2026-01-08 12:30:00,0.0012269827741203283
2026-01-08 13:30:00,-0.0003098701807809958
2026-01-08 14:30:00,-0.0018287688616802013
2026-01-08 15:30:00,0.0
2026-01-09 09:30:00,0.0
2026-01-09 10:30:00,0.0
2026-01-09 11:30:00,0.0
2026-01-09 12:30:00,0.0
2026-01-09 13:30:00,0.0
2026-01-09 14:30:00,0.0
2026-01-09 15:30:00,0.0
2026-01-12 09:30:00,0.0
2026-01-12 10:30:00,0.0
2026-01-12 11:30:00,0.0
2026-01-12 12:30:00,0.0
2026-01-12 13:30:00,0.0
2026-01-12 14:30:00,0.0
2026-01-12 15:30:00,0.0
2026-01-13 09:30:00,0.0
2026-01-13 10:30:00,-0.006513472288030491
2026-01-13 11:30:00,-0.0024539735227754036
2026-01-13 12:30:00,-0.0007384834799095732
2026-01-13 13:30:00,-0.0012957417368307958
2026-01-13 14:30:00,-0.002725555085019026
2026-01-13 15:30:00,0.0002085240585050893
2026-01-14 09:30:00,-0.003137109551784261
2026-01-14 10:30:00,-0.00044271544613105256
2026-01-14 11:30:00,-0.004570906272525776
2026-01-14 12:30:00,-0.0018024413521388108
2026-01-14 13:30:00,-0.0004028409980856842
2026-01-14 14:30:00,0.001172715308444123
2026-01-14 15:30:00,0.0013730151369341645
2026-01-15 09:30:00,0.0
2026-01-15 10:30:00,0.0
2026-01-15 11:30:00,0.0
2026-01-15 12:30:00,0.0
2026-01-15 13:30:00,0.0
2026-01-15 14:30:00,0.0
2026-01-15 15:30:00,0.0
2026-01-16 09:30:00,0.0
2026-01-16 10:30:00,0.0
2026-01-16 11:30:00,0.0
2026-01-16 12:30:00,0.0
2026-01-16 13:30:00,0.0
2026-01-16 14:30:00,0.0
2026-01-16 15:30:00,0.0
2026-01-20 09:30:00,-0.03240926555696268
2026-01-20 10:30:00,-0.0044054711001082205
2026-01-20 11:30:00,0.000944358197124868
2026-01-20 12:30:00,-0.004328716630717293
2026-01-20 13:30:00,-0.004533121940050627
2026-01-20 14:30:00,-0.002187033058937492
2026-01-20 15:30:00,-0.0005233946607460119
2026-01-21 09:30:00,0.011857310077873735
2026-01-21 10:30:00,0.0006655539103209327
2026-01-21 11:30:00,-0.005252919381247694
2026-01-21 12:30:00,-0.00026856899121994093
2026-01-21 13:30:00,0.007043526252105037
2026-01-21 14:30:00,-0.0015437521368259035
2026-01-21 15:30:00,0.0
2026-01-22 09:30:00,0.0
2026-01-22 10:30:00,0.0
2026-01-22 11:30:00,0.0
2026-01-22 12:30:00,0.0
2026-01-22 13:30:00,0.0
2026-01-22 14:30:00,0.0
2026-01-22 15:30:00,0.0
2026-01-23 09:30:00,-0.020376149953233592
2026-01-23 10:30:00,0.0003727862030119219
2026-01-23 11:30:00,-0.0009621322856157791
2026-01-23 12:30:00,-0.002923186400495791
2026-01-23 13:30:00,0.0016251859527561204
2026-01-23 14:30:00,9.023676453312002e-05
2026-01-23 15:30:00,0.0001334724119693995
2026-01-26 09:30:00,0.0005631147098719932
2026-01-26 10:30:00,-0.0005499068295973733
2026-01-26 11:30:00,-0.0012691709806818099
2026-01-26 12:30:00,-0.0001487519122006667
2026-01-26 13:30:00,-0.0007357332168134048
2026-01-26 14:30:00,-0.0005152241300251262
2026-01-26 15:30:00,0.0
2026-01-27 09:30:00,-0.07004661915668392
2026-01-27 10:30:00,0.006283889109246583
2026-01-27 11:30:00,-0.00456553739768204
2026-01-27 12:30:00,-0.0021546497249075305
2026-01-27 13:30:00,0.0023967031987095384
2026-01-27 14:30:00,-0.002392623966035772
2026-01-27 15:30:00,-0.0008891211314561767
2026-01-28 09:30:00,-0.0004817315036792771
2026-01-28 10:30:00,0.0020238507063655717
2026-01-28 11:30:00,-0.0029030064712875715
2026-01-28 12:30:00,-0.0007980345375251154
2026-01-28 13:30:00,-0.007018379667346668
2026-01-28 14:30:00,-0.0012343659346093984
2026-01-28 15:30:00,-0.0039175053124501525
2026-01-29 09:30:00,-0.0017916342055539483
2026-01-29 10:30:00,-0.00040835448866784944
2026-01-29 11:30:00,-0.0007741989961079767
2026-01-29 12:30:00,-0.0021760762790228863
2026-01-29 13:30:00,0.0008461136379409105
2026-01-29 14:30:00,-0.0036156891585849716
2026-01-29 15:30:00,0.0005145187211153099
2026-01-30 09:30:00,-0.0037581140849835427
2026-01-30 10:30:00,-0.0007097727309453396
2026-02-02 13:30:00,0.0032868521083112287
2026-02-02 14:30:00,-0.00017105828953176605
2026-02-02 15:30:00,-0.0022117576225700033
2026-02-03 09:30:00,-0.084422312434778
2026-02-03 10:30:00,-0.017457229441167833
2026-02-03 11:30:00,-0.009759331852490703
2026-02-03 12:30:00,0.0028636597605144762
2026-02-03 13:30:00,-0.0022747457148248043
2026-02-03 14:30:00,0.0025441745486541275
2026-02-03 15:30:00,0.0011286779424291246
2026-02-04 09:30:00,-0.00227174491597426
2026-02-04 10:30:00,-0.0011601351386534777
2026-02-04 11:30:00,-0.009528118894446828
2026-02-04 12:30:00,0.0053756468641216705
2026-02-04 13:30:00,0.0029501682313157257
2026-02-04 14:30:00,0.001433872303461182
2026-02-04 15:30:00,0.0
2026-02-05 09:30:00,-0.0632063817161435
2026-02-05 10:30:00,0.005679028885914895
2026-02-05 11:30:00,0.004639090053074819
2026-02-05 12:30:00,-0.005066146763291284
2026-02-05 13:30:00,0.001332607045590962
2026-02-05 14:30:00,-0.002735661297522595
2026-02-05 15:30:00,-0.0002047588486274723
2026-02-06 09:30:00,0.007142947625292945
2026-02-06 10:30:00,0.0052889818290208675
2026-02-06 11:30:00,-0.001056193487416384
2026-02-06 12:30:00,0.0008993055933598124
2026-02-06 13:30:00,-0.0010175688650527473
2026-02-06 14:30:00,-0.001782104707057818
2026-02-06 15:30:00,0.0
2026-02-09 09:30:00,0.0
2026-02-09 10:30:00,0.0
2026-02-09 11:30:00,0.0
2026-02-09 12:30:00,0.0
2026-02-09 13:30:00,0.0
2026-02-09 14:30:00,0.0
2026-02-09 15:30:00,0.0
2026-02-10 09:30:00,0.0
2026-02-10 10:30:00,0.0
2026-02-10 11:30:00,0.0
2026-02-10 12:30:00,0.0
2026-02-10 13:30:00,0.0
2026-02-10 14:30:00,0.0
2026-02-10 15:30:00,0.0
2026-02-11 09:30:00,0.0
2026-02-11 10:30:00,0.0
2026-02-11 11:30:00,0.0
2026-02-11 12:30:00,0.0
2026-02-11 13:30:00,0.0
2026-02-11 14:30:00,0.0
2026-02-11 15:30:00,0.0
2026-02-12 09:30:00,-0.059409405178358334
2026-02-12 10:30:00,-0.018859203518777352
2026-02-12 11:30:00,-0.007471557433423908
2026-02-12 12:30:00,0.005287040467674504
2026-02-12 13:30:00,0.006429953942593393
2026-02-12 14:30:00,0.0057998764672292655
2026-02-12 15:30:00,-0.00477166777000803
2026-02-13 09:30:00,0.012089449769137978
2026-02-13 10:30:00,0.004415535740238125
2026-02-13 11:30:00,0.004276407131428224
2026-02-13 12:30:00,-0.0018125083071282625
2026-02-13 13:30:00,-0.0023955786293701977
2026-02-13 14:30:00,-0.0047863169643587436
2026-02-13 15:30:00,0.0
2026-02-17 09:30:00,-0.04310931084323033
2026-02-17 10:30:00,0.0003887724455776795
2026-02-17 11:30:00,-0.0014574940161755914
2026-02-17 12:30:00,-0.0038974691079045657
2026-02-17 13:30:00,0.0019939869056035185
2026-02-17 14:30:00,-0.0006964417179739826
2026-02-17 15:30:00,-0.0009603780954338772
2026-02-18 09:30:00,0.0025430063581678495
2026-02-18 10:30:00,0.00033163241189201973
2026-02-18 11:30:00,0.00021262628321562873
2026-02-18 12:30:00,-0.0017189120029825248
2026-02-18 13:30:00,-0.0023289453090803982
2026-02-18 14:30:00,-0.0020585706546314524
2026-02-18 15:30:00,0.0
2026-02-19 09:30:00,-0.03419122246000493
2026-02-19 10:30:00,-0.0017621460646627775
2026-02-19 11:30:00,-0.00021106429810889755
2026-02-19 12:30:00,-0.00353291149802653
2026-02-19 13:30:00,-0.000586576420099815
2026-02-19 14:30:00,-0.0016211838183973416
2026-02-19 15:30:00,0.0016731646129944221
2026-02-20 09:30:00,0.006048364547889952
2026-02-20 10:30:00,-0.0071101609872520665
2026-02-20 11:30:00,-0.0041970040317931825
2026-02-20 12:30:00,0.0007897401889555131
2026-02-20 13:30:00,0.0010901876090080873
2026-02-20 14:30:00,-0.001764734137307943
2026-02-20 15:30:00,0.0
2026-02-23 09:30:00,-0.061763345285937896
2026-02-23 10:30:00,-0.0046442455498586655
2026-02-23 11:30:00,-0.0051182980195315355
2026-02-23 12:30:00,0.005025709294257825
2026-02-23 13:30:00,-0.005730605510578067
2026-02-23 14:30:00,0.0021338107713874017
2026-02-23 15:30:00,0.0020881445807797725
2026-02-24 09:30:00,0.02018022764307386
2026-02-24 10:30:00,-0.010955979745072324
2026-02-24 11:30:00,0.002240878774963263
2026-02-24 12:30:00,-0.0006919073541671586
2026-02-24 13:30:00,-0.0007391623846940967
2026-02-24 14:30:00,-0.0044965473371194106
2026-02-24 15:30:00,0.0
2026-02-25 09:30:00,-0.054993023412691876
2026-02-25 10:30:00,0.0027794231833524093
2026-02-25 11:30:00,0.0009762724378480866
2026-02-25 12:30:00,0.0005951111157357089
2026-02-25 13:30:00,0.0006000214519295952
2026-02-25 14:30:00,-0.0004271587192123385
2026-02-25 15:30:00,-0.00043097903926753633
2026-02-26 09:30:00,0.002026202596442851
2026-02-26 10:30:00,0.001587387135737973
2026-02-26 11:30:00,-0.005766482410507861
2026-02-26 12:30:00,0.0024898364630862265
2026-02-26 13:30:00,0.0006084244535389479
2026-02-26 14:30:00,0.002470266873583461
2026-02-26 15:30:00,0.0
2026-02-27 09:30:00,-0.028894289349706316
2026-02-27 10:30:00,0.0029194516445211543
2026-02-27 11:30:00,-0.006580564229705676
2026-02-27 12:30:00,0.001841482089547548
2026-02-27 13:30:00,-0.0012197510823926275
2026-02-27 14:30:00,0.002547636209693494
2026-02-27 15:30:00,0.00012512938822438285
2026-03-02 09:30:00,-0.0026946788351282828
2026-03-02 10:30:00,-0.0015216648824784066
2026-03-02 11:30:00,0.004095780541242984
2026-03-02 12:30:00,0.0008041850737974929
2026-03-02 13:30:00,0.0005515778537182779
2026-03-02 14:30:00,-0.005209690245734204
2026-03-02 15:30:00,0.0
2026-03-03 09:30:00,-0.04971589266600709
2026-03-03 10:30:00,0.008594855124999589
2026-03-03 11:30:00,0.005460369959121998
2026-03-03 12:30:00,-0.00019687154666700923
2026-03-03 13:30:00,0.0006639986211266888
2026-03-03 14:30:00,0.0005884007657376632
2026-03-03 15:30:00,-0.004949470884452977
2026-03-04 09:30:00,0.012643259125660979
2026-03-04 10:30:00,-0.004062108199370178
2026-03-04 11:30:00,0.0013789642566938106
2026-03-04 12:30:00,0.0007644534240468634
2026-03-04 13:30:00,0.0012078534344133703
2026-03-04 14:30:00,0.0014951610321992889
2026-03-04 15:30:00,0.0
2026-03-05 09:30:00,-0.0350587691794627
2026-03-05 10:30:00,-0.003233642865696955
2026-03-05 11:30:00,-0.004310327354338998
2026-03-05 12:30:00,0.00025156575561138903
2026-03-05 13:30:00,-0.0011685772646576656
2026-03-05 14:30:00,0.004590566100057576
2026-03-05 15:30:00,-0.0019403344920650091
2026-03-06 09:30:00,-0.011459722617806693
2026-03-06 10:30:00,0.0016860526918145054
2026-03-06 11:30:00,-0.004016683868314096
2026-03-06 12:30:00,0.0016154440408213799
2026-03-06 13:30:00,0.0004800429423038775
2026-03-06 14:30:00,-0.0004832863676371193
2026-03-06 15:30:00,0.0
2026-03-09 09:30:00,-0.040096322570076566
2026-03-09 10:30:00,0.011379445979885761
2026-03-09 11:30:00,0.0008214031463812453
2026-03-09 12:30:00,-0.0040881027279427926
2026-03-09 13:30:00,0.001713839968877152
2026-03-09 14:30:00,0.010763021735269052
2026-03-09 15:30:00,0.0002495448090969808
2026-03-10 09:30:00,-0.005557676308343472
2026-03-10 10:30:00,0.004252178700560583
2026-03-10 11:30:00,-0.0022296830349146693
2026-03-10 12:30:00,0.005131531926959821
2026-03-10 13:30:00,-0.010284284653583213
2026-03-10 14:30:00,-0.002722147801470608
2026-03-10 15:30:00,-0.006904263520263231
2026-03-11 09:30:00,-0.016175620828398816
2026-03-11 10:30:00,-0.003042106555277162
2026-03-11 11:30:00,-0.0010808451620993522
2026-03-11 12:30:00,0.001758083435767872
2026-03-11 13:30:00,-0.0007488528222048699
2026-03-11 14:30:00,-0.00027709111839564955
2026-03-11 15:30:00,-0.0022997484245501957
2026-03-12 09:30:00,0.004209551241986759
2026-03-12 10:30:00,-0.0059634997837178004
2026-03-12 11:30:00,-0.012859744292000656
2026-03-12 12:30:00,-0.0009502441723717272
2026-03-12 13:30:00,-0.005771635021619841
2026-03-12 14:30:00,-0.0061258122705008565
2026-03-12 15:30:00,-0.006289996221723564
2026-03-13 09:30:00,0.014507828583153554
2026-03-13 10:30:00,-0.0068177119183484335
2026-03-13 11:30:00,-0.0002313772635987746
2026-03-13 12:30:00,0.0013051897908733078
2026-03-13 13:30:00,-0.003485390640809421
2026-03-13 14:30:00,-0.0007252959413585272
2026-03-13 15:30:00,-0.00043594969083494603
2026-03-16 09:30:00,0.00864951322227316
2026-03-16 10:30:00,-0.0037559327714484494
2026-03-16 11:30:00,-0.005713086626364932
2026-03-16 12:30:00,0.0007591928521505484
2026-03-16 13:30:00,0.0
2026-03-16 14:30:00,0.0
2026-03-16 15:30:00,0.0
2026-03-17 09:30:00,0.0
2026-03-17 10:30:00,0.0
2026-03-17 11:30:00,0.0
2026-03-17 12:30:00,0.0
2026-03-17 13:30:00,0.0
2026-03-17 14:30:00,0.0
2026-03-17 15:30:00,0.0
2026-03-18 09:30:00,-0.020878935926966637
2026-03-18 10:30:00,-0.0021855085968657865
2026-03-18 11:30:00,0.0009078475465531153
2026-03-18 12:30:00,-0.0051388005670953965
2026-03-18 13:30:00,-0.001736006461631844
2026-03-18 14:30:00,-0.0033193521429091036
2026-03-18 15:30:00,-0.0037660881808512393
2026-03-19 09:30:00,0.0013352886802855245
2026-03-19 10:30:00,-0.0007988662518349946
2026-03-19 11:30:00,-0.0024057780054936575
2026-03-19 12:30:00,-0.004021607076042221
2026-03-19 13:30:00,-0.003043372739599908
2026-03-19 14:30:00,0.0041703920939073335
2026-03-19 15:30:00,0.0
2026-03-20 09:30:00,-0.03629467963976841
2026-03-20 10:30:00,0.0031006207045075514
2026-03-20 11:30:00,-0.005058138749256923
2026-03-20 12:30:00,0.00015649855657312106
2026-03-20 13:30:00,-0.007632752174749734
2026-03-20 14:30:00,-0.006798117048157381
2026-03-20 15:30:00,-0.0013181341126032745
2026-03-23 09:30:00,0.015727239276009792
2026-03-23 10:30:00,0.0025433041169657675
2026-03-23 11:30:00,-0.008730705801186293
2026-03-23 12:30:00,0.0031125055675986397
2026-03-23 13:30:00,0.002582126958209608
2026-03-23 14:30:00,-0.004481253201550805
2026-03-23 15:30:00,0.0
2026-03-24 09:30:00,-0.040711017239678286
2026-03-24 10:30:00,-0.0016437015202194418
2026-03-24 11:30:00,-0.0019088518021888649
2026-03-24 12:30:00,-0.007483556826886672
2026-03-24 13:30:00,0.0009908185819119406
2026-03-24 14:30:00,0.0004888775628520202
2026-03-24 15:30:00,-0.004669066007153304
2026-03-25 09:30:00,0.0016875413595001786
2026-03-25 10:30:00,-0.008363805552876628
2026-03-25 11:30:00,0.00115876668630417
2026-03-25 12:30:00,0.0012000243805546495
2026-03-25 13:30:00,-0.003990696590243252
2026-03-25 14:30:00,9.989085518997444e-06
2026-03-25 15:30:00,0.0
2026-03-26 09:30:00,0.0
2026-03-26 10:30:00,0.0
2026-03-26 11:30:00,0.0
2026-03-26 12:30:00,0.0
2026-03-26 13:30:00,0.0
2026-03-26 14:30:00,0.0
2026-03-26 15:30:00,0.0
2026-03-27 09:30:00,-0.039146258231167165
2026-03-27 10:30:00,0.003981038610477828
2026-03-27 11:30:00,-0.005013176905003163
2026-03-27 12:30:00,-0.006563457630861857
2026-03-27 13:30:00,-0.0006804535418334692
2026-03-27 14:30:00,0.0004305240246608342
2026-03-27 15:30:00,-0.0031950571443277224
2026-03-30 09:30:00,0.006610860271320125
2026-03-30 10:30:00,0.001944711125345595
2026-03-30 11:30:00,-0.0005065377671711382
2026-03-30 12:30:00,-0.009660931532182847
2026-03-30 13:30:00,-0.005474596602694253
2026-03-30 14:30:00,-0.0034331836078512804
2026-03-30 15:30:00,0.0
2026-03-31 09:30:00,0.0
2026-03-31 10:30:00,0.0
2026-03-31 11:30:00,0.0
2026-03-31 12:30:00,0.0
2026-03-31 13:30:00,0.0
2026-03-31 14:30:00,0.0
2026-03-31 15:30:00,0.0
2026-04-01 09:30:00,-0.04054985434563501
2026-04-01 10:30:00,-0.0010477949001759127
2026-04-01 11:30:00,-6.86768066259938e-05
2026-04-01 12:30:00,-0.0020285833786750297
2026-04-01 13:30:00,-0.0001667740220030236
2026-04-01 14:30:00,0.0011793123427442996
2026-04-01 15:30:00,-0.0022041673935124396
2026-04-02 09:30:00,-0.001895899104538711
2026-04-02 10:30:00,0.0026621483880914683
2026-04-02 11:30:00,-0.003604827368835089
2026-04-02 12:30:00,0.00029808615227199875
2026-04-02 13:30:00,-0.0016880507536349944
2026-04-02 14:30:00,-0.0007088948200363812
2026-04-02 15:30:00,0.0
2026-04-06 09:30:00,0.0
2026-04-06 10:30:00,0.0
2026-04-06 11:30:00,0.0
2026-04-06 12:30:00,0.0
2026-04-06 13:30:00,0.0
2026-04-06 14:30:00,0.0
2026-04-06 15:30:00,0.0
2026-04-07 09:30:00,0.0
2026-04-07 10:30:00,0.0
2026-04-07 11:30:00,0.0
2026-04-07 12:30:00,0.0
2026-04-07 13:30:00,0.0
2026-04-07 14:30:00,0.0
2026-04-07 15:30:00,0.0
2026-04-08 09:30:00,-0.053349236980314775
2026-04-08 10:30:00,0.004830578451008895
2026-04-08 11:30:00,0.0013889510080313037
2026-04-08 12:30:00,0.0006290475259956416
2026-04-08 13:30:00,0.0009761113109750981
2026-04-08 14:30:00,0.00835441282241418
2026-04-08 15:30:00,0.0004480117228738321
2026-04-09 09:30:00,0.003884547027682262
2026-04-09 10:30:00,-0.005585285696930214
2026-04-09 11:30:00,-0.013958834055377012
2026-04-09 12:30:00,-0.00451070048597682
2026-04-09 13:30:00,-0.00016582758002830404
2026-04-09 14:30:00,0.0010411452223765445
2026-04-09 15:30:00,0.0
2026-04-10 09:30:00,-0.040180991842570304
2026-04-10 10:30:00,-0.006724800214269249
2026-04-10 11:30:00,0.0007733682115302573
2026-04-10 12:30:00,-0.0043892770581587075
2026-04-10 13:30:00,-0.004457433478808014
2026-04-10 14:30:00,0.004664086503859767
2026-04-10 15:30:00,-0.0019340967640214526
2026-04-13 09:30:00,0.02127247682808408
2026-04-13 10:30:00,-0.003983968580255858
2026-04-13 11:30:00,0.008188934711767373
2026-04-13 12:30:00,0.0021563511980958357
2026-04-13 13:30:00,-0.0006924058258219781
2026-04-13 14:30:00,-0.002632668280505023
2026-04-13 15:30:00,0.0
2026-04-14 09:30:00,0.0
2026-04-14 10:30:00,0.0
2026-04-14 11:30:00,0.0
2026-04-14 12:30:00,0.0
2026-04-14 13:30:00,0.0
2026-04-14 14:30:00,0.0
2026-04-14 15:30:00,0.0
2026-04-15 09:30:00,0.0
2026-04-15 10:30:00,0.0
2026-04-15 11:30:00,0.0
2026-04-15 12:30:00,0.0
2026-04-15 13:30:00,0.0
2026-04-15 14:30:00,0.0
2026-04-15 15:30:00,0.0
2026-04-16 09:30:00,0.0
2026-04-16 10:30:00,0.0
2026-04-16 11:30:00,0.0
2026-04-16 12:30:00,0.0
2026-04-16 13:30:00,0.0
2026-04-16 14:30:00,0.0
2026-04-16 15:30:00,0.0
2026-04-17 09:30:00,-0.06308162467553796
2026-04-17 10:30:00,0.003726395764263214
2026-04-17 11:30:00,0.0017018951886032425
2026-04-17 12:30:00,0.007310278218124972
2026-04-17 13:30:00,0.00025653339364154013
2026-04-17 14:30:00,-0.0004107975853517678
2026-04-17 15:30:00,-0.0021072875962640228
2026-04-20 09:30:00,0.008230174220138522
2026-04-20 10:30:00,-0.00219540421135359
2026-04-20 11:30:00,-0.0009462129173095238
2026-04-20 12:30:00,0.0015781274665704345
2026-04-20 13:30:00,-0.0014985573130759703
2026-04-20 14:30:00,-0.005613185017545823
2026-04-20 15:30:00,0.0
2026-04-21 09:30:00,-0.026272438646560863
2026-04-21 10:30:00,-0.01133701657028181
2026-04-21 11:30:00,0.0021639333044725104
2026-04-21 12:30:00,-0.003606532650901261
2026-04-21 13:30:00,-0.0030259506382427294
2026-04-21 14:30:00,0.0037984497571014976
2026-04-21 15:30:00,-0.004384926876022015
2026-04-22 09:30:00,-0.009205793483556074
2026-04-22 10:30:00,-0.004550723756737234
2026-04-22 11:30:00,-0.005495557575646203
2026-04-22 12:30:00,-0.002618691569743397
2026-04-22 13:30:00,-0.0017076385453057832
2026-04-22 14:30:00,-0.0009992490163059022
2026-04-22 15:30:00,0.0
2026-04-23 09:30:00,-0.06829390232365488
2026-04-23 10:30:00,-0.00323421683109013
2026-04-23 11:30:00,-0.004554661860835945
2026-04-23 12:30:00,-0.010427630066470489
2026-04-23 13:30:00,0.0070254058090399646
2026-04-23 14:30:00,0.0022869294436256744
2026-04-23 15:30:00,-0.0018435292728336819
2026-04-24 09:30:00,0.0059602126290641665
2026-04-24 10:30:00,-0.0038362398843992942
2026-04-24 11:30:00,0.003001110026938209
2026-04-24 12:30:00,-0.0009819069875053313
2026-04-24 13:30:00,0.0011731402785355623
2026-04-24 14:30:00,-0.0028938879295534728
2026-04-24 15:30:00,-0.004929901829518389
2026-04-27 09:30:00,0.005972707891214286
2026-04-27 10:30:00,0.0012235546315148625
2026-04-27 11:30:00,-0.0031842393604521336
2026-04-27 12:30:00,-0.0024730953677088653
2026-04-27 13:30:00,-0.00048662948868663427
2026-04-27 14:30:00,-0.000618136238303634
2026-04-27 15:30:00,-0.0017142678451744933
2026-04-28 09:30:00,-0.003973730374532646
2026-04-28 10:30:00,0.0021143714770061003
2026-04-28 11:30:00,-0.0013466991852955127
2026-04-28 12:30:00,-0.0036402660783358565
2026-04-28 13:30:00,-0.004007428697731108
2026-04-28 14:30:00,-0.007855627549123433
2026-04-28 15:30:00,0.004092483593645341
2026-04-29 09:30:00,-0.010398957606112886
2026-04-29 10:30:00,-0.0021857394490947305
2026-04-29 11:30:00,0.0007556844244050352
2026-04-29 12:30:00,-0.0022964136814475557
2026-04-29 13:30:00,-0.0036300741324234212
2026-04-29 14:30:00,-0.0018583845425766234
2026-04-29 15:30:00,0.0016661468202051064
2026-04-30 09:30:00,0.01109793018268923
2026-04-30 10:30:00,-0.0017433944104302038
2026-04-30 11:30:00,-0.0006811572023256487
2026-04-30 12:30:00,-0.003268569007055654
2026-04-30 13:30:00,0.0
2026-04-30 14:30:00,0.0
2026-04-30 15:30:00,0.0
2026-05-01 09:30:00,0.0
2026-05-01 10:30:00,0.0
2026-05-01 11:30:00,0.0
2026-05-01 12:30:00,0.0
2026-05-01 13:30:00,0.0
2026-05-01 14:30:00,0.0
2026-05-01 15:30:00,0.0
2026-05-04 09:30:00,-0.02984903824906443
2026-05-04 10:30:00,-0.008678413118420991
2026-05-04 11:30:00,-0.003628678924700134
2026-05-04 12:30:00,-5.563370565401702e-05
2026-05-04 13:30:00,-0.002516284838764992
2026-05-04 14:30:00,-0.0037206485739140972
2026-05-04 15:30:00,0.0016731040491488334
2026-05-05 09:30:00,0.014762870766888203
2026-05-05 10:30:00,-0.00018095869297092755
2026-05-05 11:30:00,-0.0004876857405804227
2026-05-05 12:30:00,-0.0020205967344910083
2026-05-05 13:30:00,0.0012930340802901463
2026-05-05 14:30:00,0.0017148512169134441
2026-05-05 15:30:00,0.0
2026-05-06 09:30:00,-0.05441026192466234
2026-05-06 10:30:00,-2.2059381777122123e-05
2026-05-06 11:30:00,-0.007354764790839668
2026-05-06 12:30:00,-0.0015745224039946373
2026-05-06 13:30:00,-0.0005831298878184946
2026-05-06 14:30:00,-0.0039697838454236575
2026-05-06 15:30:00,0.0039162193677025345
2026-05-07 09:30:00,-0.021350092382165
2026-05-07 10:30:00,0.0015634854607339717
2026-05-07 11:30:00,-0.0006742548109848858
2026-05-07 12:30:00,0.0011968904345111449
2026-05-07 13:30:00,-0.0018337419386545363
2026-05-07 14:30:00,0.0007678424195463837
2026-05-07 15:30:00,0.0
2026-05-08 09:30:00,-0.040302546029455245
2026-05-08 10:30:00,-0.0007462914668149847
2026-05-08 11:30:00,-0.0061121095989872575
2026-05-08 12:30:00,-0.0014714812495627164
2026-05-08 13:30:00,0.0010143542708237873
2026-05-08 14:30:00,-0.00405477196123925
2026-05-08 15:30:00,0.0004183599330463703
2026-05-11 09:30:00,-0.006288777077461393
2026-05-11 10:30:00,-0.012014251616443955
2026-05-11 11:30:00,-0.001431955616370916
2026-05-11 12:30:00,-0.0018621876314489573
2026-05-11 13:30:00,-0.0011129201911717116
2026-05-11 14:30:00,-0.002364444255131747
2026-05-11 15:30:00,0.0
2026-05-12 09:30:00,-0.016035259460649893
2026-05-12 10:30:00,-0.00045047211951244523
2026-05-12 11:30:00,0.0014832941403686802
2026-05-12 12:30:00,0.0014628258692820926
2026-05-12 13:30:00,0.002042328604276273
2026-05-12 14:30:00,-0.0013140559372934115
2026-05-12 15:30:00,-0.0011441692510400494
2026-05-13 09:30:00,-0.009838576313675733
2026-05-13 10:30:00,-0.0030512529715583537
2026-05-13 11:30:00,-8.776304974360705e-06
2026-05-13 12:30:00,-0.0015154305929459368
2026-05-13 13:30:00,-0.0019740061467293617
2026-05-13 14:30:00,0.00012119877232282883
2026-05-13 15:30:00,0.0
2026-05-14 09:30:00,0.0
2026-05-14 10:30:00,0.0
2026-05-14 11:30:00,0.0
2026-05-14 12:30:00,0.0
2026-05-14 13:30:00,0.0
2026-05-14 14:30:00,0.0
2026-05-14 15:30:00,0.0
2026-05-15 09:30:00,-0.026450259360063032
2026-05-15 10:30:00,-0.004062499756183757
2026-05-15 11:30:00,-0.0010338535103520054
2026-05-15 12:30:00,-0.0013854899278069868
2026-05-15 13:30:00,-0.000900796627675581
2026-05-15 14:30:00,-0.0005834348640892875
2026-05-15 15:30:00,-0.003446279099250548
2026-05-18 09:30:00,0.008983758624741888
2026-05-18 10:30:00,-0.004737275873812157
2026-05-18 11:30:00,-0.0020898618468512755
2026-05-18 12:30:00,0.0020308725915276003
2026-05-18 13:30:00,-0.0053541202325980575
2026-05-18 14:30:00,0.0018884602308310802
2026-05-18 15:30:00,0.0
2026-05-19 09:30:00,-0.033918281642635405
2026-05-19 10:30:00,0.00200182306550833
2026-05-19 11:30:00,0.005012394422590545
2026-05-19 12:30:00,0.005148557142569988
2026-05-19 13:30:00,-0.005615008103145352
2026-05-19 14:30:00,-0.004058777473441098
2026-05-19 15:30:00,-0.0023083872032484457
2026-05-20 09:30:00,0.008629042463048669
2026-05-20 10:30:00,-0.0004396536881988869
2026-05-20 11:30:00,-0.005247764193808884
2026-05-20 12:30:00,0.0020692089912925215
2026-05-20 13:30:00,-0.005700900785844869
2026-05-20 14:30:00,-0.00014224713171541643
2026-05-20 15:30:00,0.0
2026-05-21 09:30:00,0.0
2026-05-21 10:30:00,0.0
2026-05-21 11:30:00,0.0
2026-05-21 12:30:00,0.0
2026-05-21 13:30:00,0.0
2026-05-21 14:30:00,0.0
2026-05-21 15:30:00,0.0
2026-05-22 09:30:00,0.0
2026-05-22 10:30:00,0.0
2026-05-22 11:30:00,0.0
2026-05-22 12:30:00,0.0
2026-05-22 13:30:00,0.0
2026-05-22 14:30:00,0.0
2026-05-22 15:30:00,0.0
2026-05-26 09:30:00,0.0
2026-05-26 10:30:00,0.0
2026-05-26 11:30:00,0.0
2026-05-26 12:30:00,0.0
2026-05-26 13:30:00,0.0
2026-05-26 14:30:00,0.0
2026-05-26 15:30:00,0.0
2026-05-27 09:30:00,-0.0523623309260318
2026-05-27 10:30:00,0.0028099215168517384
2026-05-27 11:30:00,-0.0010444440210805198
2026-05-27 12:30:00,-0.0017738961308915327
2026-05-27 13:30:00,-0.0036381492591846744
2026-05-27 14:30:00,-0.0012249775186576818
2026-05-27 15:30:00,-0.0026800731193762466
2026-05-28 09:30:00,-0.006447050444128526
2026-05-28 10:30:00,0.003614656797195571
2026-05-28 11:30:00,0.0004527202295579577
2026-05-28 12:30:00,-0.0007178745210571094
2026-05-28 13:30:00,-0.0012300400707220597
2026-05-28 14:30:00,-0.0015843471838117454
2026-05-28 15:30:00,0.0
2026-05-29 09:30:00,-0.021915306857458867
2026-05-29 10:30:00,8.076869241822686e-05
2026-05-29 11:30:00,-0.00027705713593378836
2026-05-29 12:30:00,-0.0011855240862742636
2026-05-29 13:30:00,-0.0008139630839881886
2026-05-29 14:30:00,-0.0022154310122633903
2026-05-29 15:30:00,-0.003743584135871924
2026-06-01 09:30:00,-0.00451824929036077
2026-06-01 10:30:00,-0.0017027465119748776
2026-06-01 11:30:00,-0.0009139862005297586
2026-06-01 12:30:00,0.0006312955983912025
2026-06-01 13:30:00,-0.0009937860479778062
2026-06-01 14:30:00,-0.002709324901180598
2026-06-01 15:30:00,-0.005145772156131683
2026-06-02 09:30:00,-0.005352093249508965
2026-06-02 10:30:00,0.0004787055798440474
2026-06-02 11:30:00,9.830460563933297e-05
2026-06-02 12:30:00,-0.000558416433375363
2026-06-02 13:30:00,0.0013708215031455091
2026-06-02 14:30:00,-0.0024293238764791494
2026-06-02 15:30:00,0.0016372548186269161
2026-06-03 09:30:00,0.0073738982201674306
2026-06-03 10:30:00,3.898284561591552e-05
2026-06-03 11:30:00,0.0013696620653218814
2026-06-03 12:30:00,-0.0015501344725626968
2026-06-03 13:30:00,-0.0007399964967281283
2026-06-03 14:30:00,-0.008015209304487307
2026-06-03 15:30:00,0.0007165820574747247
2026-06-04 09:30:00,0.015621357826388953
2026-06-04 10:30:00,-0.0007446814527631953
2026-06-04 11:30:00,-0.002809397427008641
2026-06-04 12:30:00,-0.0029513719609393077
2026-06-04 13:30:00,-0.0036104815481327037
2026-06-04 14:30:00,0.0021670445592744734
2026-06-04 15:30:00,0.0006330772631252877
2026-06-05 09:30:00,-0.001634932125495713
2026-06-05 10:30:00,-0.002179329154989145
2026-06-05 11:30:00,-0.0061852856793926875
2026-06-05 12:30:00,-3.360965658249105e-06
2026-06-05 13:30:00,-0.010694734359860559
2026-06-05 14:30:00,-0.0005332967644779243
2026-06-05 15:30:00,-0.003943718161096276
2026-06-08 09:30:00,0.016098384030864055
2026-06-08 10:30:00,0.007192853956488661
2026-06-08 11:30:00,-0.0009357854262937384
2026-06-08 12:30:00,-0.002197261393424487
2026-06-08 13:30:00,0.003359842778709144
2026-06-08 14:30:00,-0.007368874915036032
2026-06-08 15:30:00,0.00110075286814444
2026-06-09 09:30:00,0.00932871681657815
2026-06-09 10:30:00,-0.02902388331002449
2026-06-09 11:30:00,-0.019270180690698822
2026-06-09 12:30:00,0.0
2026-06-09 13:30:00,0.0
2026-06-09 14:30:00,0.0
2026-06-09 15:30:00,0.0
2026-06-10 09:30:00,0.0
2026-06-10 10:30:00,-0.022280938769350767
2026-06-10 11:30:00,-0.0009936989092729988
2026-06-10 12:30:00,-0.003785947353402951
2026-06-10 13:30:00,-0.0013203166309295237
2026-06-10 14:30:00,-0.010644438092477376
2026-06-10 15:30:00,-0.0005147694601207555
2026-06-11 09:30:00,0.017543709712022258
2026-06-11 10:30:00,-7.385628679711846e-05
2026-06-11 11:30:00,-0.00019274168007599646
2026-06-11 12:30:00,0.00819144349157902
2026-06-11 13:30:00,0.005951643639585364
2026-06-11 14:30:00,0.005688258399049918
2026-06-11 15:30:00,0.0035830912333362002
2026-06-12 09:30:00,0.0
2026-06-12 10:30:00,0.0
2026-06-12 11:30:00,0.0
2026-06-12 12:30:00,0.0
2026-06-12 13:30:00,0.0
2026-06-12 14:30:00,0.0
2026-06-12 15:30:00,0.0
