Datetime,Return
2024-07-29 10:30:00,0.0
2024-07-29 11:30:00,-0.0006794746829272472
2024-07-29 12:30:00,0.0012869776106918958
2024-07-29 13:30:00,-0.00024955242453936417
2024-07-29 14:30:00,0.001682969846391679
2024-07-29 15:30:00,0.004916399137406115
2024-07-30 09:30:00,-0.0009334965978343371
2024-07-30 10:30:00,-0.0013990786244365064
2024-07-30 11:30:00,-1.1455147570852759e-05
2024-07-30 12:30:00,0.0007692577208113634
2024-07-30 13:30:00,0.0012392011449073256
2024-07-30 14:30:00,0.00031068284849535645
2024-07-30 15:30:00,-3.783596592331878e-05
2024-07-31 09:30:00,0.0002495918066476619
2024-07-31 10:30:00,-0.0006789072479811612
2024-07-31 11:30:00,-0.00035733058271700865
2024-07-31 12:30:00,0.0024985344376021166
2024-07-31 13:30:00,-0.0032970970621798543
2024-07-31 14:30:00,0.0002866229649989369
2024-07-31 15:30:00,-0.005276203152059232
2024-08-01 09:30:00,-0.005439947205978726
2024-08-01 10:30:00,-0.00038819093206928163
2024-08-01 11:30:00,-0.0022945257994074738
2024-08-01 12:30:00,-0.001349446730134248
2024-08-01 13:30:00,0.0004917600167672793
2024-08-01 14:30:00,0.0020882117214023727
2024-08-01 15:30:00,-0.023148705338907664
2024-08-02 09:30:00,-0.0051904999039271435
2024-08-02 10:30:00,0.0041339875090174475
2024-08-02 11:30:00,-0.0039959893468023335
2024-08-02 12:30:00,-0.0009096747148044193
2024-08-02 13:30:00,0.0002751221843658009
2024-08-02 14:30:00,0.001490034321351156
2024-08-02 15:30:00,-0.036861467502234874
2024-08-05 09:30:00,0.012839691155856339
2024-08-05 10:30:00,0.008822809562966044
2024-08-05 11:30:00,-0.004987939925208304
2024-08-05 12:30:00,-0.0021533430335635003
2024-08-05 13:30:00,-0.004851638394757133
2024-08-05 14:30:00,0.0006059089959999666
2024-08-05 15:30:00,0.012776844195105755
2024-08-06 09:30:00,-0.003908145104661517
2024-08-06 10:30:00,0.008012439436615518
2024-08-06 11:30:00,0.00115447985435988
2024-08-06 12:30:00,0.0007610935673660544
2024-08-06 13:30:00,-0.004344874296933055
2024-08-06 14:30:00,-0.007178334315071715
2024-08-06 15:30:00,0.012681540071258912
2024-08-07 09:30:00,0.0040577757680830134
2024-08-07 10:30:00,-0.003018843870130572
2024-08-07 11:30:00,-0.007744106379695964
2024-08-07 12:30:00,-0.005772413965687571
2024-08-07 13:30:00,-0.0011003481642343684
2024-08-07 14:30:00,-0.003969701451151123
2024-08-07 15:30:00,0.004891875021805852
2024-08-08 09:30:00,0.0034415948397223646
2024-08-08 10:30:00,0.0012312522573122056
2024-08-08 11:30:00,0.0013005763367564278
2024-08-08 12:30:00,0.0011881976802295708
2024-08-08 13:30:00,-0.0010463420946080545
2024-08-08 14:30:00,0.0025641482718147734
2024-08-08 15:30:00,-0.0011882645305066146
2024-08-09 09:30:00,-0.0032388180890412423
2024-08-09 10:30:00,0.0003852685045582591
2024-08-09 11:30:00,0.0058465163003908836
2024-08-09 12:30:00,-0.003935903709260432
2024-08-09 13:30:00,-8.975159762185581e-05
2024-08-09 14:30:00,-0.0010763325492069483
2024-08-09 15:30:00,-0.005161176132215726
2024-08-12 09:30:00,-0.0026175404247232295
2024-08-12 10:30:00,-0.0005798144929233468
2024-08-12 11:30:00,-2.7667662966622726e-05
2024-08-12 12:30:00,-0.001502861684505528
2024-08-12 13:30:00,0.0023201618312040646
2024-08-12 14:30:00,4.524013779846839e-05
2024-08-12 15:30:00,0.006522519473037363
2024-08-13 09:30:00,0.005266321061168986
2024-08-13 10:30:00,0.0013600899498917346
2024-08-13 11:30:00,0.002102077184285647
2024-08-13 12:30:00,-0.00019634004805474324
2024-08-13 13:30:00,0.004954877752008132
2024-08-13 14:30:00,0.001683029051807157
2024-08-13 15:30:00,0.0016806056568021072
2024-08-14 09:30:00,0.00047445554768548007
2024-08-14 10:30:00,-0.0022883954542576215
2024-08-14 11:30:00,0.001738341168614788
2024-08-14 12:30:00,0.0006026167683819502
2024-08-14 13:30:00,0.0024093754063488127
2024-08-14 14:30:00,-0.0011840335567102536
2024-08-14 15:30:00,8.1633103476666e-05
2024-08-15 09:30:00,0.0018412476061453551
2024-08-15 10:30:00,-0.0013364958569587106
2024-08-15 11:30:00,-0.0005562281243356918
2024-08-15 12:30:00,0.0014675770212346315
2024-08-15 13:30:00,0.0019484299061158202
2024-08-15 14:30:00,-0.0024472625919340356
2024-08-15 15:30:00,-0.0009127355151591638
2024-08-16 09:30:00,0.0027793242829519016
2024-08-16 10:30:00,-0.0015525853777786421
2024-08-16 11:30:00,0.0014921664982759878
2024-08-16 12:30:00,0.0007903576090041845
2024-08-16 13:30:00,-1.3823678751459232e-05
2024-08-16 14:30:00,0.0022449356120876627
2024-08-16 15:30:00,0.005273654207571129
2024-08-19 09:30:00,0.00024248357721456221
2024-08-19 10:30:00,0.0011640613973848684
2024-08-19 11:30:00,0.00014823965201205854
2024-08-19 12:30:00,0.0001418436278890205
2024-08-19 13:30:00,0.0010760117657942023
2024-08-19 14:30:00,0.0005976999185931247
2024-08-19 15:30:00,0.003966246782120217
2024-08-20 09:30:00,0.004418206951557266
2024-08-20 10:30:00,0.0019454574439321613
2024-08-20 11:30:00,0.0016408128429499323
2024-08-20 12:30:00,-0.0010629520652857185
2024-08-20 13:30:00,-0.0001626981123150542
2024-08-20 14:30:00,-0.0007635751204201261
2024-08-20 15:30:00,0.009632362922795354
2024-08-21 09:30:00,0.001357220754337982
2024-08-21 10:30:00,-0.005225184743799396
2024-08-21 11:30:00,0.0014361552689682953
2024-08-21 12:30:00,0.00010734400400631311
2024-08-21 13:30:00,-0.0011219764748249175
2024-08-21 14:30:00,0.001695046530244557
2024-08-21 15:30:00,0.011280839861906727
2024-08-22 09:30:00,-0.009455288332149214
2024-08-22 10:30:00,0.006559429862175179
2024-08-22 11:30:00,0.002850022633902669
2024-08-22 12:30:00,-3.0858713762655454e-05
2024-08-22 13:30:00,0.0007530037826553864
2024-08-22 14:30:00,0.002051957790012557
2024-08-22 15:30:00,0.011339895962199096
2024-08-23 09:30:00,0.0017638321946526012
2024-08-23 10:30:00,-0.0046758044095551645
2024-08-23 11:30:00,0.0027572778025033527
2024-08-23 12:30:00,-0.001280542418923516
2024-08-23 13:30:00,0.0008536268003129688
2024-08-23 14:30:00,0.001101995102559181
2024-08-23 15:30:00,0.0061159477954514235
2024-08-26 09:30:00,-3.019889174848106e-05
2024-08-26 10:30:00,-0.00012279433167292403
2024-08-26 11:30:00,0.000337952932873143
2024-08-26 12:30:00,-0.00010639932367464502
2024-08-26 13:30:00,-0.0005683931997439354
2024-08-26 14:30:00,-0.0006914854599474077
2024-08-26 15:30:00,-0.0032190429718301685
2024-08-27 09:30:00,-0.004538665940017663
2024-08-27 10:30:00,0.0016894954892226934
2024-08-27 11:30:00,-0.0003988487531948828
2024-08-27 12:30:00,-0.0011394543181656544
2024-08-27 13:30:00,0.00044963840357196847
2024-08-27 14:30:00,1.681829877870661e-05
2024-08-27 15:30:00,-0.008147269060502194
2024-08-28 09:30:00,-0.00013323771362728392
2024-08-28 10:30:00,-0.0014237085987097743
2024-08-28 11:30:00,0.0033831165792433
2024-08-28 12:30:00,-0.003315766656203188
2024-08-28 13:30:00,0.002358734936945066
2024-08-28 14:30:00,6.941395371380138e-05
2024-08-28 15:30:00,0.01036222774143459
2024-08-29 09:30:00,0.0037872601728329673
2024-08-29 10:30:00,0.0007389288463512351
2024-08-29 11:30:00,-0.0027147835852754983
2024-08-29 12:30:00,-0.0011379992571714317
2024-08-29 13:30:00,-0.0013621935227423603
2024-08-29 14:30:00,-0.0038629680455734613
2024-08-29 15:30:00,0.009901424293954889
2024-08-30 09:30:00,-0.004249977447202481
2024-08-30 10:30:00,-0.001886812547257319
2024-08-30 11:30:00,0.0017106810350725802
2024-08-30 12:30:00,0.0005887578175968195
2024-08-30 13:30:00,0.002126310097259602
2024-08-30 14:30:00,0.0020791258232192903
2024-08-30 15:30:00,-0.001398170260459891
2024-09-03 09:30:00,0.000590625822713609
2024-09-03 10:30:00,-0.004980511117787975
2024-09-03 11:30:00,0.0007118780325492987
2024-09-03 12:30:00,-0.0035367103068580956
2024-09-03 13:30:00,-0.0017262401036896788
2024-09-03 14:30:00,-0.0008889791776309166
2024-09-03 15:30:00,0.0027593060441147474
2024-09-04 09:30:00,0.0009479282935885165
2024-09-04 10:30:00,-0.0014402125086321893
2024-09-04 11:30:00,0.00035802797663226667
2024-09-04 12:30:00,-0.0021253848805162898
2024-09-04 13:30:00,-0.0032247140134511864
2024-09-04 14:30:00,0.0003193062081496226
2024-09-04 15:30:00,-0.0027743715864912404
2024-09-05 09:30:00,0.0042705660991378255
2024-09-05 10:30:00,0.003467610552624224
2024-09-05 11:30:00,0.004375213218453358
2024-09-05 12:30:00,0.0025855177135682625
2024-09-05 13:30:00,0.00024641361280966436
2024-09-05 14:30:00,0.0004369528251873652
2024-09-05 15:30:00,-0.0025333509014439067
2024-09-06 09:30:00,-0.003495049376030828
2024-09-06 10:30:00,-0.0008300042224418353
2024-09-06 11:30:00,0.0004482899064317005
2024-09-06 12:30:00,-0.0007474830605645527
2024-09-06 13:30:00,0.0006979514672940031
2024-09-06 14:30:00,0.00034455232732616165
2024-09-06 15:30:00,0.005831673803841678
2024-09-09 09:30:00,0.0016324255099746628
2024-09-09 10:30:00,0.004364396171597817
2024-09-09 11:30:00,-0.00020296734569407712
2024-09-09 12:30:00,-0.001163083052850292
2024-09-09 13:30:00,-0.0009378049605316848
2024-09-09 14:30:00,-0.0026992264432975617
2024-09-09 15:30:00,-0.0018042491201637274
2024-09-10 09:30:00,0.00473586044798349
2024-09-10 10:30:00,-0.006289789310466567
2024-09-10 11:30:00,0.0022512317753558726
2024-09-10 12:30:00,0.0011571970751142802
2024-09-10 13:30:00,0.0025928159374188934
2024-09-10 14:30:00,0.00047016738008498726
2024-09-10 15:30:00,-0.018024725476217206
2024-09-11 09:30:00,0.0032252010418895114
2024-09-11 10:30:00,0.0020500734832338175
2024-09-11 11:30:00,0.0026507091879926776
2024-09-11 12:30:00,-0.001517955256992027
2024-09-11 13:30:00,0.004815231954547653
2024-09-11 14:30:00,0.0014563831992866765
2024-09-11 15:30:00,0.0010874508835119966
2024-09-12 09:30:00,0.0005415257313602459
2024-09-12 10:30:00,0.001049857373121906
2024-09-12 11:30:00,0.0034395027531786285
2024-09-12 12:30:00,0.00256812648145677
2024-09-12 13:30:00,0.0010638502196991398
2024-09-12 14:30:00,-0.000726813874543021
2024-09-12 15:30:00,0.0008783592134342247
2024-09-13 09:30:00,-0.0014659309805608168
2024-09-13 10:30:00,0.0026041310896862927
2024-09-13 11:30:00,0.0006142101767595005
2024-09-13 12:30:00,-0.0004562915122006434
2024-09-13 13:30:00,0.0019643024622658482
2024-09-13 14:30:00,0.0024100421295719676
2024-09-13 15:30:00,0.0028639697366347346
2024-09-16 09:30:00,-0.0022477560500284402
2024-09-16 10:30:00,0.0030557956105834536
2024-09-16 11:30:00,-2.1835772903329036e-05
2024-09-16 12:30:00,-0.00019771470453935295
2024-09-16 13:30:00,-0.000667589562423835
2024-09-16 14:30:00,-0.000546201700109308
2024-09-16 15:30:00,0.0048432411564633925
2024-09-17 09:30:00,-0.0005964015315702256
2024-09-17 10:30:00,-0.0026226292384798934
2024-09-17 11:30:00,-0.00219800958051976
2024-09-17 12:30:00,0.00024452202221095785
2024-09-17 13:30:00,-0.0011042871204199399
2024-09-17 14:30:00,0.00031702035895480164
2024-09-17 15:30:00,-0.003347007322523166
2024-09-18 09:30:00,-0.0007496298986456787
2024-09-18 10:30:00,0.0007516307446440397
2024-09-18 11:30:00,0.001067388764871455
2024-09-18 12:30:00,0.00022232270255841986
2024-09-18 13:30:00,0.001448693138926706
2024-09-18 14:30:00,-0.002922893786769148
2024-09-18 15:30:00,0.0029836835049769288
2024-09-19 09:30:00,-0.0005205334482757606
2024-09-19 10:30:00,-0.0008975552578548935
2024-09-19 11:30:00,-0.000453973724243181
2024-09-19 12:30:00,0.0019926409582871236
2024-09-19 13:30:00,-0.0017996904178475461
2024-09-19 14:30:00,0.0006616569924205537
2024-09-19 15:30:00,-0.0017359137265249046
2024-09-20 09:30:00,0.0004167104415085196
2024-09-20 10:30:00,-0.0005634652569062464
2024-09-20 11:30:00,0.0011399241364536017
2024-09-20 12:30:00,-0.002220141748800533
2024-09-20 13:30:00,-0.0005915947271390826
2024-09-20 14:30:00,0.0005419271172863456
2024-09-20 15:30:00,0.006819275336665511
2024-09-23 09:30:00,0.00399239847723117
2024-09-23 10:30:00,-0.0008953165728393322
2024-09-23 11:30:00,0.0001490224488858759
2024-09-23 12:30:00,-0.0012307486741836484
2024-09-23 13:30:00,0.0002874553573242264
2024-09-23 14:30:00,0.0004944101812932341
2024-09-23 15:30:00,0.0013853267874316857
2024-09-24 09:30:00,-0.0021254534496504664
2024-09-24 10:30:00,-0.0024366184618169295
2024-09-24 11:30:00,-0.0012140567332028975
2024-09-24 12:30:00,-0.001342506865865947
2024-09-24 13:30:00,0.003035756369501198
2024-09-24 14:30:00,-0.0009391421542899181
2024-09-24 15:30:00,-0.0101018552958008
2024-09-25 09:30:00,0.0023611020735892214
2024-09-25 10:30:00,0.0008772872501068371
2024-09-25 11:30:00,-0.0006896440950783009
2024-09-25 12:30:00,-0.000269736288454189
2024-09-25 13:30:00,-0.0016433441535746076
2024-09-25 14:30:00,0.0006684864223520606
2024-09-25 15:30:00,0.0003038486148630118
2024-09-26 09:30:00,0.0019639742287481106
2024-09-26 10:30:00,-0.002425246610920131
2024-09-26 11:30:00,0.0004435810775987614
2024-09-26 12:30:00,0.000691103404768577
2024-09-26 13:30:00,-0.0016444443338488792
2024-09-26 14:30:00,0.0011608946201497672
2024-09-26 15:30:00,0.007841639026929836
2024-09-27 09:30:00,0.0001410824874229308
2024-09-27 10:30:00,-0.0011491559877726308
2024-09-27 11:30:00,-0.0003182997066234471
2024-09-27 12:30:00,-0.00010244667887257965
2024-09-27 13:30:00,0.0005502237747664352
2024-09-27 14:30:00,-0.0012683739805682045
2024-09-27 15:30:00,0.001653119725404215
2024-09-30 09:30:00,0.0006446205459975908
2024-09-30 10:30:00,0.0017570174272072872
2024-09-30 11:30:00,-0.001882520692525059
2024-09-30 12:30:00,-0.0030557588411567822
2024-09-30 13:30:00,0.00304939039067602
2024-09-30 14:30:00,0.005117212119490242
2024-09-30 15:30:00,-0.011380578499321923
2024-10-01 09:30:00,0.0005427459605207012
2024-10-01 10:30:00,0.0018734524118444538
2024-10-01 11:30:00,-0.006512606829934426
2024-10-01 12:30:00,0.0082036486493035
2024-10-01 13:30:00,-0.0015060089601090848
2024-10-01 14:30:00,-0.0020817576140974275
2024-10-01 15:30:00,-0.0058221102942335925
2024-10-02 09:30:00,0.0033072780731695037
2024-10-02 10:30:00,0.001123032893951256
2024-10-02 11:30:00,0.0015467543498830715
2024-10-02 12:30:00,0.0007992363166170693
2024-10-02 13:30:00,0.0011478747550793065
2024-10-02 14:30:00,-0.000987169294555201
2024-10-02 15:30:00,-0.006883035621726682
2024-10-03 09:30:00,-0.0021061515615910117
2024-10-03 10:30:00,0.002335260398253722
2024-10-03 11:30:00,-0.003356199890398048
2024-10-03 12:30:00,0.0003052900703819186
2024-10-03 13:30:00,-0.0011808108467256803
2024-10-03 14:30:00,0.0009220785145228309
2024-10-03 15:30:00,-0.0010382945279415398
2024-10-04 09:30:00,-0.0018665712882693722
2024-10-04 10:30:00,0.002045565104371459
2024-10-04 11:30:00,0.00323057446533582
2024-10-04 12:30:00,-0.0015405290663576096
2024-10-04 13:30:00,0.0011442899212868538
2024-10-04 14:30:00,0.0005718055657715162
2024-10-04 15:30:00,-0.008140791888162217
2024-10-07 09:30:00,0.002878167883954563
2024-10-07 10:30:00,-0.0006587507484439383
2024-10-07 11:30:00,-0.0023881937035075697
2024-10-07 12:30:00,-0.0053017490451055995
2024-10-07 13:30:00,0.0009978893432187486
2024-10-07 14:30:00,0.001296390862084518
2024-10-07 15:30:00,0.005715046670983272
2024-10-08 09:30:00,0.0027827225968099366
2024-10-08 10:30:00,0.002375066959350117
2024-10-08 11:30:00,-0.0018799946247163978
2024-10-08 12:30:00,0.00010795425718344017
2024-10-08 13:30:00,-0.00017492831982029465
2024-10-08 14:30:00,0.00014308253990244209
2024-10-08 15:30:00,-0.00028836738510988814
2024-10-09 09:30:00,0.004342479654367912
2024-10-09 10:30:00,0.002653011569793521
2024-10-09 11:30:00,-0.0017560701093950711
2024-10-09 12:30:00,-0.0023223827331556764
2024-10-09 13:30:00,0.0028733567765127158
2024-10-09 14:30:00,0.0013413515519359901
2024-10-09 15:30:00,-0.0014272070673813485
2024-10-10 09:30:00,-0.0003160064669326102
2024-10-10 10:30:00,0.002110113798118203
2024-10-10 11:30:00,-0.003983794175416417
2024-10-10 12:30:00,-9.599777069607934e-05
2024-10-10 13:30:00,-0.00044868787377452135
2024-10-10 14:30:00,-8.835296174410431e-05
2024-10-10 15:30:00,0.005778147169489707
2024-10-11 09:30:00,0.0003360056891147341
2024-10-11 10:30:00,-0.0010734025380211456
2024-10-11 11:30:00,0.0009245413820289948
2024-10-11 12:30:00,-0.0003699982198738921
2024-10-11 13:30:00,0.0005143321596753896
2024-10-11 14:30:00,0.0006860669100418597
2024-10-11 15:30:00,0.004513497294782008
2024-10-14 09:30:00,0.006117548493865108
2024-10-14 10:30:00,0.0023961074398148327
2024-10-14 11:30:00,-0.0007562178940312646
2024-10-14 12:30:00,-0.0017552248258037259
2024-10-14 13:30:00,0.0010511108098838695
2024-10-14 14:30:00,-0.0002565300586230193
2024-10-14 15:30:00,-0.014793775448254753
2024-10-15 09:30:00,-0.0017021829545458191
2024-10-15 10:30:00,-0.0001479395200179756
2024-10-15 11:30:00,-0.0015021207433462197
2024-10-15 12:30:00,-0.0007217973047096396
2024-10-15 13:30:00,-0.005001223731606036
2024-10-15 14:30:00,0.0012717341787081185
2024-10-15 15:30:00,0.0028392861668340656
2024-10-16 09:30:00,-0.0024920892204940972
2024-10-16 10:30:00,-0.0025013227124284897
2024-10-16 11:30:00,-0.003032223582214678
2024-10-16 12:30:00,0.0006594223866485043
2024-10-16 13:30:00,-0.0017064568305341335
2024-10-16 14:30:00,-0.00022165448294165287
2024-10-16 15:30:00,0.0024673721466138346
2024-10-17 09:30:00,-0.0007354373951894891
2024-10-17 10:30:00,0.001411135538737016
2024-10-17 11:30:00,0.0003162070280322567
2024-10-17 12:30:00,-0.0034880122435222414
2024-10-17 13:30:00,0.0003384300827285592
2024-10-17 14:30:00,0.0008990033480277356
2024-10-17 15:30:00,0.003005607836046283
2024-10-18 09:30:00,-0.0007279825296943989
2024-10-18 10:30:00,0.0026076955503063163
2024-10-18 11:30:00,0.0008820303121535258
2024-10-18 12:30:00,0.000461985125994825
2024-10-18 13:30:00,-0.0015541681110554759
2024-10-18 14:30:00,0.0004922220113664715
2024-10-18 15:30:00,-0.009716205588929668
2024-10-21 09:30:00,-0.00540761234866668
2024-10-21 10:30:00,0.0010467152013256722
2024-10-21 11:30:00,0.0012838308396024838
2024-10-21 12:30:00,-0.0008016250118833855
2024-10-21 13:30:00,0.0006328187892052633
2024-10-21 14:30:00,0.0034811570713300954
2024-10-21 15:30:00,-0.0056680671748190305
2024-10-22 09:30:00,-0.0003242826140524674
2024-10-22 10:30:00,0.0007515514589318304
2024-10-22 11:30:00,0.0001685023635717955
2024-10-22 12:30:00,0.001436420916372647
2024-10-22 13:30:00,-0.00010556035079637807
2024-10-22 14:30:00,-0.0023778968984991032
2024-10-22 15:30:00,0.004816789630251244
2024-10-23 09:30:00,-0.0029370767027827875
2024-10-23 10:30:00,-0.002168899451987231
2024-10-23 11:30:00,0.000631648784676311
2024-10-23 12:30:00,-0.001985803520988442
2024-10-23 13:30:00,0.003647285593618836
2024-10-23 14:30:00,0.0010932053335312405
2024-10-23 15:30:00,-0.0009641214020861311
2024-10-24 09:30:00,0.0001684055413143364
2024-10-24 10:30:00,-0.003639720674999141
2024-10-24 11:30:00,0.0010377418627623759
2024-10-24 12:30:00,-0.0018929053797595982
2024-10-24 13:30:00,-0.0023396362134810544
2024-10-24 14:30:00,-0.0019963238173053665
2024-10-24 15:30:00,0.008498218271256608
2024-10-25 09:30:00,-0.002855712864282869
2024-10-25 10:30:00,0.0010843349828862346
2024-10-25 11:30:00,-0.002905421258265269
2024-10-25 12:30:00,-0.003013932311776615
2024-10-25 13:30:00,0.002056609127596659
2024-10-25 14:30:00,0.000705431892854923
2024-10-25 15:30:00,0.005634679845065295
2024-10-28 09:30:00,-0.000733419925736081
2024-10-28 10:30:00,0.00018495346167470174
2024-10-28 11:30:00,0.0004043474008313691
2024-10-28 12:30:00,-0.0005960466217052788
2024-10-28 13:30:00,0.0017540882091401388
2024-10-28 14:30:00,3.446612871891021e-06
2024-10-28 15:30:00,-5.670293827936024e-05
2024-10-29 09:30:00,-0.00043999355680782805
2024-10-29 10:30:00,0.0019080701440827236
2024-10-29 11:30:00,-0.00022111152382641412
2024-10-29 12:30:00,-0.0017781915243743564
2024-10-29 13:30:00,0.0012992394095246874
2024-10-29 14:30:00,-0.001535810763659573
2024-10-29 15:30:00,0.003588725758770518
2024-10-30 09:30:00,-0.004174669496444225
2024-10-30 10:30:00,-0.002974496324333772
2024-10-30 11:30:00,-0.002518587175233248
2024-10-30 12:30:00,0.001167211279180084
2024-10-30 13:30:00,-0.0006497920366679987
2024-10-30 14:30:00,-0.001613624647011834
2024-10-30 15:30:00,-0.015758485188836727
2024-10-31 09:30:00,0.003958138243763069
2024-10-31 10:30:00,-8.04322116346537e-05
2024-10-31 11:30:00,-0.0005299689550944645
2024-10-31 12:30:00,-0.005506940528980296
2024-10-31 13:30:00,-0.0017503289911094933
2024-10-31 14:30:00,0.002121622264251593
2024-10-31 15:30:00,0.009396688988110148
2024-11-01 09:30:00,-4.6105648226981986e-05
2024-11-01 10:30:00,-0.004117076463304633
2024-11-01 11:30:00,-0.0007969775137937042
2024-11-01 12:30:00,-0.0021649859304176005
2024-11-01 13:30:00,0.0019596437749370083
2024-11-01 14:30:00,-0.0030025280067576604
2024-11-01 15:30:00,0.009099908087020528
2024-11-04 09:30:00,-0.005279957169780733
2024-11-04 10:30:00,-0.0012089716438252098
2024-11-04 11:30:00,0.0005850054577593416
2024-11-04 12:30:00,-0.00023653347708611067
2024-11-04 13:30:00,0.0006070271518719502
2024-11-04 14:30:00,0.0017137159200547739
2024-11-04 15:30:00,0.006092955881727224
2024-11-05 09:30:00,0.0032010495740862894
2024-11-05 10:30:00,0.0006489962299681215
2024-11-05 11:30:00,0.0008277406000283716
2024-11-05 12:30:00,0.0001561596717468854
2024-11-05 13:30:00,0.0015429553935654376
2024-11-05 14:30:00,0.004447941918990689
2024-11-05 15:30:00,0.011845606690428268
2024-11-06 09:30:00,0.005381165971205798
2024-11-06 10:30:00,-0.0016570367806799963
2024-11-06 11:30:00,0.0013832262203593397
2024-11-06 12:30:00,0.00395618487326921
2024-11-06 13:30:00,-0.00177441694358354
2024-11-06 14:30:00,-0.0017377126785234286
2024-11-06 15:30:00,0.005799883706819101
2024-11-07 09:30:00,0.0008774622742983381
2024-11-07 10:30:00,-0.000565268729298573
2024-11-07 11:30:00,-0.0010594623369847868
2024-11-07 12:30:00,-0.0022174303932790173
2024-11-07 13:30:00,0.004343140668804988
2024-11-07 14:30:00,-0.0024102319552899137
2024-11-07 15:30:00,0.007744339682208759
2024-11-08 09:30:00,0.0020870112947431628
2024-11-08 10:30:00,-0.0029979805753679225
2024-11-08 11:30:00,-0.0004371859963734658
2024-11-08 12:30:00,0.00035828145982358465
2024-11-08 13:30:00,0.0018254567294198854
2024-11-08 14:30:00,-0.000593706239411993
2024-11-08 15:30:00,0.0050563477787982656
2024-11-11 09:30:00,-0.001498638172507524
2024-11-11 10:30:00,-0.0037778953351991526
2024-11-11 11:30:00,0.0014326915054655956
2024-11-11 12:30:00,-0.002345746773400206
2024-11-11 13:30:00,0.003711120748069063
2024-11-11 14:30:00,0.0033425196287904797
2024-11-11 15:30:00,-0.0012063018949416725
2024-11-12 09:30:00,-0.009515901823844325
2024-11-12 10:30:00,-0.006229457141094487
2024-11-12 11:30:00,-0.0007805906935975259
2024-11-12 12:30:00,0.0023386980450429665
2024-11-12 13:30:00,0.001746517712181359
2024-11-12 14:30:00,-0.00035554375318230634
2024-11-12 15:30:00,-0.0014045567936572714
2024-11-13 09:30:00,0.0010366669810651645
2024-11-13 10:30:00,-0.0010416156250391063
2024-11-13 11:30:00,-0.0006722686794886549
2024-11-13 12:30:00,-0.001588837077825975
2024-11-13 13:30:00,-0.0016923952921623236
2024-11-13 14:30:00,-0.0022670920493960372
2024-11-13 15:30:00,-0.003863719813033799
2024-11-14 09:30:00,0.0052513526088826395
2024-11-14 10:30:00,-0.006057866297443003
2024-11-14 11:30:00,-0.00018062333344418506
2024-11-14 12:30:00,0.0021511477097775505
2024-11-14 13:30:00,-0.003003680258975254
2024-11-14 14:30:00,-0.0061479289146824986
2024-11-14 15:30:00,-0.014404354463259652
2024-11-15 09:30:00,-0.0008632579848630221
2024-11-15 10:30:00,-0.0006975586144034996
2024-11-15 11:30:00,0.0019033026064690876
2024-11-15 12:30:00,0.00045267451468157
2024-11-15 13:30:00,-0.0024829995200570235
2024-11-15 14:30:00,-0.00025702192222648953
2024-11-15 15:30:00,-0.003651733567877548
2024-11-18 09:30:00,-0.0016618439566646979
2024-11-18 10:30:00,-0.0002809567375120121
2024-11-18 11:30:00,0.0004737375549838786
2024-11-18 12:30:00,0.0003825517367397005
2024-11-18 13:30:00,-0.00038635090075099255
2024-11-18 14:30:00,0.0005766976868704247
2024-11-18 15:30:00,-0.0032247195331133096
2024-11-19 09:30:00,0.00038848752587968086
2024-11-19 10:30:00,0.00014883147959761817
2024-11-19 11:30:00,-0.001616846793356266
2024-11-19 12:30:00,0.00492035626034436
2024-11-19 13:30:00,-0.002601940490606631
2024-11-19 14:30:00,0.000732639051515564
2024-11-19 15:30:00,0.001786193830621575
2024-11-20 09:30:00,0.00018200351803822676
2024-11-20 10:30:00,0.00011927789834760358
2024-11-20 11:30:00,0.0014168924119514776
2024-11-20 12:30:00,-0.001076131200419805
2024-11-20 13:30:00,0.000791813921366766
2024-11-20 14:30:00,0.002548231613077565
2024-11-20 15:30:00,0.0014003180766852747
2024-11-21 09:30:00,0.003506116174330745
2024-11-21 10:30:00,-5.5177553171443334e-05
2024-11-21 11:30:00,0.001332889610073578
2024-11-21 12:30:00,-0.001390074286300364
2024-11-21 13:30:00,0.0006208307378259367
2024-11-21 14:30:00,-0.0012306361294258416
2024-11-21 15:30:00,-0.005464798782858568
2024-11-22 09:30:00,-0.002004196551382528
2024-11-22 10:30:00,0.0038332368677300808
2024-11-22 11:30:00,0.0009059350109549145
2024-11-22 12:30:00,-0.0019568961908752592
2024-11-22 13:30:00,0.000261291034678188
2024-11-22 14:30:00,0.001092740867117645
2024-11-22 15:30:00,0.000585865674120942
2024-11-25 09:30:00,-0.009687666364698302
2024-11-25 10:30:00,-0.004972253455589262
2024-11-25 11:30:00,-7.28167012844781e-07
2024-11-25 12:30:00,0.002682190106354088
2024-11-25 13:30:00,-0.0009006664373321841
2024-11-25 14:30:00,0.000988940739892602
2024-11-25 15:30:00,0.0035500503883911603
2024-11-26 09:30:00,0.0010922196730558597
2024-11-26 10:30:00,7.21074417841772e-05
2024-11-26 11:30:00,0.001935717796831328
2024-11-26 12:30:00,0.0006414939715614291
2024-11-26 13:30:00,0.0015535038945419942
2024-11-26 14:30:00,0.0016675392331407628
2024-11-26 15:30:00,0.0007040770276264904
2024-11-27 09:30:00,-0.00013508918489374937
2024-11-27 10:30:00,-0.0013914721254120472
2024-11-27 11:30:00,-0.000865662275260774
2024-11-27 12:30:00,-0.001079087976774083
2024-11-27 13:30:00,0.0016194316308980276
2024-11-27 14:30:00,-0.0012530932873056674
2024-11-27 15:30:00,0.003510475919034509
2024-11-29 09:30:00,0.002888790870538613
2024-11-29 10:30:00,0.0026845634047255426
2024-11-29 11:30:00,-7.692307692307693e-05
2024-11-29 12:30:00,-0.006639122475245808
2024-12-02 09:30:00,0.004346735792658928
2024-12-02 10:30:00,0.002145575108852887
2024-12-02 11:30:00,0.0014580731699157426
2024-12-02 12:30:00,2.2133823594879063e-05
2024-12-02 13:30:00,0.0014913493599741227
2024-12-02 14:30:00,-0.0019019134663031561
2024-12-02 15:30:00,-8.996971440426626e-05
2024-12-03 09:30:00,-0.0028951819600147254
2024-12-03 10:30:00,0.0010825192419828106
2024-12-03 11:30:00,0.0011100759682335828
2024-12-03 12:30:00,-0.0007767320580554906
2024-12-03 13:30:00,-0.0012392812080562015
2024-12-03 14:30:00,-0.004377635662968917
2024-12-03 15:30:00,-0.0071921694978912525
2024-12-04 09:30:00,0.004381566773456992
2024-12-04 10:30:00,-0.001788563199912829
2024-12-04 11:30:00,-0.0039237088200813125
2024-12-04 12:30:00,0.000973234657578462
2024-12-04 13:30:00,0.0057760277099871225
2024-12-04 14:30:00,0.0006654957490318696
2024-12-04 15:30:00,-0.001596516103787749
2024-12-05 09:30:00,0.001595936974081372
2024-12-05 10:30:00,-0.0005023779124330795
2024-12-05 11:30:00,0.0008953110350134734
2024-12-05 12:30:00,-0.0016134850566933417
2024-12-05 13:30:00,0.0007485651975075755
2024-12-05 14:30:00,-0.0018174678436378624
2024-12-05 15:30:00,-0.007205250709577378
2024-12-06 09:30:00,0.0005338426639417159
2024-12-06 10:30:00,-0.0004823681287195853
2024-12-06 11:30:00,-0.0010864394741278217
2024-12-06 12:30:00,-0.0016777427540517584
2024-12-06 13:30:00,-0.0009833073183455098
2024-12-06 14:30:00,0.0009288403151194059
2024-12-06 15:30:00,0.0011049166001022587
2024-12-09 09:30:00,1.1321828236681613e-05
2024-12-09 10:30:00,-0.0030289383829734833
2024-12-09 11:30:00,-0.0001917236766990664
2024-12-09 12:30:00,0.0005664318494654
2024-12-09 13:30:00,-0.00018116934098219405
2024-12-09 14:30:00,-0.002718803079144424
2024-12-09 15:30:00,-0.005766550057503514
2024-12-10 09:30:00,0.0051463260441567
2024-12-10 10:30:00,-0.0032124019335550654
2024-12-10 11:30:00,-0.0014394121831489467
2024-12-10 12:30:00,0.0005359288474899871
2024-12-10 13:30:00,-0.0011917227591178882
2024-12-10 14:30:00,-0.0008475511932425591
2024-12-10 15:30:00,0.0029992724719473925
2024-12-11 09:30:00,0.0003297259295843655
2024-12-11 10:30:00,-0.0014370466840293937
2024-12-11 11:30:00,0.0008333288425852153
2024-12-11 12:30:00,0.001347337673872088
2024-12-11 13:30:00,-0.001268309095430447
2024-12-11 14:30:00,0.0007194114273799333
2024-12-11 15:30:00,-2.94353806904001e-05
2024-12-12 09:30:00,-0.0002692892789436432
2024-12-12 10:30:00,-0.0030767164571531263
2024-12-12 11:30:00,-0.002099724660217758
2024-12-12 12:30:00,-0.002788655379692596
2024-12-12 13:30:00,0.0008698340068706454
2024-12-12 14:30:00,-0.0025675803388366543
2024-12-12 15:30:00,-0.0053301487664956446
2024-12-13 09:30:00,0.0026805633669841986
2024-12-13 10:30:00,-0.006209501730562619
2024-12-13 11:30:00,-0.00020101886257837143
2024-12-13 12:30:00,-0.0016860604865561427
2024-12-13 13:30:00,0.000962367067872458
2024-12-13 14:30:00,0.0007582644553980893
2024-12-13 15:30:00,0.005783436321411737
2024-12-16 09:30:00,-7.748963508277104e-06
2024-12-16 10:30:00,0.00015141544757694752
2024-12-16 11:30:00,-0.0014206236498703166
2024-12-16 12:30:00,-0.0014542998093475697
2024-12-16 13:30:00,-0.0010895416854365346
2024-12-16 14:30:00,-0.00170266696647834
2024-12-16 15:30:00,-0.0025235691055399013
2024-12-17 09:30:00,-0.0015329864683307035
2024-12-17 10:30:00,-0.0016514889715344406
2024-12-17 11:30:00,0.0005797812611583133
2024-12-17 12:30:00,-0.00025204206612414014
2024-12-17 13:30:00,-0.0018400891957456016
2024-12-17 14:30:00,0.0012712513135326262
2024-12-17 15:30:00,-0.00031737598316258076
2024-12-18 09:30:00,0.0017925540292306561
2024-12-18 10:30:00,0.0003614924494457377
2024-12-18 11:30:00,-0.001994585204754443
2024-12-18 12:30:00,-0.007431833609456624
2024-12-18 13:30:00,-0.006896446144366161
2024-12-18 14:30:00,-0.009597713224400601
2024-12-18 15:30:00,-0.0010282630999454553
2024-12-19 09:30:00,0.0009180876833118561
2024-12-19 10:30:00,-0.00376647944040169
2024-12-19 11:30:00,0.0027257368204893304
2024-12-19 12:30:00,0.0008038420380519519
2024-12-19 13:30:00,0.00037164473935581173
2024-12-19 14:30:00,-0.0057065021928038905
2024-12-19 15:30:00,0.004740697794087715
2024-12-20 09:30:00,0.008105335781042815
2024-12-20 10:30:00,0.0051035108554940735
2024-12-20 11:30:00,-0.006167070646053895
2024-12-20 12:30:00,0.0018231681025705252
2024-12-20 13:30:00,-0.0009968011571367507
2024-12-20 14:30:00,-0.0011192799231655223
2024-12-20 15:30:00,-0.006044948902561185
2024-12-23 09:30:00,0.0011470270934127533
2024-12-23 10:30:00,0.002900925011568972
2024-12-23 11:30:00,0.0006177241662332539
2024-12-23 12:30:00,0.0018018952272632115
2024-12-23 13:30:00,-0.0012388041514770007
2024-12-23 14:30:00,0.0021222355744237465
2024-12-23 15:30:00,0.006394820185995725
2024-12-24 09:30:00,-0.0008742187570183609
2024-12-24 10:30:00,0.003140659413566069
2024-12-24 11:30:00,-7.692307692307693e-05
2024-12-24 12:30:00,0.0022803842945737624
2024-12-26 09:30:00,-0.00020536504601071807
2024-12-26 10:30:00,0.00024087616323277024
2024-12-26 11:30:00,0.00020260200069915663
2024-12-26 12:30:00,0.0
2024-12-26 13:30:00,0.0
2024-12-26 14:30:00,0.0
2024-12-26 15:30:00,0.0
2024-12-27 09:30:00,0.0
2024-12-27 10:30:00,-0.006695498554422299
2024-12-27 11:30:00,0.0032824041825096992
2024-12-27 12:30:00,0.002382600141803331
2024-12-27 13:30:00,-0.0007483500701450196
2024-12-27 14:30:00,0.002306479628716301
2024-12-27 15:30:00,-0.02265280012782984
2024-12-30 09:30:00,0.006526532820258177
2024-12-30 10:30:00,0.0032220059939144993
2024-12-30 11:30:00,0.0013045111724575343
2024-12-30 12:30:00,0.0004345141273270681
2024-12-30 13:30:00,-0.0018410455095687714
2024-12-30 14:30:00,-0.003979598803283608
2024-12-30 15:30:00,0.0059005089600581975
2024-12-31 09:30:00,-0.007549927678846545
2024-12-31 10:30:00,-0.003326780476641371
2024-12-31 11:30:00,-0.00035070850336380455
2024-12-31 12:30:00,-0.0030476834324589096
2024-12-31 13:30:00,0.005396190633511601
2024-12-31 14:30:00,-0.003518168934085713
2024-12-31 15:30:00,-0.0006654431064640423
2025-01-02 09:30:00,-0.0017719857885127224
2025-01-02 10:30:00,-0.005646122202727191
2025-01-02 11:30:00,-0.0051429410577849355
2025-01-02 12:30:00,0.002492036636304962
2025-01-02 13:30:00,0.0039056749103231845
2025-01-02 14:30:00,-4.0379272684169984e-05
2025-01-02 15:30:00,0.005193129409049081
2025-01-03 09:30:00,0.0037732371554866084
2025-01-03 10:30:00,-9.016709971267393e-05
2025-01-03 11:30:00,0.002607657090718908
2025-01-03 12:30:00,0.00155839776188232
2025-01-03 13:30:00,0.00019355914338758094
2025-01-03 14:30:00,-0.002468398212471348
2025-01-03 15:30:00,0.006795519845620401
2025-01-06 09:30:00,7.967765225218332e-05
2025-01-06 10:30:00,0.0018951699512100868
2025-01-06 11:30:00,-0.0017797439652640363
2025-01-06 12:30:00,0.0004925149404799464
2025-01-06 13:30:00,-0.0010103785441835662
2025-01-06 14:30:00,-0.0004588741031433038
2025-01-06 15:30:00,0.007357182904526008
2025-01-07 09:30:00,-0.0025619849816173558
2025-01-07 10:30:00,-0.0019390780255623076
2025-01-07 11:30:00,0.0006817157112630426
2025-01-07 12:30:00,-0.0024527157215674094
2025-01-07 13:30:00,-0.003945801300813288
2025-01-07 14:30:00,0.0020186496898415996
2025-01-07 15:30:00,-0.005259752946940808
2025-01-08 09:30:00,0.004075951022955368
2025-01-08 10:30:00,-0.004211074881062473
2025-01-08 11:30:00,0.0027042693704442803
2025-01-08 12:30:00,0.0006888860263223586
2025-01-08 13:30:00,-0.00040514431733312746
2025-01-08 14:30:00,0.0031480164319894603
2025-01-08 15:30:00,-0.01420707887531536
2025-01-10 09:30:00,-0.007485759100839142
2025-01-10 10:30:00,-0.0046087379586796364
2025-01-10 11:30:00,0.005067688592805821
2025-01-10 12:30:00,-0.0004996718156321372
2025-01-10 13:30:00,-0.0027947121636249937
2025-01-10 14:30:00,-0.0010441060717000872
2025-01-10 15:30:00,-0.007315833431143299
2025-01-13 09:30:00,0.0015931936206184311
2025-01-13 10:30:00,0.0010568693476030611
2025-01-13 11:30:00,0.0030004841931535065
2025-01-13 12:30:00,0.0015057912692212991
2025-01-13 13:30:00,-0.0019253451624008883
2025-01-13 14:30:00,0.0011414872292737053
2025-01-13 15:30:00,0.002536413144288962
2025-01-14 09:30:00,-6.826202819087107e-05
2025-01-14 10:30:00,-0.0038625169930777696
2025-01-14 11:30:00,0.004644193290540203
2025-01-14 12:30:00,-0.0026620330457137508
2025-01-14 13:30:00,5.840612372047924e-05
2025-01-14 14:30:00,0.0018428620765070323
2025-01-14 15:30:00,0.01879779449488604
2025-01-15 09:30:00,-0.006572971951559866
2025-01-15 10:30:00,0.0027093131919240635
2025-01-15 11:30:00,0.0005231957340988332
2025-01-15 12:30:00,0.0004798775701074873
2025-01-15 13:30:00,-0.0005959712619355973
2025-01-15 14:30:00,-0.0018175155319716026
2025-01-15 15:30:00,-0.002598794720071759
2025-01-16 09:30:00,0.008643054774522277
2025-01-16 10:30:00,0.0025325465770561235
2025-01-16 11:30:00,0.0009207949498796732
2025-01-16 12:30:00,0.002833668037901766
2025-01-16 13:30:00,0.0016308047081031538
2025-01-16 14:30:00,0.002085034635883581
2025-01-16 15:30:00,6.180816555022681e-05
2025-01-17 09:30:00,-0.0034782062224160914
2025-01-17 10:30:00,0.0013664898103086746
2025-01-17 11:30:00,-0.0028312887075781492
2025-01-17 12:30:00,5.0297645056747515e-05
2025-01-17 13:30:00,0.00023818258873105612
2025-01-17 14:30:00,0.001142516969309235
2025-01-17 15:30:00,0.021082662360736977
2025-01-21 09:30:00,0.0014354036096412368
2025-01-21 10:30:00,0.0071969848583066
2025-01-21 11:30:00,-0.00039195588589039943
2025-01-21 12:30:00,-0.0006579059572517359
2025-01-21 13:30:00,0.0019229911691394023
2025-01-21 14:30:00,0.0009088606779444705
2025-01-21 15:30:00,-0.004000704828840953
2025-01-22 09:30:00,0.002582331720666473
2025-01-22 10:30:00,-0.0014610219521199524
2025-01-22 11:30:00,-0.0014932468831848674
2025-01-22 12:30:00,-0.002568374864751829
2025-01-22 13:30:00,0.0012385346507803267
2025-01-22 14:30:00,-0.005850884721060481
2025-01-22 15:30:00,0.003561654156262727
2025-01-23 09:30:00,-0.010309440816487169
2025-01-23 10:30:00,0.007729381228910286
2025-01-23 11:30:00,0.007023079401364757
2025-01-23 12:30:00,-0.004417091601435682
2025-01-23 13:30:00,0.002073532919654834
2025-01-23 14:30:00,0.0007385211448776897
2025-01-23 15:30:00,-0.00847053138153112
2025-01-24 09:30:00,0.001159690972690872
2025-01-24 10:30:00,-0.0010053590889322966
2025-01-24 11:30:00,-0.0017407380904690458
2025-01-24 12:30:00,0.0015634287722448717
2025-01-24 13:30:00,-0.0013578299498155733
2025-01-24 14:30:00,0.0003363445117945684
2025-01-24 15:30:00,0.004871322003622067
2025-01-27 09:30:00,-0.0061785260237187025
2025-01-27 10:30:00,0.0020373744030698967
2025-01-27 11:30:00,-0.007502116968013793
2025-01-27 12:30:00,0.0029058636490952145
2025-01-27 13:30:00,-0.0008164046654768122
2025-01-27 14:30:00,0.004629772100424631
2025-01-27 15:30:00,0.005053514525811606
2025-01-28 09:30:00,-0.010067516475062032
2025-01-28 10:30:00,0.00780901270234575
2025-01-28 11:30:00,0.00012969880760472537
2025-01-28 12:30:00,0.008715132658648666
2025-01-28 13:30:00,0.0076581747906320765
2025-01-28 14:30:00,0.00144043772020613
2025-01-28 15:30:00,0.012194871067574142
2025-01-29 09:30:00,-0.0012372176007023172
2025-01-29 10:30:00,0.003198392054034042
2025-01-29 11:30:00,-0.00022776387217679028
2025-01-29 12:30:00,-0.006819609282502247
2025-01-29 13:30:00,0.0042988024066581984
2025-01-29 14:30:00,-0.0033541783731276882
2025-01-29 15:30:00,0.014392193488713283
2025-01-30 09:30:00,0.0029957235911080658
2025-01-30 10:30:00,-0.0025566223936111373
2025-01-30 11:30:00,0.007591272230115479
2025-01-30 12:30:00,-0.0009164590096794221
2025-01-30 13:30:00,0.0041933664544435995
2025-01-30 14:30:00,-0.002641626387765784
2025-01-30 15:30:00,0.007867356253002375
2025-01-31 09:30:00,-0.0029516698035482254
2025-01-31 10:30:00,0.002537561297476429
2025-01-31 11:30:00,-0.0023117085564836
2025-01-31 12:30:00,-0.005177075493001473
2025-01-31 13:30:00,-0.0021025186289787136
2025-01-31 14:30:00,-0.0021346803716893853
2025-01-31 15:30:00,-0.009734405008829604
2025-02-03 09:30:00,-0.002900720643843257
2025-02-03 10:30:00,-0.0024273571183926084
2025-02-03 11:30:00,-0.002803309793145356
2025-02-03 12:30:00,0.005145256607285063
2025-02-03 13:30:00,-0.0007875168425771049
2025-02-03 14:30:00,-0.0017965693731452044
2025-02-03 15:30:00,0.016087354648575535
2025-02-04 09:30:00,0.005082508773573825
2025-02-04 10:30:00,-0.0011070896835093848
2025-02-04 11:30:00,0.0009594175466505181
2025-02-04 12:30:00,0.0015502175608832134
2025-02-04 13:30:00,-0.0009874818658008292
2025-02-04 14:30:00,8.962960897311051e-05
2025-02-04 15:30:00,-0.0039076678329889505
2025-02-05 09:30:00,0.0013368892232493354
2025-02-05 10:30:00,0.0028206360563805795
2025-02-05 11:30:00,0.0002062888728514715
2025-02-05 12:30:00,8.177243739931522e-05
2025-02-05 13:30:00,-0.0018302316033147199
2025-02-05 14:30:00,-0.0003218852952264414
2025-02-05 15:30:00,-0.00497170735913378
2025-02-06 09:30:00,-0.0010446467376656308
2025-02-06 10:30:00,-0.001380543463989207
2025-02-06 11:30:00,0.0015241798939358432
2025-02-06 12:30:00,-0.0021124487445700582
2025-02-06 13:30:00,-6.478900940214225e-06
2025-02-06 14:30:00,0.00195816198874145
2025-02-06 15:30:00,-0.003322620198597599
2025-02-07 09:30:00,-0.0007193592106908941
2025-02-07 10:30:00,-0.00037905478324839966
2025-02-07 11:30:00,0.00021264955943546765
2025-02-07 12:30:00,-0.004337511558917933
2025-02-07 13:30:00,0.00020588115616525406
2025-02-07 14:30:00,0.0007793486926004061
2025-02-07 15:30:00,0.001951951945856881
2025-02-10 09:30:00,0.0014884730477706196
2025-02-10 10:30:00,0.002918003803072156
2025-02-10 11:30:00,0.001043423161334514
2025-02-10 12:30:00,-0.00212027067674822
2025-02-10 13:30:00,-0.001684000796382826
2025-02-10 14:30:00,0.0003034368923035273
2025-02-10 15:30:00,-0.005001610133059825
2025-02-11 09:30:00,-0.0015407737872293477
2025-02-11 10:30:00,-0.00020826549445940838
2025-02-11 11:30:00,0.0006538378319342464
2025-02-11 12:30:00,0.002162977497704605
2025-02-11 13:30:00,0.0019212061438602952
2025-02-11 14:30:00,0.0015066745517871589
2025-02-11 15:30:00,-0.0050805230979222415
2025-02-12 09:30:00,0.0019602864514660177
2025-02-12 10:30:00,0.007199880376785395
2025-02-12 11:30:00,-0.0006377528702028579
2025-02-12 12:30:00,-0.002176939929428792
2025-02-12 13:30:00,0.0011313163076836167
2025-02-12 14:30:00,6.003906065555648e-05
2025-02-12 15:30:00,0.004337936693781888
2025-02-13 09:30:00,0.0024284878047822365
2025-02-13 10:30:00,-0.0017872233693502597
2025-02-13 11:30:00,-0.004230199700424287
2025-02-13 12:30:00,0.0034483579268523943
2025-02-13 13:30:00,0.004545295426305279
2025-02-13 14:30:00,-0.0010825764305310052
2025-02-13 15:30:00,-0.0047069417137404245
2025-02-14 09:30:00,0.001992905242726432
2025-02-14 10:30:00,-0.0006181819678602825
2025-02-14 11:30:00,0.0003716277438364273
2025-02-14 12:30:00,-0.0025836502300169047
2025-02-14 13:30:00,-0.003978038217848744
2025-02-14 14:30:00,-0.001254472474831842
2025-02-14 15:30:00,-0.003277690438186161
2025-02-18 09:30:00,-0.0021796330757519657
2025-02-18 10:30:00,-0.0009872102480996663
2025-02-18 11:30:00,0.0003692895990705883
2025-02-18 12:30:00,-0.001998796553542721
2025-02-18 13:30:00,0.0021914299303356396
2025-02-18 14:30:00,0.0026814967667333316
2025-02-18 15:30:00,-0.0025165539936823334
2025-02-19 09:30:00,0.0007983300709423916
2025-02-19 10:30:00,-0.00011347764329711601
2025-02-19 11:30:00,0.0012565164155044928
2025-02-19 12:30:00,0.0027077259226957907
2025-02-19 13:30:00,0.00010036965055738993
2025-02-19 14:30:00,0.0007953869186255102
2025-02-19 15:30:00,-0.011677090593720565
2025-02-20 09:30:00,-0.002364753502386443
2025-02-20 10:30:00,-0.001134912118248627
2025-02-20 11:30:00,0.0005681574476392753
2025-02-20 12:30:00,0.004805687044462512
2025-02-20 13:30:00,0.004719988106302223
2025-02-20 14:30:00,0.0008497226796444511
2025-02-20 15:30:00,-0.01693889706686209
2025-02-21 09:30:00,0.004547624782503669
2025-02-21 10:30:00,-0.004485354563755399
2025-02-21 11:30:00,-0.007245385075606596
2025-02-21 12:30:00,-0.00480653381135223
2025-02-21 13:30:00,0.002064945031730357
2025-02-21 14:30:00,-0.0030010133468901194
2025-02-21 15:30:00,-0.026893360996670633
2025-02-24 09:30:00,0.005515838433897416
2025-02-24 10:30:00,0.004907353891576558
2025-02-24 11:30:00,0.0022554652568490922
2025-02-24 12:30:00,-0.0035207198198813263
2025-02-24 13:30:00,-0.002279500593797867
2025-02-24 14:30:00,-0.0028480326089010805
2025-02-24 15:30:00,-0.03571785105730073
2025-02-25 09:30:00,0.0077893510353363345
2025-02-25 10:30:00,0.007664104897318779
2025-02-25 11:30:00,0.004446342173761735
2025-02-25 12:30:00,0.0008553869514068573
2025-02-25 13:30:00,0.011790989412628518
2025-02-25 14:30:00,-0.005001284962594254
2025-02-25 15:30:00,0.020288695716787992
2025-02-26 09:30:00,0.004566250043478024
2025-02-26 10:30:00,0.0018208235882693545
2025-02-26 11:30:00,-0.010652881609910422
2025-02-26 12:30:00,-0.0049126532924967225
2025-02-26 13:30:00,0.005099837923379387
2025-02-26 14:30:00,0.0026625384486969137
2025-02-26 15:30:00,0.004169724861936489
2025-02-27 09:30:00,-0.0003693338551445344
2025-02-27 10:30:00,-0.0005754680902645576
2025-02-27 11:30:00,0.0021686543491840613
2025-02-27 12:30:00,-0.007019492573664669
2025-02-27 13:30:00,-0.006170284048730739
2025-02-27 14:30:00,-0.00010291106721280724
2025-02-27 15:30:00,0.011574181803286019
2025-02-28 09:30:00,-0.007223839801519145
2025-02-28 10:30:00,0.0029667073014846782
2025-02-28 11:30:00,-0.005795006716658438
2025-02-28 12:30:00,0.0010086449281394214
2025-02-28 13:30:00,0.008274701351204523
2025-02-28 14:30:00,0.0035439385743322774
2025-02-28 15:30:00,0.009605101973849704
2025-03-03 09:30:00,-0.004283104227661335
2025-03-03 10:30:00,-0.000485384406713641
2025-03-03 11:30:00,-0.01882051035550852
2025-03-03 12:30:00,-4.305376365104996e-06
2025-03-03 13:30:00,-0.021549247084935497
2025-03-03 14:30:00,0.0047765169533265555
2025-03-03 15:30:00,-0.022170503116062317
2025-03-04 09:30:00,-0.0005761311411811268
2025-03-04 10:30:00,0.015107090889169795
2025-03-04 11:30:00,0.0013162026540722467
2025-03-04 12:30:00,0.008624149212245871
2025-03-04 13:30:00,0.003790660297741856
2025-03-04 14:30:00,-0.01667613406452523
2025-03-04 15:30:00,0.001612151840169107
2025-03-05 09:30:00,-0.005117080095911579
2025-03-05 10:30:00,0.004387581751110858
2025-03-05 11:30:00,0.0006752204872945662
2025-03-05 12:30:00,0.007578103339222214
2025-03-05 13:30:00,0.0023569764847836214
2025-03-05 14:30:00,-0.003493837542202163
2025-03-05 15:30:00,-0.008014531943841243
2025-03-06 09:30:00,0.004073829356884647
2025-03-06 10:30:00,-0.0074307472644764404
2025-03-06 11:30:00,-0.0019754316509484806
2025-03-06 12:30:00,0.0018094361289534432
2025-03-06 13:30:00,0.0019149548204327061
2025-03-06 14:30:00,-0.001926954468182308
2025-03-06 15:30:00,0.010430610080977782
2025-03-07 09:30:00,-0.004911719017265361
2025-03-07 10:30:00,0.0020144635735246967
2025-03-07 11:30:00,0.006376685431203495
2025-03-07 12:30:00,0.003229703090712013
2025-03-07 13:30:00,-0.0005890445468327611
2025-03-07 14:30:00,0.0005796946929101955
2025-03-07 15:30:00,-0.005703627642379388
2025-03-10 09:30:00,-0.00022792364114199534
2025-03-10 10:30:00,-0.00013947641486317228
2025-03-10 11:30:00,-0.00414505677622342
2025-03-10 12:30:00,-0.005747257773152199
2025-03-10 13:30:00,0.0024794456335371865
2025-03-10 14:30:00,-0.0018613366592763999
2025-03-10 15:30:00,0.007970752981542652
2025-03-11 09:30:00,0.001570090868580383
2025-03-11 10:30:00,-0.0007001062391290472
2025-03-11 11:30:00,-0.006395338386330712
2025-03-11 12:30:00,0.010471236571697705
2025-03-11 13:30:00,0.0023825227921402434
2025-03-11 14:30:00,-0.005833405148890189
2025-03-11 15:30:00,0.007929432316478243
2025-03-12 09:30:00,-0.0021534257278609664
2025-03-12 10:30:00,0.004434426457009861
2025-03-12 11:30:00,0.002664336689050891
2025-03-12 12:30:00,0.002455199162066982
2025-03-12 13:30:00,0.0007711128724172023
2025-03-12 14:30:00,-0.0017210719712380874
2025-03-12 15:30:00,0.0020218352450852846
2025-03-13 09:30:00,-0.0005016707698194221
2025-03-13 10:30:00,-0.002810550912689315
2025-03-13 11:30:00,-0.001541900818366573
2025-03-13 12:30:00,0.0012284797080379748
2025-03-13 13:30:00,-2.9596797476701624e-05
2025-03-13 14:30:00,-1.733342519273253e-05
2025-03-13 15:30:00,0.006283540718151172
2025-03-14 09:30:00,0.006967425084898124
2025-03-14 10:30:00,-0.004361205614795201
2025-03-14 11:30:00,0.003469053142330304
2025-03-14 12:30:00,0.0007219414071918481
2025-03-14 13:30:00,0.001283156300162885
2025-03-14 14:30:00,0.0018970599027824928
2025-03-14 15:30:00,0.0041845509194931825
2025-03-17 09:30:00,1.4238024499188819e-05
2025-03-17 10:30:00,0.00028118542349379145
2025-03-17 11:30:00,0.0034013567153709555
2025-03-17 12:30:00,0.0019528464983453986
2025-03-17 13:30:00,-0.000446966172638055
2025-03-17 14:30:00,-0.0004301621219079683
2025-03-17 15:30:00,-0.005791628005480212
2025-03-18 09:30:00,-0.0013124221133788108
2025-03-18 10:30:00,-0.00037790039532089285
2025-03-18 11:30:00,-0.001370170759208033
2025-03-18 12:30:00,-1.4208232144366227e-05
2025-03-18 13:30:00,-0.0011268572615779355
2025-03-18 14:30:00,-0.0013696295153775486
2025-03-18 15:30:00,0.0008529036062480208
2025-03-19 09:30:00,0.003034361542714645
2025-03-19 10:30:00,-0.004028995659715309
2025-03-19 11:30:00,-0.003188848644567579
2025-03-19 12:30:00,0.001638846579028561
2025-03-19 13:30:00,0.004554142639909573
2025-03-19 14:30:00,0.004927102060061277
2025-03-19 15:30:00,0.0036562454054928357
2025-03-20 09:30:00,-0.0022217390246252566
2025-03-20 10:30:00,-0.0040457034753372725
2025-03-20 11:30:00,-0.0032577761043144273
2025-03-20 12:30:00,-0.006708574758131419
2025-03-20 13:30:00,-0.0008065588134957333
2025-03-20 14:30:00,0.0017504625742481381
2025-03-20 15:30:00,-0.004895459517300851
2025-03-21 09:30:00,0.003596590774887973
2025-03-21 10:30:00,0.004503383447385183
2025-03-21 11:30:00,0.002217299946809039
2025-03-21 12:30:00,-0.00012008023043232378
2025-03-21 13:30:00,0.0027218650140362365
2025-03-21 14:30:00,0.0029496166634224883
2025-03-21 15:30:00,0.010843602613862802
2025-03-24 09:30:00,0.0013564393639964143
2025-03-24 10:30:00,0.0004544196048354219
2025-03-24 11:30:00,-0.0010273947582048015
2025-03-24 12:30:00,-0.004557567434270633
2025-03-24 13:30:00,0.005809424090174745
2025-03-24 14:30:00,0.0013212013911203888
2025-03-24 15:30:00,-0.0029055131950589497
2025-03-25 09:30:00,-0.0024206603361237224
2025-03-25 10:30:00,-0.0017834574801319058
2025-03-25 11:30:00,6.617765042014362e-05
2025-03-25 12:30:00,-0.003109013201621996
2025-03-25 13:30:00,-0.002090305352479821
2025-03-25 14:30:00,0.0032785162359647816
2025-03-25 15:30:00,0.008737279407899848
2025-03-26 09:30:00,-0.0033610920665830615
2025-03-26 10:30:00,0.0009581475275920267
2025-03-26 11:30:00,-0.0008528841162332349
2025-03-26 12:30:00,-0.00028028301571425925
2025-03-26 13:30:00,-0.0011041551660612072
2025-03-26 14:30:00,0.0012745667138721914
2025-03-26 15:30:00,0.0038295197913692826
2025-03-27 09:30:00,-0.00017547750516430714
2025-03-27 10:30:00,-0.0013720481871767939
2025-03-27 11:30:00,-0.0033640620892802816
2025-03-27 12:30:00,0.004616790595574366
2025-03-27 13:30:00,0.0035726251614584684
2025-03-27 14:30:00,-0.00290238473435119
2025-03-27 15:30:00,-0.008950874959164412
2025-03-28 09:30:00,0.002798505656938075
2025-03-28 10:30:00,-0.0028889121434688605
2025-03-28 11:30:00,-0.004161802196642953
2025-03-28 12:30:00,0.0003335572524655919
2025-03-28 13:30:00,0.0007081142822610066
2025-03-28 14:30:00,-0.0007492767793945533
2025-03-28 15:30:00,-0.01075634201006873
2025-03-31 09:30:00,0.006760224792588078
2025-03-31 10:30:00,0.004270705789473014
2025-03-31 11:30:00,-0.0021806161108425893
2025-03-31 12:30:00,0.007274174578952536
2025-03-31 13:30:00,0.0025419179902073314
2025-03-31 14:30:00,0.000214564741760595
2025-03-31 15:30:00,-0.011977753293105574
2025-04-01 09:30:00,0.011222688330777459
2025-04-01 10:30:00,-0.005119716001275049
2025-04-01 11:30:00,-0.0030210818420253302
2025-04-01 12:30:00,-0.007174722917655672
2025-04-01 13:30:00,0.002017087882501346
2025-04-01 14:30:00,0.0012745045065029282
2025-04-01 15:30:00,0.0033462565869977843
2025-04-02 09:30:00,0.004105441583665589
2025-04-02 10:30:00,0.0005789299653289423
2025-04-02 11:30:00,0.004692355035468124
2025-04-02 12:30:00,-0.004870249933085765
2025-04-02 13:30:00,0.003694848125774574
2025-04-02 14:30:00,0.0032171362692551765
2025-04-02 15:30:00,-0.021755288864846338
2025-04-03 09:30:00,0.00044975801823496825
2025-04-03 10:30:00,0.004380207615723538
2025-04-03 11:30:00,-0.008723334886177454
2025-04-03 12:30:00,-0.0026039530547355082
2025-04-03 13:30:00,-0.0030590680478015126
2025-04-03 14:30:00,-0.0040335759098830545
2025-04-03 15:30:00,-0.07422513501382433
2025-04-04 09:30:00,0.010998921431389587
2025-04-04 10:30:00,-0.006709864482092049
2025-04-04 11:30:00,-0.0021353526788365808
2025-04-04 12:30:00,-0.00539754923663763
2025-04-04 13:30:00,0.005475216444705637
2025-04-04 14:30:00,-0.00624461484517306
2025-04-04 15:30:00,-0.015652725558516715
2025-04-07 09:30:00,-0.0074708844850425405
2025-04-07 10:30:00,0.011997559287099504
2025-04-07 11:30:00,0.00755674463073156
2025-04-07 12:30:00,0.0014044587534311535
2025-04-07 13:30:00,-0.011888568527530992
2025-04-07 14:30:00,0.0028908238555879788
2025-04-07 15:30:00,0.027211906393191064
2025-04-08 09:30:00,-0.010481313883524277
2025-04-08 10:30:00,0.0036115714580143374
2025-04-08 11:30:00,-0.01921497913653049
2025-04-08 12:30:00,-0.0035288466210970254
2025-04-08 13:30:00,-0.0030095626855474646
2025-04-08 14:30:00,-0.0037850153112978704
2025-04-08 15:30:00,-0.005496947724437337
2025-04-09 09:30:00,0.001722223804452129
2025-04-09 10:30:00,0.0017471982175575169
2025-04-09 11:30:00,0.04076004817636936
2025-04-09 12:30:00,0.01158592731722947
2025-04-09 13:30:00,0.001116451854214615
2025-04-09 14:30:00,0.002753968246156938
2025-04-09 15:30:00,-0.01800528628785503
2025-04-10 09:30:00,-0.008151024777756876
2025-04-10 10:30:00,-0.01781403555481466
2025-04-10 11:30:00,0.01079977243838207
2025-04-10 12:30:00,0.01522906669297793
2025-04-10 13:30:00,-0.006737426413354175
2025-04-10 14:30:00,0.0028540176974438925
2025-04-10 15:30:00,-0.011246192935729593
2025-04-11 09:30:00,-0.004542513907591741
2025-04-11 10:30:00,0.004735311277087715
2025-04-11 11:30:00,0.014030151912625452
2025-04-11 12:30:00,0.00465635184687164
2025-04-11 13:30:00,-0.00022590795375845916
2025-04-11 14:30:00,0.005961118916652787
2025-04-11 15:30:00,0.028451664650405762
2025-04-14 09:30:00,0.004833282594388208
2025-04-14 10:30:00,-0.007252235253740238
2025-04-14 11:30:00,0.003483800542103852
2025-04-14 12:30:00,0.00710284677791718
2025-04-14 13:30:00,0.001966887495424183
2025-04-14 14:30:00,-0.0014612406475353248
2025-04-14 15:30:00,-0.00823338977185816
2025-04-15 09:30:00,0.001426355761568585
2025-04-15 10:30:00,0.0
2025-04-15 11:30:00,0.0
2025-04-15 12:30:00,0.0
2025-04-15 13:30:00,0.0
2025-04-15 14:30:00,0.0
2025-04-15 15:30:00,0.0
2025-04-16 09:30:00,0.0
2025-04-16 10:30:00,0.0
2025-04-16 11:30:00,0.0
2025-04-16 12:30:00,0.0
2025-04-16 13:30:00,0.0
2025-04-16 14:30:00,0.0
2025-04-16 15:30:00,-0.011138574820397254
2025-04-17 09:30:00,-0.0016135442269591318
2025-04-17 10:30:00,0.005217825888748611
2025-04-17 11:30:00,0.005461428520037068
2025-04-17 12:30:00,-0.005693940547230233
2025-04-17 13:30:00,0.0002850885266483336
2025-04-17 14:30:00,-0.0036439455946858015
2025-04-17 15:30:00,-0.0356708214823618
2025-04-21 09:30:00,-0.006836202194168852
2025-04-21 10:30:00,-0.006629129099360356
2025-04-21 11:30:00,-0.0009325812127978759
2025-04-21 12:30:00,0.0019338783928694791
2025-04-21 13:30:00,-0.0009927765905028585
2025-04-21 14:30:00,0.004116807742295423
2025-04-21 15:30:00,0.014540519305110565
2025-04-22 09:30:00,0.007317754401865498
2025-04-22 10:30:00,0.0020254110957047297
2025-04-22 11:30:00,-0.012166585350573524
2025-04-22 12:30:00,0.0028092976970075932
2025-04-22 13:30:00,0.0064635863415773405
2025-04-22 14:30:00,0.002630575203730654
2025-04-22 15:30:00,0.025631091316329287
2025-04-23 09:30:00,-0.004577129261970468
2025-04-23 10:30:00,-0.0032530825344037418
2025-04-23 11:30:00,0.0019776403882325964
2025-04-23 12:30:00,-0.007663705395228269
2025-04-23 13:30:00,0.0004336944616251571
2025-04-23 14:30:00,0.0025287340739472784
2025-04-23 15:30:00,-0.007670077768918529
2025-04-24 09:30:00,0.0
2025-04-24 10:30:00,0.0
2025-04-24 11:30:00,0.0
2025-04-24 12:30:00,0.0
2025-04-24 13:30:00,0.0025931103389531616
2025-04-24 14:30:00,0.00036687866514540675
2025-04-24 15:30:00,-0.022627777433727563
2025-04-25 09:30:00,0.0022679904310183383
2025-04-25 10:30:00,-0.0009254347073515049
2025-04-25 11:30:00,0.0060025353655916705
2025-04-25 12:30:00,0.005138508745505781
2025-04-25 13:30:00,-0.002294606016479952
2025-04-25 14:30:00,3.6054739926303094e-05
2025-04-25 15:30:00,0.003081019271399041
2025-04-28 09:30:00,0.0040515367320336495
2025-04-28 10:30:00,-0.006206933552695999
2025-04-28 11:30:00,-0.0011857679000927736
2025-04-28 12:30:00,0.0030582836991590897
2025-04-28 13:30:00,0.0013550983450235509
2025-04-28 14:30:00,-0.00032125847724519236
2025-04-28 15:30:00,0.0019387373136773166
2025-04-29 09:30:00,0.0
2025-04-29 10:30:00,0.004668349606306696
2025-04-29 11:30:00,0.0004932521130880471
2025-04-29 12:30:00,0.0023360897883248997
2025-04-29 13:30:00,0.0009415067737941293
2025-04-29 14:30:00,-0.0013717749645666324
2025-04-29 15:30:00,-0.0005400000375018669
2025-04-30 09:30:00,0.01284808979365982
2025-04-30 10:30:00,-0.0006714331507947561
2025-04-30 11:30:00,0.0011037267511222557
2025-04-30 12:30:00,-0.0007991381114802379
2025-04-30 13:30:00,1.4579406416590225e-05
2025-04-30 14:30:00,0.011448892325088176
2025-04-30 15:30:00,-0.0030612043718254347
2025-05-01 09:30:00,-0.007423179974829211
2025-05-01 10:30:00,-0.0025891046315993285
2025-05-01 11:30:00,0.003684496079929683
2025-05-01 12:30:00,0.003796177192105824
2025-05-01 13:30:00,-0.0008673353496619543
2025-05-01 14:30:00,-0.007230841644650007
2025-05-01 15:30:00,0.005775670718454454
2025-05-02 09:30:00,-0.006384405891002838
2025-05-02 10:30:00,0.00025858297601558973
2025-05-02 11:30:00,-0.001014730984034526
2025-05-02 12:30:00,0.00253415256786757
2025-05-02 13:30:00,0.0031908729633397244
2025-05-02 14:30:00,-0.00011339641626538101
2025-05-02 15:30:00,-0.0023549342797884016
2025-05-05 09:30:00,0.004310502001692963
2025-05-05 10:30:00,0.001250896286748754
2025-05-05 11:30:00,-0.0019490058096613629
2025-05-05 12:30:00,0.0036647512438207075
2025-05-05 13:30:00,-0.0009007795464797216
2025-05-05 14:30:00,0.0006825211531122921
2025-05-05 15:30:00,0.003037589607731159
2025-05-06 09:30:00,0.0030756331403228175
2025-05-06 10:30:00,-0.007468656484250941
2025-05-06 11:30:00,0.0010686172582606377
2025-05-06 12:30:00,0.0036173525067238563
2025-05-06 13:30:00,0.002621045932652828
2025-05-06 14:30:00,-0.0010027070232952455
2025-05-06 15:30:00,0.0006450018952126766
2025-05-07 09:30:00,-0.0009361191684193816
2025-05-07 10:30:00,-0.00036040281288097885
2025-05-07 11:30:00,0.0031458041555380723
2025-05-07 12:30:00,-0.004186726666815481
2025-05-07 13:30:00,-0.0010094411981771696
2025-05-07 14:30:00,0.002555276087953716
2025-05-07 15:30:00,0.009639981287818278
2025-05-08 09:30:00,-0.0003643784075734094
2025-05-08 10:30:00,0.005408554447701138
2025-05-08 11:30:00,-0.00034000723458358414
2025-05-08 12:30:00,-0.0018132565596111396
2025-05-08 13:30:00,0.0016800986835229185
2025-05-08 14:30:00,-0.004980718790891182
2025-05-08 15:30:00,0.00025049250437071804
2025-05-09 09:30:00,-0.0015080995686790751
2025-05-09 10:30:00,0.000981291784249232
2025-05-09 11:30:00,-0.000602133648153527
2025-05-09 12:30:00,-1.2278272862644988e-05
2025-05-09 13:30:00,0.0012333653283029317
2025-05-09 14:30:00,-0.0014635268940442672
2025-05-09 15:30:00,0.0008930215549728756
2025-05-12 09:30:00,-0.001310002396599711
2025-05-12 10:30:00,-0.0007801615024901359
2025-05-12 11:30:00,-0.0009555909926515024
2025-05-12 12:30:00,0.0034472551883677938
2025-05-12 13:30:00,0.000415469011181099
2025-05-12 14:30:00,-0.0006940804629307018
2025-05-12 15:30:00,-0.01514439246220737
2025-05-13 09:30:00,0.0001697605515864108
2025-05-13 10:30:00,-0.00028445275349322385
2025-05-13 11:30:00,0.0009182720639593663
2025-05-13 12:30:00,0.00023235029077550088
2025-05-13 13:30:00,-0.00011632021608593251
2025-05-13 14:30:00,-0.002500977216764972
2025-05-13 15:30:00,-0.0006026393611672859
2025-05-14 09:30:00,0.0008166651811038199
2025-05-14 10:30:00,-0.0005237404943796345
2025-05-14 11:30:00,0.002633621455186421
2025-05-14 12:30:00,0.0037898078668069466
2025-05-14 13:30:00,0.0015025835198188404
2025-05-14 14:30:00,-0.0005461026580269751
2025-05-14 15:30:00,0.005828778978568146
2025-05-15 09:30:00,0.003549650373178998
2025-05-15 10:30:00,0.001299040244031284
2025-05-15 11:30:00,0.002067140937567372
2025-05-15 12:30:00,0.0019964982417630564
2025-05-15 13:30:00,0.0056268278171173695
2025-05-15 14:30:00,0.0010780322781365475
2025-05-15 15:30:00,0.0022376008875335672
2025-05-16 09:30:00,0.002377750888748859
2025-05-16 10:30:00,0.0034261601627902016
2025-05-16 11:30:00,0.007868577801094031
2025-05-16 12:30:00,0.00018066632344696827
2025-05-16 13:30:00,0.000623390414772861
2025-05-16 14:30:00,0.0009503427139840797
2025-05-16 15:30:00,0.004539045693335021
2025-05-19 09:30:00,0.0045584798870121545
2025-05-19 10:30:00,0.0028629610086171207
2025-05-19 11:30:00,0.0013693961945553477
2025-05-19 12:30:00,-0.0019757706703736107
2025-05-19 13:30:00,-0.0014555589682164662
2025-05-19 14:30:00,0.0014955210682915
2025-05-19 15:30:00,-0.0021832916430210483
2025-05-20 09:30:00,0.0025523122873783947
2025-05-20 10:30:00,-0.009378832950651308
2025-05-20 11:30:00,0.006002849806318868
2025-05-20 12:30:00,-0.0035242970982316004
2025-05-20 13:30:00,0.0010633434640433493
2025-05-20 14:30:00,0.0018802615345653332
2025-05-20 15:30:00,-0.016415599289306304
2025-05-21 09:30:00,-0.0011462891008212888
2025-05-21 10:30:00,0.0011022295682300745
2025-05-21 11:30:00,-0.010662206599443974
2025-05-21 12:30:00,0.001787434922813194
2025-05-21 13:30:00,-0.007636138575732889
2025-05-21 14:30:00,0.0009572231947831635
2025-05-21 15:30:00,0.0015756242660844317
2025-05-22 09:30:00,0.004628191110331386
2025-05-22 10:30:00,0.0015108740738045984
2025-05-22 11:30:00,0.003466840933353937
2025-05-22 12:30:00,0.0015706814130136799
2025-05-22 13:30:00,0.003145843101001357
2025-05-22 14:30:00,-0.004843160079372069
2025-05-22 15:30:00,-0.004509072635048883
2025-05-23 09:30:00,0.0014748187444296736
2025-05-23 10:30:00,0.0009123455152084933
2025-05-23 11:30:00,0.004696874658234033
2025-05-23 12:30:00,-0.0029273410476487287
2025-05-23 13:30:00,0.001902556754485783
2025-05-23 14:30:00,-0.0028211933373279443
2025-05-23 15:30:00,0.011596037367179332
2025-05-27 09:30:00,0.0060853493686478495
2025-05-27 10:30:00,0.0011538768344823308
2025-05-27 11:30:00,-0.001918422875599526
2025-05-27 12:30:00,-0.0004850985807267768
2025-05-27 13:30:00,-0.0009836344547686537
2025-05-27 14:30:00,0.001028456641965088
2025-05-27 15:30:00,-0.004639504981991607
2025-05-28 09:30:00,-0.00851579193405642
2025-05-28 10:30:00,0.0036760565962598852
2025-05-28 11:30:00,-0.0002700361911647949
2025-05-28 12:30:00,-0.0010668293786082147
2025-05-28 13:30:00,-0.006219695000212591
2025-05-28 14:30:00,-0.0023154797365825108
2025-05-28 15:30:00,-0.004606619057118701
2025-05-29 09:30:00,0.0019382189801108764
2025-05-29 10:30:00,-0.0013840973414250817
2025-05-29 11:30:00,-0.0062800812939372294
2025-05-29 12:30:00,-9.572465200105407e-05
2025-05-29 13:30:00,0.0026724235559663374
2025-05-29 14:30:00,0.002086344505027789
2025-05-29 15:30:00,0.0006650498388115228
2025-05-30 09:30:00,0.0004129448531039464
2025-05-30 10:30:00,-0.007072945073249661
2025-05-30 11:30:00,0.0038113811725959046
2025-05-30 12:30:00,0.004297471334900169
2025-05-30 13:30:00,0.004067869119830023
2025-05-30 14:30:00,-0.002738936270487371
2025-05-30 15:30:00,-0.0010084659342189297
2025-06-02 09:30:00,-0.00038622342346666087
2025-06-02 10:30:00,0.004703864394291707
2025-06-02 11:30:00,0.002633197752793945
2025-06-02 12:30:00,0.002317435090849112
2025-06-02 13:30:00,0.0004709319833457615
2025-06-02 14:30:00,-0.001228430798825916
2025-06-02 15:30:00,0.0036574421641783904
2025-06-03 09:30:00,0.006167620091441459
2025-06-03 10:30:00,0.0014534260126173094
2025-06-03 11:30:00,0.0011822142760005976
2025-06-03 12:30:00,-0.0017367720433457672
2025-06-03 13:30:00,-4.582715023821555e-06
2025-06-03 14:30:00,-0.0017679094807754449
2025-06-03 15:30:00,0.0032240165088656065
2025-06-04 09:30:00,-0.0015224744723313622
2025-06-04 10:30:00,-5.923106495163949e-05
2025-06-04 11:30:00,0.0022189492478299723
2025-06-04 12:30:00,-0.0011515565759237772
2025-06-04 13:30:00,-0.0010134564901547235
2025-06-04 14:30:00,-0.0029618646191567673
2025-06-04 15:30:00,0.002756132243892888
2025-06-05 09:30:00,0.009244915811044084
2025-06-05 10:30:00,0.0014168044913339482
2025-06-05 11:30:00,-0.002051108336980618
2025-06-05 12:30:00,-0.0019043889088973306
2025-06-05 13:30:00,-0.0030035109251842925
2025-06-05 14:30:00,0.001266338800680564
2025-06-05 15:30:00,0.005685146838293362
2025-06-06 09:30:00,0.0010753463340272083
2025-06-06 10:30:00,-0.00023613440834500786
2025-06-06 11:30:00,0.0007283510435502911
2025-06-06 12:30:00,0.0019301219530516531
2025-06-06 13:30:00,0.00044280668553306647
2025-06-06 14:30:00,-0.0012862838487104331
2025-06-06 15:30:00,-0.006589276973584371
2025-06-09 09:30:00,0.0005014322788735308
2025-06-09 10:30:00,0.0036725416666836467
2025-06-09 11:30:00,0.0018399238441182788
2025-06-09 12:30:00,0.00028370464744424147
2025-06-09 13:30:00,0.0008999166702990754
2025-06-09 14:30:00,-0.002463282109410505
2025-06-09 15:30:00,-0.002997764329404484
2025-06-10 09:30:00,-0.0018987568190229978
2025-06-10 10:30:00,0.000532441721230423
2025-06-10 11:30:00,-0.0005499350515826023
2025-06-10 12:30:00,0.00010394250316354916
2025-06-10 13:30:00,0.0012947829541647441
2025-06-10 14:30:00,1.2732345671943082e-05
2025-06-10 15:30:00,-0.0005288027252537507
2025-06-11 09:30:00,0.0020155414670950753
2025-06-11 10:30:00,0.0020161303216886133
2025-06-11 11:30:00,0.0008241150118981533
2025-06-11 12:30:00,-0.003351712807367757
2025-06-11 13:30:00,-0.00046418900013074854
2025-06-11 14:30:00,0.001554465595439156
2025-06-11 15:30:00,-0.0006295344608450999
2025-06-12 09:30:00,0.002083650334020606
2025-06-12 10:30:00,0.00032250640640390545
2025-06-12 11:30:00,-0.001018212541232647
2025-06-12 12:30:00,0.0021665298567539334
2025-06-12 13:30:00,0.0007557853152544837
2025-06-12 14:30:00,-0.00011139349821783631
2025-06-12 15:30:00,-0.01332780261848769
2025-06-13 09:30:00,0.011540433319536875
2025-06-13 10:30:00,0.0005398916477802276
2025-06-13 11:30:00,-0.002750336473786306
2025-06-13 12:30:00,-0.005800765641091032
2025-06-13 13:30:00,-0.001767447789026672
2025-06-13 14:30:00,0.001710737567752943
2025-06-13 15:30:00,0.015165527350163471
2025-06-16 09:30:00,-0.0017122387207439218
2025-06-16 10:30:00,-4.7470971898152186e-05
2025-06-16 11:30:00,0.0025215517667420105
2025-06-16 12:30:00,-0.0011785200144009819
2025-06-16 13:30:00,-0.0010996440394229114
2025-06-16 14:30:00,0.0009391554305813067
2025-06-16 15:30:00,-0.0039495632589897365
2025-06-17 09:30:00,-0.0011202559670552194
2025-06-17 10:30:00,0.0006678524778332996
2025-06-17 11:30:00,-0.003319118578657487
2025-06-17 12:30:00,-0.0047642601216869255
2025-06-17 13:30:00,0.00116588474567951
2025-06-17 14:30:00,-0.0006126388801040321
2025-06-17 15:30:00,0.002871754799251228
2025-06-18 09:30:00,0.0019809492235699517
2025-06-18 10:30:00,-0.0007110272476020199
2025-06-18 11:30:00,-0.0008509035488396654
2025-06-18 12:30:00,0.000723697393914513
2025-06-18 13:30:00,-0.004478472764787052
2025-06-18 14:30:00,-0.0006344316013688259
2025-06-18 15:30:00,0.00239923576957307
2025-06-20 09:30:00,0.0015195169959558435
2025-06-20 10:30:00,-0.002935047706333375
2025-06-20 11:30:00,-0.0026529864354589896
2025-06-20 12:30:00,0.0014213318181938027
2025-06-20 13:30:00,-0.0021639896027158528
2025-06-20 14:30:00,0.0007167098110912873
2025-06-20 15:30:00,0.00476280955984257
2025-06-23 09:30:00,-0.000566521476753807
2025-06-23 10:30:00,-0.004961520213623212
2025-06-23 11:30:00,0.004265852329906482
2025-06-23 12:30:00,0.003817103550010455
2025-06-23 13:30:00,0.0020326893254136737
2025-06-23 14:30:00,0.0007899050874778881
2025-06-23 15:30:00,0.00911775021989584
2025-06-24 09:30:00,0.002826569520658294
2025-06-24 10:30:00,0.00022695703450288125
2025-06-24 11:30:00,-0.002445333608054134
2025-06-24 12:30:00,0.0005905504003697531
2025-06-24 13:30:00,0.0016251741518786681
2025-06-24 14:30:00,-0.0018584653346948963
2025-06-24 15:30:00,0.0033702330488370267
2025-06-25 09:30:00,-0.0013239266173477506
2025-06-25 10:30:00,0.0022080359147029684
2025-06-25 11:30:00,-0.0013918541005321057
2025-06-25 12:30:00,-0.0022927050312829015
2025-06-25 13:30:00,0.0012683535848663722
2025-06-25 14:30:00,-0.0026954301209518106
2025-06-25 15:30:00,-0.003236968948555634
2025-06-26 09:30:00,0.003207341470218086
2025-06-26 10:30:00,0.0015083006003567391
2025-06-26 11:30:00,0.001199205754712397
2025-06-26 12:30:00,-0.0018752145444718654
2025-06-26 13:30:00,0.0030271835851965207
2025-06-26 14:30:00,-0.000576284039031377
2025-06-26 15:30:00,0.00889790376470833
2025-06-27 09:30:00,0.00153318991256054
2025-06-27 10:30:00,0.005369155052102043
2025-06-27 11:30:00,-0.004550389190450649
2025-06-27 12:30:00,-0.0026682117287167764
2025-06-27 13:30:00,0.0013973767204774588
2025-06-27 14:30:00,0.00451659503601681
2025-06-27 15:30:00,0.0012282018918753545
2025-06-30 09:30:00,0.0011080792419873242
2025-06-30 10:30:00,-0.0004363465922023012
2025-06-30 11:30:00,0.0020112893274890856
2025-06-30 12:30:00,0.0009926403278653596
2025-06-30 13:30:00,0.002718589085847235
2025-06-30 14:30:00,0.0021507362358589386
2025-06-30 15:30:00,-0.0004939376395672099
2025-07-01 09:30:00,0.007133512912611678
2025-07-01 10:30:00,0.0038234024894228994
2025-07-01 11:30:00,-0.0009905016343826536
2025-07-01 12:30:00,4.248951419247239e-05
2025-07-01 13:30:00,0.0009492771335152128
2025-07-01 14:30:00,-0.002004420993033945
2025-07-01 15:30:00,-0.002198923242821033
2025-07-02 09:30:00,0.0008279934289961817
2025-07-02 10:30:00,-0.00022873562669998914
2025-07-02 11:30:00,-0.0001567149294296491
2025-07-02 12:30:00,-0.0007449254014884191
2025-07-02 13:30:00,4.641446001011261e-05
2025-07-02 14:30:00,-0.0008452873093256608
2025-07-02 15:30:00,0.010092818380682102
2025-07-03 09:30:00,-0.0008230559323776904
2025-07-03 10:30:00,-0.0004037960118433787
2025-07-03 11:30:00,0.0015101118514949323
2025-07-07 09:30:00,0.00037327504933464954
2025-07-07 10:30:00,-0.0021103541492497307
2025-07-07 11:30:00,0.0003248303369162517
2025-07-07 12:30:00,-0.0044593484254125924
2025-07-07 13:30:00,0.0030374113040730617
2025-07-07 14:30:00,0.00223009967570747
2025-07-07 15:30:00,0.003922713680565494
2025-07-08 09:30:00,-0.00011581131682713269
2025-07-08 10:30:00,-0.0023324014712943642
2025-07-08 11:30:00,-0.0016250118856044207
2025-07-08 12:30:00,-0.001936367293969893
2025-07-08 13:30:00,0.002645438840917452
2025-07-08 14:30:00,0.00021400278704750516
2025-07-08 15:30:00,-0.004593295155821544
2025-07-09 09:30:00,-1.1737455807285687e-06
2025-07-09 10:30:00,-2.9059305883337405e-05
2025-07-09 11:30:00,0.0012931938772875091
2025-07-09 12:30:00,0.0020609945033413166
2025-07-09 13:30:00,0.0014029699385178594
2025-07-09 14:30:00,-0.0013598790169376811
2025-07-09 15:30:00,0.0014697433917957151
2025-07-10 09:30:00,0.0021271360046358186
2025-07-10 10:30:00,0.003115864934641668
2025-07-10 11:30:00,-0.00040121605211702264
2025-07-10 12:30:00,0.00175825704989956
2025-07-10 13:30:00,-0.0006573723040245151
2025-07-10 14:30:00,-0.0030970938510046617
2025-07-10 15:30:00,-0.0029572552060348196
2025-07-11 09:30:00,-0.0036215621260467503
2025-07-11 10:30:00,0.00022801721952726313
2025-07-11 11:30:00,0.0008342888568335804
2025-07-11 12:30:00,-0.0007721438099471005
2025-07-11 13:30:00,-0.0017081363606691554
2025-07-11 14:30:00,-0.002395393337429817
2025-07-11 15:30:00,0.009441061469269098
2025-07-14 09:30:00,-0.0009195443174186744
2025-07-14 10:30:00,-0.0002376503181602977
2025-07-14 11:30:00,0.001383553921672694
2025-07-14 12:30:00,5.2328981104058094e-05
2025-07-14 13:30:00,-0.0012256461102571037
2025-07-14 14:30:00,-0.0007578699987195234
2025-07-14 15:30:00,0.0014273582092877175
2025-07-15 09:30:00,-0.003375852440479958
2025-07-15 10:30:00,-0.0037515017668298756
2025-07-15 11:30:00,-0.0008095782777963104
2025-07-15 12:30:00,-0.00030307703196819606
2025-07-15 13:30:00,-0.004129940149290955
2025-07-15 14:30:00,-0.001776773750407248
2025-07-15 15:30:00,-0.0035494303358603162
2025-07-16 09:30:00,-0.006279202131293271
2025-07-16 10:30:00,0.003858591638837368
2025-07-16 11:30:00,0.004041521695080298
2025-07-16 12:30:00,0.0020055999646542417
2025-07-16 13:30:00,0.003462294284885884
2025-07-16 14:30:00,-5.9052615595902856e-05
2025-07-16 15:30:00,0.0023990414396897163
2025-07-17 09:30:00,0.0035301254913398133
2025-07-17 10:30:00,-0.0003154602746867777
2025-07-17 11:30:00,0.0007322596325162567
2025-07-17 12:30:00,0.0032146392055335915
2025-07-17 13:30:00,-0.001732342448119031
2025-07-17 14:30:00,-0.00021065641539090482
2025-07-17 15:30:00,0.0027802061014913573
2025-07-18 09:30:00,-0.0014347385587338193
2025-07-18 10:30:00,-0.0030470285939045555
2025-07-18 11:30:00,-0.001372073787320922
2025-07-18 12:30:00,0.002103066933782405
2025-07-18 13:30:00,0.0013637891025437764
2025-07-18 14:30:00,-5.0603087317053303e-05
2025-07-18 15:30:00,0.0038437437237650177
2025-07-21 09:30:00,0.00018696545288649017
2025-07-21 10:30:00,-0.0016669361262635085
2025-07-21 11:30:00,0.0011516319639239172
2025-07-21 12:30:00,0.0013201614241572656
2025-07-21 13:30:00,-0.0047666444123266915
2025-07-21 14:30:00,-0.002042243118576123
2025-07-21 15:30:00,0.010576805966110462
2025-07-22 09:30:00,0.001732315665874975
2025-07-22 10:30:00,-7.512252120382118e-05
2025-07-22 11:30:00,0.0031681721006905283
2025-07-22 12:30:00,-0.000836180572821024
2025-07-22 13:30:00,0.00040401140203466274
2025-07-22 14:30:00,-0.002752589231524574
2025-07-22 15:30:00,0.015161174773162204
2025-07-23 09:30:00,9.708678893159972e-05
2025-07-23 10:30:00,0.003144768716656929
2025-07-23 11:30:00,0.0012903722241416555
2025-07-23 12:30:00,-0.00033017708462784853
2025-07-23 13:30:00,0.001808699408249265
2025-07-23 14:30:00,-0.0003637727666473942
2025-07-23 15:30:00,0.0002545282021501702
2025-07-24 09:30:00,0.0007480662086596454
2025-07-24 10:30:00,-0.0044381252404024265
2025-07-24 11:30:00,-0.0016048490460501446
2025-07-24 12:30:00,0.000999080635558648
2025-07-24 13:30:00,-0.002854861201983935
2025-07-24 14:30:00,0.0016113654761439559
2025-07-24 15:30:00,-0.003144027966356223
2025-07-25 09:30:00,0.0007164898423749271
2025-07-25 10:30:00,0.0008673217898765628
2025-07-25 11:30:00,0.0026825662117442206
2025-07-25 12:30:00,0.0029113219209025484
2025-07-25 13:30:00,5.3893621099027346e-05
2025-07-25 14:30:00,0.0013255930431339841
2025-07-25 15:30:00,-0.004393785863031898
2025-07-28 09:30:00,0.00029795827080161754
2025-07-28 10:30:00,0.0003968242116367827
2025-07-28 11:30:00,-0.0037013457705960787
2025-07-28 12:30:00,0.00028652388291286934
2025-07-28 13:30:00,-0.0016106897515082424
2025-07-28 14:30:00,-0.0003512169608828601
2025-07-28 15:30:00,0.002199116726050404
2025-07-29 09:30:00,-0.002603303732940963
2025-07-29 10:30:00,-0.002295902813809136
2025-07-29 11:30:00,0.001539738994527029
2025-07-29 12:30:00,-0.0033214343961290365
2025-07-29 13:30:00,-0.0007910804241144976
2025-07-29 14:30:00,0.0009981295710314586
2025-07-29 15:30:00,0.0002593386457257016
2025-07-30 09:30:00,-0.003134833027003872
2025-07-30 10:30:00,0.001562824325238853
2025-07-30 11:30:00,-0.0024145768774387648
2025-07-30 12:30:00,-0.00037933627554991874
2025-07-30 13:30:00,-0.009446074426778556
2025-07-30 14:30:00,0.0012982417367696456
2025-07-30 15:30:00,0.003433400102959625
2025-07-31 09:30:00,0.00030062544336610127
2025-07-31 10:30:00,0.0003978793612751978
2025-07-31 11:30:00,-0.0038343979030568713
2025-07-31 12:30:00,-0.00037703922581771595
2025-07-31 13:30:00,-0.004823102732433664
2025-07-31 14:30:00,-0.0011315586720249164
2025-07-31 15:30:00,-0.011628602420237348
2025-08-01 09:30:00,0.001411264358416944
2025-08-01 10:30:00,0.009759415042603834
2025-08-01 11:30:00,-0.005220140097541585
2025-08-01 12:30:00,-0.0003390682838340421
2025-08-01 13:30:00,0.0009030554255317914
2025-08-01 14:30:00,0.0009396722031197235
2025-08-01 15:30:00,0.009834080364622173
2025-08-04 09:30:00,0.00299746376485627
2025-08-04 10:30:00,-0.0023736868051763968
2025-08-04 11:30:00,-0.0010448743657156447
2025-08-04 12:30:00,-0.0018715831507340808
2025-08-04 13:30:00,0.0006025153019025601
2025-08-04 14:30:00,-0.0008986600881442664
2025-08-04 15:30:00,-0.0009163904321152261
2025-08-05 09:30:00,0.0019056378406412597
2025-08-05 10:30:00,0.001955906996343424
2025-08-05 11:30:00,-0.00013758428364723767
2025-08-05 12:30:00,-0.005265582816036587
2025-08-05 13:30:00,0.0026609639448108434
2025-08-05 14:30:00,-0.001730792476062606
2025-08-05 15:30:00,-0.004658787103920422
2025-08-06 09:30:00,0.005487083906966373
2025-08-06 10:30:00,0.001248020844113085
2025-08-06 11:30:00,0.001520954639883691
2025-08-06 12:30:00,0.002855517336773089
2025-08-06 13:30:00,-0.0004947199211440006
2025-08-06 14:30:00,0.000696590813301626
2025-08-06 15:30:00,0.004364732141097136
2025-08-07 09:30:00,-4.9040511948074284e-05
2025-08-07 10:30:00,0.002927527613587602
2025-08-07 11:30:00,-0.0030435031754926733
2025-08-07 12:30:00,0.0009841976221838039
2025-08-07 13:30:00,0.0023417157090397872
2025-08-07 14:30:00,0.002500895802787798
2025-08-07 15:30:00,0.0022935794291113446
2025-08-08 09:30:00,-0.0033035154369825065
2025-08-08 10:30:00,0.002481692941308825
2025-08-08 11:30:00,-0.0011588527634814657
2025-08-08 12:30:00,-0.0015192907655615703
2025-08-08 13:30:00,-0.0019920345163394683
2025-08-08 14:30:00,-0.0024703580868155658
2025-08-08 15:30:00,0.004712063710278025
2025-08-11 09:30:00,-0.002715902409286741
2025-08-11 10:30:00,0.0012833620089798504
2025-08-11 11:30:00,-0.003672906823346658
2025-08-11 12:30:00,-0.0027493396543469446
2025-08-11 13:30:00,0.0017542871589681203
2025-08-11 14:30:00,-0.0023380251186060413
2025-08-11 15:30:00,0.010455927152033511
2025-08-12 09:30:00,-0.002188713092455145
2025-08-12 10:30:00,-0.00032683028949846905
2025-08-12 11:30:00,0.003126133115856524
2025-08-12 12:30:00,0.0016308613699274992
2025-08-12 13:30:00,0.00217241149041684
2025-08-12 14:30:00,0.00015987588893600464
2025-08-12 15:30:00,-0.00029300444564481746
2025-08-13 09:30:00,-0.0027635774338272724
2025-08-13 10:30:00,-0.0021246053553724466
2025-08-13 11:30:00,0.001568053210143425
2025-08-13 12:30:00,0.0015797818154419693
2025-08-13 13:30:00,0.000829845627113317
2025-08-13 14:30:00,0.0023433521159975535
2025-08-13 15:30:00,0.0021194742172117934
2025-08-14 09:30:00,-0.0047584092253180705
2025-08-14 10:30:00,-0.0013681401308520535
2025-08-14 11:30:00,0.00353613283334458
2025-08-14 12:30:00,0.001448874746961858
2025-08-14 13:30:00,0.002380793599925943
2025-08-14 14:30:00,-0.001481128577544137
2025-08-14 15:30:00,0.0007796661022104165
2025-08-15 09:30:00,0.007632934617643725
2025-08-15 10:30:00,-0.0007080387169095054
2025-08-15 11:30:00,0.00741437365849577
2025-08-15 12:30:00,0.0006853870215818081
2025-08-15 13:30:00,-0.00012199036060620439
2025-08-15 14:30:00,-0.0015433749875404012
2025-08-15 15:30:00,0.0011195447147386974
2025-08-18 09:30:00,0.0002184163482173654
2025-08-18 10:30:00,-0.0001478928257722343
2025-08-18 11:30:00,-0.00013328836636039446
2025-08-18 12:30:00,-0.0016207065456520977
2025-08-18 13:30:00,0.000625844366626809
2025-08-18 14:30:00,-0.0003344431447198562
2025-08-18 15:30:00,0.0045653003228623805
2025-08-19 09:30:00,0.0004711822812485731
2025-08-19 10:30:00,-0.0032388557187040005
2025-08-19 11:30:00,-0.0016528855153995078
2025-08-19 12:30:00,-0.000707919030595669
2025-08-19 13:30:00,-0.00023817760611086886
2025-08-19 14:30:00,-0.00045834629362155507
2025-08-19 15:30:00,-0.009429716348731456
2025-08-20 09:30:00,0.0065964782070765384
2025-08-20 10:30:00,0.004767410827386902
2025-08-20 11:30:00,-0.0020482877256660244
2025-08-20 12:30:00,-0.0009176542644212599
2025-08-20 13:30:00,0.006791592259073086
2025-08-20 14:30:00,0.002703060133219705
2025-08-20 15:30:00,0.006122854728298298
2025-08-21 09:30:00,-0.002399471085833081
2025-08-21 10:30:00,-0.003561543569266549
2025-08-21 11:30:00,-0.0013625565764478053
2025-08-21 12:30:00,0.0026861202005352518
2025-08-21 13:30:00,0.0016508828418435374
2025-08-21 14:30:00,0.00018033500643615098
2025-08-21 15:30:00,0.021886802557935084
2025-08-22 09:30:00,0.004956049673979595
2025-08-22 10:30:00,-0.0038186946288995068
2025-08-22 11:30:00,0.001136821034489297
2025-08-22 12:30:00,-0.0014067176111952245
2025-08-22 13:30:00,0.0022038558620437313
2025-08-22 14:30:00,0.00017650226710457623
2025-08-22 15:30:00,-0.009194444009045196
2025-08-25 09:30:00,-0.0016226020609211398
2025-08-25 10:30:00,0.0016875281253013223
2025-08-25 11:30:00,-0.0045582483601677186
2025-08-25 12:30:00,-0.0014901325823927323
2025-08-25 13:30:00,-0.0021188784617980896
2025-08-25 14:30:00,-0.001759403835221733
2025-08-25 15:30:00,-0.005220396385579076
2025-08-26 09:30:00,-0.0009860426170148636
2025-08-26 10:30:00,-0.0015670439620333947
2025-08-26 11:30:00,0.0011784090068505573
2025-08-26 12:30:00,-0.00020416144533396378
2025-08-26 13:30:00,0.0008981269081597079
2025-08-26 14:30:00,-0.0008164387294293068
2025-08-26 15:30:00,0.0005927480335562276
2025-08-27 09:30:00,-0.00012148950728799814
2025-08-27 10:30:00,0.00029359270307970114
2025-08-27 11:30:00,-0.0010417730384444386
2025-08-27 12:30:00,0.0008751694174796453
2025-08-27 13:30:00,-0.0006478848857756302
2025-08-27 14:30:00,0.0002280820196246146
2025-08-27 15:30:00,-0.006298500068722226
2025-08-28 09:30:00,-0.0037884913328304908
2025-08-28 10:30:00,-0.00022167816675061137
2025-08-28 11:30:00,0.00042374330479401536
2025-08-28 12:30:00,0.002941585814062987
2025-08-28 13:30:00,0.000677423266001351
2025-08-28 14:30:00,-0.0017968309060422114
2025-08-28 15:30:00,0.007890857290631525
2025-08-29 09:30:00,-0.0006546119619204356
2025-08-29 10:30:00,0.000752096197567346
2025-08-29 11:30:00,-0.0016614219090167592
2025-08-29 12:30:00,-0.0010192154637845162
2025-08-29 13:30:00,0.0008036281620506636
2025-08-29 14:30:00,0.0031207174109484943
2025-08-29 15:30:00,-0.006901949448796759
2025-09-02 09:30:00,-0.0007789927056477929
2025-09-02 10:30:00,-0.0020624766592869602
2025-09-02 11:30:00,0.002200121786642617
2025-09-02 12:30:00,0.0014363263862900396
2025-09-02 13:30:00,0.0016651924930293825
2025-09-02 14:30:00,0.001240774434086292
2025-09-02 15:30:00,-0.0046282469012134805
2025-09-03 09:30:00,0.0013596871640453954
2025-09-03 10:30:00,0.00011796874428560311
2025-09-03 11:30:00,0.0017955372614696854
2025-09-03 12:30:00,-0.0008324347666427272
2025-09-03 13:30:00,-0.0017924976870556091
2025-09-03 14:30:00,0.0031545817829543373
2025-09-03 15:30:00,0.0010809860204052098
2025-09-04 09:30:00,0.005349739499392042
2025-09-04 10:30:00,0.0015419886776266859
2025-09-04 11:30:00,-0.0003105588300856499
2025-09-04 12:30:00,0.0009767673280658628
2025-09-04 13:30:00,0.001385579527733342
2025-09-04 14:30:00,0.002879077195781342
2025-09-04 15:30:00,0.0038812234441992664
2025-09-05 09:30:00,-0.000892460043189307
2025-09-05 10:30:00,-0.003285546699456839
2025-09-05 11:30:00,0.0017920381746479234
2025-09-05 12:30:00,0.0010948732470613062
2025-09-05 13:30:00,0.001884958631438777
2025-09-05 14:30:00,0.0015766391046409928
2025-09-05 15:30:00,-0.007278062179855762
2025-09-08 09:30:00,0.004122836830958213
2025-09-08 10:30:00,-0.001375886451334551
2025-09-08 11:30:00,0.00014690410915194242
2025-09-08 12:30:00,-0.0015981480391187557
2025-09-08 13:30:00,-0.0006147607473416581
2025-09-08 14:30:00,0.005411525913055834
2025-09-08 15:30:00,0.0019989688841364145
2025-09-09 09:30:00,-0.00039612406160823845
2025-09-09 10:30:00,0.00014884629383177494
2025-09-09 11:30:00,0.001198351391867145
2025-09-09 12:30:00,0.0014314134781853198
2025-09-09 13:30:00,-0.0025341325610733958
2025-09-09 14:30:00,-0.0019380438964267284
2025-09-09 15:30:00,-0.004515250104822446
2025-09-10 09:30:00,-0.003242906937578505
2025-09-10 10:30:00,0.0017720312775079067
2025-09-10 11:30:00,-0.0006931885481890561
2025-09-10 12:30:00,0.0034618943087443743
2025-09-10 13:30:00,-0.00021329723686447198
2025-09-10 14:30:00,0.0016583769592246503
2025-09-10 15:30:00,0.01370324223418184
2025-09-11 09:30:00,0.005825640589727067
2025-09-11 10:30:00,0.003268420957246486
2025-09-11 11:30:00,0.0006637195104823054
2025-09-11 12:30:00,0.0024895641449123127
2025-09-11 13:30:00,0.0025763844644044066
2025-09-11 14:30:00,-7.144454047426474e-05
2025-09-11 15:30:00,-0.007081213933845582
2025-09-12 09:30:00,-0.0023245618294911365
2025-09-12 10:30:00,-0.002150649400864941
2025-09-12 11:30:00,0.0003271536550358434
2025-09-12 12:30:00,0.0004035787324844898
2025-09-12 13:30:00,-0.00035069880386147915
2025-09-12 14:30:00,-0.0010136766662662672
2025-09-12 15:30:00,0.005822830647641089
2025-09-15 09:30:00,-0.0027360451510102493
2025-09-15 10:30:00,0.00029425084787808477
2025-09-15 11:30:00,-0.0015379884920214422
2025-09-15 12:30:00,-0.00037644948975904506
2025-09-15 13:30:00,-0.0009474357021388285
2025-09-15 14:30:00,-0.00038239838412066404
2025-09-15 15:30:00,-0.0020160878928954214
2025-09-16 09:30:00,0.0002771900253971549
2025-09-16 10:30:00,4.375606070987141e-05
2025-09-16 11:30:00,-0.00017481256935249301
2025-09-16 12:30:00,0.0013502360599824605
2025-09-16 13:30:00,0.00108589696376993
2025-09-16 14:30:00,0.0005215618323993839
2025-09-16 15:30:00,0.0037390741857411375
2025-09-17 09:30:00,0.0023540608416966345
2025-09-17 10:30:00,-0.0010076268993007554
2025-09-17 11:30:00,-0.0017599258970159954
2025-09-17 12:30:00,0.005194994780202671
2025-09-17 13:30:00,-0.005759805063887129
2025-09-17 14:30:00,-0.0006636839223039174
2025-09-17 15:30:00,0.0056413802651685205
2025-09-18 09:30:00,-0.004020323916566388
2025-09-18 10:30:00,-0.00045849154057172605
2025-09-18 11:30:00,-0.00028079535071091503
2025-09-18 12:30:00,-0.0012876675913060373
2025-09-18 13:30:00,-0.001549668135689246
2025-09-18 14:30:00,-0.0006291611956616465
2025-09-18 15:30:00,-0.0037572024068032025
2025-09-19 09:30:00,-0.0017255442184423307
2025-09-19 10:30:00,0.0008920026509730091
2025-09-19 11:30:00,-1.2871688556347782e-05
2025-09-19 12:30:00,0.0003218715912568511
2025-09-19 13:30:00,0.0006327104112263016
2025-09-19 14:30:00,-0.0037552836571190366
2025-09-19 15:30:00,0.0031813376889031795
2025-09-22 09:30:00,-0.00037551287544350295
2025-09-22 10:30:00,-9.500927946637745e-05
2025-09-22 11:30:00,0.001311785771310873
2025-09-22 12:30:00,0.00014400940248042232
2025-09-22 13:30:00,0.0013872467059686967
2025-09-22 14:30:00,-0.0019651848633590163
2025-09-22 15:30:00,-0.0004368015677170875
2025-09-23 09:30:00,0.0008677692925897084
2025-09-23 10:30:00,-7.609747936565381e-05
2025-09-23 11:30:00,0.00010569553455340608
2025-09-23 12:30:00,0.0024262502267261236
2025-09-23 13:30:00,0.0004898164533928898
2025-09-23 14:30:00,0.000976441866536436
2025-09-23 15:30:00,0.002014573894832993
2025-09-24 09:30:00,0.002469497553093442
2025-09-24 10:30:00,-0.0027905423174695303
2025-09-24 11:30:00,-0.0025695151906035773
2025-09-24 12:30:00,-0.003677291422527932
2025-09-24 13:30:00,-0.0008045101927620067
2025-09-24 14:30:00,4.8760310005880965e-05
2025-09-24 15:30:00,-0.0068006980396507245
2025-09-25 09:30:00,-0.002698731959813749
2025-09-25 10:30:00,0.0018458002291137513
2025-09-25 11:30:00,0.000916798725264995
2025-09-25 12:30:00,-0.0008962632080477618
2025-09-25 13:30:00,-0.00024749675444425294
2025-09-25 14:30:00,0.0008913705169340929
2025-09-25 15:30:00,0.006812546907394826
2025-09-26 09:30:00,0.0010839924526470548
2025-09-26 10:30:00,0.0014976876439339107
2025-09-26 11:30:00,-6.170505640379077e-05
2025-09-26 12:30:00,-0.00036915336232728454
2025-09-26 13:30:00,-0.0007645702792176283
2025-09-26 14:30:00,0.0017598779156685889
2025-09-26 15:30:00,0.015437993430681014
2025-09-29 09:30:00,-0.0019325984278219296
2025-09-29 10:30:00,-0.0009299618885373319
2025-09-29 11:30:00,0.0005132647927432756
2025-09-29 12:30:00,0.0035508182070171685
2025-09-29 13:30:00,0.0014222834841716315
2025-09-29 14:30:00,0.0015566995001500817
2025-09-29 15:30:00,-0.006006867776948135
2025-09-30 09:30:00,-0.0019527992528611618
2025-09-30 10:30:00,0.0018350717610962459
2025-09-30 11:30:00,-0.0017540326018141272
2025-09-30 12:30:00,0.003210133447923107
2025-09-30 13:30:00,0.005555964066914807
2025-09-30 14:30:00,-1.1028952575599187e-05
2025-09-30 15:30:00,-0.004109760672134326
2025-10-01 09:30:00,0.0009256369225132069
2025-10-01 10:30:00,0.00017827805414723322
2025-10-01 11:30:00,-0.0008533957844579952
2025-10-01 12:30:00,-0.0001564686196644183
2025-10-01 13:30:00,-0.0023867166803288966
2025-10-01 14:30:00,-0.00244258243990673
2025-10-01 15:30:00,-0.0006467227302271711
2025-10-02 09:30:00,0.0009032652088150492
2025-10-02 10:30:00,0.0009486239366366316
2025-10-02 11:30:00,0.001051041828094042
2025-10-02 12:30:00,0.0031077364571677982
2025-10-02 13:30:00,-0.0008038352400761476
2025-10-02 14:30:00,-1.030589982123074e-06
2025-10-02 15:30:00,-0.003116579136435897
2025-10-03 09:30:00,-5.041365530408145e-05
2025-10-03 10:30:00,0.0009626671448428014
2025-10-03 11:30:00,-0.0018802178038098863
2025-10-03 12:30:00,0.0012205683632923341
2025-10-03 13:30:00,-0.001396506643873014
2025-10-03 14:30:00,-0.0005029555533313993
2025-10-03 15:30:00,0.004039809666981119
2025-10-06 09:30:00,0.001215603853484679
2025-10-06 10:30:00,-0.00023170175046726386
2025-10-06 11:30:00,0.005183379498171041
2025-10-06 12:30:00,-0.0045781376479464755
2025-10-06 13:30:00,-0.0011182104621393265
2025-10-06 14:30:00,-0.006541660760833198
2025-10-06 15:30:00,0.0013987941856522734
2025-10-07 09:30:00,0.0011745859023259279
2025-10-07 10:30:00,0.001189695271145135
2025-10-07 11:30:00,-0.0014834842573494262
2025-10-07 12:30:00,-0.00033530588418919033
2025-10-07 13:30:00,-0.0014373253944622892
2025-10-07 14:30:00,0.0010221731561366404
2025-10-07 15:30:00,-0.0034251131885420123
2025-10-08 09:30:00,0.0016001750081837216
2025-10-08 10:30:00,2.6424247640598393e-05
2025-10-08 11:30:00,-0.00048629791182469405
2025-10-08 12:30:00,-0.0012334349083688923
2025-10-08 13:30:00,0.0005607955883238269
2025-10-08 14:30:00,-0.0007350962598039382
2025-10-08 15:30:00,-0.008140184807259926
2025-10-09 09:30:00,0.0007687433148566067
2025-10-09 10:30:00,0.0004697241496436565
2025-10-09 11:30:00,-0.0018586324806960874
2025-10-09 12:30:00,0.000103844721945143
2025-10-09 13:30:00,0.0005847179513333972
2025-10-09 14:30:00,-0.0006527693765703585
2025-10-09 15:30:00,-0.0019186299386050173
2025-10-10 09:30:00,-0.010294222380864063
2025-10-10 10:30:00,-0.002152283143121358
2025-10-10 11:30:00,-0.002508346647301876
2025-10-10 12:30:00,-0.001604974167795616
2025-10-10 13:30:00,-0.005996170824316102
2025-10-10 14:30:00,-0.0029785488995779583
2025-10-10 15:30:00,0.011456034052728986
2025-10-13 09:30:00,0.0044656316394162
2025-10-13 10:30:00,-0.00038024850961877125
2025-10-13 11:30:00,-9.429632319250724e-05
2025-10-13 12:30:00,0.0003382013868768241
2025-10-13 13:30:00,-0.003145708463375632
2025-10-13 14:30:00,-0.0002894273087270637
2025-10-13 15:30:00,0.0023828030174683637
2025-10-14 09:30:00,0.0001530501412826395
2025-10-14 10:30:00,0.0064541642394477326
2025-10-14 11:30:00,0.003409392485436703
2025-10-14 12:30:00,0.00163111339628895
2025-10-14 13:30:00,0.0021129885486688075
2025-10-14 14:30:00,-0.005001588063007032
2025-10-14 15:30:00,0.011798839097018793
2025-10-15 09:30:00,0.0012010200336047359
2025-10-15 10:30:00,-0.0018660247861921615
2025-10-15 11:30:00,-0.007827166835530528
2025-10-15 12:30:00,0.00649107597484567
2025-10-15 13:30:00,0.004756390619716958
2025-10-15 14:30:00,-0.0013494076592316167
2025-10-15 15:30:00,0.003677187822609361
2025-10-16 09:30:00,-0.0050725818047052266
2025-10-16 10:30:00,-0.005731242732044602
2025-10-16 11:30:00,0.0012626067096728902
2025-10-16 12:30:00,-0.006061670721230443
2025-10-16 13:30:00,0.002202071435118533
2025-10-16 14:30:00,0.0005950924847376482
2025-10-16 15:30:00,0.005925334894975852
2025-10-17 09:30:00,-0.001513212030185367
2025-10-17 10:30:00,0.003091448148117003
2025-10-17 11:30:00,-0.0016893624936243367
2025-10-17 12:30:00,0.004207026703257069
2025-10-17 13:30:00,0.0009625598993063896
2025-10-17 14:30:00,0.00012360839913069116
2025-10-17 15:30:00,0.001975871939551581
2025-10-20 09:30:00,-0.0002587507552906845
2025-10-20 10:30:00,-0.00042527756327645326
2025-10-20 11:30:00,0.002189301010089158
2025-10-20 12:30:00,0.0010617353389276874
2025-10-20 13:30:00,0.0007214885302876703
2025-10-20 14:30:00,-0.0007357259640948574
2025-10-20 15:30:00,0.00042052743395045155
2025-10-21 09:30:00,0.0006403613487692348
2025-10-21 10:30:00,0.003474399811674321
2025-10-21 11:30:00,-0.003180841329958535
2025-10-21 12:30:00,0.0036302738788206793
2025-10-21 13:30:00,-0.0013023662626276602
2025-10-21 14:30:00,0.0009897191077919212
2025-10-21 15:30:00,-0.006393450576798599
2025-10-22 09:30:00,-0.010117584516530116
2025-10-22 10:30:00,0.005162105806106218
2025-10-22 11:30:00,5.803646812259457e-05
2025-10-22 12:30:00,0.0035773865160975346
2025-10-22 13:30:00,0.006462954416175904
2025-10-22 14:30:00,-0.00218646174027491
2025-10-22 15:30:00,0.01354660127901472
2025-10-23 09:30:00,-0.00039060728176579766
2025-10-23 10:30:00,-0.0007451393189730982
2025-10-23 11:30:00,0.0008127786019875318
2025-10-23 12:30:00,0.0011411997905201767
2025-10-23 13:30:00,2.712935577098493e-05
2025-10-23 14:30:00,-0.0007243551089941114
2025-10-23 15:30:00,0.007331941077915319
2025-10-24 09:30:00,-0.0007027184049041959
2025-10-24 10:30:00,-0.0028978455856636374
2025-10-24 11:30:00,0.0002987756055182078
2025-10-24 12:30:00,0.001847081960480586
2025-10-24 13:30:00,0.0011885968268796013
2025-10-24 14:30:00,-0.0006967358093055217
2025-10-24 15:30:00,0.0019335350410924217
2025-10-27 09:30:00,0.0023357424068719494
2025-10-27 10:30:00,0.0009240589385353745
2025-10-27 11:30:00,-0.00030709318394026545
2025-10-27 12:30:00,0.00042458139441724387
2025-10-27 13:30:00,0.0021255828299963798
2025-10-27 14:30:00,0.0004970552522888098
2025-10-27 15:30:00,-0.0033446825411594058
2025-10-28 09:30:00,-0.002430098876860086
2025-10-28 10:30:00,-0.0011150031472146656
2025-10-28 11:30:00,-0.0013801023014010701
2025-10-28 12:30:00,-0.0005495008238253965
2025-10-28 13:30:00,-0.0008780923207020228
2025-10-28 14:30:00,-0.003120259568993707
2025-10-28 15:30:00,-0.002982862059234058
2025-10-29 09:30:00,-0.0012716631688432147
2025-10-29 10:30:00,0.001659409878644823
2025-10-29 11:30:00,-3.645868052345969e-05
2025-10-29 12:30:00,-0.005145723389691989
2025-10-29 13:30:00,-0.003472228562536561
2025-10-29 14:30:00,-0.001690153048820782
2025-10-29 15:30:00,0.009304695634428334
2025-10-30 09:30:00,0.0009183913484171554
2025-10-30 10:30:00,0.0008202463613565999
2025-10-30 11:30:00,-0.003182195648159394
2025-10-30 12:30:00,-0.0038361318056599728
2025-10-30 13:30:00,-0.0037706392607966847
2025-10-30 14:30:00,-0.0030315496054947114
2025-10-30 15:30:00,-0.0038614812361343616
2025-10-31 09:30:00,-0.0005087445653820297
2025-10-31 10:30:00,0.0030991327055359696
2025-10-31 11:30:00,-0.0022571745499861805
2025-10-31 12:30:00,-0.000526049947191146
2025-10-31 13:30:00,0.0033536671863420037
2025-10-31 14:30:00,-0.0007299921800081028
2025-10-31 15:30:00,-0.015516632635358919
2025-11-03 09:30:00,0.0029252870426799893
2025-11-03 10:30:00,4.744860828289001e-05
2025-11-03 11:30:00,-0.0019035369022679365
2025-11-03 12:30:00,0.004085270973659166
2025-11-03 13:30:00,0.0010216182337865623
2025-11-03 14:30:00,-0.0005991514143136318
2025-11-03 15:30:00,-0.0035510431433908836
2025-11-04 09:30:00,-0.0013574103211701223
2025-11-04 10:30:00,0.001411280232070775
2025-11-04 11:30:00,7.83051454270229e-05
2025-11-04 12:30:00,0.0004967767518928207
2025-11-04 13:30:00,-0.002142879224728397
2025-11-04 14:30:00,-0.0008290490480616442
2025-11-04 15:30:00,-0.0032039752571543802
2025-11-05 09:30:00,-0.0017218734207677395
2025-11-05 10:30:00,0.008080950691432507
2025-11-05 11:30:00,0.0009495137071367854
2025-11-05 12:30:00,0.000995941972340158
2025-11-05 13:30:00,-0.002405350217343389
2025-11-05 14:30:00,-0.003310282761868141
2025-11-05 15:30:00,-0.007266984926587212
2025-11-06 09:30:00,-0.007840137693580001
2025-11-06 10:30:00,-0.0005504791065331552
2025-11-06 11:30:00,0.0015481424315787952
2025-11-06 12:30:00,0.004073868837114765
2025-11-06 13:30:00,0.0013931026892275585
2025-11-06 14:30:00,-0.006209459562340344
2025-11-06 15:30:00,0.00022545121018025834
2025-11-07 09:30:00,-0.005611080256858943
2025-11-07 10:30:00,-0.0004441439538950302
2025-11-07 11:30:00,0.002756965066014275
2025-11-07 12:30:00,0.0010565346852821284
2025-11-07 13:30:00,0.005534322458016614
2025-11-07 14:30:00,0.00469913296954984
2025-11-07 15:30:00,0.004192380194584545
2025-11-10 09:30:00,-0.0029916380230188507
2025-11-10 10:30:00,0.003974205256323561
2025-11-10 11:30:00,0.0020712153625022534
2025-11-10 12:30:00,0.0016635191506210404
2025-11-10 13:30:00,0.0008456183928649777
2025-11-10 14:30:00,-0.0007749448230423337
2025-11-10 15:30:00,-0.0011150832685456124
2025-11-11 09:30:00,0.0011810606055225746
2025-11-11 10:30:00,0.006356729817428817
2025-11-11 11:30:00,0.002443215190104784
2025-11-11 12:30:00,-0.002667412078748546
2025-11-11 13:30:00,0.0023218300983410133
2025-11-11 14:30:00,-0.0015462702186030987
2025-11-11 15:30:00,0.010658432914050402
2025-11-12 09:30:00,0.0020430168324185216
2025-11-12 10:30:00,0.0
2025-11-12 11:30:00,0.0024826453950755234
2025-11-12 12:30:00,-0.002306252304828681
2025-11-12 13:30:00,-0.0017972225062750837
2025-11-12 14:30:00,-0.0044785655919188285
2025-11-12 15:30:00,-0.0006641139850364822
2025-11-13 09:30:00,-0.003574172849440249
2025-11-13 10:30:00,0.0002782223371069845
2025-11-13 11:30:00,-0.004720898620581412
2025-11-13 12:30:00,0.0007719006927530153
2025-11-13 13:30:00,-0.0021030499418262707
2025-11-13 14:30:00,0.0010748657133182085
2025-11-13 15:30:00,0.0006945040200457546
2025-11-14 09:30:00,0.01428254145424311
2025-11-14 10:30:00,-0.0003770317940203907
2025-11-14 11:30:00,-0.0055477494859622585
2025-11-14 12:30:00,-0.0007296188355462777
2025-11-14 13:30:00,-0.0034832864502849677
2025-11-14 14:30:00,-0.001983621953683844
2025-11-14 15:30:00,0.003286371863247846
2025-11-17 09:30:00,-0.004769559655488934
2025-11-17 10:30:00,0.0016962391675688585
2025-11-17 11:30:00,-0.007624580048273112
2025-11-17 12:30:00,-0.00785156826411299
2025-11-17 13:30:00,-0.004836072286283717
2025-11-17 14:30:00,0.0018457076543811225
2025-11-17 15:30:00,-0.007662814253803228
2025-11-18 09:30:00,0.007370167678759213
2025-11-18 10:30:00,-0.006013238112106455
2025-11-18 11:30:00,0.011084823988545956
2025-11-18 12:30:00,-0.0026071356995806746
2025-11-18 13:30:00,-0.002384919829354645
2025-11-18 14:30:00,-0.003782770825740225
2025-11-18 15:30:00,0.0009596941510881799
2025-11-19 09:30:00,-0.0058586783689584055
2025-11-19 10:30:00,0.0007479478196139466
2025-11-19 11:30:00,0.0020546863591445353
2025-11-19 12:30:00,-0.002402179797025573
2025-11-19 13:30:00,0.005046837386640196
2025-11-19 14:30:00,-0.001751757685842813
2025-11-19 15:30:00,0.00992072747761213
2025-11-20 09:30:00,-0.012184548409834779
2025-11-20 10:30:00,-0.012478344806345501
2025-11-20 11:30:00,-0.000879869162695465
2025-11-20 12:30:00,-0.0050020642856888516
2025-11-20 13:30:00,-0.0025471559855961123
2025-11-20 14:30:00,-0.004945295901748665
2025-11-20 15:30:00,-0.00014437177629993662
2025-11-21 09:30:00,0.01390830233513789
2025-11-21 10:30:00,0.011197104858625235
2025-11-21 11:30:00,-0.006379960281400442
2025-11-21 12:30:00,0.00958815390338451
2025-11-21 13:30:00,-0.006067621741581334
2025-11-21 14:30:00,-0.0007964176807684744
2025-11-21 15:30:00,0.01570186916425849
2025-11-24 09:30:00,0.002995512713270692
2025-11-24 10:30:00,0.00011669392037876433
2025-11-24 11:30:00,-0.0012499643228006904
2025-11-24 12:30:00,-0.001441446941915953
2025-11-24 13:30:00,-0.0007731555983335439
2025-11-24 14:30:00,0.00027754896425393085
2025-11-24 15:30:00,-0.007339863096611622
2025-11-25 09:30:00,0.001028589860909167
2025-11-25 10:30:00,0.0012903205835230126
2025-11-25 11:30:00,0.00043921788466642935
2025-11-25 12:30:00,-0.0012135004185055333
2025-11-25 13:30:00,0.0027654691973925945
2025-11-25 14:30:00,-0.0024555649405270993
2025-11-25 15:30:00,0.00772228460809692
2025-11-26 09:30:00,0.0019749526503978483
2025-11-26 10:30:00,0.00012665494110982752
2025-11-26 11:30:00,0.0018699922010974915
2025-11-26 12:30:00,-0.005053618305510234
2025-11-26 13:30:00,0.00237900756026411
2025-11-26 14:30:00,-0.0023522387159141812
2025-11-26 15:30:00,0.008486091097895318
2025-11-28 09:30:00,-0.0024122584163774243
2025-11-28 10:30:00,-0.004821263290617791
2025-11-28 11:30:00,-7.692307692307693e-05
2025-11-28 12:30:00,-0.00944693963112381
2025-12-01 09:30:00,0.005955880834760338
2025-12-01 10:30:00,-0.0007473227012860848
2025-12-01 11:30:00,0.0015861877629458764
2025-12-01 12:30:00,-0.0031915026841152086
2025-12-01 13:30:00,-0.0016858612112015028
2025-12-01 14:30:00,-0.004661362175844832
2025-12-01 15:30:00,-0.004642200026415048
2025-12-02 09:30:00,0.0011847953585503255
2025-12-02 10:30:00,-0.0004744316749883938
2025-12-02 11:30:00,-0.0021457971363313248
2025-12-02 12:30:00,-0.0009509372767493046
2025-12-02 13:30:00,0.0012513125857053246
2025-12-02 14:30:00,-0.0016335340359317102
2025-12-02 15:30:00,3.039261515700017e-05
2025-12-03 09:30:00,-0.004623726265860667
2025-12-03 10:30:00,-5.565911114961599e-06
2025-12-03 11:30:00,-0.0007335093532076423
2025-12-03 12:30:00,-0.0006939508325898443
2025-12-03 13:30:00,-0.00010169043722611039
2025-12-03 14:30:00,-0.00031702070100879913
2025-12-03 15:30:00,-0.0006669556087232317
2025-12-04 09:30:00,-5.513656559248514e-05
2025-12-04 10:30:00,0.0014152677730324519
2025-12-04 11:30:00,0.0007379519551049002
2025-12-04 12:30:00,-0.0030895070819333447
2025-12-04 13:30:00,0.0005122010582092822
2025-12-04 14:30:00,0.001154592799957844
2025-12-04 15:30:00,-0.006846737081601261
2025-12-05 09:30:00,0.002004222363303306
2025-12-05 10:30:00,-0.0038224718745292516
2025-12-05 11:30:00,0.0020658555328256197
2025-12-05 12:30:00,-0.00020456355113725308
2025-12-05 13:30:00,-0.0003983846066618064
2025-12-05 14:30:00,-0.0037548545311948314
2025-12-05 15:30:00,0.0019052429903805008
2025-12-08 09:30:00,0.00713590824817866
2025-12-08 10:30:00,0.0005297632823765769
2025-12-08 11:30:00,-0.0027314430801275748
2025-12-08 12:30:00,-0.002063479342013826
2025-12-08 13:30:00,-0.0013795170054324236
2025-12-08 14:30:00,0.0006942209797661086
2025-12-08 15:30:00,7.608445152017648e-05
2025-12-09 09:30:00,0.0017338561762754972
2025-12-09 10:30:00,-0.0009326439499605777
2025-12-09 11:30:00,-0.0011419191906834516
2025-12-09 12:30:00,-0.0005269636498586399
2025-12-09 13:30:00,-0.00203616717570373
2025-12-09 14:30:00,8.088687049295048e-05
2025-12-09 15:30:00,-0.001167031228814291
2025-12-10 09:30:00,0.0017211668851773991
2025-12-10 10:30:00,-2.265003819304565e-05
2025-12-10 11:30:00,-0.0005052319813375253
2025-12-10 12:30:00,-0.001865336634359718
2025-12-10 13:30:00,0.002391056819405045
2025-12-10 14:30:00,-0.001084116984303484
2025-12-10 15:30:00,0.007425645219572095
2025-12-11 09:30:00,-0.0003431074443204837
2025-12-11 10:30:00,0.0009478507522822345
2025-12-11 11:30:00,-0.001735011938933194
2025-12-11 12:30:00,0.0015096412712768638
2025-12-11 13:30:00,-0.0020555035978325666
2025-12-11 14:30:00,-0.00033007302629795856
2025-12-11 15:30:00,-0.0031496525266940713
2025-12-12 09:30:00,-0.0014488174830267122
2025-12-12 10:30:00,0.001938593051648188
2025-12-12 11:30:00,0.0023583324690317807
2025-12-12 12:30:00,-0.0042375355714462555
2025-12-12 13:30:00,-0.0003275995734282738
2025-12-12 14:30:00,0.0012678323868958342
2025-12-12 15:30:00,-0.0012468284764019107
2025-12-15 09:30:00,0.0030835988478711837
2025-12-15 10:30:00,-0.004418411285220897
2025-12-15 11:30:00,-0.0012180034008050077
2025-12-15 12:30:00,0.001662075055429946
2025-12-15 13:30:00,0.0017183720402782227
2025-12-15 14:30:00,0.00030859935521387953
2025-12-15 15:30:00,-0.012747034699146257
2025-12-16 09:30:00,-0.002848706747466742
2025-12-16 10:30:00,0.0014173011286518814
2025-12-16 11:30:00,-0.0025189364815775025
2025-12-16 12:30:00,0.0004313182717260927
2025-12-16 13:30:00,0.003944278234896999
2025-12-16 14:30:00,-0.001586006574782819
2025-12-16 15:30:00,0.009637042932125412
2025-12-17 09:30:00,-0.0021721840456682597
2025-12-17 10:30:00,-0.0036057663483289575
2025-12-17 11:30:00,-0.0020511615943345288
2025-12-17 12:30:00,0.0014949282863514317
2025-12-17 13:30:00,0.0017613188531043977
2025-12-17 14:30:00,0.0008647067849565783
2025-12-17 15:30:00,0.01525376858346526
2025-12-18 09:30:00,-0.002316878791410181
2025-12-18 10:30:00,-0.007336879987376979
2025-12-18 11:30:00,0.004308583963487278
2025-12-18 12:30:00,-0.005297667889469063
2025-12-18 13:30:00,-6.719820505772356e-05
2025-12-18 14:30:00,0.0008370755592789373
2025-12-18 15:30:00,0.011654602470935473
2025-12-19 09:30:00,-0.00010733290530252505
2025-12-19 10:30:00,0.001025314939219217
2025-12-19 11:30:00,0.000896115142675972
2025-12-19 12:30:00,-0.0008317437753082297
2025-12-19 13:30:00,-0.001762945183281418
2025-12-19 14:30:00,-5.0295311564900106e-05
2025-12-19 15:30:00,0.006152129010771655
2025-12-22 09:30:00,0.0017860185674916404
2025-12-22 10:30:00,-0.0012879569254182917
2025-12-22 11:30:00,0.0007623067296686837
2025-12-22 12:30:00,-0.0024521993888016857
2025-12-22 13:30:00,0.0003578657732501034
2025-12-22 14:30:00,-0.0003126052026326248
2025-12-22 15:30:00,-0.0060746366050476504
2025-12-23 09:30:00,-0.0010570973330580732
2025-12-23 10:30:00,-0.000531200507465721
2025-12-23 11:30:00,0.00038696694984229724
2025-12-23 12:30:00,-0.00034028652230674394
2025-12-23 13:30:00,-0.0007595651144236548
2025-12-23 14:30:00,-0.00028103865451392716
2025-12-23 15:30:00,0.006914595930942862
2025-12-24 09:30:00,0.0018485648231817784
2025-12-24 10:30:00,0.0011834508439279008
2025-12-24 11:30:00,-7.692307692307693e-05
2025-12-24 12:30:00,0.0009497771302843769
2025-12-26 09:30:00,-0.003169230178888671
2025-12-26 10:30:00,0.0006061505879903147
2025-12-26 11:30:00,-0.00041422747256447825
2025-12-26 12:30:00,-0.00025170068881496225
2025-12-26 13:30:00,0.0023042975460656344
2025-12-26 14:30:00,0.0006266857520087018
2025-12-26 15:30:00,-0.003948152881534412
2025-12-29 09:30:00,-0.0007696534254725188
2025-12-29 10:30:00,-0.001119992823103853
2025-12-29 11:30:00,0.0003384910520647093
2025-12-29 12:30:00,-0.0008923468000619622
2025-12-29 13:30:00,0.001562986698155697
2025-12-29 14:30:00,-0.0014724363408602074
2025-12-29 15:30:00,-0.001187524178517649
2025-12-30 09:30:00,0.0015611426208661787
2025-12-30 10:30:00,-0.0015786236521340535
2025-12-30 11:30:00,5.413768701212472e-05
2025-12-30 12:30:00,-0.0007484181189995315
2025-12-30 13:30:00,-0.0007570312079492517
2025-12-30 14:30:00,-0.0017497826465481588
2025-12-30 15:30:00,-0.002416414112036888
2025-12-31 09:30:00,-0.0008350927041760129
2025-12-31 10:30:00,-0.00032780434542359875
2025-12-31 11:30:00,2.51750709968725e-07
2025-12-31 12:30:00,-0.0005626870904520546
2025-12-31 13:30:00,-0.004794813439027055
2025-12-31 14:30:00,-0.0003315449892700978
2025-12-31 15:30:00,0.0029411414088666796
2026-01-02 09:30:00,0.002818300570479544
2026-01-02 10:30:00,-0.0015125064614999214
2026-01-02 11:30:00,-0.004896473843733698
2026-01-02 12:30:00,0.006112615345776408
2026-01-02 13:30:00,0.0006586998218926813
2026-01-02 14:30:00,-0.0019742039218898543
2026-01-02 15:30:00,0.0108366114940554
2026-01-05 09:30:00,0.001359193117347283
2026-01-05 10:30:00,0.005504621742435685
2026-01-05 11:30:00,-0.002427783268727066
2026-01-05 12:30:00,0.0027118696426935165
2026-01-05 13:30:00,-0.0030986556814878753
2026-01-05 14:30:00,-0.0013892253854302656
2026-01-05 15:30:00,-0.0019032824865911353
2026-01-06 09:30:00,-0.0016983794408224069
2026-01-06 10:30:00,0.0021047329443275795
2026-01-06 11:30:00,0.0023583309078133836
2026-01-06 12:30:00,0.003681179500539998
2026-01-06 13:30:00,0.00046341178778777024
2026-01-06 14:30:00,-0.0009561314066992896
2026-01-06 15:30:00,-0.009189831906507741
2026-01-07 09:30:00,0.0028905151878401603
2026-01-07 10:30:00,0.0012787742303004236
2026-01-07 11:30:00,-0.0019343807198110977
2026-01-07 12:30:00,0.0013875606522982045
2026-01-07 13:30:00,-0.0023280766336434004
2026-01-07 14:30:00,-0.0011530471035441096
2026-01-07 15:30:00,0.012926012421787779
2026-01-08 09:30:00,8.374921778354388e-05
2026-01-08 10:30:00,0.0017507997762156897
2026-01-08 11:30:00,0.00016612857816636188
2026-01-08 12:30:00,0.00015466475076792455
2026-01-08 13:30:00,-0.0005457544440912153
2026-01-08 14:30:00,7.3460494264823e-05
2026-01-08 15:30:00,0.002214775255458123
2026-01-09 09:30:00,0.0019916790698339183
2026-01-09 10:30:00,9.977996163626657e-05
2026-01-09 11:30:00,0.0001760798694473648
2026-01-09 12:30:00,0.00036785296285781784
2026-01-09 13:30:00,-0.0012867772226110834
2026-01-09 14:30:00,-0.0011678528857269328
2026-01-09 15:30:00,0.0039319551638520665
2026-01-12 09:30:00,-0.0008776031020216851
2026-01-12 10:30:00,0.0007772890881764139
2026-01-12 11:30:00,0.0015231923804274663
2026-01-12 12:30:00,-0.0025518840842849765
2026-01-12 13:30:00,3.971626575948848e-05
2026-01-12 14:30:00,0.0028003886848084834
2026-01-12 15:30:00,-0.006233580284734567
2026-01-13 09:30:00,-0.0020739004307898127
2026-01-13 10:30:00,-0.0005908968938853951
2026-01-13 11:30:00,-0.0011920805098437212
2026-01-13 12:30:00,0.0003624408289022735
2026-01-13 13:30:00,-0.0031395453389570826
2026-01-13 14:30:00,-0.0002882523927995472
2026-01-13 15:30:00,-0.004438240122874939
2026-01-14 09:30:00,-0.001128893988548285
2026-01-14 10:30:00,-0.0037471168371787274
2026-01-14 11:30:00,0.0018111130009913206
2026-01-14 12:30:00,0.0012778765292695646
2026-01-14 13:30:00,0.0016318169758346244
2026-01-14 14:30:00,0.0011523936394548882
2026-01-14 15:30:00,-0.0043334862307956145
2026-01-15 09:30:00,-0.0006220182945234669
2026-01-15 10:30:00,-0.0014073939507254576
2026-01-15 11:30:00,-0.0004617881086544768
2026-01-15 12:30:00,0.0006050803517254633
2026-01-15 13:30:00,-0.003664157953545909
2026-01-15 14:30:00,0.00232547343973267
2026-01-15 15:30:00,-0.004010779332060487
2026-01-16 09:30:00,-0.0015621342728094074
2026-01-16 10:30:00,-0.000467144426499835
2026-01-16 11:30:00,0.0005564839544884193
2026-01-16 12:30:00,-0.004592042310639413
2026-01-16 13:30:00,-0.0010138938207596895
2026-01-16 14:30:00,-0.0012536317715892264
2026-01-16 15:30:00,-0.007643406625131825
2026-01-20 09:30:00,-0.0010628708615141227
2026-01-20 10:30:00,0.0004951069768847676
2026-01-20 11:30:00,-0.00421346066509934
2026-01-20 12:30:00,-0.004368523331521178
2026-01-20 13:30:00,-0.002743720812580241
2026-01-20 14:30:00,0.0011356163534526934
2026-01-20 15:30:00,0.00865564906590869
2026-01-21 09:30:00,-0.0021167720288768357
2026-01-21 10:30:00,-0.004668621412256131
2026-01-21 11:30:00,0.0008512560261368539
2026-01-21 12:30:00,0.007153007960504881
2026-01-21 13:30:00,-0.0010740009793381842
2026-01-21 14:30:00,0.001337592411700085
2026-01-21 15:30:00,0.007809577430790495
2026-01-22 09:30:00,-0.0007973511082209809
2026-01-22 10:30:00,0.000834601403799009
2026-01-22 11:30:00,-0.001980183571679315
2026-01-22 12:30:00,-0.0017314242043540407
2026-01-22 13:30:00,-0.002774755837210902
2026-01-22 14:30:00,0.0004883365446982177
2026-01-22 15:30:00,-0.0017926683758453805
2026-01-23 09:30:00,-0.0014034359474326197
2026-01-23 10:30:00,0.002261035419770949
2026-01-23 11:30:00,-0.0030950808955848954
2026-01-23 12:30:00,0.004351078698623539
2026-01-23 13:30:00,0.0010371418806795363
2026-01-23 14:30:00,0.0018581345679130907
2026-01-23 15:30:00,0.004619516995123641
2026-01-26 09:30:00,-0.000515304142769961
2026-01-26 10:30:00,0.00010918448191697595
2026-01-26 11:30:00,0.0026314920675229903
2026-01-26 12:30:00,-0.001224882693229182
2026-01-26 13:30:00,-0.0005766649788730064
2026-01-26 14:30:00,-0.0011299671393045965
2026-01-26 15:30:00,-0.0018955949806890465
2026-01-27 09:30:00,0.001099197001162066
2026-01-27 10:30:00,-0.004567847034173785
2026-01-27 11:30:00,-0.0026956371810012134
2026-01-27 12:30:00,0.004365671908458832
2026-01-27 13:30:00,-0.0011450725126641
2026-01-27 14:30:00,-0.0003764946271414401
2026-01-27 15:30:00,3.457644168079227e-05
2026-01-28 09:30:00,0.004239189984875433
2026-01-28 10:30:00,-0.0015190063770016944
2026-01-28 11:30:00,-0.0011869411025591488
2026-01-28 12:30:00,-0.004219281671584009
2026-01-28 13:30:00,0.0022569406487193003
2026-01-28 14:30:00,0.0011211744395955255
2026-01-28 15:30:00,-0.0006147062808188121
2026-01-29 09:30:00,0.0007433784695695752
2026-01-29 10:30:00,-0.003909648007073432
2026-01-29 11:30:00,0.0004904028444234481
2026-01-29 12:30:00,0.0009329214138928114
2026-01-29 13:30:00,-0.002435941162326392
2026-01-29 14:30:00,0.005411894976812448
2026-01-29 15:30:00,-0.008607637463721597
2026-01-30 09:30:00,0.0003883066485316409
2026-01-30 10:30:00,0.0006099126553935346
2026-02-02 13:30:00,-0.0027813478511826677
2026-02-02 14:30:00,5.9230954350537806e-05
2026-02-02 15:30:00,-0.0010707676406495731
2026-02-03 09:30:00,-0.004238047693453078
2026-02-03 10:30:00,-0.002382708627081711
2026-02-03 11:30:00,-0.003912388161478413
2026-02-03 12:30:00,-0.001668458418891927
2026-02-03 13:30:00,0.003464660281403325
2026-02-03 14:30:00,0.0013927977311511267
2026-02-03 15:30:00,0.007221553813450591
2026-02-04 09:30:00,-0.002680607297620655
2026-02-04 10:30:00,-0.005684873684851207
2026-02-04 11:30:00,0.002705879140948314
2026-02-04 12:30:00,0.0005479996571672671
2026-02-04 13:30:00,0.002026780471601687
2026-02-04 14:30:00,-0.003221043098885623
2026-02-04 15:30:00,-0.016643001779040385
2026-02-05 09:30:00,0.002485143101341307
2026-02-05 10:30:00,0.007197308460349439
2026-02-05 11:30:00,-0.006931859730938803
2026-02-05 12:30:00,-0.0010806587700937552
2026-02-05 13:30:00,-0.0023717036288864925
2026-02-05 14:30:00,0.003424344730855781
2026-02-05 15:30:00,0.019640409119314473
2026-02-06 09:30:00,0.009180723670820162
2026-02-06 10:30:00,0.00033413502448092927
2026-02-06 11:30:00,0.0026055625575024588
2026-02-06 12:30:00,0.0011436234513017957
2026-02-06 13:30:00,0.0007024185045247104
2026-02-06 14:30:00,0.0019475455824154628
2026-02-06 15:30:00,-0.0002972327692032025
2026-02-09 09:30:00,0.0020795469861876873
2026-02-09 10:30:00,0.0009968638969690717
2026-02-09 11:30:00,0.0019352940239178388
2026-02-09 12:30:00,-0.002523429372845963
2026-02-09 13:30:00,-0.001269336280314835
2026-02-09 14:30:00,-0.0023245611601868947
2026-02-09 15:30:00,0.007356393691522601
2026-02-10 09:30:00,0.002934142257884399
2026-02-10 10:30:00,-0.0012364488756348708
2026-02-10 11:30:00,-0.006388494863883327
2026-02-10 12:30:00,0.0031603307900578315
2026-02-10 13:30:00,-0.0002833250007341871
2026-02-10 14:30:00,-0.0018304415538783394
2026-02-10 15:30:00,-0.007205870791220385
2026-02-11 09:30:00,-7.788761553266544e-05
2026-02-11 10:30:00,0.0006543270185562466
2026-02-11 11:30:00,0.0003482200790719234
2026-02-11 12:30:00,-0.0017602816779160226
2026-02-11 13:30:00,-0.002024109596925191
2026-02-11 14:30:00,-0.0008769046734261291
2026-02-11 15:30:00,-0.0119225418319413
2026-02-12 09:30:00,-0.007055302622936743
2026-02-12 10:30:00,-3.979027553589587e-05
2026-02-12 11:30:00,0.005948409831019787
2026-02-12 12:30:00,0.004771317914074415
2026-02-12 13:30:00,0.009598093323015401
2026-02-12 14:30:00,-0.0026743573976954673
2026-02-12 15:30:00,0.011069545107252263
2026-02-13 09:30:00,0.005249729432829539
2026-02-13 10:30:00,0.00551144768731702
2026-02-13 11:30:00,0.00040271673215214356
2026-02-13 12:30:00,-0.0019971682254005885
2026-02-13 13:30:00,-0.006808735340203011
2026-02-13 14:30:00,0.0007744567249218809
2026-02-13 15:30:00,0.00251999641751568
2026-02-17 09:30:00,0.006618716691366558
2026-02-17 10:30:00,0.0007512280923830777
2026-02-17 11:30:00,-0.0025466636676863105
2026-02-17 12:30:00,0.0022502763091242673
2026-02-17 13:30:00,0.0005490809684579933
2026-02-17 14:30:00,-0.0012048666830739357
2026-02-17 15:30:00,0.01027253138347636
2026-02-18 09:30:00,0.0027561222827922403
2026-02-18 10:30:00,0.0007450053752708079
2026-02-18 11:30:00,0.00018480747677159545
2026-02-18 12:30:00,0.0010598733617218307
2026-02-18 13:30:00,-0.000322892365665543
2026-02-18 14:30:00,0.0017158858364247926
2026-02-18 15:30:00,0.0029094153062263987
2026-02-19 09:30:00,-0.004440820767629597
2026-02-19 10:30:00,0.004434129563485574
2026-02-19 11:30:00,0.001263807224651534
2026-02-19 12:30:00,-0.00213645962527555
2026-02-19 13:30:00,-0.001659684192144749
2026-02-19 14:30:00,0.0008572536381113338
2026-02-19 15:30:00,0.006365698615651824
2026-02-20 09:30:00,-0.008666939308182478
2026-02-20 10:30:00,0.0004194635712858694
2026-02-20 11:30:00,0.003937881206686923
2026-02-20 12:30:00,0.004415093920161055
2026-02-20 13:30:00,-0.000897110420992468
2026-02-20 14:30:00,0.0017179750110350046
2026-02-20 15:30:00,-0.0027901807257255944
2026-02-23 09:30:00,-0.0009894564816806124
2026-02-23 10:30:00,-0.0022009826049398705
2026-02-23 11:30:00,0.004540283832859873
2026-02-23 12:30:00,-0.0036627472551378193
2026-02-23 13:30:00,0.0015809109358732613
2026-02-23 14:30:00,0.0011313496662241935
2026-02-23 15:30:00,0.01205408598203562
2026-02-24 09:30:00,-0.004320916866013157
2026-02-24 10:30:00,0.0024324217229805354
2026-02-24 11:30:00,0.0012083166692713077
2026-02-24 12:30:00,0.0002947078270696749
2026-02-24 13:30:00,-0.002400221846260435
2026-02-24 14:30:00,0.001677670755415481
2026-02-24 15:30:00,-0.001177935297939424
2026-02-25 09:30:00,0.002037853068479265
2026-02-25 10:30:00,0.0021697196542408946
2026-02-25 11:30:00,0.0016012036552976166
2026-02-25 12:30:00,0.0032885270207162302
2026-02-25 13:30:00,-0.0009593269858516035
2026-02-25 14:30:00,0.000636684932604357
2026-02-25 15:30:00,0.0033558791065949043
2026-02-26 09:30:00,-3.524852488468748e-05
2026-02-26 10:30:00,-0.00297463969510636
2026-02-26 11:30:00,0.004099956669182727
2026-02-26 12:30:00,0.001805161252962623
2026-02-26 13:30:00,0.0021513100358908524
2026-02-26 14:30:00,0.00013622698058702616
2026-02-26 15:30:00,-0.0009920206640416777
2026-02-27 09:30:00,-0.0015524281955714497
2026-02-27 10:30:00,-0.0039055353042637127
2026-02-27 11:30:00,0.0026639812783720808
2026-02-27 12:30:00,-0.00045595992065623975
2026-02-27 13:30:00,0.0026758984413160413
2026-02-27 14:30:00,0.002039787385602237
2026-02-27 15:30:00,-0.0017876511828470757
2026-03-02 09:30:00,-0.001571295813916539
2026-03-02 10:30:00,0.0052382836603835
2026-03-02 11:30:00,0.002382088664720375
2026-03-02 12:30:00,0.0005063515010992312
2026-03-02 13:30:00,-0.002220991269888053
2026-03-02 14:30:00,-0.0002973549610365528
2026-03-02 15:30:00,-0.038581164577391816
2026-03-03 09:30:00,0.008221022629485365
2026-03-03 10:30:00,0.006901599111634913
2026-03-03 11:30:00,-0.00036557859331043694
2026-03-03 12:30:00,-0.0015871614985200563
2026-03-03 13:30:00,0.000906222660704015
2026-03-03 14:30:00,-0.0027261916888593266
2026-03-03 15:30:00,0.01532738892476779
2026-03-04 09:30:00,-0.007281237050747717
2026-03-04 10:30:00,0.002254742686538783
2026-03-04 11:30:00,-0.0006365011293805812
2026-03-04 12:30:00,0.0010633186662017849
2026-03-04 13:30:00,0.001595231033367681
2026-03-04 14:30:00,-0.0009052271207617893
2026-03-04 15:30:00,-0.01894450561314308
2026-03-05 09:30:00,-0.0024394384820351275
2026-03-05 10:30:00,-0.0033361105429906587
2026-03-05 11:30:00,-0.0011587181778058286
2026-03-05 12:30:00,-0.00060991652085502
2026-03-05 13:30:00,0.005600033678501759
2026-03-05 14:30:00,-0.0014435749678482783
2026-03-05 15:30:00,-0.010923710571273833
2026-03-06 09:30:00,0.0003696022746027144
2026-03-06 10:30:00,-0.004677927972381185
2026-03-06 11:30:00,0.0006188271927177524
2026-03-06 12:30:00,0.0012852652714523492
2026-03-06 13:30:00,-0.0021495142534527626
2026-03-06 14:30:00,-0.0014112120674637184
2026-03-06 15:30:00,-0.013494138206992743
2026-03-09 09:30:00,0.009752375163641367
2026-03-09 10:30:00,0.0034723480337165596
2026-03-09 11:30:00,-0.0001381435928092059
2026-03-09 12:30:00,0.0041813140860126
2026-03-09 13:30:00,0.013185315560799696
2026-03-09 14:30:00,0.0012964736783164777
2026-03-09 15:30:00,-0.0026621754802956398
2026-03-10 09:30:00,0.005115024960579796
2026-03-10 10:30:00,0.0005433588132723505
2026-03-10 11:30:00,0.0024771843726059265
2026-03-10 12:30:00,-0.005973146707478041
2026-03-10 13:30:00,-0.0009569235772745513
2026-03-10 14:30:00,-0.00411302093271289
2026-03-10 15:30:00,-0.008016656578267516
2026-03-11 09:30:00,0.0018023755942787316
2026-03-11 10:30:00,0.0012524732419827989
2026-03-11 11:30:00,0.004307166262316835
2026-03-11 12:30:00,-0.0032255378250168345
2026-03-11 13:30:00,-0.0023198824431298875
2026-03-11 14:30:00,0.0006940507246633742
2026-03-11 15:30:00,-0.0028050477489315797
2026-03-12 09:30:00,0.0004561493639660366
2026-03-12 10:30:00,-0.004817689100156769
2026-03-12 11:30:00,-0.0009320445964864517
2026-03-12 12:30:00,-0.003796988446656712
2026-03-12 13:30:00,-0.002878454635048173
2026-03-12 14:30:00,-0.0031881952384014206
2026-03-12 15:30:00,0.006973079017576571
2026-03-13 09:30:00,-0.002570906732001509
2026-03-13 10:30:00,-0.0006316634873098061
2026-03-13 11:30:00,0.0020389124892860916
2026-03-13 12:30:00,-0.002259539014049305
2026-03-13 13:30:00,0.0010983685963523943
2026-03-13 14:30:00,-0.0010355041331938828
2026-03-13 15:30:00,0.015519019320411
2026-03-16 09:30:00,-0.0041116299140519655
2026-03-16 10:30:00,-0.004195447305601128
2026-03-16 11:30:00,0.001618387806362798
2026-03-16 12:30:00,-0.0001702507593967073
2026-03-16 13:30:00,-0.0012404659585981605
2026-03-16 14:30:00,-0.0008199313401502534
2026-03-16 15:30:00,0.007418121551726539
2026-03-17 09:30:00,0.001280032243634925
2026-03-17 10:30:00,-0.002760102817551138
2026-03-17 11:30:00,0.0006584216117820612
2026-03-17 12:30:00,-0.0035313327134542574
2026-03-17 13:30:00,-8.676577381051421e-05
2026-03-17 14:30:00,-0.0018972401413417468
2026-03-17 15:30:00,-0.011101899125544695
2026-03-18 09:30:00,0.0028876022145006073
2026-03-18 10:30:00,-0.0001304541398638746
2026-03-18 11:30:00,-0.004507030905057099
2026-03-18 12:30:00,-0.0017150746769138963
2026-03-18 13:30:00,-0.0018060619806559066
2026-03-18 14:30:00,-0.0015000770547461276
2026-03-18 15:30:00,0.005319718190100396
2026-03-19 09:30:00,0.00036379217248715356
2026-03-19 10:30:00,-0.0022450738915073456
2026-03-19 11:30:00,-0.0023364858090749864
2026-03-19 12:30:00,-0.0006098186763463317
2026-03-19 13:30:00,0.004220584760630006
2026-03-19 14:30:00,-0.0002926036877950986
2026-03-19 15:30:00,-0.006836134544046281
2026-03-20 09:30:00,0.0011505428426372393
2026-03-20 10:30:00,-0.0030424688682184117
2026-03-20 11:30:00,0.0022725598579031764
2026-03-20 12:30:00,-0.006174239237456627
2026-03-20 13:30:00,-0.0055707486341407975
2026-03-20 14:30:00,-0.00040385291064822497
2026-03-20 15:30:00,0.01345480321151036
2026-03-23 09:30:00,0.004854880118788293
2026-03-23 10:30:00,-0.006678557541366401
2026-03-23 11:30:00,0.004417784613374951
2026-03-23 12:30:00,0.0047853923050810016
2026-03-23 13:30:00,-0.0035002925183015834
2026-03-23 14:30:00,-0.001777386856673758
2026-03-23 15:30:00,0.009099628446115433
2026-03-24 09:30:00,0.0013151567608490652
2026-03-24 10:30:00,-0.0014374115024421812
2026-03-24 11:30:00,-0.003388547398294642
2026-03-24 12:30:00,-0.0006613975735007258
2026-03-24 13:30:00,-0.002106652418565064
2026-03-24 14:30:00,-0.002751905730521436
2026-03-24 15:30:00,0.0038409173248348197
2026-03-25 09:30:00,-0.002558741184175812
2026-03-25 10:30:00,0.00017940005696477434
2026-03-25 11:30:00,0.0011151909556243653
2026-03-25 12:30:00,-0.0024525732104368034
2026-03-25 13:30:00,0.0008966434646192447
2026-03-25 14:30:00,-0.001543130025678643
2026-03-25 15:30:00,0.01698175292555272
2026-03-26 09:30:00,-0.0007544716407258562
2026-03-26 10:30:00,-0.003523134950861411
2026-03-26 11:30:00,7.927761569853708e-05
2026-03-26 12:30:00,-0.0014888422410439144
2026-03-26 13:30:00,-0.0010410602002860602
2026-03-26 14:30:00,0.0009887523748286584
2026-03-26 15:30:00,-0.010665365035960626
2026-03-27 09:30:00,0.005511433698545977
2026-03-27 10:30:00,-0.003655035899174033
2026-03-27 11:30:00,-0.006204127029653671
2026-03-27 12:30:00,0.001826181590728346
2026-03-27 13:30:00,-0.001256308039873067
2026-03-27 14:30:00,-0.00035482075709726774
2026-03-27 15:30:00,0.005419404242316914
2026-03-30 09:30:00,0.003143753465930013
2026-03-30 10:30:00,-0.003907370050844678
2026-03-30 11:30:00,-0.006849178894159992
2026-03-30 12:30:00,-0.004617790781071022
2026-03-30 13:30:00,-0.004221053473276338
2026-03-30 14:30:00,0.005060471075239876
2026-03-30 15:30:00,0.016438563325756415
2026-03-31 09:30:00,-0.002946431374890204
2026-03-31 10:30:00,0.0018772877629510496
2026-03-31 11:30:00,0.006700678675999266
2026-03-31 12:30:00,0.0013738377204404978
2026-03-31 13:30:00,0.006005828227989358
2026-03-31 14:30:00,0.005608947414285297
2026-03-31 15:30:00,-0.0045882372858402605
2026-04-01 09:30:00,-0.005807975032736708
2026-04-01 10:30:00,-0.0002897217788977656
2026-04-01 11:30:00,-0.0017419412876175093
2026-04-01 12:30:00,-0.0007580780844328791
2026-04-01 13:30:00,0.004944754877158347
2026-04-01 14:30:00,-0.0013452769500582242
2026-04-01 15:30:00,0.0013979888228352211
2026-04-02 09:30:00,0.0008152971963203084
2026-04-02 10:30:00,-0.006471161216762967
2026-04-02 11:30:00,0.0034659305724579217
2026-04-02 12:30:00,-0.0006204457978487017
2026-04-02 13:30:00,0.0015284689521381123
2026-04-02 14:30:00,0.0011533535512415107
2026-04-02 15:30:00,-0.004621212241662171
2026-04-06 09:30:00,0.0013802675959303228
2026-04-06 10:30:00,0.0023104656845074874
2026-04-06 11:30:00,0.0014435000923568285
2026-04-06 12:30:00,0.0015677785101021
2026-04-06 13:30:00,0.0014613256093056557
2026-04-06 14:30:00,0.002969290748384557
2026-04-06 15:30:00,-0.0002713172114356075
2026-04-07 09:30:00,-0.0029674417900933466
2026-04-07 10:30:00,0.0014358146206425936
2026-04-07 11:30:00,-0.003367569690731989
2026-04-07 12:30:00,0.0013362066377143648
2026-04-07 13:30:00,0.004917985499910284
2026-04-07 14:30:00,0.0005484038014979549
2026-04-07 15:30:00,0.027757456379032763
2026-04-08 09:30:00,-0.007623730507598654
2026-04-08 10:30:00,0.000584946115544602
2026-04-08 11:30:00,0.0016993745864121422
2026-04-08 12:30:00,0.0015809735682309214
2026-04-08 13:30:00,0.009592175337896448
2026-04-08 14:30:00,0.0021276485576875244
2026-04-08 15:30:00,0.00205865112810083
2026-04-09 09:30:00,-0.003838000658776949
2026-04-09 10:30:00,-0.015182074659584623
2026-04-09 11:30:00,-0.003104593522771239
2026-04-09 12:30:00,0.000113666031390902
2026-04-09 13:30:00,0.003336689882937106
2026-04-09 14:30:00,-0.0013765283139404332
2026-04-09 15:30:00,-0.014317128144100457
2026-04-10 09:30:00,0.00801210588547053
2026-04-10 10:30:00,0.004853553511524238
2026-04-10 11:30:00,-0.003343120977624006
2026-04-10 12:30:00,-0.003921877362286419
2026-04-10 13:30:00,0.006275326388766916
2026-04-10 14:30:00,0.00013267419340152168
2026-04-10 15:30:00,0.02490913436486218
2026-04-13 09:30:00,-0.001429975418315449
2026-04-13 10:30:00,0.0067792174500239995
2026-04-13 11:30:00,0.001224432460640902
2026-04-13 12:30:00,-0.0013377594951892514
2026-04-13 13:30:00,-0.0015178792462213616
2026-04-13 14:30:00,0.0024152973370136716
2026-04-13 15:30:00,0.00168246424890593
2026-04-14 09:30:00,-0.0021606610748923774
2026-04-14 10:30:00,0.0009817972483525455
2026-04-14 11:30:00,-0.0005855185696283784
2026-04-14 12:30:00,0.000190830326594947
2026-04-14 13:30:00,0.0044812456422049065
2026-04-14 14:30:00,-0.00475892209286347
2026-04-14 15:30:00,-0.0012184952565988086
2026-04-15 09:30:00,-0.004223435050630322
2026-04-15 10:30:00,-0.0025215142437688453
2026-04-15 11:30:00,0.0025692681748823785
2026-04-15 12:30:00,-0.0011563845457861744
2026-04-15 13:30:00,0.0008632719140650532
2026-04-15 14:30:00,-0.0024847015534298694
2026-04-15 15:30:00,0.00269121924448554
2026-04-16 09:30:00,-0.002030167893872735
2026-04-16 10:30:00,0.0008966815972500333
2026-04-16 11:30:00,-0.0021609844104037816
2026-04-16 12:30:00,0.0038249081593696253
2026-04-16 13:30:00,0.0030263261430024963
2026-04-16 14:30:00,0.0002895306036499249
2026-04-16 15:30:00,-0.003941014194229272
2026-04-17 09:30:00,0.0015950395316335542
2026-04-17 10:30:00,0.00224562280119572
2026-04-17 11:30:00,0.0021832155070944117
2026-04-17 12:30:00,0.0006646134011665803
2026-04-17 13:30:00,0.0007212954541894583
2026-04-17 14:30:00,-0.00019993608754094666
2026-04-17 15:30:00,0.005035588003013849
2026-04-20 09:30:00,0.0008642965237379038
2026-04-20 10:30:00,-0.0007137924284260103
2026-04-20 11:30:00,2.177749959233967e-05
2026-04-20 12:30:00,-0.001009400124875558
2026-04-20 13:30:00,-0.002196607853917854
2026-04-20 14:30:00,0.0006839907878016789
2026-04-20 15:30:00,-0.003117928591030047
2026-04-21 09:30:00,-0.0062095009751734955
2026-04-21 10:30:00,0.0006364790449381405
2026-04-21 11:30:00,-0.0026043782985491395
2026-04-21 12:30:00,-0.0017928818232411387
2026-04-21 13:30:00,-0.00010144721468285767
2026-04-21 14:30:00,-0.0024430718077361312
2026-04-21 15:30:00,-0.0027098445710274596
2026-04-22 09:30:00,-0.002244664282517167
2026-04-22 10:30:00,-0.005522331386845401
2026-04-22 11:30:00,0.000650892802934467
2026-04-22 12:30:00,-3.707921405016636e-05
2026-04-22 13:30:00,0.001431712123340141
2026-04-22 14:30:00,0.003454594847361517
2026-04-22 15:30:00,0.0013228002394746166
2026-04-23 09:30:00,-0.0014447172380115305
2026-04-23 10:30:00,-0.0030901341482968037
2026-04-23 11:30:00,-0.009297750393943986
2026-04-23 12:30:00,0.007367966756122562
2026-04-23 13:30:00,0.0018409369886232137
2026-04-23 14:30:00,0.0005334487765577924
2026-04-23 15:30:00,0.005793829505813959
2026-04-24 09:30:00,-0.004472042886577875
2026-04-24 10:30:00,0.0023817140619861762
2026-04-24 11:30:00,4.923475438480626e-05
2026-04-24 12:30:00,-0.0007599218989598538
2026-04-24 13:30:00,-0.0032498365591461403
2026-04-24 14:30:00,0.0012282758458049773
2026-04-24 15:30:00,0.00860617947205587
2026-04-27 09:30:00,0.0005397857956193795
2026-04-27 10:30:00,-0.0012105614326537715
2026-04-27 11:30:00,-0.0003302388953243969
2026-04-27 12:30:00,-0.0004057717923271214
2026-04-27 13:30:00,-0.0005576833862434281
2026-04-27 14:30:00,-0.0013439848091345858
2026-04-27 15:30:00,-0.004558008104893301
2026-04-28 09:30:00,0.002182771956835747
2026-04-28 10:30:00,0.0004875900015034326
2026-04-28 11:30:00,-0.0018929740122551023
2026-04-28 12:30:00,-0.0029158939735556355
2026-04-28 13:30:00,-0.004909587421136765
2026-04-28 14:30:00,0.003924913085999284
2026-04-28 15:30:00,-0.009617884065491118
2026-04-29 09:30:00,-0.0021272987365126565
2026-04-29 10:30:00,0.004278529342694188
2026-04-29 11:30:00,-0.004458756035014692
2026-04-29 12:30:00,-0.0034830318527586755
2026-04-29 13:30:00,-0.0019525483418775511
2026-04-29 14:30:00,0.001201843280194678
2026-04-29 15:30:00,0.02231058751435776
2026-04-30 09:30:00,0.0023375226058278773
2026-04-30 10:30:00,0.0016947362168147826
2026-04-30 11:30:00,0.0005095623585705286
2026-04-30 12:30:00,0.0018718201086621565
2026-04-30 13:30:00,0.00018183290707219664
2026-04-30 14:30:00,-0.0007502896035650878
2026-04-30 15:30:00,0.0030260587854389316
2026-05-01 09:30:00,-0.0026278501988488048
2026-05-01 10:30:00,-0.0046002212731652194
2026-05-01 11:30:00,-0.0005338028437892034
2026-05-01 12:30:00,-0.002615577893778904
2026-05-01 13:30:00,-0.0007720912727266593
2026-05-01 14:30:00,0.0011414714004612445
2026-05-01 15:30:00,0.0005593611382193213
2026-05-04 09:30:00,-0.007405887427359639
2026-05-04 10:30:00,-0.0031381166054946174
2026-05-04 11:30:00,0.0019938342962206486
2026-05-04 12:30:00,-0.0013813159263286804
2026-05-04 13:30:00,-0.001113665034817483
2026-05-04 14:30:00,0.002825811434844619
2026-05-04 15:30:00,0.014336497293934308
2026-05-05 09:30:00,-0.0013538221164380107
2026-05-05 10:30:00,-0.0028445870473454804
2026-05-05 11:30:00,-0.0008891958794412613
2026-05-05 12:30:00,0.0016639850806951543
2026-05-05 13:30:00,0.0022994641271076015
2026-05-05 14:30:00,-0.0010500422667910772
2026-05-05 15:30:00,0.010843182215971234
2026-05-06 09:30:00,-0.006898883281262138
2026-05-06 10:30:00,-0.0048975645106052275
2026-05-06 11:30:00,-0.00010804616924971891
2026-05-06 12:30:00,0.0003848783911166806
2026-05-06 13:30:00,-0.0024775250409481055
2026-05-06 14:30:00,0.003362717824877112
2026-05-06 15:30:00,0.001370637380971209
2026-05-07 09:30:00,0.0035259370359851223
2026-05-07 10:30:00,-0.001790598802363803
2026-05-07 11:30:00,-0.0026548066407033593
2026-05-07 12:30:00,0.0007229423320243097
2026-05-07 13:30:00,-0.0006341834744169291
2026-05-07 14:30:00,-0.0010829281889675414
2026-05-07 15:30:00,-0.0008090588386381305
2026-05-08 09:30:00,-0.00490546035869446
2026-05-08 10:30:00,-0.00584963892043664
2026-05-08 11:30:00,-0.0008814098105014936
2026-05-08 12:30:00,0.0022559096697514756
2026-05-08 13:30:00,-0.002520127869261627
2026-05-08 14:30:00,0.0019239018278336753
2026-05-08 15:30:00,-0.008461316860460338
2026-05-11 09:30:00,-0.008930411873175403
2026-05-11 10:30:00,0.0014584427034892132
2026-05-11 11:30:00,2.5504304749535413e-05
2026-05-11 12:30:00,-0.001646173328451819
2026-05-11 13:30:00,-0.00014064776675936334
2026-05-11 14:30:00,0.0006055397763697273
2026-05-11 15:30:00,0.0026175664528924106
2026-05-12 09:30:00,0.0032546464792546446
2026-05-12 10:30:00,0.002137268663843374
2026-05-12 11:30:00,0.002360793541867535
2026-05-12 12:30:00,0.001010453591303605
2026-05-12 13:30:00,0.0003387872923207038
2026-05-12 14:30:00,-0.00036979301830256784
2026-05-12 15:30:00,-0.01542423259820681
2026-05-13 09:30:00,-0.0017607652364252904
2026-05-13 10:30:00,0.0006528895520790059
2026-05-13 11:30:00,0.001692852545841795
2026-05-13 12:30:00,0.0009203260966026626
2026-05-13 13:30:00,0.0025295602099716227
2026-05-13 14:30:00,-0.0008354772666914291
2026-05-13 15:30:00,0.006935049490113391
2026-05-14 09:30:00,-0.0006067230572632058
2026-05-14 10:30:00,-0.0026955717353322256
2026-05-14 11:30:00,-0.0033517556740908588
2026-05-14 12:30:00,-1.7155528235602104e-07
2026-05-14 13:30:00,-0.0027366665505907297
2026-05-14 14:30:00,0.0008635343181907148
2026-05-14 15:30:00,0.00026587033640794325
2026-05-15 09:30:00,-0.0006837139822016195
2026-05-15 10:30:00,0.0008041092583302926
2026-05-15 11:30:00,0.002063153140720674
2026-05-15 12:30:00,0.0017025479779912039
2026-05-15 13:30:00,0.0010173399335502993
2026-05-15 14:30:00,-0.0024962245953317527
2026-05-15 15:30:00,0.017509955058465483
2026-05-18 09:30:00,-0.0016053866480065944
2026-05-18 10:30:00,-0.0014627357434603212
2026-05-18 11:30:00,0.0028964716313031103
2026-05-18 12:30:00,-0.0040766292812257025
2026-05-18 13:30:00,0.0035750820966206163
2026-05-18 14:30:00,0.004915059482493234
2026-05-18 15:30:00,-0.011945657446946777
2026-05-19 09:30:00,0.002944379122262189
2026-05-19 10:30:00,0.005198714918612521
2026-05-19 11:30:00,0.0029910174655577893
2026-05-19 12:30:00,-0.0030710156350792755
2026-05-19 13:30:00,-0.0013126243657263486
2026-05-19 14:30:00,-0.001970783710283147
2026-05-19 15:30:00,0.014408571532553654
2026-05-20 09:30:00,0.001667887723411914
2026-05-20 10:30:00,-0.0007744467492455795
2026-05-20 11:30:00,0.005693894639317116
2026-05-20 12:30:00,-0.002865974218005296
2026-05-20 13:30:00,0.002268876510218888
2026-05-20 14:30:00,0.001543471146774046
2026-05-20 15:30:00,-0.006518099027635822
2026-05-21 09:30:00,-0.0012040070990531528
2026-05-21 10:30:00,-0.0002979797246771121
2026-05-21 11:30:00,0.0063081978740768254
2026-05-21 12:30:00,0.004348969442989608
2026-05-21 13:30:00,-0.0036995322064985697
2026-05-21 14:30:00,-5.749943375141186e-05
2026-05-21 15:30:00,0.008116296536127814
2026-05-22 09:30:00,0.0024328574356109137
2026-05-22 10:30:00,-0.0005477220668581165
2026-05-22 11:30:00,0.004923512544903972
2026-05-22 12:30:00,-0.003682262386727795
2026-05-22 13:30:00,-0.001888394803003205
2026-05-22 14:30:00,-0.0008099740766416286
2026-05-22 15:30:00,-0.004000371114167605
2026-05-26 09:30:00,0.00358020600637761
2026-05-26 10:30:00,-0.003161103438700817
2026-05-26 11:30:00,2.1401802842392143e-06
2026-05-26 12:30:00,-0.0005631141840247284
2026-05-26 13:30:00,0.00035678429397388264
2026-05-26 14:30:00,0.0008548780203793213
2026-05-26 15:30:00,0.005345654128936659
2026-05-27 09:30:00,-0.0041048994836748644
2026-05-27 10:30:00,0.0015857988695695386
2026-05-27 11:30:00,-0.001229811576118246
2026-05-27 12:30:00,-0.0011030077829489934
2026-05-27 13:30:00,0.00011090374911026562
2026-05-27 14:30:00,-0.001020009963956881
2026-05-27 15:30:00,-0.0046077140259732485
2026-05-28 09:30:00,0.0033533851296919342
2026-05-28 10:30:00,0.0020429171710414024
2026-05-28 11:30:00,0.0013259863018429653
2026-05-28 12:30:00,-0.000606489778935314
2026-05-28 13:30:00,0.0006589014435942289
2026-05-28 14:30:00,0.0008825108161086987
2026-05-28 15:30:00,0.0013518257133345432
2026-05-29 09:30:00,-0.001397927510218169
2026-05-29 10:30:00,-0.0006217103349442766
2026-05-29 11:30:00,-0.0008560849912810612
2026-05-29 12:30:00,0.00030976640178685845
2026-05-29 13:30:00,-0.0012002187397709984
2026-05-29 14:30:00,-0.0026787738734459225
2026-05-29 15:30:00,0.0012523619922706558
2026-06-01 09:30:00,-0.0011192060539113435
2026-06-01 10:30:00,-0.00023522839993430017
2026-06-01 11:30:00,0.0016879423595417302
2026-06-01 12:30:00,8.054168656603093e-05
2026-06-01 13:30:00,-0.004165153542683311
2026-06-01 14:30:00,-0.001428482520798645
2026-06-01 15:30:00,-0.003706199847521693
2026-06-02 09:30:00,-0.000433960049107362
2026-06-02 10:30:00,0.002580867924725073
2026-06-02 11:30:00,-0.00017638153012770302
2026-06-02 12:30:00,0.0021099517553090134
2026-06-02 13:30:00,-0.0021044606684099175
2026-06-02 14:30:00,0.004590331484061168
2026-06-02 15:30:00,-0.0047806922540057405
2026-06-03 09:30:00,0.002196866180640956
2026-06-03 10:30:00,0.001253413487237614
2026-06-03 11:30:00,0.0019110706876765225
2026-06-03 12:30:00,-0.0001757487928823346
2026-06-03 13:30:00,-0.001256907002452531
2026-06-03 14:30:00,0.0009676595333753534
2026-06-03 15:30:00,0.017363281644492242
2026-06-04 09:30:00,-0.002432411211678586
2026-06-04 10:30:00,0.004051149789259667
2026-06-04 11:30:00,-0.0006628744588230806
2026-06-04 12:30:00,-0.0007466249928961191
2026-06-04 13:30:00,0.001999899272517858
2026-06-04 14:30:00,-0.00011782463075700068
2026-06-04 15:30:00,-0.0002724630718082388
2026-06-05 09:30:00,0.0025504806761654686
2026-06-05 10:30:00,-0.004691406475931033
2026-06-05 11:30:00,0.0003418701853812409
2026-06-05 12:30:00,-0.002234219349559917
2026-06-05 13:30:00,0.0006475942581817201
2026-06-05 14:30:00,-0.0009247715005712408
2026-06-05 15:30:00,0.013333520468687323
2026-06-08 09:30:00,0.004898713235792171
2026-06-08 10:30:00,-0.0014168947694819158
2026-06-08 11:30:00,0.0001290246261200642
2026-06-08 12:30:00,0.0028719373499995083
2026-06-08 13:30:00,-0.0030840343528191413
2026-06-08 14:30:00,0.00024051709527595112
2026-06-08 15:30:00,-0.0049411831789453586
2026-06-09 09:30:00,-0.01778557772154456
2026-06-09 10:30:00,-0.013573607925052652
2026-06-09 11:30:00,0.007082280044661898
2026-06-09 12:30:00,0.0087303193926871
2026-06-09 13:30:00,0.0030294823595847873
2026-06-09 14:30:00,0.006847204463029793
2026-06-09 15:30:00,-0.004512971035295746
2026-06-10 09:30:00,-0.015825538572769787
2026-06-10 10:30:00,-0.001985417650121308
2026-06-10 11:30:00,-0.0032354846042155056
2026-06-10 12:30:00,0.0016718903655464407
2026-06-10 13:30:00,-0.010283516950420638
2026-06-10 14:30:00,-0.004253672692466534
2026-06-10 15:30:00,0.018522082865987853
