Datetime,Return
2024-07-29 10:30:00,-0.00267459716634739
2024-07-29 11:30:00,0.0013299377548038477
2024-07-29 12:30:00,-0.00634365869752701
2024-07-29 13:30:00,-0.004254537961428273
2024-07-29 14:30:00,-0.0005272162341632414
2024-07-29 15:30:00,-0.0006666099290972838
2024-07-30 09:30:00,-0.050884774521132346
2024-07-30 10:30:00,-0.011039407348481611
2024-07-30 11:30:00,-0.005345711674046345
2024-07-30 12:30:00,0.00011108721972112708
2024-07-30 13:30:00,0.00026111932576480503
2024-07-30 14:30:00,-0.0022174117776269098
2024-07-30 15:30:00,-0.0014339614336828749
2024-07-31 09:30:00,-0.03613196246311347
2024-07-31 10:30:00,-0.0005341348016134095
2024-07-31 11:30:00,0.0015476023831557661
2024-07-31 12:30:00,-0.0013166076172266283
2024-07-31 13:30:00,-7.365320604755515e-05
2024-07-31 14:30:00,-0.003192923451758478
2024-07-31 15:30:00,-0.0011920146200330383
2024-08-01 09:30:00,-0.041820132842706484
2024-08-01 10:30:00,-0.012210295851022252
2024-08-01 11:30:00,0.00037351321354348044
2024-08-01 12:30:00,-0.007019434852408163
2024-08-01 13:30:00,-0.002329915848507619
2024-08-01 14:30:00,-0.0009730856424343181
2024-08-01 15:30:00,-0.0003034890393911971
2024-08-02 09:30:00,-0.07346171658004874
2024-08-02 10:30:00,-0.00569457374820786
2024-08-02 11:30:00,0.004734535230480713
2024-08-02 12:30:00,-0.005848495395078401
2024-08-02 13:30:00,-0.002059659336070613
2024-08-02 14:30:00,-0.001354522350145665
2024-08-02 15:30:00,-0.0002920510265197407
2024-08-05 09:30:00,-0.05042604160949782
2024-08-05 10:30:00,0.008006350867943258
2024-08-05 11:30:00,0.004964986683379064
2024-08-05 12:30:00,-0.006448463084262534
2024-08-05 13:30:00,-0.002212649782578069
2024-08-05 14:30:00,-0.005255573901979555
2024-08-05 15:30:00,-0.004107554070209801
2024-08-06 09:30:00,-0.006410238396900775
2024-08-06 10:30:00,-0.006117319075825317
2024-08-06 11:30:00,0.005158838290373237
2024-08-06 12:30:00,-0.0004147984810474282
2024-08-06 13:30:00,-0.0018399737317755377
2024-08-06 14:30:00,-0.004290644728880259
2024-08-06 15:30:00,-0.006836085709518611
2024-08-07 09:30:00,-0.04427808270556409
2024-08-07 10:30:00,0.007494242339858545
2024-08-07 11:30:00,-0.005329454124741756
2024-08-07 12:30:00,-0.010480321712382279
2024-08-07 13:30:00,-0.007115364172301375
2024-08-07 14:30:00,-0.0011765597548345438
2024-08-07 15:30:00,-0.003408608935042812
2024-08-08 09:30:00,-0.028252142551405048
2024-08-08 10:30:00,0.0017484676661739722
2024-08-08 11:30:00,-0.0019168146351877802
2024-08-08 12:30:00,-9.527826096209704e-05
2024-08-08 13:30:00,0.0009738305963729377
2024-08-08 14:30:00,-0.000982228724166645
2024-08-08 15:30:00,-0.00044579557902184915
2024-08-09 09:30:00,-0.016819865952045796
2024-08-09 10:30:00,-0.002385983510685219
2024-08-09 11:30:00,-0.0009895494859879853
2024-08-09 12:30:00,0.005845979399001185
2024-08-09 13:30:00,-0.00451632801168067
2024-08-09 14:30:00,-0.0018537756817373907
2024-08-09 15:30:00,-0.002399892764452724
2024-08-12 09:30:00,-0.012594773872173207
2024-08-12 10:30:00,-0.005112165010305226
2024-08-12 11:30:00,-0.0011791407937712163
2024-08-12 12:30:00,-0.000720798571230005
2024-08-12 13:30:00,-0.002413465648778257
2024-08-12 14:30:00,0.0020818313831352745
2024-08-12 15:30:00,-0.0013107849183751782
2024-08-13 09:30:00,-0.012280751889891972
2024-08-13 10:30:00,0.0014548222595523463
2024-08-13 11:30:00,-0.0013272263491710772
2024-08-13 12:30:00,0.0029457309782711105
2024-08-13 13:30:00,-0.0008169552965181515
2024-08-13 14:30:00,0.004344941713214201
2024-08-13 15:30:00,-0.0004345605700974975
2024-08-14 09:30:00,-0.010743161932322498
2024-08-14 10:30:00,0.0
2024-08-14 11:30:00,0.0
2024-08-14 12:30:00,-0.002272311343210598
2024-08-14 13:30:00,0.0
2024-08-14 14:30:00,0.0
2024-08-14 15:30:00,-0.003507343184146028
2024-08-15 09:30:00,-0.017945642947061247
2024-08-15 10:30:00,-0.0017310536636489515
2024-08-15 11:30:00,-0.0022238606264920746
2024-08-15 12:30:00,-0.0023271726299600726
2024-08-15 13:30:00,0.0007832227657912916
2024-08-15 14:30:00,0.0007400684407825967
2024-08-15 15:30:00,-0.0036427368277297165
2024-08-16 09:30:00,-0.01744800770398087
2024-08-16 10:30:00,0.0053083455315840284
2024-08-16 11:30:00,-0.0007715247567957606
2024-08-16 12:30:00,0.00031170420552065203
2024-08-16 13:30:00,0.0007552984033309951
2024-08-16 14:30:00,-0.00131613910913575
2024-08-16 15:30:00,-0.0011152247080098432
2024-08-19 09:30:00,0.009096989175227277
2024-08-19 10:30:00,0.0
2024-08-19 11:30:00,0.0
2024-08-19 12:30:00,0.0
2024-08-19 13:30:00,-0.004905338017925476
2024-08-19 14:30:00,-0.001210543776924311
2024-08-19 15:30:00,0.0
2024-08-20 09:30:00,0.0
2024-08-20 10:30:00,0.0
2024-08-20 11:30:00,0.0
2024-08-20 12:30:00,0.0
2024-08-20 13:30:00,0.0
2024-08-20 14:30:00,-0.00810258169311584
2024-08-20 15:30:00,0.0
2024-08-21 09:30:00,0.0
2024-08-21 10:30:00,0.0
2024-08-21 11:30:00,0.0
2024-08-21 12:30:00,-0.0023535177255306072
2024-08-21 13:30:00,0.0007243626633566258
2024-08-21 14:30:00,-0.021981096758577845
2024-08-21 15:30:00,-0.004781617336007626
2024-08-22 09:30:00,0.0
2024-08-22 10:30:00,-0.0030858470844430386
2024-08-22 11:30:00,0.0
2024-08-22 12:30:00,-0.004278924944297491
2024-08-22 13:30:00,-0.004781257610243728
2024-08-22 14:30:00,0.00025861496584600463
2024-08-22 15:30:00,-0.0004859785893010504
2024-08-23 09:30:00,0.0
2024-08-23 10:30:00,-0.005692866841418898
2024-08-23 11:30:00,-0.004259185919863444
2024-08-23 12:30:00,0.0005492386870000754
2024-08-23 13:30:00,-0.003340684555029283
2024-08-23 14:30:00,0.001609108921663771
2024-08-23 15:30:00,0.0009005870985392406
2024-08-26 09:30:00,-0.10673605169160467
2024-08-26 10:30:00,0.006690591761660425
2024-08-26 11:30:00,-0.0038555938578209714
2024-08-26 12:30:00,-0.0004004958826690497
2024-08-26 13:30:00,0.0027459019410948082
2024-08-26 14:30:00,0.00021578116443010664
2024-08-26 15:30:00,-0.0019122668997588743
2024-08-27 09:30:00,-0.009411621796424408
2024-08-27 10:30:00,-0.008325037868850268
2024-08-27 11:30:00,0.0005536441116956059
2024-08-27 12:30:00,-0.001226639071559421
2024-08-27 13:30:00,-0.002904964387900749
2024-08-27 14:30:00,-0.0002581507246032788
2024-08-27 15:30:00,9.438226210556344e-05
2024-08-28 09:30:00,-0.02974612148864948
2024-08-28 10:30:00,-0.01260916248229012
2024-08-28 11:30:00,-0.0012828548833447861
2024-08-28 12:30:00,0.00377245754478768
2024-08-28 13:30:00,-0.005288710567197909
2024-08-28 14:30:00,0.00211576928450772
2024-08-28 15:30:00,-0.0011775947649373026
2024-08-29 09:30:00,-0.03966286009663863
2024-08-29 10:30:00,-0.009514773994290649
2024-08-29 11:30:00,-0.0005225488988000063
2024-08-29 12:30:00,-0.004907327619320179
2024-08-29 13:30:00,-0.001022327047291227
2024-08-29 14:30:00,-0.002038372883047923
2024-08-29 15:30:00,-0.006531578789842961
2024-08-30 09:30:00,-0.0036418313148711134
2024-08-30 10:30:00,-0.005005946268405141
2024-08-30 11:30:00,-0.003563698833240958
2024-08-30 12:30:00,0.0009704279571811398
2024-08-30 13:30:00,-0.0011915272354897138
2024-08-30 14:30:00,0.0012859625452693116
2024-08-30 15:30:00,0.0006451925524045277
2024-09-03 09:30:00,-0.04589834354459301
2024-09-03 10:30:00,-0.005366811257233262
2024-09-03 11:30:00,-0.008462137960693833
2024-09-03 12:30:00,-0.0037605628643182566
2024-09-03 13:30:00,-0.006930185011965934
2024-09-03 14:30:00,-0.0009187082097770249
2024-09-03 15:30:00,-0.0039246076295829215
2024-09-04 09:30:00,-0.032911799812598536
2024-09-04 10:30:00,-0.005074991500851389
2024-09-04 11:30:00,-0.0030840776993233733
2024-09-04 12:30:00,-0.0005184023546553951
2024-09-04 13:30:00,-0.0026656583255034506
2024-09-04 14:30:00,-0.003561605568255327
2024-09-04 15:30:00,-0.0007110652926211436
2024-09-05 09:30:00,-0.02410928551820072
2024-09-05 10:30:00,-0.007949570440855364
2024-09-05 11:30:00,0.0005890682013002079
2024-09-05 12:30:00,-2.2812819548240217e-05
2024-09-05 13:30:00,0.0018795600759217157
2024-09-05 14:30:00,-0.0016224534785236554
2024-09-05 15:30:00,-0.003408376133163049
2024-09-06 09:30:00,-0.018919348646879615
2024-09-06 10:30:00,-0.007492158237219493
2024-09-06 11:30:00,-0.005685160074614848
2024-09-06 12:30:00,-0.00011376801390965419
2024-09-06 13:30:00,-0.004177521504880255
2024-09-06 14:30:00,0.00027708834383063376
2024-09-06 15:30:00,-0.0007707443490914013
2024-09-09 09:30:00,-0.007021498374530028
2024-09-09 10:30:00,-0.0033995326263802695
2024-09-09 11:30:00,0.004146127040336345
2024-09-09 12:30:00,-0.0012602128493236367
2024-09-09 13:30:00,-0.003191051815344828
2024-09-09 14:30:00,-0.002694458845406955
2024-09-09 15:30:00,-0.0024639357464757263
2024-09-10 09:30:00,-0.033122265297068854
2024-09-10 10:30:00,0.0004248713255566805
2024-09-10 11:30:00,-0.010966468691833615
2024-09-10 12:30:00,0.002267177296070838
2024-09-10 13:30:00,-0.005253793423045933
2024-09-10 14:30:00,0.0009677373530080191
2024-09-10 15:30:00,-0.0017137630044982088
2024-09-11 09:30:00,-0.02628348323378637
2024-09-11 10:30:00,0.0026537062670479727
2024-09-11 11:30:00,-0.00036217295096665494
2024-09-11 12:30:00,0.002501656949543163
2024-09-11 13:30:00,-0.0035820945467090306
2024-09-11 14:30:00,0.0037697557127738036
2024-09-11 15:30:00,-0.00044700984937345314
2024-09-12 09:30:00,-0.01656429802048572
2024-09-12 10:30:00,-0.001373714977817664
2024-09-12 11:30:00,-0.0013877699852667623
2024-09-12 12:30:00,0.00014021221423582924
2024-09-12 13:30:00,0.0016786890259828714
2024-09-12 14:30:00,-0.0021738492531761635
2024-09-12 15:30:00,-0.0015380475711669062
2024-09-13 09:30:00,-0.03189833484008751
2024-09-13 10:30:00,-0.0015722590845741458
2024-09-13 11:30:00,-0.00113999493454231
2024-09-13 12:30:00,-0.002535697950552707
2024-09-13 13:30:00,-0.0011646100384796187
2024-09-13 14:30:00,0.001849403808366475
2024-09-13 15:30:00,0.0005076754610088644
2024-09-16 09:30:00,-0.009103565824594964
2024-09-16 10:30:00,-0.0036903050301814733
2024-09-16 11:30:00,0.0010349718349442205
2024-09-16 12:30:00,-0.00019391838988214172
2024-09-16 13:30:00,-0.0013425770840938729
2024-09-16 14:30:00,-0.005198328115475326
2024-09-16 15:30:00,-0.004265004845409093
2024-09-17 09:30:00,-0.01151133962550146
2024-09-17 10:30:00,-0.005203781831504479
2024-09-17 11:30:00,-0.004495396958822714
2024-09-17 12:30:00,-0.003349800613321685
2024-09-17 13:30:00,-0.0001387709566656812
2024-09-17 14:30:00,-0.001592929827864381
2024-09-17 15:30:00,-0.0005927594580866656
2024-09-18 09:30:00,-0.013027457821694594
2024-09-18 10:30:00,-0.0038924214149257657
2024-09-18 11:30:00,-0.0009399000909028502
2024-09-18 12:30:00,0.0007004704057800696
2024-09-18 13:30:00,-0.0033731489981851013
2024-09-18 14:30:00,0.00031057879135283753
2024-09-18 15:30:00,-0.0044336943173097255
2024-09-19 09:30:00,-0.015003030163268455
2024-09-19 10:30:00,-0.002321469418957239
2024-09-19 11:30:00,-0.0020798539967869347
2024-09-19 12:30:00,0.0002087251667603651
2024-09-19 13:30:00,0.0013636930404662961
2024-09-19 14:30:00,-0.0012571374426032511
2024-09-19 15:30:00,0.00019014193379590324
2024-09-20 09:30:00,-0.013256314682521442
2024-09-20 10:30:00,-0.0012444421453491005
2024-09-20 11:30:00,-0.0010790379678642104
2024-09-20 12:30:00,0.00118303811756492
2024-09-20 13:30:00,-0.003107432132556461
2024-09-20 14:30:00,-0.0015928110965015077
2024-09-20 15:30:00,-0.0008245765624980139
2024-09-23 09:30:00,0.0019920506097023116
2024-09-23 10:30:00,-0.004650262400158589
2024-09-23 11:30:00,0.003322810150892974
2024-09-23 12:30:00,0.004173518022772993
2024-09-23 13:30:00,-0.003470189513454088
2024-09-23 14:30:00,0.00020128037055200387
2024-09-23 15:30:00,-0.0005904395899656856
2024-09-24 09:30:00,-0.02056188663994482
2024-09-24 10:30:00,-0.002015048676407602
2024-09-24 11:30:00,-0.0118552773997611
2024-09-24 12:30:00,-0.003171312442148645
2024-09-24 13:30:00,-0.002389437873078282
2024-09-24 14:30:00,0.002940508701960708
2024-09-24 15:30:00,-0.0018852549859039308
2024-09-25 09:30:00,-0.01588556811296057
2024-09-25 10:30:00,0.00013119255050407662
2024-09-25 11:30:00,-0.0003070931566004284
2024-09-25 12:30:00,-0.0019408439119307438
2024-09-25 13:30:00,-0.0018760945083287999
2024-09-25 14:30:00,-0.001979157739917921
2024-09-25 15:30:00,-0.0008697454942381185
2024-09-26 09:30:00,-0.010078944566786308
2024-09-26 10:30:00,-0.00020575916535412977
2024-09-26 11:30:00,-0.0034922879834488676
2024-09-26 12:30:00,0.0004152746217850889
2024-09-26 13:30:00,-0.0004567166571574178
2024-09-26 14:30:00,-0.003198010200660985
2024-09-26 15:30:00,-0.0005306882435855559
2024-09-27 09:30:00,-0.002831989294450229
2024-09-27 10:30:00,-0.002916582830468112
2024-09-27 11:30:00,-0.0018538830690989123
2024-09-27 12:30:00,0.0013424570600862145
2024-09-27 13:30:00,-0.0008228434526568185
2024-09-27 14:30:00,0.0003592268578693214
2024-09-27 15:30:00,-0.0025620551496586264
2024-09-30 09:30:00,-0.031928964972131824
2024-09-30 10:30:00,0.008440682650724743
2024-09-30 11:30:00,0.0011013044837008934
2024-09-30 12:30:00,-0.00242768397321406
2024-09-30 13:30:00,-0.0045263870737118905
2024-09-30 14:30:00,-0.0005492489982155124
2024-09-30 15:30:00,0.008315543674284331
2024-10-01 09:30:00,-0.01745475093650749
2024-10-01 10:30:00,-0.0010274219138899365
2024-10-01 11:30:00,8.35015327363347e-05
2024-10-01 12:30:00,-0.010644143823586038
2024-10-01 13:30:00,0.00818234085168655
2024-10-01 14:30:00,-0.003557365218127384
2024-10-01 15:30:00,-0.0048897210397331045
2024-10-02 09:30:00,-0.027933599193839538
2024-10-02 10:30:00,0.0006833491105385836
2024-10-02 11:30:00,0.000171868667097258
2024-10-02 12:30:00,0.0008533537458260077
2024-10-02 13:30:00,-0.0020845120618735334
2024-10-02 14:30:00,-0.001101063941207675
2024-10-02 15:30:00,-0.0018774012756531178
2024-10-03 09:30:00,-0.013051717548400909
2024-10-03 10:30:00,-0.0022169724051057495
2024-10-03 11:30:00,-0.0007787824619252537
2024-10-03 12:30:00,-0.005486867569965942
2024-10-03 13:30:00,-0.00017873553680632925
2024-10-03 14:30:00,-0.0018778760035983778
2024-10-03 15:30:00,-0.0002645083702829232
2024-10-04 09:30:00,-0.01737916624576862
2024-10-04 10:30:00,-0.004420461578069334
2024-10-04 11:30:00,0.0012838382776801994
2024-10-04 12:30:00,0.0020708258163296524
2024-10-04 13:30:00,-0.001390870085220608
2024-10-04 14:30:00,0.0010303223794198347
2024-10-04 15:30:00,-0.00033147007234813713
2024-10-07 09:30:00,-0.026074632791653386
2024-10-07 10:30:00,-0.00023917829795873645
2024-10-07 11:30:00,-0.0030215816007460707
2024-10-07 12:30:00,-0.003481183876878313
2024-10-07 13:30:00,-0.00737671020687094
2024-10-07 14:30:00,-3.87525337258221e-05
2024-10-07 15:30:00,-0.00029762997002897305
2024-10-08 09:30:00,-0.010910676381051915
2024-10-08 10:30:00,0.0007481540344773718
2024-10-08 11:30:00,-0.0006007490810104432
2024-10-08 12:30:00,-0.002155999299722344
2024-10-08 13:30:00,-0.00020428065360144447
2024-10-08 14:30:00,-0.0008849771150750854
2024-10-08 15:30:00,-0.001995755785831504
2024-10-09 09:30:00,-0.01134737845686513
2024-10-09 10:30:00,-0.0033740201514045774
2024-10-09 11:30:00,0.001158550206029865
2024-10-09 12:30:00,-0.0025518308085477554
2024-10-09 13:30:00,-0.004012678807362048
2024-10-09 14:30:00,0.0036600947632538794
2024-10-09 15:30:00,0.0016684316720173703
2024-10-10 09:30:00,-0.01238057690567922
2024-10-10 10:30:00,-0.0017229872377032798
2024-10-10 11:30:00,0.0010395967682004723
2024-10-10 12:30:00,-0.0050603764937007835
2024-10-10 13:30:00,-0.0016260543479686418
2024-10-10 14:30:00,-0.0015863508003480667
2024-10-10 15:30:00,-0.0002382742088527022
2024-10-11 09:30:00,-0.02616770469855965
2024-10-11 10:30:00,0.0011469958925976742
2024-10-11 11:30:00,-0.0045435924285674445
2024-10-11 12:30:00,0.0003586884111463351
2024-10-11 13:30:00,-0.003493300294618288
2024-10-11 14:30:00,0.0008149538456699487
2024-10-11 15:30:00,-0.00024893310714576195
2024-10-14 09:30:00,-0.005241534097980782
2024-10-14 10:30:00,-0.0025993756267156387
2024-10-14 11:30:00,0.0
2024-10-14 12:30:00,-0.008121589783554872
2024-10-14 13:30:00,0.0026897645894450317
2024-10-14 14:30:00,0.0
2024-10-14 15:30:00,0.0
2024-10-15 09:30:00,-0.03719931061286816
2024-10-15 10:30:00,-0.027464849784435166
2024-10-15 11:30:00,-0.005351664173941904
2024-10-15 12:30:00,-0.0032778346212078424
2024-10-15 13:30:00,-0.003017224048937554
2024-10-15 14:30:00,-0.006034718471583367
2024-10-15 15:30:00,-0.0005113290583512205
2024-10-16 09:30:00,-0.013016653355370026
2024-10-16 10:30:00,-0.005673925667909228
2024-10-16 11:30:00,-0.0034907231165681525
2024-10-16 12:30:00,-0.0055271654097579686
2024-10-16 13:30:00,0.00046853209240686755
2024-10-16 14:30:00,-0.003119956321988002
2024-10-16 15:30:00,-0.0002551419310705806
2024-10-17 09:30:00,-0.026501373306386
2024-10-17 10:30:00,-0.0023310312407284874
2024-10-17 11:30:00,-0.0008785421717811107
2024-10-17 12:30:00,-0.0008765640188282872
2024-10-17 13:30:00,-0.005187006955243168
2024-10-17 14:30:00,-0.0021221779592611456
2024-10-17 15:30:00,-0.002336782605004132
2024-10-18 09:30:00,-0.02315037451692106
2024-10-18 10:30:00,-0.004368681834809207
2024-10-18 11:30:00,-0.00017185998471092034
2024-10-18 12:30:00,0.0011842817022716787
2024-10-18 13:30:00,-5.4593772675752656e-05
2024-10-18 14:30:00,-0.0021009289268993647
2024-10-18 15:30:00,-0.00031980547905092257
2024-10-21 09:30:00,-0.016330813317599245
2024-10-21 10:30:00,-0.007765281915075866
2024-10-21 11:30:00,0.0006955231675330132
2024-10-21 12:30:00,0.0004325003371782432
2024-10-21 13:30:00,-0.0023235060368910323
2024-10-21 14:30:00,-0.000624635239117155
2024-10-21 15:30:00,0.0007117249630013071
2024-10-22 09:30:00,-0.04002883841624297
2024-10-22 10:30:00,-0.0005176405082358782
2024-10-22 11:30:00,-0.0016915064758890376
2024-10-22 12:30:00,0.0008606091456047959
2024-10-22 13:30:00,0.0007335997207880751
2024-10-22 14:30:00,-0.0013260960096516173
2024-10-22 15:30:00,-0.0041364482089840116
2024-10-23 09:30:00,-0.02332390528021779
2024-10-23 10:30:00,-0.004176553199320865
2024-10-23 11:30:00,-0.004364877501338155
2024-10-23 12:30:00,-0.001186011671421122
2024-10-23 13:30:00,-0.0037136606721253516
2024-10-23 14:30:00,0.0020815186907907125
2024-10-23 15:30:00,-0.0009329591935321125
2024-10-24 09:30:00,-0.03338881945270606
2024-10-24 10:30:00,-0.0058709995061381635
2024-10-24 11:30:00,-0.005728131839619494
2024-10-24 12:30:00,-0.001372262325763901
2024-10-24 13:30:00,-0.0021105070290203367
2024-10-24 14:30:00,-0.0018517985402407733
2024-10-24 15:30:00,-0.003189440442966429
2024-10-25 09:30:00,-0.01955485126713121
2024-10-25 10:30:00,-0.006239358080645146
2024-10-25 11:30:00,-0.0006309084698015055
2024-10-25 12:30:00,-0.0026617190073838725
2024-10-25 13:30:00,-0.0026373180038511356
2024-10-25 14:30:00,0.00043508982518029036
2024-10-25 15:30:00,-0.00011442210608443304
2024-10-28 09:30:00,-0.005253840472097794
2024-10-28 10:30:00,-0.00328353299659665
2024-10-28 11:30:00,-0.0015569403587847308
2024-10-28 12:30:00,-0.0013515109401098402
2024-10-28 13:30:00,-0.0016626147463508767
2024-10-28 14:30:00,0.0005024697665246824
2024-10-28 15:30:00,-0.0003952151760390513
2024-10-29 09:30:00,-0.0386883148110598
2024-10-29 10:30:00,0.0013463661302260954
2024-10-29 11:30:00,-0.0002727364949489386
2024-10-29 12:30:00,-0.0008898522675536994
2024-10-29 13:30:00,-0.002578905441928092
2024-10-29 14:30:00,0.00014551036412650576
2024-10-29 15:30:00,-0.0031804107355564654
2024-10-30 09:30:00,-0.045090431516465065
2024-10-30 10:30:00,-0.004014967016569055
2024-10-30 11:30:00,-0.005386548191089235
2024-10-30 12:30:00,-0.0034237992748811395
2024-10-30 13:30:00,0.0005630955695735629
2024-10-30 14:30:00,-0.002297109319129581
2024-10-30 15:30:00,-0.00011095655307638563
2024-10-31 09:30:00,-0.09111138488486545
2024-10-31 10:30:00,-0.0016960190056691416
2024-10-31 11:30:00,-0.0018220464677355219
2024-10-31 12:30:00,-0.00046490622687341275
2024-10-31 13:30:00,-0.007498356017022245
2024-10-31 14:30:00,-0.004882219384311592
2024-10-31 15:30:00,-0.00428651034146772
2024-11-01 09:30:00,-0.009850567103270248
2024-11-01 10:30:00,-0.004243286718483291
2024-11-01 11:30:00,-0.005112123154209664
2024-11-01 12:30:00,-0.0026316050861910022
2024-11-01 13:30:00,-0.00416054980586737
2024-11-01 14:30:00,-0.0016000159869326957
2024-11-01 15:30:00,-0.0033399902205287434
2024-11-04 09:30:00,-0.01526058649045992
2024-11-04 10:30:00,-0.004246430362637177
2024-11-04 11:30:00,-0.004078541843889755
2024-11-04 12:30:00,-0.0002627703905999035
2024-11-04 13:30:00,-0.0021978029987155755
2024-11-04 14:30:00,-0.002830513710574678
2024-11-04 15:30:00,0.0008246567762535184
2024-11-05 09:30:00,-0.01608642605579488
2024-11-05 10:30:00,0.0005507417026118435
2024-11-05 11:30:00,-0.0018545233911483217
2024-11-05 12:30:00,-0.0004717753682664805
2024-11-05 13:30:00,-0.002904125573280379
2024-11-05 14:30:00,0.0012431704068135245
2024-11-05 15:30:00,0.0032195625265152017
2024-11-06 09:30:00,-0.04486610514645696
2024-11-06 10:30:00,-0.007492628396678957
2024-11-06 11:30:00,-0.0028648477955552643
2024-11-06 12:30:00,-0.00030604733401276124
2024-11-06 13:30:00,0.0021030628014031207
2024-11-06 14:30:00,-0.0018005183819352405
2024-11-06 15:30:00,-0.0033381024465335913
2024-11-07 09:30:00,-0.03071340580232356
2024-11-07 10:30:00,0.0014457762789225476
2024-11-07 11:30:00,-0.004743580434782648
2024-11-07 12:30:00,-0.006298923978928173
2024-11-07 13:30:00,-0.002482695417739156
2024-11-07 14:30:00,0.005541695785003698
2024-11-07 15:30:00,-0.004958481618923738
2024-11-08 09:30:00,-0.025085293246387596
2024-11-08 10:30:00,-0.004378239127563688
2024-11-08 11:30:00,-0.0057157402087632935
2024-11-08 12:30:00,-0.003632493043241883
2024-11-08 13:30:00,-0.002074632039885766
2024-11-08 14:30:00,0.0011658318809172525
2024-11-08 15:30:00,-0.0034018658976455313
2024-11-11 09:30:00,-0.04321356878885744
2024-11-11 10:30:00,-0.003996825950239606
2024-11-11 11:30:00,-0.006081497198463687
2024-11-11 12:30:00,0.0022453631562657536
2024-11-11 13:30:00,-0.0030554883460486735
2024-11-11 14:30:00,-9.385321485237223e-05
2024-11-11 15:30:00,0.000645363298346339
2024-11-12 09:30:00,-0.016606173578000684
2024-11-12 10:30:00,-0.008571289318246592
2024-11-12 11:30:00,-0.005188548660134372
2024-11-12 12:30:00,-0.0034066496141901786
2024-11-12 13:30:00,-0.002868386444943536
2024-11-12 14:30:00,-0.0035244797960626295
2024-11-12 15:30:00,0.0020285391597888005
2024-11-13 09:30:00,-0.00852698347846144
2024-11-13 10:30:00,-0.00033464781513330155
2024-11-13 11:30:00,-0.003312689364073043
2024-11-13 12:30:00,-0.0022793969051599916
2024-11-13 13:30:00,-0.006213947182093655
2024-11-13 14:30:00,-0.003030982825759384
2024-11-13 15:30:00,-0.008518464403980944
2024-11-14 09:30:00,-0.017873157896951833
2024-11-14 10:30:00,-0.002205022127907693
2024-11-14 11:30:00,-0.011648995019395564
2024-11-14 12:30:00,-0.001853770608193847
2024-11-14 13:30:00,-0.0024666215316501592
2024-11-14 14:30:00,-0.0032236680766445
2024-11-14 15:30:00,-0.00507332493605629
2024-11-15 09:30:00,-0.03507779251423489
2024-11-15 10:30:00,-0.005397178621943383
2024-11-15 11:30:00,-0.0047349185700061355
2024-11-15 12:30:00,-0.002022402106550969
2024-11-15 13:30:00,-0.0017109197654310905
2024-11-15 14:30:00,-0.0033104485712591946
2024-11-15 15:30:00,-0.0019162957244495515
2024-11-18 09:30:00,-0.008414902758412451
2024-11-18 10:30:00,-0.0027886541023221336
2024-11-18 11:30:00,-0.002548570777454914
2024-11-18 12:30:00,-0.001783214150109257
2024-11-18 13:30:00,-0.0008052139518959592
2024-11-18 14:30:00,0.0005175832383228718
2024-11-18 15:30:00,0.000738122540551922
2024-11-19 09:30:00,-0.020171672364518303
2024-11-19 10:30:00,-0.004255142571455178
2024-11-19 11:30:00,-0.0011748551869651402
2024-11-19 12:30:00,-0.005814330914673782
2024-11-19 13:30:00,0.0062802875392148575
2024-11-19 14:30:00,-0.002732402470559969
2024-11-19 15:30:00,0.0004736889562887584
2024-11-20 09:30:00,-0.02442815258189142
2024-11-20 10:30:00,-0.0031613808646517656
2024-11-20 11:30:00,-0.0007132428689774484
2024-11-20 12:30:00,0.0015878764569482267
2024-11-20 13:30:00,-0.0008144876981176866
2024-11-20 14:30:00,-0.0019766693027112314
2024-11-20 15:30:00,0.0002533982490762754
2024-11-21 09:30:00,-0.03776034700461025
2024-11-21 10:30:00,-0.0034135448726263138
2024-11-21 11:30:00,0.00020979907182117064
2024-11-21 12:30:00,0.002183348035240207
2024-11-21 13:30:00,-0.005100471848265053
2024-11-21 14:30:00,0.0025017362934356227
2024-11-21 15:30:00,-0.0007331066281347498
2024-11-22 09:30:00,-0.01881000262960339
2024-11-22 10:30:00,-0.004369943100379914
2024-11-22 11:30:00,0.004398487979449343
2024-11-22 12:30:00,0.0013573510705122693
2024-11-22 13:30:00,-0.002510166142234427
2024-11-22 14:30:00,0.0027177677764238517
2024-11-22 15:30:00,0.0
2024-11-25 09:30:00,-0.023922604612281278
2024-11-25 10:30:00,-0.008236398096661546
2024-11-25 11:30:00,-0.005047139438851632
2024-11-25 12:30:00,-0.002278823591042256
2024-11-25 13:30:00,0.001723438725494279
2024-11-25 14:30:00,-0.0007872280622525651
2024-11-25 15:30:00,-0.0010255357916463894
2024-11-26 09:30:00,-0.016876462167137087
2024-11-26 10:30:00,0.00044041212863984064
2024-11-26 11:30:00,-0.003011216278116724
2024-11-26 12:30:00,0.001572085407912649
2024-11-26 13:30:00,-0.005929895289353381
2024-11-26 14:30:00,-0.00046488772126238243
2024-11-26 15:30:00,-0.0005818932384889924
2024-11-27 09:30:00,-0.03875533454192569
2024-11-27 10:30:00,-0.003058825335109744
2024-11-27 11:30:00,-0.00109891753058549
2024-11-27 12:30:00,0.00048205617642328816
2024-11-27 13:30:00,-0.001305701256385881
2024-11-27 14:30:00,0.0015930552456696612
2024-11-27 15:30:00,-0.00218504936924417
2024-11-29 09:30:00,-0.002701119117801698
2024-11-29 10:30:00,0.0020402667132218832
2024-11-29 11:30:00,0.0007174686722030809
2024-11-29 12:30:00,0.0
2024-12-02 09:30:00,-0.02143314120473628
2024-12-02 10:30:00,-0.002676989717424022
2024-12-02 11:30:00,-0.0006415163264573198
2024-12-02 12:30:00,0.0004424846767733026
2024-12-02 13:30:00,-0.0009032097970042896
2024-12-02 14:30:00,0.0005882780477358851
2024-12-02 15:30:00,-0.0031974403922814198
2024-12-03 09:30:00,-0.00961941146179815
2024-12-03 10:30:00,-0.0034446322979745534
2024-12-03 11:30:00,0.0006151564226906825
2024-12-03 12:30:00,0.0005879582875407963
2024-12-03 13:30:00,-0.0015997487266171452
2024-12-03 14:30:00,-0.0012609677625151027
2024-12-03 15:30:00,-0.005151745322565094
2024-12-04 09:30:00,-0.016088333010355605
2024-12-04 10:30:00,-0.0037677253728368777
2024-12-04 11:30:00,-0.0033858477085743077
2024-12-04 12:30:00,-0.003653328019048591
2024-12-04 13:30:00,0.0002471844706181836
2024-12-04 14:30:00,0.0027137301550227977
2024-12-04 15:30:00,0.00021012490450225685
2024-12-05 09:30:00,-0.01821515073466195
2024-12-05 10:30:00,-0.0015472609203910747
2024-12-05 11:30:00,-0.001340644338284891
2024-12-05 12:30:00,-0.0008499982881420898
2024-12-05 13:30:00,-0.002839583062776685
2024-12-05 14:30:00,-0.0014467318831380119
2024-12-05 15:30:00,-0.0026301955161424917
2024-12-06 09:30:00,-0.020154648656738067
2024-12-06 10:30:00,-0.001980054204092002
2024-12-06 11:30:00,-0.00038727403438688636
2024-12-06 12:30:00,-0.0006676267768507604
2024-12-06 13:30:00,-0.0014858135446992604
2024-12-06 14:30:00,-0.0015285849798467254
2024-12-06 15:30:00,-0.0009562303086276536
2024-12-09 09:30:00,-0.030008034996557194
2024-12-09 10:30:00,-0.0050497037363999575
2024-12-09 11:30:00,-0.0038964746888213663
2024-12-09 12:30:00,-0.003042171645143349
2024-12-09 13:30:00,-0.002254179767582393
2024-12-09 14:30:00,-0.0015573587491854225
2024-12-09 15:30:00,-0.003383000501279232
2024-12-10 09:30:00,-0.021859200189686213
2024-12-10 10:30:00,0.005490223424236546
2024-12-10 11:30:00,-0.0037934864547388035
2024-12-10 12:30:00,-0.004444957836189062
2024-12-10 13:30:00,-0.0017090325680851836
2024-12-10 14:30:00,-0.004269451465539115
2024-12-10 15:30:00,-0.0013586477430139853
2024-12-11 09:30:00,-0.01621264439318894
2024-12-11 10:30:00,-0.003648769664838336
2024-12-11 11:30:00,-0.005225223012619057
2024-12-11 12:30:00,-0.0008883494570334161
2024-12-11 13:30:00,-0.000255421380578047
2024-12-11 14:30:00,-0.0025182439912318664
2024-12-11 15:30:00,-0.0025635927719713956
2024-12-12 09:30:00,-0.02180547172958482
2024-12-12 10:30:00,-0.0008316592547666201
2024-12-12 11:30:00,-0.00247845783666803
2024-12-12 12:30:00,-0.004906738435467334
2024-12-12 13:30:00,-0.002177676264685946
2024-12-12 14:30:00,0.00017757647392124264
2024-12-12 15:30:00,-0.002875307130759691
2024-12-13 09:30:00,-0.0128144151513576
2024-12-13 10:30:00,-0.00039020943255317354
2024-12-13 11:30:00,-0.005276832823615485
2024-12-13 12:30:00,-0.0009970478802810655
2024-12-13 13:30:00,-0.0022832724435207174
2024-12-13 14:30:00,0.00011067814997358649
2024-12-13 15:30:00,0.0006797562427654058
2024-12-16 09:30:00,-0.01048940316318141
2024-12-16 10:30:00,-0.005048300704485103
2024-12-16 11:30:00,0.00017222689165820592
2024-12-16 12:30:00,-0.003999604292174214
2024-12-16 13:30:00,-0.003474830332893203
2024-12-16 14:30:00,-0.0025593790470928024
2024-12-16 15:30:00,-0.002928380237173922
2024-12-17 09:30:00,-0.015704682087535893
2024-12-17 10:30:00,-0.006069443086574894
2024-12-17 11:30:00,-0.0028871535110171986
2024-12-17 12:30:00,-0.0013782555495945703
2024-12-17 13:30:00,-0.002306575353918794
2024-12-17 14:30:00,-0.004088426819016044
2024-12-17 15:30:00,0.00011815026037206855
2024-12-18 09:30:00,-0.011855519081446293
2024-12-18 10:30:00,-0.0016847897671667222
2024-12-18 11:30:00,-0.0021086067878758885
2024-12-18 12:30:00,-0.002739825386972783
2024-12-18 13:30:00,-0.010121779388774394
2024-12-18 14:30:00,-0.015884217628150805
2024-12-18 15:30:00,-0.013578507709319
2024-12-19 09:30:00,-0.026228179830603188
2024-12-19 10:30:00,-0.0014116142364391515
2024-12-19 11:30:00,-0.006516884376310978
2024-12-19 12:30:00,0.0013438772795912157
2024-12-19 13:30:00,8.292026012855502e-05
2024-12-19 14:30:00,-0.0008080143822924157
2024-12-19 15:30:00,-0.007786957949333484
2024-12-20 09:30:00,-0.005692367327374636
2024-12-20 10:30:00,0.007399838997717528
2024-12-20 11:30:00,0.007149993182472929
2024-12-20 12:30:00,-0.007659049034450997
2024-12-20 13:30:00,-0.002484037392952443
2024-12-20 14:30:00,-0.003224190385350545
2024-12-20 15:30:00,-0.00749645292531427
2024-12-23 09:30:00,-0.01701503557410299
2024-12-23 10:30:00,-0.0015323417796346828
2024-12-23 11:30:00,0.000305589849035659
2024-12-23 12:30:00,-0.000219495147633438
2024-12-23 13:30:00,0.00044670669771273985
2024-12-23 14:30:00,-0.0011390760073936579
2024-12-23 15:30:00,0.0011826043062892477
2024-12-24 09:30:00,0.0
2024-12-24 10:30:00,0.0
2024-12-24 11:30:00,0.0
2024-12-24 12:30:00,0.0
2024-12-26 09:30:00,0.0
2024-12-26 10:30:00,0.0
2024-12-26 11:30:00,0.0
2024-12-26 12:30:00,0.0
2024-12-26 13:30:00,0.0
2024-12-26 14:30:00,0.0
2024-12-26 15:30:00,0.0
2024-12-27 09:30:00,-0.022322648790957245
2024-12-27 10:30:00,0.0
2024-12-27 11:30:00,-0.005589511568755238
2024-12-27 12:30:00,-0.0014363254517564261
2024-12-27 13:30:00,0.0
2024-12-27 14:30:00,0.0
2024-12-27 15:30:00,0.0
2024-12-30 09:30:00,-0.030148393698426416
2024-12-30 10:30:00,0.007022963326544396
2024-12-30 11:30:00,0.0031559053980658057
2024-12-30 12:30:00,-0.0009626787100322165
2024-12-30 13:30:00,0.0010536817829100986
2024-12-30 14:30:00,-0.0003226925210011074
2024-12-30 15:30:00,-0.0024099663599146393
2024-12-31 09:30:00,-0.0017146468400046633
2024-12-31 10:30:00,-0.010493941799812704
2024-12-31 11:30:00,-0.004773923215949549
2024-12-31 12:30:00,-0.0027373891612791543
2024-12-31 13:30:00,-0.0060464797323168005
2024-12-31 14:30:00,0.004047482947555081
2024-12-31 15:30:00,-0.002439636389354738
2025-01-02 09:30:00,-0.023773294311753502
2025-01-02 10:30:00,-0.0027179743894899964
2025-01-02 11:30:00,-0.005748774648702455
2025-01-02 12:30:00,-0.0047055798057610695
2025-01-02 13:30:00,0.0020655994673188793
2025-01-02 14:30:00,0.004534371536614679
2025-01-02 15:30:00,-0.002231262002065959
2025-01-03 09:30:00,-0.0033939762297905593
2025-01-03 10:30:00,-0.0014431770826558443
2025-01-03 11:30:00,0.0007980403545577349
2025-01-03 12:30:00,-0.009246301859839656
2025-01-03 13:30:00,-0.006308945872005108
2025-01-03 14:30:00,-0.003712366408539003
2025-01-03 15:30:00,-0.008013958127102963
2025-01-06 09:30:00,-0.022527825271479396
2025-01-06 10:30:00,-1.24106788795079e-05
2025-01-06 11:30:00,0.0012402562222366908
2025-01-06 12:30:00,-0.001271719235188748
2025-01-06 13:30:00,-0.0025260009672726357
2025-01-06 14:30:00,-0.002853217276955765
2025-01-06 15:30:00,-0.00289668183344017
2025-01-07 09:30:00,-0.011407111173432566
2025-01-07 10:30:00,-0.002036230671078898
2025-01-07 11:30:00,-0.004156119635543218
2025-01-07 12:30:00,0.0005466239864983945
2025-01-07 13:30:00,-0.0036127052413621797
2025-01-07 14:30:00,-0.005228093858769645
2025-01-07 15:30:00,0.0013146704019391386
2025-01-08 09:30:00,-0.01811642330659362
2025-01-08 10:30:00,-5.3738889906997565e-05
2025-01-08 11:30:00,-0.008573705302451995
2025-01-08 12:30:00,0.00132582003378016
2025-01-08 13:30:00,-0.0005697282983698759
2025-01-08 14:30:00,-0.0015277216086132972
2025-01-08 15:30:00,0.004626209240511781
2025-01-10 09:30:00,-0.03903425523510714
2025-01-10 10:30:00,-0.007952495510762343
2025-01-10 11:30:00,-0.005799570762573753
2025-01-10 12:30:00,0.0038811636609841715
2025-01-10 13:30:00,-0.00230004339097471
2025-01-10 14:30:00,-0.0048927081663690695
2025-01-10 15:30:00,-0.0017132815824887238
2025-01-13 09:30:00,-0.02667958545217892
2025-01-13 10:30:00,-0.0016240713324268963
2025-01-13 11:30:00,0.001562420915991447
2025-01-13 12:30:00,0.0038024244323934695
2025-01-13 13:30:00,-0.00193473605891549
2025-01-13 14:30:00,-0.007502059759590285
2025-01-13 15:30:00,-0.00021057444412766468
2025-01-14 09:30:00,-0.02077544909068013
2025-01-14 10:30:00,-0.004097617011427301
2025-01-14 11:30:00,-0.0048873575310062305
2025-01-14 12:30:00,0.002142023444448582
2025-01-14 13:30:00,-0.004658530825420865
2025-01-14 14:30:00,-0.0028262753178093605
2025-01-14 15:30:00,0.00514632131998094
2025-01-15 09:30:00,-0.017192331700207886
2025-01-15 10:30:00,-0.008496664665623512
2025-01-15 11:30:00,-0.0009847913047499482
2025-01-15 12:30:00,0.0005529860288763974
2025-01-15 13:30:00,-0.0008274660206504692
2025-01-15 14:30:00,-0.0018079466399835375
2025-01-15 15:30:00,-0.0006355121040841535
2025-01-16 09:30:00,-0.023467237305539176
2025-01-16 10:30:00,0.010582707576264117
2025-01-16 11:30:00,0.0003313627164089894
2025-01-16 12:30:00,0.00046131574756880234
2025-01-16 13:30:00,0.0004071673724264646
2025-01-16 14:30:00,0.002961241883547183
2025-01-16 15:30:00,-0.0022285507049509823
2025-01-17 09:30:00,-0.0014176312034154814
2025-01-17 10:30:00,-0.00637817436686335
2025-01-17 11:30:00,-0.0004840845116908521
2025-01-17 12:30:00,-0.005245097307541413
2025-01-17 13:30:00,-0.00022958578348969416
2025-01-17 14:30:00,0.0
2025-01-17 15:30:00,-0.00501769469954394
2025-01-21 09:30:00,-0.03370035079582007
2025-01-21 10:30:00,0.0010566334513104625
2025-01-21 11:30:00,0.002954908515125476
2025-01-21 12:30:00,-0.004871169806583864
2025-01-21 13:30:00,-0.004133739903903348
2025-01-21 14:30:00,-0.002076908484650697
2025-01-21 15:30:00,0.0020891361310636145
2025-01-22 09:30:00,-0.009386800306515564
2025-01-22 10:30:00,0.00432955307329827
2025-01-22 11:30:00,-0.005949338645523346
2025-01-22 12:30:00,-0.004087304565989269
2025-01-22 13:30:00,-0.004671863537887355
2025-01-22 14:30:00,0.0007008975288765688
2025-01-22 15:30:00,-0.005951856415478529
2025-01-23 09:30:00,-0.03850839200382663
2025-01-23 10:30:00,-0.006463784731621329
2025-01-23 11:30:00,0.008307325850321345
2025-01-23 12:30:00,0.00031418759770618365
2025-01-23 13:30:00,-0.011104830491303785
2025-01-23 14:30:00,0.0022710119408774765
2025-01-23 15:30:00,-0.0002931103781159683
2025-01-24 09:30:00,-0.014686970819122366
2025-01-24 10:30:00,-0.0034550552086789845
2025-01-24 11:30:00,-0.005911747477236884
2025-01-24 12:30:00,-0.004762858681915045
2025-01-24 13:30:00,0.0012654906751731992
2025-01-24 14:30:00,-0.0006524524292947444
2025-01-24 15:30:00,-0.0018658259945901756
2025-01-27 09:30:00,-0.12230696844117643
2025-01-27 10:30:00,-0.02900787679852191
2025-01-27 11:30:00,0.0022876085782335075
2025-01-27 12:30:00,-0.019526743202697365
2025-01-27 13:30:00,0.0070543226972289985
2025-01-27 14:30:00,-0.0027781487321207497
2025-01-27 15:30:00,0.0021742301770190874
2025-01-28 09:30:00,-0.0058305784345202005
2025-01-28 10:30:00,-0.015947987852681915
2025-01-28 11:30:00,0.004980947584019141
2025-01-28 12:30:00,-0.0006499433465808446
2025-01-28 13:30:00,2.7091140888735322e-05
2025-01-28 14:30:00,0.0043319094965907825
2025-01-28 15:30:00,-0.0030592148711351594
2025-01-29 09:30:00,-0.025636325145203403
2025-01-29 10:30:00,-0.003563156181091496
2025-01-29 11:30:00,0.00195436778631862
2025-01-29 12:30:00,-0.0009099407071313832
2025-01-29 13:30:00,-0.007356410643539951
2025-01-29 14:30:00,0.00347172741180484
2025-01-29 15:30:00,-0.004749967253485421
2025-01-30 09:30:00,-0.053555339730789554
2025-01-30 10:30:00,-0.004753582958211077
2025-01-30 11:30:00,-0.004858801381856963
2025-01-30 12:30:00,0.006169504125028124
2025-01-30 13:30:00,-0.003947971880818238
2025-01-30 14:30:00,0.002154700367028441
2025-01-30 15:30:00,-0.0008857177049909863
2025-01-31 09:30:00,-0.04046468691145793
2025-01-31 10:30:00,0.003015767787566098
2025-01-31 11:30:00,0.001083156124973006
2025-01-31 12:30:00,-0.0035931328484898515
2025-01-31 13:30:00,-0.00803301321193951
2025-01-31 14:30:00,-0.003082167125925521
2025-01-31 15:30:00,-0.005336087497158284
2025-02-03 09:30:00,-0.023198024062975116
2025-02-03 10:30:00,-0.0005814885850470852
2025-02-03 11:30:00,-0.004422166300275398
2025-02-03 12:30:00,-0.003127335576937179
2025-02-03 13:30:00,0.0033022893168568935
2025-02-03 14:30:00,-0.001502508910935668
2025-02-03 15:30:00,-0.0024589501072134643
2025-02-04 09:30:00,-0.03792875017622056
2025-02-04 10:30:00,0.0018362066168564673
2025-02-04 11:30:00,-0.004531264698637016
2025-02-04 12:30:00,-4.31478237321481e-05
2025-02-04 13:30:00,-0.002812391306105044
2025-02-04 14:30:00,-0.005019155671748788
2025-02-04 15:30:00,-0.0028956706989191282
2025-02-05 09:30:00,-0.03890636577973107
2025-02-05 10:30:00,-0.0027481978834072497
2025-02-05 11:30:00,0.0014320562402113878
2025-02-05 12:30:00,0.0006125825017545439
2025-02-05 13:30:00,-0.0021085911601873343
2025-02-05 14:30:00,-0.001153952973967709
2025-02-05 15:30:00,-0.0011089984084057813
2025-02-06 09:30:00,-0.050436257027566135
2025-02-06 10:30:00,-0.005868169741434065
2025-02-06 11:30:00,-0.004583151756828968
2025-02-06 12:30:00,-0.001954042984657911
2025-02-06 13:30:00,-0.005887072333243287
2025-02-06 14:30:00,-0.0009571159707923993
2025-02-06 15:30:00,0.00033054955762677475
2025-02-07 09:30:00,-0.011315661879850836
2025-02-07 10:30:00,-0.0052188214888407415
2025-02-07 11:30:00,-0.0036854308079147134
2025-02-07 12:30:00,-0.00032130452152144827
2025-02-07 13:30:00,-0.005147143978823554
2025-02-07 14:30:00,-0.0013919589728127845
2025-02-07 15:30:00,0.0003366150951612801
2025-02-10 09:30:00,-0.022458566474832332
2025-02-10 10:30:00,-0.0031810313203380126
2025-02-10 11:30:00,0.0008546607954914188
2025-02-10 12:30:00,0.0009086176071664897
2025-02-10 13:30:00,-0.0014488603217468533
2025-02-10 14:30:00,-0.002158349693536627
2025-02-10 15:30:00,-0.0012729710927258016
2025-02-11 09:30:00,-0.024981778083534557
2025-02-11 10:30:00,-0.0016452709390250009
2025-02-11 11:30:00,-0.0020288528264525265
2025-02-11 12:30:00,-0.0009933822363304313
2025-02-11 13:30:00,0.0010049025546678635
2025-02-11 14:30:00,0.0011366769540059475
2025-02-11 15:30:00,-0.0023033457446420083
2025-02-12 09:30:00,-0.031581910748901904
2025-02-12 10:30:00,-0.0002001462909054619
2025-02-12 11:30:00,0.00416825547285476
2025-02-12 12:30:00,-0.0034581895548212566
2025-02-12 13:30:00,-0.0029876981781796394
2025-02-12 14:30:00,0.0016183707238785355
2025-02-12 15:30:00,-0.0015654395134909959
2025-02-13 09:30:00,-0.06234040211990179
2025-02-13 10:30:00,-0.0022854060337740524
2025-02-13 11:30:00,-0.003413090456135859
2025-02-13 12:30:00,-0.004164658683973447
2025-02-13 13:30:00,0.001150679930773224
2025-02-13 14:30:00,0.0028208096779523684
2025-02-13 15:30:00,-0.006248126293782477
2025-02-14 09:30:00,-0.029695166625379476
2025-02-14 10:30:00,-0.002402568765012797
2025-02-14 11:30:00,-0.003170089740644878
2025-02-14 12:30:00,0.00024736612962316567
2025-02-14 13:30:00,-0.0024418499887163794
2025-02-14 14:30:00,-0.00470576719638347
2025-02-14 15:30:00,-0.0028682002236492697
2025-02-18 09:30:00,-0.019643968162381804
2025-02-18 10:30:00,-0.0006790467822374857
2025-02-18 11:30:00,-0.0011410093841016044
2025-02-18 12:30:00,-0.0008229322478268075
2025-02-18 13:30:00,-0.0024850226549544977
2025-02-18 14:30:00,-0.0003610720277467443
2025-02-18 15:30:00,0.002700542330697284
2025-02-19 09:30:00,-0.020112822440404736
2025-02-19 10:30:00,-0.005827796187979947
2025-02-19 11:30:00,-0.0011131276258159832
2025-02-19 12:30:00,-0.001021284485126856
2025-02-19 13:30:00,-0.001671945504440095
2025-02-19 14:30:00,-0.00220571314584439
2025-02-19 15:30:00,-0.0017560596509594295
2025-02-20 09:30:00,-0.04779637298537576
2025-02-20 10:30:00,-0.008684794667690404
2025-02-20 11:30:00,-0.00013701126455753498
2025-02-20 12:30:00,-7.334522305693647e-05
2025-02-20 13:30:00,0.004465002436504284
2025-02-20 14:30:00,0.00035667555442007055
2025-02-20 15:30:00,0.00011195828746446423
2025-02-21 09:30:00,-0.04518402991306645
2025-02-21 10:30:00,-0.001385354225220231
2025-02-21 11:30:00,-0.005832903762207059
2025-02-21 12:30:00,-0.012925880387810057
2025-02-21 13:30:00,-0.008390479788894206
2025-02-21 14:30:00,0.0018679534152170663
2025-02-21 15:30:00,-0.003939173031717485
2025-02-24 09:30:00,-0.03639645835730688
2025-02-24 10:30:00,0.011759166204721649
2025-02-24 11:30:00,0.0031290410634356447
2025-02-24 12:30:00,0.0012534709173034563
2025-02-24 13:30:00,-0.005602508089394415
2025-02-24 14:30:00,-0.005074259562018474
2025-02-24 15:30:00,-0.005965556153401985
2025-02-25 09:30:00,-0.0639004334645901
2025-02-25 10:30:00,0.0006507168538823161
2025-02-25 11:30:00,0.0064757644951619845
2025-02-25 12:30:00,0.002225907753919637
2025-02-25 13:30:00,-0.003116608736573567
2025-02-25 14:30:00,0.010488876489434269
2025-02-25 15:30:00,-0.006389705918824262
2025-02-26 09:30:00,-0.035264313586996186
2025-02-26 10:30:00,0.01198682536545588
2025-02-26 11:30:00,-0.0014547824735014342
2025-02-26 12:30:00,-0.009726041370010183
2025-02-26 13:30:00,-0.005593775551746346
2025-02-26 14:30:00,0.0002492960226031404
2025-02-26 15:30:00,-0.000309677372668318
2025-02-27 09:30:00,-0.03498385729575136
2025-02-27 10:30:00,-0.0034804749250546955
2025-02-27 11:30:00,-0.0010151787352562604
2025-02-27 12:30:00,0.0007807364043898498
2025-02-27 13:30:00,-0.00948698907935334
2025-02-27 14:30:00,-0.012020431658663433
2025-02-27 15:30:00,-0.005639775693516447
2025-02-28 09:30:00,-0.019981463782003512
2025-02-28 10:30:00,-0.010365805165969322
2025-02-28 11:30:00,0.0009208045136006926
2025-02-28 12:30:00,-0.007479708413863251
2025-02-28 13:30:00,-0.001572430479768555
2025-02-28 14:30:00,0.008226001093211166
2025-02-28 15:30:00,0.0024430529002641282
2025-03-03 09:30:00,-0.02383639199077983
2025-03-03 10:30:00,-0.005511359439819779
2025-03-03 11:30:00,-0.0032293742799064224
2025-03-03 12:30:00,-0.02234426784341494
2025-03-03 13:30:00,-0.0013804899354740016
2025-03-03 14:30:00,-0.018337452822742795
2025-03-03 15:30:00,0.0025928905718580917
2025-03-04 09:30:00,-0.05203439922970725
2025-03-04 10:30:00,-0.008152947752397671
2025-03-04 11:30:00,0.008517202131982088
2025-03-04 12:30:00,0.0006273944212342953
2025-03-04 13:30:00,0.0013829848459687212
2025-03-04 14:30:00,0.0002666339062795182
2025-03-04 15:30:00,-0.014635241063272585
2025-03-05 09:30:00,-0.016350416326138827
2025-03-05 10:30:00,-0.007063800652752183
2025-03-05 11:30:00,0.003763859537735953
2025-03-05 12:30:00,-0.0008957672190065713
2025-03-05 13:30:00,0.005409624937122081
2025-03-05 14:30:00,-0.0004905587883224078
2025-03-05 15:30:00,-0.0039332208736207516
2025-03-06 09:30:00,-0.02501343484018333
2025-03-06 10:30:00,0.00423095518051525
2025-03-06 11:30:00,-0.009324038792880962
2025-03-06 12:30:00,-0.0022403347447648215
2025-03-06 13:30:00,-0.0021115842374328344
2025-03-06 14:30:00,0.0009062358337751763
2025-03-06 15:30:00,-0.0036076747407890906
2025-03-07 09:30:00,-0.02973345798805931
2025-03-07 10:30:00,-0.014375905682825424
2025-03-07 11:30:00,-0.0021376136082658257
2025-03-07 12:30:00,0.00931607575165615
2025-03-07 13:30:00,0.00529579007197751
2025-03-07 14:30:00,-0.002914032659179444
2025-03-07 15:30:00,0.0004692071452658611
2025-03-10 09:30:00,-0.04568449993112667
2025-03-10 10:30:00,-0.0012335612876343994
2025-03-10 11:30:00,-0.0012927782238870088
2025-03-10 12:30:00,-0.007276217650064804
2025-03-10 13:30:00,-0.007300615383668274
2025-03-10 14:30:00,9.756629491300962e-05
2025-03-10 15:30:00,-0.003243534613904775
2025-03-11 09:30:00,-0.03134769519248982
2025-03-11 10:30:00,-0.000478070554615162
2025-03-11 11:30:00,-0.0057146835368389
2025-03-11 12:30:00,-0.00576902586800615
2025-03-11 13:30:00,0.006684092970759203
2025-03-11 14:30:00,-0.000997752507474109
2025-03-11 15:30:00,-0.006188594878796233
2025-03-12 09:30:00,-0.019178931260735266
2025-03-12 10:30:00,-0.0031770422166215507
2025-03-12 11:30:00,0.00035210386282655823
2025-03-12 12:30:00,0.0005286541408429879
2025-03-12 13:30:00,-0.0006721068191891221
2025-03-12 14:30:00,-0.0018025418684463224
2025-03-12 15:30:00,-0.002598320609255683
2025-03-13 09:30:00,-0.013672681981419637
2025-03-13 10:30:00,-0.006978628460502195
2025-03-13 11:30:00,-0.005942920422465203
2025-03-13 12:30:00,-0.0035287215260072337
2025-03-13 13:30:00,-0.0001839871795539405
2025-03-13 14:30:00,-0.0032446928699219222
2025-03-13 15:30:00,-0.0025434706977515487
2025-03-14 09:30:00,-0.003988035415975266
2025-03-14 10:30:00,0.0022923268226707244
2025-03-14 11:30:00,-0.004110339442958272
2025-03-14 12:30:00,-0.00019356386383608302
2025-03-14 13:30:00,-0.000814220898662072
2025-03-14 14:30:00,-6.20456163084355e-05
2025-03-14 15:30:00,0.0007827788042386041
2025-03-17 09:30:00,-0.03139569485376395
2025-03-17 10:30:00,-0.003698040048840704
2025-03-17 11:30:00,0.0031044790957241997
2025-03-17 12:30:00,0.02974341780798473
2025-03-17 13:30:00,-0.0017457038340644715
2025-03-17 14:30:00,-0.015023842160566847
2025-03-17 15:30:00,0.0005649236765024046
2025-03-18 09:30:00,-0.034441072405585915
2025-03-18 10:30:00,0.0022078168622894356
2025-03-18 11:30:00,0.0006161618374439515
2025-03-18 12:30:00,-0.003718368540113204
2025-03-18 13:30:00,0.0005805730695978006
2025-03-18 14:30:00,-0.005333771258060893
2025-03-18 15:30:00,0.0
2025-03-19 09:30:00,-0.06692638794927908
2025-03-19 10:30:00,-4.600702005911709e-05
2025-03-19 11:30:00,0.0010101035088426746
2025-03-19 12:30:00,-0.003775306052860213
2025-03-19 13:30:00,-0.00290095702767057
2025-03-19 14:30:00,0.00198601639726248
2025-03-19 15:30:00,0.0
2025-03-20 09:30:00,-0.02908194324621538
2025-03-20 10:30:00,0.0
2025-03-20 11:30:00,-0.01640091379632458
2025-03-20 12:30:00,-0.002788902624973555
2025-03-20 13:30:00,-0.02392016028314159
2025-03-20 14:30:00,-0.004428592443712409
2025-03-20 15:30:00,0.006685983718308086
2025-03-21 09:30:00,-0.04220969545633394
2025-03-21 10:30:00,-0.006612093885469336
2025-03-21 11:30:00,-0.0044734486066311625
2025-03-21 12:30:00,-0.00753123432841687
2025-03-21 13:30:00,0.0106491699286968
2025-03-21 14:30:00,-0.00031672114349345915
2025-03-21 15:30:00,-0.004436377340953146
2025-03-24 09:30:00,-0.025782094471415662
2025-03-24 10:30:00,0.0021420329287379913
2025-03-24 11:30:00,-0.0014649620407410913
2025-03-24 12:30:00,-0.0010858795261049492
2025-03-24 13:30:00,-0.0019890493586339764
2025-03-24 14:30:00,0.000382406824847914
2025-03-24 15:30:00,0.007679571834142029
2025-03-25 09:30:00,-0.019406095902332953
2025-03-25 10:30:00,-0.0068917763735451155
2025-03-25 11:30:00,-0.004237848400068007
2025-03-25 12:30:00,-0.0025395415926955656
2025-03-25 13:30:00,-0.0062690572150856105
2025-03-25 14:30:00,-0.0022786955251232754
2025-03-25 15:30:00,0.0017036163942176774
2025-03-26 09:30:00,0.005882969904359547
2025-03-26 10:30:00,-0.006659698635995526
2025-03-26 11:30:00,-0.005189126013238288
2025-03-26 12:30:00,-0.010871256886460012
2025-03-26 13:30:00,-0.0034506251830504486
2025-03-26 14:30:00,-0.003528886255646624
2025-03-26 15:30:00,0.0022285799160863817
2025-03-27 09:30:00,-0.055399654705341396
2025-03-27 10:30:00,0.0020951265007571607
2025-03-27 11:30:00,-0.0070619040776284114
2025-03-27 12:30:00,-0.0063894370266928124
2025-03-27 13:30:00,0.0025124348052544265
2025-03-27 14:30:00,0.0
2025-03-27 15:30:00,0.0
2025-03-28 09:30:00,-0.025397349264613487
2025-03-28 10:30:00,-0.00013797495650112537
2025-03-28 11:30:00,-0.002766794734353026
2025-03-28 12:30:00,-0.004124602589672321
2025-03-28 13:30:00,0.00015178524581200837
2025-03-28 14:30:00,-0.00045953882787728794
2025-03-28 15:30:00,-0.004796887526878291
2025-03-31 09:30:00,-0.03306208268693882
2025-03-31 10:30:00,0.008436541796491455
2025-03-31 11:30:00,0.0022356334167801546
2025-03-31 12:30:00,-0.00303883341420143
2025-03-31 13:30:00,0.006593200522487619
2025-03-31 14:30:00,0.0003918688620493012
2025-03-31 15:30:00,-0.005275875975866429
2025-04-01 09:30:00,-0.019514874947260976
2025-04-01 10:30:00,0.002090497137937408
2025-04-01 11:30:00,-0.011257389711299637
2025-04-01 12:30:00,-0.0039967430443506825
2025-04-01 13:30:00,-0.008483499302557167
2025-04-01 14:30:00,-0.0019565158114355588
2025-04-01 15:30:00,-0.0031242885044809082
2025-04-02 09:30:00,0.0014775849832890265
2025-04-02 10:30:00,0.0001374493602132043
2025-04-02 11:30:00,-0.008932637819961165
2025-04-02 12:30:00,-0.0003363946628779646
2025-04-02 13:30:00,-0.005513165542847938
2025-04-02 14:30:00,0.0021007533830870173
2025-04-02 15:30:00,0.001296903925622539
2025-04-03 09:30:00,-0.09669233321356631
2025-04-03 10:30:00,-0.011856217074689913
2025-04-03 11:30:00,0.0016565870464350485
2025-04-03 12:30:00,-0.010676182248847338
2025-04-03 13:30:00,-0.005178532405656622
2025-04-03 14:30:00,-0.005119637743729077
2025-04-03 15:30:00,-0.00776547530946794
2025-04-04 09:30:00,-0.08979891844587067
2025-04-04 10:30:00,-0.002603314768822934
2025-04-04 11:30:00,-0.009762066257497088
2025-04-04 12:30:00,-0.005722078922819868
2025-04-04 13:30:00,-0.009329906232274598
2025-04-04 14:30:00,-0.002907841468416167
2025-04-04 15:30:00,-0.009966177617728455
2025-04-07 09:30:00,-0.02871735240609225
2025-04-07 10:30:00,-0.013660219458486073
2025-04-07 11:30:00,0.006651413847108367
2025-04-07 12:30:00,0.0054553533862345075
2025-04-07 13:30:00,0.0016522899498937539
2025-04-07 14:30:00,-0.013390846786655114
2025-04-07 15:30:00,0.000363394781839127
2025-04-08 09:30:00,0.005139042580640618
2025-04-08 10:30:00,-0.018599001767222522
2025-04-08 11:30:00,-0.0006209372074802877
2025-04-08 12:30:00,-0.023880675738652695
2025-04-08 13:30:00,-0.005871050651663312
2025-04-08 14:30:00,-0.006869615128294576
2025-04-08 15:30:00,-0.006805488198432752
2025-04-09 09:30:00,-0.0217971863742346
2025-04-09 10:30:00,-0.0024903554979550267
2025-04-09 11:30:00,-0.000622228213742071
2025-04-09 12:30:00,0.008174137570618578
2025-04-09 13:30:00,-0.02858016716457293
2025-04-09 14:30:00,-0.006047286029986443
2025-04-09 15:30:00,-0.0013352437012427165
2025-04-10 09:30:00,0.0037117826333218362
2025-04-10 10:30:00,-0.010745441711423642
2025-04-10 11:30:00,-0.018834146495589604
2025-04-10 12:30:00,0.004697773241919667
2025-04-10 13:30:00,0.0
2025-04-10 14:30:00,0.0
2025-04-10 15:30:00,-0.23859590114984786
2025-04-11 09:30:00,-0.041379005267365376
2025-04-11 10:30:00,-0.00980021144236115
2025-04-11 11:30:00,-0.0014450279327966609
2025-04-11 12:30:00,0.04411210486387063
2025-04-11 13:30:00,0.010780240307124656
2025-04-11 14:30:00,0.0004063069250106466
2025-04-11 15:30:00,0.012691644096987309
2025-04-14 09:30:00,0.0
2025-04-14 10:30:00,0.0
2025-04-14 11:30:00,0.0
2025-04-14 12:30:00,0.0
2025-04-14 13:30:00,0.0
2025-04-14 14:30:00,0.0
2025-04-14 15:30:00,0.0
2025-04-15 09:30:00,0.0
2025-04-15 10:30:00,0.0
2025-04-15 11:30:00,0.0
2025-04-15 12:30:00,0.0
2025-04-15 13:30:00,0.0
2025-04-15 14:30:00,0.0
2025-04-15 15:30:00,0.0
2025-04-16 09:30:00,0.0
2025-04-16 10:30:00,0.0
2025-04-16 11:30:00,0.0
2025-04-16 12:30:00,0.0
2025-04-16 13:30:00,0.0
2025-04-16 14:30:00,-0.013281438665842193
2025-04-16 15:30:00,-0.0029598180902791205
2025-04-17 09:30:00,-0.13081872134413333
2025-04-17 10:30:00,-0.008933417188316084
2025-04-17 11:30:00,0.004545112022947606
2025-04-17 12:30:00,0.006719663455521996
2025-04-17 13:30:00,-0.010699567036561775
2025-04-17 14:30:00,0.003969703961355542
2025-04-17 15:30:00,0.00320931439973976
2025-04-21 09:30:00,-0.042789220687424634
2025-04-21 10:30:00,-0.008065816588599308
2025-04-21 11:30:00,-0.006985283892700589
2025-04-21 12:30:00,-0.0016402132312830396
2025-04-21 13:30:00,-1.4874468655945439e-06
2025-04-21 14:30:00,-0.003412475972339013
2025-04-21 15:30:00,0.0011520207965697526
2025-04-22 09:30:00,-0.034268172658445395
2025-04-22 10:30:00,-0.006907375438023389
2025-04-22 11:30:00,-0.0025466905849731436
2025-04-22 12:30:00,-0.02050434997754136
2025-04-22 13:30:00,0.006252787858578079
2025-04-22 14:30:00,0.022321635713110854
2025-04-22 15:30:00,0.0006896794874915457
2025-04-23 09:30:00,0.0
2025-04-23 10:30:00,0.0
2025-04-23 11:30:00,0.0
2025-04-23 12:30:00,0.0
2025-04-23 13:30:00,0.0
2025-04-23 14:30:00,0.0
2025-04-23 15:30:00,0.0
2025-04-24 09:30:00,0.0
2025-04-24 10:30:00,0.0
2025-04-24 11:30:00,0.0
2025-04-24 12:30:00,-0.010369086980598796
2025-04-24 13:30:00,0.0019320390331074577
2025-04-24 14:30:00,0.0
2025-04-24 15:30:00,0.0
2025-04-25 09:30:00,-0.07055837468009234
2025-04-25 10:30:00,-0.00046820275144543455
2025-04-25 11:30:00,-0.0022210804298172793
2025-04-25 12:30:00,0.0039413657214062425
2025-04-25 13:30:00,-0.0018585298251551086
2025-04-25 14:30:00,0.0010016292169399144
2025-04-25 15:30:00,0.0013664793449041923
2025-04-28 09:30:00,-0.02490058871698786
2025-04-28 10:30:00,0.0018401956124738383
2025-04-28 11:30:00,-0.012433927592610083
2025-04-28 12:30:00,-0.0033765206502976985
2025-04-28 13:30:00,-0.007981850501285082
2025-04-28 14:30:00,0.002083879483524953
2025-04-28 15:30:00,0.002397211523926579
2025-04-29 09:30:00,-0.06786897541710413
2025-04-29 10:30:00,0.0017758897579209787
2025-04-29 11:30:00,0.0
2025-04-29 12:30:00,0.0
2025-04-29 13:30:00,0.0
2025-04-29 14:30:00,0.0
2025-04-29 15:30:00,0.0
2025-04-30 09:30:00,0.0
2025-04-30 10:30:00,0.0
2025-04-30 11:30:00,0.0
2025-04-30 12:30:00,0.0
2025-04-30 13:30:00,0.0
2025-04-30 14:30:00,0.0
2025-04-30 15:30:00,-0.007759221820129558
2025-05-01 09:30:00,-0.04310542443295601
2025-05-01 10:30:00,-0.0033274092465351846
2025-05-01 11:30:00,-0.009389695913442853
2025-05-01 12:30:00,-0.003106705882255293
2025-05-01 13:30:00,0.0020772257768437163
2025-05-01 14:30:00,-0.007393859226233979
2025-05-01 15:30:00,-0.0073314413346935725
2025-05-02 09:30:00,-0.0719482362385889
2025-05-02 10:30:00,-0.008292629882389824
2025-05-02 11:30:00,-0.0027764086296755896
2025-05-02 12:30:00,-0.0004016813759118258
2025-05-02 13:30:00,0.002110236305138069
2025-05-02 14:30:00,0.000617851567925598
2025-05-02 15:30:00,0.0013508310414151274
2025-05-05 09:30:00,-0.02922269094851855
2025-05-05 10:30:00,0.0072166914046356
2025-05-05 11:30:00,0.002642879707631718
2025-05-05 12:30:00,-0.0004039767904323403
2025-05-05 13:30:00,0.0024697772891683436
2025-05-05 14:30:00,-0.0038891298897667514
2025-05-05 15:30:00,-0.0037429092189165125
2025-05-06 09:30:00,-0.045978959002661766
2025-05-06 10:30:00,1.3665695861742044e-05
2025-05-06 11:30:00,-0.012170530820476297
2025-05-06 12:30:00,-0.00272472918812196
2025-05-06 13:30:00,-0.0020589993979040857
2025-05-06 14:30:00,0.0034777418678588377
2025-05-06 15:30:00,-0.0006632774033603628
2025-05-07 09:30:00,-0.00895575114835633
2025-05-07 10:30:00,-0.007150483039723099
2025-05-07 11:30:00,-0.012999120814485843
2025-05-07 12:30:00,0.0053703582601417055
2025-05-07 13:30:00,-0.005496629313505905
2025-05-07 14:30:00,-0.003544032148486901
2025-05-07 15:30:00,-7.961988761640004e-05
2025-05-08 09:30:00,-0.03755634283452632
2025-05-08 10:30:00,0.000555778852534488
2025-05-08 11:30:00,0.009441956804613127
2025-05-08 12:30:00,-0.002677759984519934
2025-05-08 13:30:00,-0.006972874817484865
2025-05-08 14:30:00,0.00016018527800892857
2025-05-08 15:30:00,-0.005263232996542744
2025-05-09 09:30:00,-0.005879783453796644
2025-05-09 10:30:00,-0.0043715864614800905
2025-05-09 11:30:00,0.001538690699740039
2025-05-09 12:30:00,-0.00024497091733212406
2025-05-09 13:30:00,0.0008259855593565679
2025-05-09 14:30:00,0.0007792368845512451
2025-05-09 15:30:00,-0.0020667558439676215
2025-05-12 09:30:00,-0.030716293614647543
2025-05-12 10:30:00,-0.002243337233541892
2025-05-12 11:30:00,-0.0019296541622287444
2025-05-12 12:30:00,-0.002289914216191652
2025-05-12 13:30:00,-0.003960806941853062
2025-05-12 14:30:00,-0.005873255621814172
2025-05-12 15:30:00,0.001717329010207763
2025-05-13 09:30:00,-0.025107592179380373
2025-05-13 10:30:00,-0.0017223992492894802
2025-05-13 11:30:00,-0.002651868888365605
2025-05-13 12:30:00,0.0006059733768849773
2025-05-13 13:30:00,-0.0007692098746662157
2025-05-13 14:30:00,-0.0016793293994845637
2025-05-13 15:30:00,-0.003085212329055298
2025-05-14 09:30:00,-0.014251611445230006
2025-05-14 10:30:00,-0.0015451954425915015
2025-05-14 11:30:00,-0.0006060159396702236
2025-05-14 12:30:00,-0.00012542249519637005
2025-05-14 13:30:00,-0.001598604681511706
2025-05-14 14:30:00,-0.00047615349083386383
2025-05-14 15:30:00,-0.003038684369516026
2025-05-15 09:30:00,-0.022696531108336703
2025-05-15 10:30:00,0.010582661477783948
2025-05-15 11:30:00,0.0026236463352800722
2025-05-15 12:30:00,0.010693084464667768
2025-05-15 13:30:00,-0.0012468297478009482
2025-05-15 14:30:00,-0.0007176768749925603
2025-05-15 15:30:00,0.001783562212092027
2025-05-16 09:30:00,-0.01729825814680246
2025-05-16 10:30:00,-0.0038131441383796316
2025-05-16 11:30:00,0.00410108449998033
2025-05-16 12:30:00,0.00228702497920219
2025-05-16 13:30:00,-0.0013310940494399848
2025-05-16 14:30:00,0.0
2025-05-16 15:30:00,0.0
2025-05-19 09:30:00,-0.009395941889893428
2025-05-19 10:30:00,-0.0017532437183623184
2025-05-19 11:30:00,-0.0014121302211110853
2025-05-19 12:30:00,0.007513713909484743
2025-05-19 13:30:00,-0.0037792738247549953
2025-05-19 14:30:00,-0.0028480690610091877
2025-05-19 15:30:00,-0.0014985422564108286
2025-05-20 09:30:00,-0.010669130892654916
2025-05-20 10:30:00,-0.0017189460594721837
2025-05-20 11:30:00,-0.012271729240500996
2025-05-20 12:30:00,0.005447970824084275
2025-05-20 13:30:00,-0.0042881730489599925
2025-05-20 14:30:00,0.0004999491223933085
2025-05-20 15:30:00,0.0009500419885133991
2025-05-21 09:30:00,-0.02797098621247347
2025-05-21 10:30:00,-0.0023424510285405932
2025-05-21 11:30:00,0.0005625790619219806
2025-05-21 12:30:00,-0.01097043865915997
2025-05-21 13:30:00,-0.0009232849319998516
2025-05-21 14:30:00,-0.006984916151859794
2025-05-21 15:30:00,-0.0013989479845380847
2025-05-22 09:30:00,-0.019264705667286053
2025-05-22 10:30:00,0.0004803165244140484
2025-05-22 11:30:00,0.0018878971605607142
2025-05-22 12:30:00,0.0002777564151895284
2025-05-22 13:30:00,0.000519510951675356
2025-05-22 14:30:00,0.0036372525977321378
2025-05-22 15:30:00,-0.00643846942158906
2025-05-23 09:30:00,-0.04133368450683048
2025-05-23 10:30:00,-0.0010183928720991164
2025-05-23 11:30:00,0.0004338935569795033
2025-05-23 12:30:00,0.0039349890703266775
2025-05-23 13:30:00,-0.0035993862018664836
2025-05-23 14:30:00,0.00040857245404413156
2025-05-23 15:30:00,-0.004897393597071831
2025-05-27 09:30:00,-0.017114228909325662
2025-05-27 10:30:00,0.0042492451038475265
2025-05-27 11:30:00,-0.0001456039553650528
2025-05-27 12:30:00,-0.005734655896355862
2025-05-27 13:30:00,-0.0008437243920083048
2025-05-27 14:30:00,-0.000986567083747647
2025-05-27 15:30:00,0.0004599160435868832
2025-05-28 09:30:00,-0.011911462228651517
2025-05-28 10:30:00,-0.006762978776293986
2025-05-28 11:30:00,-0.0026738296510729776
2025-05-28 12:30:00,-0.0030052123136331704
2025-05-28 13:30:00,-0.0039782611618219225
2025-05-28 14:30:00,-0.015130545614318069
2025-05-28 15:30:00,-0.003640246302786647
2025-05-29 09:30:00,-0.020804810735714524
2025-05-29 10:30:00,-0.0001246042486626219
2025-05-29 11:30:00,-0.002155762211523404
2025-05-29 12:30:00,-0.006272219123696638
2025-05-29 13:30:00,-0.0004438217040193245
2025-05-29 14:30:00,0.0011742021338604597
2025-05-29 15:30:00,0.0006783935675274319
2025-05-30 09:30:00,-0.029176652359645807
2025-05-30 10:30:00,-0.0020027471738895963
2025-05-30 11:30:00,-0.009346441903406838
2025-05-30 12:30:00,-0.0014448953771327828
2025-05-30 13:30:00,0.00335541227278241
2025-05-30 14:30:00,0.000712940413421718
2025-05-30 15:30:00,-0.00874257831363153
2025-06-02 09:30:00,-0.02404155996506401
2025-06-02 10:30:00,-0.0023689159745329813
2025-06-02 11:30:00,-0.0008195826322162147
2025-06-02 12:30:00,0.0006421483097176162
2025-06-02 13:30:00,-0.0009221452755228399
2025-06-02 14:30:00,0.0010051721551378456
2025-06-02 15:30:00,-0.0014833858544128617
2025-06-03 09:30:00,-0.018478766233084493
2025-06-03 10:30:00,-0.0012913527580939999
2025-06-03 11:30:00,-0.004888039071419548
2025-06-03 12:30:00,0.002651869256329875
2025-06-03 13:30:00,0.0015161258901454366
2025-06-03 14:30:00,-0.003248294359310252
2025-06-03 15:30:00,-0.0029674979229893372
2025-06-04 09:30:00,-0.028726727620972215
2025-06-04 10:30:00,-0.0007575196527124462
2025-06-04 11:30:00,-0.00482500162085322
2025-06-04 12:30:00,-0.002511544438548563
2025-06-04 13:30:00,-0.007556476923057165
2025-06-04 14:30:00,-0.002108519266544928
2025-06-04 15:30:00,-0.004971946609624522
2025-06-05 09:30:00,-0.025787079140110403
2025-06-05 10:30:00,0.0016103625116432466
2025-06-05 11:30:00,-0.0022299529648066824
2025-06-05 12:30:00,-0.004800076669634501
2025-06-05 13:30:00,-0.002949249191784964
2025-06-05 14:30:00,-0.007211430151741814
2025-06-05 15:30:00,0.0007280196940349942
2025-06-06 09:30:00,-0.019997782372852366
2025-06-06 10:30:00,0.004007189036961653
2025-06-06 11:30:00,-0.0013410207763460413
2025-06-06 12:30:00,-0.0010627998244640002
2025-06-06 13:30:00,-0.0010153575640937883
2025-06-06 14:30:00,-0.001681577532507722
2025-06-06 15:30:00,-0.0009982132081172157
2025-06-09 09:30:00,-0.031693091636960206
2025-06-09 10:30:00,-0.0009077354797333792
2025-06-09 11:30:00,0.00036149669406574937
2025-06-09 12:30:00,0.00044725502126966574
2025-06-09 13:30:00,0.00010548361339117185
2025-06-09 14:30:00,-0.0007341424631944927
2025-06-09 15:30:00,-0.004648448467267701
2025-06-10 09:30:00,-0.02063197262830545
2025-06-10 10:30:00,-0.007360291171683164
2025-06-10 11:30:00,0.00029211011986395307
2025-06-10 12:30:00,-0.004488711460637734
2025-06-10 13:30:00,-0.0001528563165123842
2025-06-10 14:30:00,0.0006798779832581147
2025-06-10 15:30:00,-0.0008055755262694364
2025-06-11 09:30:00,-0.009992659849647234
2025-06-11 10:30:00,0.0007765315692837592
2025-06-11 11:30:00,0.001535950584657873
2025-06-11 12:30:00,-0.0004227412533791429
2025-06-11 13:30:00,-0.004174887827997775
2025-06-11 14:30:00,-0.0006811956651629064
2025-06-11 15:30:00,-8.431549987705537e-05
2025-06-12 09:30:00,-0.014483896416944912
2025-06-12 10:30:00,-0.0002776144908855836
2025-06-12 11:30:00,-0.0003385596961552923
2025-06-12 12:30:00,-0.001357596506121217
2025-06-12 13:30:00,-0.0008668450815679478
2025-06-12 14:30:00,0.00022113042581708986
2025-06-12 15:30:00,-0.002263295715345432
2025-06-13 09:30:00,-0.03532231560284173
2025-06-13 10:30:00,0.0106844545768597
2025-06-13 11:30:00,-0.00018710292771902188
2025-06-13 12:30:00,-0.003834057945799596
2025-06-13 13:30:00,-0.006614781180650309
2025-06-13 14:30:00,-0.0028617511221772974
2025-06-13 15:30:00,0.0007298230014414319
2025-06-16 09:30:00,-0.0033129865521468902
2025-06-16 10:30:00,-0.00880645965611837
2025-06-16 11:30:00,-0.0007373271567203577
2025-06-16 12:30:00,0.0014054191040257808
2025-06-16 13:30:00,-0.0009983328855966607
2025-06-16 14:30:00,-0.0021312304124288086
2025-06-16 15:30:00,0.0014403757995219626
2025-06-17 09:30:00,-0.011235119990669468
2025-06-17 10:30:00,-0.0033349784097953415
2025-06-17 11:30:00,-0.000171163481361436
2025-06-17 12:30:00,-0.004671986475294043
2025-06-17 13:30:00,-0.0038395328709909028
2025-06-17 14:30:00,-0.0007793588332470847
2025-06-17 15:30:00,-0.0013984908794213492
2025-06-18 09:30:00,-0.004063684465242789
2025-06-18 10:30:00,-0.0005507213995338822
2025-06-18 11:30:00,-0.005578849001672631
2025-06-18 12:30:00,-0.0037119121284642817
2025-06-18 13:30:00,0.0008970163772584423
2025-06-18 14:30:00,-0.006139313655664935
2025-06-18 15:30:00,-0.00042864163742874494
2025-06-20 09:30:00,-0.008743370745688123
2025-06-20 10:30:00,-0.0028386162680650376
2025-06-20 11:30:00,-0.0035623866994454745
2025-06-20 12:30:00,-0.0042945490672191165
2025-06-20 13:30:00,0.00038473315900197647
2025-06-20 14:30:00,-0.002896488790666002
2025-06-20 15:30:00,-0.0010194983334227087
2025-06-23 09:30:00,-0.0033026822061203056
2025-06-23 10:30:00,-0.0036930785729695054
2025-06-23 11:30:00,-0.008079786159982815
2025-06-23 12:30:00,-0.000854049693580633
2025-06-23 13:30:00,-0.0017110721392580297
2025-06-23 14:30:00,-0.0029305486733711833
2025-06-23 15:30:00,-0.0039018028412015626
2025-06-24 09:30:00,-0.009472214129958068
2025-06-24 10:30:00,-0.003970127473728787
2025-06-24 11:30:00,-0.0015514885025508399
2025-06-24 12:30:00,-0.0039071755134903775
2025-06-24 13:30:00,-0.0008924655092151314
2025-06-24 14:30:00,0.0025738914756719745
2025-06-24 15:30:00,-0.001704288679609367
2025-06-25 09:30:00,-0.01917698159860886
2025-06-25 10:30:00,-0.004519172997534389
2025-06-25 11:30:00,0.000581543608981198
2025-06-25 12:30:00,-0.003263086469839243
2025-06-25 13:30:00,-0.0038265391976896267
2025-06-25 14:30:00,-0.004192084610530817
2025-06-25 15:30:00,-0.005126767430541445
2025-06-26 09:30:00,-0.010898614191078805
2025-06-26 10:30:00,0.0004908524620072519
2025-06-26 11:30:00,0.0009987738063548246
2025-06-26 12:30:00,0.0023417196273644025
2025-06-26 13:30:00,-0.0033039325722864035
2025-06-26 14:30:00,0.002322874785194029
2025-06-26 15:30:00,-0.003366659137931375
2025-06-27 09:30:00,0.003969255055358029
2025-06-27 10:30:00,-0.000826222742726479
2025-06-27 11:30:00,-0.004110458822613183
2025-06-27 12:30:00,-0.002876299658406245
2025-06-27 13:30:00,-0.005484939365032249
2025-06-27 14:30:00,0.00032188390417325907
2025-06-27 15:30:00,-0.024529472962179888
2025-06-30 09:30:00,-0.014625683611937168
2025-06-30 10:30:00,-0.005523451468629632
2025-06-30 11:30:00,-0.0030717596473429976
2025-06-30 12:30:00,-5.7075531741634934e-05
2025-06-30 13:30:00,-0.00020568432187031415
2025-06-30 14:30:00,-0.004182503549669721
2025-06-30 15:30:00,-0.0009838015840039072
2025-07-01 09:30:00,-0.022698929555503622
2025-07-01 10:30:00,-0.008075043269027415
2025-07-01 11:30:00,-0.0017708919313874638
2025-07-01 12:30:00,0.004443641733549469
2025-07-01 13:30:00,-0.003088627165897223
2025-07-01 14:30:00,0.001061302390548069
2025-07-01 15:30:00,-0.0016997796086365424
2025-07-02 09:30:00,-0.043471523258611484
2025-07-02 10:30:00,-0.007534697704438658
2025-07-02 11:30:00,0.00026814725019744554
2025-07-02 12:30:00,-0.0004694829888306218
2025-07-02 13:30:00,-0.0013160986327588886
2025-07-02 14:30:00,-0.0016659315407908512
2025-07-02 15:30:00,-0.0037466434440887246
2025-07-03 09:30:00,0.008156698568656306
2025-07-03 10:30:00,-0.010353790072033547
2025-07-03 11:30:00,-0.0013479846427917608
2025-07-07 09:30:00,-0.022977833521030597
2025-07-07 10:30:00,-0.005714057403155295
2025-07-07 11:30:00,-0.0027946210848796005
2025-07-07 12:30:00,-0.000804904285301819
2025-07-07 13:30:00,-0.00590347973499468
2025-07-07 14:30:00,0.0021790585921147576
2025-07-07 15:30:00,-0.0006257843653036943
2025-07-08 09:30:00,-0.025453449873415968
2025-07-08 10:30:00,-0.009512464977789015
2025-07-08 11:30:00,-0.010366079559765725
2025-07-08 12:30:00,-0.0015006563878558292
2025-07-08 13:30:00,-0.0023858439126620834
2025-07-08 14:30:00,0.019039977482735154
2025-07-08 15:30:00,-0.004065820713132951
2025-07-09 09:30:00,-0.013078269506813298
2025-07-09 10:30:00,-0.006570400560528489
2025-07-09 11:30:00,-0.0040414422718326815
2025-07-09 12:30:00,-0.00012365809358381533
2025-07-09 13:30:00,-0.000357288496177826
2025-07-09 14:30:00,0.0002390141186137562
2025-07-09 15:30:00,-0.003508461716170852
2025-07-10 09:30:00,-0.025838934971818467
2025-07-10 10:30:00,-0.0018601267148145811
2025-07-10 11:30:00,0.0017013555310481099
2025-07-10 12:30:00,-0.004174749341168127
2025-07-10 13:30:00,-0.00011540084576774912
2025-07-10 14:30:00,-0.004493579162159839
2025-07-10 15:30:00,-0.005972796974082252
2025-07-11 09:30:00,-0.010690103350936486
2025-07-11 10:30:00,-0.005999784686667381
2025-07-11 11:30:00,-0.0004906146917808385
2025-07-11 12:30:00,0.00012355472837698444
2025-07-11 13:30:00,-0.0018893008870015382
2025-07-11 14:30:00,-0.002316232495787206
2025-07-11 15:30:00,-0.0026207138179468624
2025-07-14 09:30:00,-0.021315181997429485
2025-07-14 10:30:00,0.0008922364881664355
2025-07-14 11:30:00,-0.0027528773619979324
2025-07-14 12:30:00,0.0002874497218020207
2025-07-14 13:30:00,0.00029107380141310746
2025-07-14 14:30:00,-0.0018115811298532775
2025-07-14 15:30:00,-0.001252561751205228
2025-07-15 09:30:00,-0.018611170215210866
2025-07-15 10:30:00,-0.004281883160632921
2025-07-15 11:30:00,-0.004345620799170241
2025-07-15 12:30:00,-0.0028621726402961456
2025-07-15 13:30:00,-0.0032138312308514273
2025-07-15 14:30:00,-0.0026138660914810487
2025-07-15 15:30:00,-0.0036669261416644784
2025-07-16 09:30:00,-0.022288533947550905
2025-07-16 10:30:00,-0.0058269137826016506
2025-07-16 11:30:00,0.0016095019764855224
2025-07-16 12:30:00,0.002319198115891469
2025-07-16 13:30:00,0.000565821495140184
2025-07-16 14:30:00,0.001194768560470777
2025-07-16 15:30:00,-0.0025058290136819594
2025-07-17 09:30:00,-0.017300325555469863
2025-07-17 10:30:00,-0.001224170081600201
2025-07-17 11:30:00,-0.0034351385911802535
2025-07-17 12:30:00,0.0008451249757508089
2025-07-17 13:30:00,-0.0004068553371090244
2025-07-17 14:30:00,-0.003944555589029497
2025-07-17 15:30:00,-0.0008214871835763027
2025-07-18 09:30:00,-0.019466225901725615
2025-07-18 10:30:00,-0.0032613265673498196
2025-07-18 11:30:00,-0.005302603228407183
2025-07-18 12:30:00,-0.003749578194307509
2025-07-18 13:30:00,0.0006885966664383
2025-07-18 14:30:00,-0.00020707482331447678
2025-07-18 15:30:00,-0.00023585006126467276
2025-07-21 09:30:00,-0.008919348178555763
2025-07-21 10:30:00,-0.004763190922506988
2025-07-21 11:30:00,-0.0038514356999660346
2025-07-21 12:30:00,-0.00141259027774056
2025-07-21 13:30:00,-0.001466861733756153
2025-07-21 14:30:00,-0.006120133140999906
2025-07-21 15:30:00,-0.0033630716266715432
2025-07-22 09:30:00,-0.034637697538781
2025-07-22 10:30:00,0.00018316641351618924
2025-07-22 11:30:00,-0.00540991908897881
2025-07-22 12:30:00,0.0007644514673465805
2025-07-22 13:30:00,-0.0025526708921259577
2025-07-22 14:30:00,-0.001791145357222329
2025-07-22 15:30:00,-0.004641956558107259
2025-07-23 09:30:00,-0.028715218056828935
2025-07-23 10:30:00,-0.0007327258650037305
2025-07-23 11:30:00,0.0012864521517267173
2025-07-23 12:30:00,-0.004198696747407752
2025-07-23 13:30:00,-0.0031917789904715443
2025-07-23 14:30:00,0.00039418717509808187
2025-07-23 15:30:00,-0.0013302999052158594
2025-07-24 09:30:00,-0.04802741727665875
2025-07-24 10:30:00,-0.003384130983163794
2025-07-24 11:30:00,-0.006217663775914098
2025-07-24 12:30:00,-0.00237971742571266
2025-07-24 13:30:00,0.0002088148636807674
2025-07-24 14:30:00,-0.003803746831461474
2025-07-24 15:30:00,0.0008921069131466064
2025-07-25 09:30:00,-0.0311716847056426
2025-07-25 10:30:00,0.0012343278015247983
2025-07-25 11:30:00,-0.00018523709576225705
2025-07-25 12:30:00,0.00279823900798327
2025-07-25 13:30:00,-0.00037358980962484136
2025-07-25 14:30:00,-0.001163196228404711
2025-07-25 15:30:00,0.00012001413885195536
2025-07-28 09:30:00,-0.01736661308606336
2025-07-28 10:30:00,-0.0032300757755057054
2025-07-28 11:30:00,7.86885223430915e-05
2025-07-28 12:30:00,-0.004142498191155651
2025-07-28 13:30:00,-0.0010480979634177527
2025-07-28 14:30:00,-0.0026487500277844866
2025-07-28 15:30:00,-0.0012886482205803906
2025-07-29 09:30:00,-0.040449427215501425
2025-07-29 10:30:00,-0.005754189507699186
2025-07-29 11:30:00,-0.002904918924619937
2025-07-29 12:30:00,0.002416832669278729
2025-07-29 13:30:00,-0.0041721411738846696
2025-07-29 14:30:00,-0.0037686696420325128
2025-07-29 15:30:00,-0.0014934506227692768
2025-07-30 09:30:00,-0.0383390499317772
2025-07-30 10:30:00,-0.00420252843681454
2025-07-30 11:30:00,6.918358563037796e-05
2025-07-30 12:30:00,-0.0028172762287407226
2025-07-30 13:30:00,-0.006539364551820792
2025-07-30 14:30:00,-0.013829272836133305
2025-07-30 15:30:00,0.0013805817486051864
2025-07-31 09:30:00,-0.047911273026264134
2025-07-31 10:30:00,-0.007699278279920013
2025-07-31 11:30:00,-0.0019128970467205465
2025-07-31 12:30:00,-0.005519049600009823
2025-07-31 13:30:00,-0.0029529874661752943
2025-07-31 14:30:00,-0.006672970638046616
2025-07-31 15:30:00,-0.003478121063734163
2025-08-01 09:30:00,-0.034974796810570995
2025-08-01 10:30:00,-0.005373195798230862
2025-08-01 11:30:00,0.004998863442300638
2025-08-01 12:30:00,-0.007846901792070171
2025-08-01 13:30:00,7.609659379445577e-05
2025-08-01 14:30:00,-0.00046241917532691135
2025-08-01 15:30:00,-0.00030021821235378667
2025-08-04 09:30:00,-0.010007834817725858
2025-08-04 10:30:00,-0.0030298623274583212
2025-08-04 11:30:00,-0.004287731592413973
2025-08-04 12:30:00,-0.0018612964218643058
2025-08-04 13:30:00,-0.003348014063294802
2025-08-04 14:30:00,-0.0007505916689984534
2025-08-04 15:30:00,-0.0038855099788380385
2025-08-05 09:30:00,-0.06162520187376608
2025-08-05 10:30:00,-0.008170713860345107
2025-08-05 11:30:00,0.0008740230142346206
2025-08-05 12:30:00,-0.00266882785703858
2025-08-05 13:30:00,-0.005504667742495145
2025-08-05 14:30:00,0.0012624768793013206
2025-08-05 15:30:00,-0.00339697076085152
2025-08-06 09:30:00,-0.05322107607643609
2025-08-06 10:30:00,-0.00040855169105751823
2025-08-06 11:30:00,0.0018281143841909376
2025-08-06 12:30:00,-0.0004396280013136411
2025-08-06 13:30:00,-0.0027583295826393685
2025-08-06 14:30:00,-0.0038277181816907258
2025-08-06 15:30:00,-0.0013316931230118677
2025-08-07 09:30:00,-0.04314697485810568
2025-08-07 10:30:00,-0.0006275724735823995
2025-08-07 11:30:00,-0.004745121461114427
2025-08-07 12:30:00,-0.005374029049130669
2025-08-07 13:30:00,0.0008257442862950326
2025-08-07 14:30:00,0.003875016479289367
2025-08-07 15:30:00,0.0015025399849511103
2025-08-08 09:30:00,-0.04365665340024102
2025-08-08 10:30:00,-0.008014492972548687
2025-08-08 11:30:00,0.00021213523151444053
2025-08-08 12:30:00,-0.0023046640051643066
2025-08-08 13:30:00,-0.0025467898253523744
2025-08-08 14:30:00,-0.004333983312072487
2025-08-08 15:30:00,-0.004638842325649817
2025-08-11 09:30:00,-0.009262581586383219
2025-08-11 10:30:00,-0.004086376022661492
2025-08-11 11:30:00,-0.000910427108800474
2025-08-11 12:30:00,-0.004319767772679845
2025-08-11 13:30:00,-0.0030724089082535804
2025-08-11 14:30:00,0.0015105455305996197
2025-08-11 15:30:00,-0.003131886179496385
2025-08-12 09:30:00,-0.015412621251106855
2025-08-12 10:30:00,-0.0011689947014618396
2025-08-12 11:30:00,-0.001975117183191333
2025-08-12 12:30:00,0.001370361028751089
2025-08-12 13:30:00,-0.0009648218033770472
2025-08-12 14:30:00,0.0010497507067345941
2025-08-12 15:30:00,0.0011200329763907612
2025-08-13 09:30:00,-0.013430402846374916
2025-08-13 10:30:00,-0.009267072940568376
2025-08-13 11:30:00,-0.005940077314148158
2025-08-13 12:30:00,0.0021450539039323036
2025-08-13 13:30:00,0.0017075354098455206
2025-08-13 14:30:00,0.00042729030368006865
2025-08-13 15:30:00,0.0023660127130026077
2025-08-14 09:30:00,-0.08974576631061988
2025-08-14 10:30:00,-0.009268062942905738
2025-08-14 11:30:00,-0.0026925395212774963
2025-08-14 12:30:00,0.0045232341750458035
2025-08-14 13:30:00,0.0005073191087383174
2025-08-14 14:30:00,0.0027847860898026796
2025-08-14 15:30:00,-0.004233298385180551
2025-08-15 09:30:00,-0.01299307629636949
2025-08-15 10:30:00,-0.00036734864720043466
2025-08-15 11:30:00,-0.003030512647427819
2025-08-15 12:30:00,-0.0007584778780473059
2025-08-15 13:30:00,-0.0021722212740816283
2025-08-15 14:30:00,0.0004978299410203224
2025-08-15 15:30:00,-0.0008786996938974223
2025-08-18 09:30:00,-0.008567124972567064
2025-08-18 10:30:00,-0.0033291768028278212
2025-08-18 11:30:00,-0.0003817045058214119
2025-08-18 12:30:00,-0.0021715907347863318
2025-08-18 13:30:00,-0.00261689341808611
2025-08-18 14:30:00,-0.00021303139451885183
2025-08-18 15:30:00,-0.0012343935010275223
2025-08-19 09:30:00,-0.02554145220831767
2025-08-19 10:30:00,-0.0010607314617522043
2025-08-19 11:30:00,-0.00551367109729306
2025-08-19 12:30:00,-0.006595717260597029
2025-08-19 13:30:00,-0.002418018785914252
2025-08-19 14:30:00,-0.003452858409578985
2025-08-19 15:30:00,-0.002248821003534643
2025-08-20 09:30:00,-0.04184025496714651
2025-08-20 10:30:00,0.009596779023688419
2025-08-20 11:30:00,0.0031902399939975467
2025-08-20 12:30:00,-0.0033867277884750153
2025-08-20 13:30:00,-0.0026696927742834295
2025-08-20 14:30:00,0.005264116826847798
2025-08-20 15:30:00,-0.0013499589399187384
2025-08-21 09:30:00,-0.014015715201355328
2025-08-21 10:30:00,-0.002334955886919391
2025-08-21 11:30:00,-0.006299233666898801
2025-08-21 12:30:00,-0.0032890383134185756
2025-08-21 13:30:00,0.0025664969222067707
2025-08-21 14:30:00,0.00041282008751004906
2025-08-21 15:30:00,-0.0004897779707170091
2025-08-22 09:30:00,0.0045796333382728815
2025-08-22 10:30:00,-0.03280898826895934
2025-08-22 11:30:00,-0.004032123371249918
2025-08-22 12:30:00,-0.001505398463909846
2025-08-22 13:30:00,-0.004038339177992752
2025-08-22 14:30:00,0.0028146126567926886
2025-08-22 15:30:00,-0.0003013883211981557
2025-08-25 09:30:00,-0.029494764109418495
2025-08-25 10:30:00,0.0016701608496005511
2025-08-25 11:30:00,0.0004915557228224676
2025-08-25 12:30:00,-0.009627540037350002
2025-08-25 13:30:00,-0.0014245235671631329
2025-08-25 14:30:00,-0.0020233341146061
2025-08-25 15:30:00,-0.0025800858483561247
2025-08-26 09:30:00,-0.009209856233741149
2025-08-26 10:30:00,-0.0028290410998339788
2025-08-26 11:30:00,-0.0021735088371480915
2025-08-26 12:30:00,-0.0002477244111058698
2025-08-26 13:30:00,-0.0011166295335968746
2025-08-26 14:30:00,0.0010737593762084096
2025-08-26 15:30:00,-0.0018895890135205856
2025-08-27 09:30:00,-0.004969410211754829
2025-08-27 10:30:00,-0.0010185045868842835
2025-08-27 11:30:00,0.0004631925529397692
2025-08-27 12:30:00,-0.001774623431563686
2025-08-27 13:30:00,0.0007263381629166256
2025-08-27 14:30:00,-0.0015495186109353392
2025-08-27 15:30:00,-0.0020426272653743666
2025-08-28 09:30:00,-0.02207340099726523
2025-08-28 10:30:00,-0.005847067597308975
2025-08-28 11:30:00,-2.0037946505480077e-05
2025-08-28 12:30:00,-0.00014731614452552223
2025-08-28 13:30:00,0.0016646679956227816
2025-08-28 14:30:00,-0.0014371003263719839
2025-08-28 15:30:00,-0.001995373413333152
2025-08-29 09:30:00,-0.022471246884405383
2025-08-29 10:30:00,-0.0006136132224602218
2025-08-29 11:30:00,0.00031628058206180685
2025-08-29 12:30:00,-0.0031719602966092443
2025-08-29 13:30:00,-0.0026056092084189627
2025-08-29 14:30:00,-0.0011200716533260185
2025-08-29 15:30:00,-0.0005078717247340103
2025-09-02 09:30:00,-0.02611552727641031
2025-09-02 10:30:00,-0.0066781292286972
2025-09-02 11:30:00,-0.002447236146059234
2025-09-02 12:30:00,0.0018902231904831869
2025-09-02 13:30:00,-0.001225509309072792
2025-09-02 14:30:00,-0.0003707921002650383
2025-09-02 15:30:00,-0.0007595278260059291
2025-09-03 09:30:00,-0.017098033559578875
2025-09-03 10:30:00,-0.004569164243415613
2025-09-03 11:30:00,-0.0021196305701359
2025-09-03 12:30:00,-0.0010252078191654412
2025-09-03 13:30:00,-0.003355330673905782
2025-09-03 14:30:00,-0.0013404988713660304
2025-09-03 15:30:00,0.0015378257610472845
2025-09-04 09:30:00,-0.019677230018279403
2025-09-04 10:30:00,-0.0004960264448358009
2025-09-04 11:30:00,-0.00043595004298476364
2025-09-04 12:30:00,-0.003513848619347716
2025-09-04 13:30:00,-0.001247720135706277
2025-09-04 14:30:00,0.0005541220330836186
2025-09-04 15:30:00,0.003887031106798311
2025-09-05 09:30:00,-0.02994224361626229
2025-09-05 10:30:00,-0.006860885908718533
2025-09-05 11:30:00,-0.004926414670087492
2025-09-05 12:30:00,-0.0020663183591544286
2025-09-05 13:30:00,-0.007815251015834695
2025-09-05 14:30:00,0.007873179262357559
2025-09-05 15:30:00,8.929408593267245e-05
2025-09-08 09:30:00,-0.018365596474609946
2025-09-08 10:30:00,-0.002511546815917306
2025-09-08 11:30:00,-0.0015634562691949452
2025-09-08 12:30:00,-0.0004010505849414108
2025-09-08 13:30:00,-0.00364068185349551
2025-09-08 14:30:00,-0.0034625494199984697
2025-09-08 15:30:00,0.004340197830532776
2025-09-09 09:30:00,-0.023266407538367204
2025-09-09 10:30:00,-0.003489471758589824
2025-09-09 11:30:00,-0.002545714895151961
2025-09-09 12:30:00,-0.0014246220254591213
2025-09-09 13:30:00,-0.0060768770720073355
2025-09-09 14:30:00,-0.005553933737312632
2025-09-09 15:30:00,-0.003930477797857541
2025-09-10 09:30:00,-0.03507809365866964
2025-09-10 10:30:00,-0.009210335064452308
2025-09-10 11:30:00,0.00034199663093435474
2025-09-10 12:30:00,-0.0025876741359401488
2025-09-10 13:30:00,0.001889061880441928
2025-09-10 14:30:00,-0.002184681883176054
2025-09-10 15:30:00,0.0010211147483392303
2025-09-11 09:30:00,0.00735471254901749
2025-09-11 10:30:00,-0.007187153373266679
2025-09-11 11:30:00,0.004653538523377377
2025-09-11 12:30:00,-0.0042013462865295725
2025-09-11 13:30:00,-0.0012271764892447523
2025-09-11 14:30:00,-0.015186749144354306
2025-09-11 15:30:00,-0.0038879671233487865
2025-09-12 09:30:00,-0.018626363432800348
2025-09-12 10:30:00,-0.0024490471078831427
2025-09-12 11:30:00,-0.0034606228028367567
2025-09-12 12:30:00,0.0003589588264511342
2025-09-12 13:30:00,-0.0008323310684594969
2025-09-12 14:30:00,-0.001669026494512264
2025-09-12 15:30:00,-0.001562029195120505
2025-09-15 09:30:00,-0.008974452831559005
2025-09-15 10:30:00,-0.007654893279609115
2025-09-15 11:30:00,-0.0025850667642158655
2025-09-15 12:30:00,-0.0035277753709329453
2025-09-15 13:30:00,-0.0012700779987339151
2025-09-15 14:30:00,-0.0020615523302589477
2025-09-15 15:30:00,-0.0029516882727504525
2025-09-16 09:30:00,-0.013936608669102074
2025-09-16 10:30:00,-0.004338737433274703
2025-09-16 11:30:00,-0.0017631517308027034
2025-09-16 12:30:00,-0.001303746609315537
2025-09-16 13:30:00,0.0003952006322160917
2025-09-16 14:30:00,-0.0020145197560647865
2025-09-16 15:30:00,-0.0014008121948310692
2025-09-17 09:30:00,-0.00962945147997042
2025-09-17 10:30:00,0.001311982905406597
2025-09-17 11:30:00,-0.0029455148642893113
2025-09-17 12:30:00,-0.004093218209482968
2025-09-17 13:30:00,0.004269910881272636
2025-09-17 14:30:00,-0.015706140647734325
2025-09-17 15:30:00,-0.0008835689016836008
2025-09-18 09:30:00,-0.025961158093036327
2025-09-18 10:30:00,-0.0034909188871328975
2025-09-18 11:30:00,-0.002958372201694331
2025-09-18 12:30:00,-0.0035454856496919263
2025-09-18 13:30:00,-0.007373779241379564
2025-09-18 14:30:00,-0.0038135709109433924
2025-09-18 15:30:00,-0.0021620659701777566
2025-09-19 09:30:00,-0.015034384524043449
2025-09-19 10:30:00,-0.004369562965778234
2025-09-19 11:30:00,-0.0018152125942379027
2025-09-19 12:30:00,-0.0015086415690512898
2025-09-19 13:30:00,-0.0040978883092057244
2025-09-19 14:30:00,-0.002029313139158162
2025-09-19 15:30:00,-0.005865070822421995
2025-09-22 09:30:00,-0.013323671849138024
2025-09-22 10:30:00,-0.0016116450280770855
2025-09-22 11:30:00,-0.0018575105011966575
2025-09-22 12:30:00,0.0002555215744162953
2025-09-22 13:30:00,-0.00020801609870481076
2025-09-22 14:30:00,-0.0011717557124941006
2025-09-22 15:30:00,-0.0033173984470839177
2025-09-23 09:30:00,-0.010590376878632055
2025-09-23 10:30:00,-0.003372954034018133
2025-09-23 11:30:00,0.00019531456840928989
2025-09-23 12:30:00,-0.0017614166802536468
2025-09-23 13:30:00,-0.0018734381755690273
2025-09-23 14:30:00,-0.0015078644388140106
2025-09-23 15:30:00,0.0005836724155448003
2025-09-24 09:30:00,-0.014845882998655135
2025-09-24 10:30:00,-0.003996972480088062
2025-09-24 11:30:00,-0.007068852271433357
2025-09-24 12:30:00,-0.002065583935792281
2025-09-24 13:30:00,-0.004672322746318619
2025-09-24 14:30:00,-0.0017971829945256034
2025-09-24 15:30:00,-0.002064140191168129
2025-09-25 09:30:00,-0.02105650628952288
2025-09-25 10:30:00,-0.0071937688075843055
2025-09-25 11:30:00,-0.00020325468755916787
2025-09-25 12:30:00,-0.0006761091127278629
2025-09-25 13:30:00,-0.0039301493339568335
2025-09-25 14:30:00,-0.0002601901813425567
2025-09-25 15:30:00,-0.0013987976948845794
2025-09-26 09:30:00,-0.0038517482633278087
2025-09-26 10:30:00,-5.5831701512898404e-05
2025-09-26 11:30:00,0.0015034716106393509
2025-09-26 12:30:00,-0.002754331258237397
2025-09-26 13:30:00,-0.0003421066488801361
2025-09-26 14:30:00,-0.002255072289154956
2025-09-26 15:30:00,0.00028160466672119135
2025-09-29 09:30:00,-0.01667090559653303
2025-09-29 10:30:00,-0.004155822832304804
2025-09-29 11:30:00,-0.008560395966625691
2025-09-29 12:30:00,-0.002565379042953797
2025-09-29 13:30:00,0.0010931729987315414
2025-09-29 14:30:00,-0.001826653268386047
2025-09-29 15:30:00,-0.00013036882037875674
2025-09-30 09:30:00,-0.026652547255227206
2025-09-30 10:30:00,-0.005962766053416451
2025-09-30 11:30:00,3.931857429791408e-05
2025-09-30 12:30:00,-0.005782490697154824
2025-09-30 13:30:00,0.0018728524027216864
2025-09-30 14:30:00,0.003776832930321161
2025-09-30 15:30:00,-0.0025659989326959343
2025-10-01 09:30:00,-0.025889793942761412
2025-10-01 10:30:00,-0.005455350134229531
2025-10-01 11:30:00,-0.001925361731810632
2025-10-01 12:30:00,-0.0043891382553002175
2025-10-01 13:30:00,-0.0001435633696838164
2025-10-01 14:30:00,-0.0046964875979264185
2025-10-01 15:30:00,-0.0028767649828514152
2025-10-02 09:30:00,-0.014746291852570032
2025-10-02 10:30:00,-0.0029405918774326133
2025-10-02 11:30:00,-0.002500864772846112
2025-10-02 12:30:00,0.0013982703796859342
2025-10-02 13:30:00,0.0018970030028379807
2025-10-02 14:30:00,-0.0013217598791962035
2025-10-02 15:30:00,-0.002711958979727666
2025-10-03 09:30:00,-0.011584257632598153
2025-10-03 10:30:00,-0.0011231999112160107
2025-10-03 11:30:00,-0.0028357315182433174
2025-10-03 12:30:00,-0.006109612266553623
2025-10-03 13:30:00,-0.0012260935527908603
2025-10-03 14:30:00,-0.00121999976374486
2025-10-03 15:30:00,-0.002286981765003574
2025-10-06 09:30:00,-0.015624753622842602
2025-10-06 10:30:00,-0.0041476097554992335
2025-10-06 11:30:00,-0.0028223326171843235
2025-10-06 12:30:00,2.7304224707924707e-05
2025-10-06 13:30:00,-0.002542058297436565
2025-10-06 14:30:00,-0.004295883567634838
2025-10-06 15:30:00,-0.008820446344545547
2025-10-07 09:30:00,-0.01108538500441134
2025-10-07 10:30:00,-0.0019951127966654656
2025-10-07 11:30:00,-0.004102175387876378
2025-10-07 12:30:00,-0.004183052961086775
2025-10-07 13:30:00,-4.3601287114919396e-05
2025-10-07 14:30:00,-0.002088552637948271
2025-10-07 15:30:00,-0.001205415031959367
2025-10-08 09:30:00,-0.006129524755966609
2025-10-08 10:30:00,-0.002613386224096631
2025-10-08 11:30:00,-0.0019502048886621936
2025-10-08 12:30:00,-0.003172609449314162
2025-10-08 13:30:00,-0.004539195130598456
2025-10-08 14:30:00,-0.003402625901620937
2025-10-08 15:30:00,-0.0012717501618426442
2025-10-09 09:30:00,-0.012825965836298785
2025-10-09 10:30:00,-0.0036276518449310734
2025-10-09 11:30:00,-0.0016699308319780392
2025-10-09 12:30:00,-0.002867895664453063
2025-10-09 13:30:00,-0.0022595661164475033
2025-10-09 14:30:00,-0.0016064271567716004
2025-10-09 15:30:00,-0.0022152932757787238
2025-10-10 09:30:00,-0.011237273317813884
2025-10-10 10:30:00,-0.019495300927903126
2025-10-10 11:30:00,-0.00628711061344509
2025-10-10 12:30:00,-0.003878726340186578
2025-10-10 13:30:00,-0.0035288729762510073
2025-10-10 14:30:00,-0.008475414383776515
2025-10-10 15:30:00,-0.006846592380614675
2025-10-13 09:30:00,-0.00688716761639307
2025-10-13 10:30:00,0.0013650779898353171
2025-10-13 11:30:00,-0.00020217655413802825
2025-10-13 12:30:00,-0.0028928309718817937
2025-10-13 13:30:00,-0.0010715734115420371
2025-10-13 14:30:00,-0.0038401547197683015
2025-10-13 15:30:00,-0.0015623055396815743
2025-10-14 09:30:00,-0.01457137933097385
2025-10-14 10:30:00,-0.0024743383691916087
2025-10-14 11:30:00,0.0039843832817090625
2025-10-14 12:30:00,0.00014056480264815603
2025-10-14 13:30:00,3.822805206448177e-05
2025-10-14 14:30:00,-0.0007333799392476026
2025-10-14 15:30:00,-0.01360177399740956
2025-10-15 09:30:00,-0.023939963697794556
2025-10-15 10:30:00,-0.0062111532536836146
2025-10-15 11:30:00,-0.008531535152376358
2025-10-15 12:30:00,-0.006931900666437235
2025-10-15 13:30:00,0.0035564724661945046
2025-10-15 14:30:00,0.002130833711809623
2025-10-15 15:30:00,-0.001662639951080097
2025-10-16 09:30:00,-0.033673022052534564
2025-10-16 10:30:00,-0.0031183605177699525
2025-10-16 11:30:00,-0.004806107417234251
2025-10-16 12:30:00,-0.002157577165382801
2025-10-16 13:30:00,-0.007189120592781368
2025-10-16 14:30:00,-0.0008958015258779761
2025-10-16 15:30:00,-0.0028058277652869834
2025-10-17 09:30:00,-0.0030713373736555526
2025-10-17 10:30:00,-0.007475446485808873
2025-10-17 11:30:00,0.0023266453665808985
2025-10-17 12:30:00,-0.0025318878990153782
2025-10-17 13:30:00,0.0035851116333893546
2025-10-17 14:30:00,0.0002718829486500535
2025-10-17 15:30:00,-0.0016057377148687157
2025-10-20 09:30:00,-0.0049311033243062885
2025-10-20 10:30:00,-0.0021448868991557624
2025-10-20 11:30:00,-0.0003639232461203068
2025-10-20 12:30:00,0.0
2025-10-20 13:30:00,-0.005508604143930729
2025-10-20 14:30:00,-0.006533994933212162
2025-10-20 15:30:00,0.001434483929807051
2025-10-21 09:30:00,-0.02894220884323333
2025-10-21 10:30:00,0.001406009270705677
2025-10-21 11:30:00,0.002547865948175925
2025-10-21 12:30:00,-0.005278008774961623
2025-10-21 13:30:00,0.000474556966773676
2025-10-21 14:30:00,-0.0038942746540988173
2025-10-21 15:30:00,-0.0012358727690655127
2025-10-22 09:30:00,-0.028537297089239404
2025-10-22 10:30:00,-0.020882805743998072
2025-10-22 11:30:00,0.0038532598524531948
2025-10-22 12:30:00,-0.005427243771832607
2025-10-22 13:30:00,0.0009540364847225313
2025-10-22 14:30:00,0.0023230806896156974
2025-10-22 15:30:00,-0.00041876802355326576
2025-10-23 09:30:00,-0.023763715910713037
2025-10-23 10:30:00,-0.0027411039628638433
2025-10-23 11:30:00,-0.0051583041100769335
2025-10-23 12:30:00,-0.0008246693085576832
2025-10-23 13:30:00,0.0003085221093581762
2025-10-23 14:30:00,-0.0010544286089089279
2025-10-23 15:30:00,-0.0029843414419338157
2025-10-24 09:30:00,-0.008012833478324408
2025-10-24 10:30:00,-0.0020310934488721585
2025-10-24 11:30:00,-0.010129819695604166
2025-10-24 12:30:00,-0.0005489672798469398
2025-10-24 13:30:00,-0.003087735914063869
2025-10-24 14:30:00,-0.0001899589401919514
2025-10-24 15:30:00,-0.0011657486324559874
2025-10-27 09:30:00,-0.011156855852147292
2025-10-27 10:30:00,-0.0015560110043033935
2025-10-27 11:30:00,0.00010469885003900286
2025-10-27 12:30:00,-0.0009252407843669957
2025-10-27 13:30:00,-0.0013215535336064677
2025-10-27 14:30:00,0.0013892547002638312
2025-10-27 15:30:00,0.00015480984452143076
2025-10-28 09:30:00,-0.04055099836498284
2025-10-28 10:30:00,-0.0014379466757303977
2025-10-28 11:30:00,-0.0029152338942647596
2025-10-28 12:30:00,-0.0027027211482905213
2025-10-28 13:30:00,-0.0021742825257904273
2025-10-28 14:30:00,-0.0014695731489212894
2025-10-28 15:30:00,-0.0031123974104634855
2025-10-29 09:30:00,-0.04454029540635572
2025-10-29 10:30:00,-0.004572466200635306
2025-10-29 11:30:00,-0.0008843915292059912
2025-10-29 12:30:00,-0.0007337542461246904
2025-10-29 13:30:00,-0.006442371913770112
2025-10-29 14:30:00,-0.006905766711752831
2025-10-29 15:30:00,-0.004026325192638197
2025-10-30 09:30:00,-0.06477071603847227
2025-10-30 10:30:00,0.003418462028425656
2025-10-30 11:30:00,-0.00017587620228716184
2025-10-30 12:30:00,-0.004766991310590041
2025-10-30 13:30:00,-0.0072264258218299685
2025-10-30 14:30:00,-0.005778566846426558
2025-10-30 15:30:00,-0.003442542157111672
2025-10-31 09:30:00,-0.03132505228657802
2025-10-31 10:30:00,-0.0030259110620214137
2025-10-31 11:30:00,-0.0028757895090419706
2025-10-31 12:30:00,-0.003491407956039999
2025-10-31 13:30:00,-3.81135743737826e-05
2025-10-31 14:30:00,0.0028621208029042224
2025-10-31 15:30:00,-0.0027863498180139556
2025-11-03 09:30:00,-0.03346010025412294
2025-11-03 10:30:00,0.002259931021266831
2025-11-03 11:30:00,-0.002882434960319169
2025-11-03 12:30:00,-0.0016005133974853036
2025-11-03 13:30:00,0.0010862066855889974
2025-11-03 14:30:00,-0.0010290895038098324
2025-11-03 15:30:00,-0.002672276291992537
2025-11-04 09:30:00,-0.03822241071096845
2025-11-04 10:30:00,-0.0038849880836658414
2025-11-04 11:30:00,-0.0021530570220592736
2025-11-04 12:30:00,-0.007233614439737185
2025-11-04 13:30:00,0.0002793586921781584
2025-11-04 14:30:00,-0.0026196640140489337
2025-11-04 15:30:00,-0.0027701936963920428
2025-11-05 09:30:00,-0.05030501841203079
2025-11-05 10:30:00,0.0013139850116404227
2025-11-05 11:30:00,0.002004004878270571
2025-11-05 12:30:00,0.0006520593985622547
2025-11-05 13:30:00,-0.0031508610554589088
2025-11-05 14:30:00,-0.0015126026384518654
2025-11-05 15:30:00,-0.005182814771661226
2025-11-06 09:30:00,-0.04090540015396098
2025-11-06 10:30:00,-0.008723998013556406
2025-11-06 11:30:00,-0.004154071175326813
2025-11-06 12:30:00,0.0018575202360785747
2025-11-06 13:30:00,0.0032009499301504153
2025-11-06 14:30:00,-0.0024387133853558673
2025-11-06 15:30:00,-0.00926507358762721
2025-11-07 09:30:00,-0.029661679372655642
2025-11-07 10:30:00,-0.010214118149392859
2025-11-07 11:30:00,0.002695217605355615
2025-11-07 12:30:00,0.0032963529654865763
2025-11-07 13:30:00,0.0002569695956964713
2025-11-07 14:30:00,0.002236601316622222
2025-11-07 15:30:00,-0.0019582658549509024
2025-11-10 09:30:00,-0.012846950818272052
2025-11-10 10:30:00,-0.0077069806575176735
2025-11-10 11:30:00,7.411958572400845e-05
2025-11-10 12:30:00,0.0013960584788680341
2025-11-10 13:30:00,-0.006729480086430539
2025-11-10 14:30:00,-0.0009979218731837602
2025-11-10 15:30:00,0.0
2025-11-11 09:30:00,-0.02931786150560589
2025-11-11 10:30:00,0.00048393134214852473
2025-11-11 11:30:00,0.0
2025-11-11 12:30:00,0.0
2025-11-11 13:30:00,0.0
2025-11-11 14:30:00,0.0
2025-11-11 15:30:00,0.0
2025-11-12 09:30:00,0.0
2025-11-12 10:30:00,-0.009430189819146784
2025-11-12 11:30:00,-0.001208332110301913
2025-11-12 12:30:00,-0.003678169906024764
2025-11-12 13:30:00,-0.004050825573422549
2025-11-12 14:30:00,-0.003388408601773718
2025-11-12 15:30:00,-0.006575650804913273
2025-11-13 09:30:00,-0.030836711767338515
2025-11-13 10:30:00,-0.008847061880816003
2025-11-13 11:30:00,-0.0017165578241136348
2025-11-13 12:30:00,-0.009916881803237743
2025-11-13 13:30:00,0.0006438935869915119
2025-11-13 14:30:00,-0.006094148997900511
2025-11-13 15:30:00,-5.1491766576067244e-05
2025-11-14 09:30:00,-0.01494449124119302
2025-11-14 10:30:00,0.007982009341380897
2025-11-14 11:30:00,-0.0017215678134739232
2025-11-14 12:30:00,-0.004349513959247708
2025-11-14 13:30:00,-0.001481814371169482
2025-11-14 14:30:00,-0.004730843072695373
2025-11-14 15:30:00,-0.0028314694244472695
2025-11-17 09:30:00,-0.010117284338885212
2025-11-17 10:30:00,-0.007326546113749249
2025-11-17 11:30:00,0.000422664838148018
2025-11-17 12:30:00,-0.008257760125052287
2025-11-17 13:30:00,-0.010186664950914453
2025-11-17 14:30:00,-0.007799271916935935
2025-11-17 15:30:00,0.0017266006112049593
2025-11-18 09:30:00,-0.01800377497190802
2025-11-18 10:30:00,0.00366547231495678
2025-11-18 11:30:00,-0.007540200427252996
2025-11-18 12:30:00,0.007701942716878718
2025-11-18 13:30:00,-0.004161557727192971
2025-11-18 14:30:00,-0.00336086240689501
2025-11-18 15:30:00,-0.004277713238031139
2025-11-19 09:30:00,-0.016259989429206638
2025-11-19 10:30:00,-0.013664642525819875
2025-11-19 11:30:00,-0.0014909620536312951
2025-11-19 12:30:00,-0.0007649567251824366
2025-11-19 13:30:00,-0.004144853506133595
2025-11-19 14:30:00,0.0018985844015267928
2025-11-19 15:30:00,-0.005116547031036462
2025-11-20 09:30:00,-0.02010505065045602
2025-11-20 10:30:00,-0.021717568409502064
2025-11-20 11:30:00,-0.015768290426677378
2025-11-20 12:30:00,-0.0031425741221228617
2025-11-20 13:30:00,-0.008041791702879969
2025-11-20 14:30:00,-0.002611276567810198
2025-11-20 15:30:00,-0.008736476049000696
2025-11-21 09:30:00,-0.02896113304879074
2025-11-21 10:30:00,0.007428226516601122
2025-11-21 11:30:00,0.009910331080676273
2025-11-21 12:30:00,-0.007118426279445959
2025-11-21 13:30:00,0.0011103308614442697
2025-11-21 14:30:00,-0.0041115536750472624
2025-11-21 15:30:00,-0.0001389715004268385
2025-11-24 09:30:00,-0.006822220388221512
2025-11-24 10:30:00,-0.0004106464411289812
2025-11-24 11:30:00,-0.00126139264796854
2025-11-24 12:30:00,-0.0043153138413265886
2025-11-24 13:30:00,-0.0018060876840184648
2025-11-24 14:30:00,-0.0050499298985450525
2025-11-24 15:30:00,-0.002653769082693991
2025-11-25 09:30:00,-0.013469257216533323
2025-11-25 10:30:00,0.0003066368894181215
2025-11-25 11:30:00,0.0005799011947060229
2025-11-25 12:30:00,0.002006143278347361
2025-11-25 13:30:00,-0.00720272065643357
2025-11-25 14:30:00,0.0
2025-11-25 15:30:00,-0.0044618150781569055
2025-11-26 09:30:00,-0.11321081820291284
2025-11-26 10:30:00,0.0
2025-11-26 11:30:00,0.0
2025-11-26 12:30:00,0.0
2025-11-26 13:30:00,-0.02029269016994928
2025-11-26 14:30:00,-0.004130718394489197
2025-11-26 15:30:00,-0.005568387068677794
2025-11-28 09:30:00,-0.0006813305425160676
2025-11-28 10:30:00,-0.00527400211896123
2025-11-28 11:30:00,-0.006199400622052709
2025-11-28 12:30:00,0.0
2025-12-01 09:30:00,-0.015200134780750219
2025-12-01 10:30:00,-0.0022892630469511697
2025-12-01 11:30:00,-0.008396707351133766
2025-12-01 12:30:00,0.002867940799107127
2025-12-01 13:30:00,-0.0045508817269909185
2025-12-01 14:30:00,-0.001902468766899701
2025-12-01 15:30:00,-0.004982761679532955
2025-12-02 09:30:00,-0.009504307716376554
2025-12-02 10:30:00,-0.0004026157319355128
2025-12-02 11:30:00,-0.002967311957185398
2025-12-02 12:30:00,-0.0019124950688782284
2025-12-02 13:30:00,-0.0013633841382228006
2025-12-02 14:30:00,0.0006524902049854619
2025-12-02 15:30:00,-0.001911189197850227
2025-12-03 09:30:00,-0.004464024687983853
2025-12-03 10:30:00,-0.006938669873341285
2025-12-03 11:30:00,-0.0015956691159763558
2025-12-03 12:30:00,-0.0020143574984710032
2025-12-03 13:30:00,-0.001158670387570171
2025-12-03 14:30:00,-0.0024124448828967415
2025-12-03 15:30:00,-0.0015053009983110432
2025-12-04 09:30:00,-0.011888685061947901
2025-12-04 10:30:00,-0.002401825340500774
2025-12-04 11:30:00,-0.0007297533110243171
2025-12-04 12:30:00,-6.586517641164469e-05
2025-12-04 13:30:00,-0.004620194407950101
2025-12-04 14:30:00,-0.0007321297234468005
2025-12-04 15:30:00,-0.0003216580470161226
2025-12-05 09:30:00,-0.014615934079821619
2025-12-05 10:30:00,0.0005116863532592831
2025-12-05 11:30:00,-0.005533869334536296
2025-12-05 12:30:00,0.001997070534319169
2025-12-05 13:30:00,-0.000581397426735107
2025-12-05 14:30:00,-0.0022985093219993423
2025-12-05 15:30:00,-0.004138223339687584
2025-12-08 09:30:00,-0.020833098284426903
2025-12-08 10:30:00,-0.0027837653009312345
2025-12-08 11:30:00,-0.0022838018645765347
2025-12-08 12:30:00,-0.0029670426979548858
2025-12-08 13:30:00,-0.0026368625373346666
2025-12-08 14:30:00,-0.003026433946579016
2025-12-08 15:30:00,-0.0018730558009012188
2025-12-09 09:30:00,-0.011902119340232753
2025-12-09 10:30:00,-0.0033704722836883972
2025-12-09 11:30:00,-0.0024653067569488985
2025-12-09 12:30:00,-0.001997190253854686
2025-12-09 13:30:00,-0.0030801259245319236
2025-12-09 14:30:00,-0.0028955093922310047
2025-12-09 15:30:00,-0.00212673565508843
2025-12-10 09:30:00,-0.008043416705674138
2025-12-10 10:30:00,-0.0012664182058313156
2025-12-10 11:30:00,-0.0017411240370173886
2025-12-10 12:30:00,-0.0012695836347827948
2025-12-10 13:30:00,-0.003508339652351938
2025-12-10 14:30:00,-0.0017741884685927856
2025-12-10 15:30:00,-0.004218885634287973
2025-12-11 09:30:00,-0.013553721495629624
2025-12-11 10:30:00,0.001010539201923209
2025-12-11 11:30:00,0.0008016226059099749
2025-12-11 12:30:00,-0.0028358367427871456
2025-12-11 13:30:00,-0.0027524180462685345
2025-12-11 14:30:00,-0.0050868324940071775
2025-12-11 15:30:00,-0.0008671994928178606
2025-12-12 09:30:00,-0.019038959487172616
2025-12-12 10:30:00,-0.007200732015187894
2025-12-12 11:30:00,0.0017724340312781732
2025-12-12 12:30:00,0.0012192700459555672
2025-12-12 13:30:00,-0.009839071532201168
2025-12-12 14:30:00,-0.005379497379131293
2025-12-12 15:30:00,0.0059549128040111326
2025-12-15 09:30:00,-0.02474651828459382
2025-12-15 10:30:00,-0.0011721950654768332
2025-12-15 11:30:00,-0.005501365456712152
2025-12-15 12:30:00,-0.004198118418724227
2025-12-15 13:30:00,0.00030016670921039466
2025-12-15 14:30:00,-5.891581118044886e-05
2025-12-15 15:30:00,-0.0030428556731019432
2025-12-16 09:30:00,-0.025599231812087352
2025-12-16 10:30:00,-0.0032282116496867184
2025-12-16 11:30:00,-0.000523198762433652
2025-12-16 12:30:00,-0.0026494130834715636
2025-12-16 13:30:00,-0.0005192395706326514
2025-12-16 14:30:00,0.0011940173189667804
2025-12-16 15:30:00,-0.0013648930720177143
2025-12-17 09:30:00,-0.014059308868966966
2025-12-17 10:30:00,-0.017975683163017887
2025-12-17 11:30:00,-0.003355523250471987
2025-12-17 12:30:00,-0.0035992605479027496
2025-12-17 13:30:00,-0.0011445169473456307
2025-12-17 14:30:00,-0.0016434037771433263
2025-12-17 15:30:00,-0.0009911825910683513
2025-12-18 09:30:00,-0.01556804185135075
2025-12-18 10:30:00,-0.003702312496327841
2025-12-18 11:30:00,-0.01059595010872516
2025-12-18 12:30:00,0.004533201579477314
2025-12-18 13:30:00,-0.005006970679569
2025-12-18 14:30:00,-0.001096674716818291
2025-12-18 15:30:00,-0.0006943295530936255
2025-12-19 09:30:00,-0.012172760318263236
2025-12-19 10:30:00,-0.0012120071496002731
2025-12-19 11:30:00,-0.0015285989902883092
2025-12-19 12:30:00,0.00016848281481185445
2025-12-19 13:30:00,-0.003302729721584155
2025-12-19 14:30:00,-0.0032524745685127976
2025-12-19 15:30:00,-0.0034156594755520727
2025-12-22 09:30:00,-0.009596946335322886
2025-12-22 10:30:00,-0.007357823326540669
2025-12-22 11:30:00,-0.0034414213343323175
2025-12-22 12:30:00,-0.00285033306350387
2025-12-22 13:30:00,-0.0036661060334009115
2025-12-22 14:30:00,0.0006627738819560136
2025-12-22 15:30:00,-0.0017572249248595019
2025-12-23 09:30:00,-0.011355612123722738
2025-12-23 10:30:00,-0.0005857072334618756
2025-12-23 11:30:00,-0.0012709005120178733
2025-12-23 12:30:00,-0.0003783634505123582
2025-12-23 13:30:00,-0.0007438911782404903
2025-12-23 14:30:00,-0.00226855073103549
2025-12-23 15:30:00,-0.0006627367937933932
2025-12-24 09:30:00,-0.002064576067413615
2025-12-24 10:30:00,0.0
2025-12-24 11:30:00,0.0
2025-12-24 12:30:00,0.0
2025-12-26 09:30:00,-0.015500716697180783
2025-12-26 10:30:00,-0.002187545308973693
2025-12-26 11:30:00,-0.0013937348212885725
2025-12-26 12:30:00,-0.0012932554677069774
2025-12-26 13:30:00,-0.001744823646118332
2025-12-26 14:30:00,-0.0003533360366996252
2025-12-26 15:30:00,6.415315933816501e-05
2025-12-29 09:30:00,-0.018103729756845054
2025-12-29 10:30:00,-0.001691487555085025
2025-12-29 11:30:00,-0.002444906740859165
2025-12-29 12:30:00,-0.0006788076084423248
2025-12-29 13:30:00,-0.001230401361876604
2025-12-29 14:30:00,0.0011737431472227705
2025-12-29 15:30:00,-0.003108245043727709
2025-12-30 09:30:00,-0.005508683281355305
2025-12-30 10:30:00,-0.0012738012232756612
2025-12-30 11:30:00,-0.002258461720378434
2025-12-30 12:30:00,-0.0009722182122520898
2025-12-30 13:30:00,-0.0010040656385227609
2025-12-30 14:30:00,-0.0014842787413893888
2025-12-30 15:30:00,-0.0032523614781452825
2025-12-31 09:30:00,-0.0070151545927554125
2025-12-31 10:30:00,-0.002542711745684595
2025-12-31 11:30:00,-0.0010574585350099975
2025-12-31 12:30:00,-0.0002692373394696817
2025-12-31 13:30:00,-0.0016412152726485124
2025-12-31 14:30:00,-0.0052387043531704315
2025-12-31 15:30:00,-0.0021592279817154226
2026-01-02 09:30:00,-0.029292966250001762
2026-01-02 10:30:00,-0.0009117059943603678
2026-01-02 11:30:00,-0.0016076916866200387
2026-01-02 12:30:00,-0.007627705255416872
2026-01-02 13:30:00,0.003838584318688154
2026-01-02 14:30:00,-0.002854573574439695
2026-01-02 15:30:00,-0.0017285503241067813
2026-01-05 09:30:00,-0.01530692079322305
2026-01-05 10:30:00,-0.00033531734416433203
2026-01-05 11:30:00,0.0032273018688684595
2026-01-05 12:30:00,-0.0028376722146771782
2026-01-05 13:30:00,0.0009089623904164959
2026-01-05 14:30:00,-0.003658904497112725
2026-01-05 15:30:00,-0.0013865990734092059
2026-01-06 09:30:00,-0.02400613784760765
2026-01-06 10:30:00,-0.005362003705315888
2026-01-06 11:30:00,-0.00024337553932539667
2026-01-06 12:30:00,-0.0009698264630995434
2026-01-06 13:30:00,0.001989636868258003
2026-01-06 14:30:00,-0.0021121748120663253
2026-01-06 15:30:00,-0.002095521273688557
2026-01-07 09:30:00,-0.026285210837235867
2026-01-07 10:30:00,-0.0028259584210270305
2026-01-07 11:30:00,-0.0013395794230656676
2026-01-07 12:30:00,-0.008912619493950525
2026-01-07 13:30:00,0.0001910106597458827
2026-01-07 14:30:00,-0.005730179118973083
2026-01-07 15:30:00,-0.0024881628815995984
2026-01-08 09:30:00,-0.01786097269941351
2026-01-08 10:30:00,-0.002628997090607007
2026-01-08 11:30:00,-0.0007653979036326142
2026-01-08 12:30:00,-0.002253847587886195
2026-01-08 13:30:00,-0.002859601549765445
2026-01-08 14:30:00,0.0020276810098650124
2026-01-08 15:30:00,-0.001975706708156985
2026-01-09 09:30:00,-0.009524767032420889
2026-01-09 10:30:00,-0.0061934631518161185
2026-01-09 11:30:00,-0.006016502548223423
2026-01-09 12:30:00,-0.0024890284745358844
2026-01-09 13:30:00,-0.004830872801098577
2026-01-09 14:30:00,-0.002459819289018253
2026-01-09 15:30:00,-0.0025189888171281176
2026-01-12 09:30:00,-0.025100806904189053
2026-01-12 10:30:00,-6.77100875154768e-05
2026-01-12 11:30:00,-0.002340745346851608
2026-01-12 12:30:00,-0.000294545311090727
2026-01-12 13:30:00,-0.0025830076229885757
2026-01-12 14:30:00,-0.00024459797142574306
2026-01-12 15:30:00,0.0015678036869354965
2026-01-13 09:30:00,-0.02167140476558249
2026-01-13 10:30:00,-0.0025495825891462933
2026-01-13 11:30:00,-0.0016305258780547837
2026-01-13 12:30:00,-0.0033035230790548096
2026-01-13 13:30:00,-0.0015525699737051202
2026-01-13 14:30:00,-0.005069254607473034
2026-01-13 15:30:00,5.234674740648981e-05
2026-01-14 09:30:00,-0.02311745406320196
2026-01-14 10:30:00,-0.0026243880469268566
2026-01-14 11:30:00,-0.008604366820006032
2026-01-14 12:30:00,-0.000638867531866405
2026-01-14 13:30:00,0.00019750814209833488
2026-01-14 14:30:00,0.0007896790284954936
2026-01-14 15:30:00,0.0013166232021290635
2026-01-15 09:30:00,-0.014406653802398159
2026-01-15 10:30:00,-0.00067835043526282
2026-01-15 11:30:00,-0.0029843181255007237
2026-01-15 12:30:00,-0.00032053192528559243
2026-01-15 13:30:00,-0.00017648309520406572
2026-01-15 14:30:00,-0.00567686938743643
2026-01-15 15:30:00,0.0011236799606820225
2026-01-16 09:30:00,-0.02033736659745622
2026-01-16 10:30:00,-0.005753421118312703
2026-01-16 11:30:00,-0.004075413241647122
2026-01-16 12:30:00,-0.000979182892949293
2026-01-16 13:30:00,-0.0053255976311425745
2026-01-16 14:30:00,-0.0019972308857018136
2026-01-16 15:30:00,-0.0029599835040089637
2026-01-20 09:30:00,-0.026739316052035545
2026-01-20 10:30:00,-0.005193938999402925
2026-01-20 11:30:00,-0.00022607899571117085
2026-01-20 12:30:00,-0.005473615297115403
2026-01-20 13:30:00,-0.006862100993901827
2026-01-20 14:30:00,-0.0033451313418179198
2026-01-20 15:30:00,-0.0017020232701285554
2026-01-21 09:30:00,-0.006075098115695755
2026-01-21 10:30:00,-0.008538517076315843
2026-01-21 11:30:00,-0.006801921170298974
2026-01-21 12:30:00,-0.000391682919748787
2026-01-21 13:30:00,0.004976808492380439
2026-01-21 14:30:00,-0.000689810829076265
2026-01-21 15:30:00,-0.001101350695906241
2026-01-22 09:30:00,-0.032944488922045
2026-01-22 10:30:00,-0.0056490217988072605
2026-01-22 11:30:00,-0.001526514227029957
2026-01-22 12:30:00,-0.0033952469630845116
2026-01-22 13:30:00,-0.0021420767551425337
2026-01-22 14:30:00,-0.0030986065859526235
2026-01-22 15:30:00,-0.0031195822252407615
2026-01-23 09:30:00,-0.013123937445203382
2026-01-23 10:30:00,-0.0014511434060452929
2026-01-23 11:30:00,-0.004181973669468171
2026-01-23 12:30:00,-0.004649409730357996
2026-01-23 13:30:00,0.0011492527837868327
2026-01-23 14:30:00,-0.0009563781057868
2026-01-23 15:30:00,0.0007146168463402214
2026-01-26 09:30:00,-0.020533806320241155
2026-01-26 10:30:00,-0.0022079105385735542
2026-01-26 11:30:00,-0.001433289097854018
2026-01-26 12:30:00,-5.189346348862441e-05
2026-01-26 13:30:00,-0.0012412424497997472
2026-01-26 14:30:00,-0.0006142900688536315
2026-01-26 15:30:00,-0.0012987836592476395
2026-01-27 09:30:00,-0.06277519676439838
2026-01-27 10:30:00,-0.0015576948677938685
2026-01-27 11:30:00,-0.005662079571882428
2026-01-27 12:30:00,-0.003433703658185616
2026-01-27 13:30:00,0.0029178649284589964
2026-01-27 14:30:00,-0.0028754950879237937
2026-01-27 15:30:00,-0.0022632539793239147
2026-01-28 09:30:00,-0.03003013204721639
2026-01-28 10:30:00,-0.0017213956616775605
2026-01-28 11:30:00,-0.007494681249211849
2026-01-28 12:30:00,-0.0052747448969567455
2026-01-28 13:30:00,-0.006472397303183097
2026-01-28 14:30:00,-0.0004790226852644852
2026-01-28 15:30:00,-0.0005405313761513098
2026-01-29 09:30:00,-0.04153703958757395
2026-01-29 10:30:00,-0.005834049751252601
2026-01-29 11:30:00,-0.004644790982400804
2026-01-29 12:30:00,-0.004134663666855082
2026-01-29 13:30:00,-0.001144942617209621
2026-01-29 14:30:00,-0.006279375991602898
2026-01-29 15:30:00,0.0014330377917682103
2026-01-30 09:30:00,-0.027818253051810467
2026-01-30 10:30:00,0.0003789548650887764
2026-02-02 13:30:00,-0.034622578929144845
2026-02-02 14:30:00,-0.002497697986695957
2026-02-02 15:30:00,-0.000599974943728987
2026-02-03 09:30:00,-0.08507219766949278
2026-02-03 10:30:00,-0.018454182477768012
2026-02-03 11:30:00,-0.009867410668562953
2026-02-03 12:30:00,0.0005226628628984653
2026-02-03 13:30:00,-0.0032078215495247807
2026-02-03 14:30:00,-0.00022300091968477931
2026-02-03 15:30:00,-0.002296139980729417
2026-02-04 09:30:00,-0.04387833367910302
2026-02-04 10:30:00,-0.006885744266408911
2026-02-04 11:30:00,-0.014218498748903163
2026-02-04 12:30:00,-0.0017129796735616987
2026-02-04 13:30:00,-0.002804812556335101
2026-02-04 14:30:00,0.0028284175674433976
2026-02-04 15:30:00,-0.0030083136495131224
2026-02-05 09:30:00,-0.0681357396207622
2026-02-05 10:30:00,-0.0024103736662427987
2026-02-05 11:30:00,0.004776393912691157
2026-02-05 12:30:00,-0.010691953246110903
2026-02-05 13:30:00,-0.0041863435106635205
2026-02-05 14:30:00,-0.008189614984583916
2026-02-05 15:30:00,0.0020752437722962812
2026-02-06 09:30:00,-0.02888322619935752
2026-02-06 10:30:00,-0.0022989015488619436
2026-02-06 11:30:00,-0.0005907970277432918
2026-02-06 12:30:00,-0.0029937956976498667
2026-02-06 13:30:00,0.0005012308518628327
2026-02-06 14:30:00,-0.000790394415580648
2026-02-06 15:30:00,0.002732473652453854
2026-02-09 09:30:00,-0.02429615021441794
2026-02-09 10:30:00,-0.004172322720281984
2026-02-09 11:30:00,-0.003208472351148872
2026-02-09 12:30:00,-0.0014997445373105941
2026-02-09 13:30:00,-0.01575144573432594
2026-02-09 14:30:00,-0.004734231096320984
2026-02-09 15:30:00,-0.006216089960042008
2026-02-10 09:30:00,-0.023962029117323463
2026-02-10 10:30:00,-0.012028304746798097
2026-02-10 11:30:00,-0.001050376699348099
2026-02-10 12:30:00,-0.00782632333023342
2026-02-10 13:30:00,0.001201865063467894
2026-02-10 14:30:00,-0.003937948096346289
2026-02-10 15:30:00,-0.001523053311594987
2026-02-11 09:30:00,-0.025992367536754993
2026-02-11 10:30:00,-0.005577693080729213
2026-02-11 11:30:00,-0.0034122325883444685
2026-02-11 12:30:00,-0.002371497827198865
2026-02-11 13:30:00,-0.003565570176699291
2026-02-11 14:30:00,-0.0020701666399649175
2026-02-11 15:30:00,-0.0009806287618026044
2026-02-12 09:30:00,-0.05117970439419981
2026-02-12 10:30:00,-0.02835931096897327
2026-02-12 11:30:00,-0.007488408909993588
2026-02-12 12:30:00,0.004151191163092194
2026-02-12 13:30:00,-0.0007129428709877039
2026-02-12 14:30:00,0.005434682006459596
2026-02-12 15:30:00,-0.0031178576699627814
2026-02-13 09:30:00,-0.0009153380549373388
2026-02-13 10:30:00,-0.0030643698043758797
2026-02-13 11:30:00,0.0008189836610532214
2026-02-13 12:30:00,-0.0005797387231234939
2026-02-13 13:30:00,-0.0030765557455193493
2026-02-13 14:30:00,-0.009910750892443056
2026-02-13 15:30:00,-0.0016100534975192298
2026-02-17 09:30:00,-0.04104224348858168
2026-02-17 10:30:00,-0.0017845063498576586
2026-02-17 11:30:00,-0.003419744342445049
2026-02-17 12:30:00,-0.003627176500532555
2026-02-17 13:30:00,0.00201560573595739
2026-02-17 14:30:00,-0.0011609821992407518
2026-02-17 15:30:00,-0.0008830647246356275
2026-02-18 09:30:00,-0.01282122332894407
2026-02-18 10:30:00,-2.6638705705369268e-06
2026-02-18 11:30:00,0.00013998925630299595
2026-02-18 12:30:00,-0.000801213103244557
2026-02-18 13:30:00,0.000640178254698214
2026-02-18 14:30:00,-0.0022399596345078327
2026-02-18 15:30:00,0.0010187226282548645
2026-02-19 09:30:00,-0.025564100181640032
2026-02-19 10:30:00,-0.006355057012667872
2026-02-19 11:30:00,0.004091002454863168
2026-02-19 12:30:00,-0.0001604526455198374
2026-02-19 13:30:00,-0.004187438646609909
2026-02-19 14:30:00,-0.002669018369118669
2026-02-19 15:30:00,0.0001745781759207984
2026-02-20 09:30:00,-0.009445876746697848
2026-02-20 10:30:00,-0.009537184534354455
2026-02-20 11:30:00,-0.0013352368753267521
2026-02-20 12:30:00,0.0032263962385943945
2026-02-20 13:30:00,0.004913714132374254
2026-02-20 14:30:00,-0.0008405765221284111
2026-02-20 15:30:00,0.0020705299959240253
2026-02-23 09:30:00,-0.03607535574908868
2026-02-23 10:30:00,-0.008025358959256901
2026-02-23 11:30:00,-0.005650937924450161
2026-02-23 12:30:00,0.0028509189700430594
2026-02-23 13:30:00,-0.009923180431248096
2026-02-23 14:30:00,-0.0001347518471172044
2026-02-23 15:30:00,0.0006108638431757227
2026-02-24 09:30:00,-0.01301883465606255
2026-02-24 10:30:00,-0.0021648498524821855
2026-02-24 11:30:00,0.00017495501062396446
2026-02-24 12:30:00,-0.005088038036097253
2026-02-24 13:30:00,0.00527854680852613
2026-02-24 14:30:00,-9.993214604782825e-05
2026-02-24 15:30:00,0.005553830701534479
2026-02-25 09:30:00,-0.049583003973271755
2026-02-25 10:30:00,0.0024803132499624293
2026-02-25 11:30:00,-0.0009895544844751025
2026-02-25 12:30:00,0.00288482098992533
2026-02-25 13:30:00,0.0006817888371629943
2026-02-25 14:30:00,-0.0013122215879052602
2026-02-25 15:30:00,0.0010015489565669475
2026-02-26 09:30:00,-0.02581373965542299
2026-02-26 10:30:00,0.0008429149676114286
2026-02-26 11:30:00,-0.004526940082379802
2026-02-26 12:30:00,0.00120192786964383
2026-02-26 13:30:00,-0.00204892876348269
2026-02-26 14:30:00,-0.0027553204771805645
2026-02-26 15:30:00,-0.0006428206601716897
2026-02-27 09:30:00,-0.02089231801240221
2026-02-27 10:30:00,-0.0028352617917423717
2026-02-27 11:30:00,-0.009133155244335186
2026-02-27 12:30:00,0.0010330921344617473
2026-02-27 13:30:00,-0.0004324052505403797
2026-02-27 14:30:00,0.00064395175729656
2026-02-27 15:30:00,-0.0007675120243461064
2026-03-02 09:30:00,-0.03930014385530838
2026-03-02 10:30:00,-0.00841090612070447
2026-03-02 11:30:00,0.001173175009688174
2026-03-02 12:30:00,-0.0017942923470575347
2026-03-02 13:30:00,0.0015231181410274796
2026-03-02 14:30:00,-0.004258381782219944
2026-03-02 15:30:00,-0.0008503634920893344
2026-03-03 09:30:00,-0.05733862012336951
2026-03-03 10:30:00,0.005407623343161983
2026-03-03 11:30:00,0.003469396789036905
2026-03-03 12:30:00,-0.003493080957242761
2026-03-03 13:30:00,-0.004394421408400401
2026-03-03 14:30:00,-0.0012057177571104694
2026-03-03 15:30:00,-0.003640341173435363
2026-03-04 09:30:00,-0.01196168349529525
2026-03-04 10:30:00,-0.009612282671741013
2026-03-04 11:30:00,0.0021744108552456177
2026-03-04 12:30:00,0.00018182586035350723
2026-03-04 13:30:00,0.0006868708270246048
2026-03-04 14:30:00,0.001010682075988358
2026-03-04 15:30:00,-0.005161277834268261
2026-03-05 09:30:00,-0.032731418876221954
2026-03-05 10:30:00,-0.006423434016407464
2026-03-05 11:30:00,-0.005942405141369539
2026-03-05 12:30:00,-0.00397655814852711
2026-03-05 13:30:00,-0.0018078429822866893
2026-03-05 14:30:00,0.0012911963462093167
2026-03-05 15:30:00,-0.001634862437413198
2026-03-06 09:30:00,-0.02734473462718731
2026-03-06 10:30:00,0.001054999731478362
2026-03-06 11:30:00,-0.003203335864924062
2026-03-06 12:30:00,-0.0013548073363493563
2026-03-06 13:30:00,-0.003412715910699138
2026-03-06 14:30:00,-0.01031342861506821
2026-03-06 15:30:00,-0.0020030551289511754
2026-03-09 09:30:00,-0.03399978121961438
2026-03-09 10:30:00,0.007832950794861132
2026-03-09 11:30:00,0.0017496933710933916
2026-03-09 12:30:00,-0.0014044163070296878
2026-03-09 13:30:00,0.001064285939754417
2026-03-09 14:30:00,0.0043775352708016226
2026-03-09 15:30:00,-0.004285144610530844
2026-03-10 09:30:00,-0.02360187729462631
2026-03-10 10:30:00,0.0014325479163500114
2026-03-10 11:30:00,0.0003251615762705965
2026-03-10 12:30:00,-0.004357274720501896
2026-03-10 13:30:00,-0.003312162551692214
2026-03-10 14:30:00,-0.002419762837136387
2026-03-10 15:30:00,-0.003527883083945987
2026-03-11 09:30:00,-0.029095358780467716
2026-03-11 10:30:00,0.0007957935886812705
2026-03-11 11:30:00,0.0002843063971376625
2026-03-11 12:30:00,0.002405553656726722
2026-03-11 13:30:00,-0.0038740410821761053
2026-03-11 14:30:00,-0.003778625277204589
2026-03-11 15:30:00,0.0005154822265435622
2026-03-12 09:30:00,-0.022265594383961966
2026-03-12 10:30:00,-0.002980273046079801
2026-03-12 11:30:00,-0.014252887636771105
2026-03-12 12:30:00,-0.003234159075450077
2026-03-12 13:30:00,-0.0043472670326412
2026-03-12 14:30:00,-0.002618569328357495
2026-03-12 15:30:00,-0.0065941555852907004
2026-03-13 09:30:00,-0.01275403146184469
2026-03-13 10:30:00,-0.006225560652713347
2026-03-13 11:30:00,-0.003333156267566341
2026-03-13 12:30:00,-0.002334540415433371
2026-03-13 13:30:00,-0.004066970764559937
2026-03-13 14:30:00,-0.00383468097780305
2026-03-13 15:30:00,-0.003127350513285226
2026-03-16 09:30:00,-0.01291974123336781
2026-03-16 10:30:00,-0.009251406514381767
2026-03-16 11:30:00,-0.0047552750271801225
2026-03-16 12:30:00,-0.0021801389627239174
2026-03-16 13:30:00,-0.0016616411960732418
2026-03-16 14:30:00,-0.005243861368531139
2026-03-16 15:30:00,-0.003336515275130514
2026-03-17 09:30:00,-0.006742282285541412
2026-03-17 10:30:00,-0.013597841935757166
2026-03-17 11:30:00,-0.010721279622134695
2026-03-17 12:30:00,0.008273492691164433
2026-03-17 13:30:00,-0.004892444818309379
2026-03-17 14:30:00,-0.001635553854138938
2026-03-17 15:30:00,-0.0023353157676048453
2026-03-18 09:30:00,-0.019087256429022436
2026-03-18 10:30:00,-0.002354773394833559
2026-03-18 11:30:00,0.0001443713256685103
2026-03-18 12:30:00,-0.005849472708695531
2026-03-18 13:30:00,-0.0018167832901794122
2026-03-18 14:30:00,-0.0041803809097105404
2026-03-18 15:30:00,-0.0035080954868648316
2026-03-19 09:30:00,-0.01992363450364203
2026-03-19 10:30:00,-0.0017986636154004477
2026-03-19 11:30:00,-0.00919955912415607
2026-03-19 12:30:00,-0.0019543527500380186
2026-03-19 13:30:00,-0.001465767046124561
2026-03-19 14:30:00,0.0007420581985154889
2026-03-19 15:30:00,-0.0015710826881269854
2026-03-20 09:30:00,-0.028204019826966225
2026-03-20 10:30:00,-0.004910413791770108
2026-03-20 11:30:00,-0.00570283650366612
2026-03-20 12:30:00,0.0006822079684165902
2026-03-20 13:30:00,-0.0075968529160881535
2026-03-20 14:30:00,-0.00978346185839753
2026-03-20 15:30:00,-0.0037060435699675155
2026-03-23 09:30:00,0.002451757915340558
2026-03-23 10:30:00,0.001634840198160753
2026-03-23 11:30:00,-0.006371931671388292
2026-03-23 12:30:00,0.003266394558935975
2026-03-23 13:30:00,0.004950483464449484
2026-03-23 14:30:00,-0.007005147523781291
2026-03-23 15:30:00,-0.0041310604602273525
2026-03-24 09:30:00,-0.0342854594150654
2026-03-24 10:30:00,-0.0047356600302932254
2026-03-24 11:30:00,-0.0036087974158268404
2026-03-24 12:30:00,-0.00799988877209732
2026-03-24 13:30:00,0.0023499908411468945
2026-03-24 14:30:00,-0.0013296197766074899
2026-03-24 15:30:00,-0.006126105430590896
2026-03-25 09:30:00,-0.010223552395581918
2026-03-25 10:30:00,-0.007083557650620284
2026-03-25 11:30:00,-0.001539196746835548
2026-03-25 12:30:00,-0.0026103492765568296
2026-03-25 13:30:00,-0.005192473333392748
2026-03-25 14:30:00,-0.0011183954624844736
2026-03-25 15:30:00,-0.001910972246983042
2026-03-26 09:30:00,-0.03033776540319738
2026-03-26 10:30:00,-0.010009043443748289
2026-03-26 11:30:00,-0.0117792513452221
2026-03-26 12:30:00,-0.0038680404435365136
2026-03-26 13:30:00,-0.006931656866844216
2026-03-26 14:30:00,0.0024243401985003152
2026-03-26 15:30:00,-0.005202315604772341
2026-03-27 09:30:00,-0.03697942291130658
2026-03-27 10:30:00,0.0051196613499362
2026-03-27 11:30:00,-0.004600459196728685
2026-03-27 12:30:00,-0.005391182044560622
2026-03-27 13:30:00,0.00020704029193440164
2026-03-27 14:30:00,-0.0009837421386237166
2026-03-27 15:30:00,-0.0009007849197692319
2026-03-30 09:30:00,-0.027168300485299612
2026-03-30 10:30:00,-0.006887582467881642
2026-03-30 11:30:00,-0.009633423705303845
2026-03-30 12:30:00,-0.006183214714482471
2026-03-30 13:30:00,-0.004124005550686427
2026-03-30 14:30:00,-0.006998504678419915
2026-03-30 15:30:00,0.005680985256909016
2026-03-31 09:30:00,-0.003225827257040881
2026-03-31 10:30:00,-0.008681095956920142
2026-03-31 11:30:00,0.00045524237392450634
2026-03-31 12:30:00,-0.01352348122566295
2026-03-31 13:30:00,-0.0011602478261492077
2026-03-31 14:30:00,0.006182323976313508
2026-03-31 15:30:00,0.004295554106793276
2026-04-01 09:30:00,-0.043720252420188774
2026-04-01 10:30:00,-0.002125643482549061
2026-04-01 11:30:00,-0.0026449226188724915
2026-04-01 12:30:00,-0.004876295529048833
2026-04-01 13:30:00,0.003075224680966887
2026-04-01 14:30:00,0.003241981241425815
2026-04-01 15:30:00,-0.0026242118406634447
2026-04-02 09:30:00,-0.010214351175553854
2026-04-02 10:30:00,0.002665754913108151
2026-04-02 11:30:00,-0.007473539832199061
2026-04-02 12:30:00,0.004414854781469757
2026-04-02 13:30:00,-0.0032736262092331295
2026-04-02 14:30:00,0.0015649285417117075
2026-04-02 15:30:00,-0.0015810706225042326
2026-04-06 09:30:00,-0.008407787802491717
2026-04-06 10:30:00,0.00423642411966918
2026-04-06 11:30:00,0.0
2026-04-06 12:30:00,-0.0164356614215998
2026-04-06 13:30:00,-0.013129577192503628
2026-04-06 14:30:00,0.012655266139144139
2026-04-06 15:30:00,0.00407828566028523
2026-04-07 09:30:00,-0.028644255061212414
2026-04-07 10:30:00,-0.012138504181837729
2026-04-07 11:30:00,-0.003653692352016217
2026-04-07 12:30:00,-0.016021718174227206
2026-04-07 13:30:00,-0.001136773521132839
2026-04-07 14:30:00,0.005439963213595411
2026-04-07 15:30:00,-0.006581309307876537
2026-04-08 09:30:00,-0.06260852790182732
2026-04-08 10:30:00,0.0031717589088797126
2026-04-08 11:30:00,0.000239340971591366
2026-04-08 12:30:00,0.0019974818597780775
2026-04-08 13:30:00,0.0023337795492564062
2026-04-08 14:30:00,0.006835619809424857
2026-04-08 15:30:00,-0.005407554106402174
2026-04-09 09:30:00,-0.03696444951361107
2026-04-09 10:30:00,-0.012274760467939183
2026-04-09 11:30:00,-0.012754689057515773
2026-04-09 12:30:00,-0.0056776185332122866
2026-04-09 13:30:00,-0.003411144655232312
2026-04-09 14:30:00,0.0014839316960736542
2026-04-09 15:30:00,-0.001745575354269215
2026-04-10 09:30:00,-0.03470315380550382
2026-04-10 10:30:00,-0.008543436885303346
2026-04-10 11:30:00,0.00017753610041073303
2026-04-10 12:30:00,-0.0036361503200758537
2026-04-10 13:30:00,-0.0034166436139464462
2026-04-10 14:30:00,0.002985417399920124
2026-04-10 15:30:00,-0.002936478046081978
2026-04-13 09:30:00,-0.009452497736901202
2026-04-13 10:30:00,-0.00556330163299954
2026-04-13 11:30:00,0.0005271142538975759
2026-04-13 12:30:00,0.0001476657011537652
2026-04-13 13:30:00,-0.004570991419789894
2026-04-13 14:30:00,-0.0018771852834621682
2026-04-13 15:30:00,0.0
2026-04-14 09:30:00,-0.016883834095182192
2026-04-14 10:30:00,-0.005125605945394833
2026-04-14 11:30:00,-0.004691413149920248
2026-04-14 12:30:00,-0.0005960846303854073
2026-04-14 13:30:00,-0.0003613641091431881
2026-04-14 14:30:00,0.0028698307814969404
2026-04-14 15:30:00,-0.003483076003923724
2026-04-15 09:30:00,-0.014930090615935433
2026-04-15 10:30:00,-0.003937596395470446
2026-04-15 11:30:00,-0.003907754039458899
2026-04-15 12:30:00,0.003402849382973694
2026-04-15 13:30:00,-0.0015242049402454845
2026-04-15 14:30:00,-0.0004372103298073693
2026-04-15 15:30:00,-0.0035659887492296744
2026-04-16 09:30:00,-0.008429867410225805
2026-04-16 10:30:00,-0.0022529099665295244
2026-04-16 11:30:00,-0.0035833058652993827
2026-04-16 12:30:00,-0.0059428328656266904
2026-04-16 13:30:00,0.0012362022746746544
2026-04-16 14:30:00,0.0029394201403494615
2026-04-16 15:30:00,-0.003835666248125739
2026-04-17 09:30:00,-0.04236846300819772
2026-04-17 10:30:00,-0.0014972628597078755
2026-04-17 11:30:00,0.00022907326517735479
2026-04-17 12:30:00,0.004343606395622646
2026-04-17 13:30:00,0.0036599541015023274
2026-04-17 14:30:00,-0.00040422334445078256
2026-04-17 15:30:00,-0.00030832840950556495
2026-04-20 09:30:00,-0.01057774210567275
2026-04-20 10:30:00,-0.01724213394929497
2026-04-20 11:30:00,-0.00015978044898468102
2026-04-20 12:30:00,0.008735355927590893
2026-04-20 13:30:00,-0.004434932671409375
2026-04-20 14:30:00,-0.002774623776779469
2026-04-20 15:30:00,-0.0006818130906519615
2026-04-21 09:30:00,-0.024688102605757205
2026-04-21 10:30:00,-0.007243271788532013
2026-04-21 11:30:00,-0.0007436347604456351
2026-04-21 12:30:00,-0.004801315351491175
2026-04-21 13:30:00,-0.0014370202412213318
2026-04-21 14:30:00,-0.00028828908812564426
2026-04-21 15:30:00,-0.004416769867493775
2026-04-22 09:30:00,-0.022776535408266636
2026-04-22 10:30:00,-0.0039940885193328335
2026-04-22 11:30:00,-0.00632848575932633
2026-04-22 12:30:00,-0.007385944175963022
2026-04-22 13:30:00,-0.0034082263544632507
2026-04-22 14:30:00,-0.00010917772024300332
2026-04-22 15:30:00,0.0004368788147199487
2026-04-23 09:30:00,-0.05663955047944199
2026-04-23 10:30:00,-0.0054714180097507285
2026-04-23 11:30:00,-0.003182041776131883
2026-04-23 12:30:00,-0.008709305175226289
2026-04-23 13:30:00,0.0056490176869748165
2026-04-23 14:30:00,-0.0006515617825947617
2026-04-23 15:30:00,0.0001466178759213732
2026-04-24 09:30:00,-0.02422353911046064
2026-04-24 10:30:00,-0.007052003031499226
2026-04-24 11:30:00,-0.0015880302020264137
2026-04-24 12:30:00,-0.0022663030678450546
2026-04-24 13:30:00,-0.0022900011741724957
2026-04-24 14:30:00,-0.004726964651837829
2026-04-24 15:30:00,-0.0026885936758500152
2026-04-27 09:30:00,-0.01466429506685063
2026-04-27 10:30:00,-0.0016320666575209363
2026-04-27 11:30:00,-0.0013482377341539958
2026-04-27 12:30:00,-0.001427667161121643
2026-04-27 13:30:00,-0.002712549075214818
2026-04-27 14:30:00,-0.0031989137709552418
2026-04-27 15:30:00,-0.0020638145075008605
2026-04-28 09:30:00,-0.046499952267782016
2026-04-28 10:30:00,-0.0073433898569255085
2026-04-28 11:30:00,-0.0025386861085417213
2026-04-28 12:30:00,-0.001871037052632607
2026-04-28 13:30:00,0.002678845722083162
2026-04-28 14:30:00,-0.005742466572615618
2026-04-28 15:30:00,0.0003004300205764421
2026-04-29 09:30:00,-0.04358030080434922
2026-04-29 10:30:00,-0.004900792212598476
2026-04-29 11:30:00,0.0005755030458319876
2026-04-29 12:30:00,-0.008488698629502028
2026-04-29 13:30:00,-0.005640805833214441
2026-04-29 14:30:00,-0.0021458248238690357
2026-04-29 15:30:00,0.00023560937908201907
2026-04-30 09:30:00,-0.03824251996976928
2026-04-30 10:30:00,-0.0041509324042477425
2026-04-30 11:30:00,-0.004034499941371427
2026-04-30 12:30:00,-5.1443540926443546e-05
2026-04-30 13:30:00,0.001000883471423783
2026-04-30 14:30:00,0.0020281767794600356
2026-04-30 15:30:00,0.0010051994304034807
2026-05-01 09:30:00,-0.016160244681439683
2026-05-01 10:30:00,-0.006843069460140423
2026-05-01 11:30:00,-0.005922025270063381
2026-05-01 12:30:00,-0.0006987421637038941
2026-05-01 13:30:00,-0.004962032819494688
2026-05-01 14:30:00,-0.0017442408809824552
2026-05-01 15:30:00,-0.0002171016015235579
2026-05-04 09:30:00,-0.025105652759517743
2026-05-04 10:30:00,-0.009442280691911064
2026-05-04 11:30:00,-0.006153505496495404
2026-05-04 12:30:00,-0.00020488578740384677
2026-05-04 13:30:00,-0.0025434025597205257
2026-05-04 14:30:00,-0.00297747114051935
2026-05-04 15:30:00,0.0026792718483996335
2026-05-05 09:30:00,-0.022859755173269436
2026-05-05 10:30:00,-0.003505460281215733
2026-05-05 11:30:00,-0.008544954603382397
2026-05-05 12:30:00,-0.0016194610400962176
2026-05-05 13:30:00,-0.0024017503093743766
2026-05-05 14:30:00,0.0022557272675003807
2026-05-05 15:30:00,-0.004358234556606456
2026-05-06 09:30:00,-0.053521300234039046
2026-05-06 10:30:00,-0.012233548973116244
2026-05-06 11:30:00,-0.0064547341680068135
2026-05-06 12:30:00,-0.0011946823497975823
2026-05-06 13:30:00,-0.003620063731527021
2026-05-06 14:30:00,-0.007029766183609644
2026-05-06 15:30:00,0.004184881486184203
2026-05-07 09:30:00,-0.033298295055243544
2026-05-07 10:30:00,-0.00482226241870084
2026-05-07 11:30:00,-0.003900384578032595
2026-05-07 12:30:00,-0.00461876938500988
2026-05-07 13:30:00,-0.0002678355745385599
2026-05-07 14:30:00,-0.002402952230326371
2026-05-07 15:30:00,-0.0033080792658141045
2026-05-08 09:30:00,-0.03630627137269529
2026-05-08 10:30:00,-0.0025814467470434027
2026-05-08 11:30:00,-0.006082236610068459
2026-05-08 12:30:00,-0.0020807978905232672
2026-05-08 13:30:00,-0.0001199670089235827
2026-05-08 14:30:00,-0.005332065447825912
2026-05-08 15:30:00,-0.0014382350538269266
2026-05-11 09:30:00,-0.02332735180547816
2026-05-11 10:30:00,-0.013218292162795487
2026-05-11 11:30:00,-0.002584654491868693
2026-05-11 12:30:00,-0.0016314521797172687
2026-05-11 13:30:00,-0.003987611289068799
2026-05-11 14:30:00,-0.001081098040146855
2026-05-11 15:30:00,0.001008359105454598
2026-05-12 09:30:00,-0.010446225310932311
2026-05-12 10:30:00,-0.002836378729781458
2026-05-12 11:30:00,-0.0007461567743636207
2026-05-12 12:30:00,-0.0025802858415362655
2026-05-12 13:30:00,0.0004896918304900306
2026-05-12 14:30:00,-0.0012756108977833858
2026-05-12 15:30:00,-0.0040877106771651794
2026-05-13 09:30:00,-0.03979428908515965
2026-05-13 10:30:00,-0.003694935543699024
2026-05-13 11:30:00,-0.0028864429560667036
2026-05-13 12:30:00,-0.0027904425434842673
2026-05-13 13:30:00,-0.0012982349423613926
2026-05-13 14:30:00,0.0015932428625227394
2026-05-13 15:30:00,-0.0026720900356538143
2026-05-14 09:30:00,-0.012053538502957909
2026-05-14 10:30:00,-0.0026204497296026066
2026-05-14 11:30:00,-0.006423858447286607
2026-05-14 12:30:00,-0.004998012484968423
2026-05-14 13:30:00,-0.0010040073717094977
2026-05-14 14:30:00,-0.004267934923245089
2026-05-14 15:30:00,-0.001840099562708486
2026-05-15 09:30:00,-0.021030174061652133
2026-05-15 10:30:00,-0.0035611613301190616
2026-05-15 11:30:00,-0.00035206375923723667
2026-05-15 12:30:00,-0.0014594807138146205
2026-05-15 13:30:00,-0.0018660000904281103
2026-05-15 14:30:00,-0.000532353604820679
2026-05-15 15:30:00,-0.0035985993649910843
2026-05-18 09:30:00,-0.03007569029419275
2026-05-18 10:30:00,-0.007655146517249567
2026-05-18 11:30:00,-0.004129480290458199
2026-05-18 12:30:00,0.002732359718859029
2026-05-18 13:30:00,-0.008630450841442917
2026-05-18 14:30:00,0.004556265167744567
2026-05-18 15:30:00,0.005295524971700405
2026-05-19 09:30:00,-0.0342975565250055
2026-05-19 10:30:00,-0.0012700604745154499
2026-05-19 11:30:00,0.005285379486459685
2026-05-19 12:30:00,0.00294760627763245
2026-05-19 13:30:00,-0.004214077874520083
2026-05-19 14:30:00,-0.004395170753604255
2026-05-19 15:30:00,-0.003980860400934344
2026-05-20 09:30:00,-0.01816749242035154
2026-05-20 10:30:00,-0.006026235925329756
2026-05-20 11:30:00,-0.0026457468205697923
2026-05-20 12:30:00,0.0011236804878933628
2026-05-20 13:30:00,-0.004214055900115017
2026-05-20 14:30:00,0.0009872886193739478
2026-05-20 15:30:00,-0.0021641800776550646
2026-05-21 09:30:00,-0.03627554608598789
2026-05-21 10:30:00,-0.007113109516187351
2026-05-21 11:30:00,-0.0021140365576638245
2026-05-21 12:30:00,-0.0006960534012546625
2026-05-21 13:30:00,0.002337837531612504
2026-05-21 14:30:00,-0.0027884661339355643
2026-05-21 15:30:00,-3.860336140038001e-05
2026-05-22 09:30:00,-0.010634846568010805
2026-05-22 10:30:00,0.0017207404059809775
2026-05-22 11:30:00,-0.0028863852302712517
2026-05-22 12:30:00,0.005493945248204624
2026-05-22 13:30:00,-0.0029186360413787915
2026-05-22 14:30:00,-0.003741452913091081
2026-05-22 15:30:00,0.00015975083708956727
2026-05-26 09:30:00,-0.026410858575190786
2026-05-26 10:30:00,0.00035072489620496187
2026-05-26 11:30:00,-0.0028150468377776128
2026-05-26 12:30:00,-0.0004361832528796628
2026-05-26 13:30:00,-0.0016928050545497546
2026-05-26 14:30:00,0.000281924587140181
2026-05-26 15:30:00,0.0025607528210397357
2026-05-27 09:30:00,-0.05124960753525107
2026-05-27 10:30:00,-0.009363101433032225
2026-05-27 11:30:00,-0.0022203186233810345
2026-05-27 12:30:00,0.00035774158165818355
2026-05-27 13:30:00,-0.0032820606370642567
2026-05-27 14:30:00,-0.0015633446156653925
2026-05-27 15:30:00,-0.002586610522392868
2026-05-28 09:30:00,-0.015490873621986668
2026-05-28 10:30:00,6.947928389375156e-05
2026-05-28 11:30:00,-0.0004172953542188815
2026-05-28 12:30:00,-0.0012837286039308542
2026-05-28 13:30:00,-0.00305472142846775
2026-05-28 14:30:00,-0.0010768143486597464
2026-05-28 15:30:00,-0.002155990132544627
2026-05-29 09:30:00,-0.01924592841289032
2026-05-29 10:30:00,-0.0035001109293871734
2026-05-29 11:30:00,-0.0005033076630217403
2026-05-29 12:30:00,0.00014675482352349833
2026-05-29 13:30:00,-0.0009871652665980335
2026-05-29 14:30:00,-0.0022764066678772287
2026-05-29 15:30:00,-0.0030026278721453025
2026-06-01 09:30:00,-0.015713785596780976
2026-06-01 10:30:00,-0.006882299415131321
2026-06-01 11:30:00,-0.0022227719225305755
2026-06-01 12:30:00,0.0016539438433275876
2026-06-01 13:30:00,-0.0020427325621547032
2026-06-01 14:30:00,-0.005686312062288168
2026-06-01 15:30:00,-0.0025890597746090482
2026-06-02 09:30:00,-0.019151747265642987
2026-06-02 10:30:00,-0.0017887824027247924
2026-06-02 11:30:00,0.0016046623976378681
2026-06-02 12:30:00,-0.0002529254146395432
2026-06-02 13:30:00,-9.959780283726028e-05
2026-06-02 14:30:00,-0.003913076945631057
2026-06-02 15:30:00,-0.0013038652129894778
2026-06-03 09:30:00,-0.03124190364803704
2026-06-03 10:30:00,-0.00505194664067461
2026-06-03 11:30:00,0.0012793966033736836
2026-06-03 12:30:00,0.0009176874194109397
2026-06-03 13:30:00,-0.0024053840418985714
2026-06-03 14:30:00,-0.005759349311539425
2026-06-03 15:30:00,-0.0011749465232456264
2026-06-04 09:30:00,-0.04221801573198537
2026-06-04 10:30:00,-0.012841776006680232
2026-06-04 11:30:00,0.0032948386705862385
2026-06-04 12:30:00,-0.0038687193167006584
2026-06-04 13:30:00,-0.004377111826377854
2026-06-04 14:30:00,0.0011235013292393596
2026-06-04 15:30:00,0.0017679220105810134
2026-06-05 09:30:00,-0.03069365155017299
2026-06-05 10:30:00,-0.0053385848753346125
2026-06-05 11:30:00,-0.008829091033207014
2026-06-05 12:30:00,-0.004005599201266703
2026-06-05 13:30:00,-0.008689280331038059
2026-06-05 14:30:00,-0.0018107972264571467
2026-06-05 15:30:00,-0.006865976812092469
2026-06-08 09:30:00,-0.007130776820030688
2026-06-08 10:30:00,-0.00806179075956708
2026-06-08 11:30:00,-0.004518912499445538
2026-06-08 12:30:00,-0.0018993601836630042
2026-06-08 13:30:00,-0.0036943396095503295
2026-06-08 14:30:00,-0.00568625734549999
2026-06-08 15:30:00,0.004385371316127901
2026-06-09 09:30:00,-0.026810123780220484
2026-06-09 10:30:00,-0.023705882045964195
2026-06-09 11:30:00,-0.019877131134126265
2026-06-09 12:30:00,0.012087935872313382
2026-06-09 13:30:00,0.0071120306563584165
2026-06-09 14:30:00,0.00189377605476021
2026-06-09 15:30:00,-0.001722716093992105
2026-06-10 09:30:00,-0.030854019547253135
2026-06-10 10:30:00,-0.022990413033733743
2026-06-10 11:30:00,-0.002793444129594852
2026-06-10 12:30:00,-0.004427340533064155
2026-06-10 13:30:00,-0.00012734506185215765
2026-06-10 14:30:00,-0.010351701471591635
2026-06-10 15:30:00,-0.0029488335025680823
2026-06-11 09:30:00,-0.017588687914068223
2026-06-11 10:30:00,-0.005885498407711192
2026-06-11 11:30:00,-0.0025555055727859433
2026-06-11 12:30:00,0.005859828866610702
2026-06-11 13:30:00,-0.0011572654290909756
2026-06-11 14:30:00,-0.014011337765712145
2026-06-11 15:30:00,-0.012185517189950867
2026-06-12 09:30:00,-0.028427033148301726
2026-06-12 10:30:00,0.011868833821073677
2026-06-12 11:30:00,-0.0028947326051853295
2026-06-12 12:30:00,-0.003939079532572731
2026-06-12 13:30:00,-0.0021536618117648843
2026-06-12 14:30:00,-0.0009386186627855286
2026-06-12 15:30:00,-0.003156871905203941
