Datetime,Hourly_Return
2024-07-29 10:30:00,0.0
2024-07-29 11:30:00,0.0
2024-07-29 12:30:00,0.0
2024-07-29 13:30:00,0.0
2024-07-29 14:30:00,0.0
2024-07-29 15:30:00,0.0
2024-07-30 09:30:00,0.0
2024-07-30 10:30:00,0.0
2024-07-30 11:30:00,0.0
2024-07-30 12:30:00,0.0
2024-07-30 13:30:00,0.0
2024-07-30 14:30:00,0.0
2024-07-30 15:30:00,0.0
2024-07-31 09:30:00,0.0
2024-07-31 10:30:00,0.0
2024-07-31 11:30:00,0.0
2024-07-31 12:30:00,0.0
2024-07-31 13:30:00,0.0
2024-07-31 14:30:00,0.0
2024-07-31 15:30:00,0.0
2024-08-01 09:30:00,-0.04476182518486317
2024-08-01 10:30:00,-0.01104251026514796
2024-08-01 11:30:00,0.0014473191582678679
2024-08-01 12:30:00,-0.0026866878298942853
2024-08-01 13:30:00,-0.0019225675368510608
2024-08-01 14:30:00,0.0002297631893303731
2024-08-01 15:30:00,0.00202725609447596
2024-08-02 09:30:00,-0.03948695550467561
2024-08-02 10:30:00,-0.002990504074000544
2024-08-02 11:30:00,0.009414720544918358
2024-08-02 12:30:00,-0.00482553061980095
2024-08-02 13:30:00,-0.001582723525857549
2024-08-02 14:30:00,0.0009013108342633136
2024-08-02 15:30:00,-0.0023431290090088095
2024-08-05 09:30:00,-0.05241351942799362
2024-08-05 10:30:00,0.014849779218689897
2024-08-05 11:30:00,0.013022184757485877
2024-08-05 12:30:00,-0.003643084468165769
2024-08-05 13:30:00,-0.003565493342546333
2024-08-05 14:30:00,-0.00493037737944364
2024-08-05 15:30:00,0.0008262900299937981
2024-08-06 09:30:00,0.017090245753445137
2024-08-06 10:30:00,-0.0033692093950933753
2024-08-06 11:30:00,0.007366537267112195
2024-08-06 12:30:00,0.004458351543012984
2024-08-06 13:30:00,0.0036034164570864615
2024-08-06 14:30:00,0.0
2024-08-06 15:30:00,0.0
2024-08-07 09:30:00,0.0
2024-08-07 10:30:00,0.0
2024-08-07 11:30:00,0.0
2024-08-07 12:30:00,0.0
2024-08-07 13:30:00,0.0
2024-08-07 14:30:00,0.0
2024-08-07 15:30:00,0.0
2024-08-08 09:30:00,0.0
2024-08-08 10:30:00,0.0
2024-08-08 11:30:00,0.0
2024-08-08 12:30:00,0.0
2024-08-08 13:30:00,0.0
2024-08-08 14:30:00,0.0
2024-08-08 15:30:00,0.0
2024-08-09 09:30:00,0.0
2024-08-09 10:30:00,0.0
2024-08-09 11:30:00,0.0
2024-08-09 12:30:00,0.0
2024-08-09 13:30:00,0.0
2024-08-09 14:30:00,0.0
2024-08-09 15:30:00,0.0
2024-08-12 09:30:00,0.0
2024-08-12 10:30:00,0.0
2024-08-12 11:30:00,0.0
2024-08-12 12:30:00,0.0
2024-08-12 13:30:00,0.0
2024-08-12 14:30:00,0.0
2024-08-12 15:30:00,0.0
2024-08-13 09:30:00,0.0
2024-08-13 10:30:00,0.0
2024-08-13 11:30:00,0.0
2024-08-13 12:30:00,0.0
2024-08-13 13:30:00,0.0
2024-08-13 14:30:00,0.0
2024-08-13 15:30:00,0.0
2024-08-14 09:30:00,0.0
2024-08-14 10:30:00,0.0
2024-08-14 11:30:00,0.0
2024-08-14 12:30:00,0.0
2024-08-14 13:30:00,0.0
2024-08-14 14:30:00,0.0
2024-08-14 15:30:00,0.0
2024-08-15 09:30:00,0.0
2024-08-15 10:30:00,0.0
2024-08-15 11:30:00,0.0
2024-08-15 12:30:00,0.0
2024-08-15 13:30:00,0.0
2024-08-15 14:30:00,0.0
2024-08-15 15:30:00,0.0
2024-08-16 09:30:00,0.0
2024-08-16 10:30:00,0.0
2024-08-16 11:30:00,0.0
2024-08-16 12:30:00,0.0
2024-08-16 13:30:00,0.0
2024-08-16 14:30:00,0.0
2024-08-16 15:30:00,0.0
2024-08-19 09:30:00,0.0
2024-08-19 10:30:00,0.0
2024-08-19 11:30:00,0.0
2024-08-19 12:30:00,0.0
2024-08-19 13:30:00,0.0
2024-08-19 14:30:00,0.0
2024-08-19 15:30:00,0.0
2024-08-20 09:30:00,0.0
2024-08-20 10:30:00,0.0
2024-08-20 11:30:00,0.0
2024-08-20 12:30:00,0.0
2024-08-20 13:30:00,0.0
2024-08-20 14:30:00,0.0
2024-08-20 15:30:00,0.0
2024-08-21 09:30:00,0.0
2024-08-21 10:30:00,0.0
2024-08-21 11:30:00,0.0
2024-08-21 12:30:00,0.0
2024-08-21 13:30:00,0.0
2024-08-21 14:30:00,0.0
2024-08-21 15:30:00,0.0
2024-08-22 09:30:00,0.0
2024-08-22 10:30:00,0.0
2024-08-22 11:30:00,0.0
2024-08-22 12:30:00,0.0
2024-08-22 13:30:00,0.0
2024-08-22 14:30:00,0.0
2024-08-22 15:30:00,0.0
2024-08-23 09:30:00,0.0
2024-08-23 10:30:00,0.0
2024-08-23 11:30:00,0.0
2024-08-23 12:30:00,0.0
2024-08-23 13:30:00,0.0
2024-08-23 14:30:00,0.0
2024-08-23 15:30:00,0.0
2024-08-26 09:30:00,0.0
2024-08-26 10:30:00,-0.0037184228611221613
2024-08-26 11:30:00,-0.00037275609780831886
2024-08-26 12:30:00,-0.0015747466712518032
2024-08-26 13:30:00,-0.0013971725503494903
2024-08-26 14:30:00,0.00028617156647339217
2024-08-26 15:30:00,0.00023222897339191805
2024-08-27 09:30:00,-0.0013321080501452643
2024-08-27 10:30:00,-0.0029308563434249867
2024-08-27 11:30:00,0.0021230141654371482
2024-08-27 12:30:00,0.0017419517709773903
2024-08-27 13:30:00,-0.0011729132934279573
2024-08-27 14:30:00,-0.001305978127266566
2024-08-27 15:30:00,0.0005535314555908999
2024-08-28 09:30:00,-0.030544451061219596
2024-08-28 10:30:00,-0.004282435732970979
2024-08-28 11:30:00,-0.000585644598238455
2024-08-28 12:30:00,0.004367508350393556
2024-08-28 13:30:00,-0.0014873970737625864
2024-08-28 14:30:00,0.005616844218746242
2024-08-28 15:30:00,-1.4217418739098652e-05
2024-08-29 09:30:00,0.012253946836701923
2024-08-29 10:30:00,0.0017965108425095633
2024-08-29 11:30:00,0.0017116440707415693
2024-08-29 12:30:00,-0.002106220271029219
2024-08-29 13:30:00,-0.004269588841008143
2024-08-29 14:30:00,-0.0008415091431983046
2024-08-29 15:30:00,0.0
2024-08-30 09:30:00,0.0
2024-08-30 10:30:00,0.0
2024-08-30 11:30:00,-0.0035682108705976656
2024-08-30 12:30:00,0.0007560619029337134
2024-08-30 13:30:00,0.0026858786795357303
2024-08-30 14:30:00,0.003875038426570848
2024-08-30 15:30:00,0.0031531949899498814
2024-09-03 09:30:00,-0.010045525312798015
2024-09-03 10:30:00,0.001552694624760903
2024-09-03 11:30:00,-0.0022566331498720727
2024-09-03 12:30:00,3.643055609541257e-05
2024-09-03 13:30:00,-0.0031502862783008454
2024-09-03 14:30:00,-0.0015505371749361507
2024-09-03 15:30:00,-0.0012669522233232366
2024-09-04 09:30:00,0.001969093136760075
2024-09-04 10:30:00,-0.005628024910514578
2024-09-04 11:30:00,-0.0023744046019754327
2024-09-04 12:30:00,0.0007294432169711928
2024-09-04 13:30:00,-0.0010585030027810028
2024-09-04 14:30:00,-0.0011351569702138299
2024-09-04 15:30:00,0.0026225816807259883
2024-09-05 09:30:00,-0.00657988072044286
2024-09-05 10:30:00,-0.00171684508826076
2024-09-05 11:30:00,0.0034377999294404604
2024-09-05 12:30:00,0.0035314247023486125
2024-09-05 13:30:00,0.0022977950836217897
2024-09-05 14:30:00,-0.00021014306119129244
2024-09-05 15:30:00,0.0007340962654292904
2024-09-06 09:30:00,-0.027399123952914283
2024-09-06 10:30:00,-0.004049425007770879
2024-09-06 11:30:00,-0.0014888462676707793
2024-09-06 12:30:00,0.00263135006502922
2024-09-06 13:30:00,-0.0017496787466273367
2024-09-06 14:30:00,0.003041974603653902
2024-09-06 15:30:00,-0.000874799369965057
2024-09-09 09:30:00,0.008385280232399827
2024-09-09 10:30:00,1.6167719000609315e-05
2024-09-09 11:30:00,0.0036529148556835533
2024-09-09 12:30:00,0.0009664322910342526
2024-09-09 13:30:00,-0.003973794054011176
2024-09-09 14:30:00,0.00047568059397715134
2024-09-09 15:30:00,0.0
2024-09-10 09:30:00,-0.03322685579587709
2024-09-10 10:30:00,0.002858210205330264
2024-09-10 11:30:00,-0.007962734257865662
2024-09-10 12:30:00,0.005531338664836305
2024-09-10 13:30:00,0.0051522300834776266
2024-09-10 14:30:00,0.003790079322587775
2024-09-10 15:30:00,-0.0015026990236759019
2024-09-11 09:30:00,-0.019187910308486055
2024-09-11 10:30:00,0.0028110895264109427
2024-09-11 11:30:00,0.003917566729857419
2024-09-11 12:30:00,0.004758459226926015
2024-09-11 13:30:00,0.0010908819334563336
2024-09-11 14:30:00,0.005541917207579317
2024-09-11 15:30:00,0.0
2024-09-12 09:30:00,0.0
2024-09-12 10:30:00,0.0
2024-09-12 11:30:00,0.0
2024-09-12 12:30:00,0.0
2024-09-12 13:30:00,0.0
2024-09-12 14:30:00,0.0
2024-09-12 15:30:00,0.0
2024-09-13 09:30:00,0.0
2024-09-13 10:30:00,0.0
2024-09-13 11:30:00,0.0
2024-09-13 12:30:00,0.0
2024-09-13 13:30:00,0.0
2024-09-13 14:30:00,0.0
2024-09-13 15:30:00,0.0
2024-09-16 09:30:00,0.0
2024-09-16 10:30:00,0.0
2024-09-16 11:30:00,0.0
2024-09-16 12:30:00,0.0
2024-09-16 13:30:00,0.0
2024-09-16 14:30:00,0.0
2024-09-16 15:30:00,0.0
2024-09-17 09:30:00,0.0
2024-09-17 10:30:00,0.0
2024-09-17 11:30:00,0.0
2024-09-17 12:30:00,0.0
2024-09-17 13:30:00,0.0
2024-09-17 14:30:00,0.0
2024-09-17 15:30:00,0.0
2024-09-18 09:30:00,0.0
2024-09-18 10:30:00,0.0
2024-09-18 11:30:00,0.0
2024-09-18 12:30:00,0.0
2024-09-18 13:30:00,0.0
2024-09-18 14:30:00,0.0
2024-09-18 15:30:00,0.0
2024-09-19 09:30:00,-0.015288662690752375
2024-09-19 10:30:00,-0.001703088655955165
2024-09-19 11:30:00,-0.001121031582301374
2024-09-19 12:30:00,0.0011244545132879312
2024-09-19 13:30:00,0.0020500659373380247
2024-09-19 14:30:00,-0.0002568906206878163
2024-09-19 15:30:00,0.00016818112862602153
2024-09-20 09:30:00,0.0011136740687840928
2024-09-20 10:30:00,0.0004502651759174414
2024-09-20 11:30:00,-0.0014659645499481289
2024-09-20 12:30:00,0.0026105313431950606
2024-09-20 13:30:00,-0.0018122104694203278
2024-09-20 14:30:00,0.0008283816003547051
2024-09-20 15:30:00,0.0
2024-09-23 09:30:00,0.0
2024-09-23 10:30:00,0.0
2024-09-23 11:30:00,0.0
2024-09-23 12:30:00,0.0
2024-09-23 13:30:00,0.0
2024-09-23 14:30:00,0.0
2024-09-23 15:30:00,0.0
2024-09-24 09:30:00,0.0
2024-09-24 10:30:00,0.0
2024-09-24 11:30:00,0.0
2024-09-24 12:30:00,0.0
2024-09-24 13:30:00,0.0
2024-09-24 14:30:00,0.0
2024-09-24 15:30:00,0.0
2024-09-25 09:30:00,-0.027607741395740376
2024-09-25 10:30:00,0.0033510518430019008
2024-09-25 11:30:00,-0.0006456505504817189
2024-09-25 12:30:00,-0.002118508847155182
2024-09-25 13:30:00,0.0003828702068516654
2024-09-25 14:30:00,-0.0013944095716812766
2024-09-25 15:30:00,-0.0004446503536026991
2024-09-26 09:30:00,0.009147495104222098
2024-09-26 10:30:00,0.001811578574276229
2024-09-26 11:30:00,-5.189945197771606e-05
2024-09-26 12:30:00,0.00035253087723824406
2024-09-26 13:30:00,-0.00022303432457502215
2024-09-26 14:30:00,-4.380940866959837e-05
2024-09-26 15:30:00,0.0
2024-09-27 09:30:00,0.0
2024-09-27 10:30:00,0.0
2024-09-27 11:30:00,0.0
2024-09-27 12:30:00,0.0
2024-09-27 13:30:00,0.0
2024-09-27 14:30:00,0.0
2024-09-27 15:30:00,0.0
2024-09-30 09:30:00,-0.02415519322339247
2024-09-30 10:30:00,0.005862423793817534
2024-09-30 11:30:00,-9.040161624174759e-05
2024-09-30 12:30:00,-0.000573943959263179
2024-09-30 13:30:00,-0.0033607005102592514
2024-09-30 14:30:00,0.003250378576669266
2024-09-30 15:30:00,0.004748257470685325
2024-10-01 09:30:00,-0.00907987582354799
2024-10-01 10:30:00,0.0032599211758823853
2024-10-01 11:30:00,0.003092389577096938
2024-10-01 12:30:00,-0.005406145203901541
2024-10-01 13:30:00,0.0065860035404950446
2024-10-01 14:30:00,-0.0009571775264224536
2024-10-01 15:30:00,0.0
2024-10-02 09:30:00,-0.03329116164005904
2024-10-02 10:30:00,0.0038307518239357684
2024-10-02 11:30:00,0.0006784822806553236
2024-10-02 12:30:00,0.0007463724561465157
2024-10-02 13:30:00,0.0005497142342243521
2024-10-02 14:30:00,0.0013233806371196366
2024-10-02 15:30:00,-0.0001239700532757959
2024-10-03 09:30:00,-0.009243811260318363
2024-10-03 10:30:00,-0.0008010962481695527
2024-10-03 11:30:00,0.0012662961179941534
2024-10-03 12:30:00,-0.0016564545107796258
2024-10-03 13:30:00,-5.188747677109529e-06
2024-10-03 14:30:00,-0.00177879758397958
2024-10-03 15:30:00,0.0
2024-10-04 09:30:00,-0.02167394547916851
2024-10-04 10:30:00,-0.0015097625286782212
2024-10-04 11:30:00,0.0011607339553760254
2024-10-04 12:30:00,0.004598657283109514
2024-10-04 13:30:00,-0.0012758837930363421
2024-10-04 14:30:00,0.001411581546751728
2024-10-04 15:30:00,0.00010540739729464899
2024-10-07 09:30:00,-0.00596587738796302
2024-10-07 10:30:00,0.0013781004697921428
2024-10-07 11:30:00,-0.0009625489435781176
2024-10-07 12:30:00,-0.0001310729104224695
2024-10-07 13:30:00,-0.002729336306867941
2024-10-07 14:30:00,0.0007841971844284978
2024-10-07 15:30:00,-0.0007842818102950843
2024-10-08 09:30:00,0.007711875399342044
2024-10-08 10:30:00,0.002948499989190223
2024-10-08 11:30:00,0.00011404083736614723
2024-10-08 12:30:00,-0.002231014239960688
2024-10-08 13:30:00,0.0003225364369104311
2024-10-08 14:30:00,0.000704452935391553
2024-10-08 15:30:00,0.000686888560151927
2024-10-09 09:30:00,-0.0026026277480836026
2024-10-09 10:30:00,0.003160561258153749
2024-10-09 11:30:00,0.002642001016060741
2024-10-09 12:30:00,-0.0008549125689775227
2024-10-09 13:30:00,-0.002391949849386732
2024-10-09 14:30:00,0.0
2024-10-09 15:30:00,0.0
2024-10-10 09:30:00,0.0
2024-10-10 10:30:00,0.0
2024-10-10 11:30:00,0.0
2024-10-10 12:30:00,0.0
2024-10-10 13:30:00,0.0
2024-10-10 14:30:00,0.0
2024-10-10 15:30:00,0.0
2024-10-11 09:30:00,0.0
2024-10-11 10:30:00,0.0
2024-10-11 11:30:00,0.0
2024-10-11 12:30:00,0.0
2024-10-11 13:30:00,0.0
2024-10-11 14:30:00,0.0
2024-10-11 15:30:00,0.0
2024-10-14 09:30:00,0.0
2024-10-14 10:30:00,0.0
2024-10-14 11:30:00,0.0
2024-10-14 12:30:00,0.0
2024-10-14 13:30:00,0.0
2024-10-14 14:30:00,0.0
2024-10-14 15:30:00,0.0
2024-10-15 09:30:00,0.0
2024-10-15 10:30:00,0.0
2024-10-15 11:30:00,0.0
2024-10-15 12:30:00,0.0
2024-10-15 13:30:00,0.0
2024-10-15 14:30:00,-0.005824040046336826
2024-10-15 15:30:00,-9.407348040270658e-05
2024-10-16 09:30:00,0.008907425895606409
2024-10-16 10:30:00,-0.0036656118892570587
2024-10-16 11:30:00,-0.0021241378137324073
2024-10-16 12:30:00,-0.000738801016248658
2024-10-16 13:30:00,0.0008167782643055121
2024-10-16 14:30:00,-0.0008179038853498577
2024-10-16 15:30:00,-0.00036227662486805755
2024-10-17 09:30:00,-0.004356193522079365
2024-10-17 10:30:00,-0.001589781549608027
2024-10-17 11:30:00,0.0015851931647301476
2024-10-17 12:30:00,0.0007239461152265814
2024-10-17 13:30:00,0.0
2024-10-17 14:30:00,0.0
2024-10-17 15:30:00,0.0
2024-10-18 09:30:00,0.0
2024-10-18 10:30:00,0.0
2024-10-18 11:30:00,0.0
2024-10-18 12:30:00,0.0
2024-10-18 13:30:00,0.0
2024-10-18 14:30:00,0.0
2024-10-18 15:30:00,0.0
2024-10-21 09:30:00,-0.01878966360832595
2024-10-21 10:30:00,-0.006232782306052171
2024-10-21 11:30:00,0.0016831476038941307
2024-10-21 12:30:00,0.0005267466960901079
2024-10-21 13:30:00,-0.0015352622321436916
2024-10-21 14:30:00,0.00015018807486467668
2024-10-21 15:30:00,0.0020396449558203965
2024-10-22 09:30:00,-0.000375037388179944
2024-10-22 10:30:00,-0.0012211480059410806
2024-10-22 11:30:00,0.0002949211260561635
2024-10-22 12:30:00,0.001439614475951645
2024-10-22 13:30:00,0.0011351407151805049
2024-10-22 14:30:00,-0.00016610730308877497
2024-10-22 15:30:00,-0.003811871894487262
2024-10-23 09:30:00,0.0010401198399239199
2024-10-23 10:30:00,-0.00307783231897209
2024-10-23 11:30:00,-0.0014590376423326168
2024-10-23 12:30:00,-0.0002858988791975825
2024-10-23 13:30:00,-0.0017029995141757237
2024-10-23 14:30:00,0.003540940808433135
2024-10-23 15:30:00,0.0001509246046583812
2024-10-24 09:30:00,-0.0020418616017127966
2024-10-24 10:30:00,-0.002075483773600262
2024-10-24 11:30:00,-0.001272580722643063
2024-10-24 12:30:00,0.002121709692131274
2024-10-24 13:30:00,-0.0009433479156563951
2024-10-24 14:30:00,-0.0017091971060184453
2024-10-24 15:30:00,-0.0009341328990540743
2024-10-25 09:30:00,0.0068526757274851415
2024-10-25 10:30:00,-0.002378178010013049
2024-10-25 11:30:00,-0.0003212380349615296
2024-10-25 12:30:00,-0.0038569271548633878
2024-10-25 13:30:00,-0.0016763123322837581
2024-10-25 14:30:00,-0.0004511046980056499
2024-10-25 15:30:00,-0.0006380358544159192
2024-10-28 09:30:00,0.003794992239500533
2024-10-28 10:30:00,-0.000885946835844581
2024-10-28 11:30:00,-0.0005388712621653191
2024-10-28 12:30:00,-0.0010299342374268938
2024-10-28 13:30:00,0.0
2024-10-28 14:30:00,0.0
2024-10-28 15:30:00,0.0
2024-10-29 09:30:00,-0.033676522044446384
2024-10-29 10:30:00,0.0009215597420769827
2024-10-29 11:30:00,0.0021909678937111878
2024-10-29 12:30:00,0.0013786382478104986
2024-10-29 13:30:00,-0.0027346178349460072
2024-10-29 14:30:00,0.0007740540663637774
2024-10-29 15:30:00,-0.0018451647308848963
2024-10-30 09:30:00,0.0002289641556384947
2024-10-30 10:30:00,0.00014560126712739874
2024-10-30 11:30:00,0.00393827883090202
2024-10-30 12:30:00,-0.002520989893186459
2024-10-30 13:30:00,-0.0003116642267319447
2024-10-30 14:30:00,-2.423678498091886e-05
2024-10-30 15:30:00,0.0
2024-10-31 09:30:00,-0.08940267205041319
2024-10-31 10:30:00,-0.0019548881613355718
2024-10-31 11:30:00,0.0005515375850097759
2024-10-31 12:30:00,-0.0019693872848255247
2024-10-31 13:30:00,-0.005443594768654231
2024-10-31 14:30:00,-0.0012649583707701362
2024-10-31 15:30:00,0.00012177434550549316
2024-11-01 09:30:00,0.00998890853717872
2024-11-01 10:30:00,3.864727585987104e-05
2024-11-01 11:30:00,-0.0033831155535188452
2024-11-01 12:30:00,-0.0012848518806623632
2024-11-01 13:30:00,-0.002817204559547848
2024-11-01 14:30:00,0.0009891396215329028
2024-11-01 15:30:00,-0.004324465405677391
2024-11-04 09:30:00,0.010876108630336034
2024-11-04 10:30:00,-0.00552812292293931
2024-11-04 11:30:00,-0.0007032767560360753
2024-11-04 12:30:00,-0.0005849657810294062
2024-11-04 13:30:00,0.00037031109348986126
2024-11-04 14:30:00,0.0005690098280334399
2024-11-04 15:30:00,0.0018447523255324116
2024-11-05 09:30:00,0.005197106695199888
2024-11-05 10:30:00,0.0023922725692628486
2024-11-05 11:30:00,0.0005452743119160386
2024-11-05 12:30:00,0.002706138437696776
2024-11-05 13:30:00,0.0006046270073495174
2024-11-05 14:30:00,0.0
2024-11-05 15:30:00,0.0
2024-11-06 09:30:00,-0.044613299444267555
2024-11-06 10:30:00,-0.0005118331685581623
2024-11-06 11:30:00,0.0007033384853644519
2024-11-06 12:30:00,0.0035473737070738976
2024-11-06 13:30:00,0.00245655218532409
2024-11-06 14:30:00,-0.0014084167302941485
2024-11-06 15:30:00,-0.0012558711299501869
2024-11-07 09:30:00,0.006359426476898522
2024-11-07 10:30:00,0.0004401005060762908
2024-11-07 11:30:00,0.0003065495313763489
2024-11-07 12:30:00,-0.0031068473335345514
2024-11-07 13:30:00,-0.0022428613523726828
2024-11-07 14:30:00,0.003489538372887824
2024-11-07 15:30:00,0.0
2024-11-08 09:30:00,0.0
2024-11-08 10:30:00,0.0
2024-11-08 11:30:00,0.0
2024-11-08 12:30:00,0.0
2024-11-08 13:30:00,0.0
2024-11-08 14:30:00,0.0
2024-11-08 15:30:00,0.0
2024-11-11 09:30:00,0.0
2024-11-11 10:30:00,0.0
2024-11-11 11:30:00,0.0
2024-11-11 12:30:00,0.0
2024-11-11 13:30:00,0.0
2024-11-11 14:30:00,0.0
2024-11-11 15:30:00,0.0
2024-11-12 09:30:00,-0.01938453026908215
2024-11-12 10:30:00,-0.0015978063866845915
2024-11-12 11:30:00,-0.004224678283865674
2024-11-12 12:30:00,0.0005424510162734264
2024-11-12 13:30:00,0.0028480522006534836
2024-11-12 14:30:00,0.0012044647535497555
2024-11-12 15:30:00,-0.0012859713757578273
2024-11-13 09:30:00,-0.0008609042668544121
2024-11-13 10:30:00,0.0016030139287306067
2024-11-13 11:30:00,-0.0005696147481257352
2024-11-13 12:30:00,-4.864684596206925e-05
2024-11-13 13:30:00,-0.000384026235255136
2024-11-13 14:30:00,0.0003450709511264527
2024-11-13 15:30:00,0.0
2024-11-14 09:30:00,0.0
2024-11-14 10:30:00,0.0
2024-11-14 11:30:00,0.0
2024-11-14 12:30:00,0.0
2024-11-14 13:30:00,0.0
2024-11-14 14:30:00,0.0
2024-11-14 15:30:00,0.0
2024-11-15 09:30:00,-0.04094712699336975
2024-11-15 10:30:00,5.039118775751472e-05
2024-11-15 11:30:00,-0.0006940344867198244
2024-11-15 12:30:00,-0.000424914028127088
2024-11-15 13:30:00,-0.001555814511467918
2024-11-15 14:30:00,-0.0010426494808259078
2024-11-15 15:30:00,-0.0006566933259195329
2024-11-18 09:30:00,-0.0018202226161854462
2024-11-18 10:30:00,0.0005114028546807703
2024-11-18 11:30:00,2.013519238173167e-05
2024-11-18 12:30:00,0.0007111644713358011
2024-11-18 13:30:00,-0.0012921257817083032
2024-11-18 14:30:00,0.002391705411611933
2024-11-18 15:30:00,0.0
2024-11-19 09:30:00,-0.025558644092603534
2024-11-19 10:30:00,0.00388572545833753
2024-11-19 11:30:00,-0.00030283803789958873
2024-11-19 12:30:00,-0.0009203397749989961
2024-11-19 13:30:00,0.0037536713873416285
2024-11-19 14:30:00,-0.0009314907741249934
2024-11-19 15:30:00,-0.0004095100365065052
2024-11-20 09:30:00,-0.004233240049466386
2024-11-20 10:30:00,-0.0006988543297109462
2024-11-20 11:30:00,0.0012779089236264196
2024-11-20 12:30:00,0.001257325268554682
2024-11-20 13:30:00,0.0005544932713348715
2024-11-20 14:30:00,0.002524821719704429
2024-11-20 15:30:00,0.0
2024-11-21 09:30:00,0.0
2024-11-21 10:30:00,0.0
2024-11-21 11:30:00,0.0
2024-11-21 12:30:00,0.0
2024-11-21 13:30:00,0.0
2024-11-21 14:30:00,0.0
2024-11-21 15:30:00,0.0
2024-11-22 09:30:00,0.0
2024-11-22 10:30:00,0.0
2024-11-22 11:30:00,0.0
2024-11-22 12:30:00,0.0
2024-11-22 13:30:00,0.0
2024-11-22 14:30:00,0.0
2024-11-22 15:30:00,0.0
2024-11-25 09:30:00,0.0
2024-11-25 10:30:00,0.0
2024-11-25 11:30:00,0.0
2024-11-25 12:30:00,0.0
2024-11-25 13:30:00,0.0
2024-11-25 14:30:00,0.0
2024-11-25 15:30:00,0.0
2024-11-26 09:30:00,0.0
2024-11-26 10:30:00,0.0
2024-11-26 11:30:00,0.0
2024-11-26 12:30:00,0.0
2024-11-26 13:30:00,0.0
2024-11-26 14:30:00,0.0
2024-11-26 15:30:00,0.0
2024-11-27 09:30:00,0.0
2024-11-27 10:30:00,0.0
2024-11-27 11:30:00,0.0
2024-11-27 12:30:00,0.0
2024-11-27 13:30:00,0.0
2024-11-27 14:30:00,0.0
2024-11-27 15:30:00,0.0
2024-11-29 09:30:00,0.0
2024-11-29 10:30:00,0.0
2024-11-29 11:30:00,0.0
2024-11-29 12:30:00,0.0
2024-12-02 09:30:00,0.0
2024-12-02 10:30:00,0.0
2024-12-02 11:30:00,0.0
2024-12-02 12:30:00,0.0
2024-12-02 13:30:00,0.0
2024-12-02 14:30:00,0.0
2024-12-02 15:30:00,0.0
2024-12-03 09:30:00,0.0
2024-12-03 10:30:00,-0.004607940653131687
2024-12-03 11:30:00,0.0011593254463641346
2024-12-03 12:30:00,0.001650238212009003
2024-12-03 13:30:00,-0.0011732902058914307
2024-12-03 14:30:00,5.406437211892823e-05
2024-12-03 15:30:00,-0.0024398026771897895
2024-12-04 09:30:00,-9.372192870955032e-05
2024-12-04 10:30:00,0.0010719767316125339
2024-12-04 11:30:00,-0.0009054562553446277
2024-12-04 12:30:00,-0.0012510439174778121
2024-12-04 13:30:00,0.0005531728504496569
2024-12-04 14:30:00,0.0016885416869433512
2024-12-04 15:30:00,0.001597794712265982
2024-12-05 09:30:00,-0.02874258388547175
2024-12-05 10:30:00,-0.002551043718356694
2024-12-05 11:30:00,5.088657926478612e-05
2024-12-05 12:30:00,0.00030947157504179203
2024-12-05 13:30:00,-0.001528845271371876
2024-12-05 14:30:00,0.0005282029332521809
2024-12-05 15:30:00,-0.00018244711086621846
2024-12-06 09:30:00,0.0018359982604019443
2024-12-06 10:30:00,-0.002765816289514278
2024-12-06 11:30:00,-0.0001897130015906523
2024-12-06 12:30:00,1.6861225796604985e-05
2024-12-06 13:30:00,-0.0017629317409635747
2024-12-06 14:30:00,-1.4269727168175761e-05
2024-12-06 15:30:00,0.0
2024-12-09 09:30:00,-0.03843901614824151
2024-12-09 10:30:00,-0.003610939829694848
2024-12-09 11:30:00,-0.0031303265040275143
2024-12-09 12:30:00,0.0005416959758255957
2024-12-09 13:30:00,-4.721812909690426e-05
2024-12-09 14:30:00,-0.001701341805255957
2024-12-09 15:30:00,-0.0015575669174036188
2024-12-10 09:30:00,-0.003781212969959863
2024-12-10 10:30:00,0.0054731702844289685
2024-12-10 11:30:00,-0.0026348359564669966
2024-12-10 12:30:00,-0.003974451347196322
2024-12-10 13:30:00,-0.0006012312080841021
2024-12-10 14:30:00,0.0003126848494475032
2024-12-10 15:30:00,-0.002125586612070046
2024-12-11 09:30:00,0.00810610217164327
2024-12-11 10:30:00,0.000448821329516752
2024-12-11 11:30:00,-0.00021069493772885028
2024-12-11 12:30:00,0.00223510626955995
2024-12-11 13:30:00,-4.015946344282373e-05
2024-12-11 14:30:00,0.0005353095282784104
2024-12-11 15:30:00,-0.0004537229286881106
2024-12-12 09:30:00,-0.0003241253759111995
2024-12-12 10:30:00,0.002322229500286865
2024-12-12 11:30:00,-0.0007544634548364348
2024-12-12 12:30:00,0.001477364974606299
2024-12-12 13:30:00,-0.002512861534238603
2024-12-12 14:30:00,0.0
2024-12-12 15:30:00,0.0
2024-12-13 09:30:00,-0.0191246602304256
2024-12-13 10:30:00,0.0009778552627627112
2024-12-13 11:30:00,-0.003776171013575713
2024-12-13 12:30:00,0.00030915589297891843
2024-12-13 13:30:00,-0.00034618096381636707
2024-12-13 14:30:00,0.0006469171339124724
2024-12-13 15:30:00,0.0019987236838094335
2024-12-16 09:30:00,-0.000594494309975735
2024-12-16 10:30:00,-0.0019938697185591216
2024-12-16 11:30:00,0.0007016671429605382
2024-12-16 12:30:00,-0.00126949142669196
2024-12-16 13:30:00,-0.0020836104993187388
2024-12-16 14:30:00,-0.0012762598467528918
2024-12-16 15:30:00,-0.002860494517967527
2024-12-17 09:30:00,0.0032362153675792094
2024-12-17 10:30:00,-0.005995254941194944
2024-12-17 11:30:00,0.0005202222498595199
2024-12-17 12:30:00,-0.00041716765801240175
2024-12-17 13:30:00,-0.0013492574180533957
2024-12-17 14:30:00,-0.002843203623811119
2024-12-17 15:30:00,-0.0001305662851117606
2024-12-18 09:30:00,-0.0015969661430704717
2024-12-18 10:30:00,7.890390615232779e-05
2024-12-18 11:30:00,0.0019705703460553003
2024-12-18 12:30:00,-0.0026554975608483744
2024-12-18 13:30:00,-0.007321047773273498
2024-12-18 14:30:00,-0.019295426828464156
2024-12-18 15:30:00,-0.013266674911149412
2024-12-19 09:30:00,-0.002825588617083696
2024-12-19 10:30:00,0.004757838165009032
2024-12-19 11:30:00,-0.007538252753956631
2024-12-19 12:30:00,0.002649438660533315
2024-12-19 13:30:00,-0.0005133354104697507
2024-12-19 14:30:00,0.0005600211027113388
2024-12-19 15:30:00,-0.004302054366698149
2024-12-20 09:30:00,0.009631203045339227
2024-12-20 10:30:00,0.009698670179317869
2024-12-20 11:30:00,0.0045692593406905626
2024-12-20 12:30:00,-0.006969497883949127
2024-12-20 13:30:00,0.0
2024-12-20 14:30:00,0.0
2024-12-20 15:30:00,0.0
2024-12-23 09:30:00,0.0
2024-12-23 10:30:00,0.0
2024-12-23 11:30:00,0.0
2024-12-23 12:30:00,0.0
2024-12-23 13:30:00,0.0
2024-12-23 14:30:00,0.0
2024-12-23 15:30:00,0.0
2024-12-24 09:30:00,0.0
2024-12-24 10:30:00,0.0
2024-12-24 11:30:00,0.0
2024-12-24 12:30:00,0.0
2024-12-26 09:30:00,0.0
2024-12-26 10:30:00,0.0
2024-12-26 11:30:00,0.0
2024-12-26 12:30:00,0.0
2024-12-26 13:30:00,0.0
2024-12-26 14:30:00,0.0
2024-12-26 15:30:00,0.0
2024-12-27 09:30:00,0.0
2024-12-27 10:30:00,0.0
2024-12-27 11:30:00,0.0
2024-12-27 12:30:00,0.0
2024-12-27 13:30:00,0.0
2024-12-27 14:30:00,0.0
2024-12-27 15:30:00,0.0
2024-12-30 09:30:00,-0.024630392579717462
2024-12-30 10:30:00,0.006426568693196794
2024-12-30 11:30:00,0.002900881288043272
2024-12-30 12:30:00,-8.163351915512762e-05
2024-12-30 13:30:00,0.00020355116712387767
2024-12-30 14:30:00,-0.001034909210283319
2024-12-30 15:30:00,-0.0015389413586949063
2024-12-31 09:30:00,0.004698798042184244
2024-12-31 10:30:00,-0.003290296699076717
2024-12-31 11:30:00,-0.001554517561664709
2024-12-31 12:30:00,-0.0005135869204536458
2024-12-31 13:30:00,-0.00016818195692835936
2024-12-31 14:30:00,0.0026710153796050628
2024-12-31 15:30:00,0.0
2025-01-02 09:30:00,0.0
2025-01-02 10:30:00,0.0
2025-01-02 11:30:00,0.0
2025-01-02 12:30:00,-0.005977265224337341
2025-01-02 13:30:00,0.0014312812415367027
2025-01-02 14:30:00,0.0024012635215699906
2025-01-02 15:30:00,-0.0009515345746551884
2025-01-03 09:30:00,0.004862189208933698
2025-01-03 10:30:00,-0.00011054780698679378
2025-01-03 11:30:00,0.0005282287724692192
2025-01-03 12:30:00,0.0005635141946724875
2025-01-03 13:30:00,0.0004112913559198406
2025-01-03 14:30:00,-0.0007011090196671343
2025-01-03 15:30:00,-0.001747007379487331
2025-01-06 09:30:00,0.007778921446075926
2025-01-06 10:30:00,-0.0015978155821330998
2025-01-06 11:30:00,-0.0008929560438568518
2025-01-06 12:30:00,-0.0019655814566681582
2025-01-06 13:30:00,-0.0012814424932599377
2025-01-06 14:30:00,-0.0020266681414870978
2025-01-06 15:30:00,-0.0005951219195542534
2025-01-07 09:30:00,0.006910275056622639
2025-01-07 10:30:00,-0.002135784601978374
2025-01-07 11:30:00,-0.0003101867461898167
2025-01-07 12:30:00,0.0003103586824142246
2025-01-07 13:30:00,-0.0018202704250182612
2025-01-07 14:30:00,-0.003239768480029681
2025-01-07 15:30:00,0.0017796429802213465
2025-01-08 09:30:00,-0.003298260043731982
2025-01-08 10:30:00,-0.0022404529641383286
2025-01-08 11:30:00,-0.005405747427223556
2025-01-08 12:30:00,0.0047337348591571515
2025-01-08 13:30:00,0.0025804981017528593
2025-01-08 14:30:00,0.0010299497762045694
2025-01-08 15:30:00,0.0028028740725560054
2025-01-10 09:30:00,-0.02097155226488433
2025-01-10 10:30:00,-0.003360429561968986
2025-01-10 11:30:00,-0.0021559640076539155
2025-01-10 12:30:00,0.005122632709968466
2025-01-10 13:30:00,-0.0001153060993004884
2025-01-10 14:30:00,-0.003403042410822077
2025-01-10 15:30:00,-0.001734475789573936
2025-01-13 09:30:00,-0.034383131063350475
2025-01-13 10:30:00,0.0002185170811564052
2025-01-13 11:30:00,0.0037079677142271006
2025-01-13 12:30:00,0.0028563141525526246
2025-01-13 13:30:00,0.00081503402884886
2025-01-13 14:30:00,-0.0007682922927984114
2025-01-13 15:30:00,0.0030845757321106004
2025-01-14 09:30:00,0.003199267100062908
2025-01-14 10:30:00,-0.0025972115712987855
2025-01-14 11:30:00,-0.0012015569658466007
2025-01-14 12:30:00,0.0035118584239872907
2025-01-14 13:30:00,-0.002272393446688903
2025-01-14 14:30:00,0.0009034783933132507
2025-01-14 15:30:00,0.0
2025-01-15 09:30:00,0.0
2025-01-15 10:30:00,0.0
2025-01-15 11:30:00,0.0
2025-01-15 12:30:00,0.0
2025-01-15 13:30:00,0.0
2025-01-15 14:30:00,0.0
2025-01-15 15:30:00,0.0
2025-01-16 09:30:00,0.0
2025-01-16 10:30:00,0.0
2025-01-16 11:30:00,0.0
2025-01-16 12:30:00,0.0
2025-01-16 13:30:00,0.0
2025-01-16 14:30:00,0.0
2025-01-16 15:30:00,0.0
2025-01-17 09:30:00,0.0
2025-01-17 10:30:00,0.0
2025-01-17 11:30:00,0.0
2025-01-17 12:30:00,0.0
2025-01-17 13:30:00,0.0
2025-01-17 14:30:00,0.0
2025-01-17 15:30:00,0.0
2025-01-21 09:30:00,0.0
2025-01-21 10:30:00,0.0
2025-01-21 11:30:00,0.0
2025-01-21 12:30:00,0.0
2025-01-21 13:30:00,0.0
2025-01-21 14:30:00,0.0
2025-01-21 15:30:00,0.0
2025-01-22 09:30:00,0.0
2025-01-22 10:30:00,0.0
2025-01-22 11:30:00,0.0
2025-01-22 12:30:00,0.0
2025-01-22 13:30:00,0.0
2025-01-22 14:30:00,0.0
2025-01-22 15:30:00,0.0
2025-01-23 09:30:00,0.0
2025-01-23 10:30:00,0.0
2025-01-23 11:30:00,0.0
2025-01-23 12:30:00,0.0
2025-01-23 13:30:00,0.0
2025-01-23 14:30:00,0.0
2025-01-23 15:30:00,0.0
2025-01-24 09:30:00,0.0
2025-01-24 10:30:00,0.0
2025-01-24 11:30:00,0.0
2025-01-24 12:30:00,0.0
2025-01-24 13:30:00,0.0
2025-01-24 14:30:00,0.0
2025-01-24 15:30:00,0.0
2025-01-27 09:30:00,-0.1253733833650113
2025-01-27 10:30:00,-0.020324798844596908
2025-01-27 11:30:00,0.00846098317211485
2025-01-27 12:30:00,-0.013551538528500417
2025-01-27 13:30:00,0.008226367349072432
2025-01-27 14:30:00,-0.004336989703262279
2025-01-27 15:30:00,0.005928257093626782
2025-01-28 09:30:00,0.005115453046344693
2025-01-28 10:30:00,-0.014835974891750637
2025-01-28 11:30:00,0.00989959312605294
2025-01-28 12:30:00,0.002044185888956845
2025-01-28 13:30:00,0.009060884701147697
2025-01-28 14:30:00,0.005288706254691205
2025-01-28 15:30:00,0.0
2025-01-29 09:30:00,-0.027628607670925898
2025-01-29 10:30:00,-0.0009625980609071383
2025-01-29 11:30:00,0.004049106912510758
2025-01-29 12:30:00,0.0003070900509508423
2025-01-29 13:30:00,-0.00668222146179917
2025-01-29 14:30:00,0.0031858004313242315
2025-01-29 15:30:00,-0.003971255762603876
2025-01-30 09:30:00,0.00978265202626082
2025-01-30 10:30:00,0.0027284903920237248
2025-01-30 11:30:00,-0.004340874253777172
2025-01-30 12:30:00,0.004538289647257399
2025-01-30 13:30:00,0.00010699561032405658
2025-01-30 14:30:00,0.001886503495613806
2025-01-30 15:30:00,0.0
2025-01-31 09:30:00,-0.03704440563308968
2025-01-31 10:30:00,0.003136964463168135
2025-01-31 11:30:00,0.003214065720492909
2025-01-31 12:30:00,-0.000754099122146834
2025-01-31 13:30:00,-0.006657532334696315
2025-01-31 14:30:00,-0.0006154114329219474
2025-01-31 15:30:00,-0.0036424867542494354
2025-02-03 09:30:00,-0.0010405149609118147
2025-02-03 10:30:00,-0.000540500418364337
2025-02-03 11:30:00,-0.0006312447083549278
2025-02-03 12:30:00,-0.001996791550829868
2025-02-03 13:30:00,0.0035280738760134823
2025-02-03 14:30:00,-0.0008133005799474402
2025-02-03 15:30:00,-0.002335412658330027
2025-02-04 09:30:00,0.007320512286933034
2025-02-04 10:30:00,0.00511584219389063
2025-02-04 11:30:00,-0.0029974519045512958
2025-02-04 12:30:00,9.157998525043398e-05
2025-02-04 13:30:00,0.0016000929590694213
2025-02-04 14:30:00,-0.001872946654238572
2025-02-04 15:30:00,-0.0007373843953323078
2025-02-05 09:30:00,-0.0009076976560067673
2025-02-05 10:30:00,-0.002695023585432782
2025-02-05 11:30:00,-0.00048751139811727964
2025-02-05 12:30:00,0.0012677108506928768
2025-02-05 13:30:00,0.0009403751720770626
2025-02-05 14:30:00,0.0
2025-02-05 15:30:00,0.0
2025-02-06 09:30:00,-0.051342142095781876
2025-02-06 10:30:00,-0.0018128204087369038
2025-02-06 11:30:00,-0.0018086588091997037
2025-02-06 12:30:00,-0.0012743950898165379
2025-02-06 13:30:00,-0.002786582743780586
2025-02-06 14:30:00,8.218327371357082e-05
2025-02-06 15:30:00,0.0019954289137163127
2025-02-07 09:30:00,0.00048534215161494254
2025-02-07 10:30:00,-0.000682735751228869
2025-02-07 11:30:00,0.0003052638821455955
2025-02-07 12:30:00,0.0007397338084706772
2025-02-07 13:30:00,-0.001362243957953202
2025-02-07 14:30:00,-0.00035659270533860423
2025-02-07 15:30:00,0.0
2025-02-10 09:30:00,-0.02627105604871315
2025-02-10 10:30:00,-0.0010798246692758195
2025-02-10 11:30:00,0.003084253233319861
2025-02-10 12:30:00,0.0018910223815188753
2025-02-10 13:30:00,-0.0006095174654403457
2025-02-10 14:30:00,-0.0012580879501117581
2025-02-10 15:30:00,0.0002056167249695373
2025-02-11 09:30:00,-0.006292405365661208
2025-02-11 10:30:00,0.00018408969721290248
2025-02-11 11:30:00,-0.0017822900540064301
2025-02-11 12:30:00,-0.0011476676506559425
2025-02-11 13:30:00,0.0016746730181828595
2025-02-11 14:30:00,0.0020349946067651837
2025-02-11 15:30:00,0.0
2025-02-12 09:30:00,-0.035661745504440984
2025-02-12 10:30:00,0.0018947782427297445
2025-02-12 11:30:00,0.006887934420668146
2025-02-12 12:30:00,-0.001356604998853983
2025-02-12 13:30:00,-0.0010064846606846422
2025-02-12 14:30:00,0.0003382779995532159
2025-02-12 15:30:00,0.0009715720171800501
2025-02-13 09:30:00,0.005600725944433055
2025-02-13 10:30:00,0.001523801367226635
2025-02-13 11:30:00,0.0005678832145464385
2025-02-13 12:30:00,-0.0027608683668861266
2025-02-13 13:30:00,0.0036901102010701405
2025-02-13 14:30:00,0.0023893236506150996
2025-02-13 15:30:00,0.0
2025-02-14 09:30:00,-0.03854125665434145
2025-02-14 10:30:00,-0.0029012771899761536
2025-02-14 11:30:00,-0.004845233560560896
2025-02-14 12:30:00,0.0021592200349038805
2025-02-14 13:30:00,-0.0019998503778580535
2025-02-14 14:30:00,-0.0023750009842127273
2025-02-14 15:30:00,-0.000934545728425834
2025-02-18 09:30:00,-0.004091228729187851
2025-02-18 10:30:00,-0.00032579957057852214
2025-02-18 11:30:00,-0.0012302648925187564
2025-02-18 12:30:00,0.0010053698432763657
2025-02-18 13:30:00,-0.00026731100881436374
2025-02-18 14:30:00,0.0017091574219057104
2025-02-18 15:30:00,0.0
2025-02-19 09:30:00,-0.018673537228811682
2025-02-19 10:30:00,-0.0011371370113991864
2025-02-19 11:30:00,-0.00032580037989228815
2025-02-19 12:30:00,0.002110484801629292
2025-02-19 13:30:00,0.00377251473482626
2025-02-19 14:30:00,0.0006098377800927368
2025-02-19 15:30:00,0.001573349598296403
2025-02-20 09:30:00,-0.007264286567482714
2025-02-20 10:30:00,-0.0016017943719558226
2025-02-20 11:30:00,-0.0004775462577374046
2025-02-20 12:30:00,-0.001063568216155164
2025-02-20 13:30:00,0.0028523150889125048
2025-02-20 14:30:00,0.0002733130637774084
2025-02-20 15:30:00,0.0
2025-02-21 09:30:00,-0.04896511203331949
2025-02-21 10:30:00,-0.0019687173092186984
2025-02-21 11:30:00,-0.003825041885849434
2025-02-21 12:30:00,-0.0090613081421347
2025-02-21 13:30:00,-0.0015764751345294814
2025-02-21 14:30:00,0.001576257329159858
2025-02-21 15:30:00,-0.002363528661876496
2025-02-24 09:30:00,-0.01749962708735454
2025-02-24 10:30:00,0.006004671035772557
2025-02-24 11:30:00,0.002357174583522309
2025-02-24 12:30:00,0.0016876736481368504
2025-02-24 13:30:00,-0.0022694721100348647
2025-02-24 14:30:00,-0.0013990027774206492
2025-02-24 15:30:00,0.0
2025-02-25 09:30:00,-0.058749659982436774
2025-02-25 10:30:00,0.004675918474033203
2025-02-25 11:30:00,0.006411725888504754
2025-02-25 12:30:00,0.0008306934603303562
2025-02-25 13:30:00,-0.0017003038907511703
2025-02-25 14:30:00,0.012129784814347238
2025-02-25 15:30:00,-0.0054132847377202364
2025-02-26 09:30:00,0.010892714979612616
2025-02-26 10:30:00,0.006341338090824855
2025-02-26 11:30:00,0.001835667924526746
2025-02-26 12:30:00,-0.01050770669956259
2025-02-26 13:30:00,-0.002315380828880986
2025-02-26 14:30:00,0.001782471978523248
2025-02-26 15:30:00,0.0
2025-02-27 09:30:00,0.0
2025-02-27 10:30:00,0.0
2025-02-27 11:30:00,0.0
2025-02-27 12:30:00,0.0
2025-02-27 13:30:00,0.0
2025-02-27 14:30:00,-0.011592170347089264
2025-02-27 15:30:00,-0.004601615763214972
2025-02-28 09:30:00,0.001073866326801265
2025-02-28 10:30:00,-0.007841634078365096
2025-02-28 11:30:00,0.0007971544288394472
2025-02-28 12:30:00,-0.007292562087831617
2025-02-28 13:30:00,0.0007054072746852213
2025-02-28 14:30:00,0.008268085389578239
2025-02-28 15:30:00,0.004886763593034837
2025-03-03 09:30:00,0.006457995426265256
2025-03-03 10:30:00,-0.004555377002289978
2025-03-03 11:30:00,0.002204361761035123
2025-03-03 12:30:00,-0.009554891195309483
2025-03-03 13:30:00,0.0
2025-03-03 14:30:00,-0.016988349126365022
2025-03-03 15:30:00,0.0024424775364573492
2025-03-04 09:30:00,-0.0281911924674945
2025-03-04 10:30:00,-0.002277241461575252
2025-03-04 11:30:00,0.010957532215683796
2025-03-04 12:30:00,0.0028381672749722307
2025-03-04 13:30:00,0.005119458010343153
2025-03-04 14:30:00,0.0031740061644463637
2025-03-04 15:30:00,-0.012945000022100278
2025-03-05 09:30:00,0.010230435178071012
2025-03-05 10:30:00,-0.005584272300442145
2025-03-05 11:30:00,0.006016531607401765
2025-03-05 12:30:00,0.00011493802665797914
2025-03-05 13:30:00,0.0
2025-03-05 14:30:00,0.0
2025-03-05 15:30:00,0.0
2025-03-06 09:30:00,-0.029121251771088503
2025-03-06 10:30:00,0.005837822694468803
2025-03-06 11:30:00,-0.008344955894413886
2025-03-06 12:30:00,-0.0006726927496436275
2025-03-06 13:30:00,0.0007734155964139455
2025-03-06 14:30:00,0.0020072227670812903
2025-03-06 15:30:00,-0.0035353187681565978
2025-03-07 09:30:00,0.004289155912778409
2025-03-07 10:30:00,-0.007334880786581804
2025-03-07 11:30:00,0.00037292039100179084
2025-03-07 12:30:00,0.006790069388641473
2025-03-07 13:30:00,0.003042740725963655
2025-03-07 14:30:00,-0.0016437753425897982
2025-03-07 15:30:00,0.0
2025-03-10 09:30:00,-0.058069292762104895
2025-03-10 10:30:00,0.0031300839921228453
2025-03-10 11:30:00,-0.004262132289474069
2025-03-10 12:30:00,-0.006048475696183481
2025-03-10 13:30:00,-0.006524730163195542
2025-03-10 14:30:00,0.0015898738435919102
2025-03-10 15:30:00,-0.003863874578174248
2025-03-11 09:30:00,0.0005251035101745793
2025-03-11 10:30:00,0.0052983564646737645
2025-03-11 11:30:00,-0.00246070696858165
2025-03-11 12:30:00,-0.00811492891023743
2025-03-11 13:30:00,0.013869483331062438
2025-03-11 14:30:00,0.0015016588569525147
2025-03-11 15:30:00,0.0
2025-03-12 09:30:00,-0.02036193998929014
2025-03-12 10:30:00,-0.0005620213162537191
2025-03-12 11:30:00,0.002646410611678973
2025-03-12 12:30:00,0.002336211498190355
2025-03-12 13:30:00,0.0008308818173193178
2025-03-12 14:30:00,0.0011888248050568651
2025-03-12 15:30:00,-0.0020718476074959302
2025-03-13 09:30:00,0.001158444857188401
2025-03-13 10:30:00,-0.0013046922724546661
2025-03-13 11:30:00,-0.0010815908548325258
2025-03-13 12:30:00,-0.0005531899932656014
2025-03-13 13:30:00,0.00042001539748380833
2025-03-13 14:30:00,0.00018017689286805582
2025-03-13 15:30:00,0.0
2025-03-14 09:30:00,0.0
2025-03-14 10:30:00,0.0
2025-03-14 11:30:00,0.0
2025-03-14 12:30:00,0.0
2025-03-14 13:30:00,0.0
2025-03-14 14:30:00,0.0
2025-03-14 15:30:00,0.0
2025-03-17 09:30:00,0.0
2025-03-17 10:30:00,0.0
2025-03-17 11:30:00,0.0
2025-03-17 12:30:00,0.0
2025-03-17 13:30:00,0.0
2025-03-17 14:30:00,0.0
2025-03-17 15:30:00,0.0
2025-03-18 09:30:00,0.0
2025-03-18 10:30:00,0.0
2025-03-18 11:30:00,0.0
2025-03-18 12:30:00,0.0
2025-03-18 13:30:00,0.0
2025-03-18 14:30:00,0.0
2025-03-18 15:30:00,0.0
2025-03-19 09:30:00,0.0
2025-03-19 10:30:00,0.0
2025-03-19 11:30:00,0.0
2025-03-19 12:30:00,0.0
2025-03-19 13:30:00,0.0
2025-03-19 14:30:00,0.0
2025-03-19 15:30:00,0.0
2025-03-20 09:30:00,0.0
2025-03-20 10:30:00,0.0
2025-03-20 11:30:00,0.0
2025-03-20 12:30:00,0.0
2025-03-20 13:30:00,0.0
2025-03-20 14:30:00,0.0
2025-03-20 15:30:00,0.0
2025-03-21 09:30:00,-0.029858188715786365
2025-03-21 10:30:00,0.004100451161305007
2025-03-21 11:30:00,0.005128453191130112
2025-03-21 12:30:00,0.0018758191734966566
2025-03-21 13:30:00,0.0003316932827174213
2025-03-21 14:30:00,0.000575411190717684
2025-03-21 15:30:00,0.0036259390609101106
2025-03-24 09:30:00,0.014584756900856238
2025-03-24 10:30:00,0.0012561833024326285
2025-03-24 11:30:00,-0.0012775973974332778
2025-03-24 12:30:00,-0.001804688862662812
2025-03-24 13:30:00,-0.004832273065757381
2025-03-24 14:30:00,0.0062010828108395475
2025-03-24 15:30:00,0.0
2025-03-25 09:30:00,-0.015467743137736134
2025-03-25 10:30:00,-0.002800918964120852
2025-03-25 11:30:00,-0.0028667396573760105
2025-03-25 12:30:00,0.0028668701669936182
2025-03-25 13:30:00,-0.0013275300639113362
2025-03-25 14:30:00,-0.003234024792138157
2025-03-25 15:30:00,0.002581886098722863
2025-03-26 09:30:00,0.011432498593394708
2025-03-26 10:30:00,-0.0006855747229508769
2025-03-26 11:30:00,0.0015729363289905484
2025-03-26 12:30:00,0.0028487163715076704
2025-03-26 13:30:00,-0.000595057217683087
2025-03-26 14:30:00,0.0005925330667886086
2025-03-26 15:30:00,0.0
2025-03-27 09:30:00,-0.02461309366396037
2025-03-27 10:30:00,8.990924512159438e-05
2025-03-27 11:30:00,-0.0027335883024191543
2025-03-27 12:30:00,-0.0049689412665385405
2025-03-27 13:30:00,0.0038916294688514986
2025-03-27 14:30:00,0.005216236890642006
2025-03-27 15:30:00,-0.006226011098182066
2025-03-28 09:30:00,-0.018084536180748196
2025-03-28 10:30:00,-0.001272166640737271
2025-03-28 11:30:00,-0.004416831104430424
2025-03-28 12:30:00,-0.00470415683552991
2025-03-28 13:30:00,0.004733914228270591
2025-03-28 14:30:00,0.00044159235265440187
2025-03-28 15:30:00,-0.0033424074278314785
2025-03-31 09:30:00,-0.011612261776238558
2025-03-31 10:30:00,0.006649971218364914
2025-03-31 11:30:00,0.0027897233794837496
2025-03-31 12:30:00,-0.0020494021029929923
2025-03-31 13:30:00,0.0068376436571976895
2025-03-31 14:30:00,-0.0003109787320832502
2025-03-31 15:30:00,0.0027467169961702563
2025-04-01 09:30:00,-0.008251870288368279
2025-04-01 10:30:00,0.012833181126029458
2025-04-01 11:30:00,-0.002441051088884205
2025-04-01 12:30:00,-0.0019375018709626214
2025-04-01 13:30:00,-0.006308561613552787
2025-04-01 14:30:00,0.0
2025-04-01 15:30:00,0.0
2025-04-02 09:30:00,0.0
2025-04-02 10:30:00,0.0
2025-04-02 11:30:00,0.0
2025-04-02 12:30:00,0.0
2025-04-02 13:30:00,0.0
2025-04-02 14:30:00,0.0
2025-04-02 15:30:00,0.0
2025-04-03 09:30:00,-0.10636727582704911
2025-04-03 10:30:00,-0.0021571037446560305
2025-04-03 11:30:00,0.007010536010538587
2025-04-03 12:30:00,-0.009094510007610824
2025-04-03 13:30:00,-0.002156460269450433
2025-04-03 14:30:00,-0.004777917037890922
2025-04-03 15:30:00,-0.0034395957012008814
2025-04-04 09:30:00,-0.06191539707665922
2025-04-04 10:30:00,0.016877198343138132
2025-04-04 11:30:00,-0.004212253102987773
2025-04-04 12:30:00,-0.0006042624123547946
2025-04-04 13:30:00,-0.0035645078560065544
2025-04-04 14:30:00,0.006405142492929306
2025-04-04 15:30:00,-0.010898966184156839
2025-04-07 09:30:00,-0.01712795447832787
2025-04-07 10:30:00,-0.012675355997260296
2025-04-07 11:30:00,0.009600453757614629
2025-04-07 12:30:00,0.004456077111817019
2025-04-07 13:30:00,0.003324008349255403
2025-04-07 14:30:00,-0.012626945586718591
2025-04-07 15:30:00,0.0034588143726855926
2025-04-08 09:30:00,0.020500579123392492
2025-04-08 10:30:00,-0.009325418526498697
2025-04-08 11:30:00,0.003016778610368337
2025-04-08 12:30:00,-0.02018327044072931
2025-04-08 13:30:00,-0.0016197047756358607
2025-04-08 14:30:00,-0.010466498747690567
2025-04-08 15:30:00,-0.005610326252653325
2025-04-09 09:30:00,-0.0008932837772477942
2025-04-09 10:30:00,0.0027018507788144574
2025-04-09 11:30:00,0.001458303671723843
2025-04-09 12:30:00,0.04641966985662306
2025-04-09 13:30:00,0.023441370797859594
2025-04-09 14:30:00,-0.00023955176325876626
2025-04-09 15:30:00,0.0022165269989546875
2025-04-10 09:30:00,-0.024736914084050755
2025-04-10 10:30:00,-0.009405644881476372
2025-04-10 11:30:00,-0.01756659173573083
2025-04-10 12:30:00,0.010786290140878419
2025-04-10 13:30:00,0.0
2025-04-10 14:30:00,0.0
2025-04-10 15:30:00,0.0
2025-04-11 09:30:00,0.0
2025-04-11 10:30:00,0.0
2025-04-11 11:30:00,0.0
2025-04-11 12:30:00,0.0
2025-04-11 13:30:00,0.0
2025-04-11 14:30:00,0.0
2025-04-11 15:30:00,0.0
2025-04-14 09:30:00,0.0
2025-04-14 10:30:00,0.0
2025-04-14 11:30:00,0.0
2025-04-14 12:30:00,0.0
2025-04-14 13:30:00,0.0
2025-04-14 14:30:00,0.0
2025-04-14 15:30:00,0.0
2025-04-15 09:30:00,0.0
2025-04-15 10:30:00,0.0
2025-04-15 11:30:00,0.0
2025-04-15 12:30:00,0.0
2025-04-15 13:30:00,0.0
2025-04-15 14:30:00,0.0
2025-04-15 15:30:00,0.0
2025-04-16 09:30:00,0.0
2025-04-16 10:30:00,0.0
2025-04-16 11:30:00,0.0
2025-04-16 12:30:00,0.0
2025-04-16 13:30:00,0.0
2025-04-16 14:30:00,0.0
2025-04-16 15:30:00,0.0
2025-04-17 09:30:00,0.0
2025-04-17 10:30:00,0.0
2025-04-17 11:30:00,0.0
2025-04-17 12:30:00,0.0
2025-04-17 13:30:00,0.0
2025-04-17 14:30:00,0.0
2025-04-17 15:30:00,0.0
2025-04-21 09:30:00,0.0
2025-04-21 10:30:00,0.0
2025-04-21 11:30:00,0.0
2025-04-21 12:30:00,0.0
2025-04-21 13:30:00,0.0
2025-04-21 14:30:00,0.0
2025-04-21 15:30:00,0.0
2025-04-22 09:30:00,0.0
2025-04-22 10:30:00,0.0
2025-04-22 11:30:00,0.0
2025-04-22 12:30:00,0.0
2025-04-22 13:30:00,0.0
2025-04-22 14:30:00,0.0
2025-04-22 15:30:00,0.0
2025-04-23 09:30:00,0.0
2025-04-23 10:30:00,0.0
2025-04-23 11:30:00,0.0
2025-04-23 12:30:00,0.0
2025-04-23 13:30:00,0.0
2025-04-23 14:30:00,0.0
2025-04-23 15:30:00,0.0
2025-04-24 09:30:00,0.0
2025-04-24 10:30:00,0.0
2025-04-24 11:30:00,0.0
2025-04-24 12:30:00,0.0
2025-04-24 13:30:00,0.0
2025-04-24 14:30:00,0.0
2025-04-24 15:30:00,0.0
2025-04-25 09:30:00,-0.03713838931349894
2025-04-25 10:30:00,0.004006011588570113
2025-04-25 11:30:00,0.0034177594389254605
2025-04-25 12:30:00,8.676088275184623e-05
2025-04-25 13:30:00,0.0043628922319288495
2025-04-25 14:30:00,-0.0008364083718931881
2025-04-25 15:30:00,-0.0002751708775947714
2025-04-28 09:30:00,-0.003976135803161024
2025-04-28 10:30:00,0.0028093453883305418
2025-04-28 11:30:00,-0.00352836797960015
2025-04-28 12:30:00,-0.0017663174494050803
2025-04-28 13:30:00,0.002848626033935692
2025-04-28 14:30:00,0.0017029509070633608
2025-04-28 15:30:00,0.0
2025-04-29 09:30:00,0.0
2025-04-29 10:30:00,0.0
2025-04-29 11:30:00,0.0
2025-04-29 12:30:00,0.0
2025-04-29 13:30:00,0.0
2025-04-29 14:30:00,0.0
2025-04-29 15:30:00,0.0
2025-04-30 09:30:00,-0.03965383187948477
2025-04-30 10:30:00,0.006142971733658975
2025-04-30 11:30:00,-0.005886100332275745
2025-04-30 12:30:00,0.00402775845455452
2025-04-30 13:30:00,0.0006192137480555415
2025-04-30 14:30:00,-0.0022772891973637023
2025-04-30 15:30:00,0.006881391203259352
2025-05-01 09:30:00,0.014875832279263585
2025-05-01 10:30:00,0.0020433345390925726
2025-05-01 11:30:00,-0.009902133134343571
2025-05-01 12:30:00,0.004285693067158108
2025-05-01 13:30:00,0.0005892215023516112
2025-05-01 14:30:00,0.0014127156442956257
2025-05-01 15:30:00,0.0
2025-05-02 09:30:00,0.0
2025-05-02 10:30:00,0.0
2025-05-02 11:30:00,0.0
2025-05-02 12:30:00,0.0
2025-05-02 13:30:00,0.0
2025-05-02 14:30:00,0.0
2025-05-02 15:30:00,0.0
2025-05-05 09:30:00,0.0
2025-05-05 10:30:00,0.0
2025-05-05 11:30:00,0.0
2025-05-05 12:30:00,0.0
2025-05-05 13:30:00,0.0
2025-05-05 14:30:00,0.0
2025-05-05 15:30:00,0.0
2025-05-06 09:30:00,-0.027928251773299072
2025-05-06 10:30:00,0.0006195787772080297
2025-05-06 11:30:00,-0.0018780573483682006
2025-05-06 12:30:00,-0.009243518059535244
2025-05-06 13:30:00,0.0006285507957856429
2025-05-06 14:30:00,0.0009121603802187516
2025-05-06 15:30:00,-0.0012083176405687734
2025-05-07 09:30:00,0.0021160725965101213
2025-05-07 10:30:00,0.00010411354187621625
2025-05-07 11:30:00,0.0020807362229068316
2025-05-07 12:30:00,0.003729566668364337
2025-05-07 13:30:00,-0.00399365069120437
2025-05-07 14:30:00,-0.001113951310272815
2025-05-07 15:30:00,0.0
2025-05-08 09:30:00,0.0
2025-05-08 10:30:00,0.0
2025-05-08 11:30:00,0.0
2025-05-08 12:30:00,0.0
2025-05-08 13:30:00,0.0
2025-05-08 14:30:00,0.0
2025-05-08 15:30:00,-0.005546364239766432
2025-05-09 09:30:00,-0.001176867364589823
2025-05-09 10:30:00,-0.0007772567741245184
2025-05-09 11:30:00,0.0019558490155778376
2025-05-09 12:30:00,-0.0010125755759413935
2025-05-09 13:30:00,0.0008801655517667373
2025-05-09 14:30:00,0.0014080483108577456
2025-05-09 15:30:00,-0.0009251072632753988
2025-05-12 09:30:00,-0.021248642312395084
2025-05-12 10:30:00,0.0012166983003339016
2025-05-12 11:30:00,0.00040956312749104164
2025-05-12 12:30:00,-0.0007061591463413286
2025-05-12 13:30:00,0.0015996686803715244
2025-05-12 14:30:00,-0.00700875875108013
2025-05-12 15:30:00,0.003136980692014324
2025-05-13 09:30:00,-0.011292025257410337
2025-05-13 10:30:00,0.002427434322937455
2025-05-13 11:30:00,-0.0019674578644598485
2025-05-13 12:30:00,0.003282278938885541
2025-05-13 13:30:00,-0.0006942089493643777
2025-05-13 14:30:00,0.0007198577463756794
2025-05-13 15:30:00,-0.002373353355420338
2025-05-14 09:30:00,-0.004735841153062803
2025-05-14 10:30:00,0.0013235013602789058
2025-05-14 11:30:00,-0.000995489775515479
2025-05-14 12:30:00,0.002715471633246419
2025-05-14 13:30:00,0.0
2025-05-14 14:30:00,0.0
2025-05-14 15:30:00,0.0
2025-05-15 09:30:00,0.0
2025-05-15 10:30:00,0.0
2025-05-15 11:30:00,0.0
2025-05-15 12:30:00,0.0
2025-05-15 13:30:00,0.0
2025-05-15 14:30:00,0.0
2025-05-15 15:30:00,0.0
2025-05-16 09:30:00,0.0
2025-05-16 10:30:00,0.0
2025-05-16 11:30:00,0.0
2025-05-16 12:30:00,0.0
2025-05-16 13:30:00,0.0
2025-05-16 14:30:00,0.0
2025-05-16 15:30:00,0.0
2025-05-19 09:30:00,0.0
2025-05-19 10:30:00,0.0
2025-05-19 11:30:00,0.0
2025-05-19 12:30:00,0.0
2025-05-19 13:30:00,0.0
2025-05-19 14:30:00,0.0
2025-05-19 15:30:00,0.0
2025-05-20 09:30:00,0.0
2025-05-20 10:30:00,0.0
2025-05-20 11:30:00,0.0
2025-05-20 12:30:00,0.0
2025-05-20 13:30:00,0.0
2025-05-20 14:30:00,0.0
2025-05-20 15:30:00,0.0
2025-05-21 09:30:00,-0.032386731073526936
2025-05-21 10:30:00,-0.0013836812168125268
2025-05-21 11:30:00,0.0006564289385577515
2025-05-21 12:30:00,-0.009240646278867554
2025-05-21 13:30:00,0.00015457689852932944
2025-05-21 14:30:00,-0.007305805678529992
2025-05-21 15:30:00,-0.0006716894137454132
2025-05-22 09:30:00,-0.0034886335254297406
2025-05-22 10:30:00,0.0017460768608250966
2025-05-22 11:30:00,0.0027501186374599973
2025-05-22 12:30:00,0.0017245069726439855
2025-05-22 13:30:00,0.0023012642634874956
2025-05-22 14:30:00,0.003914810111305833
2025-05-22 15:30:00,0.0
2025-05-23 09:30:00,-0.04715805909840044
2025-05-23 10:30:00,0.00219078294227919
2025-05-23 11:30:00,0.0022643768567145173
2025-05-23 12:30:00,0.005776477562829068
2025-05-23 13:30:00,-0.003180564380397671
2025-05-23 14:30:00,0.0008806037227398145
2025-05-23 15:30:00,-0.003218225973397093
2025-05-27 09:30:00,0.016316996366241808
2025-05-27 10:30:00,0.005310231330577958
2025-05-27 11:30:00,0.0009017370750747045
2025-05-27 12:30:00,0.0006094227370950888
2025-05-27 13:30:00,-0.00013732996668549546
2025-05-27 14:30:00,-0.0006162528663202493
2025-05-27 15:30:00,0.0
2025-05-28 09:30:00,0.0
2025-05-28 10:30:00,0.0
2025-05-28 11:30:00,0.0
2025-05-28 12:30:00,0.0
2025-05-28 13:30:00,0.0
2025-05-28 14:30:00,0.0
2025-05-28 15:30:00,0.0
2025-05-29 09:30:00,0.0
2025-05-29 10:30:00,0.0
2025-05-29 11:30:00,0.0
2025-05-29 12:30:00,0.0
2025-05-29 13:30:00,0.0
2025-05-29 14:30:00,0.0
2025-05-29 15:30:00,0.0
2025-05-30 09:30:00,0.0
2025-05-30 10:30:00,0.0
2025-05-30 11:30:00,-0.009687171285059503
2025-05-30 12:30:00,0.0031983127418838075
2025-05-30 13:30:00,0.0035549978566419504
2025-05-30 14:30:00,0.005231276537936319
2025-05-30 15:30:00,-0.0038514558878647077
2025-06-02 09:30:00,-0.0038449262920344563
2025-06-02 10:30:00,0.0025761372065401856
2025-06-02 11:30:00,0.0037007941591378378
2025-06-02 12:30:00,0.0029680109556879998
2025-06-02 13:30:00,0.0018203730797559992
2025-06-02 14:30:00,0.0014786867096792887
2025-06-02 15:30:00,0.0007044992301210362
2025-06-03 09:30:00,0.005188322560371999
2025-06-03 10:30:00,0.0
2025-06-03 11:30:00,0.0
2025-06-03 12:30:00,0.0
2025-06-03 13:30:00,0.0
2025-06-03 14:30:00,0.0
2025-06-03 15:30:00,0.0
2025-06-04 09:30:00,0.0
2025-06-04 10:30:00,0.0
2025-06-04 11:30:00,0.0
2025-06-04 12:30:00,0.0
2025-06-04 13:30:00,0.0
2025-06-04 14:30:00,0.0
2025-06-04 15:30:00,0.0
2025-06-05 09:30:00,-0.02537781305243627
2025-06-05 10:30:00,0.0018418853911952194
2025-06-05 11:30:00,-0.000658732726816369
2025-06-05 12:30:00,-0.0013059056406782787
2025-06-05 13:30:00,-0.0010628581813384107
2025-06-05 14:30:00,-0.004235237339142129
2025-06-05 15:30:00,0.001361466076984591
2025-06-06 09:30:00,0.006479715157505334
2025-06-06 10:30:00,-0.0012758469674050588
2025-06-06 11:30:00,-0.0013219245519497547
2025-06-06 12:30:00,-0.0004978345039609811
2025-06-06 13:30:00,0.0016318032828783247
2025-06-06 14:30:00,0.0010044149965841853
2025-06-06 15:30:00,0.0
2025-06-09 09:30:00,-0.032906314384540704
2025-06-09 10:30:00,0.0020044628056484493
2025-06-09 11:30:00,0.003841139590943099
2025-06-09 12:30:00,0.0031834539185520592
2025-06-09 13:30:00,9.223080270738815e-05
2025-06-09 14:30:00,-0.0002662728837420303
2025-06-09 15:30:00,-0.002222979388333257
2025-06-10 09:30:00,-0.009770553936088533
2025-06-10 10:30:00,-0.0023708435491729962
2025-06-10 11:30:00,0.0009113292451893129
2025-06-10 12:30:00,0.0009302973596882758
2025-06-10 13:30:00,-0.002187716880340007
2025-06-10 14:30:00,3.769652893062525e-05
2025-06-10 15:30:00,0.0
2025-06-11 09:30:00,0.0
2025-06-11 10:30:00,0.0
2025-06-11 11:30:00,0.0
2025-06-11 12:30:00,0.0
2025-06-11 13:30:00,0.0
2025-06-11 14:30:00,0.0
2025-06-11 15:30:00,0.0
2025-06-12 09:30:00,-0.013659129273303861
2025-06-12 10:30:00,-1.1832971709885286e-05
2025-06-12 11:30:00,0.0004335201178557291
2025-06-12 12:30:00,0.000573129255318805
2025-06-12 13:30:00,0.0009347355442686
2025-06-12 14:30:00,0.000596379398665553
2025-06-12 15:30:00,0.00011641363288982243
2025-06-13 09:30:00,-0.016562997964066982
2025-06-13 10:30:00,0.005083816997230317
2025-06-13 11:30:00,0.0006008198955831546
2025-06-13 12:30:00,-0.0032218106009739957
2025-06-13 13:30:00,-0.005281078201784329
2025-06-13 14:30:00,-0.002520524940773866
2025-06-13 15:30:00,-0.00023351549541265616
2025-06-16 09:30:00,0.012307056279479468
2025-06-16 10:30:00,-0.003785169723162174
2025-06-16 11:30:00,0.0004995976473103958
2025-06-16 12:30:00,0.0015620739071626367
2025-06-16 13:30:00,-0.001506745086272704
2025-06-16 14:30:00,-0.0006835058955962647
2025-06-16 15:30:00,0.0018958080306306023
2025-06-17 09:30:00,-0.004626438339156919
2025-06-17 10:30:00,-0.0016733352019902281
2025-06-17 11:30:00,0.0005786844639835587
2025-06-17 12:30:00,-0.00562338909288469
2025-06-17 13:30:00,-0.0038114081322327075
2025-06-17 14:30:00,-0.0008416261973338224
2025-06-17 15:30:00,0.001163210871276943
2025-06-18 09:30:00,0.0021835739520660426
2025-06-18 10:30:00,0.0027234057342506333
2025-06-18 11:30:00,-0.0008302318172774825
2025-06-18 12:30:00,-0.0010631095343976605
2025-06-18 13:30:00,0.0008155470551431121
2025-06-18 14:30:00,-0.002890471595883781
2025-06-18 15:30:00,8.219883089850555e-05
2025-06-20 09:30:00,0.0027829309494088795
2025-06-20 10:30:00,0.0004531430112924395
2025-06-20 11:30:00,-0.0023180775790633324
2025-06-20 12:30:00,-0.0003424415627566235
2025-06-20 13:30:00,0.0
2025-06-20 14:30:00,-0.004072296074675424
2025-06-20 15:30:00,0.0007899253264083584
2025-06-23 09:30:00,0.00726882315943414
2025-06-23 10:30:00,-0.0002955653618921805
2025-06-23 11:30:00,-0.005342136399214126
2025-06-23 12:30:00,0.005119136546146786
2025-06-23 13:30:00,0.002524363609213276
2025-06-23 14:30:00,0.0030712306313937345
2025-06-23 15:30:00,0.0024705511473040453
2025-06-24 09:30:00,0.011734078735932746
2025-06-24 10:30:00,0.002120199048797933
2025-06-24 11:30:00,0.0013233927488608855
2025-06-24 12:30:00,-0.0012672591168775894
2025-06-24 13:30:00,0.0
2025-06-24 14:30:00,0.0
2025-06-24 15:30:00,0.0
2025-06-25 09:30:00,0.0
2025-06-25 10:30:00,-0.006495237750007677
2025-06-25 11:30:00,0.002168789725427617
2025-06-25 12:30:00,-0.002972248243425968
2025-06-25 13:30:00,-0.0015204348271104506
2025-06-25 14:30:00,0.0011808137276734965
2025-06-25 15:30:00,-0.003596779576076592
2025-06-26 09:30:00,0.0016570311525943183
2025-06-26 10:30:00,0.0023310587661350135
2025-06-26 11:30:00,0.00020171617484670556
2025-06-26 12:30:00,-0.0006423704726218448
2025-06-26 13:30:00,-0.0010556483408544648
2025-06-26 14:30:00,0.0022740263805843763
2025-06-26 15:30:00,0.0009617704060981447
2025-06-27 09:30:00,0.0
2025-06-27 10:30:00,0.0
2025-06-27 11:30:00,0.0
2025-06-27 12:30:00,0.0
2025-06-27 13:30:00,0.0
2025-06-27 14:30:00,0.0
2025-06-27 15:30:00,0.0
2025-06-30 09:30:00,0.0
2025-06-30 10:30:00,0.0
2025-06-30 11:30:00,0.0
2025-06-30 12:30:00,0.0
2025-06-30 13:30:00,0.0
2025-06-30 14:30:00,0.0
2025-06-30 15:30:00,0.0
2025-07-01 09:30:00,0.0
2025-07-01 10:30:00,0.0
2025-07-01 11:30:00,0.0
2025-07-01 12:30:00,0.0
2025-07-01 13:30:00,0.0
2025-07-01 14:30:00,0.0
2025-07-01 15:30:00,0.0
2025-07-02 09:30:00,0.0
2025-07-02 10:30:00,-0.008113133911342075
2025-07-02 11:30:00,0.0018440043136294438
2025-07-02 12:30:00,0.002169657604803399
2025-07-02 13:30:00,-5.566505728022974e-05
2025-07-02 14:30:00,0.0006256355153653915
2025-07-02 15:30:00,-0.001846683036170238
2025-07-03 09:30:00,0.008510095810020069
2025-07-03 10:30:00,0.000687383194103075
2025-07-03 11:30:00,0.0010409920719967381
2025-07-07 09:30:00,-0.0026117387616620804
2025-07-07 10:30:00,-0.003634145578784648
2025-07-07 11:30:00,-0.0014666823340448332
2025-07-07 12:30:00,0.0010165224028667874
2025-07-07 13:30:00,0.0
2025-07-07 14:30:00,0.0
2025-07-07 15:30:00,0.0
2025-07-08 09:30:00,0.0
2025-07-08 10:30:00,0.0
2025-07-08 11:30:00,0.0
2025-07-08 12:30:00,0.0
2025-07-08 13:30:00,0.0
2025-07-08 14:30:00,0.0
2025-07-08 15:30:00,0.0
2025-07-09 09:30:00,0.0
2025-07-09 10:30:00,0.0
2025-07-09 11:30:00,0.0
2025-07-09 12:30:00,0.0
2025-07-09 13:30:00,0.0
2025-07-09 14:30:00,0.0
2025-07-09 15:30:00,0.0
2025-07-10 09:30:00,-0.030033499189703255
2025-07-10 10:30:00,0.002855055890780728
2025-07-10 11:30:00,0.003287020843149008
2025-07-10 12:30:00,-0.00022687880547133665
2025-07-10 13:30:00,0.002781066555190742
2025-07-10 14:30:00,-0.002774994683514409
2025-07-10 15:30:00,-0.004280397585254081
2025-07-11 09:30:00,-0.002105237648102143
2025-07-11 10:30:00,-0.004060776464318882
2025-07-11 11:30:00,0.0006454690064760071
2025-07-11 12:30:00,-0.0001163167992932479
2025-07-11 13:30:00,-0.001232903412853703
2025-07-11 14:30:00,-0.0014005865862410927
2025-07-11 15:30:00,0.0
2025-07-14 09:30:00,-0.031016747126563916
2025-07-14 10:30:00,0.0012186223889925796
2025-07-14 11:30:00,-0.0016842296408553447
2025-07-14 12:30:00,0.0022247650396932496
2025-07-14 13:30:00,0.0015245847254233113
2025-07-14 14:30:00,0.0002552666351121835
2025-07-14 15:30:00,-0.0009238468998725713
2025-07-15 09:30:00,-4.4677191204611774e-05
2025-07-15 10:30:00,-0.0032159505636369877
2025-07-15 11:30:00,-0.004418722168249717
2025-07-15 12:30:00,-0.0010132072871538943
2025-07-15 13:30:00,-0.0004707860802719732
2025-07-15 14:30:00,-0.0024422576532415253
2025-07-15 15:30:00,-0.005619471863974479
2025-07-16 09:30:00,-0.0014582589413590862
2025-07-16 10:30:00,-0.0037843754454446542
2025-07-16 11:30:00,0.0020562190175824223
2025-07-16 12:30:00,0.003530912425237348
2025-07-16 13:30:00,0.0019526040941632906
2025-07-16 14:30:00,0.0027579651217749914
2025-07-16 15:30:00,-0.0015349569991567947
2025-07-17 09:30:00,0.0005180593931562394
2025-07-17 10:30:00,0.006118906281971726
2025-07-17 11:30:00,0.00029738798374590036
2025-07-17 12:30:00,0.001804081783205147
2025-07-17 13:30:00,0.0035834856355314026
2025-07-17 14:30:00,0.0
2025-07-17 15:30:00,0.0
2025-07-18 09:30:00,0.0
2025-07-18 10:30:00,0.0
2025-07-18 11:30:00,0.0
2025-07-18 12:30:00,0.0
2025-07-18 13:30:00,0.0
2025-07-18 14:30:00,0.0
2025-07-18 15:30:00,0.0
2025-07-21 09:30:00,0.0
2025-07-21 10:30:00,0.0
2025-07-21 11:30:00,0.0
2025-07-21 12:30:00,0.0
2025-07-21 13:30:00,0.0
2025-07-21 14:30:00,0.0
2025-07-21 15:30:00,0.0
2025-07-22 09:30:00,-0.03367621481281686
2025-07-22 10:30:00,0.002238880696308432
2025-07-22 11:30:00,-0.0026310543267583143
2025-07-22 12:30:00,0.0024113982991751993
2025-07-22 13:30:00,-0.00028050684128517187
2025-07-22 14:30:00,-0.0009427951672293988
2025-07-22 15:30:00,-0.004258989037777594
2025-07-23 09:30:00,0.01233895017829173
2025-07-23 10:30:00,0.0023424664066176715
2025-07-23 11:30:00,0.0012965411661404024
2025-07-23 12:30:00,-0.000656653033737159
2025-07-23 13:30:00,0.0028055080139206103
2025-07-23 14:30:00,0.0017376852903506102
2025-07-23 15:30:00,0.0
2025-07-24 09:30:00,0.0
2025-07-24 10:30:00,0.0
2025-07-24 11:30:00,0.0
2025-07-24 12:30:00,0.0
2025-07-24 13:30:00,0.0
2025-07-24 14:30:00,0.0
2025-07-24 15:30:00,0.0
2025-07-25 09:30:00,0.0
2025-07-25 10:30:00,0.0
2025-07-25 11:30:00,0.0
2025-07-25 12:30:00,0.0
2025-07-25 13:30:00,0.0
2025-07-25 14:30:00,0.0
2025-07-25 15:30:00,0.0
2025-07-28 09:30:00,0.0
2025-07-28 10:30:00,0.0
2025-07-28 11:30:00,0.0
2025-07-28 12:30:00,-0.0043539031892423415
2025-07-28 13:30:00,-0.0007028291442638501
2025-07-28 14:30:00,-0.0007868962130958612
2025-07-28 15:30:00,-0.0005998708726328572
2025-07-29 09:30:00,0.007076898733131737
2025-07-29 10:30:00,0.00245831008616888
2025-07-29 11:30:00,-0.0006465105398052396
2025-07-29 12:30:00,-0.00030969902359897496
2025-07-29 13:30:00,-0.0017795259008451247
2025-07-29 14:30:00,0.002506697302176908
2025-07-29 15:30:00,0.0012155170410012351
2025-07-30 09:30:00,-0.0010392894445419687
2025-07-30 10:30:00,-0.0021371415976994103
2025-07-30 11:30:00,-0.0003682463043000461
2025-07-30 12:30:00,-0.001017179102876503
2025-07-30 13:30:00,-1.369980629855605e-05
2025-07-30 14:30:00,-0.010223269532350403
2025-07-30 15:30:00,0.0019787360789254747
2025-07-31 09:30:00,0.0023583043829342233
2025-07-31 10:30:00,-0.0011997274337017694
2025-07-31 11:30:00,0.0036448963320806936
2025-07-31 12:30:00,-0.0031608385645602146
2025-07-31 13:30:00,0.0012920639948185819
2025-07-31 14:30:00,-0.0025451990671176206
2025-07-31 15:30:00,-0.0009567605319791228
2025-08-01 09:30:00,-0.011713560327356464
2025-08-01 10:30:00,-0.0051812011426178636
2025-08-01 11:30:00,0.009042636898445977
2025-08-01 12:30:00,-0.008956182420163949
2025-08-01 13:30:00,0.0008931066307577007
2025-08-01 14:30:00,0.0004978907634438145
2025-08-01 15:30:00,0.00025899415477079744
2025-08-04 09:30:00,0.010046300176670598
2025-08-04 10:30:00,0.000542538692590283
2025-08-04 11:30:00,-0.0003217724708559355
2025-08-04 12:30:00,0.0005764081748837857
2025-08-04 13:30:00,-0.0005269822401830603
2025-08-04 14:30:00,0.0026086506757617145
2025-08-04 15:30:00,0.0006064933935679584
2025-08-05 09:30:00,0.0
2025-08-05 10:30:00,-0.007073391326580925
2025-08-05 11:30:00,0.0028362441081800248
2025-08-05 12:30:00,-0.002287474412126511
2025-08-05 13:30:00,-0.0018023493552636384
2025-08-05 14:30:00,0.0025501943357084
2025-08-05 15:30:00,-0.0018860392421810146
2025-08-06 09:30:00,-0.0027358709541613737
2025-08-06 10:30:00,0.00670346373245268
2025-08-06 11:30:00,-0.0035185138688162477
2025-08-06 12:30:00,-0.0011229307266016008
2025-08-06 13:30:00,-0.0007480291388813953
2025-08-06 14:30:00,-0.0013560290039243196
2025-08-06 15:30:00,0.00036729581376009345
2025-08-07 09:30:00,-0.04925728945785528
2025-08-07 10:30:00,-6.918204156658447e-07
2025-08-07 11:30:00,0.002598218931026164
2025-08-07 12:30:00,-0.0019404358260913356
2025-08-07 13:30:00,0.0018195690256723684
2025-08-07 14:30:00,0.0020982542486433662
2025-08-07 15:30:00,0.001764179753024786
2025-08-08 09:30:00,0.004650182197997293
2025-08-08 10:30:00,-0.003334846259307661
2025-08-08 11:30:00,0.0019840854641557104
2025-08-08 12:30:00,-0.0004387029014151833
2025-08-08 13:30:00,-0.0015754084684410253
2025-08-08 14:30:00,-0.00022975322197343884
2025-08-08 15:30:00,0.0
2025-08-11 09:30:00,0.0
2025-08-11 10:30:00,0.0
2025-08-11 11:30:00,0.0
2025-08-11 12:30:00,0.0
2025-08-11 13:30:00,0.0
2025-08-11 14:30:00,0.0
2025-08-11 15:30:00,0.0
2025-08-12 09:30:00,-0.01699434999879359
2025-08-12 10:30:00,2.5072512398610636e-05
2025-08-12 11:30:00,-0.00018481479661198175
2025-08-12 12:30:00,0.0015390154710153315
2025-08-12 13:30:00,-0.0003518472164161901
2025-08-12 14:30:00,0.0021618345816899363
2025-08-12 15:30:00,0.0004624675769181352
2025-08-13 09:30:00,-0.00250532756543847
2025-08-13 10:30:00,0.0005673855499628954
2025-08-13 11:30:00,-4.381416587312392e-05
2025-08-13 12:30:00,0.0008484823730419255
2025-08-13 13:30:00,0.0008299641411239455
2025-08-13 14:30:00,0.0016481278655415764
2025-08-13 15:30:00,0.0
2025-08-14 09:30:00,0.0
2025-08-14 10:30:00,0.0
2025-08-14 11:30:00,0.0
2025-08-14 12:30:00,0.0
2025-08-14 13:30:00,0.0
2025-08-14 14:30:00,0.0
2025-08-14 15:30:00,0.0
2025-08-15 09:30:00,-0.017371932480174667
2025-08-15 10:30:00,-5.8623662127832436e-06
2025-08-15 11:30:00,0.00021039492108201885
2025-08-15 12:30:00,-0.00027325345997746274
2025-08-15 13:30:00,0.000511621754676217
2025-08-15 14:30:00,-0.0006190376118996088
2025-08-15 15:30:00,8.210309802134108e-05
2025-08-18 09:30:00,-0.002150776114394354
2025-08-18 10:30:00,-0.0013046323780618874
2025-08-18 11:30:00,0.00018536669799202877
2025-08-18 12:30:00,-0.001524843692760025
2025-08-18 13:30:00,-0.00022880334954037407
2025-08-18 14:30:00,0.0010836911799576964
2025-08-18 15:30:00,0.0
2025-08-19 09:30:00,0.0
2025-08-19 10:30:00,0.0
2025-08-19 11:30:00,0.0
2025-08-19 12:30:00,-0.005567809137256269
2025-08-19 13:30:00,0.0005630428046375536
2025-08-19 14:30:00,-0.0016719174003806403
2025-08-19 15:30:00,-9.324183429273991e-05
2025-08-20 09:30:00,-0.019993404627235988
2025-08-20 10:30:00,0.009727179712010148
2025-08-20 11:30:00,0.0039036740873034824
2025-08-20 12:30:00,-0.0014920543655833006
2025-08-20 13:30:00,-0.0022621670121462656
2025-08-20 14:30:00,0.006400477288300172
2025-08-20 15:30:00,0.0008692063075471767
2025-08-21 09:30:00,0.006281742500202891
2025-08-21 10:30:00,-0.005202197425805305
2025-08-21 11:30:00,0.0
2025-08-21 12:30:00,0.0
2025-08-21 13:30:00,0.0
2025-08-21 14:30:00,0.0
2025-08-21 15:30:00,0.0
2025-08-22 09:30:00,0.0
2025-08-22 10:30:00,0.0
2025-08-22 11:30:00,0.0
2025-08-22 12:30:00,0.0
2025-08-22 13:30:00,0.0
2025-08-22 14:30:00,0.0
2025-08-22 15:30:00,0.0
2025-08-25 09:30:00,0.0
2025-08-25 10:30:00,0.0
2025-08-25 11:30:00,0.0
2025-08-25 12:30:00,0.0
2025-08-25 13:30:00,0.0
2025-08-25 14:30:00,0.0
2025-08-25 15:30:00,0.0
2025-08-26 09:30:00,-0.010337447200048222
2025-08-26 10:30:00,-0.002296522355489655
2025-08-26 11:30:00,-0.0008250220796483576
2025-08-26 12:30:00,-0.00018625797110585207
2025-08-26 13:30:00,2.417973691863362e-05
2025-08-26 14:30:00,0.0012203703735972904
2025-08-26 15:30:00,-0.0006812937525553786
2025-08-27 09:30:00,0.003050217327722643
2025-08-27 10:30:00,0.0007179368058173707
2025-08-27 11:30:00,0.0015262053776749552
2025-08-27 12:30:00,-0.00019033390990847444
2025-08-27 13:30:00,0.0006957998877145655
2025-08-27 14:30:00,0.0003117423107605377
2025-08-27 15:30:00,0.0
2025-08-28 09:30:00,-0.02481139626316729
2025-08-28 10:30:00,-0.002796430722727039
2025-08-28 11:30:00,0.000567123825648358
2025-08-28 12:30:00,-0.0010744235452290584
2025-08-28 13:30:00,0.0009214263528922129
2025-08-28 14:30:00,0.0011085147590494838
2025-08-28 15:30:00,-0.0011641604790309456
2025-08-29 09:30:00,0.00300284318648652
2025-08-29 10:30:00,-0.0015733233240373846
2025-08-29 11:30:00,0.001833992079385277
2025-08-29 12:30:00,0.0009362777261717359
2025-08-29 13:30:00,-0.0005393741640573602
2025-08-29 14:30:00,0.0007775312089498166
2025-08-29 15:30:00,0.0
2025-09-02 09:30:00,-0.02913282263567123
2025-09-02 10:30:00,-0.004812157019311464
2025-09-02 11:30:00,-0.0022174308545029496
2025-09-02 12:30:00,0.002644706605630931
2025-09-02 13:30:00,-0.0007851295232549016
2025-09-02 14:30:00,0.002414701293307714
2025-09-02 15:30:00,0.002186490590679502
2025-09-03 09:30:00,-0.0021887094835232267
2025-09-03 10:30:00,-0.003551782450638885
2025-09-03 11:30:00,6.123144679742731e-05
2025-09-03 12:30:00,0.0006337389154025374
2025-09-03 13:30:00,-0.001387315182024096
2025-09-03 14:30:00,-0.0011602142434689044
2025-09-03 15:30:00,0.0
2025-09-04 09:30:00,-0.027028834014944037
2025-09-04 10:30:00,0.0032314157281119584
2025-09-04 11:30:00,0.00233162177130698
2025-09-04 12:30:00,0.0016636264577938153
2025-09-04 13:30:00,-0.00038600732013568397
2025-09-04 14:30:00,0.002380258893203574
2025-09-04 15:30:00,0.0019404273512401925
2025-09-05 09:30:00,0.004164810384409379
2025-09-05 10:30:00,-0.0018986550867458763
2025-09-05 11:30:00,-0.0003217951264194552
2025-09-05 12:30:00,0.0016360171887159214
2025-09-05 13:30:00,0.0019832291402321345
2025-09-05 14:30:00,0.002158953066680497
2025-09-05 15:30:00,0.0
2025-09-08 09:30:00,-0.02049772424711962
2025-09-08 10:30:00,0.004200562917709605
2025-09-08 11:30:00,-0.0006700907071344631
2025-09-08 12:30:00,0.00047433881401233723
2025-09-08 13:30:00,-0.001673407599024218
2025-09-08 14:30:00,-0.0007499613475442201
2025-09-08 15:30:00,0.0042426288398901444
2025-09-09 09:30:00,-0.0010743346749802652
2025-09-09 10:30:00,0.0009425853938273054
2025-09-09 11:30:00,-0.0016765314056706227
2025-09-09 12:30:00,0.0004048119733779665
2025-09-09 13:30:00,0.002205405801623539
2025-09-09 14:30:00,-0.0020567902448785035
2025-09-09 15:30:00,0.0
2025-09-10 09:30:00,-0.03991027197053175
2025-09-10 10:30:00,-0.004415423839117682
2025-09-10 11:30:00,0.001556007884142807
2025-09-10 12:30:00,-0.0010069699896236794
2025-09-10 13:30:00,0.004051471658923461
2025-09-10 14:30:00,-0.0026441604118498997
2025-09-10 15:30:00,0.0020634050600599253
2025-09-11 09:30:00,0.01128304266063353
2025-09-11 10:30:00,0.0005927653324499626
2025-09-11 11:30:00,0.0009023105670331211
2025-09-11 12:30:00,0.00015611415146969952
2025-09-11 13:30:00,0.0016568169663013332
2025-09-11 14:30:00,0.0011201737032513147
2025-09-11 15:30:00,0.0
2025-09-12 09:30:00,0.0
2025-09-12 10:30:00,0.0
2025-09-12 11:30:00,0.0
2025-09-12 12:30:00,0.0
2025-09-12 13:30:00,0.0
2025-09-12 14:30:00,0.0
2025-09-12 15:30:00,0.0
2025-09-15 09:30:00,0.0
2025-09-15 10:30:00,-0.008478829652064307
2025-09-15 11:30:00,-0.00028666372360926505
2025-09-15 12:30:00,-0.0013772338264626482
2025-09-15 13:30:00,0.0001890340044259975
2025-09-15 14:30:00,0.0002252763343253361
2025-09-15 15:30:00,-0.0011900416813005743
2025-09-16 09:30:00,-0.0036152319546901455
2025-09-16 10:30:00,-0.0004984526225988329
2025-09-16 11:30:00,0.0011871901400162422
2025-09-16 12:30:00,0.00045560462456579743
2025-09-16 13:30:00,0.0004998407360759626
2025-09-16 14:30:00,0.00017003088395125542
2025-09-16 15:30:00,0.0014004654221375034
2025-09-17 09:30:00,0.0
2025-09-17 10:30:00,0.0
2025-09-17 11:30:00,0.0
2025-09-17 12:30:00,0.0
2025-09-17 13:30:00,0.0
2025-09-17 14:30:00,0.0
2025-09-17 15:30:00,0.0
2025-09-18 09:30:00,0.0
2025-09-18 10:30:00,-0.0057007323174310285
2025-09-18 11:30:00,3.9685379869758286e-05
2025-09-18 12:30:00,-0.0006337531440825883
2025-09-18 13:30:00,-0.002582430795342505
2025-09-18 14:30:00,-0.001265565377033373
2025-09-18 15:30:00,0.0010582195802679218
2025-09-19 09:30:00,-0.007897093747988021
2025-09-19 10:30:00,-0.0022465687379340017
2025-09-19 11:30:00,2.188634359600039e-05
2025-09-19 12:30:00,-0.0006095623535392946
2025-09-19 13:30:00,-1.4005535838373939e-05
2025-09-19 14:30:00,0.00152905014413926
2025-09-19 15:30:00,-0.0032316088627834193
2025-09-22 09:30:00,-0.021018464581793333
2025-09-22 10:30:00,0.00017116825820098213
2025-09-22 11:30:00,-0.0003958786312481366
2025-09-22 12:30:00,0.0020019852910792115
2025-09-22 13:30:00,-0.0001042918210558852
2025-09-22 14:30:00,0.0022857574517107073
2025-09-22 15:30:00,-0.0027734673324962154
2025-09-23 09:30:00,0.008942509374296392
2025-09-23 10:30:00,0.0015026620603920792
2025-09-23 11:30:00,-0.000688955529553853
2025-09-23 12:30:00,-0.001091168536228221
2025-09-23 13:30:00,-0.00018513544573818265
2025-09-23 14:30:00,0.0008229639087000362
2025-09-23 15:30:00,0.0
2025-09-24 09:30:00,-0.019911949761792464
2025-09-24 10:30:00,-0.003898045262049815
2025-09-24 11:30:00,-0.0009731244212058288
2025-09-24 12:30:00,-0.003530172763222983
2025-09-24 13:30:00,-0.0034071753200964282
2025-09-24 14:30:00,-0.0009327605247328119
2025-09-24 15:30:00,-0.0007539857975739417
2025-09-25 09:30:00,-0.0059889361694836106
2025-09-25 10:30:00,-0.0031473799665475755
2025-09-25 11:30:00,0.0014597067715039324
2025-09-25 12:30:00,-0.0003801371978341572
2025-09-25 13:30:00,-0.0009541833317900372
2025-09-25 14:30:00,-0.0007765472574289556
2025-09-25 15:30:00,-0.0030208358409273385
2025-09-26 09:30:00,0.005611367879503548
2025-09-26 10:30:00,0.0017826865342373765
2025-09-26 11:30:00,0.0038889704820424366
2025-09-26 12:30:00,0.0012128791566083264
2025-09-26 13:30:00,0.0010127547350434918
2025-09-26 14:30:00,-0.001049042989503851
2025-09-26 15:30:00,0.0018830480521041192
2025-09-29 09:30:00,0.007850667400048894
2025-09-29 10:30:00,0.0014385602145737032
2025-09-29 11:30:00,-0.0012319735882519167
2025-09-29 12:30:00,-0.0008625325288853681
2025-09-29 13:30:00,0.00406370588859325
2025-09-29 14:30:00,0.0
2025-09-29 15:30:00,0.0
2025-09-30 09:30:00,-0.025060075152198262
2025-09-30 10:30:00,-0.004440053478438543
2025-09-30 11:30:00,0.0032845113103425914
2025-09-30 12:30:00,-0.002734810808442256
2025-09-30 13:30:00,0.0028086621190297535
2025-09-30 14:30:00,0.0038657251428345805
2025-09-30 15:30:00,0.0017523085191557763
2025-10-01 09:30:00,-0.005020832720786489
2025-10-01 10:30:00,-0.00019903374009246354
2025-10-01 11:30:00,0.00035975403783786717
2025-10-01 12:30:00,-0.00030872208046791027
2025-10-01 13:30:00,7.697173719024009e-05
2025-10-01 14:30:00,-0.001848523559974302
2025-10-01 15:30:00,-0.0019932244868406503
2025-10-02 09:30:00,-0.0029834419652626067
2025-10-02 10:30:00,0.00035674275597942783
2025-10-02 11:30:00,0.0007671495238470216
2025-10-02 12:30:00,0.0006397982147820669
2025-10-02 13:30:00,0.0018595142346974237
2025-10-02 14:30:00,-8.582522523093439e-05
2025-10-02 15:30:00,-0.000514515370484403
2025-10-03 09:30:00,0.0023512626371821332
2025-10-03 10:30:00,-0.0016993672811592086
2025-10-03 11:30:00,0.002016372726756538
2025-10-03 12:30:00,-0.00020256572214626955
2025-10-03 13:30:00,0.001886571569004475
2025-10-03 14:30:00,0.0
2025-10-03 15:30:00,0.0
2025-10-06 09:30:00,0.0
2025-10-06 10:30:00,-0.005047521939059873
2025-10-06 11:30:00,-0.0020714231498117795
2025-10-06 12:30:00,0.002216577423655225
2025-10-06 13:30:00,-0.001034480548094019
2025-10-06 14:30:00,-0.001988246378514774
2025-10-06 15:30:00,-0.0003158275410073574
2025-10-07 09:30:00,-0.002298790055071015
2025-10-07 10:30:00,0.00352368697734422
2025-10-07 11:30:00,0.0004340153696454019
2025-10-07 12:30:00,-0.001314779037051711
2025-10-07 13:30:00,-0.0006200455508132363
2025-10-07 14:30:00,-0.0003792754163426504
2025-10-07 15:30:00,0.002572552263578659
2025-10-08 09:30:00,-0.010234277643906543
2025-10-08 10:30:00,0.0006431875366401607
2025-10-08 11:30:00,-0.0002345763983237159
2025-10-08 12:30:00,0.00017487777858467003
2025-10-08 13:30:00,-0.0013048959884656818
2025-10-08 14:30:00,-0.0005936406902148139
2025-10-08 15:30:00,0.00040995739706157775
2025-10-09 09:30:00,-0.008598890816989686
2025-10-09 10:30:00,-0.0028826423578443396
2025-10-09 11:30:00,-0.0008434440778735286
2025-10-09 12:30:00,5.48163800970336e-05
2025-10-09 13:30:00,-0.0010262563377815392
2025-10-09 14:30:00,0.0006341820873631332
2025-10-09 15:30:00,-0.002401552869971907
2025-10-10 09:30:00,-0.004837379282555776
2025-10-10 10:30:00,-0.004482925557265699
2025-10-10 11:30:00,-0.0013568181366395093
2025-10-10 12:30:00,-0.0005923471483587961
2025-10-10 13:30:00,0.00015158384383612278
2025-10-10 14:30:00,-0.003947299380280133
2025-10-10 15:30:00,-0.003412238326476702
2025-10-13 09:30:00,0.00298374784833253
2025-10-13 10:30:00,0.003922037518647859
2025-10-13 11:30:00,0.00010631947802154929
2025-10-13 12:30:00,-0.0021644821641002452
2025-10-13 13:30:00,0.0015419903612430008
2025-10-13 14:30:00,0.0
2025-10-13 15:30:00,0.0
2025-10-14 09:30:00,0.0
2025-10-14 10:30:00,0.0
2025-10-14 11:30:00,0.0
2025-10-14 12:30:00,0.0
2025-10-14 13:30:00,0.0
2025-10-14 14:30:00,0.0
2025-10-14 15:30:00,0.0
2025-10-15 09:30:00,0.0
2025-10-15 10:30:00,0.0
2025-10-15 11:30:00,0.0
2025-10-15 12:30:00,-0.007878653135948616
2025-10-15 13:30:00,0.0053039517935607626
2025-10-15 14:30:00,0.002820249993069496
2025-10-15 15:30:00,-0.0007408755386438092
2025-10-16 09:30:00,-0.013746507079599063
2025-10-16 10:30:00,-0.0024906512256328895
2025-10-16 11:30:00,-0.002949502320426428
2025-10-16 12:30:00,-0.0008398408498174525
2025-10-16 13:30:00,-0.003656756427611646
2025-10-16 14:30:00,0.0016235065397120663
2025-10-16 15:30:00,8.108434120753239e-05
2025-10-17 09:30:00,0.0036987810691349932
2025-10-17 10:30:00,-0.000922037296565531
2025-10-17 11:30:00,0.0
2025-10-17 12:30:00,0.0
2025-10-17 13:30:00,0.0
2025-10-17 14:30:00,0.0
2025-10-17 15:30:00,0.0
2025-10-20 09:30:00,0.0
2025-10-20 10:30:00,0.0
2025-10-20 11:30:00,0.0
2025-10-20 12:30:00,0.0
2025-10-20 13:30:00,0.0
2025-10-20 14:30:00,0.0
2025-10-20 15:30:00,0.0
2025-10-21 09:30:00,0.0
2025-10-21 10:30:00,0.0
2025-10-21 11:30:00,0.0
2025-10-21 12:30:00,0.0
2025-10-21 13:30:00,0.0
2025-10-21 14:30:00,0.0
2025-10-21 15:30:00,0.0
2025-10-22 09:30:00,0.0
2025-10-22 10:30:00,-0.019027159410518257
2025-10-22 11:30:00,0.008826805047496744
2025-10-22 12:30:00,-0.003279901580527983
2025-10-22 13:30:00,0.004122523471057143
2025-10-22 14:30:00,0.007943676326760412
2025-10-22 15:30:00,0.0005827222217283101
2025-10-23 09:30:00,0.011193214968302861
2025-10-23 10:30:00,0.000590112723688263
2025-10-23 11:30:00,0.003032439639290463
2025-10-23 12:30:00,0.0015677245780022996
2025-10-23 13:30:00,0.004067207030601439
2025-10-23 14:30:00,0.0015396216498367644
2025-10-23 15:30:00,-0.0014664706340723032
2025-10-24 09:30:00,0.0
2025-10-24 10:30:00,0.0
2025-10-24 11:30:00,0.0
2025-10-24 12:30:00,0.0
2025-10-24 13:30:00,0.0
2025-10-24 14:30:00,0.0
2025-10-24 15:30:00,0.0
2025-10-27 09:30:00,0.0
2025-10-27 10:30:00,0.0
2025-10-27 11:30:00,0.0
2025-10-27 12:30:00,0.0
2025-10-27 13:30:00,0.0
2025-10-27 14:30:00,0.0
2025-10-27 15:30:00,0.0
2025-10-28 09:30:00,-0.04763378833029599
2025-10-28 10:30:00,0.0031819000030374077
2025-10-28 11:30:00,-0.0033769133968034213
2025-10-28 12:30:00,-0.00398320632653304
2025-10-28 13:30:00,-0.0001747660496732195
2025-10-28 14:30:00,0.0005420785127495442
2025-10-28 15:30:00,-0.00012332024473037383
2025-10-29 09:30:00,-0.010964650337597609
2025-10-29 10:30:00,-0.0002123694333482806
2025-10-29 11:30:00,-0.0005040592782705799
2025-10-29 12:30:00,-0.0035900732921522573
2025-10-29 13:30:00,-0.0026343737962089163
2025-10-29 14:30:00,-0.005610326680239325
2025-10-29 15:30:00,-0.004650282123649036
2025-10-30 09:30:00,-0.002201509068067581
2025-10-30 10:30:00,0.004945257385271068
2025-10-30 11:30:00,0.0004217426020982795
2025-10-30 12:30:00,-0.0019935748325097757
2025-10-30 13:30:00,-0.003557235006600196
2025-10-30 14:30:00,-0.005358669569301905
2025-10-30 15:30:00,-0.00074231813457184
2025-10-31 09:30:00,0.0012062545747299925
2025-10-31 10:30:00,-0.004606871417140152
2025-10-31 11:30:00,0.001533976053242947
2025-10-31 12:30:00,-0.0014309729740675293
2025-10-31 13:30:00,0.0001065514621036101
2025-10-31 14:30:00,0.0
2025-10-31 15:30:00,0.0
2025-11-03 09:30:00,-0.03307158248494118
2025-11-03 10:30:00,0.008526922031133744
2025-11-03 11:30:00,0.0004901554770880834
2025-11-03 12:30:00,0.0008420197063061074
2025-11-03 13:30:00,0.00323917244373933
2025-11-03 14:30:00,0.0008535057944519031
2025-11-03 15:30:00,-0.0003946511564235089
2025-11-04 09:30:00,-0.002832496008849256
2025-11-04 10:30:00,-0.0012226426331394425
2025-11-04 11:30:00,-0.0006495481363302691
2025-11-04 12:30:00,-0.0017302435585443087
2025-11-04 13:30:00,0.002195517681458453
2025-11-04 14:30:00,0.0006237654888080646
2025-11-04 15:30:00,-0.00527356617882645
2025-11-05 09:30:00,0.017655404150155568
2025-11-05 10:30:00,0.0006683474160911696
2025-11-05 11:30:00,0.008938584758129708
2025-11-05 12:30:00,0.004165545815542149
2025-11-05 13:30:00,0.003913524017509778
2025-11-05 14:30:00,4.245735211662605e-05
2025-11-05 15:30:00,-0.00511613596128882
2025-11-06 09:30:00,-0.010669506557108183
2025-11-06 10:30:00,-0.006410421716883408
2025-11-06 11:30:00,-0.004303764568084872
2025-11-06 12:30:00,0.007480341255105605
2025-11-06 13:30:00,0.0030643362875745926
2025-11-06 14:30:00,0.0
2025-11-06 15:30:00,0.0
2025-11-07 09:30:00,-0.0340122974394789
2025-11-07 10:30:00,-0.008822135945999015
2025-11-07 11:30:00,0.004907027028997901
2025-11-07 12:30:00,0.0068099280623293845
2025-11-07 13:30:00,0.0026440855713411983
2025-11-07 14:30:00,0.005397663755539817
2025-11-07 15:30:00,0.004915958221716898
2025-11-10 09:30:00,0.01643786193378142
2025-11-10 10:30:00,-0.00714495634026519
2025-11-10 11:30:00,0.0044205775467891836
2025-11-10 12:30:00,0.00230007410098233
2025-11-10 13:30:00,0.001958430959203156
2025-11-10 14:30:00,0.0005827673153949664
2025-11-10 15:30:00,0.0
2025-11-11 09:30:00,0.0
2025-11-11 10:30:00,0.0
2025-11-11 11:30:00,0.0
2025-11-11 12:30:00,0.0
2025-11-11 13:30:00,0.0
2025-11-11 14:30:00,0.0
2025-11-11 15:30:00,0.0
2025-11-12 09:30:00,0.0
2025-11-12 10:30:00,0.0
2025-11-12 11:30:00,0.0
2025-11-12 12:30:00,0.0
2025-11-12 13:30:00,0.0
2025-11-12 14:30:00,0.0
2025-11-12 15:30:00,0.0
2025-11-13 09:30:00,0.0
2025-11-13 10:30:00,-0.009360989224025945
2025-11-13 11:30:00,0.0002566937350421017
2025-11-13 12:30:00,-0.004499904748327005
2025-11-13 13:30:00,7.218679982925468e-05
2025-11-13 14:30:00,-0.0025028966005307017
2025-11-13 15:30:00,0.0008984141175805704
2025-11-14 09:30:00,0.0035098711843478516
2025-11-14 10:30:00,0.011323702773017563
2025-11-14 11:30:00,0.0005163398612541114
2025-11-14 12:30:00,-0.00603668893220582
2025-11-14 13:30:00,0.00037917764781033594
2025-11-14 14:30:00,-0.002330537163360874
2025-11-14 15:30:00,-0.002977505479022119
2025-11-17 09:30:00,-0.016176260276077353
2025-11-17 10:30:00,-0.0047908400952554
2025-11-17 11:30:00,0.002903197981133998
2025-11-17 12:30:00,-0.007356033550725704
2025-11-17 13:30:00,-0.006582175676099011
2025-11-17 14:30:00,-0.005660802241451856
2025-11-17 15:30:00,0.0033046020118671525
2025-11-18 09:30:00,-0.00755946885798926
2025-11-18 10:30:00,0.006545589167770377
2025-11-18 11:30:00,-0.005288976746944845
2025-11-18 12:30:00,0.009857723010769637
2025-11-18 13:30:00,-0.0020334962951393198
2025-11-18 14:30:00,-0.001819305076096217
2025-11-18 15:30:00,0.0
2025-11-19 09:30:00,-0.022198461845884015
2025-11-19 10:30:00,-0.0028071399582742574
2025-11-19 11:30:00,0.002294009404762398
2025-11-19 12:30:00,0.0035149754416279877
2025-11-19 13:30:00,-0.004551090254564172
2025-11-19 14:30:00,0.0021550413175464578
2025-11-19 15:30:00,-0.0012156804017623758
2025-11-20 09:30:00,0.0115088824542108
2025-11-20 10:30:00,-0.002675786119906931
2025-11-20 11:30:00,-0.00734781476326159
2025-11-20 12:30:00,-0.0003759754230478751
2025-11-20 13:30:00,-0.0013588556669145158
2025-11-20 14:30:00,0.0009568226815458269
2025-11-20 15:30:00,-0.007877758553767805
2025-11-21 09:30:00,-0.00045048889226824705
2025-11-21 10:30:00,0.009104252532415263
2025-11-21 11:30:00,0.009836260375886686
2025-11-21 12:30:00,-0.003350234564986321
2025-11-21 13:30:00,0.008932852399109775
2025-11-21 14:30:00,-0.006905512114553225
2025-11-21 15:30:00,-0.0002483832262983654
2025-11-24 09:30:00,0.018045969314040223
2025-11-24 10:30:00,0.002396721690842485
2025-11-24 11:30:00,-0.00016930595589332298
2025-11-24 12:30:00,0.0009347811400149342
2025-11-24 13:30:00,-0.0014433676274511309
2025-11-24 14:30:00,0.0
2025-11-24 15:30:00,0.0
2025-11-25 09:30:00,0.0
2025-11-25 10:30:00,0.0
2025-11-25 11:30:00,0.0
2025-11-25 12:30:00,0.0
2025-11-25 13:30:00,0.0
2025-11-25 14:30:00,0.0
2025-11-25 15:30:00,0.0
2025-11-26 09:30:00,0.0
2025-11-26 10:30:00,0.0
2025-11-26 11:30:00,0.0
2025-11-26 12:30:00,0.0
2025-11-26 13:30:00,0.0
2025-11-26 14:30:00,0.0
2025-11-26 15:30:00,0.0
2025-11-28 09:30:00,0.0
2025-11-28 10:30:00,0.0
2025-11-28 11:30:00,0.0
2025-11-28 12:30:00,0.0
2025-12-01 09:30:00,0.0
2025-12-01 10:30:00,0.0
2025-12-01 11:30:00,0.0
2025-12-01 12:30:00,0.0
2025-12-01 13:30:00,0.0
2025-12-01 14:30:00,0.0
2025-12-01 15:30:00,0.0
2025-12-02 09:30:00,-0.009390352079840769
2025-12-02 10:30:00,-0.0005742191200056812
2025-12-02 11:30:00,0.00018402419614873544
2025-12-02 12:30:00,-0.0018463301842768342
2025-12-02 13:30:00,0.0010299118515014528
2025-12-02 14:30:00,0.0024560816030994247
2025-12-02 15:30:00,-0.0020117977251887685
2025-12-03 09:30:00,0.0023705134803977622
2025-12-03 10:30:00,-0.003169117196479021
2025-12-03 11:30:00,-9.601210667685711e-05
2025-12-03 12:30:00,-7.083863073502617e-05
2025-12-03 13:30:00,0.0011009391127135115
2025-12-03 14:30:00,-0.0008537077086660849
2025-12-03 15:30:00,0.0
2025-12-04 09:30:00,-0.017356225567249205
2025-12-04 10:30:00,0.0025470222262013397
2025-12-04 11:30:00,0.0016169551215015233
2025-12-04 12:30:00,0.001825182878088183
2025-12-04 13:30:00,-0.003332354329157866
2025-12-04 14:30:00,0.0008911039331015169
2025-12-04 15:30:00,0.0021394169483459013
2025-12-05 09:30:00,-0.001634017451801978
2025-12-05 10:30:00,0.0005191363432534235
2025-12-05 11:30:00,-0.00529306173766878
2025-12-05 12:30:00,0.00048379193278764163
2025-12-05 13:30:00,-0.0007175128414180943
2025-12-05 14:30:00,-0.0008794359775546878
2025-12-05 15:30:00,0.0
2025-12-08 09:30:00,-0.023199306671046423
2025-12-08 10:30:00,0.002322005516555703
2025-12-08 11:30:00,-0.0003597827599794823
2025-12-08 12:30:00,-0.0037202846880658056
2025-12-08 13:30:00,-0.001463165686209772
2025-12-08 14:30:00,-0.00014706537760976745
2025-12-08 15:30:00,-0.00039712799264399743
2025-12-09 09:30:00,-0.001838249858452079
2025-12-09 10:30:00,-0.0013341910106092702
2025-12-09 11:30:00,-0.0007485383883443719
2025-12-09 12:30:00,-0.001231198707670872
2025-12-09 13:30:00,-0.0013126631999988369
2025-12-09 14:30:00,-0.0008634214845449573
2025-12-09 15:30:00,-0.004331631851564571
2025-12-10 09:30:00,0.004174489530648068
2025-12-10 10:30:00,0.000980879621601477
2025-12-10 11:30:00,-0.0006360121804381225
2025-12-10 12:30:00,0.0009190151800978652
2025-12-10 13:30:00,0.0011703948585342848
2025-12-10 14:30:00,0.0084341910075795
2025-12-10 15:30:00,-0.0013725449057774952
2025-12-11 09:30:00,0.004938706166083856
2025-12-11 10:30:00,0.0008825176905087496
2025-12-11 11:30:00,0.002264264739687538
2025-12-11 12:30:00,-0.0007720061758161256
2025-12-11 13:30:00,-0.0013645539764640224
2025-12-11 14:30:00,0.0
2025-12-11 15:30:00,0.0
2025-12-12 09:30:00,-0.03180990334818508
2025-12-12 10:30:00,-0.006832677395480558
2025-12-12 11:30:00,0.0013491079794817839
2025-12-12 12:30:00,0.0065103191056862355
2025-12-12 13:30:00,-0.007622835232289388
2025-12-12 14:30:00,-0.0020639782384647533
2025-12-12 15:30:00,0.0002838955486227035
2025-12-15 09:30:00,-0.004742536768582028
2025-12-15 10:30:00,0.008715878515268932
2025-12-15 11:30:00,-0.004559041520603407
2025-12-15 12:30:00,-0.003953210684006137
2025-12-15 13:30:00,0.0008764171063033122
2025-12-15 14:30:00,-0.0038688443083968404
2025-12-15 15:30:00,0.0
2025-12-16 09:30:00,-0.027768004215995002
2025-12-16 10:30:00,0.0032139681282574496
2025-12-16 11:30:00,-0.001212094244716444
2025-12-16 12:30:00,-0.0007094942654383817
2025-12-16 13:30:00,-0.0003125964917325308
2025-12-16 14:30:00,0.0018654176492238328
2025-12-16 15:30:00,-0.0017257606791426072
2025-12-17 09:30:00,0.008853182865679344
2025-12-17 10:30:00,-0.005508313767910727
2025-12-17 11:30:00,-0.0022970298286661473
2025-12-17 12:30:00,-0.003110601071908864
2025-12-17 13:30:00,0.000979850893162376
2025-12-17 14:30:00,0.003425430608114721
2025-12-17 15:30:00,0.0
2025-12-18 09:30:00,0.0
2025-12-18 10:30:00,0.0
2025-12-18 11:30:00,-0.010540259561347309
2025-12-18 12:30:00,0.006254335594178218
2025-12-18 13:30:00,-0.004528606914375339
2025-12-18 14:30:00,-0.0003253746691050163
2025-12-18 15:30:00,-0.00012618020778122353
2025-12-19 09:30:00,0.006777438230442706
2025-12-19 10:30:00,0.0010958425864419142
2025-12-19 11:30:00,0.000799030200245987
2025-12-19 12:30:00,0.0008005561942911632
2025-12-19 13:30:00,-0.0009289219879103638
2025-12-19 14:30:00,-0.0012938998177977113
2025-12-19 15:30:00,0.0014660523274558246
2025-12-22 09:30:00,0.007220575967724491
2025-12-22 10:30:00,0.0
2025-12-22 11:30:00,0.0
2025-12-22 12:30:00,0.0
2025-12-22 13:30:00,0.0
2025-12-22 14:30:00,0.0
2025-12-22 15:30:00,0.0
2025-12-23 09:30:00,-0.011994261066406747
2025-12-23 10:30:00,0.001000102036257461
2025-12-23 11:30:00,0.00032158155732108786
2025-12-23 12:30:00,0.0009628662679253552
2025-12-23 13:30:00,-0.00045918840486432465
2025-12-23 14:30:00,-0.0013161900535325233
2025-12-23 15:30:00,0.0004849658313393457
2025-12-24 09:30:00,0.0060284201032613505
2025-12-24 10:30:00,0.0021861860227006813
2025-12-24 11:30:00,0.0019298029859636245
2025-12-24 12:30:00,0.0
2025-12-26 09:30:00,-0.00040807859203676464
2025-12-26 10:30:00,-0.0016566936380222775
2025-12-26 11:30:00,0.0
2025-12-26 12:30:00,0.0
2025-12-26 13:30:00,0.0
2025-12-26 14:30:00,0.0
2025-12-26 15:30:00,0.0
2025-12-29 09:30:00,0.0
2025-12-29 10:30:00,0.0
2025-12-29 11:30:00,0.0
2025-12-29 12:30:00,0.0
2025-12-29 13:30:00,0.0
2025-12-29 14:30:00,0.0
2025-12-29 15:30:00,0.0
2025-12-30 09:30:00,0.0
2025-12-30 10:30:00,0.0
2025-12-30 11:30:00,0.0
2025-12-30 12:30:00,0.0
2025-12-30 13:30:00,0.0
2025-12-30 14:30:00,0.0
2025-12-30 15:30:00,0.0
2025-12-31 09:30:00,-0.010009862279550957
2025-12-31 10:30:00,-0.0017074609814095808
2025-12-31 11:30:00,-0.0013186156339412502
2025-12-31 12:30:00,-5.4315192013115746e-05
2025-12-31 13:30:00,0.0003182389785174822
2025-12-31 14:30:00,-0.003462582204563164
2025-12-31 15:30:00,-0.0015562337743695142
2026-01-02 09:30:00,-0.0048625136731204385
2026-01-02 10:30:00,0.006327642911120595
2026-01-02 11:30:00,0.0006439935236351058
2026-01-02 12:30:00,-0.0025568508543647285
2026-01-02 13:30:00,0.00548488656731827
2026-01-02 14:30:00,0.0002342818855717743
2026-01-02 15:30:00,-0.002363474570182772
2026-01-05 09:30:00,0.008452143127567719
2026-01-05 10:30:00,0.002085131322606104
2026-01-05 11:30:00,0.005101592753354095
2026-01-05 12:30:00,-0.002715956791803481
2026-01-05 13:30:00,0.002548525967362042
2026-01-05 14:30:00,-0.003638992410459602
2026-01-05 15:30:00,-0.001897237249845013
2026-01-06 09:30:00,0.003148665036603393
2026-01-06 10:30:00,-0.0007841258962865194
2026-01-06 11:30:00,0.00033784905403090316
2026-01-06 12:30:00,0.0022195535745295645
2026-01-06 13:30:00,0.0023172262068388294
2026-01-06 14:30:00,0.0
2026-01-06 15:30:00,0.0
2026-01-07 09:30:00,-0.03567415814798488
2026-01-07 10:30:00,-0.0030526723796031052
2026-01-07 11:30:00,0.0009031480973345385
2026-01-07 12:30:00,-0.00192293797707056
2026-01-07 13:30:00,-4.766161962099225e-05
2026-01-07 14:30:00,-0.004617079758028659
2026-01-07 15:30:00,-0.0013580502493995505
2026-01-08 09:30:00,0.0066255238020590575
2026-01-08 10:30:00,0.0015001707644041907
2026-01-08 11:30:00,0.002739638526504212
2026-01-08 12:30:00,0.0022269827741203283
2026-01-08 13:30:00,0.0006901298192190042
2026-01-08 14:30:00,-0.0008287688616802014
2026-01-08 15:30:00,0.0
2026-01-09 09:30:00,0.0
2026-01-09 10:30:00,0.0
2026-01-09 11:30:00,0.0
2026-01-09 12:30:00,0.0
2026-01-09 13:30:00,0.0
2026-01-09 14:30:00,0.0
2026-01-09 15:30:00,0.0
2026-01-12 09:30:00,0.0
2026-01-12 10:30:00,0.0
2026-01-12 11:30:00,0.0
2026-01-12 12:30:00,0.0
2026-01-12 13:30:00,0.0
2026-01-12 14:30:00,0.0
2026-01-12 15:30:00,0.0
2026-01-13 09:30:00,0.0
2026-01-13 10:30:00,-0.005513472288030491
2026-01-13 11:30:00,-0.0014539735227754036
2026-01-13 12:30:00,0.00026151652009042683
2026-01-13 13:30:00,-0.00029574173683079573
2026-01-13 14:30:00,-0.001725555085019026
2026-01-13 15:30:00,0.0012085240585050893
2026-01-14 09:30:00,-0.002137109551784261
2026-01-14 10:30:00,0.0005572845538689475
2026-01-14 11:30:00,-0.003570906272525776
2026-01-14 12:30:00,-0.0008024413521388107
2026-01-14 13:30:00,0.0005971590019143158
2026-01-14 14:30:00,0.002172715308444123
2026-01-14 15:30:00,0.0023730151369341645
2026-01-15 09:30:00,0.0
2026-01-15 10:30:00,0.0
2026-01-15 11:30:00,0.0
2026-01-15 12:30:00,0.0
2026-01-15 13:30:00,0.0
2026-01-15 14:30:00,0.0
2026-01-15 15:30:00,0.0
2026-01-16 09:30:00,0.0
2026-01-16 10:30:00,0.0
2026-01-16 11:30:00,0.0
2026-01-16 12:30:00,0.0
2026-01-16 13:30:00,0.0
2026-01-16 14:30:00,0.0
2026-01-16 15:30:00,0.0
2026-01-20 09:30:00,-0.031409265556962676
2026-01-20 10:30:00,-0.0034054711001082205
2026-01-20 11:30:00,0.001944358197124868
2026-01-20 12:30:00,-0.0033287166307172933
2026-01-20 13:30:00,-0.0035331219400506265
2026-01-20 14:30:00,-0.0011870330589374921
2026-01-20 15:30:00,0.0004766053392539882
2026-01-21 09:30:00,0.012857310077873736
2026-01-21 10:30:00,0.0016655539103209327
2026-01-21 11:30:00,-0.004252919381247694
2026-01-21 12:30:00,0.0007314310087800591
2026-01-21 13:30:00,0.008043526252105037
2026-01-21 14:30:00,-0.0005437521368259035
2026-01-21 15:30:00,0.0
2026-01-22 09:30:00,0.0
2026-01-22 10:30:00,0.0
2026-01-22 11:30:00,0.0
2026-01-22 12:30:00,0.0
2026-01-22 13:30:00,0.0
2026-01-22 14:30:00,0.0
2026-01-22 15:30:00,0.0
2026-01-23 09:30:00,-0.01937614995323359
2026-01-23 10:30:00,0.001372786203011922
2026-01-23 11:30:00,3.7867714384220984e-05
2026-01-23 12:30:00,-0.001923186400495791
2026-01-23 13:30:00,0.0026251859527561205
2026-01-23 14:30:00,0.00109023676453312
2026-01-23 15:30:00,0.0011334724119693995
2026-01-26 09:30:00,0.0015631147098719932
2026-01-26 10:30:00,0.00045009317040262673
2026-01-26 11:30:00,-0.0002691709806818099
2026-01-26 12:30:00,0.0008512480877993333
2026-01-26 13:30:00,0.00026426678318659526
2026-01-26 14:30:00,0.0004847758699748739
2026-01-26 15:30:00,0.0
2026-01-27 09:30:00,-0.06904661915668392
2026-01-27 10:30:00,0.007283889109246583
2026-01-27 11:30:00,-0.0035655373976820393
2026-01-27 12:30:00,-0.0011546497249075305
2026-01-27 13:30:00,0.0033967031987095385
2026-01-27 14:30:00,-0.001392623966035772
2026-01-27 15:30:00,0.00011087886854382333
2026-01-28 09:30:00,0.0005182684963207229
2026-01-28 10:30:00,0.0030238507063655717
2026-01-28 11:30:00,-0.0019030064712875715
2026-01-28 12:30:00,0.00020196546247488456
2026-01-28 13:30:00,-0.006018379667346668
2026-01-28 14:30:00,-0.00023436593460939847
2026-01-28 15:30:00,-0.0029175053124501525
2026-01-29 09:30:00,-0.0007916342055539483
2026-01-29 10:30:00,0.0005916455113321506
2026-01-29 11:30:00,0.0002258010038920233
2026-01-29 12:30:00,-0.0011760762790228863
2026-01-29 13:30:00,0.0018461136379409105
2026-01-29 14:30:00,-0.0026156891585849716
2026-01-29 15:30:00,0.00151451872111531
2026-01-30 09:30:00,-0.0027581140849835427
2026-01-30 10:30:00,0.00029022726905466033
2026-02-02 13:30:00,0.004286852108311229
2026-02-02 14:30:00,0.000828941710468234
2026-02-02 15:30:00,-0.0012117576225700033
2026-02-03 09:30:00,-0.083422312434778
2026-02-03 10:30:00,-0.016457229441167832
2026-02-03 11:30:00,-0.008759331852490703
2026-02-03 12:30:00,0.0038636597605144762
2026-02-03 13:30:00,-0.0012747457148248043
2026-02-03 14:30:00,0.0035441745486541275
2026-02-03 15:30:00,0.0021286779424291246
2026-02-04 09:30:00,-0.00127174491597426
2026-02-04 10:30:00,-0.00016013513865347772
2026-02-04 11:30:00,-0.008528118894446829
2026-02-04 12:30:00,0.0063756468641216705
2026-02-04 13:30:00,0.003950168231315726
2026-02-04 14:30:00,0.002433872303461182
2026-02-04 15:30:00,0.0
2026-02-05 09:30:00,-0.0622063817161435
2026-02-05 10:30:00,0.006679028885914895
2026-02-05 11:30:00,0.005639090053074819
2026-02-05 12:30:00,-0.004066146763291284
2026-02-05 13:30:00,0.002332607045590962
2026-02-05 14:30:00,-0.001735661297522595
2026-02-05 15:30:00,0.0007952411513725277
2026-02-06 09:30:00,0.008142947625292945
2026-02-06 10:30:00,0.0062889818290208675
2026-02-06 11:30:00,-5.619348741638386e-05
2026-02-06 12:30:00,0.0018993055933598125
2026-02-06 13:30:00,-1.756886505274724e-05
2026-02-06 14:30:00,-0.0007821047070578179
2026-02-06 15:30:00,0.0
2026-02-09 09:30:00,0.0
2026-02-09 10:30:00,0.0
2026-02-09 11:30:00,0.0
2026-02-09 12:30:00,0.0
2026-02-09 13:30:00,0.0
2026-02-09 14:30:00,0.0
2026-02-09 15:30:00,0.0
2026-02-10 09:30:00,0.0
2026-02-10 10:30:00,0.0
2026-02-10 11:30:00,0.0
2026-02-10 12:30:00,0.0
2026-02-10 13:30:00,0.0
2026-02-10 14:30:00,0.0
2026-02-10 15:30:00,0.0
2026-02-11 09:30:00,0.0
2026-02-11 10:30:00,0.0
2026-02-11 11:30:00,0.0
2026-02-11 12:30:00,0.0
2026-02-11 13:30:00,0.0
2026-02-11 14:30:00,0.0
2026-02-11 15:30:00,0.0
2026-02-12 09:30:00,-0.05840940517835833
2026-02-12 10:30:00,-0.01785920351877735
2026-02-12 11:30:00,-0.006471557433423908
2026-02-12 12:30:00,0.006287040467674504
2026-02-12 13:30:00,0.007429953942593393
2026-02-12 14:30:00,0.0067998764672292655
2026-02-12 15:30:00,-0.0037716677700080302
2026-02-13 09:30:00,0.013089449769137979
2026-02-13 10:30:00,0.005415535740238125
2026-02-13 11:30:00,0.005276407131428224
2026-02-13 12:30:00,-0.0008125083071282624
2026-02-13 13:30:00,-0.0013955786293701976
2026-02-13 14:30:00,-0.0037863169643587435
2026-02-13 15:30:00,0.0
2026-02-17 09:30:00,-0.04210931084323033
2026-02-17 10:30:00,0.0013887724455776795
2026-02-17 11:30:00,-0.0004574940161755914
2026-02-17 12:30:00,-0.0028974691079045657
2026-02-17 13:30:00,0.0029939869056035185
2026-02-17 14:30:00,0.00030355828202601744
2026-02-17 15:30:00,3.9621904566122804e-05
2026-02-18 09:30:00,0.0035430063581678496
2026-02-18 10:30:00,0.0013316324118920198
2026-02-18 11:30:00,0.0012126262832156288
2026-02-18 12:30:00,-0.0007189120029825246
2026-02-18 13:30:00,-0.0013289453090803982
2026-02-18 14:30:00,-0.0010585706546314521
2026-02-18 15:30:00,0.0
2026-02-19 09:30:00,-0.03319122246000493
2026-02-19 10:30:00,-0.0007621460646627775
2026-02-19 11:30:00,0.0007889357018911025
2026-02-19 12:30:00,-0.00253291149802653
2026-02-19 13:30:00,0.00041342357990018506
2026-02-19 14:30:00,-0.0006211838183973417
2026-02-19 15:30:00,0.002673164612994422
2026-02-20 09:30:00,0.007048364547889952
2026-02-20 10:30:00,-0.0061101609872520665
2026-02-20 11:30:00,-0.0031970040317931825
2026-02-20 12:30:00,0.001789740188955513
2026-02-20 13:30:00,0.0020901876090080873
2026-02-20 14:30:00,-0.000764734137307943
2026-02-20 15:30:00,0.0
2026-02-23 09:30:00,-0.060763345285937895
2026-02-23 10:30:00,-0.0036442455498586655
2026-02-23 11:30:00,-0.0041182980195315355
2026-02-23 12:30:00,0.006025709294257825
2026-02-23 13:30:00,-0.004730605510578067
2026-02-23 14:30:00,0.0031338107713874018
2026-02-23 15:30:00,0.0030881445807797725
2026-02-24 09:30:00,0.02118022764307386
2026-02-24 10:30:00,-0.009955979745072324
2026-02-24 11:30:00,0.003240878774963263
2026-02-24 12:30:00,0.00030809264583284146
2026-02-24 13:30:00,0.0002608376153059033
2026-02-24 14:30:00,-0.00349654733711941
2026-02-24 15:30:00,0.0
2026-02-25 09:30:00,-0.053993023412691875
2026-02-25 10:30:00,0.0037794231833524093
2026-02-25 11:30:00,0.0019762724378480866
2026-02-25 12:30:00,0.001595111115735709
2026-02-25 13:30:00,0.0016000214519295952
2026-02-25 14:30:00,0.0005728412807876615
2026-02-25 15:30:00,0.0005690209607324637
2026-02-26 09:30:00,0.003026202596442851
2026-02-26 10:30:00,0.002587387135737973
2026-02-26 11:30:00,-0.004766482410507861
2026-02-26 12:30:00,0.0034898364630862265
2026-02-26 13:30:00,0.001608424453538948
2026-02-26 14:30:00,0.003470266873583461
2026-02-26 15:30:00,0.0
2026-02-27 09:30:00,-0.027894289349706315
2026-02-27 10:30:00,0.003919451644521154
2026-02-27 11:30:00,-0.005580564229705676
2026-02-27 12:30:00,0.002841482089547548
2026-02-27 13:30:00,-0.0002197510823926274
2026-02-27 14:30:00,0.003547636209693494
2026-02-27 15:30:00,0.0011251293882243829
2026-03-02 09:30:00,-0.0016946788351282827
2026-03-02 10:30:00,-0.0005216648824784065
2026-03-02 11:30:00,0.005095780541242984
2026-03-02 12:30:00,0.0018041850737974929
2026-03-02 13:30:00,0.0015515778537182779
2026-03-02 14:30:00,-0.004209690245734204
2026-03-02 15:30:00,0.0
2026-03-03 09:30:00,-0.048715892666007087
2026-03-03 10:30:00,0.00959485512499959
2026-03-03 11:30:00,0.006460369959121998
2026-03-03 12:30:00,0.0008031284533329908
2026-03-03 13:30:00,0.0016639986211266888
2026-03-03 14:30:00,0.0015884007657376632
2026-03-03 15:30:00,-0.003949470884452977
2026-03-04 09:30:00,0.013643259125660978
2026-03-04 10:30:00,-0.0030621081993701784
2026-03-04 11:30:00,0.0023789642566938106
2026-03-04 12:30:00,0.0017644534240468634
2026-03-04 13:30:00,0.0022078534344133704
2026-03-04 14:30:00,0.002495161032199289
2026-03-04 15:30:00,0.0
2026-03-05 09:30:00,-0.0340587691794627
2026-03-05 10:30:00,-0.002233642865696955
2026-03-05 11:30:00,-0.0033103273543389987
2026-03-05 12:30:00,0.001251565755611389
2026-03-05 13:30:00,-0.00016857726465766554
2026-03-05 14:30:00,0.005590566100057576
2026-03-05 15:30:00,-0.0009403344920650092
2026-03-06 09:30:00,-0.010459722617806694
2026-03-06 10:30:00,0.0026860526918145054
2026-03-06 11:30:00,-0.003016683868314096
2026-03-06 12:30:00,0.00261544404082138
2026-03-06 13:30:00,0.0014800429423038775
2026-03-06 14:30:00,0.0005167136323628807
2026-03-06 15:30:00,0.0
2026-03-09 09:30:00,-0.039096322570076565
2026-03-09 10:30:00,0.012379445979885762
2026-03-09 11:30:00,0.0018214031463812453
2026-03-09 12:30:00,-0.003088102727942793
2026-03-09 13:30:00,0.002713839968877152
2026-03-09 14:30:00,0.011763021735269052
2026-03-09 15:30:00,0.0012495448090969808
2026-03-10 09:30:00,-0.004557676308343472
2026-03-10 10:30:00,0.005252178700560583
2026-03-10 11:30:00,-0.0012296830349146693
2026-03-10 12:30:00,0.006131531926959821
2026-03-10 13:30:00,-0.009284284653583214
2026-03-10 14:30:00,-0.0017221478014706082
2026-03-10 15:30:00,-0.005904263520263231
2026-03-11 09:30:00,-0.015175620828398817
2026-03-11 10:30:00,-0.002042106555277162
2026-03-11 11:30:00,-8.084516209935221e-05
2026-03-11 12:30:00,0.002758083435767872
2026-03-11 13:30:00,0.0002511471777951302
2026-03-11 14:30:00,0.0007229088816043505
2026-03-11 15:30:00,-0.0012997484245501957
2026-03-12 09:30:00,0.005209551241986759
2026-03-12 10:30:00,-0.0049634997837178
2026-03-12 11:30:00,-0.011859744292000656
2026-03-12 12:30:00,4.97558276282728e-05
2026-03-12 13:30:00,-0.004771635021619841
2026-03-12 14:30:00,-0.0051258122705008565
2026-03-12 15:30:00,-0.005289996221723564
2026-03-13 09:30:00,0.015507828583153555
2026-03-13 10:30:00,-0.0058177119183484335
2026-03-13 11:30:00,0.0007686227364012254
2026-03-13 12:30:00,0.002305189790873308
2026-03-13 13:30:00,-0.002485390640809421
2026-03-13 14:30:00,0.0002747040586414728
2026-03-13 15:30:00,0.000564050309165054
2026-03-16 09:30:00,0.00964951322227316
2026-03-16 10:30:00,-0.0027559327714484494
2026-03-16 11:30:00,-0.004713086626364932
2026-03-16 12:30:00,0.0017591928521505484
2026-03-16 13:30:00,0.0
2026-03-16 14:30:00,0.0
2026-03-16 15:30:00,0.0
2026-03-17 09:30:00,0.0
2026-03-17 10:30:00,0.0
2026-03-17 11:30:00,0.0
2026-03-17 12:30:00,0.0
2026-03-17 13:30:00,0.0
2026-03-17 14:30:00,0.0
2026-03-17 15:30:00,0.0
2026-03-18 09:30:00,-0.019878935926966636
2026-03-18 10:30:00,-0.0011855085968657864
2026-03-18 11:30:00,0.0019078475465531153
2026-03-18 12:30:00,-0.0041388005670953965
2026-03-18 13:30:00,-0.0007360064616318441
2026-03-18 14:30:00,-0.0023193521429091036
2026-03-18 15:30:00,-0.0027660881808512392
2026-03-19 09:30:00,0.0023352886802855246
2026-03-19 10:30:00,0.00020113374816500552
2026-03-19 11:30:00,-0.0014057780054936575
2026-03-19 12:30:00,-0.003021607076042221
2026-03-19 13:30:00,-0.002043372739599908
2026-03-19 14:30:00,0.0051703920939073335
2026-03-19 15:30:00,0.0
2026-03-20 09:30:00,-0.03529467963976841
2026-03-20 10:30:00,0.004100620704507551
2026-03-20 11:30:00,-0.004058138749256923
2026-03-20 12:30:00,0.001156498556573121
2026-03-20 13:30:00,-0.006632752174749734
2026-03-20 14:30:00,-0.005798117048157381
2026-03-20 15:30:00,-0.0003181341126032744
2026-03-23 09:30:00,0.016727239276009793
2026-03-23 10:30:00,0.0035433041169657675
2026-03-23 11:30:00,-0.0077307058011862936
2026-03-23 12:30:00,0.00411250556759864
2026-03-23 13:30:00,0.003582126958209608
2026-03-23 14:30:00,-0.003481253201550805
2026-03-23 15:30:00,0.0
2026-03-24 09:30:00,-0.039711017239678285
2026-03-24 10:30:00,-0.0006437015202194418
2026-03-24 11:30:00,-0.0009088518021888647
2026-03-24 12:30:00,-0.006483556826886672
2026-03-24 13:30:00,0.0019908185819119406
2026-03-24 14:30:00,0.0014888775628520202
2026-03-24 15:30:00,-0.0036690660071533043
2026-03-25 09:30:00,0.0026875413595001786
2026-03-25 10:30:00,-0.007363805552876629
2026-03-25 11:30:00,0.00215876668630417
2026-03-25 12:30:00,0.0022000243805546495
2026-03-25 13:30:00,-0.0029906965902432524
2026-03-25 14:30:00,0.0010099890855189975
2026-03-25 15:30:00,0.0
2026-03-26 09:30:00,0.0
2026-03-26 10:30:00,0.0
2026-03-26 11:30:00,0.0
2026-03-26 12:30:00,0.0
2026-03-26 13:30:00,0.0
2026-03-26 14:30:00,0.0
2026-03-26 15:30:00,0.0
2026-03-27 09:30:00,-0.038146258231167164
2026-03-27 10:30:00,0.004981038610477828
2026-03-27 11:30:00,-0.004013176905003163
2026-03-27 12:30:00,-0.005563457630861857
2026-03-27 13:30:00,0.00031954645816653084
2026-03-27 14:30:00,0.0014305240246608342
2026-03-27 15:30:00,-0.0021950571443277223
2026-03-30 09:30:00,0.007610860271320125
2026-03-30 10:30:00,0.002944711125345595
2026-03-30 11:30:00,0.0004934622328288618
2026-03-30 12:30:00,-0.008660931532182847
2026-03-30 13:30:00,-0.004474596602694253
2026-03-30 14:30:00,-0.0024331836078512804
2026-03-30 15:30:00,0.0
2026-03-31 09:30:00,0.0
2026-03-31 10:30:00,0.0
2026-03-31 11:30:00,0.0
2026-03-31 12:30:00,0.0
2026-03-31 13:30:00,0.0
2026-03-31 14:30:00,0.0
2026-03-31 15:30:00,0.0
2026-04-01 09:30:00,-0.03954985434563501
2026-04-01 10:30:00,-4.7794900175912594e-05
2026-04-01 11:30:00,0.0009313231933740062
2026-04-01 12:30:00,-0.0010285833786750297
2026-04-01 13:30:00,0.0008332259779969764
2026-04-01 14:30:00,0.0021793123427442996
2026-04-01 15:30:00,-0.0012041673935124398
2026-04-02 09:30:00,-0.000895899104538711
2026-04-02 10:30:00,0.0036621483880914683
2026-04-02 11:30:00,-0.002604827368835089
2026-04-02 12:30:00,0.0012980861522719988
2026-04-02 13:30:00,-0.0006880507536349944
2026-04-02 14:30:00,0.0002911051799636188
2026-04-02 15:30:00,0.0
2026-04-06 09:30:00,0.0
2026-04-06 10:30:00,0.0
2026-04-06 11:30:00,0.0
2026-04-06 12:30:00,0.0
2026-04-06 13:30:00,0.0
2026-04-06 14:30:00,0.0
2026-04-06 15:30:00,0.0
2026-04-07 09:30:00,0.0
2026-04-07 10:30:00,0.0
2026-04-07 11:30:00,0.0
2026-04-07 12:30:00,0.0
2026-04-07 13:30:00,0.0
2026-04-07 14:30:00,0.0
2026-04-07 15:30:00,0.0
2026-04-08 09:30:00,-0.052349236980314774
2026-04-08 10:30:00,0.005830578451008895
2026-04-08 11:30:00,0.0023889510080313038
2026-04-08 12:30:00,0.0016290475259956416
2026-04-08 13:30:00,0.001976111310975098
2026-04-08 14:30:00,0.009354412822414181
2026-04-08 15:30:00,0.001448011722873832
2026-04-09 09:30:00,0.004884547027682262
2026-04-09 10:30:00,-0.004585285696930214
2026-04-09 11:30:00,-0.012958834055377011
2026-04-09 12:30:00,-0.00351070048597682
2026-04-09 13:30:00,0.000834172419971696
2026-04-09 14:30:00,0.0020411452223765445
2026-04-09 15:30:00,0.0
2026-04-10 09:30:00,-0.039180991842570304
2026-04-10 10:30:00,-0.0057248002142692486
2026-04-10 11:30:00,0.0017733682115302573
2026-04-10 12:30:00,-0.0033892770581587075
2026-04-10 13:30:00,-0.0034574334788080143
2026-04-10 14:30:00,0.005664086503859767
2026-04-10 15:30:00,-0.0009340967640214526
2026-04-13 09:30:00,0.02227247682808408
2026-04-13 10:30:00,-0.002983968580255858
2026-04-13 11:30:00,0.009188934711767372
2026-04-13 12:30:00,0.0031563511980958357
2026-04-13 13:30:00,0.00030759417417802195
2026-04-13 14:30:00,-0.001632668280505023
2026-04-13 15:30:00,0.0
2026-04-14 09:30:00,0.0
2026-04-14 10:30:00,0.0
2026-04-14 11:30:00,0.0
2026-04-14 12:30:00,0.0
2026-04-14 13:30:00,0.0
2026-04-14 14:30:00,0.0
2026-04-14 15:30:00,0.0
2026-04-15 09:30:00,0.0
2026-04-15 10:30:00,0.0
2026-04-15 11:30:00,0.0
2026-04-15 12:30:00,0.0
2026-04-15 13:30:00,0.0
2026-04-15 14:30:00,0.0
2026-04-15 15:30:00,0.0
2026-04-16 09:30:00,0.0
2026-04-16 10:30:00,0.0
2026-04-16 11:30:00,0.0
2026-04-16 12:30:00,0.0
2026-04-16 13:30:00,0.0
2026-04-16 14:30:00,0.0
2026-04-16 15:30:00,0.0
2026-04-17 09:30:00,-0.06208162467553796
2026-04-17 10:30:00,0.004726395764263214
2026-04-17 11:30:00,0.0027018951886032426
2026-04-17 12:30:00,0.008310278218124972
2026-04-17 13:30:00,0.0012565333936415402
2026-04-17 14:30:00,0.0005892024146482322
2026-04-17 15:30:00,-0.0011072875962640227
2026-04-20 09:30:00,0.009230174220138521
2026-04-20 10:30:00,-0.0011954042113535902
2026-04-20 11:30:00,5.378708269047627e-05
2026-04-20 12:30:00,0.0025781274665704346
2026-04-20 13:30:00,-0.0004985573130759702
2026-04-20 14:30:00,-0.004613185017545823
2026-04-20 15:30:00,0.0
2026-04-21 09:30:00,-0.02527243864656086
2026-04-21 10:30:00,-0.010337016570281809
2026-04-21 11:30:00,0.0031639333044725104
2026-04-21 12:30:00,-0.002606532650901261
2026-04-21 13:30:00,-0.0020259506382427294
2026-04-21 14:30:00,0.004798449757101498
2026-04-21 15:30:00,-0.0033849268760220153
2026-04-22 09:30:00,-0.008205793483556073
2026-04-22 10:30:00,-0.003550723756737234
2026-04-22 11:30:00,-0.004495557575646203
2026-04-22 12:30:00,-0.0016186915697433968
2026-04-22 13:30:00,-0.0007076385453057832
2026-04-22 14:30:00,7.509836940977621e-07
2026-04-22 15:30:00,0.0
2026-04-23 09:30:00,-0.06729390232365488
2026-04-23 10:30:00,-0.00223421683109013
2026-04-23 11:30:00,-0.003554661860835945
2026-04-23 12:30:00,-0.009427630066470488
2026-04-23 13:30:00,0.008025405809039965
2026-04-23 14:30:00,0.0032869294436256745
2026-04-23 15:30:00,-0.0008435292728336818
2026-04-24 09:30:00,0.0069602126290641666
2026-04-24 10:30:00,-0.002836239884399294
2026-04-24 11:30:00,0.004001110026938209
2026-04-24 12:30:00,1.809301249466877e-05
2026-04-24 13:30:00,0.0021731402785355623
2026-04-24 14:30:00,-0.0018938879295534727
2026-04-24 15:30:00,-0.003929901829518389
2026-04-27 09:30:00,0.006972707891214286
2026-04-27 10:30:00,0.0022235546315148625
2026-04-27 11:30:00,-0.0021842393604521336
2026-04-27 12:30:00,-0.0014730953677088653
2026-04-27 13:30:00,0.0005133705113133658
2026-04-27 14:30:00,0.00038186376169636606
2026-04-27 15:30:00,-0.0007142678451744933
2026-04-28 09:30:00,-0.002973730374532646
2026-04-28 10:30:00,0.0031143714770061003
2026-04-28 11:30:00,-0.00034669918529551256
2026-04-28 12:30:00,-0.0026402660783358565
2026-04-28 13:30:00,-0.003007428697731107
2026-04-28 14:30:00,-0.006855627549123433
2026-04-28 15:30:00,0.005092483593645341
2026-04-29 09:30:00,-0.009398957606112885
2026-04-29 10:30:00,-0.0011857394490947305
2026-04-29 11:30:00,0.0017556844244050352
2026-04-29 12:30:00,-0.0012964136814475557
2026-04-29 13:30:00,-0.0026300741324234212
2026-04-29 14:30:00,-0.0008583845425766234
2026-04-29 15:30:00,0.0026661468202051064
2026-04-30 09:30:00,0.012097930182689232
2026-04-30 10:30:00,-0.0007433944104302037
2026-04-30 11:30:00,0.00031884279767435133
2026-04-30 12:30:00,-0.002268569007055654
2026-04-30 13:30:00,0.0
2026-04-30 14:30:00,0.0
2026-04-30 15:30:00,0.0
2026-05-01 09:30:00,0.0
2026-05-01 10:30:00,0.0
2026-05-01 11:30:00,0.0
2026-05-01 12:30:00,0.0
2026-05-01 13:30:00,0.0
2026-05-01 14:30:00,0.0
2026-05-01 15:30:00,0.0
2026-05-04 09:30:00,-0.02884903824906443
2026-05-04 10:30:00,-0.00767841311842099
2026-05-04 11:30:00,-0.002628678924700134
2026-05-04 12:30:00,0.000944366294345983
2026-05-04 13:30:00,-0.0015162848387649918
2026-05-04 14:30:00,-0.0027206485739140972
2026-05-04 15:30:00,0.0026731040491488334
2026-05-05 09:30:00,0.015762870766888204
2026-05-05 10:30:00,0.0008190413070290725
2026-05-05 11:30:00,0.0005123142594195773
2026-05-05 12:30:00,-0.0010205967344910083
2026-05-05 13:30:00,0.0022930340802901463
2026-05-05 14:30:00,0.002714851216913444
2026-05-05 15:30:00,0.0
2026-05-06 09:30:00,-0.05341026192466234
2026-05-06 10:30:00,0.000977940618222878
2026-05-06 11:30:00,-0.006354764790839668
2026-05-06 12:30:00,-0.0005745224039946373
2026-05-06 13:30:00,0.00041687011218150547
2026-05-06 14:30:00,-0.002969783845423657
2026-05-06 15:30:00,0.0049162193677025345
2026-05-07 09:30:00,-0.020350092382164998
2026-05-07 10:30:00,0.0025634854607339717
2026-05-07 11:30:00,0.00032574518901511417
2026-05-07 12:30:00,0.002196890434511145
2026-05-07 13:30:00,-0.0008337419386545364
2026-05-07 14:30:00,0.0017678424195463837
2026-05-07 15:30:00,0.0
2026-05-08 09:30:00,-0.039302546029455245
2026-05-08 10:30:00,0.0002537085331850153
2026-05-08 11:30:00,-0.0051121095989872575
2026-05-08 12:30:00,-0.0004714812495627163
2026-05-08 13:30:00,0.0020143542708237873
2026-05-08 14:30:00,-0.00305477196123925
2026-05-08 15:30:00,0.0014183599330463703
2026-05-11 09:30:00,-0.005288777077461393
2026-05-11 10:30:00,-0.011014251616443954
2026-05-11 11:30:00,-0.00043195561637091593
2026-05-11 12:30:00,-0.0008621876314489574
2026-05-11 13:30:00,-0.00011292019117171149
2026-05-11 14:30:00,-0.0013644442551317471
2026-05-11 15:30:00,0.0
2026-05-12 09:30:00,-0.015035259460649892
2026-05-12 10:30:00,0.0005495278804875548
2026-05-12 11:30:00,0.0024832941403686803
2026-05-12 12:30:00,0.0024628258692820926
2026-05-12 13:30:00,0.003042328604276273
2026-05-12 14:30:00,-0.00031405593729341155
2026-05-12 15:30:00,-0.0001441692510400494
2026-05-13 09:30:00,-0.008838576313675734
2026-05-13 10:30:00,-0.0020512529715583537
2026-05-13 11:30:00,0.0009912236950256393
2026-05-13 12:30:00,-0.0005154305929459368
2026-05-13 13:30:00,-0.0009740061467293614
2026-05-13 14:30:00,0.0011211987723228289
2026-05-13 15:30:00,0.0
2026-05-14 09:30:00,0.0
2026-05-14 10:30:00,0.0
2026-05-14 11:30:00,0.0
2026-05-14 12:30:00,0.0
2026-05-14 13:30:00,0.0
2026-05-14 14:30:00,0.0
2026-05-14 15:30:00,0.0
2026-05-15 09:30:00,-0.02545025936006303
2026-05-15 10:30:00,-0.0030624997561837564
2026-05-15 11:30:00,-3.385351035200546e-05
2026-05-15 12:30:00,-0.00038548992780698677
2026-05-15 13:30:00,9.920337232441901e-05
2026-05-15 14:30:00,0.0004165651359107125
2026-05-15 15:30:00,-0.002446279099250548
2026-05-18 09:30:00,0.009983758624741889
2026-05-18 10:30:00,-0.003737275873812157
2026-05-18 11:30:00,-0.0010898618468512754
2026-05-18 12:30:00,0.0030308725915276003
2026-05-18 13:30:00,-0.0043541202325980575
2026-05-18 14:30:00,0.00288846023083108
2026-05-18 15:30:00,0.0
2026-05-19 09:30:00,-0.032918281642635404
2026-05-19 10:30:00,0.00300182306550833
2026-05-19 11:30:00,0.006012394422590545
2026-05-19 12:30:00,0.006148557142569988
2026-05-19 13:30:00,-0.004615008103145352
2026-05-19 14:30:00,-0.0030587774734410988
2026-05-19 15:30:00,-0.0013083872032484457
2026-05-20 09:30:00,0.00962904246304867
2026-05-20 10:30:00,0.0005603463118011131
2026-05-20 11:30:00,-0.004247764193808884
2026-05-20 12:30:00,0.0030692089912925215
2026-05-20 13:30:00,-0.004700900785844869
2026-05-20 14:30:00,0.0008577528682845836
2026-05-20 15:30:00,0.0
2026-05-21 09:30:00,0.0
2026-05-21 10:30:00,0.0
2026-05-21 11:30:00,0.0
2026-05-21 12:30:00,0.0
2026-05-21 13:30:00,0.0
2026-05-21 14:30:00,0.0
2026-05-21 15:30:00,0.0
2026-05-22 09:30:00,0.0
2026-05-22 10:30:00,0.0
2026-05-22 11:30:00,0.0
2026-05-22 12:30:00,0.0
2026-05-22 13:30:00,0.0
2026-05-22 14:30:00,0.0
2026-05-22 15:30:00,0.0
2026-05-26 09:30:00,0.0
2026-05-26 10:30:00,0.0
2026-05-26 11:30:00,0.0
2026-05-26 12:30:00,0.0
2026-05-26 13:30:00,0.0
2026-05-26 14:30:00,0.0
2026-05-26 15:30:00,0.0
2026-05-27 09:30:00,-0.0513623309260318
2026-05-27 10:30:00,0.0038099215168517385
2026-05-27 11:30:00,-4.4444021080519705e-05
2026-05-27 12:30:00,-0.0007738961308915327
2026-05-27 13:30:00,-0.0026381492591846744
2026-05-27 14:30:00,-0.0002249775186576819
2026-05-27 15:30:00,-0.0016800731193762463
2026-05-28 09:30:00,-0.005447050444128526
2026-05-28 10:30:00,0.004614656797195571
2026-05-28 11:30:00,0.0014527202295579577
2026-05-28 12:30:00,0.00028212547894289065
2026-05-28 13:30:00,-0.00023004007072205957
2026-05-28 14:30:00,-0.0005843471838117454
2026-05-28 15:30:00,0.0
2026-05-29 09:30:00,-0.020915306857458866
2026-05-29 10:30:00,0.0010807686924182269
2026-05-29 11:30:00,0.0007229428640662117
2026-05-29 12:30:00,-0.00018552408627426354
2026-05-29 13:30:00,0.00018603691601181137
2026-05-29 14:30:00,-0.0012154310122633905
2026-05-29 15:30:00,-0.002743584135871924
2026-06-01 09:30:00,-0.00351824929036077
2026-06-01 10:30:00,-0.0007027465119748777
2026-06-01 11:30:00,8.601379947024146e-05
2026-06-01 12:30:00,0.0016312955983912025
2026-06-01 13:30:00,6.21395202219377e-06
2026-06-01 14:30:00,-0.0017093249011805977
2026-06-01 15:30:00,-0.004145772156131683
2026-06-02 09:30:00,-0.004352093249508965
2026-06-02 10:30:00,0.0014787055798440474
2026-06-02 11:30:00,0.001098304605639333
2026-06-02 12:30:00,0.000441583566624637
2026-06-02 13:30:00,0.002370821503145509
2026-06-02 14:30:00,-0.0014293238764791494
2026-06-02 15:30:00,0.002637254818626916
2026-06-03 09:30:00,0.00837389822016743
2026-06-03 10:30:00,0.0010389828456159155
2026-06-03 11:30:00,0.0023696620653218814
2026-06-03 12:30:00,-0.0005501344725626966
2026-06-03 13:30:00,0.00026000350327187174
2026-06-03 14:30:00,-0.0070152093044873074
2026-06-03 15:30:00,0.0017165820574747248
2026-06-04 09:30:00,0.016621357826388954
2026-06-04 10:30:00,0.0002553185472368047
2026-06-04 11:30:00,-0.001809397427008641
2026-06-04 12:30:00,-0.0019513719609393076
2026-06-04 13:30:00,-0.0026104815481327037
2026-06-04 14:30:00,0.0031670445592744735
2026-06-04 15:30:00,0.0016330772631252878
2026-06-05 09:30:00,-0.0006349321254957129
2026-06-05 10:30:00,-0.001179329154989145
2026-06-05 11:30:00,-0.0051852856793926875
2026-06-05 12:30:00,0.000996639034341751
2026-06-05 13:30:00,-0.009694734359860558
2026-06-05 14:30:00,0.0004667032355220757
2026-06-05 15:30:00,-0.0029437181610962758
2026-06-08 09:30:00,0.017098384030864056
2026-06-08 10:30:00,0.00819285395648866
2026-06-08 11:30:00,6.421457370626161e-05
2026-06-08 12:30:00,-0.0011972613934244868
2026-06-08 13:30:00,0.004359842778709144
2026-06-08 14:30:00,-0.006368874915036032
2026-06-08 15:30:00,0.00210075286814444
2026-06-09 09:30:00,0.010328716816578149
2026-06-09 10:30:00,-0.028023883310024488
2026-06-09 11:30:00,-0.01827018069069882
2026-06-09 12:30:00,0.0
2026-06-09 13:30:00,0.0
2026-06-09 14:30:00,0.0
2026-06-09 15:30:00,0.0
2026-06-10 09:30:00,0.0
2026-06-10 10:30:00,-0.021280938769350766
2026-06-10 11:30:00,6.3010907270011355e-06
2026-06-10 12:30:00,-0.002785947353402951
2026-06-10 13:30:00,-0.00032031663092952354
2026-06-10 14:30:00,-0.009644438092477375
2026-06-10 15:30:00,0.00048523053987924446
2026-06-11 09:30:00,0.01854370971202226
2026-06-11 10:30:00,0.0009261437132028816
2026-06-11 11:30:00,0.0008072583199240036
2026-06-11 12:30:00,0.009191443491579021
2026-06-11 13:30:00,0.006951643639585364
2026-06-11 14:30:00,0.006688258399049918
2026-06-11 15:30:00,0.0045830912333362
2026-06-12 09:30:00,0.0
2026-06-12 10:30:00,0.0
2026-06-12 11:30:00,0.0
2026-06-12 12:30:00,0.0
2026-06-12 13:30:00,0.0
2026-06-12 14:30:00,0.0
2026-06-12 15:30:00,0.0
