,Daily_Return
1997-07-23,0.011679599558227099
1997-07-24,-0.001650246533747473
1997-07-25,-0.0030819506589604977
1997-07-28,0.007603395714109407
1997-07-29,-0.0010658245455254828
1997-07-30,0.003776269104073161
1997-07-31,0.0013719979871261827
1997-08-01,0.005895670842425302
1997-08-04,-0.002348171905105237
1997-08-05,0.004436468364645149
1997-08-06,-0.002739383456651002
1997-08-07,0.003291121960981999
1997-08-08,-0.0005659359388345101
1997-08-11,-0.000314363947656198
1997-08-12,0.006250687775546504
1997-08-13,0.014426050520508719
1997-08-14,-0.003017673803639845
1997-08-15,-0.0020565815519989774
1997-08-18,0.0066004156016247
1997-08-19,-0.0021380612697353813
1997-08-20,0.004697715608880248
1997-08-21,-0.0011357424825617969
1997-08-22,-0.0011678704428609902
1997-08-25,0.0030745843786597034
1997-08-26,0.001398707627849884
1997-08-27,0.0045450830603008295
1997-08-28,-0.002610172453406701
1997-08-29,-0.0034846074992929644
1997-09-02,0.001621030472074405
1997-09-03,0.003968768236846138
1997-09-04,0.0035386233140356645
1997-09-05,0.003830237123523982
1997-09-08,0.003399826794375331
1997-09-09,0.006875605812196995
1997-09-10,-0.001169003665243243
1997-09-11,0.01161137127862329
1997-09-12,0.0017627254266276023
1997-09-15,0.005264697582872088
1997-09-16,0.0062644553126903245
1997-09-17,-0.005720391204963866
1997-09-18,0.0008685185895946531
1997-09-19,-0.0007256876122633552
1997-09-22,0.005702158363853849
1997-09-23,0.005688919917446917
1997-09-24,0.0033174098131322017
1997-09-25,0.0014935341898019436
1997-09-26,0.004201587546815919
1997-09-29,-0.002954244431635254
1997-09-30,0.004570976666921812
1997-10-01,0.0037092640315296486
1997-10-02,-0.0028133300625349943
1997-10-03,-0.0011753569381752296
1997-10-06,0.004192680385236474
1997-10-07,-0.0020654420649492103
1997-10-08,0.005534643011974933
1997-10-09,0.0034134631650277365
1997-10-10,-0.0026108714527168504
1997-10-13,0.0030122223438873224
1997-10-14,0.002382243899065381
1997-10-15,0.001126968109779864
1997-10-16,0.008813314073514078
1997-10-17,-0.002466956680997259
1997-10-20,0.0005662098183913474
1997-10-21,0.0009501805560451008
1997-10-22,0.013094359861900518
1997-10-23,-0.0006288071674697081
1997-10-24,0.0022074374013598794
1997-10-27,0.00040239317098834113
1997-10-28,0.013742309344017281
1997-10-29,0.005715655919463256
1997-10-30,0.001409726142268679
1997-10-31,7.776348996644855e-05
1997-11-03,-0.00015067286556952737
1997-11-04,-0.002901376972224788
1997-11-05,0.005941893283547183
1997-11-06,0.010981964680815982
1997-11-07,0.002030282172484045
1997-11-10,0.008497331075580645
1997-11-11,0.00012720277956790945
1997-11-12,0.004026746824630683
1997-11-13,-0.0020896146310421656
1997-11-14,0.007184054569966872
1997-11-17,-0.0029506226941113122
1997-11-18,0.004946092264345802
1997-11-19,0.004050848017118473
1997-11-20,-0.006428496234253974
1997-11-21,-0.0006366361546320336
1997-11-24,-0.001192411976247827
1997-11-25,-0.0037916404450606964
1997-11-26,0.010288450919905014
1997-11-28,-0.0021217697740661097
1997-12-01,0.004132874738103006
1997-12-02,0.0013310342283781407
1997-12-03,0.0014338747131308269
1997-12-04,0.016800283204382965
1997-12-05,0.0008642461976141042
1997-12-08,0.0056778208826716555
1997-12-09,0.002457938424190955
1997-12-10,0.004027791362403553
1997-12-11,0.007100113757680579
1997-12-12,0.0026354732416907175
1997-12-15,-0.0018503003263648696
1997-12-16,0.004417094725540018
1997-12-17,-0.006605836334008995
1997-12-18,-0.0023857649636109526
1997-12-19,0.006317337209710028
1997-12-22,0.01060865074299622
1997-12-23,0.002919830945917911
1997-12-24,0.002222590116132201
1997-12-26,-0.00040401903880148024
1997-12-29,0.0013257210492072487
1997-12-30,0.0055826944707718755
1997-12-31,0.0024564951511833145
1998-01-02,-0.007322908349441127
1998-01-05,-0.0005764896964097791
1998-01-06,0.008148027593883136
1998-01-07,0.008519923826366658
1998-01-08,0.0031244391848047406
1998-01-09,0.0010230656709038373
1998-01-12,0.009638488768252535
1998-01-13,-0.006662276352119069
1998-01-14,0.014032623001455228
1998-01-15,-0.00029239685849210596
1998-01-16,0.001207106437428857
1998-01-20,-0.003954419750662231
1998-01-21,0.0005649026047475943
1998-01-22,0.010086825873470593
1998-01-23,-0.0027268029332973348
1998-01-26,0.0008025948597286865
1998-01-27,0.0007661528831462156
1998-01-28,-0.0018703944782359886
1998-01-29,0.001472723353367897
1998-01-30,0.0004959645902176764
1998-02-02,0.0037339647338041513
1998-02-03,0.00025266786432914757
1998-02-04,-0.0012168464353004829
1998-02-05,0.005419196671957767
1998-02-06,-0.0029370828700055036
1998-02-09,0.003669515497058795
1998-02-10,-0.00013644542799884214
1998-02-11,0.005542578136169822
1998-02-12,1.609779355749621e-05
1998-02-13,-0.0007284603064670118
1998-02-17,0.005410869797563842
1998-02-18,-0.0038590923084711264
1998-02-19,0.0032259738633635153
1998-02-20,0.00277867899164059
1998-02-23,-9.749339103531953e-05
1998-02-24,0.004896225510780072
1998-02-25,-0.00044598539926652683
1998-02-26,0.002135439872580071
1998-02-27,0.0067535138214794375
1998-03-02,-0.002979714192976933
1998-03-03,0.00032011076269709225
1998-03-04,0.010041886379506326
1998-03-05,0.0017673360662549585
1998-03-06,0.006823187387708535
1998-03-09,0.01658100386101797
1998-03-10,-0.00835223126139956
1998-03-11,-0.001551446599904909
1998-03-12,-0.00013256236115068352
1998-03-13,0.002177298492689196
1998-03-16,-0.0036055497739418685
1998-03-17,0.006577901602204684
1998-03-18,0.004446687247631634
1998-03-19,-0.006787731462903788
1998-03-20,0.009542710568460008
1998-03-23,-0.0011528225792549291
1998-03-24,0.0010234580277454805
1998-03-25,-0.002301369974500099
1998-03-26,0.00155535184144395
1998-03-27,0.0020374603577833356
1998-03-30,-0.0030019868279419076
1998-03-31,0.0042673706711317885
1998-04-01,-0.0037910623093595913
1998-04-02,0.0018798996854167498
1998-04-03,0.005988325998067803
1998-04-06,0.0022321732306620993
1998-04-07,0.002415916089785661
1998-04-08,-0.00032243362212770526
1998-04-09,0.01031164632217621
1998-04-13,-0.007508347931476071
1998-04-14,0.005091421149666436
1998-04-15,-0.002131020540807194
1998-04-16,0.006695134069843844
1998-04-17,0.0019262759896989776
1998-04-20,-0.011079967042853165
1998-04-21,0.002404307913546992
1998-04-22,-0.00431834794241704
1998-04-23,0.001768088358613717
1998-04-24,-0.00825231189254952
1998-04-27,0.0003870825084315953
1998-04-28,0.010270488160598862
1998-04-29,0.004513623479916055
1998-04-30,-0.0006216043843467237
1998-05-01,0.001503910401831165
1998-05-04,-0.0009734084044622132
1998-05-05,-0.005152677268372046
1998-05-06,0.0035382434870957066
1998-05-07,0.0010282976749724049
1998-05-08,-0.001542483832519717
1998-05-11,0.0033933774266310403
1998-05-12,0.0029446408311761966
1998-05-13,0.008607674911512823
1998-05-14,0.009423467084608533
1998-05-15,0.003983062065535711
1998-05-18,-0.0027435750407580734
1998-05-19,0.0029596432895737357
1998-05-20,0.0007640392482920675
1998-05-21,0.004790831625154854
1998-05-22,0.00014316013092957993
1998-05-26,-0.004588306691981974
1998-05-27,0.007370860420055638
1998-05-28,-0.0009292050660266399
1998-05-29,0.013249986901092076
1998-06-01,0.004833950207149089
1998-06-02,0.002484718753410961
1998-06-03,0.0036078576773670096
1998-06-04,0.005188099167816264
1998-06-05,-0.0005029471940774569
1998-06-08,0.00703830668289788
1998-06-09,0.004589396604672233
1998-06-10,0.016147004936585118
1998-06-11,0.011377475674067928
1998-06-12,0.006184798383354619
1998-06-15,-0.0012513988085484122
1998-06-16,-0.0008154687770787364
1998-06-17,0.013220632967866363
1998-06-18,-0.003192229325249885
1998-06-19,0.004846923691617332
1998-06-22,0.0020806282347880928
1998-06-23,0.0047123365020776764
1998-06-24,0.0006851811196992867
1998-06-25,0.00334500525566679
1998-06-26,0.00881011674082767
1998-06-29,0.005895839735576744
1998-06-30,0.00750121452910865
1998-07-01,0.013460751276147834
1998-07-02,0.00920872628029876
1998-07-06,0.002135503629208577
1998-07-07,0.0001569747963475859
1998-07-08,0.0015795583733718764
1998-07-09,-0.00030976402168445363
1998-07-10,0.004869870015344124
1998-07-13,0.005536538717163275
1998-07-14,0.007840102716410892
1998-07-15,0.0008943030994010278
1998-07-16,0.005635202200707796
1998-07-17,0.005986596808348593
1998-07-20,0.0010790529229060446
1998-07-21,0.013127107128221321
1998-07-22,0.0021756801377553108
1998-07-23,-0.0022593390759008906
1998-07-24,-0.00039146455906119025
1998-07-27,-0.0017133567261263744
1998-07-28,-0.007935114093161697
1998-07-29,-0.004510541145441851
1998-07-30,0.011931104646525055
1998-07-31,0.0021964355276603265
1998-08-03,0.005049170190557042
1998-08-04,0.001144324069572595
1998-08-05,0.0011357747583009264
1998-08-06,-0.003711669216334716
1998-08-07,-0.0054913330386639845
1998-08-10,0.012164608463772823
1998-08-11,0.010567352142631542
1998-08-12,0.005401592003544795
1998-08-13,0.0008013313413672772
1998-08-14,0.0014730813652521018
1998-08-17,0.009589933542869956
1998-08-18,0.005612655575991516
1998-08-19,0.0007937919002867195
1998-08-20,0.012894950031943811
1998-08-21,0.0030675572508099755
1998-08-24,-0.0010977488274515616
1998-08-25,-0.0014067588216490263
1998-08-26,2.938195666533233e-05
1998-08-27,0.008441834185988595
1998-08-28,0.00046757619642871795
1998-08-31,0.004863806657912001
1998-09-01,0.001015646829040106
1998-09-02,0.0039612222250132965
1998-09-03,0.014677682119218452
1998-09-04,0.002549846424806425
1998-09-08,-0.002991297830526303
1998-09-09,0.016070789173086172
1998-09-10,0.02214550875960675
1998-09-11,-0.0027552737491065155
1998-09-14,0.007502872204760341
1998-09-15,-0.002864143579107668
1998-09-16,0.004864188107246352
1998-09-17,0.009710188247343467
1998-09-18,0.006466619841246218
1998-09-21,0.0059657808483994015
1998-09-22,-0.01871199182392441
1998-09-23,0.009650499547562787
1998-09-24,0.007281821211801651
1998-09-25,0.005686864558387718
1998-09-28,0.0032904446845940932
1998-09-29,-0.003168462655444227
1998-09-30,0.011752420980285066
1998-10-01,0.005862792769654001
1998-10-02,5.589794134251019e-05
1998-10-05,0.007706295808280384
1998-10-06,0.006639336015465622
1998-10-07,0.0016552997154452745
1998-10-08,0.0046632043835586785
1998-10-09,0.0026503497733718602
1998-10-12,-0.010677828980705335
1998-10-13,0.027665217560373965
1998-10-14,-0.0019976093331354927
1998-10-15,0.0010947457287606107
1998-10-16,0.002781734735851608
1998-10-19,-0.013207137146194767
1998-10-20,0.0030153805229184245
1998-10-21,-0.011368227645493684
1998-10-22,0.004881559528182266
1998-10-23,0.0011419788653538646
1998-10-26,0.006523368671471785
1998-10-27,0.015039771449204422
1998-10-28,-0.002356947074688514
1998-10-29,-0.008465150365644328
1998-10-30,0.0015073731776334416
1998-11-02,-0.0067297337290042085
1998-11-03,0.01586387147574847
1998-11-04,-0.00375152979846092
1998-11-05,-0.0011468480005287088
1998-11-06,0.005901089146615932
1998-11-09,0.013352369851354347
1998-11-10,0.017108285592783108
1998-11-11,-0.0044432446128959205
1998-11-12,0.0027667982520523686
1998-11-13,0.0017878873407901723
1998-11-16,0.003815422439232982
1998-11-17,0.013618005993859641
1998-11-18,0.014061560988248562
1998-11-19,-0.004017444422264769
1998-11-20,0.004644000157904846
1998-11-23,0.024666500690235918
1998-11-24,0.0016775745048027142
1998-11-25,-0.0005469713225738797
1998-11-27,0.003555987517141885
1998-11-30,-0.010052026474878554
1998-12-01,0.013806299445475179
1998-12-02,-0.003104594066687454
1998-12-03,-6.226283266621408e-05
1998-12-04,0.002889061510470389
1998-12-07,0.004529909172142192
1998-12-08,0.011876380790253872
1998-12-09,0.007145095889772139
1998-12-10,0.008022930953388309
1998-12-11,0.0030795567127759036
1998-12-14,-0.001338155210557741
1998-12-15,0.013568521237644926
1998-12-16,0.026176282147845863
1998-12-17,0.0008056119604878385
1998-12-18,0.0062739691089453336
1998-12-21,0.02953630596512853
1998-12-22,0.0017864116406261015
1998-12-23,-0.003830152447885283
1998-12-24,0.0015738981561116833
1998-12-28,0.011698281484143494
1998-12-29,-0.018330406993863825
1998-12-30,-0.004499524543425391
1998-12-31,-0.003058439240542373
1999-01-04,0.008125879295932063
1999-01-05,-0.01011517193446326
1999-01-06,0.024830026439253063
1999-01-07,0.008870985272085819
1999-01-08,0.005813083548604145
1999-01-11,0.008157344761709855
1999-01-12,-0.013843840670549251
1999-01-13,-0.010770677422144048
1999-01-14,-0.006015839260239744
1999-01-15,0.004496763544498884
1999-01-19,0.00327040341862294
1999-01-20,-0.0059853584111732505
1999-01-21,-0.00605141572175324
1999-01-22,0.0008210407579926944
1999-01-25,0.012120051624613454
1999-01-26,0.00871257969412228
1999-01-27,0.030699195983349067
1999-01-28,-0.0028124427071503783
1999-01-29,-0.011227667418605652
1999-02-01,-0.005246175577593654
1999-02-02,-0.011644117738649802
1999-02-03,0.006559779755268102
1999-02-04,-0.017510320949842895
1999-02-05,-0.0019414043482883043
1999-02-08,0.007627185261226145
1999-02-09,-0.006637881416562566
1999-02-10,0.009528749077883692
1999-02-11,0.016376536904218662
1999-02-12,-0.004223828136958113
1999-02-16,0.0013534793943624488
1999-02-17,-0.005635946085927375
1999-02-18,0.02644505323054843
1999-02-19,0.011963870321248075
1999-02-22,0.009105743475681482
1999-02-23,0.007778866277082434
1999-02-24,-0.00357121786361734
1999-02-25,0.0012189263227720183
1999-02-26,0.007811825818703027
1999-03-01,-0.0017792586540727154
1999-03-02,0.006923735826529065
1999-03-03,0.01254633865699201
1999-03-04,0.005042443221427809
1999-03-05,0.009520750084050816
1999-03-08,0.015644408830379965
1999-03-09,0.0029465975836470565
1999-03-10,-0.0018305008159771215
1999-03-11,0.0013514309531940036
1999-03-12,0.006090614004910478
1999-03-15,0.012310282967556586
1999-03-16,0.0016156701201435215
1999-03-17,-0.013453614752825725
1999-03-18,0.016669350282582554
1999-03-19,-0.002469145652977434
1999-03-22,-0.01586085605866974
1999-03-23,0.0013274913199402424
1999-03-24,-0.009806520263763562
1999-03-25,0.017141291753132483
1999-03-26,-0.002187501058187407
1999-03-29,0.009456834476290712
1999-03-30,0.009077899724405845
1999-03-31,0.0028184287918323753
1999-04-01,0.014489762605835215
1999-04-05,0.013530635135685743
1999-04-06,0.012630233726030254
1999-04-07,0.012701319467966116
1999-04-08,0.010825003303246419
1999-04-09,0.002961808517968907
1999-04-12,0.0070557243081690365
1999-04-13,-0.005312369023953506
1999-04-14,0.0019910929545962136
1999-04-15,-0.01116579554726602
1999-04-16,0.0058123048875791975
1999-04-19,-0.0253412411288663
1999-04-20,0.008820924199661658
1999-04-21,0.01820704875949357
1999-04-22,-0.003322272220882441
1999-04-23,0.0026375294985088817
1999-04-26,0.0016654935249375423
1999-04-27,-0.0030296288207426855
1999-04-28,0.009359098364976457
1999-04-29,0.0066866384846424615
1999-04-30,0.005210427357351911
1999-05-03,-0.0057692188245994595
1999-05-04,-0.008969528679944981
1999-05-05,0.004315603663394431
1999-05-06,-0.0053694400969317106
1999-05-07,-0.0024514738763603224
1999-05-10,0.012066996577867589
1999-05-11,0.005091280266424808
1999-05-12,0.00876802325068202
1999-05-13,0.00044193751814195013
1999-05-14,-0.0015825666632133637
1999-05-17,0.004737722094473156
1999-05-18,-0.0032502068011780578
1999-05-19,0.0009572117674246991
1999-05-20,-0.00901338590482719
1999-05-21,-0.004818572614893782
1999-05-24,-0.007870752517215016
1999-05-25,-0.003119383857139696
1999-05-26,0.013467141640822505
1999-05-27,-0.0014095714596023328
1999-05-28,0.002965214282575472
1999-06-01,-0.005539096707831213
1999-06-02,0.006375617260753146
1999-06-03,-0.006934763332935273
1999-06-04,0.00738179924636104
1999-06-07,0.0022825558209512153
1999-06-08,-0.0033839705816406675
1999-06-09,3.536652575608244e-06
1999-06-10,-0.0003187707196487582
1999-06-11,-0.007421307869581434
1999-06-14,-0.009739333479801198
1999-06-15,0.006014301497713481
1999-06-16,0.013257023582661894
1999-06-17,-0.0008443665104675962
1999-06-18,0.012983252473614957
1999-06-21,0.011406878542330936
1999-06-22,-0.0032742117020782826
1999-06-23,0.005374136226214252
1999-06-24,0.0027697037899192508
1999-06-25,0.0013618068328921243
1999-06-28,0.015060335397242396
1999-06-29,-0.001267969783977908
1999-06-30,0.013916414243970785
1999-07-01,-0.006424218274104993
1999-07-02,0.008360123651135911
1999-07-06,0.005201163943414386
1999-07-07,0.004674672371092085
1999-07-08,0.006849562156972341
1999-07-09,0.01410942385927554
1999-07-12,0.004788093538213582
1999-07-13,-0.006922797652250833
1999-07-14,0.005172135841924856
1999-07-15,0.009274134530520143
1999-07-16,0.004811051545329495
1999-07-19,0.013571805779775565
1999-07-20,-0.0015659077336240596
1999-07-21,-0.0010958928592447919
1999-07-22,-0.005266078252461262
1999-07-23,0.011344731588004114
1999-07-26,-0.010584817148209854
1999-07-27,0.005941550574543332
1999-07-28,0.005563303038084958
1999-07-29,0.0021197559401734505
1999-07-30,0.00015374897701686942
1999-08-02,-0.0066326070065782766
1999-08-03,0.009872179934832774
1999-08-04,-0.00032448092809426164
1999-08-05,0.001982604605336659
1999-08-06,0.001436201681801627
1999-08-09,0.00510927600326372
1999-08-10,0.01499674133933129
1999-08-11,0.013615350957039057
1999-08-12,0.0003132917497135974
1999-08-13,0.019241876236898738
1999-08-16,-0.006342000187363185
1999-08-17,-0.005577045425835551
1999-08-18,-0.018598103930525467
1999-08-19,0.003871467109852482
1999-08-20,-0.0004997353434554193
1999-08-23,0.013423568030594624
1999-08-24,0.0004262598644366528
1999-08-25,0.0003880105617179348
1999-08-26,0.0038144923284670115
1999-08-27,-0.005611681559432069
1999-08-30,0.01021193099351181
1999-08-31,0.010428788841770256
1999-09-01,-0.0057123820942231365
1999-09-02,-0.0004157929555356105
1999-09-03,0.00338073934467639
1999-09-07,0.004475176489781664
1999-09-08,-0.0012119088904967543
1999-09-09,-0.0029513580895676288
1999-09-10,-0.0012504586767716425
1999-09-13,0.0006974152874039525
1999-09-14,0.006058520778862998
1999-09-15,-0.0006065160116749782
1999-09-16,0.007669026715962463
1999-09-17,0.008187285739131427
1999-09-20,0.005240818103488009
1999-09-21,0.001845291760846008
1999-09-22,0.005823903175937059
1999-09-23,-0.0012973772141197837
1999-09-24,0.005758470342210461
1999-09-27,0.00797821250660965
1999-09-28,0.0022635437359596116
1999-09-29,0.00041215208421002626
1999-09-30,0.007519501987102851
1999-10-01,-0.0048608231768885474
1999-10-04,0.010921108403770457
1999-10-05,0.011927590321578585
1999-10-06,0.006838328354581244
1999-10-07,-0.007461822239796983
1999-10-08,0.009206729616394394
1999-10-11,0.008648576436063642
1999-10-12,0.00317117984692673
1999-10-13,-0.0030425201965182487
1999-10-14,0.007936390346903233
1999-10-15,0.0005146980006136176
1999-10-18,-0.008318959830861034
1999-10-19,0.013138446689533076
1999-10-20,0.01995136315504737
1999-10-21,0.005381859465756224
1999-10-22,0.01603149815213741
1999-10-25,-0.00502611622082245
1999-10-26,0.007338614681731316
1999-10-27,0.008535123985225407
1999-10-28,-0.0009397861248648608
1999-10-29,0.02033180836913876
1999-11-01,0.007337170832600678
1999-11-02,0.0008342658597320326
1999-11-03,0.016122488874322168
1999-11-04,0.005194002224218749
1999-11-05,0.007278840404623799
1999-11-08,-0.003969204411599024
1999-11-09,-0.0019576550224677264
1999-11-10,0.005261717997662332
1999-11-11,0.004678512822379648
1999-11-12,0.0006761415135335965
1999-11-15,-0.003918263728068648
1999-11-16,0.013431789340219342
1999-11-17,-0.013214319300490088
1999-11-18,0.0022710053223580903
1999-11-19,-0.004140733369347858
1999-11-22,0.009625985032781018
1999-11-23,-4.655501766384756e-05
1999-11-24,0.006472287806832645
1999-11-26,0.007320637020595752
1999-11-29,-0.0018825872871879026
1999-11-30,-0.01054705850635999
1999-12-01,0.008917524707004234
1999-12-02,0.013232644913108544
1999-12-03,0.009069088467682845
1999-12-06,0.02255191447371744
1999-12-07,0.016483912126324878
1999-12-08,-0.0042279255408222815
1999-12-09,0.005983883968722751
1999-12-10,0.00020342994447700722
1999-12-13,0.00583799380104115
1999-12-14,-0.010849376997579416
1999-12-15,0.0038731441349650246
1999-12-16,0.009300200155409588
1999-12-17,0.0030086412981528963
1999-12-20,0.009088572615128007
1999-12-21,0.02522658101639199
1999-12-22,0.005434092239122809
1999-12-23,-0.005214483607473224
1999-12-27,0.001217830818252363
1999-12-28,0.005824730694998481
1999-12-29,0.010706743691520504
1999-12-30,0.0011986179003134296
1999-12-31,0.0033246379748694916
2000-01-03,0.0077729246827552174
2000-01-04,-0.0006495921255588648
2000-01-05,-0.001997262339074569
2000-01-06,-0.01437515741060735
2000-01-07,0.012990400336519155
2000-01-10,0.01363631763039178
2000-01-11,-0.008429696841053824
2000-01-12,-0.009856436449391593
2000-01-13,0.012611686583327111
2000-01-14,0.003120544909602462
2000-01-18,0.014506967072508583
2000-01-19,0.021209144380509633
2000-01-20,0.010628643302180624
2000-01-21,0.0019915618849288092
2000-01-24,-0.005027060045339716
2000-01-25,0.006277778504300971
2000-01-26,0.0032378207713666396
2000-01-27,-0.0019884777707771203
2000-01-28,-0.0024383386157754957
2000-01-31,-0.0032261905903769633
2000-02-01,0.011013718681970649
2000-02-02,0.011161107005649044
2000-02-03,0.01365192762524593
2000-02-04,0.006251284206984555
2000-02-07,0.004232739031865386
2000-02-08,0.014885865403600724
2000-02-09,0.011062677274154675
2000-02-10,0.02598106218544224
2000-02-11,0.00876787382914666
2000-02-14,-0.002694477960044586
2000-02-15,0.0004203923392448295
2000-02-16,0.010317111869653364
2000-02-17,0.01025234261006153
2000-02-18,-0.002267083323969018
2000-02-22,-0.012864747219731618
2000-02-23,0.015780630011399715
2000-02-24,0.010011796289853814
2000-02-25,0.017989788381142496
2000-02-28,0.0009796032545407057
2000-02-29,0.006903131619872696
2000-03-01,0.003350738115173192
2000-03-02,-0.00588185841878403
2000-03-03,0.0151507836637834
2000-03-06,0.012920690604611559
2000-03-07,0.0009538138211555106
2000-03-08,-0.0015923495775981402
2000-03-09,0.02100144635415912
2000-03-10,0.0053166418747633256
2000-03-13,0.008505564232218791
2000-03-14,-0.020440790513813985
2000-03-15,-0.018104734128411747
2000-03-16,-0.0041840728082683815
2000-03-17,0.014279351521637127
2000-03-20,-0.03246864578946919
2000-03-21,0.008983391164012736
2000-03-22,0.0211185841127769
2000-03-23,0.025532590985457022
2000-03-24,-0.0014805587424378632
2000-03-27,7.281284780204383e-05
2000-03-28,-0.004219558259265906
2000-03-29,-0.006179125602954881
2000-03-30,-0.017073983136711306
2000-03-31,0.005170474721315788
2000-04-03,-0.018167526621525258
2000-04-04,0.0001187968189834376
2000-04-05,0.010011158634949802
2000-04-06,0.010109902511468323
2000-04-07,0.007022166673512624
2000-04-10,-0.01497663342470323
2000-04-11,-0.008107120787339531
2000-04-12,0.002862505302468879
2000-04-13,0.0016781648663241563
2000-04-14,0.0038391078841216036
2000-04-17,0.01175075359183434
2000-04-18,0.02405984186767108
2000-04-19,-0.006938968062748495
2000-04-20,-0.0037942976963305933
2000-04-24,0.005992045933616118
2000-04-25,0.025083960281401977
2000-04-26,0.007731256597464179
2000-04-27,0.016103353962725504
2000-04-28,0.004674118839101229
2000-05-01,0.010661609436951791
2000-05-02,0.0012529373026882742
2000-05-03,-0.0006015309519124905
2000-05-04,0.0075817872220994235
2000-05-05,0.015764118617178472
2000-05-08,0.0003581921613339937
2000-05-09,-0.0012147523428866183
2000-05-10,-0.0020290569415145425
2000-05-11,-0.011567912302713227
2000-05-12,-0.011986248964748206
2000-05-15,0.0030171129061077966
2000-05-16,0.003826272461248853
2000-05-17,-0.0019431257317684366
2000-05-18,0.0058931473523195456
2000-05-19,-0.0024474151604885934
2000-05-22,0.0047739828075079125
2000-05-23,-0.004635906740464086
2000-05-24,0.006486635360358381
2000-05-25,0.003438042967737212
2000-05-26,0.0012170110357222416
2000-05-30,-0.004490561062440968
2000-05-31,0.0016263464571372728
2000-06-01,0.012094106585004287
2000-06-02,-0.00883500393946306
2000-06-05,0.005579814723654583
2000-06-06,0.010436355606648521
2000-06-07,0.0027645624396603822
2000-06-08,-0.0047129821011654355
2000-06-09,0.008739771545662436
2000-06-12,0.007681899482444741
2000-06-13,0.0005970865742365399
2000-06-14,-0.0003356818810453118
2000-06-15,0.004540442416574139
2000-06-16,0.014005656827499107
2000-06-19,0.03106336891079376
2000-06-20,0.003960301977716331
2000-06-21,0.003148963586045188
2000-06-22,-0.003689771805658333
2000-06-23,0.007071035402838552
2000-06-26,0.009710602307520785
2000-06-27,-0.005389657390650105
2000-06-28,0.010662913571664438
2000-06-29,-0.00844989109551831
2000-06-30,0.0009459097939115345
2000-07-03,0.0022584306409076686
2000-07-05,0.02009053706699481
2000-07-06,-0.007554393252820815
2000-07-07,0.007216067083384672
2000-07-10,0.005709909202217404
2000-07-11,0.02007826182236911
2000-07-12,-0.006479630025897662
2000-07-13,0.0015053784184755623
2000-07-14,-0.006358491663272207
2000-07-17,0.0007830785457815787
2000-07-18,0.00630535860469158
2000-07-19,-0.0016431716550592479
2000-07-20,0.0023092714125596075
2000-07-21,0.0020418515746847958
2000-07-24,0.005753058132120323
2000-07-25,0.0026725831243514858
2000-07-26,0.0011233567351081118
2000-07-27,0.004535930577161548
2000-07-28,0.0039033634730877877
2000-07-31,0.0032800104106463454
2000-08-01,0.022517943253379708
2000-08-02,-0.0036413259188584914
2000-08-03,0.004112352622056263
2000-08-04,0.004861581127743417
2000-08-07,0.006768256258828732
2000-08-08,-0.0020038135622857285
2000-08-09,0.003181784308320361
2000-08-10,0.004306780009750507
2000-08-11,0.0014780141230710227
2000-08-14,-0.001718744647868736
2000-08-15,0.0039428496491187215
2000-08-16,-0.0040688468655537225
2000-08-17,0.010848419865189094
2000-08-18,-0.0014498532466854577
2000-08-21,-0.012488014254703838
2000-08-22,0.007972983910291049
2000-08-23,0.003552443316248836
2000-08-24,0.0031728901800370636
2000-08-25,-0.00034706047411680533
2000-08-28,0.009552286637559245
2000-08-29,-0.004783866520435004
2000-08-30,-0.002120267849385582
2000-08-31,0.002543759424557945
2000-09-01,0.008442597982634928
2000-09-05,-0.0028759332815827747
2000-09-06,0.005353291650878204
2000-09-07,0.005006174694717293
2000-09-08,0.010358511831286148
2000-09-11,0.007656188314235221
2000-09-12,0.0067271388763553135
2000-09-13,-0.013405747580455532
2000-09-14,0.0038568974005748144
2000-09-15,0.008450083401647735
2000-09-18,-0.006945462791956325
2000-09-19,-0.005162317604246714
2000-09-20,0.010007851269703336
2000-09-21,0.005668193255656988
2000-09-22,0.0014435756928706592
2000-09-25,0.008812908203979914
2000-09-26,0.016819449238414334
2000-09-27,0.02874237085405681
2000-09-28,-0.007611351664692373
2000-09-29,-0.006056419727952471
2000-10-02,0.02982078121576198
2000-10-03,0.005596825360703451
2000-10-04,-0.014276210865305488
2000-10-05,0.024338944318001664
2000-10-06,0.010139882841490245
2000-10-09,-0.010154025618230216
2000-10-10,0.008654052225919544
2000-10-11,0.022969953971749862
2000-10-12,0.002861880177769287
2000-10-13,-0.023794272007591225
2000-10-16,0.010089035738509698
2000-10-17,0.0062483039179356825
2000-10-18,0.016528454407483545
2000-10-19,-0.020442488719453485
2000-10-20,-0.012058361501204174
2000-10-23,-0.00613029438231885
2000-10-24,0.005674093570108256
2000-10-25,0.001919351429388138
2000-10-26,-0.0015018209891110362
2000-10-27,-0.008612515355467063
2000-10-30,0.0012432011807550153
2000-10-31,-0.007701877415104724
2000-11-01,-0.0013098350510826486
2000-11-02,-0.00036418268855965195
2000-11-03,0.012788338317835313
2000-11-06,0.0034952354517252286
2000-11-07,0.013169411918796406
2000-11-08,0.022616888466568077
2000-11-09,-0.00011417701784743699
2000-11-10,0.005373701719391742
2000-11-13,-0.025413095181761595
2000-11-14,0.0025037089089001013
2000-11-15,0.008470193058448185
2000-11-16,-0.001444311565192214
2000-11-17,-0.0023137357110653172
2000-11-20,-0.01233113996219615
2000-11-21,0.010174725972285126
2000-11-22,0.00869259543614847
2000-11-24,0.006422887653713516
2000-11-27,0.03530291357575831
2000-11-28,0.0034400061061384975
2000-11-29,0.0043977235667902615
2000-11-30,0.009253953144851331
2000-12-01,0.010782841782391188
2000-12-04,0.0048095518868443874
2000-12-05,0.01077500964825212
2000-12-06,0.02029069371530843
2000-12-07,0.015161786822002967
2000-12-08,-0.014118509176179905
2000-12-11,0.015142181323500939
2000-12-12,-0.005803042164025255
2000-12-13,0.011121635366309708
2000-12-14,0.009724232412531847
2000-12-15,0.007113681941201315
2000-12-18,0.0137852846673624
2000-12-19,0.006781435794688227
2000-12-20,0.01601786866247332
2000-12-21,0.003174212535151352
2000-12-22,0.010816641691309315
2000-12-26,0.013691472862776688
2000-12-27,-0.007872345768521359
2000-12-28,0.014962944990845129
2000-12-29,0.007476893980213567
2001-01-02,-0.012974660180512932
2001-01-03,-0.023128236521242497
2001-01-04,-0.003636280116904013
2001-01-05,0.0226616520552002
2001-01-08,0.0111203907804864
2001-01-09,-0.013276095332178267
2001-01-10,-0.0074417714415797075
2001-01-11,-0.01641639029742727
2001-01-12,-0.010926344824685968
2001-01-16,-0.012330530347230868
2001-01-17,-0.004392251419343201
2001-01-18,-0.005411566890871489
2001-01-19,-0.0032903066707757654
2001-01-22,0.0074104300190271
2001-01-23,-0.006958993866512666
2001-01-24,-0.012410922126462193
2001-01-25,0.0005374336365795092
2001-01-26,0.0018820624827684067
2001-01-29,-0.004450535999287218
2001-01-30,-0.004502233915983321
2001-01-31,0.006663459959790391
2001-02-01,0.006709591371080431
2001-02-02,0.014015832652294103
2001-02-05,0.004419271014878625
2001-02-06,-0.004681414281392032
2001-02-07,0.011423101511377985
2001-02-08,0.0021079018578027023
2001-02-09,0.009764928334767548
2001-02-12,0.008035124497102464
2001-02-13,0.010245246428184923
2001-02-14,0.005078949481726507
2001-02-15,-0.010746512467580027
2001-02-16,0.018855300835307537
2001-02-20,0.005910776691782839
2001-02-21,0.011989076517886419
2001-02-22,0.014794048862759151
2001-02-23,-0.01269042890027755
2001-02-26,0.0009658381653516625
2001-02-27,0.0161243238667001
2001-02-28,0.012662349610605615
2001-03-01,0.0036528112257432103
2001-03-02,0.016006675507699707
2001-03-05,0.010289892571904954
2001-03-06,-0.004803879159971757
2001-03-07,0.004903757681318456
2001-03-08,0.011858019531512599
2001-03-09,0.013713595076418752
2001-03-12,0.0145113318602453
2001-03-13,-0.00802435962513143
2001-03-14,0.011702914130141637
2001-03-15,0.014219863505235969
2001-03-16,0.01709241014478657
2001-03-19,-0.02116599123251549
2001-03-20,0.0056977506502981804
2001-03-21,0.010646544032485902
2001-03-22,-0.0020850816340989495
2001-03-23,-0.008066378287477
2001-03-26,0.0046115707133970365
2001-03-27,0.012265782558393676
2001-03-28,0.013765148048958115
2001-03-29,0.008822208563013672
2001-03-30,0.0032874434979458
2001-04-02,0.0035083641018816905
2001-04-03,0.03673628318023326
2001-04-04,0.009307005895972097
2001-04-05,-0.004194844413295223
2001-04-06,0.012337423272494392
2001-04-09,-0.020294645586499186
2001-04-10,-0.014705389372179656
2001-04-11,-0.0183410912228336
2001-04-12,-0.0016309405913341006
2001-04-16,-0.0019357852710958916
2001-04-17,0.003716555366895832
2001-04-18,-0.02628685021449846
2001-04-19,-0.06893115176540536
2001-04-20,0.005049719448292423
2001-04-23,0.02823547979871842
2001-04-24,0.012453425698028273
2001-04-25,0.010573982778222916
2001-04-26,0.00917891756836499
2001-04-27,-0.007592084073405706
2001-04-30,-0.01029664348220775
2001-05-01,-0.00599824847986324
2001-05-02,-0.015485516654752493
2001-05-03,0.00675101883194187
2001-05-04,0.0064074939372092635
2001-05-07,0.004145791033832951
2001-05-08,-0.0007641365488360324
2001-05-09,0.011531451171408118
2001-05-10,0.012328601416168108
2001-05-11,0.0036009881997152134
2001-05-14,0.022663699811771472
2001-05-15,-0.0023680896992022433
2001-05-16,-0.0066276468851608535
2001-05-17,0.0019035247174693619
2001-05-18,0.004607893140711267
2001-05-21,-0.01383836090308251
2001-05-22,-0.015908188168002883
2001-05-23,0.006852342672282565
2001-05-24,-0.0032744448169039035
2001-05-25,0.009449555924521584
2001-05-29,0.009077940590955437
2001-05-30,0.01822273708413556
2001-05-31,-0.0029537994886023873
2001-06-01,-0.0016118156846902415
2001-06-04,0.0039284275939360895
2001-06-05,0.001019940864377837
2001-06-06,0.014375913374340975
2001-06-07,0.010022215883083626
2001-06-08,0.00546301217809811
2001-06-11,0.00043253679235015995
2001-06-12,0.0020253332042817866
2001-06-13,0.010122087067427968
2001-06-14,0.013379965313078493
2001-06-15,0.005059389874545365
2001-06-18,0.01100129340095539
2001-06-19,0.00461324206062416
2001-06-20,0.0016317869624201827
2001-06-21,0.0036856100583710404
2001-06-22,-0.0009471146554948034
2001-06-25,-0.0009084107096938728
2001-06-26,0.004566905267973513
2001-06-27,0.0035069592115956616
2001-06-28,0.0027495598363434055
2001-06-29,0.001306825853976676
2001-07-02,-0.008636861606469738
2001-07-03,-0.0018364455893919844
2001-07-05,0.009775841294072751
2001-07-06,-0.001482687602807562
2001-07-09,0.004234520878056142
2001-07-10,0.004654826095963453
2001-07-11,-0.0006645245005475325
2001-07-12,0.0010605724924443046
2001-07-13,0.001770789753696171
2001-07-16,-0.009828943861455185
2001-07-17,0.007057175170752675
2001-07-18,0.018270830143410827
2001-07-19,-0.003926826889876198
2001-07-20,-0.0017506573091136506
2001-07-23,0.0023274159976596092
2001-07-24,-0.00680252841554344
2001-07-25,0.007012953821557677
2001-07-26,-0.0030184393306047393
2001-07-27,-0.006420320580088433
2001-07-30,-0.00048748838234466776
2001-07-31,-0.0074437539573795316
2001-08-01,-0.003910397835422274
2001-08-02,-0.0009825333384863094
2001-08-03,0.002240326166134949
2001-08-06,0.0010868157507581493
2001-08-07,0.001868335512556369
2001-08-08,0.007128807166940444
2001-08-09,-0.002169555260819245
2001-08-10,0.003959817387706216
2001-08-13,0.005230287810760471
2001-08-14,0.010436449422492597
2001-08-15,0.001334817934697738
2001-08-16,0.012613143178430281
2001-08-17,0.0018465416139868624
2001-08-20,0.007088626212617234
2001-08-21,0.002591453911616079
2001-08-22,-0.0035235959322979784
2001-08-23,0.0038047876299117144
2001-08-24,0.004067909765858688
2001-08-27,0.00682288383227655
2001-08-28,0.011343494406295613
2001-08-29,-0.0017558703774510215
2001-08-30,0.010373774983978451
2001-08-31,0.006240679913910708
2001-09-04,0.013245704423523843
2001-09-05,0.005671587963367931
2001-09-06,-0.007909504704728123
2001-09-07,0.008692550312283848
2001-09-10,0.00996537872705294
2001-09-17,0.005265357822359375
2001-09-18,0.005896156196594478
2001-09-19,0.006103023672161447
2001-09-20,0.006471717636268004
2001-09-21,0.013807885177057657
2001-09-24,-0.0010943691625259237
2001-09-25,-0.002291331950167355
2001-09-26,0.03284148257079684
2001-09-27,0.0036276515627874607
2001-09-28,0.011129834629202993
2001-10-01,0.0031454277574157322
2001-10-02,-0.0057314720014055775
2001-10-03,-0.011719407232094987
2001-10-04,0.012386664721913234
2001-10-05,0.0038914655964310775
2001-10-08,0.001720990938527504
2001-10-09,0.013245439669989353
2001-10-10,-0.006631107000462827
2001-10-11,-0.011688612068126785
2001-10-12,-0.011329925397165656
2001-10-15,-0.0024472303771644935
2001-10-16,0.0003405262281856837
2001-10-17,0.008702482042658952
2001-10-18,0.00840482520507453
2001-10-19,0.012670290813812699
2001-10-22,-0.0011304265938035245
2001-10-23,0.0017182811897405396
2001-10-24,0.005519395628841736
2001-10-25,0.00944047633216566
2001-10-26,-0.009996169418846937
2001-10-29,0.0060350144041767684
2001-10-30,0.0013887405782787945
2001-10-31,0.004289047466542002
2001-11-01,0.009038375397540547
2001-11-02,0.006060532260399204
2001-11-05,-0.006378708383670108
2001-11-06,0.022693397851593175
2001-11-07,0.013697763509373776
2001-11-08,-0.007693181309578782
2001-11-09,-0.005587886496529396
2001-11-12,-0.0021256664433121865
2001-11-13,-0.00039794005270776594
2001-11-14,-0.006997830159993741
2001-11-15,-0.00425178861303808
2001-11-16,-0.0042945097804928415
2001-11-19,-0.006773401965393541
2001-11-20,0.004064863355031256
2001-11-21,-0.00501254439806189
2001-11-23,-0.003718666790102983
2001-11-26,-0.006852166465143793
2001-11-27,-0.013349409449942149
2001-11-28,0.007829358751953943
2001-11-29,0.0036059651299407596
2001-11-30,0.0071167750753658885
2001-12-03,0.010846708177799725
2001-12-04,-0.005054400583209516
2001-12-05,-0.006493952290408616
2001-12-06,0.002438568989314531
2001-12-07,0.014804056751943328
2001-12-10,0.0014860538300748316
2001-12-11,0.003727658081652014
2001-12-12,0.0015474124999100454
2001-12-13,0.011814163017116288
2001-12-14,0.0026510280135694734
2001-12-17,-0.005854108524339272
2001-12-18,-0.005292487005718093
2001-12-19,-9.435346537156875e-05
2001-12-20,0.0015600167943754626
2001-12-21,-0.0032629067865629162
2001-12-24,0.006748484625481474
2001-12-26,0.009899169829155
2001-12-27,0.004377439283314623
2001-12-28,-0.0022054878668905905
2001-12-31,0.0005900265990273752
2002-01-02,-0.013283565236525862
2002-01-03,0.013513773377153388
2002-01-04,0.003642513918079901
2002-01-07,-0.003122481926519261
2002-01-08,0.010726387361457224
2002-01-09,0.012263604361655727
2002-01-10,0.004555148966383211
2002-01-11,0.004523857197667171
2002-01-14,-0.0033270706261452634
2002-01-15,0.0035682355000792596
2002-01-16,0.005803819849676588
2002-01-17,0.008451264249061261
2002-01-18,0.0010706345119335056
2002-01-22,0.009873833816061973
2002-01-23,-0.008507743400099075
2002-01-24,-0.011741916011925712
2002-01-25,0.007898913254335184
2002-01-28,-0.001737113984815547
2002-01-29,0.007807988556049993
2002-01-30,0.006090933196494729
2002-01-31,-0.00022420281765744225
2002-02-01,0.00815970480189038
2002-02-04,0.012284906456619737
2002-02-05,0.012888444972880834
2002-02-06,0.012149735817437664
2002-02-07,-0.007502549811696973
2002-02-08,0.0048305748372591065
2002-02-11,-0.005309330037854003
2002-02-12,-0.007811867500028264
2002-02-13,0.01030472345317456
2002-02-14,0.01374032004272357
2002-02-15,0.020284248682930973
2002-02-19,0.015169329387990784
2002-02-20,0.014455504691456122
2002-02-21,0.004526564620885481
2002-02-22,0.005871054804469173
2002-02-25,0.010415449812274689
2002-02-26,-0.0066768349374364735
2002-02-27,-0.0021482441986979666
2002-02-28,-0.002609268356564444
2002-03-01,-0.010390154345278664
2002-03-04,-0.00855528207095931
2002-03-05,-0.0091241950430271
2002-03-06,-0.01992027586182222
2002-03-07,-0.022448721189145465
2002-03-08,-0.006349433373872542
2002-03-11,-0.006999526004592689
2002-03-12,0.014789056862360452
2002-03-13,0.004675862414843992
2002-03-14,0.00046771658072946665
2002-03-15,0.013901239105631971
2002-03-18,-0.005443290733724758
2002-03-19,0.0039056985842416854
2002-03-20,0.0030971285413423934
2002-03-21,0.0020702796835947593
2002-03-22,0.0027924181062458347
2002-03-25,0.0014871736817932669
2002-03-26,0.0037597922968783475
2002-03-27,0.0069221458542618
2002-03-28,0.0009869865268986875
2002-04-01,0.0007666426905817732
2002-04-02,0.00369205383818741
2002-04-03,0.00788869807574662
2002-04-04,0.013249771800568421
2002-04-05,-0.0004897406628367024
2002-04-08,0.012566938792699794
2002-04-09,-0.0011626764867923873
2002-04-10,0.007841911237432317
2002-04-11,0.017403660532496
2002-04-12,0.0003929027612758569
2002-04-15,0.012181137634556355
2002-04-16,-0.0007753910533511043
2002-04-17,-0.007118639944157372
2002-04-18,-0.0013741842718745438
2002-04-19,0.005290710680415353
2002-04-22,0.007779145307104352
2002-04-23,-0.005058913770191914
2002-04-24,0.009601021834198373
2002-04-25,0.0027740101396448143
2002-04-26,0.022414783049997097
2002-04-29,0.008985360338264102
2002-04-30,-0.008677141003280993
2002-05-01,-0.0039105970614938266
2002-05-02,0.007584730974815959
2002-05-03,0.002853549461665367
2002-05-06,0.0018793615555930438
2002-05-07,0.0032484892368893153
2002-05-08,-0.014460573637139549
2002-05-09,0.013014979160971324
2002-05-10,0.006955088997042097
2002-05-13,0.0016123266429294131
2002-05-14,0.001807452243803726
2002-05-15,-0.0029110622388315325
2002-05-16,0.0027454678240805136
2002-05-17,0.000710341563093177
2002-05-20,0.00450373542895323
2002-05-21,0.0003525385174477578
2002-05-22,-0.00031572153400318643
2002-05-23,0.004425523969310145
2002-05-24,0.0022190430755688576
2002-05-28,0.0009879014734112276
2002-05-29,0.004132401429998708
2002-05-30,0.001995297937589832
2002-05-31,0.005700489400470248
2002-06-03,0.021680302854063433
2002-06-04,-0.006081712045469041
2002-06-05,0.005138860728696575
2002-06-06,0.01860006226662624
2002-06-07,0.0301421164051466
2002-06-10,-0.002084882063230243
2002-06-11,0.008257177098411452
2002-06-12,0.011516384254828163
2002-06-13,-0.016594089351129097
2002-06-14,0.0027025118135989264
2002-06-17,-0.014753697534112145
2002-06-18,0.006682419846296922
2002-06-19,0.017884100581727406
2002-06-20,0.0069633704567956855
2002-06-21,0.01627175244704673
2002-06-24,0.009247337818961785
2002-06-25,0.00468394058959108
2002-06-26,0.01819644434436151
2002-06-27,-0.005837078916401344
2002-06-28,0.0017268577379814126
2002-07-01,-0.005771109941172747
2002-07-02,0.038358205668209355
2002-07-03,-0.009008575814323596
2002-07-05,-0.014019044843982895
2002-07-08,0.004994228560318394
2002-07-09,0.02666361768227832
2002-07-10,0.004227140429454048
2002-07-11,-0.009175251407978365
2002-07-12,-0.0008658227769755942
2002-07-15,-0.0066878116287390444
2002-07-16,-0.018844454672231732
2002-07-17,-0.01427089515449717
2002-07-18,-0.0015946119377407467
2002-07-19,0.005652871598992736
2002-07-22,0.03484778025729645
2002-07-23,0.028062875678883124
2002-07-24,-0.005038284113032561
2002-07-25,0.029032094685766265
2002-07-26,0.009091320717054855
2002-07-29,-0.04911659076252461
2002-07-30,-0.013149053656312807
2002-07-31,-0.01075461394969722
2002-08-01,0.008314454691704538
2002-08-02,0.014502086648074957
2002-08-05,0.020555646956776075
2002-08-06,-0.00012215223491654205
2002-08-07,0.0021093857959614817
2002-08-08,-0.009986382334346894
2002-08-09,-0.0004740944391915197
2002-08-12,0.003007482555675127
2002-08-13,0.00986299135651856
2002-08-14,-0.013917285588165698
2002-08-15,0.009942499739377868
2002-08-16,0.0005074340448918564
2002-08-19,0.0023524194090546553
2002-08-20,-0.0024815898057427817
2002-08-21,-0.009324619933668375
2002-08-22,-0.011050668883743595
2002-08-23,0.006140878839725941
2002-08-26,-0.0037950117399008602
2002-08-27,0.0072810537930715485
2002-08-28,0.011228096029188658
2002-08-29,0.003413609368487107
2002-08-30,-0.0007244775769877058
2002-09-03,0.023124617721119924
2002-09-04,-0.005134535879923166
2002-09-05,0.0014768571136604988
2002-09-06,-0.003650463226343799
2002-09-09,-0.002060483091956232
2002-09-10,0.025955598788893135
2002-09-11,0.00042665706570219357
2002-09-12,0.01545689286524084
2002-09-13,-0.005344532205090585
2002-09-16,0.013854745023794215
2002-09-17,0.009645158142863
2002-09-18,-0.011494408948652215
2002-09-19,0.005674801367876256
2002-09-20,-0.0025086882180652857
2002-09-23,0.008239524084885203
2002-09-24,0.010955112016562027
2002-09-25,-0.00551169525033327
2002-09-26,0.0002237255672634016
2002-09-27,0.017758580893875324
2002-09-30,0.003885846392721725
2002-10-01,-0.007790898866253226
2002-10-02,0.019293910507985054
2002-10-03,0.00681751709545547
2002-10-04,0.024359849094661122
2002-10-07,0.01716342103607768
2002-10-08,0.02012092741500756
2002-10-09,0.020020693406586437
2002-10-10,-0.015172049853720981
2002-10-11,-0.002934332654518726
2002-10-14,-0.005668568797735388
2002-10-15,0.004387112272097264
2002-10-16,0.02193494383232214
2002-10-17,-0.0006760001685930952
2002-10-18,-0.005477340320831983
2002-10-21,-0.004233220972799734
2002-10-22,0.0016238290886006605
2002-10-23,0.001564027748444878
2002-10-24,-0.005072847750440627
2002-10-25,-0.0027475614006008385
2002-10-28,-0.009910797763749039
2002-10-29,0.00016028634073830448
2002-10-30,-0.013541021989997851
2002-10-31,-0.0033049029217939
2002-11-01,-0.0030063974723308668
2002-11-04,-0.011596359688110696
2002-11-05,0.001770293740085613
2002-11-06,-0.01668035133465162
2002-11-07,-0.0005437838494406695
2002-11-08,-0.00991352993416468
2002-11-11,0.006154463356442076
2002-11-12,0.006586991456193824
2002-11-13,-0.001733596937153668
2002-11-14,-0.010736998630269435
2002-11-15,0.0066914684065837015
2002-11-18,0.005393142223157669
2002-11-19,-0.013735071944671311
2002-11-20,0.007254168202161596
2002-11-21,0.0033096832600709655
2002-11-22,-0.01434164248675009
2002-11-25,-0.008185373103807722
2002-11-26,-0.00013155631493930582
2002-11-27,0.0006625636606527389
2002-11-29,-0.009235193080845864
2002-12-02,0.007559958449299781
2002-12-03,0.004127058526933178
2002-12-04,0.003875318630337234
2002-12-05,0.002692953618160978
2002-12-06,0.0014120725977273293
2002-12-09,0.0048890870674978045
2002-12-10,0.003183491029905207
2002-12-11,-0.006758959342770076
2002-12-12,-0.005608305018850979
2002-12-13,-0.006728619094471558
2002-12-16,0.015879841591833872
2002-12-17,0.00039058567435201004
2002-12-18,0.006789000584244824
2002-12-19,0.014299934682459079
2002-12-20,0.005719767012746863
2002-12-23,0.0031222204409335473
2002-12-24,0.002452267658351556
2002-12-26,-0.0066155353532298495
2002-12-27,-0.002121363500121108
2002-12-30,0.0013142737416517898
2002-12-31,-0.00839132803907235
2003-01-02,-0.00866032928122597
2003-01-03,0.0051151132318564335
2003-01-06,0.010658140700628113
2003-01-07,-0.012470690921568748
2003-01-08,-0.005915850232857094
2003-01-09,0.012575923486069087
2003-01-10,-0.0039098452226127
2003-01-13,0.0025256251688323614
2003-01-14,0.0023023444798614505
2003-01-15,-0.0005969507646060217
2003-01-16,-0.003098260049833093
2003-01-17,-0.003133377130585327
2003-01-21,0.0018794245509874607
2003-01-22,0.0026191235836414443
2003-01-23,0.009341089228676805
2003-01-24,0.00799400716296925
2003-01-27,0.0035202151515442786
2003-01-28,0.007578690322849681
2003-01-29,0.0090943953796968
2003-01-30,0.004639364381340469
2003-01-31,0.002021310518162156
2003-02-03,0.003482797774002286
2003-02-04,-0.000663377919040629
2003-02-05,-0.008419145096643887
2003-02-06,0.0012790692899150996
2003-02-07,-0.011668709876436301
2003-02-10,0.0048937122452595554
2003-02-11,0.003267802820874992
2003-02-12,-0.005061499951005016
2003-02-13,-0.0007902252166703
2003-02-14,0.0007435074851621443
2003-02-18,0.007425405922672728
2003-02-19,-0.006090199412291766
2003-02-20,0.0026572124499997215
2003-02-21,0.003971737275077275
2003-02-24,-0.0006488080011319157
2003-02-25,-0.0007497631643842587
2003-02-26,-0.0002935980057185699
2003-02-27,-0.0013403744715149405
2003-02-28,-0.0009021320368168722
2003-03-03,0.00935005050836928
2003-03-04,0.0008174262801135085
2003-03-05,0.007721083190790401
2003-03-06,0.0061231235651753365
2003-03-07,0.007858154889269062
2003-03-10,-0.003734510882105242
2003-03-11,0.004888228868895369
2003-03-12,-0.002161634261604462
2003-03-13,0.003449899195214795
2003-03-14,0.006580562321297371
2003-03-17,-0.009430556921122412
2003-03-18,-0.003719120272487205
2003-03-19,0.002014909197198682
2003-03-20,0.00137075981295476
2003-03-21,0.002088352877688357
2003-03-24,0.0034410912545700585
2003-03-25,-0.0007903114419465297
2003-03-26,0.0018958873240432898
2003-03-27,0.0067645786008444534
2003-03-28,-0.005660743567667902
2003-03-31,0.024462981875715224
2003-04-01,0.008528935475908514
2003-04-02,0.006446751555615397
2003-04-03,0.0023813426117788223
2003-04-04,-0.004128428294896248
2003-04-07,0.006247148928101132
2003-04-08,0.00105961098081422
2003-04-09,0.004853914565958967
2003-04-10,0.004497810913695776
2003-04-11,0.005307887917618774
2003-04-14,0.00330111126998881
2003-04-15,0.002655327770304267
2003-04-16,-0.002896550867499588
2003-04-17,0.011306781787947091
2003-04-21,0.004345663205882341
2003-04-22,0.003206282863838751
2003-04-23,0.010424571368604033
2003-04-24,-0.0013285588006426278
2003-04-25,-0.0058036434311229115
2003-04-28,0.005415883521120388
2003-04-29,-0.005687589022717339
2003-04-30,-0.0013773019112208414
2003-05-01,-0.0008213274260764951
2003-05-02,0.0007402316633795995
2003-05-05,0.0028113659617253956
2003-05-06,0.0030765248219312563
2003-05-07,0.0050001363633401675
2003-05-08,-0.0015789620382239081
2003-05-09,0.01240900433480174
2003-05-12,0.0003204736490138077
2003-05-13,-0.004532817872492404
2003-05-14,-0.0015882411450829
2003-05-15,0.003133850563567175
2003-05-16,0.007317709778858925
2003-05-19,-0.0012338178877486531
2003-05-20,-0.004563878904360623
2003-05-21,-0.001902115019981417
2003-05-22,0.0023578229824825466
2003-05-23,-0.0016069575018623256
2003-05-27,0.007185053269722031
2003-05-28,0.005709110622110108
2003-05-29,0.015119028172900898
2003-05-30,-9.413979906908235e-05
2003-06-02,0.0014325941774280056
2003-06-03,-0.004002979720069144
2003-06-04,0.009530088798380774
2003-06-05,0.006901888907066424
2003-06-06,-0.004648418685649988
2003-06-09,0.0004589811923277605
2003-06-10,0.0048966368743981305
2003-06-11,0.01550942741616276
2003-06-12,0.007249544282240434
2003-06-13,-0.0011270529340636532
2003-06-16,-0.0052599201191005805
2003-06-17,-0.010225643651669555
2003-06-18,0.005576733989570879
2003-06-19,0.00801901900697222
2003-06-20,-0.005637736808280034
2003-06-23,-0.007170501551778402
2003-06-24,0.009488558824576991
2003-06-25,-0.002157172995430668
2003-06-26,0.003422353016299115
2003-06-27,0.012344447320040508
2003-06-30,0.003408034889841171
2003-07-01,0.00021562386629919673
2003-07-02,0.0045092322982263925
2003-07-03,0.0021598765191052855
2003-07-07,0.002808888761871035
2003-07-08,0.0004180852833505286
2003-07-09,0.008758151138489514
2003-07-10,-0.0024932696287577757
2003-07-11,-0.006522746235498954
2003-07-14,0.005471616895552704
2003-07-15,-0.0016757270881461246
2003-07-16,-0.003038154629773644
2003-07-17,-0.00643424088614596
2003-07-18,0.0036287239023729094
2003-07-21,0.0009892696447335917
2003-07-22,0.007168455559427876
2003-07-23,0.018559378457527725
2003-07-24,0.007264598899404155
2003-07-25,0.0031243040730310383
2003-07-28,0.007652921963964399
2003-07-29,-0.007121759075286137
2003-07-30,0.011793749075425814
2003-07-31,-0.003277839022116325
2003-08-01,0.004123543896178071
2003-08-04,0.0035083731847820204
2003-08-05,0.00722822143437446
2003-08-06,0.0037790097983550833
2003-08-07,0.000622664073114569
2003-08-08,-0.001090250564698463
2003-08-11,0.008083632190397762
2003-08-12,-0.002802233229982088
2003-08-13,0.007750792824397907
2003-08-14,-0.0028919869984148933
2003-08-15,0.00149881977961072
2003-08-18,0.005874958541956065
2003-08-19,-0.007311952702214996
2003-08-20,0.009465052717295504
2003-08-21,0.004607173160867025
2003-08-22,-0.003824836109192245
2003-08-25,-0.0017069430777115605
2003-08-26,-0.004176353081622992
2003-08-27,0.006280292376782823
2003-08-28,0.002908847043856723
2003-08-29,0.00336768280137661
2003-09-02,-0.001479758159980056
2003-09-03,-0.006136473358245976
2003-09-04,0.005898431027767665
2003-09-05,0.0014719729696832944
2003-09-08,-0.0022358623715849364
2003-09-09,0.00018385563635163482
2003-09-10,-0.002582351283815008
2003-09-11,0.0008733686099427347
2003-09-12,0.002818851381775335
2003-09-15,-0.000995070187880758
2003-09-16,0.005428341322339209
2003-09-17,0.009849098351813293
2003-09-18,0.006319918345494166
2003-09-19,0.0002680341855603814
2003-09-22,-0.0057221603393146645
2003-09-23,0.0013514194409012
2003-09-24,-0.003787412602453746
2003-09-25,-0.005683990300472555
2003-09-26,-0.006849896494753824
2003-09-29,0.0007572368081428288
2003-09-30,-0.0011927821717129055
2003-10-01,0.003789762667938749
2003-10-02,0.005780006714656662
2003-10-03,0.01961860035223536
2003-10-06,0.008914172876441364
2003-10-07,0.007790209180225995
2003-10-08,0.008919441686564175
2003-10-09,-0.0032162796680272783
2003-10-10,0.006075508010396852
2003-10-13,0.0077298957644865145
2003-10-14,0.006063722209698558
2003-10-15,-0.0009735620109440984
2003-10-16,0.0038958530478970365
2003-10-17,-0.00668106559521312
2003-10-20,0.004898918934483137
2003-10-21,0.013598765311907545
2003-10-22,-0.002272347047128903
2003-10-23,0.0040443793922136945
2003-10-24,-0.00013740740916597544
2003-10-27,0.002404806793712641
2003-10-28,0.006190270942767674
2003-10-29,0.005447502182967139
2003-10-30,0.006290300560543758
2003-10-31,-0.005598867450195819
2003-11-03,0.002178592098117985
2003-11-04,0.003509585852092744
2003-11-05,-0.0024457879756934883
2003-11-06,0.0006605648307473564
2003-11-07,0.01032315294299823
2003-11-10,0.003287517737247533
2003-11-11,0.007692663573036792
2003-11-12,0.005163065848415369
2003-11-13,0.0010151761355579863
2003-11-14,-0.002309545280263475
2003-11-17,0.0108775594120015
2003-11-18,0.005309082140150589
2003-11-19,-0.00015049600145659078
2003-11-20,0.007827700905948426
2003-11-21,0.00861888676077317
2003-11-24,0.014194380348238634
2003-11-25,0.006420010228838892
2003-11-26,0.008052624477870671
2003-11-28,0.002094304881786015
2003-12-01,-0.001583449451193032
2003-12-02,0.008370484265184445
2003-12-03,-0.010041247009764848
2003-12-04,-0.007037921667593249
2003-12-05,-0.004240579537863607
2003-12-08,0.0008527745725587741
2003-12-09,-0.003736107668166822
2003-12-10,-0.005306961722644605
2003-12-11,0.010265396129111115
2003-12-12,0.001527949838904143
2003-12-15,-0.0003797382284884537
2003-12-16,-0.00012989074514868903
2003-12-17,-0.0014500505102594844
2003-12-18,0.0021714307801041165
2003-12-19,0.0055321660995533125
2003-12-22,-0.008635606662777861
2003-12-23,-0.002812441032378355
2003-12-24,-0.0001762708318002853
2003-12-26,-0.0007649441481987099
2003-12-29,0.003683385114933044
2003-12-30,-0.0030598312755158413
2003-12-31,-0.001124778297255416
2004-01-02,0.0017842554713650457
2004-01-05,0.0007076488283794918
2004-01-06,0.003158566029719438
2004-01-07,0.005748920364630432
2004-01-08,-0.0009687305385356142
2004-01-09,0.01620728166408198
2004-01-12,0.006571469313228278
2004-01-13,-0.0011353870765247304
2004-01-14,0.015242427507069861
2004-01-15,0.004990622722073306
2004-01-16,0.00938727612684387
2004-01-20,0.003969451885236285
2004-01-21,-0.0007241239555380723
2004-01-22,8.14761947913478e-06
2004-01-23,-0.0018600960295832385
2004-01-26,0.007804178830607984
2004-01-27,-0.0036388985622127362
2004-01-28,-0.0014597832904993152
2004-01-29,-0.004619063540723077
2004-01-30,0.003275753753653509
2004-02-02,0.0008930399228711457
2004-02-03,-0.0023773197527596976
2004-02-04,0.004874257585866381
2004-02-05,0.011949486315793812
2004-02-06,0.0015090038121549575
2004-02-09,0.0008255566501057227
2004-02-10,-0.0001361964010998911
2004-02-11,0.0073515528124486655
2004-02-12,0.013062524813965143
2004-02-13,-0.0013961216134255297
2004-02-17,0.002331833083214156
2004-02-18,0.0005438838384096173
2004-02-19,-0.004737870956045021
2004-02-20,0.008285696316016755
2004-02-23,-0.00348509944471257
2004-02-24,-0.004420021203405129
2004-02-25,0.007541906641577972
2004-02-26,0.006535582986014659
2004-02-27,0.001452251090804279
2004-03-01,0.005446682549946266
2004-03-02,-0.0030000818734822483
2004-03-03,-0.004755116291382857
2004-03-04,0.0013587462420169743
2004-03-05,-0.0005661866756339977
2004-03-08,0.008292880549008147
2004-03-09,0.00019930837402720248
2004-03-10,0.001300466027377187
2004-03-11,-0.002674544007496918
2004-03-12,-0.001734686516724964
2004-03-15,0.004854932304181199
2004-03-16,-0.0014546171506278488
2004-03-17,0.003375500253640566
2004-03-18,0.0030337358113359837
2004-03-19,0.0005717891590784793
2004-03-22,0.0019461463676204828
2004-03-23,-0.004912081520028242
2004-03-24,-0.0004191166737175526
2004-03-25,0.0012207374511767387
2004-03-26,0.0011863765104866103
2004-03-29,-0.00034597877498434003
2004-03-30,0.0013100884988201294
2004-03-31,0.005474005260093182
2004-04-01,0.0053652288189235415
2004-04-02,-0.0005185937873861623
2004-04-05,0.00037783500670813543
2004-04-06,0.010463813124095625
2004-04-07,0.004287838491147144
2004-04-08,0.004576005999175023
2004-04-12,0.004906373921751236
2004-04-13,0.0033977936360215623
2004-04-14,-0.0006925029472195937
2004-04-15,0.004964802684847462
2004-04-16,0.009939752180749484
2004-04-19,-0.0028746751769938355
2004-04-20,-0.01452608311429888
2004-04-21,0.00019559012045919653
2004-04-22,0.010791433965827116
2004-04-23,0.002335915012025979
2004-04-26,-0.0001783486192000199
2004-04-27,-0.0031766779603503875
2004-04-28,-0.001078372046164702
2004-04-29,0.006123160229994286
2004-04-30,-0.003462858929535198
2004-05-03,0.002093918499438782
2004-05-04,0.00452613321375942
2004-05-05,0.0007622199591595731
2004-05-06,0.007819092068377081
2004-05-07,0.008140253492425475
2004-05-10,-0.00631376900182105
2004-05-11,0.0031004513107226314
2004-05-12,0.006395360565514896
2004-05-13,-0.0009494551257360832
2004-05-14,0.0038316377743178413
2004-05-17,0.004786782997149813
2004-05-18,0.0026190022877844773
2004-05-19,-0.001122662116779634
2004-05-20,0.0025923570932021903
2004-05-21,0.0033407694027473072
2004-05-24,0.0003884647709561735
2004-05-25,-0.007340317855191178
2004-05-26,-0.0012167210093307797
2004-05-27,0.005659343101153064
2004-05-28,-0.0006793459942858098
2004-06-01,-0.003155675017749922
2004-06-02,0.002542962937058892
2004-06-03,-0.002997831672334355
2004-06-04,-0.004483616641231583
2004-06-07,0.0020805300090894025
2004-06-08,0.0028759742706956156
2004-06-09,-0.0052850860746439235
2004-06-10,0.0018486224150430948
2004-06-14,0.003450843689269864
2004-06-15,-0.0021893974677223162
2004-06-16,0.003993773159768661
2004-06-17,0.003100851965442139
2004-06-18,0.0017670329417910063
2004-06-21,0.007169934488006319
2004-06-22,-0.0047066496603262505
2004-06-23,-0.0018763131409117698
2004-06-24,0.007087213241623436
2004-06-25,0.005010280718520879
2004-06-28,0.003995181633286788
2004-06-29,-0.0025586850806159885
2004-06-30,0.0049751560073771125
2004-07-01,0.004934592686211367
2004-07-02,0.0029140733892781133
2004-07-06,0.006612414196668836
2004-07-07,-0.00031598965708240544
2004-07-08,-0.005010337080318299
2004-07-09,-0.003327416586030865
2004-07-12,0.005569114551587375
2004-07-13,-0.003523421912559431
2004-07-14,0.004088816576742574
2004-07-15,0.0008390148064772404
2004-07-16,0.0060360950741951015
2004-07-19,-0.011014452984366669
2004-07-20,-0.006017286145219776
2004-07-21,0.005516679650190179
2004-07-22,-0.004342045238527604
2004-07-23,0.006482748360568251
2004-07-26,0.00043772842967787506
2004-07-27,0.0097529297090551
2004-07-28,0.00933790038992811
2004-07-29,-0.007175160316186193
2004-07-30,5.967851235127956e-05
2004-08-02,0.0019076505548956983
2004-08-03,0.004750597478145925
2004-08-04,0.015006688132995768
2004-08-05,0.004904059448077233
2004-08-06,0.014039750499122514
2004-08-09,0.012816050767772837
2004-08-10,-0.0013224622037566274
2004-08-11,0.0012907080120514733
2004-08-12,0.00872068043561429
2004-08-13,0.0027957136557895017
2004-08-16,-0.0029422070222288295
2004-08-17,-0.0015924661294408242
2004-08-18,-0.004367734591937384
2004-08-19,0.00885280082432301
2004-08-20,0.004997658250232277
2004-08-23,-0.006544704287862316
2004-08-24,0.004582302250133738
2004-08-25,0.0006114473560471923
2004-08-26,0.002754152528326565
2004-08-27,0.0011607136682056326
2004-08-30,0.0031837027423325566
2004-08-31,0.0004783172956918343
2004-09-01,0.005630723835715746
2004-09-02,-0.00021784626330406283
2004-09-03,0.004863753573609235
2004-09-07,0.001871316043786752
2004-09-08,0.0024953366923155967
2004-09-09,-0.010555750906999374
2004-09-10,-0.0004068809870296278
2004-09-13,-0.00920678646700802
2004-09-14,-0.0010053080451403254
2004-09-15,0.013538114010677268
2004-09-16,-0.001957216340272437
2004-09-17,0.0011526259930945601
2004-09-20,-0.0036675425941701907
2004-09-21,-7.367493223484444e-05
2004-09-22,0.005550302255723968
2004-09-23,0.001658109008363226
2004-09-24,0.00993410669425954
2004-09-27,0.002764975959586981
2004-09-28,0.0015350732311055788
2004-09-29,0.002759010999303595
2004-09-30,0.0012479406095309304
2004-10-01,-0.004089441143404974
2004-10-04,-0.008210495828957505
2004-10-05,0.0011408072532254217
2004-10-06,0.002881180286232114
2004-10-07,0.0024168638439293014
2004-10-08,0.004043248345387862
2004-10-11,-0.0028642921271158648
2004-10-12,0.0034413373591811536
2004-10-13,-0.003953192987596957
2004-10-14,0.012382822719865318
2004-10-15,0.020986790120612216
2004-10-18,0.0022750705943803476
2004-10-19,0.0017426482259532221
2004-10-20,-0.0012280095842814045
2004-10-21,0.018192981963528313
2004-10-22,0.015284501275932064
2004-10-25,0.005797399476387201
2004-10-26,0.0013603793049345443
2004-10-27,0.002552170789800813
2004-10-28,0.005079569876404856
2004-10-29,-0.003763729304628301
2004-11-01,0.005895415629537394
2004-11-02,-0.00038261563709692404
2004-11-03,0.002137433155172938
2004-11-04,-0.007542358048476356
2004-11-05,-0.001416068461128293
2004-11-08,0.010200998476786263
2004-11-09,-0.001490327649720465
2004-11-10,0.0064141781086512195
2004-11-11,0.0037031270453902927
2004-11-12,0.0012610087712918642
2004-11-15,-0.005141644102552403
2004-11-16,-0.0005834037803092267
2004-11-17,-0.0015531916257626515
2004-11-18,-0.0014522517897252764
2004-11-19,0.006066503475166998
2004-11-22,0.007596850117622257
2004-11-23,0.005188217686409568
2004-11-24,0.002963351547536687
2004-11-26,0.0008135512065854939
2004-11-29,0.005741243180043295
2004-11-30,0.005280304940628021
2004-12-01,0.0003184497704674988
2004-12-02,-0.0037462664896088676
2004-12-03,0.003470985302257896
2004-12-06,-0.0003870316135972177
2004-12-07,-0.006289821243674182
2004-12-08,0.0016884174171621531
2004-12-09,0.00264048693950454
2004-12-10,0.001221718506784299
2004-12-13,-0.0011031964957711866
2004-12-14,-6.282203825116294e-05
2004-12-15,-0.0005490788431549491
2004-12-16,-0.000805095968960881
2004-12-17,0.0016225443173583697
2004-12-20,0.0023087869164565397
2004-12-21,0.0018073363342994246
2004-12-22,0.004354846935827263
2004-12-23,0.0011982390348909242
2004-12-27,-0.0002745490729715998
2004-12-28,-0.002440866318076925
2004-12-29,0.002475267674919507
2004-12-30,0.00389802040665965
2004-12-31,0.0003410397408611593
2005-01-03,-0.003730014937937847
2005-01-04,-0.0006015080138631903
2005-01-05,0.0024210709954040704
2005-01-06,0.0018865786090469178
2005-01-07,0.003455059730540865
2005-01-10,0.0032526186555176307
2005-01-11,0.00038663707127462217
2005-01-12,0.005965117045685357
2005-01-13,0.007984245736352308
2005-01-14,-0.000547395268017519
2005-01-18,0.0006500022970989392
2005-01-19,-0.0012737255766451555
2005-01-20,0.005111869207195767
2005-01-21,0.004948373737804987
2005-01-24,0.001803316698030424
2005-01-25,-0.0020491656802976957
2005-01-26,0.006515682824416935
2005-01-27,-0.0030520342100516665
2005-01-28,0.0066496343605379205
2005-01-31,0.004420477376656696
2005-02-01,0.003368089624647636
2005-02-02,0.008574130350983897
2005-02-03,0.004668156363512492
2005-02-04,0.0013473089357628806
2005-02-07,0.0038579311972175056
2005-02-08,0.008566316911193403
2005-02-09,0.00645701406184451
2005-02-10,0.0043548810689709345
2005-02-11,0.001967596634645818
2005-02-14,0.005403540560914967
2005-02-15,0.0008674311371636251
2005-02-16,0.004340170941729557
2005-02-17,0.0015042854142371157
2005-02-18,0.003919272447033431
2005-02-22,0.0020529963814006997
2005-02-23,0.001958041418994509
2005-02-24,0.004427554025315958
2005-02-25,0.0014628508052665287
2005-02-28,0.016500574154373424
2005-03-01,-0.0016311569655266594
2005-03-02,-0.0019686867983938487
2005-03-03,-0.0005470530427206537
2005-03-04,0.005028665954143056
2005-03-07,-0.003466319693334324
2005-03-08,-0.0025797523753750867
2005-03-09,-0.004550396661528258
2005-03-10,0.002312235154188153
2005-03-11,0.0057337603291720916
2005-03-14,0.00334336584231974
2005-03-15,0.006777733306577273
2005-03-16,0.0036201009187632957
2005-03-17,0.004005158940141912
2005-03-18,-0.0011847789241913437
2005-03-21,0.0021163518838258504
2005-03-22,0.0034596074461709153
2005-03-23,0.005459715134362886
2005-03-24,0.0016978518902427825
2005-03-28,9.571277248755447e-05
2005-03-29,0.000576351920284532
2005-03-30,-1.0257879201318906e-05
2005-03-31,0.005113310758826565
2005-04-01,0.010474989177343593
2005-04-04,0.002776985746148301
2005-04-05,0.005969584087060135
2005-04-06,0.0036425320413009227
2005-04-07,-0.004047743968080203
2005-04-08,0.002633112096856005
2005-04-11,-0.002284398973774378
2005-04-12,0.0018455654052517163
2005-04-13,-0.00246207975482933
2005-04-14,-0.003772931964694333
2005-04-15,-0.007036160204509263
2005-04-18,0.0031885344521971706
2005-04-19,0.005270234948025536
2005-04-20,-0.009315515742236786
2005-04-21,-0.010568772595719611
2005-04-22,0.014164413764054282
2005-04-25,0.006802898089798939
2005-04-26,-0.00449099500261615
2005-04-27,0.001828183604861248
2005-04-28,0.0009614504587838077
2005-04-29,0.007302376597720784
2005-05-02,0.0042780400512288635
2005-05-03,0.00041370554077995803
2005-05-04,-0.0004959973859712432
2005-05-05,-0.0019322910193648808
2005-05-06,0.0005983501627917336
2005-05-09,-0.00502879900263942
2005-05-10,0.0012381296492730894
2005-05-11,0.0013069490667241253
2005-05-12,-0.0006725494635344532
2005-05-13,-0.003659909853995498
2005-05-16,0.0018428046918486075
2005-05-17,0.009121944466359937
2005-05-18,0.0008262995569000718
2005-05-19,-0.007685241379527785
2005-05-20,0.010058129700879223
2005-05-23,0.005333691830030351
2005-05-24,-0.004874832258883346
2005-05-25,-0.00010589506521897096
2005-05-26,-0.0017175374586145442
2005-05-27,0.0024850985475689106
2005-05-31,0.0016535593779305356
2005-06-01,0.0023389162684517403
2005-06-02,-8.379826348989199e-05
2005-06-03,0.009372952369483697
2005-06-06,0.005625822501182351
2005-06-07,0.002597410376114768
2005-06-08,0.0035917992279237533
2005-06-09,0.00010856133797510571
2005-06-10,0.009179889467567058
2005-06-13,-0.00026584253987693533
2005-06-14,-1.0753658544240715e-05
2005-06-15,0.0009110416406994099
2005-06-16,-0.0028937776573826285
2005-06-17,-0.0005247071156357056
2005-06-20,0.0013704480160796279
2005-06-21,0.0012804821018454655
2005-06-22,-0.00031619982440814367
2005-06-23,0.0034032028152242086
2005-06-24,0.0011555332499571165
2005-06-27,0.008093716091731571
2005-06-28,-0.002661516206472337
2005-06-29,0.00246886236930359
2005-06-30,0.0005240843452084017
2005-07-01,0.000853588264223612
2005-07-05,0.004379052709820869
2005-07-06,-0.0019516960407977573
2005-07-07,0.00011812781523831567
2005-07-08,-0.001312903827450989
2005-07-11,0.00029934738708805317
2005-07-12,0.001989513705599159
2005-07-13,0.0017569549619197893
2005-07-14,-0.003494350145545482
2005-07-15,0.0023360930588110238
2005-07-18,-0.001909177329984651
2005-07-19,0.003517357320437957
2005-07-20,0.0032524903689752868
2005-07-21,-0.003450503184367542
2005-07-22,-0.00222125050837813
2005-07-25,0.000746352262594214
2005-07-26,0.0016001643739005562
2005-07-27,0.008644469009722206
2005-07-28,0.0006798167929458394
2005-07-29,0.005760212791635852
2005-08-01,-0.0012805202788821984
2005-08-02,0.0029826202948383712
2005-08-03,0.008368730323277715
2005-08-04,0.00143325080324127
2005-08-05,-0.002670055764064741
2005-08-08,0.008329948759966316
2005-08-09,-0.0027861501465260056
2005-08-10,-0.0014176109607252287
2005-08-11,-0.0010274485452816664
2005-08-12,-0.0014840832885896554
2005-08-15,-0.0037955406150353256
2005-08-16,-0.0003252949015387709
2005-08-17,0.002233953201958576
2005-08-18,-0.0028819027536757676
2005-08-19,0.011445394709700497
2005-08-22,0.005297954520288568
2005-08-23,0.0010470102449844916
2005-08-24,0.0006091788559806251
2005-08-25,-0.00014749438887038207
2005-08-26,-0.0001375115108922283
2005-08-29,0.002501821758404634
2005-08-30,0.0040602779719525525
2005-08-31,0.0199505406266929
2005-09-01,0.004971681829383068
2005-09-02,-0.0025477288723170883
2005-09-06,0.0020904934624306217
2005-09-07,0.016774865837372605
2005-09-08,0.0019460055993115659
2005-09-09,-0.0035568757917173984
2005-09-12,0.0018975599926028615
2005-09-13,-0.0019066152235395323
2005-09-14,-0.0009876033500848783
2005-09-15,-0.003640367929647817
2005-09-16,0.006053481079661333
2005-09-19,7.908012939102869e-05
2005-09-20,-0.0022240691217260827
2005-09-21,0.003137712134397643
2005-09-22,-0.0029580755423123887
2005-09-23,-7.383578527082417e-05
2005-09-26,0.002703398334919959
2005-09-27,0.004134532365299075
2005-09-28,0.019598182079928205
2005-09-29,0.0007447731904320133
2005-09-30,0.005989812494392594
2005-10-03,0.009168180300466962
2005-10-04,0.0009266031023499784
2005-10-05,-0.0010656885893636564
2005-10-06,0.003055628735861765
2005-10-07,0.00554995390124904
2005-10-10,0.0015470003273844687
2005-10-11,0.0029223247193501814
2005-10-12,-0.003529902310182401
2005-10-13,0.004675083606405455
2005-10-14,-0.002165445797879312
2005-10-17,-0.000775653464242512
2005-10-18,0.004667896251421204
2005-10-19,-0.002857869295913534
2005-10-20,-0.007908232076203602
2005-10-21,0.002702715510163249
2005-10-24,0.007211991932966092
2005-10-25,0.007641101219820749
2005-10-26,0.001340921396540338
2005-10-27,0.009314700124996628
2005-10-28,0.004586745517051806
2005-10-31,0.0011756070652924784
2005-11-01,0.004103899728127269
2005-11-02,0.009326812585790701
2005-11-03,0.002522547916668129
2005-11-04,-6.372218648391926e-05
2005-11-07,0.0031354830873124642
2005-11-08,0.000786235866495379
2005-11-09,0.0018254716569551972
2005-11-10,0.003455182466917132
2005-11-11,0.004525713003684101
2005-11-14,0.004038812918012608
2005-11-15,0.001426217513738812
2005-11-16,-0.0016717177702774036
2005-11-17,0.01242742762380425
2005-11-18,0.0006522248946435533
2005-11-21,0.0035783873666181978
2005-11-22,0.005975705057052327
2005-11-23,-0.005751619441680178
2005-11-25,0.007507823375099554
2005-11-28,0.0006985645600076634
2005-11-29,-0.0010659408782228734
2005-11-30,0.0022923675710267693
2005-12-01,0.007085496496055635
2005-12-02,0.003322293727025888
2005-12-05,-0.0007724381455318446
2005-12-06,-0.0011103249317037439
2005-12-07,-0.0009816439438591897
2005-12-08,0.00027227212189269776
2005-12-09,0.0011908495270979164
2005-12-12,0.0025867931490092004
2005-12-13,-0.003393679524854963
2005-12-14,-0.0019301394141083236
2005-12-15,0.0004739803123813164
2005-12-16,0.002525904455681289
2005-12-19,0.005095784196411734
2005-12-20,0.0018438920625209326
2005-12-21,-0.001879568024150003
2005-12-22,0.0015818126237076612
2005-12-23,0.0015855884085308222
2005-12-27,0.010052002379457584
2005-12-28,0.0010853019154511462
2005-12-29,-0.0027503514263176837
2005-12-30,-0.0008704409590559496
2006-01-03,0.004357792475890545
2006-01-04,0.006083056026810786
2006-01-05,-0.0026397485394218092
2006-01-06,0.001858048801872251
2006-01-09,0.004371474190734796
2006-01-10,0.010076278550301698
2006-01-11,0.0032308627775428727
2006-01-12,0.003851778047531817
2006-01-13,0.00850170654175696
2006-01-17,0.0038630997519061355
2006-01-18,-0.0010734322715335838
2006-01-19,-0.001167832822391193
2006-01-20,-0.003308591188268213
2006-01-23,-0.002436299398790938
2006-01-24,-0.00021347981336570048
2006-01-25,0.005274893727472649
2006-01-26,0.0094506900242964
2006-01-27,0.005791606536903094
2006-01-30,0.001938513105521357
2006-01-31,0.0016271670626457862
2006-02-01,-0.0008554253223934243
2006-02-02,-0.006577898628318387
2006-02-03,-0.0037832298538673947
2006-02-06,-0.0031050483395106973
2006-02-07,0.0032668361110973947
2006-02-08,0.003949856182283213
2006-02-09,0.004248856082691354
2006-02-10,-0.0016430008431715963
2006-02-13,-0.005554653966123138
2006-02-14,0.0028843011498005623
2006-02-15,0.0009628874149077068
2006-02-16,0.0005234745771773336
2006-02-17,-0.0045251488336094225
2006-02-21,0.0017521515978995267
2006-02-22,0.0023370950314109
2006-02-23,0.0052567963920945775
2006-02-24,0.0033416308520059987
2006-02-27,0.003378296147980861
2006-02-28,0.000843793921578559
2006-03-01,0.0064035348289835856
2006-03-02,0.005459675351499965
2006-03-03,-0.0019693438616524028
2006-03-06,0.00665778264510058
2006-03-07,-0.005438841273548973
2006-03-08,-0.0010059734880958552
2006-03-09,-0.004683459053827444
2006-03-10,-0.0002793623945975136
2006-03-13,0.0029972350484544314
2006-03-14,-0.003648799747087128
2006-03-15,0.004017910004952424
2006-03-16,0.001065410556493431
2006-03-17,0.0032116276943537484
2006-03-20,-0.001941506742686297
2006-03-21,-0.006198630854232142
2006-03-22,-0.00020331118843450118
2006-03-23,0.0018361621586798433
2006-03-24,0.0009676889662458182
2006-03-27,-0.0013071196804707633
2006-03-28,-0.002183669344810915
2006-03-29,0.008159957496916516
2006-03-30,-0.0009773830960488478
2006-03-31,0.00661213751589641
2006-04-03,0.020552133062953754
2006-04-04,-0.003813444836948528
2006-04-05,0.0008592781747581685
2006-04-06,0.0019715244747688016
2006-04-07,-0.003117993241524285
2006-04-10,-0.0067983285400232355
2006-04-11,0.003738152146272042
2006-04-12,0.0007143634410608812
2006-04-13,-0.0032033615683656333
2006-04-17,0.004134566187848204
2006-04-18,-0.0012396767522825486
2006-04-19,0.0025417763801653254
2006-04-20,-0.00010374926815527365
2006-04-21,0.008968389290905723
2006-04-24,0.004899486989865054
2006-04-25,0.004539688013590127
2006-04-26,-0.0042886186932754086
2006-04-27,-0.0044771707259432456
2006-04-28,0.00016988432621260774
2006-05-01,0.007263477842973572
2006-05-02,0.00296071234665751
2006-05-03,0.006739907100547844
2006-05-04,0.0013986566640801995
2006-05-05,0.005915884872686654
2006-05-08,0.0033932726457667753
2006-05-09,0.006884377481739465
2006-05-10,0.0075905928256233424
2006-05-11,-0.0047471759694890665
2006-05-12,0.0051695934332278105
2006-05-15,0.007369988013345148
2006-05-16,0.0006706505873989616
2006-05-17,-0.0025220462662438312
2006-05-18,-0.0019481726730977283
2006-05-19,0.006094968076283515
2006-05-22,-0.007871979669665945
2006-05-23,0.001774804306131618
2006-05-24,-0.00779093886639094
2006-05-25,0.009403532443065089
2006-05-26,0.008950103891146585
2006-05-30,-0.0029523648800109984
2006-05-31,0.0018976881547567949
2006-06-01,0.003004197331364155
2006-06-02,0.0003600138311749142
2006-06-05,-0.0024836028013986394
2006-06-06,0.003241200255137168
2006-06-07,0.002481579986368205
2006-06-08,-0.0037846898216488283
2006-06-09,0.0021204790398688827
2006-06-12,0.006133196470086248
2006-06-13,0.0006415429249870213
2006-06-14,-0.0037253236765822954
2006-06-15,0.0028114939806403575
2006-06-16,0.002048859203110786
2006-06-19,0.00493623439612816
2006-06-20,0.0020165875495738532
2006-06-21,0.0026724938524397127
2006-06-22,0.004322485721786894
2006-06-23,0.0021524899253173016
2006-06-26,0.003369900930938649
2006-06-27,0.008164041942897656
2006-06-28,0.006254041058824536
2006-06-29,0.007689287498649163
2006-06-30,0.002627419290562695
2006-07-03,0.0033228807114970378
2006-07-05,0.003517780509593981
2006-07-06,0.0028964232297015273
2006-07-07,-0.0004842171388345378
2006-07-10,-0.000295851882995704
2006-07-11,0.004135348705732797
2006-07-12,-0.0008911072228461796
2006-07-13,-0.004067902318200021
2006-07-14,0.004062017950762013
2006-07-17,0.004460712219177727
2006-07-18,0.011431636286783472
2006-07-19,-0.0007600585083134998
2006-07-20,0.000738932677824502
2006-07-21,-0.005836146130092675
2006-07-24,0.005034971238720344
2006-07-25,0.003869013514936663
2006-07-26,0.005031568506222365
2006-07-27,0.010193480775223463
2006-07-28,-0.0036100076104611375
2006-07-31,0.0038411999971381464
2006-08-01,-0.0009585826924235287
2006-08-02,0.0017556070657564747
2006-08-03,-0.007786142733195821
2006-08-04,-0.0033861451299463828
2006-08-07,0.0020132488244420906
2006-08-08,0.003707939724959936
2006-08-09,0.004043121397563715
2006-08-10,-0.00019154663570223812
2006-08-11,0.0013774883093169363
2006-08-14,-5.608394411860393e-05
2006-08-15,-0.0009417590403878051
2006-08-16,-0.00789089062649054
2006-08-17,-0.002527910867497363
2006-08-18,0.00599606915085799
2006-08-21,0.004096521255026647
2006-08-22,-0.003423746716123069
2006-08-23,0.003053692264654308
2006-08-24,-0.0010180774343085445
2006-08-25,0.0020048667158631046
2006-08-28,0.007849690943059751
2006-08-29,-0.003729084402909806
2006-08-30,0.0007718048974351596
2006-08-31,0.00026817725019289985
2006-09-01,0.0008055205452719709
2006-09-05,0.002274325963748864
2006-09-06,0.0009630432463328976
2006-09-07,-0.0029144493811571323
2006-09-08,0.0017774719798707103
2006-09-11,0.004281389209872752
2006-09-12,-0.00164249271350111
2006-09-13,0.0030536472230047336
2006-09-14,0.009649899121530475
2006-09-15,0.00224965771901812
2006-09-18,-0.0011730553467672938
2006-09-19,-0.0005085509979339058
2006-09-20,0.005968370417664902
2006-09-21,0.009747312664498147
2006-09-22,-0.0006170426778390974
2006-09-25,0.0013883000962176314
2006-09-26,0.006764312533144216
2006-09-27,-0.0007419520363377546
2006-09-28,0.021793701517143733
2006-09-29,0.0009283927609948268
2006-10-02,0.004685973340727172
2006-10-03,0.00789191308781093
2006-10-04,0.002029142426476682
2006-10-05,-0.00052066707318432
2006-10-06,0.004067879750279302
2006-10-09,-0.004079884441725924
2006-10-10,-0.0037330073550183923
2006-10-11,0.0001184358439731145
2006-10-12,0.003511282575764804
2006-10-13,0.002744052942123358
2006-10-16,0.00030597786188144753
2006-10-17,-0.0007396614683849359
2006-10-18,-0.0038632297241671535
2006-10-19,0.0079178255207031
2006-10-20,0.0022684978841737034
2006-10-23,0.0021465184182341327
2006-10-24,0.007272555781958021
2006-10-25,-0.0009483104481706509
2006-10-26,-0.0007186721040476687
2006-10-27,-0.0030443059111638186
2006-10-30,-0.0006660317000878884
2006-10-31,0.005523542168392194
2006-11-01,0.01064624573254689
2006-11-02,-0.0020298191299552644
2006-11-03,-0.0002173167247977608
2006-11-06,0.0077812938744746245
2006-11-07,0.0022130582345145705
2006-11-08,-0.0011979890113588557
2006-11-09,-0.0012306053121079
2006-11-10,0.00165484776368187
2006-11-13,-0.00022034448141077927
2006-11-14,-0.005908805491062863
2006-11-15,0.0013631460901884981
2006-11-16,-0.0009429260415028588
2006-11-17,0.00465255649474588
2006-11-20,-0.0006257643535177086
2006-11-21,0.0013372371836622653
2006-11-22,0.002843611492577784
2006-11-24,-0.0009581920634708776
2006-11-27,-0.0008701271122420264
2006-11-28,0.0026771504926928784
2006-11-29,-0.0017545659076825867
2006-11-30,-0.002092398858164904
2006-12-01,0.0013340911644036187
2006-12-04,-0.0023407637087253467
2006-12-05,-0.001365133721621524
2006-12-06,-0.0020729092798656115
2006-12-07,0.009148787567906692
2006-12-08,0.005712072088660684
2006-12-11,0.006185552896801669
2006-12-12,0.0008609765399545673
2006-12-13,0.005422180270475413
2006-12-14,-0.0046094277069686105
2006-12-15,0.002162326034038193
2006-12-18,-0.003886798568817314
2006-12-19,0.0037786316657381406
2006-12-20,0.0012802818524958876
2006-12-21,0.006731450294509838
2006-12-22,-0.0042082075266383955
2006-12-26,-0.0018299942922759388
2006-12-27,0.004792440767387235
2006-12-28,-0.0011453574781133007
2006-12-29,-0.002115224206266844
2007-01-03,-0.0003365959303547575
2007-01-04,0.007419824904696501
2007-01-05,-0.00013741476099692382
2007-01-08,0.0006980088659235557
2007-01-09,-0.0035586474209328353
2007-01-10,0.006267849080321126
2007-01-11,0.007887660442439002
2007-01-12,0.013773099267333075
2007-01-16,-0.0028958455252781983
2007-01-17,0.0031065389594260853
2007-01-18,-0.0038745386546835355
2007-01-19,0.002309337753782367
2007-01-22,0.0005562683122858366
2007-01-23,0.0038485294916041357
2007-01-24,0.005521927248592943
2007-01-25,-0.00391942319029124
2007-01-26,0.0021153269496314857
2007-01-29,0.0002772388433711565
2007-01-30,0.008217739077708933
2007-01-31,0.0014354029417102706
2007-02-01,0.0034116339413564596
2007-02-02,0.003659021519656129
2007-02-05,-0.0022757930799445687
2007-02-06,0.001259106985992419
2007-02-07,0.004527278652945205
2007-02-08,0.005201791623867217
2007-02-09,-0.005626517539268468
2007-02-12,-2.911071106098006e-06
2007-02-13,0.012398521717599998
2007-02-14,0.001636467667046128
2007-02-15,0.006078907861086426
2007-02-16,0.003679607672778122
2007-02-20,0.008249462046913318
2007-02-21,0.005372188135518405
2007-02-22,-0.0018306567018065486
2007-02-23,-0.0039110623867894415
2007-02-26,-0.004307915572018784
2007-02-27,-0.002313543127510942
2007-02-28,0.00816359246571258
2007-03-01,0.005502990731714041
2007-03-02,0.0029155538328957424
2007-03-05,0.0005557719622806997
2007-03-06,0.0019565424636286736
2007-03-07,-0.004968900990896062
2007-03-08,0.01447644045186349
2007-03-09,0.00014110679680856726
2007-03-12,0.0049391994813014605
2007-03-13,-0.0033347097763686794
2007-03-14,0.0011530170305984661
2007-03-15,-0.0024522468384166702
2007-03-16,-0.0013036058341005037
2007-03-19,0.005431099058459036
2007-03-20,0.0020044418935696944
2007-03-21,0.0013386038599108446
2007-03-22,0.003762322281849052
2007-03-23,-0.0036824243155713114
2007-03-26,-0.0036344902086666657
2007-03-27,-0.0043372389228910875
2007-03-28,0.00027785843024818747
2007-03-29,-0.0010293277639861855
2007-03-30,-0.004596815983751233
2007-04-02,0.008100679931323402
2007-04-03,0.0001666652758619343
2007-04-04,0.004645747017471408
2007-04-05,0.001547320713566684
2007-04-09,0.0003344107580519635
2007-04-10,0.0022173989945185216
2007-04-11,0.004778707606201619
2007-04-12,0.0014876693016468295
2007-04-13,0.0012351012816677917
2007-04-16,0.004951990419483498
2007-04-17,-0.0006584195734294899
2007-04-18,-0.005401427154991685
2007-04-19,-0.004080887407270322
2007-04-20,0.00267486546379821
2007-04-23,0.00467116405411694
2007-04-24,-0.0016450208632284176
2007-04-25,0.013336236136787263
2007-04-26,0.014120458387209578
2007-04-27,0.002533839800071133
2007-04-30,-0.0050599071780633356
2007-05-01,0.0007288649554030497
2007-05-02,0.0022058778638421755
2007-05-03,0.005195692589542721
2007-05-04,0.011804578176279282
2007-05-07,0.002510440569368259
2007-05-08,0.002556729017429757
2007-05-09,0.0015743681815139454
2007-05-10,-0.0008550350809249113
2007-05-11,-0.0019429060170730035
2007-05-14,-0.004327864296837179
2007-05-15,0.0030302721714772765
2007-05-16,0.003090717054453466
2007-05-17,0.0015323486472473276
2007-05-18,-0.0006689569838222847
2007-05-21,-0.0009672682250684811
2007-05-22,0.013505584762763548
2007-05-23,-0.000550048043355547
2007-05-24,0.0016785871088805869
2007-05-25,0.002505935927077864
2007-05-29,0.003033879775636554
2007-05-30,0.007961115297641925
2007-05-31,-0.0001871140511693241
2007-06-01,0.0031409917055185872
2007-06-04,0.004333569545526388
2007-06-05,0.008064481790235127
2007-06-06,0.0025673143500483304
2007-06-07,-0.0032868868949854045
2007-06-08,0.005051107584297509
2007-06-11,0.003926848978964996
2007-06-12,0.0026606648723175147
2007-06-13,0.008413302636506843
2007-06-14,0.0035224521138374036
2007-06-15,0.0026652089368124064
2007-06-18,0.0031792851755019906
2007-06-19,0.0003470719748761093
2007-06-20,-0.00496965384194189
2007-06-21,-0.001963456153968182
2007-06-22,0.00182292863390131
2007-06-25,-0.0019003553781280387
2007-06-26,-0.00048805409710133855
2007-06-27,-0.007147846801073848
2007-06-28,0.006379557032612576
2007-06-29,0.004315190415241725
2007-07-02,0.02693295241907416
2007-07-03,0.0037861936175716043
2007-07-05,-0.0003083272917887152
2007-07-06,-0.00046193259949984616
2007-07-09,0.024880413164384316
2007-07-10,-0.0016834408604341385
2007-07-11,0.0025764455966289126
2007-07-12,-0.0051863252206496725
2007-07-13,0.004233291066450573
2007-07-16,-0.0008699918176082716
2007-07-17,0.002450342357221073
2007-07-18,-0.0003627281209775451
2007-07-19,0.004697314930945887
2007-07-20,0.011523679284496404
2007-07-23,0.007846995431421503
2007-07-24,-0.0016902943948484306
2007-07-25,0.009955938798393273
2007-07-26,-0.00078568444506747
2007-07-27,0.009454650651365963
2007-07-30,0.008224348289631481
2007-07-31,-0.0005972211368369367
2007-08-01,-0.0006841992298775805
2007-08-02,-0.00012859920567082582
2007-08-03,0.015846488692000733
2007-08-06,0.001599070036516197
2007-08-07,-0.0025782640053243475
2007-08-08,0.006830407678370093
2007-08-09,0.012721002846210241
2007-08-10,-0.0014345314977427773
2007-08-13,0.004094982241129849
2007-08-14,0.004655433191293931
2007-08-15,0.0022822489409353177
2007-08-16,0.0035132535228628928
2007-08-17,-0.000644593353840455
2007-08-20,-0.00022968575146296722
2007-08-21,0.005790091791120602
2007-08-22,-0.00258081585668591
2007-08-23,-0.0026572550889639975
2007-08-24,0.003535398303021965
2007-08-27,0.008661646017971718
2007-08-28,0.0062373070033659925
2007-08-29,-0.0004828119559135874
2007-08-30,0.008182824447814633
2007-08-31,-0.005753233452741358
2007-09-04,0.0003524887022498932
2007-09-05,0.009719596242746353
2007-09-06,0.00039235374308802483
2007-09-07,0.005971127917351061
2007-09-10,0.008299133640971016
2007-09-11,0.000104660297834191
2007-09-12,-0.0014951071374689454
2007-09-13,-0.0007943636750341669
2007-09-14,-0.0031836374334664424
2007-09-17,9.580858995126017e-05
2007-09-18,0.004050293714320007
2007-09-19,0.0006216607072297204
2007-09-20,0.007729332878628472
2007-09-21,0.005297498619059471
2007-09-24,0.009478019556930024
2007-09-25,0.0076835942088253366
2007-09-26,0.005604851022080408
2007-09-27,0.0007166859795232455
2007-09-28,0.00158785898024101
2007-10-01,-0.006810727909229779
2007-10-02,-0.006133011598012413
2007-10-03,-0.0021110714934614657
2007-10-04,0.009580674842890843
2007-10-05,-0.00010382446268603132
2007-10-08,0.00991777477396363
2007-10-09,0.0026234914206274347
2007-10-10,-0.002889425243223472
2007-10-11,-0.0050403523863634695
2007-10-12,0.010203296995817327
2007-10-15,0.0037491199064839547
2007-10-16,0.006669885124150593
2007-10-17,0.003924618738476654
2007-10-18,0.007396584943084502
2007-10-19,0.0026876180073645557
2007-10-22,-0.005064612248157741
2007-10-23,0.013501059600813867
2007-10-24,0.0021656737845910418
2007-10-25,0.0018098400680033296
2007-10-26,-0.0006583459603000138
2007-10-29,0.0035995465349707273
2007-10-30,0.0004240674687173326
2007-10-31,0.014077870042576388
2007-11-01,0.003903840202034152
2007-11-02,0.001313010369619849
2007-11-05,0.00245342681382737
2007-11-06,0.00731148942969994
2007-11-07,0.01662024284089999
2007-11-08,0.013594110365575202
2007-11-09,-0.003072263410240617
2007-11-12,-0.010363339402400248
2007-11-13,0.004977742360464612
2007-11-14,0.00656752423751507
2007-11-15,6.140007948159467e-05
2007-11-16,0.006550265779563041
2007-11-19,0.004083137759190334
2007-11-20,0.010538120776578322
2007-11-21,0.007241514448919359
2007-11-23,-0.005392734011566869
2007-11-26,0.015767885489986873
2007-11-27,0.000592891868556828
2007-11-28,0.006495107612679603
2007-11-29,0.005381925229884994
2007-11-30,-0.004403859970221709
2007-12-03,0.0032030284194987783
2007-12-04,-0.003139888161610991
2007-12-05,0.004220942143357258
2007-12-06,-0.012790564434140164
2007-12-07,0.002959850729867044
2007-12-10,-0.001647461334644954
2007-12-11,0.004717530998571677
2007-12-12,-0.0012076895205265785
2007-12-13,0.0014936827979418442
2007-12-14,0.013662965687931888
2007-12-17,-0.002229395613645691
2007-12-18,0.0007187088832986461
2007-12-19,0.00028252463825115097
2007-12-20,0.007630696743919392
2007-12-21,0.0004771497519926158
2007-12-24,0.002336124797218166
2007-12-26,0.010776615115884403
2007-12-27,0.004578034572166648
2007-12-28,0.003028950786958686
2007-12-31,-0.0056122381634073175
2008-01-02,0.0019747762367322537
2008-01-03,0.011441580291636402
2008-01-04,-0.0041562424499206
2008-01-07,-0.0009957045549406217
2008-01-08,0.010064401192812735
2008-01-09,0.007402202145384231
2008-01-10,-0.00522565520105763
2008-01-11,0.0018415372719125605
2008-01-14,0.0031987883485501737
2008-01-15,-0.0015300216721564272
2008-01-16,-0.01845937664266595
2008-01-17,-0.0018965152805297228
2008-01-18,0.005962242025414677
2008-01-22,0.008639266507878867
2008-01-23,-0.009338637016442702
2008-01-24,0.0012357353457564837
2008-01-25,-0.0015663963035972978
2008-01-28,-0.0012074014234464262
2008-01-29,-0.001408577038957793
2008-01-30,-0.003974931400145152
2008-01-31,0.00831227507421121
2008-02-01,0.00850903774858631
2008-02-04,0.004827898939728176
2008-02-05,0.008797273957940452
2008-02-06,0.0059727388409591435
2008-02-07,-7.054465180062852e-05
2008-02-08,0.009651565918495707
2008-02-11,0.0053444435933553145
2008-02-12,-0.0016038349453319062
2008-02-13,0.013424482634496809
2008-02-14,0.005631567720959436
2008-02-15,0.007395009702282895
2008-02-19,0.000812342680518367
2008-02-20,-0.0026424523294205065
2008-02-21,-0.0003030477290659513
2008-02-22,0.003976551702943
2008-02-25,0.004735681150144352
2008-02-26,-0.004602609998496934
2008-02-27,-0.0037068751206856135
2008-02-28,-0.003978878462969233
2008-02-29,0.006858302606426149
2008-03-03,0.0036571471031232616
2008-03-04,-0.000633795282099075
2008-03-05,0.006296068788563166
2008-03-06,0.0034350340107540426
2008-03-07,-0.004168243428733913
2008-03-10,0.0004739783915236926
2008-03-11,0.007269382754699924
2008-03-12,0.0013684724431727454
2008-03-13,0.012117883726997652
2008-03-14,-0.00018802756965479022
2008-03-17,-0.00147265902065662
2008-03-18,0.005354003161588199
2008-03-19,-0.009841620780180773
2008-03-20,-0.01778201205635092
2008-03-24,-0.005886660133296359
2008-03-25,0.0023386426480963888
2008-03-26,0.011590018928936588
2008-03-27,5.109671570966155e-05
2008-03-28,0.007469936185915979
2008-03-31,-0.001098642368603347
2008-04-01,0.0023710190372442123
2008-04-02,0.0033722389539634417
2008-04-03,0.006978121078649473
2008-04-04,0.00878729924407828
2008-04-07,0.0012082140559941186
2008-04-08,0.009603650768489264
2008-04-09,0.004952384693003376
2008-04-10,4.138487234411339e-08
2008-04-11,0.0044673589165408305
2008-04-14,0.00678453691965523
2008-04-15,0.0053146685411283355
2008-04-16,0.006455648904631112
2008-04-17,-0.0007291182420223601
2008-04-18,-0.004376424044049155
2008-04-21,0.006762287793592271
2008-04-22,0.02523972071885675
2008-04-23,-0.0067779331093901826
2008-04-24,-0.006204684083420429
2008-04-25,0.01137353278183242
2008-04-28,-0.007325887714889852
2008-04-29,-0.006077642568959355
2008-04-30,0.008676987987554138
2008-05-01,-0.009984521013616165
2008-05-02,0.005837372488570722
2008-05-05,0.005673688391393095
2008-05-06,0.006427486337720036
2008-05-07,0.00039170855663993114
2008-05-08,0.003544333290248522
2008-05-09,0.0002378445275674475
2008-05-12,-0.0013118897278840596
2008-05-13,0.002139659996363765
2008-05-14,-0.006628440511456908
2008-05-15,-0.0013172311575816603
2008-05-16,0.00515665034699926
2008-05-19,0.0036366170640729735
2008-05-20,0.00796585038034711
2008-05-21,0.01364527313158997
2008-05-22,-0.0025935908454335606
2008-05-23,0.00552582832902736
2008-05-27,-0.013282525059241889
2008-05-28,0.011780076168732265
2008-05-29,-0.0011803302234803842
2008-05-30,0.0035875588254972363
2008-06-02,0.0063694976085153215
2008-06-03,-0.0009806708742427508
2008-06-04,-0.002000890586935918
2008-06-05,-0.004209901456062072
2008-06-06,0.008855832385938137
2008-06-09,0.014398134934723653
2008-06-10,0.00038747293145461714
2008-06-11,0.013105212504718838
2008-06-12,0.009889182733065504
2008-06-13,0.0011248753315746657
2008-06-16,-0.004054559934179028
2008-06-17,0.010215028598837998
2008-06-18,0.019666329647688822
2008-06-19,-0.018906114558543165
2008-06-20,0.009299408880095018
2008-06-23,0.019781654790841083
2008-06-24,-0.00824376115757761
2008-06-25,0.0007667005716567904
2008-06-26,-0.0022768769218969027
2008-06-27,0.007971509402519466
2008-06-30,0.0009599046582187992
2008-07-01,0.004772181681011392
2008-07-02,0.004604193156040523
2008-07-03,0.005458867695201188
2008-07-07,-0.005602523418904876
2008-07-08,-0.010111647948157523
2008-07-09,0.013786523041852437
2008-07-10,0.019799505891348632
2008-07-11,0.008578849779588917
2008-07-14,0.01778823359397454
2008-07-15,0.004666371820194828
2008-07-16,-0.01536126652930587
2008-07-17,-0.0034945574805844105
2008-07-18,-0.00412296146880457
2008-07-21,-0.0004593459347021228
2008-07-22,-0.026268915566605492
2008-07-23,-0.011160328195479094
2008-07-24,0.0270179855328116
2008-07-25,-0.0016880955791581291
2008-07-28,0.0032783898829968168
2008-07-29,-0.009270864016365454
2008-07-30,0.014220428310572967
2008-07-31,-0.0014998929890203197
2008-08-01,-0.0032380432488240568
2008-08-04,-0.004491491074479741
2008-08-05,-0.0008728344210048157
2008-08-06,-0.0029322881722562083
2008-08-07,0.014162578327231012
2008-08-08,-0.0004107956216855848
2008-08-11,0.00024475019834904895
2008-08-12,0.004181494076907215
2008-08-13,0.012421361145620674
2008-08-14,-0.007537001076872646
2008-08-15,-0.005547485412061113
2008-08-18,0.006470973554562677
2008-08-19,0.010809102818016043
2008-08-20,0.000617753756823844
2008-08-21,0.0071642744235659766
2008-08-22,-0.01398864543275887
2008-08-25,0.00546715552970734
2008-08-26,0.00624930215268601
2008-08-27,0.007678511374258424
2008-08-28,-0.012566067645378192
2008-08-29,-0.0026408350187232207
2008-09-02,-0.009833961744526842
2008-09-03,0.005441341904702546
2008-09-04,0.005688001972818958
2008-09-05,0.00025298160154146393
2008-09-08,0.01037896598715225
2008-09-09,0.011047203152401897
2008-09-10,0.013559338976626353
2008-09-11,0.0025323948408763662
2008-09-12,0.005106526389660552
2008-09-15,0.035236028909895356
2008-09-16,0.009615081787602786
2008-09-17,0.032587410795475225
2008-09-18,-0.007256169418980581
2008-09-19,-0.010722568959485094
2008-09-22,-0.002393671844801963
2008-09-23,0.006379448823024545
2008-09-24,0.017748480297495265
2008-09-25,0.004122562794707846
2008-09-26,0.003156871671693431
2008-09-29,0.05822422825071244
2008-09-30,-0.02494827545456441
2008-10-01,-0.002723580610621601
2008-10-02,0.02888792541315916
2008-10-03,0.009031392988660968
2008-10-06,0.019256188548401006
2008-10-07,0.020906519551537266
2008-10-08,0.001955556360659136
2008-10-09,0.024041960270011438
2008-10-10,0.03145923762874402
2008-10-13,-0.01621156375891892
2008-10-14,-0.0011708193747861258
2008-10-15,0.033303283381875805
2008-10-16,0.0005423798146237878
2008-10-17,-0.0030703550043030678
2008-10-20,-0.015120428811454267
2008-10-21,0.004402833062976349
2008-10-22,0.02696612905549461
2008-10-23,0.03342018913070903
2008-10-24,0.02226432052382208
2008-10-27,0.019415860616446266
2008-10-28,-0.012790746941845057
2008-10-29,-0.03746957493709187
2008-10-30,0.005155713739295536
2008-10-31,-0.02606714740301476
2008-11-03,-0.027362041628049567
2008-11-04,-0.014331847888212523
2008-11-05,0.019495106168202738
2008-11-06,0.034913176310499776
2008-11-07,-0.0075474290117127805
2008-11-10,-0.002050349964275221
2008-11-11,0.030968879108016264
2008-11-12,0.01915542973480861
2008-11-13,-0.007876950071111832
2008-11-14,-0.008794238049662775
2008-11-17,0.015342835148100645
2008-11-18,-0.0008956378607102416
2008-11-19,0.05516694793341544
2008-11-20,0.02958311136079578
2008-11-21,0.018556736436033273
2008-11-24,-0.029252355975148726
2008-11-25,-0.010629218701111895
2008-11-26,-0.022302927921620985
2008-11-28,-0.008208188547630255
2008-12-01,0.054715934377400265
2008-12-02,-0.03921496123513255
2008-12-03,0.009160131456631618
2008-12-04,0.0056977859285101285
2008-12-05,-0.014977530138622432
2008-12-08,-0.018685538570884966
2008-12-09,0.0023898833715752825
2008-12-10,-0.002629833814770984
2008-12-11,0.0037665039852416956
2008-12-12,-0.008231329240187416
2008-12-15,0.0073053805996551105
2008-12-16,0.0021166934725956937
2008-12-17,-0.007972731887956993
2008-12-18,0.01571305899308502
2008-12-19,-0.0024842877024041717
2008-12-22,0.004553565662321388
2008-12-23,0.0010587265826589904
2008-12-24,0.0019976363545901217
2008-12-26,-0.004620984505122142
2008-12-29,0.0040627643326382286
2008-12-30,-0.0011538734673526
2008-12-31,-0.009741130292668957
2009-01-02,-0.011262617858715867
2009-01-05,-0.01128005183460309
2009-01-06,-0.002426212687369985
2009-01-07,0.013533436975314953
2009-01-08,-0.0027889585614241045
2009-01-09,0.004425258421114642
2009-01-12,0.01677992323498167
2009-01-13,-0.012694736357985435
2009-01-14,0.013218900634990833
2009-01-15,0.013037964742671432
2009-01-16,-0.0015701179826091965
2009-01-20,0.03698024323883422
2009-01-21,-0.033229577506172274
2009-01-22,0.026866608050361
2009-01-23,-0.006805216095341969
2009-01-26,0.0010698835688617131
2009-01-27,-0.02088535769396466
2009-01-28,-0.015322946569264148
2009-01-29,0.018316207056348188
2009-01-30,0.004902862265727876
2009-02-02,0.017606424753709708
2009-02-03,0.01320827219791644
2009-02-04,0.014843017533358599
2009-02-05,-0.0029526844834574803
2009-02-06,-0.03504257575200357
2009-02-09,-0.010933013012954176
2009-02-10,0.031190505422053136
2009-02-11,-0.009039874271235173
2009-02-12,0.007872454938730804
2009-02-13,0.012566861840270815
2009-02-17,0.025455204109424305
2009-02-18,0.009024137026675507
2009-02-19,0.038708173868825094
2009-02-20,0.026397374777791922
2009-02-23,-0.010937880797621143
2009-02-24,-0.017079222859147696
2009-02-25,0.009042799732624346
2009-02-26,-0.019877514043587445
2009-02-27,0.05257582693402402
2009-03-02,0.026413901155917706
2009-03-03,0.009615370416613424
2009-03-04,0.004397433646387438
2009-03-05,0.02947940882756673
2009-03-06,0.006086610712529293
2009-03-09,-0.0028339804332973566
2009-03-10,-0.04683236079883245
2009-03-11,-0.005470873280441027
2009-03-12,-0.015867468756515526
2009-03-13,-0.029174260286364054
2009-03-16,-0.019100392167772606
2009-03-17,-0.01352432896105879
2009-03-18,-0.025028200677378626
2009-03-19,-0.008646662252387258
2009-03-20,0.015086640266551687
2009-03-23,-0.020700081986593
2009-03-24,0.0023929549275994175
2009-03-25,0.0013920160086078877
2009-03-26,0.00021880277775416092
2009-03-27,0.007110603187791165
2009-03-30,0.030106370888594462
2009-03-31,-0.005842901474493154
2009-04-01,-0.021108603311400017
2009-04-02,-0.020022196253793905
2009-04-03,-0.028743903286852238
2009-04-06,-0.00635520255811277
2009-04-07,0.016557010480492594
2009-04-08,-0.0011232530557743585
2009-04-09,-0.015176240174860698
2009-04-13,-0.02354407805834926
2009-04-14,0.008335198014614492
2009-04-15,-0.003648585656038444
2009-04-16,0.008648399196380257
2009-04-17,0.0029931945911690606
2009-04-20,0.0338285034849014
2009-04-21,-0.01758729973217566
2009-04-22,-0.004262678683284962
2009-04-23,-0.005799467829715284
2009-04-24,-0.009067016649151619
2009-04-27,0.012705551307848107
2009-04-28,0.009259367669367292
2009-04-29,-0.014787469556963997
2009-04-30,0.007792913819749196
2009-05-01,0.00614834241271967
2009-05-04,-0.015485052630848655
2009-05-05,0.003551773570737692
2009-05-06,-0.023441683470941617
2009-05-07,2.891158351400134e-05
2009-05-08,0.0031962800939241754
2009-05-11,0.0043132752091225085
2009-05-12,0.0050114110011687816
2009-05-13,0.009769097471316665
2009-05-14,0.0019528581456750133
2009-05-15,0.007146394881484099
2009-05-18,-0.00019233386680009417
2009-05-19,0.008124009186700101
2009-05-20,0.002288910128381813
2009-05-21,0.005494372441596196
2009-05-22,0.002072002098193406
2009-05-26,0.007382370848459293
2009-05-27,0.006555708901184827
2009-05-28,0.002866249225869823
2009-05-29,0.0013966234224080955
2009-06-01,0.007725039656072626
2009-06-02,-0.0013329036141835962
2009-06-03,0.001612556260694393
2009-06-04,0.004941932596405218
2009-06-05,0.005689836131592358
2009-06-08,0.006973555735470321
2009-06-09,0.0029052741543696145
2009-06-10,-0.0002567653409238017
2009-06-11,-0.0014793889306431202
2009-06-12,0.0026317058223631366
2009-06-15,-0.001346175542229207
2009-06-16,-0.004362125575350227
2009-06-17,0.005913802549410521
2009-06-18,0.005118342329812281
2009-06-19,0.0020938386980177775
2009-06-22,0.003803810300423047
2009-06-23,0.019383231014743527
2009-06-24,0.004491036860210193
2009-06-25,0.002948816762255816
2009-06-26,0.010146887246620055
2009-06-29,-0.0026629838742066774
2009-06-30,0.0005503774077355379
2009-07-01,0.012437515451441505
2009-07-02,-0.002463798922058092
2009-07-06,0.0024423847997754873
2009-07-07,0.005885465553849303
2009-07-08,0.008418795356502435
2009-07-09,0.010856217916401498
2009-07-10,-0.006122221790895494
2009-07-13,-0.012200023950584933
2009-07-14,0.0009084235339506037
2009-07-15,0.0009739336429271745
2009-07-16,0.008673042237787903
2009-07-17,0.0051965195570513965
2009-07-20,-0.0007914963568477322
2009-07-21,0.007831072260358962
2009-07-22,0.008724419573522268
2009-07-23,0.01016493571587253
2009-07-24,-0.002870677858503868
2009-07-27,0.007001659798549162
2009-07-28,-0.006053744028130763
2009-07-29,-0.003009560373757457
2009-07-30,0.0027609526940894345
2009-07-31,0.007775119960303101
2009-08-03,0.006288446256697153
2009-08-04,-0.0068573954131106105
2009-08-05,-0.00654485956586658
2009-08-06,0.0048775228286193
2009-08-07,0.016070160086964384
2009-08-10,-0.007582720415262137
2009-08-11,-0.009063346523834443
2009-08-12,0.003537428690160881
2009-08-13,-0.0004892876146147466
2009-08-14,-0.0047237823383766055
2009-08-17,-0.012539413896002289
2009-08-18,0.010520350505148516
2009-08-19,0.005611407695054039
2009-08-20,0.0026712258657735715
2009-08-21,0.005868673753810174
2009-08-24,-0.006187160160974779
2009-08-25,-0.0008403606586154645
2009-08-26,0.00029344808955824317
2009-08-27,-0.00031192598067650664
2009-08-28,-0.001736448346083253
2009-08-31,-0.0005216518153970221
2009-09-01,-0.007283401808990004
2009-09-02,-0.0027144801071659445
2009-09-03,0.0050654985020044145
2009-09-04,0.006778468088536332
2009-09-08,0.0015062476628095096
2009-09-09,0.005912931735607951
2009-09-10,-0.00744817953786588
2009-09-11,-0.0076105682000914745
2009-09-14,0.010105474562910699
2009-09-15,0.0012786506258582724
2009-09-16,-0.005974956487582313
2009-09-17,0.0010028535799355672
2009-09-18,-0.0014952955511352587
2009-09-21,0.006611714868552621
2009-09-22,0.003296922305580662
2009-09-23,-0.001373487703927079
2009-09-24,-0.010048095909026455
2009-09-25,-0.002291166223164239
2009-09-28,0.008584536208902527
2009-09-29,-0.0034378670995981577
2009-09-30,-0.0011677410298412097
2009-10-01,-0.0109732594209184
2009-10-02,0.0030263567160359285
2009-10-05,0.008399450442918855
2009-10-06,0.007635848634402259
2009-10-07,-0.0010596213557479465
2009-10-08,0.009783929705066977
2009-10-09,0.006839402476341546
2009-10-12,-0.0008378732694584137
2009-10-13,-0.0004439544148478829
2009-10-14,0.005781093584828937
2009-10-15,0.003504576189207171
2009-10-16,-0.004390706099361983
2009-10-19,0.0027066158028961076
2009-10-20,0.0026978649816100805
2009-10-21,-0.00410643541713087
2009-10-22,0.011029313763892549
2009-10-23,0.001821782022931801
2009-10-26,-0.006154996297351699
2009-10-27,-0.0075766349122421885
2009-10-28,-0.005769526915946875
2009-10-29,0.013766581202714654
2009-10-30,-0.009653597211918125
2009-11-02,0.0005022106688825832
2009-11-03,0.007755744704658741
2009-11-04,-0.00038809906964578424
2009-11-05,0.012728727592938725
2009-11-06,0.0015536212605217932
2009-11-09,0.006128256489034536
2009-11-10,0.004813628819974781
2009-11-11,0.0026183173214604388
2009-11-12,-0.003879711981689276
2009-11-13,0.001189746885967808
2009-11-16,-0.00023314165972781176
2009-11-17,0.0026388093463160776
2009-11-18,0.003858645084981089
2009-11-19,-0.0033119930751486525
2009-11-20,-0.001454826316041438
2009-11-23,0.004276860041002127
2009-11-24,0.004749466122790126
2009-11-25,0.003367092451080255
2009-11-27,0.001068660499983653
2009-11-30,-0.0027305153427827004
2009-12-01,0.006321579513107675
2009-12-02,0.0062500991883505785
2009-12-03,-0.007409750663016934
2009-12-04,0.004562631298587261
2009-12-07,-0.0104109811146386
2009-12-08,0.003711530334607668
2009-12-09,0.0035456581211169096
2009-12-10,-0.00046388097859768873
2009-12-11,0.005744700044904582
2009-12-14,0.002737494815532592
2009-12-15,-0.004602324596696018
2009-12-16,-0.000815880856404017
2009-12-17,0.0027621411716901726
2009-12-18,0.0025461847369236752
2009-12-21,0.008822712950762266
2009-12-22,0.016210634152458214
2009-12-23,0.0018103340282820228
2009-12-24,0.001086566278366698
2009-12-28,-0.004945381925695871
2009-12-29,-0.000833249918550563
2009-12-30,-0.00020725522652741455
2009-12-31,-0.0023539849233727567
2010-01-04,0.0050178046710517964
2010-01-05,0.007923938873490192
2010-01-06,0.004673396948979247
2010-01-07,-0.00048409893772615657
2010-01-08,0.003679681253649478
2010-01-11,-0.005518297505908978
2010-01-12,0.0018551230105018995
2010-01-13,0.007868671593621968
2010-01-14,0.0003050685454382957
2010-01-15,-0.003946526414078899
2010-01-19,0.004563922827097732
2010-01-20,0.0009785605674053352
2010-01-21,0.0013263590877539253
2010-01-22,0.002592372148917923
2010-01-25,0.005498942841742195
2010-01-26,0.00855720776333552
2010-01-27,0.003184975076515599
2010-01-28,-0.00249125703605859
2010-01-29,-0.00015770958052800765
2010-02-01,7.02117050724976e-05
2010-02-02,0.004224835526029059
2010-02-03,-0.002895012259500687
2010-02-04,-0.0014255982184948994
2010-02-05,0.004826002644173523
2010-02-08,0.002469705580299266
2010-02-09,0.013681171678240029
2010-02-10,0.007180876417503035
2010-02-11,0.0024775548944125495
2010-02-12,0.0029630152690950256
2010-02-16,-0.003923472374105173
2010-02-17,-0.005442198895606663
2010-02-18,-0.003256259927927879
2010-02-19,0.005141268193448984
2010-02-22,0.004584622448629589
2010-02-23,0.0022112276011588623
2010-02-24,0.0023683615797534347
2010-02-25,-0.00149723946611877
2010-02-26,0.00677451064569481
2010-03-01,0.007080030190309376
2010-03-02,0.0003600081807433737
2010-03-03,0.000775279034828686
2010-03-04,-0.0013989899338388086
2010-03-05,0.00628858605909581
2010-03-08,-0.0008645668027184498
2010-03-09,0.0026605568774811655
2010-03-10,0.002022395247571851
2010-03-11,0.002208091747266271
2010-03-12,0.007335078811500651
2010-03-15,0.0028207896251236445
2010-03-16,0.0017325470011047557
2010-03-17,0.007278720924767239
2010-03-18,-0.004525673289117667
2010-03-19,-0.004166428694289695
2010-03-22,0.006526734566678673
2010-03-23,0.005932481387256214
2010-03-24,-0.0010267644642592204
2010-03-25,-0.0011237877723269413
2010-03-26,0.004161151742786979
2010-03-29,0.0012548757325485144
2010-03-30,-0.0003675793916977703
2010-03-31,-0.0008891098186707042
2010-04-01,0.0009753598989258287
2010-04-05,0.006408477912369729
2010-04-06,0.0037936354252972983
2010-04-07,-0.00202934782432269
2010-04-08,0.002566164661270822
2010-04-09,0.002429699479294942
2010-04-12,0.004503727291768903
2010-04-13,0.0007965417101966714
2010-04-14,0.003985207863521587
2010-04-15,-0.0003909277557013385
2010-04-16,-0.008174742904723626
2010-04-19,-0.003585819660540078
2010-04-20,0.006180597833943644
2010-04-21,-0.0017593686269879454
2010-04-22,0.00807527838380025
2010-04-23,0.003922167660651509
2010-04-26,0.00400210385847939
2010-04-27,-0.012012152026132327
2010-04-28,-0.003380177812919059
2010-04-29,0.01452991950296883
2010-04-30,0.0026530146074860337
2010-05-03,0.0012494179564737987
2010-05-04,-0.0056574728500716044
2010-05-05,0.0012712302721053273
2010-05-06,-0.002737880513679898
2010-05-07,0.011501290461747861
2010-05-10,0.013284380530487753
2010-05-11,0.004017770597013503
2010-05-12,0.0028857888566641973
2010-05-13,0.003399754349054078
2010-05-14,-0.003825848525280444
2010-05-17,0.008196233148495612
2010-05-18,-0.0004705749113015917
2010-05-19,-0.0025143491740937736
2010-05-20,-0.004854527158966973
2010-05-21,0.007558823222191871
2010-05-24,-0.001431182492393302
2010-05-25,0.004977643391074131
2010-05-26,0.00029074352709195395
2010-05-27,0.002346906647245828
2010-05-28,0.0012796725234960533
2010-06-01,0.007295569221750854
2010-06-02,0.009244270083351004
2010-06-03,0.002994263691247962
2010-06-04,-0.0005917670286473677
2010-06-07,0.0012725720011042283
2010-06-08,0.0028182595967206556
2010-06-09,0.006148452488152041
2010-06-10,-0.002814243974026754
2010-06-11,0.0007742980535588571
2010-06-14,0.004359928206235863
2010-06-15,-0.003321980867377563
2010-06-16,0.0017679429261437834
2010-06-17,0.0016964279915433274
2010-06-18,-0.00018387166192279913
2010-06-21,0.0010188452742740557
2010-06-22,-0.003968054726673957
2010-06-23,0.004484881431389673
2010-06-24,0.0003039284782928025
2010-06-25,-0.0019390390808375398
2010-06-28,0.0013448949415688478
2010-06-29,0.007776574794657459
2010-06-30,0.0021941499425272523
2010-07-01,0.001022409030116906
2010-07-02,-0.0057804275090105
2010-07-06,0.006131174162066368
2010-07-07,0.010227283281138833
2010-07-08,0.0009368024741973508
2010-07-09,0.00015728703865480905
2010-07-12,0.0026498762645056502
2010-07-13,-0.0006783029693404773
2010-07-14,0.0013596740628838218
2010-07-15,0.0024036433067220584
2010-07-16,0.0028795020406615244
2010-07-19,-6.306631332578404e-05
2010-07-20,0.002731513904272515
2010-07-21,0.006455998435187358
2010-07-22,-0.004502197299339662
2010-07-23,0.0022905064366158727
2010-07-26,0.0019042627598544705
2010-07-27,0.0038951156386019354
2010-07-28,0.0067845299811005524
2010-07-29,0.004572772899705033
2010-07-30,0.007817741751898885
2010-08-02,0.0007409596172387787
2010-08-03,0.002774125045189508
2010-08-04,-0.005317046273156831
2010-08-05,0.0017132346297978368
2010-08-06,0.004881590724100115
2010-08-09,0.0016392888499284523
2010-08-10,0.011096286050415441
2010-08-11,-0.0036278809500393484
2010-08-12,0.009086204874829492
2010-08-13,-0.004041828299719351
2010-08-16,0.005623000382305753
2010-08-17,0.0005817819064227133
2010-08-18,0.0009487297318335281
2010-08-19,0.003490779819358762
2010-08-20,0.0020567054489420288
2010-08-23,0.0007012786570759448
2010-08-24,0.006256849161197611
2010-08-25,-0.00012737299971197897
2010-08-26,0.0017820579287636004
2010-08-27,-0.0038028479383243876
2010-08-30,0.0021179109312503526
2010-08-31,0.009312952775506644
2010-09-01,0.000897153624304263
2010-09-02,0.002759048695882102
2010-09-03,-0.0026840755444095103
2010-09-07,0.005131264240584469
2010-09-08,0.0011325150797871614
2010-09-09,-0.0028854535348783487
2010-09-10,0.003810772571620379
2010-09-13,-0.0022690837962203573
2010-09-14,0.002652608937691669
2010-09-15,-0.0004890480673848325
2010-09-16,0.0017441278318672832
2010-09-17,0.001084939855776363
2010-09-20,0.0013285980563604053
2010-09-21,0.003852657566397394
2010-09-22,0.003589831193649193
2010-09-23,0.00016010746640982628
2010-09-24,-0.0006030084016141024
2010-09-27,0.005187798728639131
2010-09-28,0.0008004207450985862
2010-09-29,-0.0030303343318462276
2010-09-30,-0.0012911085632569936
2010-10-01,-5.803313644568585e-05
2010-10-04,0.007045216044442168
2010-10-05,-0.0021134586532870862
2010-10-06,0.0006843037027816941
2010-10-07,0.0026589022675129765
2010-10-08,-0.001358312978587815
2010-10-11,0.0037615086431783927
2010-10-12,0.0007882454491860776
2010-10-13,2.411667973234178e-05
2010-10-14,-0.001294539827919479
2010-10-15,0.0003527707965846024
2010-10-18,0.003791806013721321
2010-10-19,-0.001465057883806218
2010-10-20,0.007944220617256368
2010-10-21,0.005704938046792047
2010-10-22,0.011809037980212633
2010-10-25,0.0022718449521037134
2010-10-26,0.004698140277199563
2010-10-27,0.005424158450873394
2010-10-28,0.0035612727128968317
2010-10-29,0.00469200207824328
2010-11-01,0.004931622013641534
2010-11-02,-0.0007042211873604282
2010-11-03,0.002279948970204579
2010-11-04,0.007760657561238704
2010-11-05,-0.0006959697291571378
2010-11-08,0.0016193137918079233
2010-11-09,0.002227730315787044
2010-11-10,-0.0017941987134555215
2010-11-11,0.0017627109652836974
2010-11-12,-0.0029485867375688
2010-11-15,-0.006408297963905437
2010-11-16,0.0006855956534908379
2010-11-17,0.004118757717884611
2010-11-18,0.010190761034779674
2010-11-19,0.005285494590275192
2010-11-22,0.015012151834736035
2010-11-23,-0.005163339710090187
2010-11-24,0.006561063585177907
2010-11-26,0.004765127367481276
2010-11-29,0.003235725153933619
2010-11-30,0.0023480782705448504
2010-12-01,0.00016388732167774644
2010-12-02,-0.0052918211790007625
2010-12-03,0.007358617369055469
2010-12-06,0.0007733580049244111
2010-12-07,-0.004884803054784482
2010-12-08,0.0010100484834924444
2010-12-09,0.005295964664528176
2010-12-10,-0.00268763646615103
2010-12-13,-0.006887563076809292
2010-12-14,-0.004687372342555099
2010-12-15,-0.0018705874153977292
2010-12-16,0.005296540614885898
2010-12-17,0.006607024002122712
2010-12-20,0.0009862979894950034
2010-12-21,-0.001947097652887207
2010-12-22,0.0019528999627159943
2010-12-23,0.0004805109283287053
2010-12-27,-0.004730519435564056
2010-12-28,-0.0021514710562029367
2010-12-29,0.0025969222373850194
2010-12-30,-0.0008933351080336999
2010-12-31,-0.0027780371071946
2011-01-03,-0.00021619314623898603
2011-01-04,0.006368004492473875
2011-01-05,0.005451824876942296
2011-01-06,0.0016274791675605122
2011-01-07,0.0009301633705794395
2011-01-10,-0.002388908561751937
2011-01-11,0.0017340947439298585
2011-01-12,0.004159842105315932
2011-01-13,0.0003010565162471419
2011-01-14,0.0018737499995052005
2011-01-18,-9.916507738780212e-05
2011-01-19,-0.008677142854854773
2011-01-20,-0.0018359187511318201
2011-01-21,-0.0026296791626425472
2011-01-24,0.011544058410309168
2011-01-25,-0.0029611063813286425
2011-01-26,0.014493536889539574
2011-01-27,0.0009740902612223862
2011-01-28,-0.014242141040754403
2011-01-31,0.004907516576490971
2011-02-01,0.009074051023093969
2011-02-02,0.003958764079306498
2011-02-03,0.004110972378734676
2011-02-04,0.010240241602904139
2011-02-07,-0.00499939026711118
2011-02-08,0.0012038801101575043
2011-02-09,-0.0009812966059759125
2011-02-10,0.0093586643155686
2011-02-11,0.0007951535762350367
2011-02-14,0.0036710569681051796
2011-02-15,-0.00434417537839977
2011-02-16,0.0018728432448387863
2011-02-17,0.006149359780733647
2011-02-18,-0.007040594820770883
2011-02-22,-0.00779430400838393
2011-02-23,-0.002293938752864089
2011-02-24,0.0033275552823152687
2011-02-25,0.004006972144380791
2011-02-28,0.0005180550002693769
2011-03-01,-0.0018825882019075104
2011-03-02,0.0031202773487003835
2011-03-03,0.010504665458602387
2011-03-04,0.0006183503359096872
2011-03-07,-0.00710584046158462
2011-03-08,0.00022667820117994793
2011-03-09,-0.0022714846138396565
2011-03-10,-0.006010522985977528
2011-03-11,0.011485856185873857
2011-03-14,-0.0012888800039421015
2011-03-15,0.0019602353469756802
2011-03-16,-0.0036506666924472674
2011-03-17,0.00278914855151654
2011-03-18,0.0025432489668553845
2011-03-21,0.01119623980248492
2011-03-22,-0.004494037440884073
2011-03-23,0.0010404546231642816
2011-03-24,0.006498853156979878
2011-03-25,0.0019003918033193585
2011-03-28,0.0033519917167918996
2011-03-29,0.007900379167400634
2011-03-30,-0.0007192500359926673
2011-03-31,0.001638011541171382
2011-04-01,0.0012517904853507717
2011-04-04,0.004534795998549106
2011-04-05,0.004917376394521528
2011-04-06,0.0006879390567331418
2011-04-07,-0.0018667486492777545
2011-04-08,0.0019484901692418894
2011-04-11,4.260935035865302e-05
2011-04-12,-0.006521678178527257
2011-04-13,0.005998734851997047
2011-04-14,0.002007482685611152
2011-04-15,0.0035865104267067877
2011-04-18,-0.007169911092420096
2011-04-19,0.00455853183624274
2011-04-20,0.002012973417142693
2011-04-21,0.004672998291804832
2011-04-25,-0.004731315344936967
2011-04-26,-0.0014531501069923606
2011-04-27,0.013435394165348941
2011-04-28,0.009125982990332234
2011-04-29,0.0011121895357544417
2011-05-02,-0.0016498166862489888
2011-05-03,-0.004480123009504886
2011-05-04,-0.0030383614163843413
2011-05-05,0.0016312899698261436
2011-05-06,0.001285778841984235
2011-05-09,0.005927822327151945
2011-05-10,0.0014508900019924481
2011-05-11,-0.002072671820917716
2011-05-12,0.0009502243562364371
2011-05-13,-0.0024599868804222984
2011-05-16,-0.0011632049733911547
2011-05-17,-0.000599769771249699
2011-05-18,0.005988480782727878
2011-05-19,0.0013122630812677392
2011-05-20,0.0007921048668235926
2011-05-23,-0.0013680929763944358
2011-05-24,0.00134632333284969
2011-05-25,0.005245212926306443
2011-05-26,0.0006431391577685793
2011-05-27,-0.0012024324287894066
2011-05-31,0.0013149035163526807
2011-06-01,-0.002263726922888101
2011-06-02,0.0010510021052439074
2011-06-03,0.00016400397346499418
2011-06-06,-0.00034668382095471494
2011-06-07,0.003410268695757536
2011-06-08,0.006184547398783403
2011-06-09,0.0005070545324817095
2011-06-10,0.008823261131909056
2011-06-13,0.004928158011624431
2011-06-14,-0.0005641537156881634
2011-06-15,-0.0013799945265535588
2011-06-16,-0.0016342630572040288
2011-06-17,-0.0029958953820462394
2011-06-20,0.0013295722847939356
2011-06-21,0.002598885667666992
2011-06-22,-0.00015856733772658772
2011-06-23,0.0016910662854876454
2011-06-24,0.004388342134651501
2011-06-27,0.0022235908942544137
2011-06-28,0.00570737551426064
2011-06-29,-0.0015512871097284968
2011-06-30,-0.0014164824862567585
2011-07-01,-0.0006034847446209197
2011-07-05,0.004754218431976566
2011-07-06,1.670751240052845e-05
2011-07-07,-0.0023203833920825887
2011-07-08,0.004982340743997745
2011-07-11,0.0002311241283990449
2011-07-12,0.00044564318955399426
2011-07-13,0.0014031408374952843
2011-07-14,0.001995705882264469
2011-07-15,0.0011286713253045172
2011-07-18,0.0022004056635447065
2011-07-19,0.007827444549697532
2011-07-20,-0.002949074479520862
2011-07-21,-0.0005400945437596797
2011-07-22,-0.0010539358213284959
2011-07-25,0.0007961750180430165
2011-07-26,0.0006812872077100547
2011-07-27,0.004060430934695025
2011-07-28,0.013099843341222939
2011-07-29,-0.0003729455209170211
2011-08-01,0.004287286099361857
2011-08-02,0.0012362347393493705
2011-08-03,-0.0025787113704189824
2011-08-04,0.02233588072964506
2011-08-05,0.00027506599802572056
2011-08-08,0.03678827148712311
2011-08-09,-0.01086361317042193
2011-08-10,0.022566571227591245
2011-08-11,-0.007679326447485038
2011-08-12,0.009702507612395609
2011-08-15,-0.00993177351223501
2011-08-16,0.006997312339389437
2011-08-17,0.0017755495337180897
2011-08-18,0.026981722637702356
2011-08-19,0.006457486530768587
2011-08-22,0.0036358898136121783
2011-08-23,-0.0025476540455697167
2011-08-24,-0.0066954320546609505
2011-08-25,0.008128646463218125
2011-08-26,-0.006423817104485299
2011-08-29,-0.015253863271120108
2011-08-30,0.005877075569662368
2011-08-31,-0.004892853360073562
2011-09-01,-0.00201092288804212
2011-09-02,0.019777886705241745
2011-09-06,0.01160828246707122
2011-09-07,-0.014219139817592328
2011-09-08,0.011307380890486673
2011-09-09,0.016647261603832373
2011-09-12,0.0033082005171413418
2011-09-13,-0.006024178449623288
2011-09-14,-0.0029883888134981246
2011-09-15,-0.009259772468210891
2011-09-16,0.0021636527196985987
2011-09-19,0.01832433611534592
2011-09-20,-0.002568008816536518
2011-09-21,0.02172314177872018
2011-09-22,0.019609043491359744
2011-09-23,-0.010013597543161742
2011-09-26,-0.010298575018516377
2011-09-27,-0.007441273174750513
2011-09-28,0.011823984653192522
2011-09-29,-0.007460589340233187
2011-09-30,0.01675693924891309
2011-10-03,0.018158534317078076
2011-10-04,-0.004416465546381969
2011-10-05,-0.006860543329255971
2011-10-06,-0.006869968173056684
2011-10-07,0.007082720564434955
2011-10-10,-0.007583287647389121
2011-10-11,0.0022156457988002317
2011-10-12,-0.0076199563511155
2011-10-13,0.0026378703497313277
2011-10-14,-0.0007050420848370757
2011-10-17,0.017141829034213598
2011-10-18,-0.004887925303369281
2011-10-19,0.011702392305485605
2011-10-20,-0.003382478786769301
2011-10-21,-0.005480532763835713
2011-10-24,-0.012553477154387267
2011-10-25,0.033295333827854205
2011-10-26,-0.009338813729048122
2011-10-27,-0.007762597812189685
2011-10-28,0.00029397034076132666
2011-10-31,0.02402497459685353
2011-11-01,0.0205328127723522
2011-11-02,-0.0057204995258891885
2011-11-03,-0.009144378819541743
2011-11-04,0.006265918303680992
2011-11-07,0.0046971025742247735
2011-11-08,-0.005559244275429863
2011-11-09,0.02057289774755034
2011-11-10,-0.005909706053871611
2011-11-11,-0.003409807417777698
2011-11-14,0.008278394275827928
2011-11-15,-0.0001154356127314698
2011-11-16,0.005662363903749227
2011-11-17,0.003936019678843314
2011-11-18,-0.0023255765649887413
2011-11-21,0.007006250711865338
2011-11-22,0.009803360291614653
2011-11-23,0.005951334629691563
2011-11-25,0.003108088215371942
2011-11-28,-0.013803595929444898
2011-11-29,0.002896421905296311
2011-11-30,-0.00649627959279348
2011-12-01,-0.0016113735280814082
2011-12-02,0.0017527639049196094
2011-12-05,-0.0023763452804634374
2011-12-06,0.0045374105058504696
2011-12-07,0.00010413863444172546
2011-12-08,0.011219698964968619
2011-12-09,-0.00299623686985967
2011-12-12,0.0010814281877984363
2011-12-13,0.00580242182209522
2011-12-14,0.009406155024979237
2011-12-15,0.008460427123375453
2011-12-16,0.001616966580918177
2011-12-19,0.008488019425786995
2011-12-20,-0.005238739862047111
2011-12-21,0.007179731312074955
2011-12-22,-0.007956653923659806
2011-12-23,0.00017901940422356336
2011-12-27,0.003942798356992487
2011-12-28,0.002654031571711066
2011-12-29,0.0005200606784894665
2011-12-30,-0.00438910003896728
2012-01-03,-0.005967416561352097
2012-01-04,0.00021717661832475438
2012-01-05,0.003937482190170482
2012-01-06,-0.0013487282219779243
2012-01-09,-0.006890448030617298
2012-01-10,0.005349943107450651
2012-01-11,-0.00020446630561778343
2012-01-12,0.001022850943917721
2012-01-13,0.0006456094606900482
2012-01-17,0.0006997208737588218
2012-01-18,-0.001558426610576345
2012-01-19,0.0001433069629598078
2012-01-20,-0.011104688492932465
2012-01-23,0.006530046952934067
2012-01-24,-0.0003793790340852815
2012-01-25,0.010114393380896092
2012-01-26,-0.0055362283658623775
2012-01-27,-0.001867437963184997
2012-01-30,0.0013757988212265743
2012-01-31,0.006260830081162442
2012-02-01,0.007283922624003411
2012-02-02,-0.0006855750481873174
2012-02-03,-0.0008258863255009067
2012-02-06,0.004554138145246213
2012-02-07,-0.001462323715454848
2012-02-08,0.002134372858854425
2012-02-09,-0.00875869089714578
2012-02-10,0.00109875736828257
2012-02-13,0.016763407645878636
2012-02-14,0.0025327768145073978
2012-02-15,-0.005164960654317599
2012-02-16,-0.002888904407295317
2012-02-17,-0.004632922066987123
2012-02-21,-0.0003363301784001289
2012-02-22,0.007391019785183766
2012-02-23,0.013369249916593754
2012-02-24,0.0019149064000333798
2012-02-27,6.714919409970662e-05
2012-02-28,-0.00022756184925881763
2012-02-29,0.006785666997875889
2012-03-01,0.008622014472823196
2012-03-02,-0.004148118047147114
2012-03-05,0.0028041364669599096
2012-03-06,-0.015396830756376823
2012-03-07,0.015956331611684006
2012-03-08,0.008452782754061685
2012-03-09,0.0030175277476673494
2012-03-12,0.011297310849888944
2012-03-13,0.008065406974512383
2012-03-14,-0.005636914019237696
2012-03-15,0.0012868183572808541
2012-03-16,-0.00045050169618498885
2012-03-19,0.003111376375160099
2012-03-20,0.00429013918318912
2012-03-21,0.00763056328440222
2012-03-22,-0.005776530811682956
2012-03-23,0.009045696870003051
2012-03-26,0.011486830755358876
2012-03-27,-0.00760971713055193
2012-03-28,0.004507461490898461
2012-03-29,-0.0005770435661242852
2012-03-30,-0.00016027710988216365
2012-04-02,0.0022346032908771123
2012-04-03,0.0006204079249869761
2012-04-04,-0.004939909168053383
2012-04-05,-0.0050800344700111634
2012-04-09,-0.00893150015004587
2012-04-10,-0.021824707805223855
2012-04-11,0.0075002616968270815
2012-04-12,0.02013783837099164
2012-04-13,-0.005105124649069348
2012-04-16,0.003572194812103617
2012-04-17,0.0045488376272297265
2012-04-18,0.0060339566487325694
2012-04-19,0.00027969136530627556
2012-04-20,-0.0007164146872465675
2012-04-23,-0.005225941687355283
2012-04-24,0.015286595808413106
2012-04-25,0.012091731082974901
2012-04-26,0.016603661010126124
2012-04-27,0.015256973252832748
2012-04-30,-0.004007623251489466
2012-05-01,0.001906289704746295
2012-05-02,-0.0003556130753998749
2012-05-03,-0.006607958025703081
2012-05-04,-0.010110239212367486
2012-05-07,0.00110320005657426
2012-05-08,0.0030127842511992685
2012-05-09,-0.00422578466543712
2012-05-10,0.009515731265590539
2012-05-11,-0.004057468984222713
2012-05-14,-0.005512041243089543
2012-05-15,-0.0006150891477689305
2012-05-16,-0.0033063494833704236
2012-05-17,-0.015741507494835102
2012-05-18,-0.010753589253332073
2012-05-21,0.01240201780428204
2012-05-22,-0.0013817562365809827
2012-05-23,0.003404580399278433
2012-05-24,0.004802673224813858
2012-05-25,-0.0008497141364974574
2012-05-29,0.006396104092159095
2012-05-30,-0.00039672496655563093
2012-05-31,0.0017359830886761844
2012-06-01,-0.011160513207172994
2012-06-04,0.002139808212456426
2012-06-05,0.0038518467522702052
2012-06-06,0.0061064967257733445
2012-06-07,0.0046627948089765035
2012-06-08,0.007485742093302228
2012-06-11,-0.010562024736324827
2012-06-12,-0.001956004234077085
2012-06-13,-0.0029399021247296974
2012-06-14,0.013350266597645669
2012-06-15,0.006796651646470591
2012-06-18,0.014124713754470521
2012-06-19,0.0004547222036190775
2012-06-20,0.0077638825244735025
2012-06-21,-0.00847518693665627
2012-06-22,0.012033828242550162
2012-06-25,-0.0035519649091406242
2012-06-26,0.00887246239950458
2012-06-27,0.0007696011861624157
2012-06-28,-0.0020761764941868086
2012-06-29,0.01841026571506328
2012-07-02,0.014995912746762721
2012-07-03,0.002147670671537358
2012-07-05,-0.003264549621647549
2012-07-06,0.003788155443587857
2012-07-09,0.0029996634266618266
2012-07-10,-0.006758540563216234
2012-07-11,-0.0053013060020885554
2012-07-12,0.008804354407230808
2012-07-13,0.005096616624854586
2012-07-16,0.02423837299996753
2012-07-17,0.0027048217958218603
2012-07-18,-0.0001364058124414074
2012-07-19,0.0008650243907163021
2012-07-20,-0.0059584046065029195
2012-07-23,0.001748094768693071
2012-07-24,-0.005151631404583931
2012-07-25,0.0027828419475633406
2012-07-26,0.020137754356295643
2012-07-27,0.007842301801050174
2012-07-30,4.843211143409329e-05
2012-07-31,-0.003596693641583747
2012-08-01,0.006887731804908169
2012-08-02,-0.004237596350980708
2012-08-03,0.006105385224367549
2012-08-06,-0.004527724639824047
2012-08-07,-0.005543904109203666
2012-08-08,0.0007879460604247266
2012-08-09,0.00020111013170692272
2012-08-10,-0.004256218996922068
2012-08-13,0.0034974918868810405
2012-08-14,1.772745845558265e-05
2012-08-15,-0.003349672122406176
2012-08-16,0.0034396398596550095
2012-08-17,0.007109974747832292
2012-08-20,-0.005043963766839814
2012-08-21,-0.006320497760232041
2012-08-22,0.005765106420299048
2012-08-23,0.0008652399590455068
2012-08-24,0.005750868403713484
2012-08-27,-0.0013879709533884269
2012-08-28,-0.0004119095334203875
2012-08-29,0.005461596198559879
2012-08-30,0.006396219275338846
2012-08-31,0.005434572826648917
2012-09-04,0.008379302970481912
2012-09-05,0.0036894341380164534
2012-09-06,0.00917763570305165
2012-09-07,0.007625886769685179
2012-09-10,-0.007506170138416535
2012-09-11,-0.003014489018027769
2012-09-12,0.005632433248856025
2012-09-13,0.009923055692508821
2012-09-14,-0.00457179872625013
2012-09-17,0.002085414498714579
2012-09-18,0.007213619089208702
2012-09-19,0.004557478839907871
2012-09-20,0.005546745595789415
2012-09-21,0.0063906026072761985
2012-09-24,0.006626986509861303
2012-09-25,-0.0024107481190499616
2012-09-26,-0.012323846865014922
2012-09-27,0.013302755768761384
2012-09-28,-0.007345236716111711
2012-10-01,-0.0013567993328632193
2012-10-02,0.001255341477146891
2012-10-03,0.0024402028715900153
2012-10-04,0.006483671859304015
2012-10-05,0.003955708644082524
2012-10-08,-0.0006254592147395658
2012-10-09,-0.0036227558549078317
2012-10-10,0.004693272807787318
2012-10-11,-0.0018715439081753243
2012-10-12,0.0067031816691456554
2012-10-15,0.004417620272849098
2012-10-16,0.0023065174976817033
2012-10-17,0.004789408326866125
2012-10-18,0.003513961753078437
2012-10-19,0.005525805181971647
2012-10-22,-0.001883469920483501
2012-10-23,-0.006832093674770662
2012-10-24,0.010089355076824666
2012-10-25,0.0014339137091710992
2012-10-26,0.022695383723884
2012-10-31,0.007531987460851959
2012-11-01,0.004740927242667829
2012-11-02,-0.0040006772805702955
2012-11-05,0.004390425091063392
2012-11-06,-0.000262798552024333
2012-11-07,-0.002162366368551634
2012-11-08,-0.0012278115291553498
2012-11-09,-0.0015272257256437865
2012-11-12,0.005394964299036455
2012-11-13,0.002786871198739528
2012-11-14,-0.003915660120610463
2012-11-15,-0.0014299894311134527
2012-11-16,0.007082889749791976
2012-11-19,0.005954211498164927
2012-11-20,0.010539661702032565
2012-11-21,-0.0009864444266047272
2012-11-23,-0.0005849877943006536
2012-11-26,-0.0013480847666992248
2012-11-27,0.002726817007676862
2012-11-28,0.000441976106762471
2012-11-29,-0.0057319969372032435
2012-11-30,-0.007260555005706942
2012-12-03,-0.0012024274290014319
2012-12-04,-0.0006909017669574554
2012-12-05,-0.0023641381134206912
2012-12-06,0.0004854253684312288
2012-12-07,0.0021378996399064416
2012-12-10,-0.0027588528197393576
2012-12-11,0.0040422643064923465
2012-12-12,-9.222028523887804e-05
2012-12-13,-0.0028653099779606247
2012-12-14,0.002690434696634176
2012-12-17,0.0015520033064117351
2012-12-18,0.0009308329830630477
2012-12-19,-0.0007371557794530917
2012-12-20,0.00031854570194244053
2012-12-21,-0.010435320930156759
2012-12-24,0.0018299010117716922
2012-12-26,-0.0002489619709799556
2012-12-27,0.001994884169180799
2012-12-28,-0.002243977561531192
2012-12-31,0.009282139648652642
2013-01-02,0.021323592066160784
2013-01-03,0.0012467209998838565
2013-01-04,-0.001032187156991207
2013-01-07,-0.0002951539605322955
2013-01-08,-1.7229657912380344e-06
2013-01-09,0.0032527193988696698
2013-01-10,0.004411071062646663
2013-01-11,-0.0036783510602292797
2013-01-14,-0.0009646996097197551
2013-01-15,0.0010654501223551155
2013-01-16,0.0005762640080731148
2013-01-17,0.0004933891677717891
2013-01-18,0.011939242940199756
2013-01-22,0.005896372425329354
2013-01-23,-0.003094237078820171
2013-01-24,0.016046563119246102
2013-01-25,0.008471787835669514
2013-01-28,-0.004739000527384889
2013-01-29,0.0034018031521879668
2013-01-30,-0.003486950922994326
2013-01-31,-0.0013487731302385944
2013-02-01,0.009727490661958747
2013-02-04,-0.004422127878028944
2013-02-05,0.004706117399539501
2013-02-06,0.0032294400894839473
2013-02-07,0.0037047308175011894
2013-02-08,0.0038960963003199
2013-02-11,0.0009501314054183903
2013-02-12,0.004185570603574093
2013-02-13,0.002282733533493856
2013-02-14,0.004821210597493961
2013-02-15,-0.003691583311653693
2013-02-19,0.010618194874663237
2013-02-20,-0.010694792727157818
2013-02-21,0.0031314535171869705
2013-02-22,0.0016085737548383891
2013-02-25,-0.007963902677556773
2013-02-26,0.00396002299738338
2013-02-27,0.003853638848942761
2013-02-28,0.002560456754528816
2013-03-01,0.0009077483613845213
2013-03-04,0.005700761938396745
2013-03-05,0.0024531010329191466
2013-03-06,-0.0002368895312170443
2013-03-07,0.0007979191376562841
2013-03-08,0.0033020010445346123
2013-03-11,0.004805886649370239
2013-03-12,0.0023452208381467016
2013-03-13,0.001339106231450639
2013-03-14,-0.001037501184172454
2013-03-15,-0.0013275152912155868
2013-03-18,-0.002324508550255573
2013-03-19,0.0005416140934658493
2013-03-20,0.005250327739885765
2013-03-21,-0.0007536109069441848
2013-03-22,0.004553664801834165
2013-03-25,0.0008126420950544428
2013-03-26,0.007309745294641165
2013-03-27,-0.002857508543488068
2013-03-28,0.0024346263698455865
2013-04-01,-0.0008181236529539352
2013-04-02,0.00484882129702741
2013-04-03,-0.0027711976139600776
2013-04-04,-0.001819884443385956
2013-04-05,0.0005790029619166655
2013-04-08,-0.0026732862063986113
2013-04-09,0.02231649083952393
2013-04-10,0.0037812137748025007
2013-04-11,0.00932173314235534
2013-04-12,0.00473288098144579
2013-04-15,-0.009537009117650926
2013-04-16,0.01267529350841771
2013-04-17,-0.008274609181563756
2013-04-18,-0.0048401626907951896
2013-04-19,0.010413684442684288
2013-04-22,0.005652144584629257
2013-04-23,0.01910077984454749
2013-04-24,0.016102711423858433
2013-04-25,0.003429841906922075
2013-04-26,0.0010233030061566656
2013-04-29,0.0018959032726761312
2013-04-30,0.0035444165800940534
2013-05-01,-0.005764454211126935
2013-05-02,0.004318918323035678
2013-05-03,0.002308059014300896
2013-05-06,0.0046507856828963915
2013-05-07,-0.0045888886899556865
2013-05-08,-0.0007161097936590656
2013-05-09,0.012568453009025034
2013-05-10,0.007276529589380215
2013-05-13,0.009182082674777005
2013-05-14,0.002580392923669745
2013-05-15,0.005364077044852327
2013-05-16,-0.00023580016378695046
2013-05-17,0.009192118402148588
2013-05-20,-0.0024441835023505725
2013-05-21,-0.0015270738847746775
2013-05-22,-0.002675778075760354
2013-05-23,0.0011088583156105853
2013-05-24,0.00529792589829223
2013-05-28,0.005795107270698508
2013-05-29,-0.0037859354745971782
2013-05-30,0.0023972502402846603
2013-05-31,-0.006445837591877929
2013-06-03,-0.004415206586567935
2013-06-04,0.00232913834028668
2013-06-05,-0.005819398088772479
2013-06-06,0.0045441094500459625
2013-06-07,0.00991702653572503
2013-06-10,0.004401528467723017
2013-06-11,-0.011894026823646667
2013-06-12,-0.004761536780513541
2013-06-13,0.005095058199477835
2013-06-14,-0.00029512543693767596
2013-06-17,0.008685574998113534
2013-06-18,0.006681325982159885
2013-06-19,0.00325008780380261
2013-06-20,-0.005139663919240312
2013-06-21,0.008181232344043226
2013-06-24,-0.0015734735141674674
2013-06-25,0.005137704527927072
2013-06-26,0.006309973468076114
2013-06-27,0.0033231049023512566
2013-06-28,-0.006590507717904715
2013-07-01,0.011339032064603825
2013-07-02,-0.0010894474879418665
2013-07-03,0.002114637937333021
2013-07-05,0.017583703024353536
2013-07-08,0.003036598026820385
2013-07-09,0.004186153906474843
2013-07-10,0.0011644453851567442
2013-07-11,0.00498636402366307
2013-07-12,0.010842765852700198
2013-07-15,0.00013376921492267167
2013-07-16,-0.013045219540626948
2013-07-17,0.009131418042627477
2013-07-18,-0.00033753378381600916
2013-07-19,0.003302378670539097
2013-07-22,0.0008085532371036015
2013-07-23,-0.0038582871822212704
2013-07-24,0.00012092353574477905
2013-07-25,0.004861045495297904
2013-07-26,0.010875640791535727
2013-07-29,0.0009800371805328265
2013-07-30,0.008417658496731267
2013-07-31,0.006600347815955312
2013-08-01,0.012086836047682958
2013-08-02,0.0038238025508335813
2013-08-05,0.005218356584539318
2013-08-06,-0.001957584501501433
2013-08-07,-0.006670619729351171
2013-08-08,0.002226374066343114
2013-08-09,-0.0009247253856054608
2013-08-12,-0.0020530350706828874
2013-08-13,0.007440067711068178
2013-08-14,-0.0007252544850236236
2013-08-15,-0.005687795318399649
2013-08-16,0.00587120432833992
2013-08-19,0.0021891995525851254
2013-08-20,0.00790483418252155
2013-08-21,0.015867729001296883
2013-08-22,0.007955780221493774
2013-08-23,0.0010478776626389823
2013-08-26,0.003487232388479186
2013-08-27,-0.007494304187623907
2013-08-28,0.004540018300088497
2013-08-29,-0.00028816279526880086
2013-08-30,-0.0007616622121999255
2013-09-03,0.008797791469698424
2013-09-04,0.0028551909053344295
2013-09-05,0.007909285488679918
2013-09-06,-0.00395794459553464
2013-09-09,0.001757454648759513
2013-09-10,0.007795427616994737
2013-09-11,-6.615934968677006e-05
2013-09-12,0.004625640714708836
2013-09-13,0.0013815721201789772
2013-09-16,-0.0009576279139675163
2013-09-17,0.0009817389004845964
2013-09-18,0.0020186395681981726
2013-09-19,0.007540907851652132
2013-09-20,-0.0006425713611772937
2013-09-23,0.0017219879886443599
2013-09-24,-0.001987833489576614
2013-09-25,0.00027576656651056187
2013-09-26,0.005225338925560538
2013-09-27,-0.0031926456217182533
2013-09-30,-0.002261370453072591
2013-10-01,0.008374962580620593
2013-10-02,-0.004978557699252411
2013-10-03,-0.008225920978217338
2013-10-04,0.0034256179021803597
2013-10-07,-0.009770782605737691
2013-10-08,-0.008984640421003786
2013-10-09,-0.0005687204925144433
2013-10-10,0.014316893843221304
2013-10-11,0.00319543131238362
2013-10-14,0.0004983050733077227
2013-10-15,0.00027839029417634024
2013-10-16,0.014197324909239481
2013-10-17,0.0025494962062170253
2013-10-18,0.0018933871704820788
2013-10-21,-0.0036906504668029762
2013-10-22,-0.006049635202977111
2013-10-23,-0.0015737174763634193
2013-10-24,0.00882877918375427
2013-10-25,0.0002508795480102429
2013-10-28,-0.0019699301384060314
2013-10-29,0.004272970332388779
2013-10-30,0.007925876081587112
2013-10-31,-0.0020566200998356557
2013-11-01,0.002296932725198106
2013-11-04,0.008102882936663829
2013-11-05,0.005027724539981337
2013-11-06,-0.007537391947555946
2013-11-07,-0.002180291701937834
2013-11-08,0.013891359956801866
2013-11-11,0.0029409511775827617
2013-11-12,-0.00010325558833672855
2013-11-13,-0.000744764040416313
2013-11-14,-0.0035530527014326135
2013-11-15,0.004419360296028027
2013-11-18,-0.005964834054270203
2013-11-19,0.0027348946474510666
2013-11-20,0.003418800705346563
2013-11-21,0.00725808714866374
2013-11-22,0.005340051643962701
2013-11-25,-0.000900027344316035
2013-11-26,0.0014704629878687587
2013-11-27,0.003453349885535044
2013-11-29,-0.0011010552168709323
2013-12-02,0.0029335813497556153
2013-12-03,-0.0030877301189943364
2013-12-04,0.005466427853052679
2013-12-05,0.0026042263153058906
2013-12-06,0.00355122935806267
2013-12-09,-0.0006823545033225268
2013-12-10,0.0003891489077405217
2013-12-11,-0.004716166319247169
2013-12-12,0.005726079680360667
2013-12-13,0.0017943569463443748
2013-12-16,0.005329063409863306
2013-12-17,-0.0018227933716380052
2013-12-18,0.007719455195497511
2013-12-19,-0.0020555190385878387
2013-12-20,0.0029977408598477213
2013-12-23,0.004678019417903194
2013-12-24,0.0017308818781035492
2013-12-26,0.0011788401710952651
2013-12-27,-0.006134659610338547
2013-12-30,-0.004774676693235314
2013-12-31,0.0015062239476837974
2014-01-02,-0.003674772711182997
2014-01-03,0.0032107683022078977
2014-01-06,0.003831233073189796
2014-01-07,0.005804156333077316
2014-01-08,0.012702296753770484
2014-01-09,0.0020753304983572476
2014-01-10,0.005855951223618627
2014-01-13,0.013982816721270988
2014-01-14,0.009478512278214671
2014-01-15,0.0004839233845472285
2014-01-16,0.003446336925656774
2014-01-17,-0.0010704451503391636
2014-01-21,0.00624366074885793
2014-01-22,0.0028230718840398933
2014-01-23,-0.007872474702149012
2014-01-24,-0.010378245727286425
2014-01-27,-0.0007546780203229214
2014-01-28,0.007721030054355886
2014-01-29,-0.005857732512043426
2014-01-30,0.01619489177109714
2014-01-31,-0.006221125845998843
2014-02-03,-0.004426095330924518
2014-02-04,-0.0005989941578329665
2014-02-05,-0.0020018994769098503
2014-02-06,0.005564693506224231
2014-02-07,0.0058963785328240235
2014-02-10,-0.0018815462865983995
2014-02-11,0.004556914019112869
2014-02-12,0.003041058774267277
2014-02-13,-0.0005855636139685521
2014-02-14,0.0004228866164690821
2014-02-18,0.0050387182778941775
2014-02-19,-0.004890326533123404
2014-02-20,0.007393912001686759
2014-02-21,0.0023007794866259984
2014-02-24,0.004069365657060066
2014-02-25,0.001971639911437057
2014-02-26,-0.0066097480671473445
2014-02-27,0.001878647578271983
2014-02-28,-0.002115586295203372
2014-03-03,-0.002728823619052865
2014-03-04,0.012677228113165106
2014-03-05,0.001790351878774092
2014-03-06,0.004379016986117283
2014-03-07,-0.0045910535226300845
2014-03-10,0.0028398704794218217
2014-03-11,-0.0004554977633193973
2014-03-12,0.0004163461594229174
2014-03-13,-0.0053381631907019975
2014-03-14,-0.002246328910743925
2014-03-17,0.0034852368745858543
2014-03-18,0.007745634693514367
2014-03-19,0.007028539210530413
2014-03-20,0.0023406064668840248
2014-03-21,0.00022937224470936875
2014-03-24,0.0007998131839545958
2014-03-25,0.003511537763866219
2014-03-26,-0.004821589329304843
2014-03-27,-0.0007849113343230956
2014-03-28,-0.0020419938265318145
2014-03-31,0.006771893578487542
2014-04-01,0.005309915618598443
2014-04-02,-0.00171615828118908
2014-04-03,0.00020563828096653315
2014-04-04,-0.0013859081234408005
2014-04-07,-0.008909318017231882
2014-04-08,0.0024826140905562896
2014-04-09,0.0012121503861641804
2014-04-10,-0.006449409166504527
2014-04-11,0.0002556325726999259
2014-04-14,0.0009336376177406319
2014-04-15,0.004301038149044484
2014-04-16,0.00962714264397078
2014-04-17,0.002812531100610342
2014-04-21,0.009660184853347405
2014-04-22,-0.0005475366823285715
2014-04-23,0.000260469990525622
2014-04-24,0.0026929695898461744
2014-04-25,-0.003104550881780711
2014-04-28,-4.919457375337072e-05
2014-04-29,0.0024511934022967514
2014-04-30,-0.0030189724678047975
2014-05-01,0.004531768604447033
2014-05-02,-0.0011912309742741537
2014-05-05,0.0031505713676246412
2014-05-06,0.0024134395901795197
2014-05-07,0.006021451224865803
2014-05-08,0.002704447941295631
2014-05-09,-0.0016929120415207404
2014-05-12,0.005826303032912492
2014-05-13,0.00025804314774982194
2014-05-14,0.0006132732876976217
2014-05-15,-0.001657430757513219
2014-05-16,0.0005147882354142892
2014-05-19,0.0038391439972047005
2014-05-20,0.0023893353945885097
2014-05-21,0.0021061423897731197
2014-05-22,-0.001571747669564865
2014-05-23,-0.0004339734232763555
2014-05-27,0.006521903508727861
2014-05-28,0.0013122422146756847
2014-05-29,0.002939996421904249
2014-05-30,0.002939189223641147
2014-06-02,0.0010714398744362504
2014-06-03,0.0005584706318320595
2014-06-04,0.003762365590953111
2014-06-05,0.004448867968380565
2014-06-06,0.0015717843539595328
2014-06-09,-0.002221641169005644
2014-06-10,0.0005052382697284915
2014-06-11,0.0017628180557420522
2014-06-12,0.003328866863606789
2014-06-13,0.003972840873393795
2014-06-16,0.0047051919002646745
2014-06-17,0.00212175486976682
2014-06-18,0.003191227326588023
2014-06-19,0.010880941377922337
2014-06-20,-0.0013141064259169278
2014-06-23,0.005013585285522455
2014-06-24,-0.010139643158623535
2014-06-25,0.0025420765116723194
2014-06-26,-0.00035706460911550324
2014-06-27,0.0006043933034793509
2014-06-30,0.0015049732250358365
2014-07-01,0.002634283053164254
2014-07-02,-0.0015180343875176821
2014-07-03,0.0029573840193008634
2014-07-07,-0.0073490160120118055
2014-07-08,-0.004407026138613619
2014-07-09,0.0069857437319055
2014-07-10,-0.0036205177870952524
2014-07-11,0.0014639288327889031
2014-07-14,0.006270917979434835
2014-07-15,0.00030669759218620663
2014-07-16,0.0036327320477002765
2014-07-17,-0.008771091702184746
2014-07-18,0.00870958632264868
2014-07-21,0.0003427611431496231
2014-07-22,0.002208549645347164
2014-07-23,-0.00025907995391374157
2014-07-24,-0.002728863337658403
2014-07-25,-0.004948869021550688
2014-07-28,-0.0004500587252864756
2014-07-29,0.0020809912004597225
2014-07-30,-0.009666949870985573
2014-07-31,-0.00518827201118002
2014-08-01,0.003228376386808464
2014-08-04,0.015407515916327014
2014-08-05,-0.010125199054934345
2014-08-06,0.0011544398540115457
2014-08-07,-0.0014316786771670547
2014-08-08,0.0037466747980087617
2014-08-11,0.007326145005967689
2014-08-12,0.0019927425312725707
2014-08-13,0.0011459981310082607
2014-08-14,0.0010028480437007676
2014-08-15,0.0036996409921110076
2014-08-18,0.0011404222771004562
2014-08-19,0.002651287042233352
2014-08-20,0.0027337884708619883
2014-08-21,-0.0008613935649522491
2014-08-22,0.0016216949252323433
2014-08-25,0.0004113966877352189
2014-08-26,-0.0015285072352930243
2014-08-27,-0.00015094615598396468
2014-08-28,-0.0011581872710234435
2014-08-29,0.001027342453948134
2014-09-02,0.004462045421694933
2014-09-03,0.005113616453275942
2014-09-04,0.0019094500418917202
2014-09-05,0.0012923513466720112
2014-09-08,-0.001783515531563354
2014-09-09,0.0011021681535850654
2014-09-10,0.0019733928535270247
2014-09-11,-0.0018890991366031632
2014-09-12,-0.002725454816036053
2014-09-15,-5.604363968603917e-05
2014-09-16,0.006720546893248397
2014-09-17,0.0013855596456406856
2014-09-18,0.004817727189677667
2014-09-19,0.0019335733244563585
2014-09-22,0.0006456701858611221
2014-09-23,-0.004401603231351719
2014-09-24,0.00857040738618857
2014-09-25,-0.008856394656444517
2014-09-26,0.003115841713529798
2014-09-29,0.0040056479608403545
2014-09-30,-0.0005808371569461573
2014-10-01,-0.0037089259414467336
2014-10-02,-0.007341301409375077
2014-10-03,0.008208436318016982
2014-10-06,-0.00029772968432396235
2014-10-07,-0.003392982749530303
2014-10-08,0.007591355433911919
2014-10-09,-0.005394950361517912
2014-10-10,-0.00889640617836604
2014-10-13,0.005892975794308924
2014-10-14,-0.00014194168776655397
2014-10-15,0.000792589345983183
2014-10-16,-0.0028149659878725494
2014-10-17,-0.001068388484494343
2014-10-20,-0.0015431642700935626
2014-10-21,0.010000385138906134
2014-10-22,0.0024853265256774043
2014-10-23,0.008090148607372016
2014-10-24,0.005185389131737323
2014-10-27,0.00407457203691582
2014-10-28,0.007497028107518402
2014-10-29,-0.0026178273627178042
2014-10-30,0.004014486308347231
2014-10-31,0.007355344115519522
2014-11-03,-0.0005384715794407742
2014-11-04,0.0010090762090589297
2014-11-05,-0.001251952695923169
2014-11-06,0.008289573655146532
2014-11-07,0.0064443920815073965
2014-11-10,0.005558951465070924
2014-11-11,-0.0006840861620689803
2014-11-12,0.0007328923010076834
2014-11-13,0.0005630696162073097
2014-11-14,-0.002960382856977527
2014-11-17,-0.0002196467345083279
2014-11-18,0.0004467126233958636
2014-11-19,-0.0005034378453227966
2014-11-20,-0.00048307052559339253
2014-11-21,0.00017378214376345636
2014-11-24,0.006647403136668039
2014-11-25,0.004274526471220616
2014-11-26,0.00940033295255431
2014-11-28,0.00939740829276409
2014-12-01,-0.004066237759138097
2014-12-02,0.007034484271889091
2014-12-03,-0.0014336541899277692
2014-12-04,0.005101874998253983
2014-12-05,0.004763186061804043
2014-12-08,0.004861294111595275
2014-12-09,-0.0009054229636638738
2014-12-10,-0.00820325795494602
2014-12-11,0.003271853624883396
2014-12-12,0.0032524458059092535
2014-12-15,0.0012401448854863842
2014-12-16,0.003339097520537632
2014-12-17,-0.004697387925066828
2014-12-18,0.0031933540775201073
2014-12-19,-0.0035971128913179955
2014-12-22,0.012319363951519006
2014-12-23,-0.003228152158744251
2014-12-24,0.004498069931206812
2014-12-26,-0.002164556863426988
2014-12-29,-0.0009511977898139516
2014-12-30,-0.0012062588795359224
2014-12-31,-0.0002746676308935641
2015-01-02,0.0007856881907697906
2015-01-05,0.009406198263046114
2015-01-06,0.00619906961946117
2015-01-07,-0.0020379949865287133
2015-01-08,-0.009570418251274082
2015-01-09,0.002200379875506348
2015-01-12,0.011649173258962168
2015-01-13,0.006588809550103864
2015-01-14,0.006870342092693627
2015-01-15,0.0071218855074265145
2015-01-16,-0.006234125891801193
2015-01-20,0.006587139500669773
2015-01-21,-0.011496139790536625
2015-01-22,0.0014904439796318918
2015-01-23,0.004430427665220537
2015-01-26,-0.005027978497490463
2015-01-27,-0.0012794146388920096
2015-01-28,0.01760285492056005
2015-01-29,0.004671627725488523
2015-01-30,0.0021315272097233535
2015-02-02,-0.005659869249996581
2015-02-03,-0.014103213166854603
2015-02-04,0.004187734671018994
2015-02-05,-0.001443956783450731
2015-02-06,-0.0007035964767444842
2015-02-09,-0.0024396973307072647
2015-02-10,0.007385447731943129
2015-02-11,0.0036571140233082984
2015-02-12,-0.0019057550356760514
2015-02-13,-0.004848503039472976
2015-02-17,-0.0009012701978045915
2015-02-18,0.0032341992449478303
2015-02-19,0.0011094524728538888
2015-02-20,0.007149781878548726
2015-02-23,0.0006183689572101976
2015-02-24,0.004660937392028301
2015-02-25,0.001644159410718815
2015-02-26,0.00470692928436404
2015-02-27,0.0030782201958006864
2015-03-02,0.0048025496479829205
2015-03-03,-0.0026895657554595713
2015-03-04,0.0005921170999406496
2015-03-05,0.005726042819602333
2015-03-06,-0.0025224443725750793
2015-03-09,0.0032587980896731732
2015-03-10,0.0037595660658173427
2015-03-11,0.004018632596179754
2015-03-12,0.0029356038866257808
2015-03-13,0.002628615474832354
2015-03-16,0.006032281478108225
2015-03-17,0.002410740125489281
2015-03-18,-0.002365155893050427
2015-03-19,0.010369784312951913
2015-03-20,-0.0029493606900396446
2015-03-23,-0.001358518051735447
2015-03-24,-0.0009162656573380783
2015-03-25,-0.005797201877436814
2015-03-26,-0.0007176020271686072
2015-03-27,0.010089811689433065
2015-03-30,0.002845071615566496
2015-03-31,-0.004029126846163338
2015-04-01,-0.0025515142192899702
2015-04-02,0.00017322105264927674
2015-04-06,-0.00237118303408628
2015-04-07,0.0032824891729129274
2015-04-08,0.006743561640125984
2015-04-09,0.003573651106463844
2015-04-10,0.005080932258080548
2015-04-13,0.02846457598091092
2015-04-14,0.007611282359839639
2015-04-15,-0.00026949210755409505
2015-04-16,0.00769496699170738
2015-04-17,-0.00044554333766098344
2015-04-20,0.00799090361928877
2015-04-21,0.005489117170586042
2015-04-22,-0.0006137375736864864
2015-04-23,0.002929899350148395
2015-04-24,-0.0006669308981367487
2015-04-27,-0.007629746078318396
2015-04-28,-0.0006318047435086732
2015-04-29,-0.0003121502590283038
2015-04-30,-0.00306433600673844
2015-05-01,0.01897068985839013
2015-05-04,0.0002782169056503897
2015-05-05,-0.00998342595311277
2015-05-06,0.00014741318097134917
2015-05-07,-0.00033677590331135306
2015-05-08,0.008869727617337276
2015-05-11,-0.0006744883924021775
2015-05-12,0.0011241137796759097
2015-05-13,-0.001763121499529128
2015-05-14,0.008822825116759964
2015-05-15,0.0011516846472176185
2015-05-18,0.004739517525758641
2015-05-19,0.004709454241693988
2015-05-20,-0.001900168024882068
2015-05-21,0.00575736242124665
2015-05-22,0.005022722719099397
2015-05-26,0.0005758881673170686
2015-05-27,0.010242763551486808
2015-05-28,0.0007491703910447906
2015-05-29,0.0023743579774587226
2015-06-01,-0.00032713295452784495
2015-06-02,-0.0038210879577152148
2015-06-03,0.0017986877173185628
2015-06-04,-0.005044692938400057
2015-06-05,0.0033922462353719917
2015-06-08,-0.0009171706399696847
2015-06-09,0.002767352107338687
2015-06-10,0.007571250258927613
2015-06-11,0.00547225422964367
2015-06-12,0.0037380011299290293
2015-06-15,0.0014782224713650845
2015-06-16,0.0050782027080000765
2015-06-17,-0.00038568685026089613
2015-06-18,-0.0009655611976527137
2015-06-19,0.00229711854987151
2015-06-22,0.008118871843383706
2015-06-23,0.0009666980088461602
2015-06-24,-0.0008529154737183946
2015-06-25,-0.001210308743518425
2015-06-26,0.004522059604111647
2015-06-29,-0.015341227022041218
2015-06-30,0.004391283864452068
2015-07-01,0.0009480746015055817
2015-07-02,-0.004131611097988495
2015-07-06,0.0007234061479781379
2015-07-07,0.0017281047833828576
2015-07-08,-0.009841508339266765
2015-07-09,0.0032759261281153423
2015-07-10,0.008414546589245472
2015-07-13,0.009128741346139285
2015-07-14,-0.003486250938254532
2015-07-15,-0.000810240317247815
2015-07-16,0.014596286837689845
2015-07-17,0.007378003160427406
2015-07-20,0.007033477971014046
2015-07-21,0.00028646063889034416
2015-07-22,0.004681039957931203
2015-07-23,0.006331057516910247
2015-07-24,0.007926268825140184
2015-07-27,-0.0017395749201024276
2015-07-28,0.0029705312219436278
2015-07-29,0.007078141497504539
2015-07-30,0.020198971412007164
2015-07-31,0.004900796809333074
2015-08-03,0.006234274014890825
2015-08-04,0.002725961487861938
2015-08-05,0.0036123115951729344
2015-08-06,-0.00678854050012555
2015-08-07,0.004478933223368681
2015-08-10,-0.00012769140820936543
2015-08-11,0.004169607381049595
2015-08-12,-0.003473702668176484
2015-08-13,0.007850906185395036
2015-08-14,0.0009727537265887216
2015-08-17,0.0006272127838558346
2015-08-18,0.011494298320402689
2015-08-19,0.00035483709457727114
2015-08-20,-0.0083568711714701
2015-08-21,-0.01606294306024997
2015-08-24,0.0039036848897655322
2015-08-25,-0.0046435923945571415
2015-08-26,0.0083774007505949
2015-08-27,-0.013882030012262408
2015-08-28,-0.0072581136108263765
2015-08-31,0.0009466815102872301
2015-09-01,0.007662439623387846
2015-09-02,0.003927922916029975
2015-09-03,-0.005111434092833325
2015-09-04,0.0044992061264794376
2015-09-08,-0.00032058406557750095
2015-09-09,0.002695834233522516
2015-09-10,-0.001259323361197791
2015-09-11,0.010876669015228305
2015-09-14,0.008591263518610915
2015-09-15,0.005825556678237384
2015-09-16,-0.0018229382307302874
2015-09-17,0.01215723751409437
2015-09-18,0.00837003153988945
2015-09-21,0.00511564422460532
2015-09-22,0.0032070210817159565
2015-09-23,0.009777189316071506
2015-09-24,0.0014687667608452213
2015-09-25,-0.00069314563597853
2015-09-28,0.011928862408794177
2015-09-29,-0.002546717175096081
2015-09-30,-0.004021451189026454
2015-10-01,0.004038454576957517
2015-10-02,-0.004924276017266845
2015-10-05,0.006861958863435641
2015-10-06,-0.006961156086819134
2015-10-07,0.00480272640334338
2015-10-08,0.006290479927725088
2015-10-09,0.0006945321193159268
2015-10-12,0.0068306679930160265
2015-10-13,-0.006178453086248229
2015-10-14,-0.004549520826391319
2015-10-15,0.0035171569639881562
2015-10-16,0.0032303240107740966
2015-10-19,0.011188120872891588
2015-10-20,-0.001747587732327934
2015-10-21,-0.0017675705808103208
2015-10-22,0.009900105725607313
2015-10-23,0.004150999870982341
2015-10-26,0.002773924015077538
2015-10-27,0.009890839826358877
2015-10-28,-0.0010864791226947083
2015-10-29,-0.0031374713548929585
2015-10-30,0.004785110301638082
2015-11-02,-0.003176249520469361
2015-11-03,0.001793038962894082
2015-11-04,-0.000985164994428074
2015-11-05,0.006062528111922806
2015-11-06,0.011107999821549489
2015-11-09,0.003057557797365168
2015-11-10,0.007316528257906782
2015-11-11,0.0066123076366022965
2015-11-12,0.011910993438578484
2015-11-13,0.0028425295235446116
2015-11-16,-0.003525580268676814
2015-11-17,0.005926621002314178
2015-11-18,0.0023224583607071663
2015-11-19,0.0057855712005291885
2015-11-20,0.004702992588929284
2015-11-23,0.005541330098406118
2015-11-24,-0.009148016172841824
2015-11-25,0.004043219483598858
2015-11-27,0.00393160226162996
2015-11-30,-0.0026337492066252225
2015-12-01,0.007627213617877035
2015-12-02,0.013481255596489944
2015-12-03,0.009430932560083472
2015-12-04,0.02223291510874312
2015-12-07,0.011256759259919289
2015-12-08,-0.00022878906695531764
2015-12-09,-0.01142468754602558
2015-12-10,-0.004303837668218112
2015-12-11,0.019869172621786738
2015-12-14,0.010621939402767297
2015-12-15,-0.004138549736548265
2015-12-16,0.0005798161243474382
2015-12-17,0.008328187036048911
2015-12-18,0.0030736103225330706
2015-12-21,-0.0018011395750943287
2015-12-22,-0.0033001383243326807
2015-12-23,-0.01830574989163971
2015-12-24,0.0024550928207534347
2015-12-28,0.011968436992846129
2015-12-29,0.0015581466458199703
2015-12-30,0.004194393230886917
2015-12-31,-0.007414622566383563
2016-01-04,-0.002805377925248401
2016-01-05,-0.0018606498187196448
2016-01-06,0.01941333969021985
2016-01-07,0.014812358201971468
2016-01-08,-0.0005411618252880439
2016-01-11,0.015133317083259249
2016-01-12,0.00722297920059759
2016-01-13,0.02398954465410171
2016-01-14,-0.02821339210452383
2016-01-15,0.023064593234841117
2016-01-19,0.010991704616040978
2016-01-20,0.004537457687847152
2016-01-21,-0.021123466061179482
2016-01-22,-0.007321676534085289
2016-01-25,0.010086373111447371
2016-01-26,-0.015527311539278693
2016-01-27,-0.003954775245378478
2016-01-28,0.0032063196952968167
2016-01-29,-3.955681962706087e-05
2016-02-01,0.004031132149283587
2016-02-02,0.010763457221821386
2016-02-03,-0.009902651839335943
2016-02-04,-0.011638911984400407
2016-02-05,0.013431947237170061
2016-02-08,0.03777997825728447
2016-02-09,0.009943038940986134
2016-02-10,-0.0009571698998159909
2016-02-11,0.01467441831672998
2016-02-12,-0.018229473497855593
2016-02-16,-0.008990724053239155
2016-02-17,-0.015889236226933397
2016-02-18,0.0009624941570446462
2016-02-19,0.004269100992605972
2016-02-22,-0.012822279908568898
2016-02-23,0.019171939618287823
2016-02-24,-0.004350968619960398
2016-02-25,-0.004266629432066663
2016-02-26,-0.006290376023811553
2016-02-29,0.000734844029649328
2016-03-01,-0.004354593173448202
2016-03-02,-0.010118135794444436
2016-03-03,-0.001245243742370661
2016-03-04,-0.005717624783098867
2016-03-07,-0.0048845816728639
2016-03-08,0.01802393348127236
2016-03-09,-0.005447767646915558
2016-03-10,0.010283755365101987
2016-03-11,-0.0021581305906944862
2016-03-14,-0.001491907001653987
2016-03-15,0.0036943740742686805
2016-03-16,0.00794859378879043
2016-03-17,0.00592976687574253
2016-03-18,0.0027566968001508816
2016-03-21,0.0017509131623477995
2016-03-22,-0.0050420741865404685
2016-03-23,-0.000777381835707945
2016-03-24,0.0045804268257882644
2016-03-28,0.0037428120143323503
2016-03-29,0.008464664201134531
2016-03-30,0.0024851217118077133
2016-03-31,-0.006088174141785603
2016-04-01,0.010169093365972335
2016-04-04,0.004730768360738177
2016-04-05,-0.00226497959138621
2016-04-06,0.003300706651546018
2016-04-07,-0.008872134646022477
2016-04-08,0.0050624507564502
2016-04-11,-0.00012794752333943846
2016-04-12,-0.0034737672756820297
2016-04-13,-0.0008370407495601012
2016-04-14,0.002616264136793435
2016-04-15,0.003890782266785432
2016-04-18,0.007785271897811696
2016-04-19,-0.002922555650268291
2016-04-20,-0.0036905043208235386
2016-04-21,-0.003855380811041551
2016-04-22,0.024370216030082173
2016-04-25,-0.004548052185160921
2016-04-26,0.002198439216658838
2016-04-27,0.0037796077502427056
2016-04-28,-0.004607361208036312
2016-04-29,0.010911727178793993
2016-05-02,0.010971833897571951
2016-05-03,-0.002627780453893174
2016-05-04,-0.0048896389945146616
2016-05-05,-0.0005088590861700331
2016-05-06,0.010001039936920211
2016-05-09,0.0010029517607276369
2016-05-10,0.0018718911630194695
2016-05-11,4.752170387909156e-05
2016-05-12,0.0038576789709916307
2016-05-13,-0.0016604321257563887
2016-05-16,0.0037482330113777634
2016-05-17,-0.007812596458567807
2016-05-18,-0.0027598010215952435
2016-05-19,-0.003191930257913536
2016-05-20,0.0030654421034880136
2016-05-23,-0.000323872518938531
2016-05-24,0.00356533475322635
2016-05-25,0.0017792686314913437
2016-05-26,0.006730021034959248
2016-05-27,0.005749935504559411
2016-05-31,-0.0009468107656621766
2016-06-01,-0.00015574637452722852
2016-06-02,-0.0006724587105476214
2016-06-03,0.005259903156607797
2016-06-06,0.0009344698018285033
2016-06-07,-0.001656988198621299
2016-06-08,0.0026144253831237945
2016-06-09,0.004400625521911545
2016-06-10,-0.005589159246117797
2016-06-13,-0.006665819651721722
2016-06-14,0.005643360518389222
2016-06-15,0.0020814555608049206
2016-06-16,0.0044668073533409135
2016-06-17,0.013150040034181252
2016-06-20,0.0009413227937924755
2016-06-21,0.003721739937155772
2016-06-22,-0.006557236578068395
2016-06-23,0.005676499980744129
2016-06-24,-0.009247875225977479
2016-06-27,0.00930394114040738
2016-06-28,0.010598961927874245
2016-06-29,0.005880510281590994
2016-06-30,0.006580656431925347
2016-07-01,0.003863776275431669
2016-07-05,0.022068505192763713
2016-07-06,0.0020542398985042855
2016-07-07,0.0011055441538447906
2016-07-08,0.005192956076721733
2016-07-11,-0.004538799933436753
2016-07-12,0.0023247554214531852
2016-07-13,0.002402777830678577
2016-07-14,-0.0028687315544005617
2016-07-15,-0.0014671557349712821
2016-07-18,0.0040893366587787545
2016-07-19,0.0023224721151203797
2016-07-20,-0.0031399385577053156
2016-07-21,0.0004169108969553487
2016-07-22,0.010145825801004326
2016-07-25,-5.002087556498908e-05
2016-07-26,0.0032886407900143827
2016-07-27,0.0036451310539386632
2016-07-28,0.002174159899416261
2016-07-29,0.012181137591768166
2016-08-01,-0.007496457416195168
2016-08-02,-0.0040610258514941515
2016-08-03,0.005120951324603944
2016-08-04,0.017090008850307897
2016-08-05,0.001312395807990569
2016-08-08,0.0034199341944560467
2016-08-09,0.004187785052886871
2016-08-10,0.0007923777753270995
2016-08-11,-0.00017592875197106642
2016-08-12,0.0066593885861613135
2016-08-15,0.003100823883196588
2016-08-16,-0.007255549719216979
2016-08-17,0.003691125927465652
2016-08-18,0.009180746683323238
2016-08-19,0.0008941375726574668
2016-08-22,-0.0048226202464630484
2016-08-23,0.001964180298577422
2016-08-24,-0.01002298423293375
2016-08-25,0.0004992713738298989
2016-08-26,0.0011526282309035512
2016-08-29,0.00335261614595611
2016-08-30,-0.0022572779118655434
2016-08-31,-0.0008380187304493551
2016-09-01,-0.00016769457994698027
2016-09-02,0.010527114848890757
2016-09-06,0.002786916386559148
2016-09-07,-3.268495081475027e-05
2016-09-08,-0.0014540123377815187
2016-09-09,-0.016445859306816826
2016-09-12,0.009570587976052192
2016-09-13,-0.01577754334883844
2016-09-14,0.0022804247933724104
2016-09-15,0.003602969050636881
2016-09-16,0.0027423486410757887
2016-09-19,0.005385386779900589
2016-09-20,-0.0013109175443164062
2016-09-21,0.012076488749570338
2016-09-22,0.005449714657884958
2016-09-23,-0.003998493081227397
2016-09-26,-0.005277043813452308
2016-09-27,0.008953552093785594
2016-09-28,0.005785384413408933
2016-09-29,-0.00438455661490085
2016-09-30,0.006404633792286651
2016-10-03,0.001295680055679422
2016-10-04,-0.0009906220737313537
2016-10-05,-0.0024076942543172367
2016-10-06,0.022023740785409914
2016-10-07,0.004073366396608662
2016-10-10,0.0007388305412382774
2016-10-11,-0.005529375785928086
2016-10-12,0.0017580797458170735
2016-10-13,-0.004311144245004888
2016-10-14,0.005106503017547965
2016-10-17,-0.003340731359300031
2016-10-18,0.0018153217114069758
2016-10-19,0.0036625071888769394
2016-10-20,0.001071245590616938
2016-10-21,0.0021455356899773175
2016-10-24,0.00902028358101426
2016-10-25,0.002188307284190928
2016-10-26,-0.006761489743909109
2016-10-27,-0.0037652858591928537
2016-10-28,-0.003751311455989511
2016-10-31,-0.0008128227849087181
2016-11-01,-0.00534702560325745
2016-11-02,-0.0004365038335035882
2016-11-03,0.007641514162713771
2016-11-04,-0.0020774549037012396
2016-11-07,0.01215860574008886
2016-11-08,0.00011027167107237459
2016-11-09,0.002940823119596209
2016-11-10,-0.0066473073911485145
2016-11-11,0.015811397515036824
2016-11-14,-0.005660081455543929
2016-11-15,0.008797249242100647
2016-11-16,0.009243917147462708
2016-11-17,0.012355670167979508
2016-11-18,0.005359397062654515
2016-11-21,0.007958058353873965
2016-11-22,0.0006061757282778643
2016-11-23,0.0006725882749657346
2016-11-25,-0.00038707425331543634
2016-11-28,-0.004570727589374493
2016-11-29,0.00143541758557961
2016-11-30,0.0021572541571309427
2016-12-01,-0.010139637340773836
2016-12-02,0.0017447869005306343
2016-12-05,0.0025208585401850286
2016-12-06,0.00835592103837838
2016-12-07,0.0031387815253151145
2016-12-08,0.006974195484651521
2016-12-09,0.001552479165579432
2016-12-12,-0.001964282226120811
2016-12-13,0.00011128957473228237
2016-12-14,0.006980991382101773
2016-12-15,0.0033683622945650813
2016-12-16,-0.00395904400402501
2016-12-19,0.002314069570085701
2016-12-20,0.009438952481691668
2016-12-21,0.004213350377816265
2016-12-22,0.00755390543489329
2016-12-23,-0.001820926629284297
2016-12-27,0.003909650214494428
2016-12-28,-0.007028298527397772
2016-12-29,-0.00032869853415747925
2016-12-30,-0.006023934958023641
2017-01-03,0.007086255933937473
2017-01-04,0.005355741737233137
2017-01-05,-0.0009720308368880497
2017-01-06,0.0039024856434507855
2017-01-09,-0.0006266921612216677
2017-01-10,0.0005834316945092128
2017-01-11,0.00158447833635815
2017-01-12,-0.003431188284023741
2017-01-13,0.0014950665147382366
2017-01-17,-0.005317598354329632
2017-01-18,0.0024193898263886932
2017-01-19,0.0017252279760083828
2017-01-20,0.0070255691350720375
2017-01-23,-0.0005577740906417478
2017-01-24,0.018089591125536236
2017-01-25,0.005716705659504548
2017-01-26,0.00754773918857327
2017-01-27,0.0010811785237665036
2017-01-30,-0.001301348048628193
2017-01-31,-0.005500768095311382
2017-02-01,0.011098351362112565
2017-02-02,-0.0016640120998160529
2017-02-03,-0.00032283504695403576
2017-02-06,0.0030384191200023176
2017-02-07,0.0008919664794109324
2017-02-08,0.0004661646807279068
2017-02-09,-0.0013990479052981481
2017-02-10,-0.0009807206001997875
2017-02-13,-0.00022394919298426806
2017-02-14,0.0016255098628502672
2017-02-15,-0.0009413921609429491
2017-02-16,-0.003012825150531067
2017-02-17,-0.0034691032410393537
2017-02-21,0.0026386755371485666
2017-02-22,0.0036374930603318154
2017-02-23,-0.012919154735174593
2017-02-24,-0.003017953449555473
2017-02-27,0.004816329743590228
2017-02-28,-0.00677780362121051
2017-03-01,0.00948763318514045
2017-03-02,-0.0020322054663995883
2017-03-03,0.0012489847318611484
2017-03-06,0.004067013143178989
2017-03-07,0.00032020555969620464
2017-03-08,-0.0004603785217435944
2017-03-09,0.005143222349745182
2017-03-10,0.00549723860413555
2017-03-13,0.004886486039901385
2017-03-14,-0.003299361884039687
2017-03-15,-0.0028083125422839602
2017-03-16,0.00012356308313506923
2017-03-17,-8.892210245482078e-05
2017-03-20,0.006076686090600171
2017-03-21,-0.0063362927650674
2017-03-22,0.004137157410484466
2017-03-23,-0.0029243385323981415
2017-03-24,0.006973247583313837
2017-03-27,0.004435884458578251
2017-03-28,0.006815910440604964
2017-03-29,-0.0017040558008056131
2017-03-30,0.003064555365865502
2017-03-31,-0.004822987556993883
2017-04-03,0.0024506563927897155
2017-04-04,0.0022879477206620064
2017-04-05,-0.0061436017766462155
2017-04-06,-0.0017654204581108897
2017-04-07,-0.002207906045556152
2017-04-10,-0.0076892200237750645
2017-04-11,-0.00504179162299051
2017-04-12,-0.0037140219705671454
2017-04-13,-0.002669867752800104
2017-04-17,0.007971827986017145
2017-04-18,0.0003581551026516001
2017-04-19,-0.0014993166300726495
2017-04-20,0.008233857339436927
2017-04-21,0.0009387489328605997
2017-04-24,0.00870601738196784
2017-04-25,0.004481432602547326
2017-04-26,-0.0035997130651418477
2017-04-27,0.004323858698868494
2017-04-28,-3.4712707437927685e-05
2017-05-01,0.00949405336008333
2017-05-02,0.0016266224936070657
2017-05-03,-0.0009656249703900047
2017-05-04,0.0062119911395768475
2017-05-05,0.0025508251559754817
2017-05-08,0.00517170496927995
2017-05-09,0.0018726254183947704
2017-05-10,0.008725653488294124
2017-05-11,0.0006768614041357529
2017-05-12,0.014172083676696257
2017-05-15,0.011137299859931568
2017-05-16,0.011913324137902805
2017-05-17,-0.02040929230038854
2017-05-18,0.009673921629930391
2017-05-19,0.004048632351451517
2017-05-22,0.014830159788872968
2017-05-23,0.003968685218085818
2017-05-24,0.00152768479926008
2017-05-25,-0.0006694611141821553
2017-05-26,0.002789535390490589
2017-05-30,-1.3071019600905775e-05
2017-05-31,0.0017166561415360541
2017-06-01,0.004773135794364702
2017-06-02,0.004366465364918352
2017-06-05,0.0001815359891076192
2017-06-06,-0.0015799156751067516
2017-06-07,-0.0004208253731882588
2017-06-08,0.008792528391035136
2017-06-09,-0.015252633662053048
2017-06-12,-0.00536050621498047
2017-06-13,0.003384859618557538
2017-06-14,0.000353722871552768
2017-06-15,0.0010608901316968007
2017-06-16,0.010678636635051222
2017-06-19,0.00894072842858135
2017-06-20,-0.0010497474575219216
2017-06-21,0.0057755581741742975
2017-06-22,0.0037634269599066544
2017-06-23,0.004270029060849383
2017-06-26,0.000637889998047971
2017-06-27,-0.012325788992786076
2017-06-28,0.003267846815797772
2017-06-29,-0.009904040437667539
2017-06-30,-1.4269550443398064e-05
2017-07-03,-0.00665444392439125
2017-07-05,0.019805190338955468
2017-07-06,-0.00633233207809423
2017-07-07,0.009812390240505968
2017-07-10,0.0032794946644952834
2017-07-11,0.0019687993475231307
2017-07-12,0.007338538820045246
2017-07-13,3.489650504130806e-05
2017-07-14,0.0018930061855805232
2017-07-17,-0.0015603037315273243
2017-07-18,0.003968379350348423
2017-07-19,0.010739980705525178
2017-07-20,-0.0018245089072525893
2017-07-21,0.0020587951319277634
2017-07-24,0.007400998357220382
2017-07-25,-0.006580199947045159
2017-07-26,0.006910809342486399
2017-07-27,-0.011963938264779369
2017-07-28,0.012396543476527624
2017-07-31,-0.0010916570583284484
2017-08-01,0.004521779400431424
2017-08-02,-0.0013065405723141168
2017-08-03,0.0008088398252163581
2017-08-04,-0.0018533013129882186
2017-08-07,0.0068957736218035245
2017-08-08,-0.004392546755434037
2017-08-09,-0.0038320457303117937
2017-08-10,-0.015358036284579468
2017-08-11,0.0026596755728477838
2017-08-14,0.013520016424209521
2017-08-15,0.002055557757672217
2017-08-16,0.002319346028784574
2017-08-17,-0.015169217444126415
2017-08-18,0.004731809199998343
2017-08-21,0.006825523409218064
2017-08-22,0.008031836285824065
2017-08-23,0.0009929288277365405
2017-08-24,0.004626703907116082
2017-08-25,-0.0018504827745093413
2017-08-28,0.0027912830085402634
2017-08-29,-0.0015227882533550632
2017-08-30,0.0036720160563204615
2017-08-31,0.004191724783339975
2017-09-01,0.00026664084268738624
2017-09-05,-0.003942219743367199
2017-09-06,0.0027976768897157297
2017-09-07,0.0051192014963341425
2017-09-08,0.0005786838514624621
2017-09-11,0.007629888511041927
2017-09-12,-0.0006304191737918323
2017-09-13,-0.002444481956966958
2017-09-14,-1.0566234832330346e-05
2017-09-15,0.0037339211140239277
2017-09-18,0.006500688579095072
2017-09-19,0.002874895118311215
2017-09-20,0.01958425621870003
2017-09-21,-0.0008855707382293003
2017-09-22,-0.0010384457163206155
2017-09-25,-0.002773708876400137
2017-09-26,-0.0016052559916626425
2017-09-27,0.0035237117333962926
2017-09-28,0.01752834194176272
2017-09-29,8.157608164529329e-05
2017-10-02,0.005455347581629894
2017-10-03,0.0002663569698584496
2017-10-04,0.0003194400394833537
2017-10-05,0.004032398359953816
2017-10-06,0.0037290856275147334
2017-10-09,-0.0018872758603211163
2017-10-10,0.0024648674894713826
2017-10-11,0.0029975877586890503
2017-10-12,0.006064303828091428
2017-10-13,0.0014511971129261233
2017-10-16,0.004875525614584404
2017-10-17,-0.004272174105942023
2017-10-18,-0.0005425384046425857
2017-10-19,-0.002701055282802954
2017-10-20,0.0010953532361351855
2017-10-23,0.0009623182767038214
2017-10-24,-7.266578734034737e-05
2017-10-25,0.0034378912393621002
2017-10-26,0.0016368593862525287
2017-10-27,0.025039463198901123
2017-10-30,0.004574258809141846
2017-10-31,0.001099963738955904
2017-11-01,-0.0006641179755281162
2017-11-02,0.005360210121844575
2017-11-03,0.00860368243218441
2017-11-06,-0.0013943073391639187
2017-11-07,-0.001519154264054559
2017-11-08,0.0035403288634303838
2017-11-09,-0.0014245155904915956
2017-11-10,0.0017992364314478567
2017-11-13,0.00015362877021396227
2017-11-14,0.003226984995616486
2017-11-15,-0.008206195530623355
2017-11-16,0.004945151630102994
2017-11-17,-8.960080218936284e-05
2017-11-20,0.005717218747000762
2017-11-21,0.008733930468404438
2017-11-22,-0.002086182067227827
2017-11-24,0.0017273274783759277
2017-11-27,-0.004883840821491263
2017-11-28,-0.002919819819475229
2017-11-29,-0.011486273459077195
2017-11-30,0.0036107091866182926
2017-12-01,-0.0007634503502454165
2017-12-04,-0.002817001809168958
2017-12-05,0.005576202677669652
2017-12-06,0.0016199764167975613
2017-12-07,0.010914992487193758
2017-12-08,0.0011394324216934823
2017-12-11,0.0035614886452493104
2017-12-12,0.0005149254645271447
2017-12-13,0.0002250944810419869
2017-12-14,0.002726409207481694
2017-12-15,0.0004018457223191091
2017-12-18,-0.0004340520325584746
2017-12-19,-0.005154854124121589
2017-12-20,0.0037601519040158333
2017-12-21,0.01012326361716173
2017-12-22,0.0008597164241244054
2017-12-26,0.00042429061930872433
2017-12-27,-0.00031964165870602295
2017-12-28,0.0020919570726886877
2017-12-29,-0.002441600860209368
2018-01-02,0.006936165775923373
2018-01-03,0.0009578364536520096
2018-01-04,-0.0004004969261777207
2018-01-05,8.470376302235292e-05
2018-01-08,-0.0009659724241777727
2018-01-09,0.00015476597916629764
2018-01-10,0.0020798906564756933
2018-01-11,0.011542549750714216
2018-01-12,-0.00036523200451832154
2018-01-16,-0.004046166182762805
2018-01-17,0.009649111046896046
2018-01-18,-0.00020267203845848947
2018-01-19,0.005016952791600101
2018-01-22,0.008311173113438233
2018-01-23,-0.004991962319495327
2018-01-24,-0.000744256595151012
2018-01-25,0.003203421758813169
2018-01-26,0.003863119309226952
2018-01-29,-0.004231601685925511
2018-01-30,-0.003863971372066491
2018-01-31,0.004944625790097562
2018-02-01,0.006700785916115326
2018-02-02,0.0011172473866240622
2018-02-05,0.04807692333880765
2018-02-06,0.006565857635167471
2018-02-07,-0.0056674310920789926
2018-02-08,0.01007490883919554
2018-02-09,0.0012532979523435035
2018-02-12,-0.0030869402782516204
2018-02-13,0.002317125304605067
2018-02-14,0.005022685494025019
2018-02-15,0.0057587992111219335
2018-02-16,-0.0007117150702020263
2018-02-20,0.002213936396370097
2018-02-21,-0.001068697114430342
2018-02-22,9.312890491456732e-05
2018-02-23,0.008329342220207325
2018-02-26,0.007890670245694757
2018-02-27,-0.0019187104741224766
2018-02-28,0.0014358462429078299
2018-03-01,0.0012128657101354327
2018-03-02,0.0047025381718816175
2018-03-05,0.0068790243023719114
2018-03-06,0.0004228832454397731
2018-03-07,0.0036273960272917294
2018-03-08,0.004425355166895241
2018-03-09,0.006365234444439027
2018-03-12,-0.0016780766650162774
2018-03-13,-0.003137582355854363
2018-03-14,0.0018033474768884192
2018-03-15,0.0020154862079373196
2018-03-16,0.0016440986720784216
2018-03-19,-0.003050133339630763
2018-03-20,0.007604984860067493
2018-03-21,0.0012301990161090585
2018-03-22,0.001715381280803762
2018-03-23,-0.00115215014109573
2018-03-26,0.004952806644309053
2018-03-27,-0.007915857256139637
2018-03-28,-0.004059132531619538
2018-03-29,0.0036477681593230318
2018-04-02,0.0035522259527636475
2018-04-03,-0.0006145588702881737
2018-04-04,-0.0035834279986763683
2018-04-05,-1.0016738452470092e-05
2018-04-06,0.013406035171045185
2018-04-09,-0.0007263027904264945
2018-04-10,0.000991848575094345
2018-04-11,-0.0007007764815595178
2018-04-12,-0.0028703675338223426
2018-04-13,-0.006851211090142509
2018-04-16,0.008041987200884601
2018-04-17,0.010927997844162875
2018-04-18,0.001900074318939053
2018-04-19,-0.0028765492801079233
2018-04-20,-0.0004933560969014011
2018-04-23,-0.0021568323293332517
2018-04-24,0.0035693335479187933
2018-04-25,0.002070201676358769
2018-04-26,-0.0023206129013455075
2018-04-27,-0.002494006373729441
2018-04-30,0.00958728685902865
2018-05-01,-0.0007561454099519099
2018-05-02,0.001351974974635938
2018-05-03,0.008019331427775894
2018-05-04,0.00046674876036586447
2018-05-07,0.001856958429864372
2018-05-08,-0.001552740976887
2018-05-09,0.006651316566498903
2018-05-10,0.003805286792390771
2018-05-11,0.013870665611628535
2018-05-14,-0.005065950285742396
2018-05-15,-0.0037422275553853344
2018-05-16,0.0022425910670028255
2018-05-17,0.012725567054317766
2018-05-18,0.0005488412275042371
2018-05-21,0.023767177280192942
2018-05-22,-0.00043082306812648947
2018-05-23,0.004262796454033243
2018-05-24,0.006076922822599499
2018-05-25,-0.002322825911816369
2018-05-29,0.019510875894368788
2018-05-30,0.0007614527204855798
2018-05-31,0.0015037087564840385
2018-06-01,0.009139950763648296
2018-06-04,0.008673316349159379
2018-06-05,0.0027355804675471226
2018-06-06,0.007527587403683339
2018-06-07,-0.0031607362567057326
2018-06-08,0.0008429057473686338
2018-06-11,0.0030505937878827468
2018-06-12,0.0026929257761370913
2018-06-13,-0.001186102469555415
2018-06-14,0.004094664772666167
2018-06-15,0.004170014585815994
2018-06-18,0.004524353820248505
2018-06-19,0.004513947257168402
2018-06-20,-0.0005712662643772087
2018-06-21,-0.0018292165659319335
2018-06-22,0.0005228992116999604
2018-06-25,-0.004293435976853959
2018-06-26,0.0069277011224120975
2018-06-27,0.002730276369292263
2018-06-28,0.0043676748376000885
2018-06-29,-0.0031417339869803202
2018-07-02,0.0031791237862853197
2018-07-03,-0.004302545417043671
2018-07-05,0.004826447434985212
2018-07-06,0.0029615182139215938
2018-07-09,-0.0044561345977193485
2018-07-10,0.0011224948200615897
2018-07-11,0.004307717857467213
2018-07-12,0.0022670920773108947
2018-07-13,-0.0016886006686006442
2018-07-16,0.00014094301328946928
2018-07-17,-0.0005713201802757856
2018-07-18,-6.600428864191258e-05
2018-07-19,0.0033517250763891995
2018-07-20,0.0031144601128982805
2018-07-23,0.0002322646887228403
2018-07-24,-0.005602013144900242
2018-07-25,0.004064190709598653
2018-07-26,0.0005406908087925827
2018-07-27,-0.007928042823073795
2018-07-30,-0.002979203939764353
2018-07-31,0.004979555100531103
2018-08-01,0.007490064408128749
2018-08-02,0.015965887911895717
2018-08-03,0.002841155257778844
2018-08-06,0.0018132845460124762
2018-08-07,0.000501938568070492
2018-08-08,-0.0031545987761319194
2018-08-09,0.0033227127686012875
2018-08-10,0.020424783853108162
2018-08-13,0.00031046979309914133
2018-08-14,0.00248424467144342
2018-08-15,-0.00010175879828131773
2018-08-16,0.0014742153600802526
2018-08-17,0.0002118865760918771
2018-08-20,0.0034194071056888537
2018-08-21,0.0016005447411454885
2018-08-22,0.0071147326038781935
2018-08-23,0.0039185966410198265
2018-08-24,0.006248252653804515
2018-08-27,-0.00318143374270995
2018-08-28,-0.0004395821537335225
2018-08-29,-0.001030343156856726
2018-08-30,0.006857724352759044
2018-08-31,0.0033302749145753254
2018-09-04,0.007271317548926595
2018-09-05,-0.006834818495669806
2018-09-06,0.0010209396692529818
2018-09-07,0.0030189365284617265
2018-09-10,0.013619082472336707
2018-09-11,0.01106585516661605
2018-09-12,-0.0003821689333647065
2018-09-13,-0.0019029618403771423
2018-09-14,0.003202924151245134
2018-09-17,-0.00785389187006358
2018-09-18,0.0013313144862743104
2018-09-19,0.0031962719529716353
2018-09-20,0.00020968445092310617
2018-09-21,0.0001562433753187493
2018-09-24,0.0025887189533689552
2018-09-25,0.007000610107448192
2018-09-26,0.0015089709493347862
2018-09-27,0.0013994612433133
2018-09-28,-0.0025947836215399742
2018-10-01,0.005042815111987895
2018-10-02,-0.010146793938965962
2018-10-03,0.0007881122418200111
2018-10-04,0.011130253145704547
2018-10-05,-0.0003790678444071487
2018-10-08,-0.0004292140187361486
2018-10-09,-0.0006566785707192961
2018-10-10,-0.019836003492750456
2018-10-11,-0.002218255140506569
2018-10-12,0.01069766441436642
2018-10-15,-0.002221414869446397
2018-10-16,0.008570281277144539
2018-10-17,-0.002270766833754328
2018-10-18,-0.003719166406465918
2018-10-19,-0.007694154723296756
2018-10-22,0.008732534342931302
2018-10-23,-0.0011678723102571615
2018-10-24,-0.006051653686278498
2018-10-25,-0.0070333123853383115
2018-10-26,0.0038478526473760084
2018-10-29,0.0034337196538351726
2018-10-30,0.001755362362665706
2018-10-31,0.003783864588635286
2018-11-01,-0.0018413933846622836
2018-11-02,1.487700609611412e-05
2018-11-05,-0.0004599965997406424
2018-11-06,0.001295954434585324
2018-11-07,0.014233522233794687
2018-11-08,0.006946160994972643
2018-11-09,0.0004597792808369688
2018-11-12,-0.008350956408584815
2018-11-13,0.00023168665623375358
2018-11-14,0.011976738107962482
2018-11-15,0.015273154614293896
2018-11-16,-0.01674695771167086
2018-11-19,-0.011209886975749287
2018-11-20,0.0012546582677942127
2018-11-21,-0.0012891179788296534
2018-11-23,0.0063745650037628125
2018-11-26,0.0035022805744526027
2018-11-27,0.0020432482722518826
2018-11-28,0.003251990363866028
2018-11-29,0.007810106089352195
2018-11-30,2.5435279207259936e-06
2018-12-03,0.002370326824127084
2018-12-04,0.013794099817630443
2018-12-06,0.014407675874765494
2018-12-07,0.004895244292185226
2018-12-10,0.0026044492620297286
2018-12-11,0.0033948648154963983
2018-12-12,0.0020535229003402454
2018-12-13,0.00037142315233814553
2018-12-14,0.004943053567633507
2018-12-17,-0.0025783051791334957
2018-12-18,0.006578151572055752
2018-12-19,0.005408985102219007
2018-12-20,0.0032150900544852916
2018-12-21,0.01326214411131563
2018-12-24,0.012069149819343237
2018-12-26,-0.018466869590071263
2018-12-27,0.002238484537723224
2018-12-28,-0.0015729621804433406
2018-12-31,-0.005269377313595392
2019-01-02,-0.013623054803160103
2019-01-03,0.015049214881417448
2019-01-04,-0.01668882671014598
2019-01-07,0.005285847964309076
2019-01-08,0.00483731181379887
2019-01-09,-0.002432373297574649
2019-01-10,-0.001207217760903621
2019-01-11,-6.448797210965739e-05
2019-01-14,0.027652163852287668
2019-01-15,0.011593061240332709
2019-01-16,-0.003090303352506621
2019-01-17,0.005972681362669877
2019-01-18,-0.006720838014562788
2019-01-22,-0.000476592274330299
2019-01-23,-0.0025445557104350263
2019-01-24,-0.02952853586458484
2019-01-25,0.006801643335533861
2019-01-28,0.008641186338117276
2019-01-29,-0.004366715055031089
2019-01-30,0.004728197056190922
2019-01-31,0.005465817439709026
2019-02-01,-0.0002848287381275033
2019-02-04,0.0005621855469852851
2019-02-05,-0.0004039033574724535
2019-02-06,0.003140186919036385
2019-02-07,-0.0006405143813521379
2019-02-08,0.00257147362053969
2019-02-11,0.0018075347327661606
2019-02-12,-0.00419292867405426
2019-02-13,-0.0033391741067074084
2019-02-14,0.0019692231061749573
2019-02-15,-0.0013508620618124683
2019-02-19,-0.002534284371261586
2019-02-20,-0.009503111858036276
2019-02-21,-0.0005315819468783127
2019-02-22,0.02929562146360312
2019-02-25,0.0016726785861640955
2019-02-26,0.0028304096410969597
2019-02-27,0.001236632385671019
2019-02-28,0.0012752671253513158
2019-03-01,0.008384364632431175
2019-03-04,-0.0029511636517478733
2019-03-05,0.0006168427303948507
2019-03-06,0.0007313196095332029
2019-03-07,-0.0013041531297243287
2019-03-08,-0.0006990248128359094
2019-03-11,0.004297505249914827
2019-03-12,0.001189038946715197
2019-03-13,0.0016647828746456177
2019-03-14,0.0019255249495017971
2019-03-15,0.002331612982242188
2019-03-18,-0.0001461354286111032
2019-03-19,-0.0007482292515801685
2019-03-20,0.0003860373984012949
2019-03-21,0.01333836044420288
2019-03-22,-0.001208134437358324
2019-03-25,0.0013416293314388135
2019-03-26,0.004573451513960844
2019-03-27,-0.0008821556292314474
2019-03-28,0.002500970684320986
2019-03-29,0.0010641112960919296
2019-04-01,-0.001166047120848644
2019-04-02,0.0013280613860547838
2019-04-03,-0.002491191498412835
2019-04-04,-0.008078017947633265
2019-04-05,0.00383007657442006
2019-04-08,0.0037283939877210473
2019-04-09,0.0034576762813384684
2019-04-10,0.004606229355682824
2019-04-11,5.1137381417587274e-05
2019-04-12,-0.00855818852917553
2019-04-15,-0.0001585704986707164
2019-04-16,0.0031152842251082253
2019-04-17,-0.00033850301597505633
2019-04-18,0.0009120173937743975
2019-04-22,0.002937772237561404
2019-04-23,0.0028248842137605853
2019-04-24,-0.0035384771549560753
2019-04-25,0.0005206537089785596
2019-04-26,0.0007172719474830531
2019-04-29,0.001993408082298453
2019-04-30,0.003241995429635069
2019-05-01,0.0009694488695149121
2019-05-02,0.006809392370907001
2019-05-03,0.018278103480318938
2019-05-06,-0.010543339152864524
2019-05-07,0.004680849536374133
2019-05-08,0.0036393041631582494
2019-05-09,0.007146908294775847
2019-05-10,0.007859502099495852
2019-05-13,0.0004071569261803646
2019-05-14,0.0025448896894631826
2019-05-15,0.006763282119200291
2019-05-16,0.010166108275782093
2019-05-17,-0.0019440543383456872
2019-05-20,-0.0036382332895075935
2019-05-21,0.004797141286483166
2019-05-22,0.003371868033336549
2019-05-23,-0.005430070742585039
2019-05-24,0.00574923798847071
2019-05-28,0.009034803597566518
2019-05-29,-0.0023362862734656337
2019-05-30,0.009823871750712263
2019-05-31,0.0017353269232254637
2019-06-03,-0.005858317391566817
2019-06-04,0.0013330787403012787
2019-06-05,0.003470559642189129
2019-06-06,0.00017187991437604493
2019-06-07,0.007875244354314692
2019-06-10,-0.0013867736711955544
2019-06-11,-0.0015876728378392204
2019-06-12,0.0041540551592797684
2019-06-13,0.0018008867193331363
2019-06-14,-0.0023775511177989
2019-06-17,-0.0013619594510694572
2019-06-18,0.0005073175200768416
2019-06-19,0.008241433687510577
2019-06-20,0.0006455138719699756
2019-06-21,-0.007416002291475816
2019-06-24,-0.0006637688947441176
2019-06-25,-0.00822741235512942
2019-06-26,-0.002613452870854583
2019-06-27,0.005177037690592081
2019-06-28,0.0008703682240898321
2019-07-01,0.008269037248421004
2019-07-02,0.009872036564954112
2019-07-03,0.0007919631467490589
2019-07-05,0.0011964032157300926
2019-07-08,0.0008493769048096906
2019-07-09,-0.00031534810025287736
2019-07-10,0.004575432256060103
2019-07-11,0.000554030652473478
2019-07-12,0.00428725114810281
2019-07-15,0.0031404654284245145
2019-07-16,-0.003636955669431073
2019-07-17,-0.0017041423173359887
2019-07-18,0.005140701770561955
2019-07-19,-0.007831637825712992
2019-07-22,0.0084391760932158
2019-07-23,0.0019185711060458804
2019-07-24,0.005251958478794572
2019-07-25,0.0043016640740909055
2019-07-26,0.008308973620950814
2019-07-29,-0.013725628992352376
2019-07-30,-0.008374142157481355
2019-07-31,-0.001732431142611224
2019-08-01,0.009797201211320942
2019-08-02,-0.0026350177780370457
2019-08-05,-0.008745855435980495
2019-08-06,0.019078444562625675
2019-08-07,0.0038180256124670077
2019-08-08,0.024635124947858765
2019-08-09,0.0074640100468835345
2019-08-12,-0.006210120139757457
2019-08-13,0.005109392231885288
2019-08-14,0.0014575286162399575
2019-08-15,0.014811913540960477
2019-08-16,0.002310709158556518
2019-08-19,-0.003697161002185261
2019-08-20,0.003804097768006859
2019-08-21,0.009687954439676742
2019-08-22,-0.0010635469758162215
2019-08-23,0.008922369517369876
2019-08-26,0.0017648213291682085
2019-08-27,0.005438074752694966
2019-08-28,-0.0012033166339511661
2019-08-29,-0.005839483841014477
2019-08-30,0.001778300312433083
2019-09-03,0.005029358708383531
2019-09-04,-0.0028370233885638536
2019-09-05,-0.004702152663833304
2019-09-06,0.0004275653408174281
2019-09-09,-0.01730966651171545
2019-09-10,-0.007410562635795584
2019-09-11,0.003027137682976228
2019-09-12,0.008138735493393025
2019-09-13,-0.005096983544195377
2019-09-16,-0.0014646383477397622
2019-09-17,-0.000907768351346781
2019-09-18,0.00027551373261788223
2019-09-19,0.004648145779605406
2019-09-20,0.0008527525999853109
2019-09-23,0.002674028875674052
2019-09-24,0.0032923043337617455
2019-09-25,0.003165457949257184
2019-09-26,0.00208321150029733
2019-09-27,-0.002336381141875908
2019-09-30,0.0069114918019730675
2019-10-01,0.005015547759996021
2019-10-02,0.009364647827636765
2019-10-03,0.0025300511017228742
2019-10-04,-0.003637208631393299
2019-10-07,-0.004585988267317663
2019-10-08,0.005150018218092033
2019-10-09,0.0025271429424204434
2019-10-10,0.016043380308873707
2019-10-11,-0.004564182694461188
2019-10-14,0.007002954694634138
2019-10-15,0.0036511845306022262
2019-10-16,-0.0008273637173602991
2019-10-17,0.0005377745409955567
2019-10-18,0.0017714477494827174
2019-10-21,0.0008324008746093554
2019-10-22,-0.0026456490668223627
2019-10-23,-0.0003984443380579465
2019-10-24,0.01786295971244485
2019-10-25,0.012667021189448246
2019-10-28,0.013962213914617702
2019-10-29,-0.017687744022597165
2019-10-30,-0.007476729959549798
2019-10-31,0.0023563789711864803
2019-11-01,0.013955479391865417
2019-11-04,-0.0056644733203320445
2019-11-05,-0.006248577095356109
2019-11-06,0.010074308654584689
2019-11-07,0.015037473400949974
2019-11-08,-0.00042713550329644785
2019-11-11,0.007296621801905673
2019-11-12,-0.0050230307943624
2019-11-13,-0.000398950254148363
2019-11-14,0.0034821247614882913
2019-11-15,-0.0007872859674614113
2019-11-18,0.006645659986720018
2019-11-19,0.003202495313561477
2019-11-20,0.005221544877222388
2019-11-21,-0.0009569632694404744
2019-11-22,-0.00047326378235225603
2019-11-25,0.00785089073540279
2019-11-26,0.005465202558138357
2019-11-27,-0.0009451986403891714
2019-11-29,-0.0028011335713180713
2019-12-02,-0.0008693227048484502
2019-12-03,-0.0027314457673278656
2019-12-04,-0.001409376382715493
2019-12-05,0.002517198613473261
2019-12-06,0.005543466488611834
2019-12-09,-0.012349756628410213
2019-12-10,-0.0028667049124438716
2019-12-11,0.0004961368875059218
2019-12-12,0.0016909186588983634
2019-12-13,0.0011423468318425881
2019-12-16,0.013780834780717136
2019-12-17,-0.004623213084356064
2019-12-18,-0.004108523599996776
2019-12-19,0.002233410019178847
2019-12-20,-0.0016317645009624542
2019-12-23,0.002390851341753361
2019-12-24,0.0023692079674376937
2019-12-26,0.0015745749886986776
2019-12-27,0.0021911942031607595
2019-12-30,-0.005520290280743285
2019-12-31,0.0016409271049635846
2020-01-02,0.012188972537396963
2020-01-03,-0.0029749104338539596
2020-01-06,-0.0014818702060771989
2020-01-07,0.00977642930267517
2020-01-08,0.005490807427022621
2020-01-09,-0.0006521025442971755
2020-01-10,-0.0013637110079659713
2020-01-13,0.0059151584714399585
2020-01-14,-0.004010761724267454
2020-01-15,-0.0021300861899758486
2020-01-16,0.0015486910924163073
2020-01-17,0.00021640955056110033
2020-01-21,0.00454490311846259
2020-01-22,0.005578840507192241
2020-01-23,-0.00037682225298968407
2020-01-24,-0.002956423729255942
2020-01-27,-0.007903930748359595
2020-01-28,0.004991334193686174
2020-01-29,0.00525122038474122
2020-01-30,0.005243166376996743
2020-01-31,0.002711850370409785
2020-02-03,0.01636104047221031
2020-02-04,0.013347016674782044
2020-02-05,-0.009917589628724638
2020-02-06,0.010214300428738825
2020-02-07,0.007948388451924646
2020-02-10,0.008217724337998675
2020-02-11,-0.00016723234760913005
2020-02-12,0.0077321977590253214
2020-02-13,-0.0007952923194716659
2020-02-14,0.006169662976194343
2020-02-18,0.0019102188915472037
2020-02-19,0.004532360058440246
2020-02-20,0.0038298622402409225
2020-02-21,0.0012792031642688316
2020-02-24,-0.009737372672599645
2020-02-25,0.005791263803768173
2020-02-26,0.009939401490855537
2020-02-27,-0.003072329079503169
2020-02-28,0.004110508741737219
2020-03-02,0.007071426249311405
2020-03-03,0.008794008148326815
2020-03-04,0.0011118129555143259
2020-03-05,0.020012863090046705
2020-03-06,0.024830533914805494
2020-03-09,0.06932842271700784
2020-03-10,-0.0359094489789482
2020-03-11,0.0483850084272575
2020-03-12,0.05278586202605592
2020-03-13,-0.0379798441373089
2020-03-16,0.0684494461294306
2020-03-17,0.03104626131334621
2020-03-18,0.05167441277760558
2020-03-19,-0.034063006000315706
2020-03-20,-0.018401150035291247
2020-03-23,-0.012905306096439889
2020-03-24,-0.04613826981822559
2020-03-25,0.002842133439971267
2020-03-26,-0.003980671073891931
2020-03-27,0.038102101988546466
2020-03-30,0.01314071933492951
2020-03-31,-0.012018139947096888
2020-04-01,0.0384220316053247
2020-04-02,-0.002982988327958849
2020-04-03,-0.002802124081215672
2020-04-06,-0.03461825077657284
2020-04-07,-0.015222844939464995
2020-04-08,-0.013565318349594032
2020-04-09,-0.009483289310239893
2020-04-13,0.01804442850952145
2020-04-14,0.0013893879224474693
2020-04-15,0.024434726049895047
2020-04-16,0.016614980126251247
2020-04-17,-0.005795925124696073
2020-04-20,0.018072289363995554
2020-04-21,0.005213966411661658
2020-04-22,0.0017391434079147114
2020-04-23,-0.01332970053504016
2020-04-24,0.008151216214352549
2020-04-27,-0.010646389316264278
2020-04-28,-0.01473797977298096
2020-04-29,-0.019430096301135742
2020-04-30,-0.0033624403583898113
2020-05-01,0.016545407434734972
2020-05-04,0.008175649624794891
2020-05-05,0.014626019649218489
2020-05-06,0.008641863903392612
2020-05-07,0.004874410156043637
2020-05-08,-0.012282373568522898
2020-05-11,0.011430109607231695
2020-05-12,0.014061158890357126
2020-05-13,0.015353532628458863
2020-05-14,-0.0031196480856524765
2020-05-15,-0.00016151527598279373
2020-05-18,-0.02433995313879265
2020-05-19,0.0036573698938213426
2020-05-20,0.0026963544930891604
2020-05-21,-0.005551380131079952
2020-05-22,0.006645286720895161
2020-05-26,-0.03248806441012417
2020-05-27,-0.011264326304133276
2020-05-28,0.013755699384379663
2020-05-29,0.03222956023707245
2020-06-01,-0.002246380753655214
2020-06-02,-0.00904908730298814
2020-06-03,-0.018452431161696033
2020-06-04,-0.02018736192092283
2020-06-05,-0.027997855372145584
2020-06-08,-0.011093293141471141
2020-06-09,0.019672318522336092
2020-06-10,0.030791310534099108
2020-06-11,0.06455928297471726
2020-06-12,-0.03583120441174464
2020-06-15,0.011781739890939186
2020-06-16,-0.014756031997561966
2020-06-17,0.009189660922943122
2020-06-18,0.0058052810370362515
2020-06-19,0.011806441087202258
2020-06-22,-0.0042800689854452035
2020-06-23,-0.00201823126982138
2020-06-24,0.013946283539059698
2020-06-25,-0.0022380132369380574
2020-06-26,0.015195459503861206
2020-06-29,-0.00978735719762885
2020-06-30,0.008162759437275515
2020-07-01,-0.0003307572525142784
2020-07-02,0.011067360447725003
2020-07-06,0.00172264004328081
2020-07-07,0.01596682825454386
2020-07-08,0.0009490650962161701
2020-07-09,0.01804169809626257
2020-07-10,-0.014207760288180157
2020-07-13,0.020435268374209083
2020-07-14,0.004842406239895439
2020-07-15,-0.018230819941974535
2020-07-16,0.010967165509812573
2020-07-17,0.008633977987690616
2020-07-20,0.010844663344230876
2020-07-21,-0.00520855706676542
2020-07-22,0.004957974106227414
2020-07-23,-0.0062930033640768756
2020-07-24,-0.005651765651630146
2020-07-27,0.014660276771377273
2020-07-28,0.0005725475235917593
2020-07-29,0.006763075340354986
2020-07-30,0.010878572227540155
2020-07-31,0.0048207627820800545
2020-08-03,0.00981201270583867
2020-08-04,0.0024954630540243244
2020-08-05,-0.0077266051973500964
2020-08-06,0.011785388405055178
2020-08-07,-0.012105223519595948
2020-08-10,-0.01301702714842629
2020-08-11,-0.018383313729606457
2020-08-12,0.010197381610350999
2020-08-13,-0.0021900241622128365
2020-08-14,0.0016808287454515075
2020-08-17,0.014959928932859051
2020-08-18,0.003915656400374445
2020-08-19,0.000944965395982626
2020-08-20,0.0050708783660314985
2020-08-21,0.0016811323604006318
2020-08-24,-0.009544860500740396
2020-08-25,0.0021621561366299883
2020-08-26,0.011903218663998783
2020-08-27,-0.008190921707967232
2020-08-28,-0.0035214773673304194
2020-08-31,0.008589839695446383
2020-09-01,0.005894246895801977
2020-09-02,-0.003271892906816277
2020-09-03,0.018757337519161806
2020-09-04,-0.013592053850887936
2020-09-08,0.0014229397008700697
2020-09-09,0.004835721031253565
2020-09-10,0.00336159638204964
2020-09-11,0.0031185214733109637
2020-09-14,0.004214395655339997
2020-09-15,0.0039050761213395247
2020-09-16,-0.008005131190951326
2020-09-17,-0.0026352857882844727
2020-09-18,0.009277629112602518
2020-09-21,0.011320524945708624
2020-09-22,0.014530656038895196
2020-09-23,-0.0012514059402998338
2020-09-24,-0.0019690652304116957
2020-09-25,0.010089500114009336
2020-09-28,0.0037716726455300637
2020-09-29,0.007029176384956856
2020-09-30,-0.0029390659170573604
2020-10-01,0.0070286708820905515
2020-10-02,-0.013703142980768523
2020-10-05,-0.0017076109735448541
2020-10-06,-0.0036570416271949372
2020-10-07,0.0006295635865411126
2020-10-08,0.0075827332972207605
2020-10-09,0.00906240775033371
2020-10-12,0.0011779806545373379
2020-10-13,0.008786899614355869
2020-10-14,0.0017859978567118222
2020-10-15,-0.003707053985923954
2020-10-16,-0.0030964512348098765
2020-10-19,-0.006451115267580779
2020-10-20,-0.004212690442097962
2020-10-21,-0.00038461615251515193
2020-10-22,0.001263256022300003
2020-10-23,0.0028513092489367573
2020-10-26,-0.010860413848858979
2020-10-27,0.008084172469992261
2020-10-28,-0.008110248071936967
2020-10-29,0.0027697104592814643
2020-10-30,-0.012518786465528035
2020-11-02,0.003505457389892587
2020-11-03,0.011072958528153093
2020-11-04,0.01480890607572253
2020-11-05,0.0082425475024428
2020-11-06,0.027162492910759513
2020-11-09,-0.0034024376927472427
2020-11-10,-0.0032964892740620076
2020-11-11,0.007945271515411967
2020-11-12,0.0024418129375116996
2020-11-13,0.008227953471142963
2020-11-16,-0.0012601024818391943
2020-11-17,0.008181226761311982
2020-11-18,-0.000541347704836504
2020-11-19,0.008460944139151036
2020-11-20,0.005286388271162805
2020-11-23,0.008218485145978758
2020-11-24,0.010163284817839189
2020-11-25,0.016975760694135325
2020-11-27,0.0005816177078517066
2020-11-30,0.011551493553483328
2020-12-01,-0.004330936988198106
2020-12-02,-0.0015746122168738166
2020-12-03,0.0032654070957229713
2020-12-04,0.002443631730454798
2020-12-07,0.015542069996610043
2020-12-08,0.0019456404857385416
2020-12-09,-0.012978730027081256
2020-12-10,0.0064044992218906735
2020-12-11,-0.0012646568712858545
2020-12-14,-4.768637675853598e-05
2020-12-15,0.005348363392074919
2020-12-16,0.005052596265290698
2020-12-17,0.009429925828790365
2020-12-18,0.0035191110638770453
2020-12-21,0.0003761090284117347
2020-12-22,0.004069794633129999
2020-12-23,-0.0006185782474030283
2020-12-24,-0.00097831480003493
2020-12-28,-0.0024101157395570133
2020-12-29,0.0034773336744334375
2020-12-30,0.012249319564681513
2020-12-31,-0.005242175276945543
2021-01-04,-0.0025979999455690963
2021-01-05,0.008248313658412488
2021-01-06,0.00921483740136685
2021-01-07,0.016963487790188195
2021-01-08,0.0035961627800957458
2021-01-11,-0.014002733781002561
2021-01-12,0.008142497500171687
2021-01-13,0.0006733012664160638
2021-01-14,0.007281548334745677
2021-01-15,-0.009563473365038228
2021-01-19,0.007496278041301499
2021-01-20,-0.0007902451209556175
2021-01-21,-0.002491376463104976
2021-01-22,0.013516584511100873
2021-01-25,0.003234806116448154
2021-01-26,0.0005027738520747356
2021-01-27,9.82901095497078e-05
2021-01-28,0.0030123598007055566
2021-01-29,0.0009941430143406886
2021-02-01,0.007237803964862602
2021-02-02,0.011686794870442843
2021-02-03,0.012348981165834851
2021-02-04,0.007792463054513107
2021-02-05,0.006815940939050587
2021-02-08,0.016174147088882342
2021-02-09,0.012823129586206596
2021-02-10,-0.010878616330519442
2021-02-11,0.00243702007523068
2021-02-12,0.0044646232069411665
2021-02-16,-0.0022250239287740997
2021-02-17,-0.0028434650232598046
2021-02-18,-0.0038131621855584607
2021-02-19,0.01812956263315695
2021-02-22,-0.00431030891636014
2021-02-23,-0.009790322471540368
2021-02-24,0.014494260810740418
2021-02-25,0.0036113511666487257
2021-02-26,-0.002678539525089823
2021-03-01,0.00725499346363499
2021-03-02,-0.0012704510309580756
2021-03-03,0.004070078799433793
2021-03-04,-0.0026878671735731823
2021-03-05,0.005392973364769224
2021-03-08,0.017208516951149368
2021-03-09,-0.002366815513649779
2021-03-10,0.0059761644027922205
2021-03-11,0.008323891897916106
2021-03-12,0.013728507822184929
2021-03-15,0.003159431092502591
2021-03-16,-0.0003225914173351922
2021-03-17,0.006886140774774191
2021-03-18,0.006669941775738787
2021-03-19,0.006069956756783787
2021-03-22,-0.005032701475160153
2021-03-23,-0.012589761407896678
2021-03-24,-0.00597430693463456
2021-03-25,0.0037311441929759126
2021-03-26,0.007734382237412079
2021-03-29,-0.005041166822076171
2021-03-30,0.010320067324028239
2021-03-31,0.005278672741165871
2021-04-01,0.01165822050733512
2021-04-05,0.004491556477317886
2021-04-06,-0.004110242081259326
2021-04-07,0.0035740982438654282
2021-04-08,0.002910966895910112
2021-04-09,0.0014025244198022043
2021-04-12,0.00038287630744003815
2021-04-13,0.006206213301747232
2021-04-14,-0.002416341933085045
2021-04-15,-0.005881992639262935
2021-04-16,0.0021205876856407466
2021-04-19,-0.008528735155282182
2021-04-20,-0.011140686726203788
2021-04-21,0.007721887246162271
2021-04-22,-0.009351612490947587
2021-04-23,0.006067861390989729
2021-04-26,0.007221277352929161
2021-04-27,0.008030502936840073
2021-04-28,0.004712198337822031
2021-04-29,0.00011892764773019346
2021-04-30,-0.005296545970780356
2021-05-03,0.009517814720445852
2021-05-04,-0.006511468977735907
2021-05-05,0.010522987724435329
2021-05-06,0.002481134186488744
2021-05-07,0.01132483628967791
2021-05-10,0.002752878689881999
2021-05-11,-0.007161680171566653
2021-05-12,-0.004838736914479565
2021-05-13,-0.004010293801704157
2021-05-14,0.013149222403573513
2021-05-17,-0.0007770907509893449
2021-05-18,-0.006806740145440825
2021-05-19,-0.009399283619946897
2021-05-20,0.005808558871335611
2021-05-21,0.001046536822336807
2021-05-24,0.007674030281681688
2021-05-25,-0.007366515789898005
2021-05-26,0.01003653114057615
2021-05-27,0.008249073641434675
2021-05-28,-0.0006866178298585562
2021-06-01,0.014055369700945161
2021-06-02,0.004825721268399097
2021-06-03,-0.0003561909021726022
2021-06-04,0.008116582579732473
2021-06-07,-0.002476309392829366
2021-06-08,0.001052228076435131
2021-06-09,-0.0025040370903883676
2021-06-10,0.0024364702565651416
2021-06-11,0.003805022888589843
2021-06-14,-0.001928125882056573
2021-06-15,0.0067945164086140085
2021-06-16,0.004481218911279302
2021-06-17,-0.0034965286341527005
2021-06-18,-0.005726645556222246
2021-06-21,0.01026782699536272
2021-06-22,0.001499680540813945
2021-06-23,0.0034660913804616263
2021-06-24,0.004877051147862141
2021-06-25,0.005238411036100931
2021-06-28,-0.007796111175243298
2021-06-29,-0.0003722539955861074
2021-06-30,0.002824217536686617
2021-07-01,0.005373596044950839
2021-07-02,-0.001989613780907707
2021-07-06,-0.0032048754332976723
2021-07-07,-0.0034657458327819928
2021-07-08,-0.006312350461703859
2021-07-09,0.012785452197440306
2021-07-12,0.0019858749451487885
2021-07-13,0.0007703487238675128
2021-07-14,-0.001148428770148925
2021-07-15,-0.001963464384820471
2021-07-16,-0.0002549998159444149
2021-07-19,-0.004802530940436338
2021-07-20,0.005547307530735328
2021-07-21,0.013753225239790076
2021-07-22,0.001368296129803041
2021-07-23,0.009364628382754755
2021-07-26,0.005163912490240789
2021-07-27,0.0005357066219210366
2021-07-28,-0.0017796521028840065
2021-07-29,0.004463366693485688
2021-07-30,0.0012333410128385642
2021-08-02,-0.0014671615944033371
2021-08-03,0.01890855492627236
2021-08-04,0.025049987893189705
2021-08-05,-0.0012230372023651608
2021-08-06,0.0035289015207692273
2021-08-09,0.005120811018612411
2021-08-10,0.007717284778606242
2021-08-11,-0.0009744165751754143
2021-08-12,0.009281840049980113
2021-08-13,0.0007277592062303978
2021-08-16,-0.0002536078961190776
2021-08-17,-0.005402026217016765
2021-08-18,-0.004664719874763195
2021-08-19,-0.0017559185279403104
2021-08-20,0.006837216439547068
2021-08-23,0.007653114772320386
2021-08-24,-0.00909350924322549
2021-08-25,0.0009774862357829956
2021-08-26,-0.0006966931046100893
2021-08-27,0.0012520775193873906
2021-08-30,-0.0006497301641375258
2021-08-31,-0.005080015436872304
2021-09-01,-0.001847752195274535
2021-09-02,0.002239890269326212
2021-09-03,0.004362388291424952
2021-09-07,-0.0025017858024352956
2021-09-08,0.0016575800091605574
2021-09-09,0.003647667133732308
2021-09-10,-0.0002927223970985286
2021-09-13,-0.007122648167408524
2021-09-14,0.006885539527583885
2021-09-15,0.009844189190458114
2021-09-16,0.0014307224179735752
2021-09-17,-0.008970647728159573
2021-09-20,-0.005130628317683253
2021-09-21,0.00764574507280234
2021-09-22,0.003427931511126789
2021-09-23,0.004521443189397375
2021-09-24,-0.0003557781147330261
2021-09-27,-0.01015486626198831
2021-09-28,-0.010162091727986941
2021-09-29,0.0011159129825639952
2021-09-30,0.00013361014238045762
2021-10-01,-0.002970262133481876
2021-10-04,0.0010549295440639046
2021-10-05,0.004502438956275691
2021-10-06,-0.002271555021581196
2021-10-07,0.0008958580411304614
2021-10-08,0.0013347082891952428
2021-10-11,0.0005489629874280385
2021-10-12,0.0021299329921451024
2021-10-13,0.0037330855460281378
2021-10-14,0.007970861277041694
2021-10-15,0.001105611817335392
2021-10-18,0.005300511805521408
2021-10-19,-0.0005424066273572131
2021-10-20,0.0014127853772963146
2021-10-21,0.004361840313610707
2021-10-22,0.001004371513434858
2021-10-25,0.0038788953501837867
2021-10-26,0.0022140250005450767
2021-10-27,-0.004341148626041512
2021-10-28,0.0052650429065765865
2021-10-29,0.004822054728304265
2021-11-01,-0.006300829382400714
2021-11-02,0.01096921200808157
2021-11-03,-0.0011467347835743239
2021-11-04,0.001863384693545577
2021-11-05,0.0010815899431206042
2021-11-08,0.010631376610263718
2021-11-09,-2.7193419080327375e-05
2021-11-10,-0.011550200228620008
2021-11-11,0.011659666558855133
2021-11-12,0.0004433794386267271
2021-11-15,-0.005255646707262297
2021-11-16,0.005577442956582532
2021-11-17,0.001854849985675069
2021-11-18,0.00915324118132599
2021-11-19,0.003581681097601163
2021-11-22,-0.007266182641830275
2021-11-23,-0.001522512386731359
2021-11-24,0.006089433454475281
2021-11-26,-5.6872453586020896e-05
2021-11-29,0.020441261603819007
2021-11-30,-0.007009619480431442
2021-12-01,-0.012170979372058669
2021-12-02,0.0016794073647401811
2021-12-03,0.004349089251186002
2021-12-06,-0.004312227091734509
2021-12-07,0.013059330314485465
2021-12-08,0.000561997872992574
2021-12-09,-0.004061312425482589
2021-12-10,0.006858800743714852
2021-12-13,-0.0025552137783521438
2021-12-14,-0.0018874051179823396
2021-12-15,0.016915515956262842
2021-12-16,-0.0053653572547318375
2021-12-17,-0.006467884120984467
2021-12-20,0.0015779393072588616
2021-12-21,0.0016519847022991793
2021-12-22,0.008168786640200373
2021-12-23,0.0013575647416718233
2021-12-27,0.010934072680739232
2021-12-28,0.0016478404737622454
2021-12-29,0.00014850213573315687
2021-12-30,-0.005534850666425463
2021-12-31,0.002640510312377617
2022-01-03,0.010554855364903753
2022-01-04,0.008997738810621912
2022-01-05,-0.0016614721954025073
2022-01-06,-0.0003700229637091097
2022-01-07,-0.002710023617289939
2022-01-10,0.002566255595609312
2022-01-11,-0.0006728095409572423
2022-01-12,0.005196667924158309
2022-01-13,0.005004765258814088
2022-01-14,0.0045375781343897584
2022-01-18,-0.005896477118537729
2022-01-19,-0.00976582811511032
2022-01-20,-0.0019766988361606757
2022-01-21,0.014925434784211175
2022-01-24,-0.0004751627161993065
2022-01-25,0.0129274634546303
2022-01-26,0.011287088716732174
2022-01-27,0.009863782058411161
2022-01-28,-0.013265844620035152
2022-01-31,-0.010420206050683131
2022-02-01,0.006734823427302322
2022-02-02,0.02037139523937084
2022-02-03,0.010586330798515637
2022-02-04,-0.0011247331298014258
2022-02-07,0.011267354717812613
2022-02-08,0.00297022749904966
2022-02-09,-0.004273794901479054
2022-02-10,0.008098707721297341
2022-02-11,0.00848086422124478
2022-02-14,-0.0013131723485487368
2022-02-15,-0.0043223318873612665
2022-02-16,0.008067378127326108
2022-02-17,0.009688421430754072
2022-02-18,0.0056988378419574656
2022-02-22,0.004411573191325059
2022-02-23,0.013577784561753084
2022-02-24,-0.015756769775938307
2022-02-25,-0.019169039442231355
2022-02-28,0.004229387401406346
2022-03-01,0.010980529450109869
2022-03-02,0.0075327092849420355
2022-03-03,0.011053482197077254
2022-03-04,0.021209380257864657
2022-03-07,0.011757651173260084
2022-03-08,0.0020717565530878066
2022-03-09,-0.015527917387061278
2022-03-10,0.012321113851265239
2022-03-11,0.0031645715861837965
2022-03-14,0.009603706429540518
2022-03-15,-0.01578980593925491
2022-03-16,-0.02572840332040858
2022-03-17,0.009772296247484876
2022-03-18,-0.010861317775328375
2022-03-21,0.025109361530449344
2022-03-22,-0.01402511898250813
2022-03-23,0.0066795015067104765
2022-03-24,0.004703735257864439
2022-03-25,0.018975578755778585
2022-03-28,-0.010299369568922977
2022-03-29,-0.0185938081864983
2022-03-30,0.010227905433916603
2022-03-31,0.008840855301587281
2022-04-01,-0.0005629405379877709
2022-04-04,-0.011014964903135008
2022-04-05,0.011901319958620135
2022-04-06,0.010462133828930947
2022-04-07,0.008119669451788904
2022-04-08,0.015277635192731773
2022-04-11,-0.004566359547880768
2022-04-12,0.006076416402805604
2022-04-13,-0.004774593526776959
2022-04-14,0.010192777277846548
2022-04-18,0.01172305169096069
2022-04-19,-0.007132072795158024
2022-04-20,0.028963471424381274
2022-04-21,0.004283227714667876
2022-04-22,-0.0018656962998329111
2022-04-25,-0.004289804127117808
2022-04-26,0.010172338289284847
2022-04-27,0.011678644511621886
2022-04-28,-0.006142544419443577
2022-04-29,0.014115028865779514
2022-05-02,-0.00603989863714179
2022-05-03,0.007198464951005514
2022-05-04,-0.005437010734905451
2022-05-05,0.0327357548816179
2022-05-06,0.011053256971233558
2022-05-09,0.018400125455339575
2022-05-10,0.004795092719860034
2022-05-11,0.034491873414974714
2022-05-12,-0.02370911439623964
2022-05-13,-0.02270746263092133
2022-05-16,0.012349886185548001
2022-05-17,-0.004473166500842713
2022-05-18,0.008191919183135995
2022-05-19,-0.008639474942610003
2022-05-20,0.00315122642567234
2022-05-23,0.011959802157450714
2022-05-24,0.01792941148115654
2022-05-25,-0.011749047862247577
2022-05-26,-0.005028935479251764
2022-05-27,-0.011005467680620476
2022-05-31,0.004536957539005161
2022-06-01,0.023196959517093194
2022-06-02,-0.017285020323167845
2022-06-03,0.019417799744488942
2022-06-06,0.0010345401787027046
2022-06-07,0.001982680555276654
2022-06-08,-0.001286022939207519
2022-06-09,0.009384494301247603
2022-06-10,0.012797976001696668
2022-06-13,0.021295142756219337
2022-06-14,0.002063866434080601
2022-06-15,-0.01993795356023911
2022-06-16,0.01100260370370611
2022-06-17,-0.017369872481496997
2022-06-21,-0.0039021938036373203
2022-06-22,-0.006028144717674658
2022-06-23,-0.026059485582443767
2022-06-24,-0.010329440032071927
2022-06-27,0.016845478936731113
2022-06-28,0.022556843874427197
2022-06-29,-0.00019571991798683343
2022-06-30,0.001536085735752131
2022-07-01,-0.0037332007482645787
2022-07-05,-0.03235988566192018
2022-07-06,0.007771211593881149
2022-07-07,-0.0018903003187541582
2022-07-08,0.002986651113853018
2022-07-11,0.015668375268079432
2022-07-12,-0.0017261513520759335
2022-07-13,0.005300001886231713
2022-07-14,0.005474938629668455
2022-07-15,-0.006292582177382638
2022-07-18,-0.0033886760782419123
2022-07-19,-0.005640867230181283
2022-07-20,-0.020891428409739198
2022-07-21,-0.009022771974869514
2022-07-22,0.006341292456820203
2022-07-25,0.011457707549069083
2022-07-26,0.019067716741770532
2022-07-27,-0.01913124947059756
2022-07-28,-0.0035069818137154424
2022-07-29,0.0015151110587521607
2022-08-01,-0.0061321555898749555
2022-08-02,-0.004313042718287202
2022-08-03,-0.0167291297680718
2022-08-04,-0.008459587723207254
2022-08-05,-0.006061005611916664
2022-08-08,-0.0015197887371292333
2022-08-09,0.02020325240829217
2022-08-10,-0.013047866890898204
2022-08-11,0.014163428952054621
2022-08-12,-0.0037770805840018295
2022-08-15,0.0025033870454673505
2022-08-16,0.0002102881014798293
2022-08-17,0.011528068468265974
2022-08-18,0.010922713123243818
2022-08-19,0.019650092768419797
2022-08-22,0.013780381087674664
2022-08-23,0.002688801468735528
2022-08-24,0.0017912913103584997
2022-08-25,-0.0030139821845207564
2022-08-26,0.008610671016215923
2022-08-29,0.005842241166932742
2022-08-30,-0.0020495974794796706
2022-08-31,0.004956737317057104
2022-09-01,0.0008370550891607982
2022-09-02,0.005050830180606527
2022-09-06,0.0030007639682901586
2022-09-07,-0.007323744458051572
2022-09-08,-0.002462401982566414
2022-09-09,-0.01080535582128385
2022-09-12,-0.00569903277426399
2022-09-13,0.009149526271256373
2022-09-14,0.006438165935038114
2022-09-15,-0.00256433795618696
2022-09-16,0.00853924980902103
2022-09-19,0.006259489735357398
2022-09-20,0.007918112602918064
2022-09-21,0.0031442682315557637
2022-09-22,0.015340077075191676
2022-09-23,-0.0024610290962890713
2022-09-26,0.008779410557992967
2022-09-27,0.005222065061990626
2022-09-28,-0.01582279977525495
2022-09-29,0.0123766473869649
2022-09-30,0.014745128916574335
2022-10-03,-0.0062921711331874195
2022-10-04,-0.007050209969786664
2022-10-05,0.007756452251560632
2022-10-06,0.0031159713773317734
2022-10-07,0.013717523471199065
2022-10-10,0.007436848985920183
2022-10-11,0.003616760796141395
2022-10-12,-0.009542968637091727
2022-10-13,0.0038893658902825496
2022-10-14,0.007084362934142494
2022-10-17,-0.00921148491365934
2022-10-18,-0.0023933151943567473
2022-10-19,0.026240839947822628
2022-10-20,0.006857142027928413
2022-10-21,0.004150909532071527
2022-10-24,0.003326076683991272
2022-10-25,-0.01571076077655054
2022-10-26,0.0019031692715567833
2022-10-27,0.004563499757508167
2022-10-28,0.006574933109345042
2022-10-31,0.014244353167873971
2022-11-01,-0.001610217072779501
2022-11-02,0.016976402480785253
2022-11-03,0.008925717299165881
2022-11-04,0.01718103717880331
2022-11-07,0.010474696749804703
2022-11-08,0.0019942188942154108
2022-11-09,0.013123071851493173
2022-11-10,-0.019932003127427194
2022-11-11,-0.015199190856077663
2022-11-14,0.01693740768892034
2022-11-15,0.0052158826999233205
2022-11-16,0.009848011467464703
2022-11-17,0.007742719030405156
2022-11-18,0.00829703574009795
2022-11-21,0.009209384218466921
2022-11-22,-0.0026770025744569255
2022-11-23,-0.00803492174058342
2022-11-25,0.0038179250861689763
2022-11-28,0.005307276786589702
2022-11-29,0.0022825195593528733
2022-11-30,0.0036510691258863056
2022-12-01,0.0005824333529525711
2022-12-02,0.006788193269854748
2022-12-05,0.0071835593719168115
2022-12-06,0.0009707431122375586
2022-12-07,0.01943068094296259
2022-12-08,-0.007155525717762042
2022-12-09,-0.005691998749107852
2022-12-12,0.0018774513373882515
2022-12-13,0.010750001583100226
2022-12-14,-0.002616977500303215
2022-12-15,0.002688728177763393
2022-12-16,0.003707488878832483
2022-12-19,0.011373286232772532
2022-12-20,0.003586139382861446
2022-12-21,5.713828688086464e-05
2022-12-22,0.0015090640774637815
2022-12-23,-0.002109966237913404
2022-12-27,0.010061501011932726
2022-12-28,-0.007385737243619904
2022-12-29,-0.011763535081293573
2022-12-30,-0.0024973083502980694
2023-01-03,0.00623325259905372
2023-01-04,-0.005002869366557782
2023-01-05,0.006475560536238248
2023-01-06,0.009375730835536281
2023-01-09,-0.0040960455118102005
2023-01-10,0.003555852622192194
2023-01-11,-0.01513298701451136
2023-01-12,-0.009991722548618211
2023-01-13,0.008422697415163492
2023-01-17,-0.006752330518562946
2023-01-18,-0.0018210337538794377
2023-01-19,0.0010741967779173511
2023-01-20,0.0012774987156804435
2023-01-23,-0.0031572676240066615
2023-01-24,0.00802191636556342
2023-01-25,0.00380571129872208
2023-01-26,0.0027297094338451376
2023-01-27,-0.011582217002549376
2023-01-30,-0.013972803778018147
2023-01-31,-0.0002642095656406238
2023-02-01,-0.009659369437787455
2023-02-02,-0.008880316106014112
2023-02-03,0.0051929897658409465
2023-02-06,0.0034772150648138002
2023-02-07,-0.0002628159950695146
2023-02-08,-0.0015810547133300753
2023-02-09,-0.006489971788006627
2023-02-10,0.00750733249857301
2023-02-13,0.0010457107222646093
2023-02-14,0.005599900118802378
2023-02-15,-0.009188736881951683
2023-02-16,0.007487123225677716
2023-02-17,-0.004887515084728051
2023-02-21,0.0021042159940908496
2023-02-22,-0.0023390552097660128
2023-02-23,0.00729554327684519
2023-02-24,0.007870621293175787
2023-02-27,0.0046585230120211535
2023-02-28,0.0016044189343370234
2023-03-01,0.01757096476409355
2023-03-02,0.0012225090333622354
2023-03-03,0.0012330007725559005
2023-03-06,0.006186478584754124
2023-03-07,0.0013016472501054754
2023-03-08,0.001833794822421326
2023-03-09,-0.007705124849168875
2023-03-10,0.006053557360527117
2023-03-13,0.003560953781783077
2023-03-14,0.002657492122740323
2023-03-15,-0.0074893122388551645
2023-03-16,0.0017413573471112653
2023-03-17,-0.003029636706620307
2023-03-20,0.007193933277109978
2023-03-21,0.0025257521833522813
2023-03-22,-0.0010582055908754232
2023-03-23,0.0026554747233594627
2023-03-24,0.00036648192506975885
2023-03-27,0.005037433370204975
2023-03-28,-0.00069538886884643
2023-03-29,-0.0019652099330728116
2023-03-30,-0.005444167097285033
2023-03-31,-0.0024012975071695335
2023-04-03,0.008600838103484587
2023-04-04,-0.001802545158222018
2023-04-05,0.0063200566081639846
2023-04-06,-0.0012510868775079966
2023-04-10,0.0020584618501789075
2023-04-11,-0.004040462674122625
2023-04-12,0.003940717506016937
2023-04-13,0.0008444717474042312
2023-04-14,0.006863616252890445
2023-04-17,0.0014475086770075027
2023-04-18,0.007653901187297227
2023-04-19,0.00024371916297103179
2023-04-20,0.002360652782398797
2023-04-21,0.0015389610349518818
2023-04-24,-0.004736403165509879
2023-04-25,-0.004761193208564472
2023-04-26,0.005913339476873928
2023-04-27,0.012055727686476156
2023-04-28,0.011436018017157946
2023-05-01,0.006578630162664495
2023-05-02,-0.0062153821138248135
2023-05-03,0.009430346305324877
2023-05-04,0.003692026702233112
2023-05-05,0.0016094871896361225
2023-05-08,-0.00400730576447481
2023-05-09,-0.007663142413888731
2023-05-10,0.007724368022927473
2023-05-11,0.001999618307466646
2023-05-12,0.00943115305953489
2023-05-15,-0.0012315471718306603
2023-05-16,0.0011475580606811792
2023-05-17,0.006411839846243279
2023-05-18,0.009523566648487518
2023-05-19,-0.00414544711516778
2023-05-22,-0.004685357546977682
2023-05-23,-0.004673480288637759
2023-05-24,0.002943089460966363
2023-05-25,0.02702470323257293
2023-05-26,0.00982424958315957
2023-05-30,0.00756693315613966
2023-05-31,-0.0007562537629668831
2023-06-01,0.0153949725892848
2023-06-02,-0.0016617525125636615
2023-06-05,0.003917427565437094
2023-06-06,0.00594413568803214
2023-06-07,-0.006832442272923662
2023-06-08,0.0289021733636071
2023-06-09,-0.005645667761401445
2023-06-12,0.006130495551964226
2023-06-13,0.0034922178062979925
2023-06-14,0.0077812491113288355
2023-06-15,0.002158208850133965
2023-06-16,0.0008081354862181437
2023-06-20,-0.003344288639683513
2023-06-21,0.002877623426665627
2023-06-22,0.009332141414326315
2023-06-23,-0.007464261173657717
2023-06-26,-0.004294008571768451
2023-06-27,0.012589303172484112
2023-06-28,0.011488848259975109
2023-06-29,-0.007266643892223963
2023-06-30,0.00614735997381295
2023-07-03,-0.0021917315123033037
2023-07-05,0.0010787574281961618
2023-07-06,-0.010165557917941092
2023-07-07,0.011184456715474045
2023-07-10,0.009235207134769776
2023-07-11,0.0014991718239890932
2023-07-12,0.011579457086141044
2023-07-13,0.011356500249464397
2023-07-14,0.004591435773474945
2023-07-17,-0.0002431205221938698
2023-07-18,0.004817955709207628
2023-07-19,0.012036142995001874
2023-07-20,-0.013242656765595029
2023-07-21,0.0005080791853326904
2023-07-24,0.0006719341515333151
2023-07-25,0.001325440134265558
2023-07-26,0.004230610425785579
2023-07-27,-0.008641594133384342
2023-07-28,0.01065019680610653
2023-07-31,0.006353064296446599
2023-08-01,0.0054591733041041545
2023-08-02,-0.007564555286315872
2023-08-03,0.00172568720443339
2023-08-04,-0.005515276913657566
2023-08-07,0.006976227108077918
2023-08-08,0.005571317777954247
2023-08-09,-0.01601946185254781
2023-08-10,0.010707867988625172
2023-08-11,-1.1689243774653271e-05
2023-08-14,0.010481303543867638
2023-08-15,-0.0019432837724904124
2023-08-16,-0.005784405790143457
2023-08-17,-0.01111502388693664
2023-08-18,0.007265497404990799
2023-08-21,0.0066333564177847235
2023-08-22,-0.0008663753714108704
2023-08-23,0.006826100422178902
2023-08-24,-0.006953932565423819
2023-08-25,0.006847810117847623
2023-08-28,0.006191917738291265
2023-08-29,0.002293007452735957
2023-08-30,0.005714414948143924
2023-08-31,0.00922842819657246
2023-09-01,0.008700789811680761
2023-09-05,-0.00044781073741351023
2023-09-06,-0.0013352509781269259
2023-09-07,0.0033183451650170706
2023-09-08,-0.001666710047975653
2023-09-11,0.003821597201115347
2023-09-12,-0.002896272341668256
2023-09-13,0.0027241951206460223
2023-09-14,0.012738632556257363
2023-09-15,-0.010181808968989079
2023-09-18,0.002517606667518965
2023-09-19,-0.00604783978398536
2023-09-20,-0.006253922852105269
2023-09-21,-0.00434565094216475
2023-09-22,0.004485572351926639
2023-09-25,0.0013551524152110488
2023-09-26,-0.006052166135194617
2023-09-27,0.009734216592775489
2023-09-28,0.006854144497503734
2023-09-29,0.0012565172744951943
2023-10-02,0.0026635588241462407
2023-10-03,-0.010041615694791568
2023-10-04,0.007950333013665102
2023-10-05,0.003353360290496392
2023-10-06,0.010404809882177346
2023-10-09,0.002811638212749365
2023-10-10,0.0027233559708194897
2023-10-11,0.0032563367229893787
2023-10-12,-0.0011118546442944487
2023-10-13,-0.019964990536973887
2023-10-16,0.008559341354891498
2023-10-17,-0.0006356256385243625
2023-10-18,-0.011453698587221058
2023-10-19,-0.003633938334557423
2023-10-20,-0.006064090993186254
2023-10-23,0.0042712866479722115
2023-10-24,0.007396018704208684
2023-10-25,-0.00937745810375677
2023-10-26,-0.006678465216409982
2023-10-27,0.0026431152664858374
2023-10-30,0.002508605776419685
2023-10-31,0.0037776772426668234
2023-11-01,0.008326541146036722
2023-11-02,0.01089666081196222
2023-11-03,0.0011589276022284573
2023-11-06,0.005626459229014309
2023-11-07,0.0014947905295732574
2023-11-08,0.006052844344799467
2023-11-09,-0.0037444695622363944
2023-11-10,0.008298829648823548
2023-11-13,-0.0051528372623667875
2023-11-14,0.00669539207314554
2023-11-15,-0.0008099099771340138
2023-11-16,-0.0006847646275764936
2023-11-17,0.0003932554852491174
2023-11-20,0.005141915405405114
2023-11-21,-0.006329991966561621
2023-11-22,-0.00044911315127902176
2023-11-24,0.0023082761117210384
2023-11-27,-0.00021798236991437395
2023-11-28,0.005378170168802333
2023-11-29,-0.0004092191041153172
2023-11-30,0.002888739872934611
2023-12-01,0.0048414141355431735
2023-12-04,0.011058840606444267
2023-12-05,0.003892975030012071
2023-12-06,-0.008085830799832999
2023-12-07,-0.0012664272590011266
2023-12-08,0.011041541763230127
2023-12-11,-0.002800663431543711
2023-12-12,0.008311023474718097
2023-12-13,0.0034537812007250208
2023-12-14,0.000978761208801681
2023-12-15,-0.0009307795914534439
2023-12-18,0.0051884900104805995
2023-12-19,0.0025801786968333586
2023-12-20,-0.004361762867095205
2023-12-21,0.0019834804061649633
2023-12-22,-0.0004720664259851387
2023-12-26,-0.001791496012731535
2023-12-27,0.01051311933220978
2023-12-28,0.00016436167960234458
2023-12-29,-0.00577470801308089
2024-01-02,-0.007577122220860119
2024-01-03,-0.0016904337964924548
2024-01-04,0.0026246385681945724
2024-01-05,0.0036272817759335726
2024-01-08,0.002338047584737295
2024-01-09,-0.0014529949645087363
2024-01-10,0.002373510528122488
2024-01-11,-0.0006957262523186518
2024-01-12,-0.0053758495739814225
2024-01-16,4.0145569634201925e-05
2024-01-17,-0.001024185990211353
2024-01-18,0.00290440384663946
2024-01-19,0.023668022337206874
2024-01-22,0.014577888404827936
2024-01-23,-0.0005128749035315332
2024-01-24,0.0009163478553499232
2024-01-25,0.005859670353589521
2024-01-26,-0.0029229477272975876
2024-01-29,-0.003143555542441166
2024-01-30,0.004452052335164873
2024-01-31,-0.00030402974230469047
2024-02-01,0.006628194687260229
2024-02-02,0.004486002063436324
2024-02-05,0.011747472446215556
2024-02-06,-0.0012272429212147155
2024-02-07,0.003543975639393359
2024-02-08,0.020964015866345973
2024-02-09,0.007669109992289381
2024-02-12,0.010625360735758805
2024-02-13,-0.005659735500884512
2024-02-14,0.016205987530008795
2024-02-15,0.013968154535261498
2024-02-16,-0.013328985930760442
2024-02-20,-0.005323284236843245
2024-02-21,-0.009113923406527131
2024-02-22,0.0215697341850031
2024-02-23,0.002801700308423115
2024-02-26,0.021412004924252197
2024-02-27,-0.0005792201169244111
2024-02-28,-0.0011728270783468082
2024-02-29,0.008775324466405327
2024-03-01,0.016555384104834724
2024-03-04,0.02516732722798435
2024-03-05,-0.008014713130162127
2024-03-06,0.011495778516076565
2024-03-07,0.0013127283789953043
2024-03-08,0.007167783356107879
2024-03-11,-0.006966295378040227
2024-03-12,0.013862855432130894
2024-03-13,0.011017609021161353
2024-03-14,-0.0024554844064125655
2024-03-15,-0.0012624893966391355
2024-03-18,-0.007897124089424754
2024-03-19,-0.0037341112504398295
2024-03-20,0.008764295442241254
2024-03-21,0.009823176459593071
2024-03-22,0.0008252494209739212
2024-03-25,0.017023704508834173
2024-03-26,-0.004744403560992934
2024-03-27,-0.004685185527426523
2024-03-28,-0.00310990418613798
2024-04-01,-0.0004706724437619262
2024-04-02,0.003064343041652636
2024-04-03,0.00261232515777191
2024-04-04,-0.005397098047901488
2024-04-05,-0.001644734367250618
2024-04-08,0.000815728204286332
2024-04-09,-0.006892513879622866
2024-04-10,0.007736690367751204
2024-04-11,0.026741340813401855
2024-04-12,-0.01983663271459959
2024-04-15,-0.009837737216625493
2024-04-16,0.0011378376756764272
2024-04-17,-0.005286095073791855
2024-04-18,-0.0026683012910646104
2024-04-19,-0.016187681033191584
2024-04-22,0.015514825222414194
2024-04-23,0.00772622115983022
2024-04-24,-0.005935272418194358
2024-04-25,0.004300145038869966
2024-04-26,0.015609873036769358
2024-04-29,-0.004768793220545386
2024-04-30,-0.009127190957439833
2024-05-01,-0.006849467947687019
2024-05-02,0.02458257797472997
2024-05-03,0.00796647791008585
2024-05-06,0.004920925650645393
2024-05-07,-0.003384334819810822
2024-05-08,0.00198952745234308
2024-05-09,0.005371551586237977
2024-05-10,-0.0056419133932975665
2024-05-13,-0.004506017021137717
2024-05-14,0.007685227107251823
2024-05-15,0.022740556372891414
2024-05-16,-0.009131344698880765
2024-05-17,0.006654356877677065
2024-05-20,0.005882836110367011
2024-05-21,0.0015591153547695686
2024-05-22,-0.00348286950162106
2024-05-23,-0.003582620483403679
2024-05-24,0.011585921083737901
2024-05-28,-0.00138189544254858
2024-05-29,-0.005204385632226518
2024-05-30,-0.006334289990886421
2024-05-31,-0.009401553947920211
2024-06-03,0.0013285959699818645
2024-06-04,0.004028690318681043
2024-06-05,0.006379655125341685
2024-06-06,0.004297784459673479
2024-06-07,-0.004363832258775052
2024-06-10,0.004797890935033255
2024-06-11,-0.0024503580092225113
2024-06-12,0.009227082378469318
2024-06-13,0.0052059752079393175
2024-06-14,-0.004434493535878594
2024-06-17,0.004831783086227552
2024-06-18,0.00841452880997686
2024-06-20,-0.006277877644270806
2024-06-21,0.0023455092825406983
2024-06-24,-0.005415747754955816
2024-06-25,0.013615917835635327
2024-06-26,0.0008602012030766798
2024-06-27,0.005258116525864895
2024-06-28,0.0017363045747967004
2024-07-01,0.0005386302797156813
2024-07-02,0.0010360302686742502
2024-07-03,0.005811713845454657
2024-07-05,0.008462577058308966
2024-07-08,0.007111563500637757
2024-07-09,0.0015455648469806533
2024-07-10,0.005677044272435456
2024-07-11,-0.0059473549229254255
2024-07-12,0.005229470229700725
2024-07-15,0.006402502031226465
2024-07-16,-0.00467841506146492
2024-07-17,-0.015248714476520505
2024-07-18,-0.0006293336402305168
2024-07-19,0.006428779617728255
2024-07-22,0.0031268758895383426
2024-07-23,0.0008532925627251828
2024-07-24,-0.013975235654350854
2024-07-25,0.0007079443823151636
2024-07-26,0.02496941946283223
2024-07-29,-0.005603397084117503
2024-07-30,-0.009821436677087066
2024-07-31,0.010423509067006221
2024-08-01,0.0014294857842219308
2024-08-02,0.020008599388986272
2024-08-05,0.024674804866552616
2024-08-06,-0.0064456941794660315
2024-08-07,-0.0015818448719014874
2024-08-08,0.007688864317324009
2024-08-09,0.005314797831206641
2024-08-12,0.0036146724822640466
2024-08-13,0.004835652968349607
2024-08-14,0.006526364474636626
2024-08-15,-0.0011898015003425464
2024-08-16,0.002130652591064159
2024-08-19,0.00026168055559499604
2024-08-20,-0.0007706529836811553
2024-08-21,0.0029973037984644983
2024-08-22,-0.003923279701937135
2024-08-23,0.010063203237918025
2024-08-26,-0.003387443002021942
2024-08-27,0.002726786164417942
2024-08-28,0.004786200491125349
2024-08-29,0.01786229474069497
2024-08-30,-0.0016136803370017088
2024-09-03,-0.0062004058676964156
2024-09-04,0.015761488047937956
2024-09-05,0.004492923684688474
2024-09-06,0.0004239881816098975
2024-09-09,0.003851690781924614
2024-09-10,0.0023496109833334804
2024-09-11,0.005574206941866168
2024-09-12,0.007496166695040598
2024-09-13,0.005943851910517621
2024-09-16,0.0057331230410320065
2024-09-17,0.001677458638408009
2024-09-18,0.000579855036535661
2024-09-19,0.005732455800210869
2024-09-20,0.008032667045427658
2024-09-23,-0.0007656953709627006
2024-09-24,0.001153380447756482
2024-09-25,0.003118264152625258
2024-09-26,-0.0015797071234248763
2024-09-27,0.0021246044153103954
2024-09-30,0.007168311018898248
2024-10-01,0.0047839265217587785
2024-10-02,0.0009400928773846768
2024-10-03,0.004409801969768192
2024-10-04,0.0019742542926805724
2024-10-07,-0.009049415478761896
2024-10-08,0.004967167762098856
2024-10-09,-0.0013738372858009633
2024-10-10,0.004895491281524916
2024-10-11,0.0016172657434005192
2024-10-14,0.0030289188269365815
2024-10-15,0.0006146500713166265
2024-10-16,0.0029317057960683867
2024-10-17,-0.00024207602004667334
2024-10-18,0.0011586088150051417
2024-10-21,0.0025051491507195297
2024-10-22,0.004304549462603903
2024-10-23,0.0007152025304336379
2024-10-24,0.00021040892265892624
2024-10-25,0.001741457565189248
2024-10-28,0.0003852684482857046
2024-10-29,0.002926463581836353
2024-10-30,0.013811950433643971
2024-10-31,0.019628577740684945
2024-11-01,0.0005487980654425525
2024-11-04,-0.0002696922061855326
2024-11-05,0.014350311496838946
2024-11-06,0.022076452713311243
2024-11-07,0.013882476652824462
2024-11-08,0.01720189821440695
2024-11-11,0.016027468786610474
2024-11-12,0.0034930088525974693
2024-11-13,-0.0014615578040518499
2024-11-14,0.00441296050920122
2024-11-15,0.007985161352327732
2024-11-18,-0.0077936868791338276
2024-11-19,0.0048289066481131725
2024-11-20,0.01041183168307656
2024-11-21,-0.015897919145272506
2024-11-22,0.0010757516901105575
2024-11-25,-0.018989761984254647
2024-11-26,0.003603318212912178
2024-11-27,0.0009599096478044821
2024-11-29,0.0035652723834536477
2024-12-02,-0.02059425094016832
2024-12-03,0.008797428438396523
2024-12-04,-0.0021226549209145532
2024-12-05,0.00038374114042054775
2024-12-06,0.00044670871487331395
2024-12-09,-0.013107984105785295
2024-12-10,0.0025778223951814345
2024-12-11,0.011672344054749947
2024-12-12,-0.0024912727556146556
2024-12-13,0.00895228257520354
2024-12-16,0.010892676498643056
2024-12-17,-0.0031378852998224164
2024-12-18,-0.008121277755278345
2024-12-19,0.0016867784523978478
2024-12-20,0.0024650903027626306
2024-12-23,-0.000449285465586196
2024-12-24,0.00026226775804627246
2024-12-26,-0.0012294109579816565
2024-12-27,-0.004508522247054152
2024-12-30,0.0003042936062419761
2024-12-31,-0.00622182456566695
2025-01-02,-0.0009433359002643132
2025-01-03,0.00654388751699906
2025-01-06,-0.0009260350238845381
2025-01-07,-0.013486585800893491
2025-01-08,0.007526215588590468
2025-01-10,0.00215685302052637
2025-01-13,0.006031038137225228
2025-01-14,0.007875909050723108
2025-01-15,0.007680737792302128
2025-01-16,0.0028111876446319265
2025-01-17,0.008636405556731208
2025-01-21,-0.004790182995944637
2025-01-22,-0.0003736124162496495
2025-01-23,-0.0030879271197243275
2025-01-24,-0.0008451939059634909
2025-01-27,-0.0023502977872128946
2025-01-28,0.004361703366957618
2025-01-29,0.007975955675307286
2025-01-30,0.000758988984185766
2025-01-31,0.0023634025382122665
2025-02-03,0.007710703290540414
2025-02-04,0.012127575809031298
2025-02-05,-0.006499181926175981
2025-02-06,0.015262104811617003
2025-02-07,0.0012680069315209258
2025-02-10,-0.004156542142404683
2025-02-11,-0.0007122438795225726
2025-02-12,0.00509647025142834
2025-02-13,0.009013251946901054
2025-02-14,0.006722908800699472
2025-02-18,-0.008008097301484262
2025-02-19,-0.005907520630735637
2025-02-20,-0.011026062263516233
2025-02-21,-0.012066364016347746
2025-02-24,-0.003775506633662434
2025-02-25,-0.00835192995316897
2025-02-26,0.004336248736835932
2025-02-27,-0.0040480814603568345
2025-02-28,0.005991565310627355
2025-03-03,-0.0033843632867178535
2025-03-04,-0.006060886477071143
2025-03-05,0.002982141732177081
2025-03-06,-0.014427140634801808
2025-03-07,-0.006244381354177302
2025-03-10,-0.004751725682588244
2025-03-11,0.01132205523144686
2025-03-12,0.008087829359619644
2025-03-13,0.0010137191558219814
2025-03-14,0.016700151946569597
2025-03-17,0.0014800482495955802
2025-03-18,-0.0040906730122876695
2025-03-19,0.00938673815126034
2025-03-20,0.0038421429963182716
2025-03-21,0.0017058159268701465
2025-03-24,0.009767067652319498
2025-03-25,0.0002800628772020737
2025-03-26,-0.0026085782242189466
2025-03-27,-0.009304410041573894
2025-03-28,-0.0034830302738116116
2025-03-31,0.0028485312476096707
2025-04-01,0.00822200741696386
2025-04-02,0.0025477837597009654
2025-04-03,0.022791190488543785
2025-04-04,0.03451917661980427
2025-04-07,-0.0023349647659407927
2025-04-08,0.018232142274519338
2025-04-09,-0.005462046761790526
2025-04-10,0.024904397456275627
2025-04-11,-0.0020710060319772635
2025-04-14,-0.007670131546995912
2025-04-15,0.0055896088204802005
2025-04-16,0.0009770745242321348
2025-04-17,-0.0036373765074642363
2025-04-21,0.0035016699943020207
2025-04-22,0.0002248808996704961
2025-04-23,0.002192688620101568
2025-04-24,0.002033507122708464
2025-04-25,0.006394520265202083
2025-04-28,0.0001260406579706626
2025-04-29,0.006492120955475575
2025-04-30,0.001460064530811446
2025-05-01,0.0013600168141355003
2025-05-02,0.006075802081541478
2025-05-05,0.0034790420501219473
2025-05-06,0.0037672708868417464
2025-05-07,0.003512264557323303
2025-05-08,0.00981476038555328
2025-05-09,-0.0009610008889458691
2025-05-12,-0.004789761074524004
2025-05-13,0.02016946506359788
2025-05-14,0.004336159282276217
2025-05-15,0.0028128610158896865
2025-05-16,-0.005761188056108109
2025-05-19,-0.002309755934863616
2025-05-20,-0.0029170369565471193
2025-05-21,0.006621738014551381
2025-05-22,-3.0504720499127555e-05
2025-05-23,0.01084784480177747
2025-05-27,0.000869237873873187
2025-05-28,0.002942931496780183
2025-05-29,-0.004093340120342302
2025-05-30,0.016043403992008844
2025-06-02,0.003465350091395162
2025-06-03,0.0033998103492694984
2025-06-04,-0.0009457864940925092
2025-06-05,0.0030021275766438623
2025-06-06,0.0013911999901740808
2025-06-09,0.002829881351656411
2025-06-10,-0.004837148587967788
2025-06-11,0.0028089216813596816
2025-06-12,0.0009499924825384661
2025-06-13,0.005625078418429942
2025-06-16,0.0046692540327367615
2025-06-17,-0.0003010536617708298
2025-06-18,0.004383997769637522
2025-06-20,0.002382725643566374
2025-06-23,0.0008614728962674586
2025-06-24,0.0007781449737539263
2025-06-25,0.0033936177691722075
2025-06-26,0.002246768089737478
2025-06-27,-0.007433236432091171
2025-06-30,0.006683533924164433
2025-07-01,-0.010527365339817968
2025-07-02,0.023481978154859563
2025-07-03,0.0015040284098366123
2025-07-07,0.005086498890244885
2025-07-08,-0.003287714168857446
2025-07-09,0.0027971184141550526
2025-07-10,0.001442079588112401
2025-07-11,0.003594008470053033
2025-07-14,0.008890654079578099
2025-07-15,0.0006500542710991404
2025-07-16,-0.0012264371537253176
2025-07-17,0.001046254048867789
2025-07-18,0.0073351467166352545
2025-07-21,-0.0012464723821163375
2025-07-22,-0.0018086110140690908
2025-07-23,0.0058177560983590495
2025-07-24,0.013524498887726841
2025-07-25,-0.0005668221765283462
2025-07-28,0.007682872506763566
2025-07-29,0.001624744252181422
2025-07-30,0.00603811126028081
2025-07-31,0.02781606908037084
2025-08-01,0.0017462598815900661
2025-08-04,0.0028824973286960156
2025-08-05,0.01028861670519875
2025-08-06,0.005357168882457032
2025-08-07,0.00966776936004701
2025-08-08,0.016786624389322765
2025-08-11,0.0005207638856310944
2025-08-12,-0.00412060962860202
2025-08-13,-0.009496374005507204
2025-08-14,0.0059132376910035825
2025-08-15,-0.0016466623294850028
2025-08-18,-0.0046248184819462496
2025-08-19,-0.007675799366640396
2025-08-20,-0.00015747814323378062
2025-08-21,0.0033391670855447337
2025-08-22,-0.0032981402781416536
2025-08-25,0.0037984328506474856
2025-08-26,0.03189151973051435
2025-08-27,0.002486464404879502
2025-08-28,-0.0006030221364172688
2025-08-29,0.010384944432621335
2025-09-02,0.004001314057203841
2025-09-03,0.002386722048806346
2025-09-04,0.011322198903536338
2025-09-05,0.012623144715368332
2025-09-08,0.009025544783869233
2025-09-09,0.0018794999482777868
2025-09-10,0.012347772329621084
2025-09-11,-0.005808415212769623
2025-09-12,-0.0014931746622492198
2025-09-15,0.004885394868620573
2025-09-16,-0.0013988844481016322
2025-09-17,5.408527088939869e-05
2025-09-18,0.005154163441700355
2025-09-19,0.0024087450757582845
2025-09-22,-0.0006189602300929824
2025-09-23,-0.0018443313444425802
2025-09-24,-0.005817831993739529
2025-09-25,0.0003334811634706698
2025-09-26,-2.3344512012613418e-05
2025-09-29,0.008261611758934941
2025-09-30,0.006287260516819571
2025-10-01,0.01244943576213885
2025-10-02,-0.00204484862569611
2025-10-03,-0.0016206818585012763
2025-10-06,-0.0019548660289181214
2025-10-07,-0.004050353099108113
2025-10-08,0.0046618722787089934
2025-10-09,0.0016204327306866932
2025-10-10,-0.011375780124388108
2025-10-13,0.011263289838603507
2025-10-14,-0.010289238733899728
2025-10-15,0.011637526995433222
2025-10-16,0.007203287462579359
2025-10-17,0.0018025297249686348
2025-10-20,0.0056303192189398
2025-10-21,-0.005787527056178139
2025-10-22,-0.0018656826519196671
2025-10-23,0.02037420667612727
2025-10-24,0.014313205140534815
2025-10-27,0.005105863000894592
2025-10-28,-0.00230021019617406
2025-10-29,0.03288770817956468
2025-10-30,-0.0007412042925795058
2025-10-31,0.0027626960714635168
2025-11-03,0.008553849737127773
2025-11-04,-0.00956330881316284
2025-11-05,0.024699199879308194
2025-11-06,0.0024678398871514832
2025-11-07,0.005182926046585161
2025-11-10,0.02555282699734065
2025-11-11,-0.0038093959355981416
2025-11-12,-0.0017257496627306004
2025-11-13,-0.014542113456034737
2025-11-14,0.007427159908251643
2025-11-17,0.003372727730372677
2025-11-18,-0.008207787506208205
2025-11-19,0.009570377981497857
2025-11-20,-0.02013329753163396
2025-11-21,0.005974154224816487
2025-11-24,0.022435211734551274
2025-11-25,0.0011294763932165816
2025-11-26,0.0026627380835241273
2025-11-28,0.007437513273568565
2025-12-01,-0.0018657471123055985
2025-12-02,-0.005670093792514178
2025-12-03,-0.00606249243212518
2025-12-04,0.009325125129464765
2025-12-05,0.010478630125471882
2025-12-08,0.004686571736462228
2025-12-09,0.0029497430008616835
2025-12-10,0.013408739062191472
2025-12-11,0.005972964276202723
2025-12-12,-0.00912483402182639
2025-12-15,0.0008198717699227369
2025-12-16,-0.0009390666837887923
2025-12-17,-0.0035327365550266152
2025-12-18,0.009561910008609457
2025-12-19,0.01393234979355916
2025-12-22,0.00622575422319212
2025-12-23,0.002254756103409138
2025-12-24,0.00036827954440498973
2025-12-26,-5.0147592553344993e-05
2025-12-29,-0.001406011547942974
2025-12-30,-0.000873813248221296
2025-12-31,-0.0017606059925763147
2026-01-02,0.015935818038298598
2026-01-05,-0.01232618381093808
2026-01-06,0.02977131876907416
2026-01-07,-0.00425366197991423
2026-01-08,-0.013306782721719443
2026-01-09,0.013055996101219788
2026-01-12,0.0055701086770508
2026-01-13,0.002301179965895963
2026-01-14,-0.006749375342545327
2026-01-15,0.01006870660833161
2026-01-16,-0.0009682973762684615
2026-01-20,0.007956119745942753
2026-01-21,0.012746473525254482
2026-01-22,0.000488506662429808
2026-01-23,-0.006927500648118501
2026-01-26,-9.645871432157744e-05
2026-01-27,0.01490173396867477
2026-01-28,0.014870313169577421
2026-01-29,-0.0012291992556480065
2026-01-30,-0.0029096166913538364
2026-02-02,0.024019852702017844
2026-02-03,0.015684789705832432
2026-02-04,-0.01039480047427985
2026-02-05,0.016340535693934077
2026-02-06,-0.006278069604343689
2026-02-09,0.0018300414261156
2026-02-10,-0.007587066304456902
2026-02-11,0.015492531549844785
2026-02-12,0.013963545477106288
2026-02-13,-0.011856697167797468
2026-02-17,0.0033870579975026132
2026-02-18,0.0047704589684385654
2026-02-19,0.0020018382003468165
2026-02-20,0.006374134542613994
2026-02-23,0.00987589155199289
2026-02-24,-0.009053908315819731
2026-02-25,0.003987545057489338
2026-02-26,-0.0019717655105674476
2026-02-27,0.0013429609264718344
2026-03-02,-0.00015014013994581177
2026-03-03,-0.017360484241419033
2026-03-04,-0.0018820444617131554
2026-03-05,-0.014846003029799692
2026-03-06,-0.007192047308286055
2026-03-09,0.018760897374691426
2026-03-10,0.012167689850814801
2026-03-11,0.00759128895716295
2026-03-12,-0.0037434739083070435
2026-03-13,0.0023701391237309385
2026-03-16,0.007032990267119704
2026-03-17,0.010186160963877103
2026-03-18,0.012916137342342152
2026-03-19,0.009122324269676414
2026-03-20,-0.001532759552796181
2026-03-23,0.001807472700849268
2026-03-24,0.013123786038441419
2026-03-25,-0.004349077176831855
2026-03-26,-0.017769132879555928
2026-03-27,0.011360133026418565
2026-03-30,-0.01943516046001475
2026-03-31,0.012015009959819212
2026-04-01,0.019326368132856632
2026-04-02,0.005312376790824935
2026-04-06,-0.002905847077869138
2026-04-07,0.011261168523874201
2026-04-08,0.019007169141166333
2026-04-09,0.008776121779491849
2026-04-10,0.0074039949201482325
2026-04-13,-0.005029612033702027
2026-04-14,0.0012266989364078705
2026-04-15,-0.014220348796627705
2026-04-16,0.0035303020388693686
2026-04-17,0.004410856905374489
2026-04-20,-0.004917740039352848
2026-04-21,0.0009627677402894026
2026-04-22,0.00519467808235708
2026-04-23,0.012007548701576005
2026-04-24,0.002919746647093239
2026-04-27,0.0011141208071403256
2026-04-28,-0.01139693972933075
2026-04-29,0.016173930189999578
2026-04-30,0.012077814990962478
2026-05-01,0.00476535124699901
2026-05-04,0.003185272536674938
2026-05-05,0.017110167192616568
2026-05-06,0.009282643500415444
2026-05-07,-0.01524301352961922
2026-05-08,0.021336747460998527
2026-05-11,0.01847489085061961
2026-05-12,-0.009827578486270177
2026-05-13,0.01171383351287426
2026-05-14,-0.007476064914367593
2026-05-15,-0.009815237486608785
2026-05-18,-0.019160176803441765
2026-05-19,0.004678359156278523
2026-05-20,0.0007282711909452796
2026-05-21,0.02333401050659841
2026-05-22,-0.006361457466979201
2026-05-25,0.018049364753545218
2026-05-26,-0.000125
2026-05-27,0.01683350729689837
2026-05-28,0.0007801054746380992
2026-05-29,-0.0006941713163150914
2026-06-01,-0.000868461159273831
2026-06-02,0.018899763217783173
2026-06-03,0.008107247451170193
2026-06-04,-0.005586524349942018
2026-06-05,-0.01878627875260748
2026-06-08,0.046399418597999904
2026-06-09,-0.008582353716914806
2026-06-10,0.00271852379338737
2026-06-11,0.01714878614270445
2026-06-12,0.005427268072148552
