date,exit_date,ticker,side,entry_price,exit_price,price_return,cost,net_ret
2024-08-01,2024-08-02,MRNA,LONG,94.62999725341797,85.66000366210938,-0.0947901706822104,0.001,-0.09579017068221041
2024-08-01,2024-08-02,APO,LONG,116.29000091552734,103.94999694824219,-0.10611405856165479,0.001,-0.10711405856165479
2024-08-01,2024-08-02,CFG,LONG,40.7599983215332,39.14500045776367,-0.039622127828114806,0.001,-0.04062212782811481
2024-08-01,2024-08-02,FITB,LONG,40.650001525878906,39.48500061035156,-0.028659308039279408,0.001,-0.02965930803927941
2024-08-01,2024-08-02,CTVA,LONG,53.2599983215332,51.59000015258789,-0.03135558057781851,0.001,-0.03235558057781851
2024-08-01,2024-08-02,AME,LONG,158.4499969482422,150.5850067138672,-0.04963704882205899,0.001,-0.050637048822058994
2024-08-01,2024-08-02,FAST,LONG,33.38999938964844,33.59049987792969,0.006004806587190492,0.001,0.005004806587190492
2024-08-01,2024-08-02,IR,LONG,90.67500305175781,88.26000213623047,-0.026633590672711094,0.001,-0.027633590672711095
2024-08-01,2024-08-02,TFC,LONG,43.31999969482422,41.82500076293945,-0.03451059423860947,0.001,-0.03551059423860947
2024-08-01,2024-08-02,TTWO,LONG,145.64999389648438,143.6199951171875,-0.013937513658528689,0.001,-0.01493751365852869
2024-08-02,2024-08-05,APO,LONG,103.94999694824219,99.20999908447266,-0.045598826386975544,0.001,-0.046598826386975545
2024-08-02,2024-08-05,KKR,LONG,110.06999969482422,106.2300033569336,-0.034886856986801607,0.001,-0.03588685698680161
2024-08-02,2024-08-05,WFC,LONG,53.02000045776367,52.130001068115234,-0.016786106789218547,0.001,-0.017786106789218548
2024-08-02,2024-08-05,PRU,LONG,109.64900207519531,105.52999877929688,-0.037565351420833726,0.001,-0.03856535142083373
2024-08-02,2024-08-05,IVZ,LONG,15.720000267028809,14.979999542236328,-0.04707383665536957,0.001,-0.04807383665536957
2024-08-02,2024-08-05,MET,LONG,70.38999938964844,67.95999908447266,-0.03452195377534184,0.001,-0.03552195377534184
2024-08-02,2024-08-05,CIEN,LONG,48.27000045776367,45.790000915527344,-0.05137765731753685,0.001,-0.05237765731753685
2024-08-02,2024-08-05,INTC,LONG,21.40999984741211,20.104999542236328,-0.06095284047064209,0.001,-0.06195284047064209
2024-08-02,2024-08-05,MCHP,LONG,75.90499877929688,73.87000274658203,-0.026809776239267835,0.001,-0.027809776239267836
2024-08-02,2024-08-05,UAL,LONG,40.06999969482422,37.900001525878906,-0.05415518306643785,0.001,-0.05515518306643785
2024-08-06,2024-08-07,PNW,LONG,85.5,86.06739807128906,0.006636234751918879,0.001,0.005636234751918879
2024-08-06,2024-08-07,PCG,LONG,17.790000915527344,18.020000457763672,0.012928585182678809,0.001,0.011928585182678808
2024-08-06,2024-08-07,JKHY,LONG,164.0,168.48500061035156,0.027347564697265625,0.001,0.026347564697265624
2024-08-06,2024-08-07,VRTX,LONG,474.010009765625,468.125,-0.01241537023349959,0.001,-0.01341537023349959
2024-08-06,2024-08-07,SRE,LONG,78.5,77.80999755859375,-0.008789840017914052,0.001,-0.009789840017914053
2024-08-06,2024-08-07,NI,LONG,30.600000381469727,31.239999771118164,0.020915012472875638,0.001,0.019915012472875637
2024-08-06,2024-08-07,DTE,LONG,118.79000091552734,120.7750015258789,0.016710165797229948,0.001,0.015710165797229947
2024-08-06,2024-08-07,CIEN,LONG,45.95000076293945,47.6349983215332,0.03667024005694408,0.001,0.03567024005694408
2024-08-06,2024-08-07,CSCO,LONG,44.7400016784668,45.92499923706055,0.026486310105886313,0.001,0.025486310105886312
2024-08-06,2024-08-07,ZBH,LONG,107.25,107.36499786376953,0.001072241154028264,0.001,7.22411540282639e-05
2024-08-07,2024-08-08,CRL,LONG,196.0399932861328,201.0,0.025300994101890906,0.0005,0.012150497050945452
2024-08-07,2024-08-08,ABNB,LONG,110.59989929199219,115.1041030883789,0.040725207032017874,0.0005,0.019862603516008936
2024-08-07,2024-08-08,TECH,LONG,74.5,72.02999877929688,-0.03315437880138428,0.0005,-0.01707718940069214
2024-08-07,2024-08-08,SMCI,LONG,51.56949996948242,50.51947021484375,-0.020361449214362226,0.0005,-0.010680724607181113
2024-08-07,2024-08-08,AMGN,LONG,313.9800109863281,317.1600036621094,0.010128009951307693,0.0005,0.004564004975653846
2024-08-07,2024-08-08,VRTX,LONG,467.9599914550781,465.5,-0.005256841396695022,0.0005,-0.003128420698347511
2024-08-07,2024-08-08,EMR,LONG,101.97000122070312,103.5199966430664,0.015200504107168555,0.0005,0.007100252053584277
2024-08-07,2024-08-08,SRE,LONG,77.80999755859375,77.61499786376953,-0.002506100770371833,0.0005,-0.0017530503851859165
2024-08-07,2024-08-08,TTWO,LONG,137.35000610351562,136.22000122070312,-0.008227192082982948,0.0005,-0.0046135960414914745
2024-08-07,2024-08-08,DELL,LONG,90.15499877929688,89.68000030517578,-0.005268687045117848,0.0005,-0.003134343522558924
2024-08-08,2024-08-09,MNST,LONG,45.08000183105469,45.724998474121094,0.014307822024578476,0.0005,0.0066539110122892375
2024-08-08,2024-08-09,MCK,LONG,549.280029296875,542.0800170898438,-0.013108090269088879,0.0005,-0.00705404513454444
2024-08-08,2024-08-09,TECH,LONG,72.0199966430664,72.44000244140625,0.0058317941949013186,0.0005,0.0024158970974506593
2024-08-08,2024-08-09,ATO,LONG,127.15499877929688,127.70999908447266,0.004364754122951231,0.0005,0.0016823770614756155
2024-08-08,2024-08-09,CRL,LONG,201.02000427246094,202.53500366210938,0.00753656032956318,0.0005,0.00326828016478159
2024-08-08,2024-08-09,WBD,LONG,6.985000133514404,7.005000114440918,0.00286327566846456,0.0005,0.00093163783423228
2024-08-08,2024-08-09,ES,LONG,64.86000061035156,64.81999969482422,-0.0006167270297706695,0.0005,-0.0008083635148853348
2024-08-08,2024-08-09,CCI,LONG,110.44000244140625,110.13999938964844,-0.0027164346715491394,0.0005,-0.0018582173357745697
2024-08-08,2024-08-09,PNW,LONG,85.36000061035156,85.75,0.004568877540532146,0.0005,0.0017844387702660729
2024-08-08,2024-08-09,WY,LONG,31.200000762939453,30.790000915527344,-0.0131410204290483,0.0005,-0.0070705102145241505
2024-08-09,2024-08-12,SATS,LONG,17.010000228881836,15.142900466918945,-0.10976482873837246,0.001,-0.11076482873837246
2024-08-09,2024-08-12,AEP,LONG,97.31999969482422,97.12000274658203,-0.002055044686285812,0.001,-0.003055044686285812
2024-08-09,2024-08-12,MCK,LONG,542.030029296875,552.8900146484375,0.02003576326878087,0.001,0.01903576326878087
2024-08-09,2024-08-12,BALL,LONG,62.27000045776367,61.959999084472656,-0.004978342235620881,0.001,-0.005978342235620881
2024-08-09,2024-08-12,STE,LONG,234.86500549316406,234.6649932861328,-0.0008516049745737053,0.001,-0.0018516049745737053
2024-08-09,2024-08-12,PODD,LONG,183.09500122070312,188.6199951171875,0.030175558369420097,0.001,0.029175558369420096
2024-08-09,2024-08-12,WY,LONG,30.790000915527344,30.18000030517578,-0.019811646385627157,0.001,-0.02081164638562716
2024-08-09,2024-08-12,PPL,LONG,30.405000686645508,30.674999237060547,0.00888007052516282,0.001,0.007880070525162819
2024-08-09,2024-08-12,AWK,LONG,141.67999267578125,141.61000061035156,-0.0004940151683227034,0.001,-0.0014940151683227034
2024-08-09,2024-08-12,MNST,LONG,45.722198486328125,46.30500030517578,0.012746583457090788,0.001,0.011746583457090787
2024-08-12,2024-08-13,SATS,LONG,15.149999618530273,16.530000686645508,0.09108918170712865,0.001,0.09008918170712865
2024-08-12,2024-08-13,KO,LONG,68.04499816894531,68.2249984741211,0.002645312807987299,0.001,0.001645312807987299
2024-08-12,2024-08-13,EXC,LONG,36.94499969482422,37.084999084472656,0.0037894002112563996,0.001,0.0027894002112563996
2024-08-12,2024-08-13,WY,LONG,30.18000030517578,30.25,0.0023194066970309013,0.001,0.0013194066970309013
2024-08-12,2024-08-13,HRL,LONG,31.479999542236328,31.78499984741211,0.009688701067691152,0.001,0.008688701067691151
2024-08-12,2024-08-13,TSN,LONG,60.70000076293945,60.95000076293945,0.004118616093208294,0.001,0.003118616093208294
2024-08-12,2024-08-13,BALL,LONG,61.96500015258789,62.61000061035156,0.010409109274192918,0.001,0.009409109274192917
2024-08-12,2024-08-13,SJM,LONG,117.36000061035156,118.16000366210938,0.006816658551442201,0.001,0.005816658551442201
2024-08-12,2024-08-13,EL,LONG,86.80000305175781,91.43000030517578,0.053340980306845864,0.001,0.05234098030684586
2024-08-12,2024-08-13,AEP,LONG,97.12999725341797,98.08999633789062,0.009883651926479109,0.001,0.008883651926479108
2024-08-13,2024-08-14,BAX,LONG,34.33250045776367,35.505001068115234,0.03415133167460338,0.0005,0.01657566583730169
2024-08-13,2024-08-14,KR,LONG,52.27000045776367,52.61000061035156,0.006504690063330321,0.0005,0.0027523450316651603
2024-08-13,2024-08-14,BR,LONG,208.6199951171875,208.07000732421875,-0.002636313900112097,0.0005,-0.0018181569500560486
2024-08-13,2024-08-14,KO,LONG,68.22000122070312,68.67500305175781,0.006669625079346986,0.0005,0.002834812539673493
2024-08-16,2024-08-19,HSY,LONG,194.6300048828125,195.22999572753906,0.0030827253233016716,0.001,0.0020827253233016716
2024-08-16,2024-08-19,ED,LONG,99.5,100.20999908447266,0.007135669190679872,0.001,0.006135669190679872
2024-08-16,2024-08-19,GIS,LONG,68.75,69.30500030517578,0.008072731711647796,0.001,0.007072731711647796
2024-08-22,2024-08-23,MELI,LONG,1990.3800048828125,1995.010009765625,0.002326191416440082,0.001,0.001326191416440082
2024-08-22,2024-08-23,DPZ,LONG,418.29998779296875,422.6709899902344,0.010449443760034205,0.001,0.009449443760034204
2024-08-23,2024-08-26,AZO,LONG,3111.52001953125,3165.97998046875,0.01750268698117008,0.001,0.016502686981170078
2024-08-23,2024-08-26,MELI,LONG,1997.0150146484375,2003.030029296875,0.0030120027162121588,0.001,0.0020120027162121587
2024-08-23,2024-08-26,GDDY,LONG,162.19200134277344,164.57000732421875,0.01466167234979543,0.001,0.013661672349795428
2024-08-23,2024-08-26,TYL,LONG,569.1500244140625,573.0599975585938,0.006869846221225329,0.001,0.005869846221225329
2024-08-26,2024-08-27,PDD,LONG,99.88400268554688,95.91000366210938,-0.039786141089563465,0.001,-0.040786141089563466
2024-08-26,2024-08-27,META,LONG,520.0,519.1799926757812,-0.0015769371619591688,0.001,-0.002576937161959169
2024-08-26,2024-08-27,CME,LONG,207.49000549316406,212.39999389648438,0.02366373450928494,0.001,0.02266373450928494
2024-08-26,2024-08-27,AXON,LONG,360.1000061035156,363.29998779296875,0.008886369439641939,0.001,0.007886369439641938
2024-08-28,2024-08-29,PDD,LONG,95.37000274658203,93.63999938964844,-0.018139910948000826,0.001,-0.019139910948000827
2024-08-28,2024-08-29,SHOP,LONG,74.2300033569336,73.28500366210938,-0.012730697185613815,0.001,-0.013730697185613816
2024-08-28,2024-08-29,ABBV,LONG,195.52000427246094,196.0449981689453,0.0026851160239991234,0.001,0.0016851160239991234
2024-08-28,2024-08-29,AEE,LONG,81.94000244140625,82.33000183105469,0.004759572590046224,0.001,0.0037595725900462238
2024-08-28,2024-08-29,D,LONG,56.13999938964844,55.880001068115234,-0.004631249097967416,0.001,-0.005631249097967416
2024-08-29,2024-08-30,DG,LONG,90.17990112304688,86.68000030517578,-0.03881020908523303,0.0005,-0.019905104542616514
2024-08-29,2024-08-30,PPL,LONG,31.4950008392334,31.68000030517578,0.0058739311323317,0.0005,0.00243696556616585
2024-08-29,2024-08-30,NTAP,LONG,123.04000091552734,118.66000366210938,-0.03559815686627832,0.0005,-0.01829907843313916
2024-08-29,2024-08-30,SJM,LONG,113.5199966430664,114.27999877929688,0.006694874548138774,0.0005,0.002847437274069387
2024-08-29,2024-08-30,D,LONG,55.88999938964844,55.560001373291016,-0.005904419752392087,0.0005,-0.0034522098761960436
2024-08-29,2024-08-30,NRG,LONG,81.68000030517578,83.54000091552734,0.02277179974782273,0.0005,0.010885899873911364
2024-08-29,2024-08-30,CBOE,LONG,207.36500549316406,205.39500427246094,-0.009500162363548226,0.0005,-0.005250081181774113
2024-08-29,2024-08-30,LLY,LONG,949.0499877929688,943.989990234375,-0.005331644933014412,0.0005,-0.003165822466507206
2024-08-30,2024-09-03,DVA,LONG,148.30999755859375,150.56500244140625,0.015204672105274541,0.001,0.01420467210527454
2024-08-30,2024-09-03,NTAP,LONG,118.69999694824219,119.86000061035156,0.009772566907606528,0.001,0.008772566907606527
2024-08-30,2024-09-03,DG,LONG,86.65499877929688,84.94000244140625,-0.01979108374646199,0.001,-0.02079108374646199
2024-08-30,2024-09-03,D,LONG,55.564998626708984,56.66999816894531,0.019886611527875964,0.001,0.018886611527875963
2024-08-30,2024-09-03,ALNY,LONG,266.05108642578125,254.65249633789062,-0.042843614138258435,0.001,-0.043843614138258435
2024-08-30,2024-09-03,REGN,LONG,1178.72998046875,1175.81005859375,-0.002477176217948407,0.001,-0.003477176217948407
2024-08-30,2024-09-03,CBOE,LONG,205.39500427246094,208.4199981689453,0.014727689737144889,0.001,0.013727689737144888
2024-08-30,2024-09-03,CRM,LONG,254.19000244140625,250.25999450683594,-0.015460906789503737,0.001,-0.016460906789503738
2024-08-30,2024-09-03,CVNA,LONG,29.714000701904297,28.77199935913086,-0.03170227234709144,0.001,-0.03270227234709144
2024-08-30,2024-09-03,ABBV,LONG,194.53500366210938,198.6999969482422,0.021409994128188004,0.001,0.020409994128188003
2024-09-03,2024-09-04,GE,LONG,165.13999938964844,165.6300048828125,0.0029672126376112384,0.0005,0.0009836063188056192
2024-09-03,2024-09-04,VST,LONG,77.05999755859375,77.68370056152344,0.008093732451204039,0.0005,0.0035468662256020194
2024-09-03,2024-09-04,CEG,LONG,181.39500427246094,182.0198974609375,0.0034449305314823153,0.0005,0.0012224652657411576
2024-09-03,2024-09-04,FIX,LONG,319.4800109863281,316.4100036621094,-0.009609387813468317,0.0005,-0.005304693906734159
2024-09-03,2024-09-04,NWS,LONG,28.315000534057617,28.44499969482422,0.0045911763487427315,0.0005,0.0017955881743713657
2024-09-03,2024-09-04,NWSA,LONG,27.21500015258789,27.3799991607666,0.006062796518596425,0.0005,0.0025313982592982125
2024-09-03,2024-09-04,APH,LONG,62.52000045776367,61.130001068115234,-0.02223287555136011,0.0005,-0.011616437775680055
2024-09-03,2024-09-04,EME,LONG,363.11981201171875,359.20001220703125,-0.010794783636209337,0.0005,-0.005897391818104669
2024-09-03,2024-09-04,LII,LONG,563.1199951171875,557.239990234375,-0.010441832884284019,0.0005,-0.00572091644214201
2024-09-03,2024-09-04,APA,LONG,26.920000076293945,26.415000915527344,-0.018759255547376785,0.0005,-0.009879627773688393
2024-09-04,2024-09-05,CNC,LONG,73.61000061035156,72.56999969482422,-0.014128527467789365,0.001,-0.015128527467789366
2024-09-04,2024-09-05,ZS,LONG,158.5399932861328,162.3372039794922,0.02395112182518,0.001,0.02295112182518
2024-09-04,2024-09-05,DLTR,LONG,64.02999877929688,66.86000061035156,0.04419806161186002,0.001,0.04319806161186002
2024-09-04,2024-09-05,ELV,LONG,541.989990234375,544.5,0.004631099855810117,0.001,0.003631099855810117
2024-09-04,2024-09-05,HRL,LONG,30.8700008392334,31.844999313354492,0.031584011908478704,0.001,0.030584011908478703
2024-09-04,2024-09-05,WAT,LONG,331.7200012207031,329.6300048828125,-0.006300483329915618,0.001,-0.007300483329915618
2024-09-04,2024-09-05,JPM,LONG,218.42999267578125,218.02000427246094,-0.0018769785151659946,0.001,-0.0028769785151659946
2024-09-04,2024-09-05,A,LONG,136.94000244140625,138.3800048828125,0.010515571898155995,0.001,0.009515571898155994
2024-09-04,2024-09-05,WMB,LONG,44.45000076293945,44.75,0.006749139075621136,0.001,0.0057491390756211356
2024-09-04,2024-09-05,DOV,LONG,176.25999450683594,175.85000610351562,-0.002326043436387426,0.001,-0.003326043436387426
2024-09-05,2024-09-06,ZBH,LONG,104.76499938964844,104.97000122070312,0.0019567778575766415,0.001,0.0009567778575766414
2024-09-05,2024-09-06,CPRT,LONG,49.51499938964844,49.47999954223633,-0.0007068534351921674,0.001,-0.0017068534351921674
2024-09-05,2024-09-06,FOXA,LONG,40.560001373291016,40.39500045776367,-0.004068069771713478,0.001,-0.005068069771713478
2024-09-05,2024-09-06,FOX,LONG,37.584999084472656,37.43000030517578,-0.004123953254555501,0.001,-0.005123953254555501
2024-09-05,2024-09-06,CIEN,LONG,52.665000915527344,51.140098571777344,-0.028954757756406102,0.001,-0.029954757756406103
2024-09-05,2024-09-06,CHRW,LONG,101.5,100.23999786376953,-0.012413814150053826,0.001,-0.013413814150053827
2024-09-05,2024-09-06,CMI,LONG,296.3699951171875,294.010009765625,-0.007962969903985484,0.001,-0.008962969903985485
2024-09-05,2024-09-06,ADSK,LONG,252.24000549316406,251.35000610351562,-0.0035283831678816213,0.001,-0.004528383167881621
2024-09-05,2024-09-06,HII,LONG,270.3299865722656,268.6700134277344,-0.006140543879646465,0.001,-0.007140543879646465
2024-09-05,2024-09-06,HPE,LONG,17.920000076293945,17.405000686645508,-0.028738805103562526,0.001,-0.029738805103562527
2024-09-06,2024-09-09,VTRS,LONG,11.194999694824219,11.119999885559082,-0.006699402528774656,0.001,-0.007699402528774656
2024-09-06,2024-09-09,WFC,LONG,53.974998474121094,54.599998474121094,0.011579435250927528,0.001,0.010579435250927527
2024-09-06,2024-09-09,NTRS,LONG,86.5999984741211,87.75,0.0132794635813136,0.001,0.012279463581313599
2024-09-06,2024-09-09,AIG,LONG,71.52999877929688,72.8499984741211,0.018453791658755936,0.001,0.017453791658755935
2024-09-06,2024-09-09,RJF,LONG,114.55999755859375,116.9000015258789,0.02042601271956479,0.001,0.01942601271956479
2024-09-06,2024-09-09,BAC,LONG,38.755001068115234,39.47999954223633,0.018707223690868968,0.001,0.017707223690868967
2024-09-06,2024-09-09,GL,LONG,102.55000305175781,103.36000061035156,0.007898562013546995,0.001,0.006898562013546995
2024-09-06,2024-09-09,PRU,LONG,112.97000122070312,114.94999694824219,0.017526739011632486,0.001,0.016526739011632485
2024-09-06,2024-09-09,MET,LONG,74.20999908447266,75.4800033569336,0.017113654334037998,0.001,0.016113654334037997
2024-09-06,2024-09-09,PFG,LONG,77.66000366210938,79.22000122070312,0.020087528779693775,0.001,0.019087528779693774
2024-09-10,2024-09-11,VTRS,LONG,11.130000114440918,11.074999809265137,-0.0049416266496187244,0.001,-0.0059416266496187245
2024-09-10,2024-09-11,TRGP,LONG,144.4199981689453,142.92999267578125,-0.010317168758173123,0.001,-0.011317168758173124
2024-09-10,2024-09-11,UHS,LONG,227.22000122070312,224.88999938964844,-0.010254387019351885,0.001,-0.011254387019351886
2024-09-10,2024-09-11,HCA,LONG,385.95001220703125,385.9299011230469,-5.2108001938777626e-05,0.001,-0.0010521080019387776
2024-09-10,2024-09-11,MRK,LONG,115.20999908447266,114.69000244140625,-0.004513467990613695,0.001,-0.0055134679906136954
2024-09-10,2024-09-11,MMM,LONG,128.85000610351562,127.4000015258789,-0.011253430414832954,0.001,-0.012253430414832955
2024-09-10,2024-09-11,BRK-B,LONG,461.82000732421875,446.54998779296875,-0.033064872220942454,0.001,-0.034064872220942455
2024-09-10,2024-09-11,FOXA,LONG,39.970001220703125,39.084999084472656,-0.022141658974282663,0.001,-0.023141658974282664
2024-09-10,2024-09-11,FOX,LONG,37.13999938964844,36.18000030517578,-0.025848117938855553,0.001,-0.026848117938855554
2024-09-10,2024-09-11,IQV,LONG,240.86000061035156,230.66000366210938,-0.04234823931908527,0.001,-0.04334823931908527
2024-09-11,2024-09-12,SPGI,LONG,505.0,513.7899780273438,0.017405897083849098,0.001,0.016405897083849097
2024-09-11,2024-09-12,VRSK,LONG,265.739990234375,268.30999755859375,0.009671135014162058,0.001,0.008671135014162057
2024-09-11,2024-09-12,AON,LONG,341.1000061035156,345.55999755859375,0.013075319188720957,0.001,0.012075319188720957
2024-09-11,2024-09-12,TSN,LONG,61.720001220703125,61.880001068115234,0.0025923500364164465,0.001,0.0015923500364164464
2024-09-11,2024-09-12,BRO,LONG,99.4800033569336,101.26000213623047,0.01789303095326855,0.001,0.01689303095326855
2024-09-11,2024-09-12,NOC,LONG,508.70001220703125,516.239990234375,0.014822051988225837,0.001,0.013822051988225836
2024-09-11,2024-09-12,WTW,LONG,283.5249938964844,288.7699890136719,0.018499233683441973,0.001,0.017499233683441973
2024-09-11,2024-09-12,CINF,LONG,132.4600067138672,134.47999572753906,0.015249803044592447,0.001,0.014249803044592446
2024-09-11,2024-09-12,SYY,LONG,76.47000122070312,76.51000213623047,0.0005230929107991056,0.001,-0.00047690708920089444
2024-09-11,2024-09-12,SRE,LONG,80.58000183105469,81.12999725341797,0.0068254580524385045,0.001,0.005825458052438504
2024-09-12,2024-09-13,PM,LONG,123.58499908447266,125.69000244140625,0.0170328387144687,0.001,0.0160328387144687
2024-09-12,2024-09-13,KMB,LONG,141.83999633789062,142.83999633789062,0.007050197587553653,0.001,0.006050197587553653
2024-09-12,2024-09-13,JNJ,LONG,163.22000122070312,165.1199951171875,0.011640692821189402,0.001,0.010640692821189401
2024-09-12,2024-09-13,MO,LONG,52.62620162963867,52.825199127197266,0.003781338789355493,0.001,0.002781338789355493
2024-09-12,2024-09-13,CLX,LONG,162.72000122070312,165.89500427246094,0.019512063839352,0.001,0.018512063839352
2024-09-12,2024-09-13,WAT,LONG,316.614990234375,325.8599853515625,0.029199486449911438,0.001,0.028199486449911437
2024-09-12,2024-09-13,VRSK,LONG,268.1650085449219,267.4849853515625,-0.0025358386504235053,0.001,-0.0035358386504235053
2024-09-12,2024-09-13,TSN,LONG,61.869998931884766,61.82500076293945,-0.0007273019188969165,0.001,-0.0017273019188969166
2024-09-12,2024-09-13,SYY,LONG,76.51000213623047,76.19000244140625,-0.004182455703692689,0.001,-0.005182455703692689
2024-09-12,2024-09-13,VRSN,LONG,178.69000244140625,182.5399932861328,0.021545642129525477,0.001,0.020545642129525477
2024-09-13,2024-09-16,ADBE,LONG,531.760009765625,529.9500122070312,-0.0034037865303024883,0.0005,-0.002201893265151244
2024-09-13,2024-09-16,GRMN,LONG,171.60000610351562,172.58999633789062,0.005769173654794679,0.0005,0.0023845868273973396
2024-09-13,2024-09-16,UPS,LONG,126.12999725341797,128.27999877929688,0.017045917487488405,0.0005,0.008022958743744202
2024-09-13,2024-09-16,SYY,LONG,76.19000244140625,77.45500183105469,0.01660322022723748,0.0005,0.00780161011361874
2024-09-13,2024-09-16,O,LONG,62.119998931884766,62.69499969482422,0.009256290612141616,0.0005,0.004128145306070807
2024-09-13,2024-09-16,VRSK,LONG,267.3500061035156,270.7850036621094,0.012848316739008325,0.0005,0.005924158369504162
2024-09-16,2024-09-17,ADBE,LONG,529.8099975585938,518.4000244140625,-0.021535971758006256,0.001,-0.022535971758006257
2024-09-16,2024-09-17,MO,LONG,51.90999984741211,50.58000183105469,-0.02562122944070333,0.001,-0.02662122944070333
2024-09-17,2024-09-18,CSGP,LONG,76.25,77.12999725341797,0.01154094758580948,0.001,0.01054094758580948
2024-09-17,2024-09-18,ACN,LONG,338.5299987792969,337.45001220703125,-0.003190224134227204,0.001,-0.004190224134227204
2024-09-17,2024-09-18,FE,LONG,43.61000061035156,43.529998779296875,-0.0018344836031874978,0.001,-0.002834483603187498
2024-09-17,2024-09-18,PM,LONG,122.76000213623047,120.95999908447266,-0.014662781202628983,0.001,-0.015662781202628984
2024-09-17,2024-09-18,UNH,LONG,578.27001953125,581.5150146484375,0.00561155689831172,0.001,0.00461155689831172
2024-09-17,2024-09-18,MO,LONG,50.58000183105469,50.71480178833008,0.0026650840726665237,0.001,0.0016650840726665237
2024-09-17,2024-09-18,TRI,LONG,167.44000244140625,168.6699981689453,0.007345889331132227,0.001,0.006345889331132227
2024-09-17,2024-09-18,BSX,LONG,82.40499877929688,82.66000366210938,0.00309453172246843,0.001,0.00209453172246843
2024-09-17,2024-09-18,MDT,LONG,88.5,88.22000122070312,-0.00316382801465398,0.001,-0.00416382801465398
2024-09-17,2024-09-18,TYL,LONG,577.6500244140625,581.030029296875,0.005851302241770107,0.001,0.004851302241770107
2024-09-18,2024-09-19,AVY,LONG,211.41000366210938,215.77000427246094,0.020623435669203438,0.001,0.019623435669203437
2024-09-18,2024-09-19,RMD,LONG,238.92999267578125,243.02999877929688,0.017159863680568543,0.001,0.016159863680568542
2024-09-18,2024-09-19,VICI,LONG,33.185001373291016,32.81999969482422,-0.010998995430525071,0.001,-0.011998995430525072
2024-09-18,2024-09-19,PM,LONG,120.9800033569336,119.80000305175781,-0.009753680545820154,0.001,-0.010753680545820155
2024-09-18,2024-09-19,SYY,LONG,74.9000015258789,74.13999938964844,-0.010146890797697483,0.001,-0.011146890797697484
2024-09-18,2024-09-19,COR,LONG,228.99000549316406,226.58999633789062,-0.010480846751825035,0.001,-0.011480846751825036
2024-09-18,2024-09-19,AJG,LONG,293.3699951171875,282.2900085449219,-0.03776796112990255,0.001,-0.03876796112990255
2024-09-18,2024-09-19,REG,LONG,73.52999877929688,72.1500015258789,-0.01876781281555684,0.001,-0.01976781281555684
2024-09-18,2024-09-19,STE,LONG,239.17999267578125,239.58999633789062,0.0017142055132728373,0.001,0.0007142055132728373
2024-09-18,2024-09-19,CLX,LONG,163.32000732421875,162.00999450683594,-0.008021141064378012,0.001,-0.009021141064378013
2024-09-20,2024-09-23,AJG,LONG,279.6099853515625,278.3450012207031,-0.004524102132006713,0.001,-0.005524102132006713
2024-09-20,2024-09-23,VTR,LONG,62.33000183105469,63.380001068115234,0.01684580789691892,0.001,0.015845807896918918
2024-09-20,2024-09-23,O,LONG,60.560001373291016,61.9900016784668,0.023612950342607908,0.001,0.022612950342607907
2024-09-20,2024-09-23,WEC,LONG,94.20999908447266,94.95999908447266,0.00796093840662837,0.001,0.006960938406628371
2024-09-20,2024-09-23,AEP,LONG,102.0,102.18000030517578,0.0017647088742722694,0.001,0.0007647088742722694
2024-09-20,2024-09-23,BAX,LONG,38.5,38.435001373291016,-0.0016882760184151469,0.001,-0.002688276018415147
2024-09-20,2024-09-23,REG,LONG,71.77999877929688,72.25,0.00654780201582672,0.001,0.00554780201582672
2024-09-20,2024-09-23,V,LONG,285.5,286.7300109863281,0.004308269654389241,0.001,0.0033082696543892407
2024-09-20,2024-09-23,WELL,LONG,124.11009979248047,127.3499984741211,0.026105036472115817,0.001,0.025105036472115816
2024-09-20,2024-09-23,ED,LONG,102.2300033569336,103.81999969482422,0.015553128100164404,0.001,0.014553128100164403
2024-09-23,2024-09-24,SOLV,LONG,70.40499877929688,69.83999633789062,-0.008025033040301555,0.001,-0.009025033040301556
2024-09-23,2024-09-24,FDX,LONG,207.4214324951172,214.39967346191406,0.0336428154161994,0.001,0.0326428154161994
2024-09-23,2024-09-24,XEL,LONG,63.9900016784668,64.63999938964844,0.010157801127240296,0.001,0.009157801127240295
2024-09-23,2024-09-24,BAX,LONG,38.43000030517578,39.040000915527344,0.015873031629130896,0.001,0.014873031629130895
2024-09-23,2024-09-24,AJG,LONG,278.32000732421875,280.2799987792969,0.007042222634016104,0.001,0.006042222634016104
2024-09-23,2024-09-24,ES,LONG,66.58000183105469,66.98999786376953,0.006157945650935748,0.001,0.005157945650935748
2024-09-24,2024-09-25,REGN,LONG,1046.7049560546875,1036.9658203125,-0.00930456637837751,0.001,-0.010304566378377511
2024-09-24,2024-09-25,V,LONG,277.2699890136719,269.0799865722656,-0.029538005431241965,0.001,-0.030538005431241966
2024-09-24,2024-09-25,ESS,LONG,301.49749755859375,299.54998779296875,-0.006459455821010596,0.001,-0.007459455821010596
2024-09-24,2024-09-25,EQR,LONG,75.6500015258789,75.30000305175781,-0.004626549465453267,0.001,-0.005626549465453267
2024-09-24,2024-09-25,SOLV,LONG,69.83000183105469,69.18000030517578,-0.009308341813473064,0.001,-0.010308341813473065
2024-09-24,2024-09-25,AWK,LONG,146.6199951171875,144.35000610351562,-0.01548212446643149,0.001,-0.01648212446643149
2024-09-24,2024-09-25,SYK,LONG,361.1099853515625,359.6199951171875,-0.004126139666075446,0.001,-0.005126139666075446
2024-09-24,2024-09-25,SPGI,LONG,517.5700073242188,515.1099853515625,-0.004753022659435557,0.001,-0.005753022659435557
2024-09-25,2024-09-26,GPN,LONG,98.30999755859375,97.13999938964844,-0.011901110751711519,0.001,-0.01290111075171152
2024-09-25,2024-09-26,V,LONG,269.0849914550781,272.32501220703125,0.012040882452910795,0.001,0.011040882452910794
2024-09-25,2024-09-26,FIS,LONG,82.5199966430664,82.86000061035156,0.004120261525891955,0.001,0.003120261525891955
2024-09-25,2024-09-26,AMGN,LONG,316.2449951171875,317.6499938964844,0.004442754196872789,0.001,0.003442754196872789
2024-09-25,2024-09-26,JKHY,LONG,171.02000427246094,173.38999938964844,0.013857999403459997,0.001,0.012857999403459996
2024-09-25,2024-09-26,TMO,LONG,599.4650268554688,615.635009765625,0.026974022146007304,0.001,0.025974022146007303
2024-09-25,2024-09-26,AWK,LONG,144.3350067138672,143.24000549316406,-0.007586525581239512,0.001,-0.008586525581239512
2024-09-25,2024-09-26,CBOE,LONG,204.26109313964844,203.63999938964844,-0.0030406855287676837,0.001,-0.004040685528767684
2024-09-25,2024-09-26,BAX,LONG,37.97999954223633,38.470001220703125,0.012901571468474593,0.001,0.011901571468474592
2024-09-25,2024-09-26,ESS,LONG,299.4599914550781,295.04998779296875,-0.014726520363141482,0.001,-0.015726520363141483
2024-09-26,2024-09-27,OKE,LONG,89.23999786376953,90.0999984741211,0.009636941180393155,0.0005,0.004318470590196577
2024-09-26,2024-09-27,KIM,LONG,22.899999618530273,23.059999465942383,0.006986893016480256,0.0005,0.002993446508240128
2024-09-26,2024-09-27,MAA,LONG,159.99000549316406,158.5,-0.009313116082290018,0.0005,-0.00515655804114501
2024-09-26,2024-09-27,GPN,LONG,97.16999816894531,100.26000213623047,0.03179997968007253,0.0005,0.015399989840036266
2024-09-26,2024-09-27,ESS,LONG,294.92999267578125,296.05999755859375,0.003831434275505252,0.0005,0.001415717137752626
2024-09-26,2024-09-27,PODD,LONG,233.14999389648438,232.5399932861328,-0.0026163440974499297,0.0005,-0.0018081720487249649
2024-09-26,2024-09-27,AWK,LONG,143.24000549316406,144.97000122070312,0.012077601655925863,0.0005,0.005538800827962931
2024-09-26,2024-09-27,PSA,LONG,357.864990234375,355.3399963378906,-0.007055716444435367,0.0005,-0.004027858222217684
2024-09-26,2024-09-27,SPGI,LONG,511.9599914550781,513.4099731445312,0.002832216801418541,0.0005,0.0009161084007092706
2024-09-26,2024-09-27,NOW,LONG,175.2030029296875,176.60000610351562,0.007973625739672752,0.0005,0.003486812869836376
2024-09-27,2024-09-30,COST,LONG,884.010009765625,884.885009765625,0.0009898077966696839,0.001,-1.019220333031614e-05
2024-09-27,2024-09-30,PGR,LONG,251.18499755859375,252.4600067138672,0.0050759765418555425,0.001,0.0040759765418555425
2024-09-27,2024-09-30,PLTR,LONG,36.84989929199219,37.1150016784668,0.007194114273528562,0.001,0.006194114273528562
2024-09-27,2024-09-30,PSA,LONG,355.29998779296875,358.6000061035156,0.009287977551155402,0.001,0.008287977551155401
2024-09-27,2024-09-30,IT,LONG,507.7900085449219,504.19500732421875,-0.007079700585296389,0.001,-0.00807970058529639
2024-09-27,2024-09-30,MAA,LONG,158.4600067138672,157.86500549316406,-0.0037548983686307436,0.001,-0.004754898368630744
2024-09-27,2024-09-30,INTU,LONG,621.5,617.2100219726562,-0.006902619513022956,0.001,-0.007902619513022957
2024-09-30,2024-10-01,ARE,LONG,117.20999908447266,117.08999633789062,-0.0010238268707394305,0.001,-0.0020238268707394305
2024-09-30,2024-10-01,AMZN,LONG,185.5500030517578,185.13999938964844,-0.0022096666955860877,0.001,-0.0032096666955860878
2024-09-30,2024-10-01,IT,LONG,504.17999267578125,501.2200012207031,-0.0058709022533181,0.001,-0.0068709022533181
2024-09-30,2024-10-01,DLR,LONG,160.6649932861328,160.30999755859375,-0.002209539989254772,0.001,-0.003209539989254772
2024-09-30,2024-10-01,NCLH,LONG,20.399999618530273,19.93000030517578,-0.023039182458002072,0.001,-0.024039182458002073
2024-09-30,2024-10-01,MELI,LONG,2042.0250244140625,2067.6298828125,0.012538954269566194,0.001,0.011538954269566193
2024-09-30,2024-10-01,EQIX,LONG,881.2000122070312,883.0,0.0020426552065750947,0.001,0.0010426552065750947
2024-10-02,2024-10-03,FSLR,LONG,238.8000030517578,236.0399932861328,-0.0115578296915968,0.001,-0.0125578296915968
2024-10-02,2024-10-03,DELL,LONG,112.97000122070312,114.56999969482422,0.014163038477757128,0.001,0.013163038477757127
2024-10-02,2024-10-03,ARM,LONG,136.61000061035156,138.79010009765625,0.01595856436252352,0.001,0.014958564362523519
2024-10-02,2024-10-03,ADSK,LONG,267.9200134277344,269.07501220703125,0.004310983582450412,0.001,0.0033109835824504117
2024-10-02,2024-10-03,NCLH,LONG,19.5,19.6200008392334,0.006153889191456319,0.001,0.005153889191456319
2024-10-02,2024-10-03,CDNS,LONG,262.25,266.2799987792969,0.015367011551179699,0.001,0.014367011551179698
2024-10-02,2024-10-03,HOOD,LONG,22.420000076293945,22.219999313354492,-0.008920640600306062,0.001,-0.009920640600306063
2024-10-02,2024-10-03,AVGO,LONG,167.5500030517578,172.42999267578125,0.029125571680926665,0.001,0.028125571680926664
2024-10-02,2024-10-03,KDP,LONG,37.15999984741211,36.73500061035156,-0.011437008579270658,0.001,-0.012437008579270659
2024-10-02,2024-10-03,APD,LONG,291.0,287.80499267578125,-0.010979406612435572,0.001,-0.011979406612435572
2024-10-03,2024-10-04,HCA,LONG,395.9599914550781,391.2200012207031,-0.01197088174731098,0.001,-0.01297088174731098
2024-10-03,2024-10-04,CNC,LONG,71.44000244140625,72.56500244140625,0.01574747986497771,0.001,0.014747479864977708
2024-10-03,2024-10-04,IFF,LONG,101.45999908447266,100.3550033569336,-0.010890949512221804,0.001,-0.011890949512221805
2024-10-03,2024-10-04,FER,LONG,42.099998474121094,40.11000061035156,-0.04726835952245423,0.001,-0.04826835952245423
2024-10-03,2024-10-04,CAG,LONG,29.610000610351562,29.405000686645508,-0.006923333991232239,0.001,-0.00792333399123224
2024-10-03,2024-10-04,TJX,LONG,114.3499984741211,114.1500015258789,-0.001748989513869148,0.001,-0.002748989513869148
2024-10-03,2024-10-04,BALL,LONG,65.69999694824219,65.48999786376953,-0.0031963332454656435,0.001,-0.0041963332454656435
2024-10-03,2024-10-04,NVR,LONG,9618.125,9405.0,-0.022158684774839177,0.001,-0.023158684774839178
2024-10-03,2024-10-04,APD,LONG,287.6400146484375,284.6288146972656,-0.01046864065436881,0.001,-0.011468640654368811
2024-10-03,2024-10-04,MNST,LONG,50.14500045776367,50.349998474121094,0.004088104785841873,0.001,0.003088104785841873
2024-10-04,2024-10-07,TDG,LONG,1338.68505859375,1365.5550537109375,0.020071931739802595,0.001,0.019071931739802594
2024-10-04,2024-10-07,FER,LONG,40.1150016784668,40.720001220703125,0.015081628241862433,0.001,0.014081628241862432
2024-10-04,2024-10-07,LOW,LONG,264.8299865722656,267.92999267578125,0.011705646115228285,0.001,0.010705646115228284
2024-10-04,2024-10-07,NVR,LONG,9439.2197265625,9442.2998046875,0.00032630643360631595,0.001,-0.0006736935663936841
2024-10-04,2024-10-07,CBRE,LONG,120.68000030517578,119.86000061035156,-0.006794826754645378,0.001,-0.007794826754645378
2024-10-04,2024-10-07,NDSN,LONG,252.47999572753906,253.0,0.0020595860316081627,0.001,0.0010595860316081626
2024-10-04,2024-10-07,XEL,LONG,62.89500045776367,62.9900016784668,0.0015104733287492067,0.001,0.0005104733287492067
2024-10-04,2024-10-07,EXR,LONG,169.4550018310547,168.13499450683594,-0.0077897218137873425,0.001,-0.008789721813787343
2024-10-04,2024-10-07,DE,LONG,405.6025085449219,407.6499938964844,0.005048009586794189,0.001,0.004048009586794189
2024-10-04,2024-10-07,EXPD,LONG,119.75,120.06500244140625,0.0026305005545406157,0.001,0.0016305005545406157
2024-10-07,2024-10-08,DUK,LONG,111.08999633789062,110.66999816894531,-0.003780701978491785,0.001,-0.004780701978491785
2024-10-07,2024-10-08,CB,LONG,280.6705322265625,279.9632873535156,-0.002519840139384444,0.001,-0.003519840139384444
2024-10-07,2024-10-08,AIZ,LONG,188.65499877929688,189.39999389648438,0.0039489815907769454,0.001,0.0029489815907769454
2024-10-07,2024-10-08,ACGL,LONG,108.73500061035156,110.25,0.013932950578419367,0.001,0.012932950578419367
2024-10-07,2024-10-08,DGX,LONG,148.0800018310547,147.4600067138672,-0.004186892960028832,0.001,-0.005186892960028832
2024-10-07,2024-10-08,EG,LONG,375.2799987792969,375.4849853515625,0.0005462230146355829,0.001,-0.00045377698536441715
2024-10-07,2024-10-08,LNT,LONG,59.25,59.65999984741211,0.006919828648305648,0.001,0.005919828648305648
2024-10-07,2024-10-08,TJX,LONG,112.11499786376953,112.80000305175781,0.006109844365520312,0.001,0.005109844365520312
2024-10-07,2024-10-08,ALL,LONG,183.5,183.46499633789062,-0.00019075565182224974,0.001,-0.0011907556518222498
2024-10-07,2024-10-08,NEE,LONG,81.69999694824219,80.65499877929688,-0.012790675740261381,0.001,-0.013790675740261382
2024-10-08,2024-10-09,GOOG,LONG,164.72000122070312,162.25999450683594,-0.014934474839950362,0.0005,-0.007967237419975182
2024-10-08,2024-10-09,GOOGL,LONG,163.27999877929688,160.94000244140625,-0.014331187869823347,0.0005,-0.007665593934911674
2024-10-08,2024-10-09,CF,LONG,86.55999755859375,87.56999969482422,0.01166823203231715,0.0005,0.005334116016158574
2024-10-08,2024-10-09,NEE,LONG,80.62999725341797,80.2249984741211,-0.005022929345067095,0.0005,-0.0030114646725335477
2024-10-08,2024-10-09,NUE,LONG,148.10000610351562,151.7100067138672,0.024375425128803307,0.0005,0.011687712564401653
2024-10-08,2024-10-09,HCA,LONG,378.75,383.239990234375,0.011854759694719386,0.0005,0.005427379847359692
2024-10-08,2024-10-09,CAT,LONG,388.80999755859375,395.1099853515625,0.016203255658361337,0.0005,0.007601627829180668
2024-10-08,2024-10-09,ARES,LONG,153.89999389648438,156.54750061035156,0.017202773351946643,0.0005,0.008101386675973321
2024-10-08,2024-10-09,DUK,LONG,110.68000030517578,110.91999816894531,0.0021683941372225846,0.0005,0.0005841970686112923
2024-10-08,2024-10-09,ETR,LONG,65.39749908447266,64.83499908447266,-0.008601246345421143,0.0005,-0.004800623172710572
2024-10-09,2024-10-10,NRG,LONG,87.62999725341797,87.92500305175781,0.0033664932966586125,0.0005,0.0011832466483293063
2024-10-09,2024-10-10,D,LONG,56.060001373291016,55.540000915527344,-0.009275783892709999,0.0005,-0.005137891946355
2024-10-09,2024-10-10,GOOG,LONG,162.24000549316406,163.36000061035156,0.006903322727233929,0.0005,0.0029516613636169646
2024-10-09,2024-10-10,PEG,LONG,89.56999969482422,88.7300033569336,-0.009378099148739438,0.0005,-0.00518904957436972
2024-10-09,2024-10-10,GOOGL,LONG,160.94000244140625,162.16000366210938,0.007580472239319791,0.0005,0.0032902361196598955
2024-10-09,2024-10-10,AEE,LONG,86.01000213623047,85.9800033569336,-0.0003487824503173309,0.0005,-0.0006743912251586655
2024-10-09,2024-10-10,CMS,LONG,69.45999908447266,69.0,-0.006622503462938911,0.0005,-0.0038112517314694556
2024-10-09,2024-10-10,VST,LONG,122.94000244140625,124.7300033569336,0.01455995509989072,0.0005,0.00677997754994536
2024-10-09,2024-10-10,ETR,LONG,64.82499694824219,64.53500366210938,-0.004473479364208055,0.0005,-0.0027367396821040275
2024-10-09,2024-10-10,NI,LONG,33.935001373291016,33.665000915527344,-0.007956400378288486,0.0005,-0.0044782001891442436
2024-10-10,2024-10-11,T,LONG,21.274999618530273,21.377399444580078,0.004813152897103601,0.001,0.003813152897103601
2024-10-10,2024-10-11,CTSH,LONG,74.34500122070312,75.94000244140625,0.02145404794557937,0.001,0.020454047945579368
2024-10-10,2024-10-11,PEG,LONG,88.73999786376953,87.66000366210938,-0.012170320347743568,0.001,-0.01317032034774357
2024-10-10,2024-10-11,D,LONG,55.54499816894531,56.209999084472656,0.011972291609492647,0.001,0.010972291609492646
2024-10-10,2024-10-11,AMD,LONG,162.91000366210938,167.88999938964844,0.03056899892942133,0.001,0.02956899892942133
2024-10-10,2024-10-11,HWM,LONG,101.9000015258789,103.81999969482422,0.0188419837114302,0.001,0.017841983711430198
2024-10-10,2024-10-11,CMS,LONG,69.00499725341797,69.32499694824219,0.004637340881980423,0.001,0.003637340881980423
2024-10-10,2024-10-11,NI,LONG,33.65999984741211,33.93000030517578,0.008021404010327915,0.001,0.007021404010327915
2024-10-10,2024-10-11,NRG,LONG,87.91999816894531,89.69999694824219,0.020245664426385312,0.001,0.01924566442638531
2024-10-10,2024-10-11,SBUX,LONG,93.83999633789062,95.55999755859375,0.01832908448237669,0.001,0.01732908448237669
2024-10-14,2024-10-15,AOS,LONG,81.02999877929688,82.81999969482422,0.022090595365832355,0.001,0.021090595365832354
2024-10-14,2024-10-15,PEG,LONG,87.9800033569336,89.13999938964844,0.013184769134513052,0.001,0.012184769134513052
2024-10-14,2024-10-15,TSLA,LONG,220.15499877929688,219.92869567871094,-0.0010279262421508673,0.001,-0.0020279262421508673
2024-10-15,2024-10-16,UNH,LONG,556.2150268554688,572.5399780273438,0.029350072154949114,0.0005,0.014175036077474557
2024-10-15,2024-10-16,AMD,LONG,158.3699951171875,157.5198974609375,-0.00536779492618511,0.0005,-0.003183897463092555
2024-10-15,2024-10-16,ANET,LONG,97.87750244140625,101.31999969482422,0.03517148647595292,0.0005,0.01708574323797646
2024-10-15,2024-10-16,WYNN,LONG,99.69000244140625,100.88999938964844,0.012037284771333923,0.0005,0.005518642385666961
2024-10-15,2024-10-16,BKR,LONG,36.73500061035156,36.6349983215332,-0.0027222617981985664,0.0005,-0.0018611308990992832
2024-10-15,2024-10-16,PDD,LONG,128.84500122070312,128.77000427246094,-0.0005820710740164214,0.0005,-0.0007910355370082107
2024-10-15,2024-10-16,CF,LONG,85.62999725341797,84.41500091552734,-0.014188910158374757,0.0005,-0.007594455079187379
2024-10-15,2024-10-16,META,LONG,583.1900024414062,576.2000122070312,-0.011985785430327689,0.0005,-0.006492892715163845
2024-10-15,2024-10-16,NFLX,LONG,70.40800476074219,70.40049743652344,-0.00010662600430533242,0.0005,-0.0005533130021526662
2024-10-16,2024-10-17,ASML,LONG,687.6500244140625,696.60498046875,0.013022548879159768,0.0005,0.006011274439579883
2024-10-16,2024-10-17,IBKR,LONG,37.00749969482422,37.38999938964844,0.010335734593756252,0.0005,0.004667867296878125
2024-10-16,2024-10-17,KLAC,LONG,70.17849731445312,67.97700500488281,-0.031369898100068294,0.0005,-0.016184949050034148
2024-10-16,2024-10-17,AMAT,LONG,187.17999267578125,187.50999450683594,0.0017630187197745784,0.0005,0.00038150935988728917
2024-10-16,2024-10-17,META,LONG,576.1428833007812,580.364990234375,0.00732822890982332,0.0005,0.00316411445491166
2024-10-16,2024-10-17,LRCX,LONG,76.08999633789062,74.6500015258789,-0.018924890015990736,0.0005,-0.009962445007995369
2024-10-16,2024-10-17,A,LONG,139.99000549316406,138.48500061035156,-0.010750802369859147,0.0005,-0.005875401184929574
2024-10-16,2024-10-17,CF,LONG,84.38999938964844,84.8499984741211,0.0054508719966774866,0.0005,0.0022254359983387433
2024-10-16,2024-10-17,ABBV,LONG,190.3896026611328,189.14996337890625,-0.006511066071359761,0.0005,-0.0037555330356798806
2024-10-16,2024-10-17,AMD,LONG,157.50999450683594,158.1999969482422,0.004380689895689738,0.0005,0.0016903449478448689
2024-10-17,2024-10-18,CNC,LONG,62.52000045776367,62.125,-0.00631798552257723,0.0005,-0.003658992761288615
2024-10-17,2024-10-18,ELV,LONG,437.3999938964844,432.2749938964844,-0.011716964040957234,0.0005,-0.0063584820204786174
2024-10-17,2024-10-18,CVS,LONG,63.350101470947266,59.279998779296875,-0.06424776909815944,0.0005,-0.03262388454907972
2024-10-17,2024-10-18,ERIE,LONG,499.2850036621094,485.7799987792969,-0.027048689193060582,0.0005,-0.014024344596530292
2024-10-17,2024-10-18,CSX,LONG,33.404998779296875,34.23500061035156,0.024846635575065168,0.0005,0.011923317787532584
2024-10-17,2024-10-18,KLAC,LONG,67.95600128173828,67.8895034790039,-0.0009785420195441707,0.0005,-0.0009892710097720854
2024-10-17,2024-10-18,ABBV,LONG,189.1199951171875,188.9550018310547,-0.0008724264508920276,0.0005,-0.0009362132254460138
2024-10-17,2024-10-18,MTD,LONG,1376.4599609375,1369.199951171875,-0.005274406791084707,0.0005,-0.0031372033955423535
2024-10-17,2024-10-18,TSCO,LONG,60.125,59.694000244140625,-0.00716839510784828,0.0005,-0.00408419755392414
2024-10-17,2024-10-18,HAL,LONG,28.700000762939453,28.329999923706055,-0.012892014961587872,0.0005,-0.0069460074807939365
2024-10-18,2024-10-21,BG,LONG,90.42500305175781,88.8499984741211,-0.017417799551913915,0.0005,-0.009208899775956958
2024-10-18,2024-10-21,CVS,LONG,59.275001525878906,58.305999755859375,-0.016347562126952875,0.0005,-0.008673781063476438
2024-10-18,2024-10-21,EBAY,LONG,64.7699966430664,64.08000183105469,-0.010653000583188743,0.0005,-0.005826500291594372
2024-10-18,2024-10-21,GEN,LONG,27.295000076293945,26.819799423217773,-0.017409805889280427,0.0005,-0.009204902944640214
2024-10-18,2024-10-21,LITE,LONG,66.66000366210938,65.2300033569336,-0.02145214861409639,0.0005,-0.011226074307048195
2024-10-18,2024-10-21,ERIE,LONG,486.114990234375,474.9200134277344,-0.023029482800444145,0.0005,-0.012014741400222073
2024-10-18,2024-10-21,CVNA,LONG,37.959999084472656,37.948997497558594,-0.00028982052632775535,0.0005,-0.0006449102631638777
2024-10-18,2024-10-21,COHR,LONG,99.4000015258789,97.26000213623047,-0.021529168579452085,0.0005,-0.011264584289726043
2024-10-18,2024-10-21,SLB,LONG,42.349998474121094,42.77000045776367,0.009917402568484945,0.0005,0.004458701284242472
2024-10-18,2024-10-21,CNC,LONG,62.130001068115234,61.27000045776367,-0.013841953896133297,0.0005,-0.007420976948066649
2024-10-21,2024-10-22,GEN,LONG,26.815000534057617,27.229999542236328,0.015476375159926725,0.001,0.014476375159926724
2024-10-21,2024-10-22,BLDR,LONG,185.1649932861328,180.5850067138672,-0.02473462446105157,0.001,-0.02573462446105157
2024-10-21,2024-10-22,HD,LONG,405.3399963378906,402.0799865722656,-0.008042655042872826,0.001,-0.009042655042872827
2024-10-21,2024-10-22,MPWR,LONG,869.709716796875,881.6199951171875,0.013694544386807506,0.001,0.012694544386807505
2024-10-21,2024-10-22,COHR,LONG,97.2300033569336,97.51000213623047,0.0028797569642056153,0.001,0.0018797569642056153
2024-10-21,2024-10-22,BBY,LONG,93.0999984741211,93.45500183105469,0.003813140308829066,0.001,0.002813140308829066
2024-10-21,2024-10-22,HLT,LONG,236.72000122070312,238.39999389648438,0.007096961250075973,0.001,0.006096961250075973
2024-10-21,2024-10-22,TSCO,LONG,58.59199905395508,58.302001953125,-0.004949431757107825,0.001,-0.005949431757107825
2024-10-21,2024-10-22,EBAY,LONG,64.06999969482422,63.290000915527344,-0.012174165491058764,0.001,-0.013174165491058765
2024-10-21,2024-10-22,BG,LONG,88.85859680175781,89.4000015258789,0.0060928795142800585,0.001,0.0050928795142800585
2024-10-22,2024-10-23,GPC,LONG,114.58999633789062,116.2300033569336,0.014311956291604089,0.0005,0.006655978145802044
2024-10-22,2024-10-23,GE,LONG,178.10000610351562,181.75999450683594,0.020550186849477514,0.0005,0.009775093424738757
2024-10-22,2024-10-23,LMT,LONG,576.9539794921875,571.0999755859375,-0.010146396617980669,0.0005,-0.005573198308990335
2024-10-22,2024-10-23,NTAP,LONG,119.75499725341797,119.01000213623047,-0.006220993981662315,0.0005,-0.0036104969908311575
2024-10-22,2024-10-23,HWM,LONG,102.33000183105469,102.83000183105469,0.004886152555977574,0.0005,0.0019430762779887871
2024-10-22,2024-10-23,VLTO,LONG,111.87999725341797,110.91999816894531,-0.008580614122631558,0.0005,-0.0047903070613157794
2024-10-22,2024-10-23,BLDR,LONG,180.75,179.25,-0.008298755186721962,0.0005,-0.0046493775933609816
2024-10-22,2024-10-23,VZ,LONG,41.64500045776367,42.869998931884766,0.029415258990415527,0.0005,0.014207629495207763
2024-10-22,2024-10-23,TT,LONG,393.6099853515625,395.739990234375,0.005411460486476338,0.0005,0.002205730243238169
2024-10-22,2024-10-23,DECK,LONG,154.89500427246094,150.94000244140625,-0.025533436986113656,0.0005,-0.013266718493056828
2024-10-24,2024-10-25,STX,LONG,104.52999877929688,104.80000305175781,0.002583031432259242,0.001,0.0015830314322592418
2024-10-24,2024-10-25,TKO,LONG,119.0,116.2300033569336,-0.02327728271484375,0.001,-0.02427728271484375
2024-10-24,2024-10-25,MAR,LONG,259.1600036621094,264.8299865722656,0.021878310040266635,0.001,0.020878310040266634
2024-10-24,2024-10-25,ABNB,LONG,133.55999755859375,134.64010620117188,0.008087066953593514,0.001,0.0070870669535935136
2024-10-24,2024-10-25,BNY,LONG,10.6899995803833,10.720000267028809,0.0028064254277953005,0.001,0.0018064254277953004
2024-10-24,2024-10-25,VRT,LONG,109.51000213623047,114.16500091552734,0.04250752158242177,0.001,0.04150752158242177
2024-10-24,2024-10-25,MCD,LONG,299.1199951171875,297.4200134277344,-0.005683276668907111,0.001,-0.006683276668907111
2024-10-24,2024-10-25,RL,LONG,199.11000061035156,201.27499389648438,0.01087335281751911,0.001,0.00987335281751911
2024-10-24,2024-10-25,PWR,LONG,308.8299865722656,309.7699890136719,0.0030437537877698873,0.001,0.0020437537877698872
2024-10-24,2024-10-25,NUE,LONG,142.3300018310547,144.27000427246094,0.013630312769257413,0.001,0.012630312769257412
2024-10-25,2024-10-28,FIX,LONG,365.57000732421875,384.3599853515625,0.0513991236996616,0.0005,0.0251995618498308
2024-10-25,2024-10-28,PFG,LONG,82.87000274658203,84.56999969482422,0.02051402065764152,0.0005,0.009757010328820759
2024-10-25,2024-10-28,EME,LONG,431.04998779296875,433.0,0.004523865589268539,0.0005,0.0017619327946342693
2024-10-25,2024-10-28,HIG,LONG,112.67500305175781,113.62000274658203,0.008386950692072626,0.0005,0.0036934753460363128
2024-10-25,2024-10-28,VLTO,LONG,105.80000305175781,104.48609924316406,-0.012418750195602346,0.0005,-0.0067093750978011735
2024-10-25,2024-10-28,TKO,LONG,116.18000030517578,114.61000061035156,-0.013513510851267174,0.0005,-0.0072567554256335876
2024-10-25,2024-10-28,NEM,LONG,47.880001068115234,48.59000015258789,0.014828719060857809,0.0005,0.006914359530428904
2024-10-25,2024-10-28,CARR,LONG,73.56500244140625,75.04000091552734,0.02005027424957828,0.0005,0.00952513712478914
2024-10-25,2024-10-28,IBM,LONG,217.1199951171875,213.43499755859375,-0.01697217041942556,0.0005,-0.00898608520971278
2024-10-25,2024-10-28,APD,LONG,320.2300109863281,315.75,-0.013989978554881266,0.0005,-0.0074949892774406335
2024-10-28,2024-10-29,GEHC,LONG,85.55999755859375,85.87999725341797,0.003740061991061694,0.001,0.002740061991061694
2024-10-28,2024-10-29,EW,LONG,68.66000366210938,70.80999755859375,0.03131362921366798,0.001,0.03031362921366798
2024-10-28,2024-10-29,VRSN,LONG,181.25,179.98500061035156,-0.006979306977370703,0.001,-0.007979306977370704
2024-10-28,2024-10-29,CPAY,LONG,336.9599914550781,334.67999267578125,-0.006766378315274935,0.001,-0.007766378315274935
2024-10-28,2024-10-29,APD,LONG,315.8500061035156,315.9100036621094,0.00018995585700287698,0.001,-0.000810044142997123
2024-10-28,2024-10-29,HAS,LONG,65.30000305175781,66.12000274658203,0.012557421998499407,0.001,0.011557421998499406
2024-10-28,2024-10-29,HON,LONG,194.15646362304688,194.91989135742188,0.003932023277150254,0.001,0.002932023277150254
2024-10-28,2024-10-29,MSI,LONG,459.69500732421875,460.260009765625,0.0012290810916024686,0.001,0.00022908109160246857
2024-10-28,2024-10-29,VLTO,LONG,104.47000122070312,103.29499816894531,-0.011247277094172725,0.001,-0.012247277094172726
2024-10-28,2024-10-29,PEP,LONG,170.38999938964844,167.47500610351562,-0.017107772149624778,0.001,-0.01810777214962478
2024-10-29,2024-10-30,F,LONG,10.354999542236328,10.475000381469727,0.01158868609737107,0.0005,0.005294343048685535
2024-10-29,2024-10-30,SWK,LONG,94.80999755859375,94.9800033569336,0.0017931210074630943,0.0005,0.00039656050373154715
2024-10-29,2024-10-30,DHI,LONG,164.5800018310547,170.625,0.03672984628564202,0.0005,0.01786492314282101
2024-10-29,2024-10-30,RTX,LONG,123.72000122070312,122.16000366210938,-0.01260909750405581,0.0005,-0.006804548752027906
2024-10-29,2024-10-30,WY,LONG,30.665000915527344,31.645000457763672,0.031958242718985286,0.0005,0.015479121359492642
2024-10-29,2024-10-30,PEP,LONG,167.4600067138672,167.02000427246094,-0.0026275076063866365,0.0005,-0.0018137538031933183
2024-10-29,2024-10-30,KDP,LONG,33.00189971923828,32.939998626708984,-0.001875682704811421,0.0005,-0.0014378413524057105
2024-10-29,2024-10-30,ORLY,LONG,78.90267181396484,77.90699768066406,-0.012619016700072705,0.0005,-0.006809508350036353
2024-10-29,2024-10-30,NOC,LONG,506.80999755859375,507.5,0.001361461780016393,0.0005,0.00018073089000819652
2024-10-29,2024-10-30,WMB,LONG,51.584999084472656,52.44499969482422,0.016671525164578815,0.0005,0.007835762582289407
2024-10-30,2024-10-31,CDW,LONG,198.25,189.5,-0.04413619167717531,0.0005,-0.022568095838587654
2024-10-30,2024-10-31,SMCI,LONG,32.720001220703125,28.79990005493164,-0.11980748837170263,0.0005,-0.060403744185851316
2024-10-30,2024-10-31,DVA,LONG,139.89500427246094,140.1750030517578,0.002001492338865374,0.0005,0.0005007461694326869
2024-10-30,2024-10-31,CMG,LONG,56.09000015258789,56.435001373291016,0.006150850771342142,0.0005,0.002575425385671071
2024-10-30,2024-10-31,LLY,LONG,823.3099975585938,839.0800170898438,0.01915441277041907,0.0005,0.009077206385209535
2024-10-30,2024-10-31,BF-B,LONG,45.7400016784668,44.57500076293945,-0.02547006717920164,0.0005,-0.01323503358960082
2024-10-30,2024-10-31,SWKS,LONG,90.03500366210938,87.05000305175781,-0.0331537789630566,0.0005,-0.0170768894815283
2024-10-30,2024-10-31,KHC,LONG,33.400001525878906,33.73500061035156,0.010029912250545614,0.0005,0.0045149561252728065
2024-10-30,2024-10-31,CAH,LONG,107.00499725341797,108.88999938964844,0.01761601966837345,0.0005,0.008308009834186725
2024-10-30,2024-10-31,RTX,LONG,122.1500015258789,121.33000183105469,-0.006713055133695578,0.0005,-0.003856527566847789
2024-10-31,2024-11-01,APTV,LONG,54.84000015258789,56.58000183105469,0.0317286957262104,0.0005,0.015364347863105199
2024-10-31,2024-11-01,HII,LONG,190.3267059326172,188.11000061035156,-0.01164684331294219,0.0005,-0.0063234216564710954
2024-10-31,2024-11-01,ICE,LONG,155.88499450683594,155.27999877929688,-0.0038810388995621503,0.0005,-0.002440519449781075
2024-10-31,2024-11-01,EL,LONG,69.375,66.87999725341797,-0.0359640035543356,0.0005,-0.0184820017771678
2024-10-31,2024-11-01,IDXX,LONG,410.2749938964844,417.8800048828125,0.018536374625471197,0.0005,0.008768187312735598
2024-10-31,2024-11-01,MGM,LONG,36.61000061035156,36.6150016784668,0.0001366038795918012,0.0005,-0.0004316980602040994
2024-10-31,2024-11-01,HOOD,LONG,23.68000030517578,23.959999084472656,0.011824272621976162,0.0005,0.0054121363109880805
2024-10-31,2024-11-01,MPWR,LONG,746.5499877929688,765.1701049804688,0.02494155447319324,0.0005,0.01197077723659662
2024-10-31,2024-11-01,COIN,LONG,184.02000427246094,180.8249969482422,-0.01736228263253492,0.0005,-0.00918114131626746
2024-10-31,2024-11-01,REGN,LONG,824.864990234375,841.0800170898438,0.01965779496940634,0.0005,0.00932889748470317
2024-11-01,2024-11-04,PPL,LONG,31.600000381469727,32.04999923706055,0.01424046994172512,0.001,0.01324046994172512
2024-11-01,2024-11-04,IRM,LONG,122.02999877929688,122.3499984741211,0.002622303515736002,0.001,0.001622303515736002
2024-11-01,2024-11-04,OKE,LONG,93.02999877929688,95.68000030517578,0.028485451581760524,0.001,0.027485451581760523
2024-11-01,2024-11-04,ARES,LONG,162.27999877929688,159.77499389648438,-0.015436313172637717,0.001,-0.016436313172637718
2024-11-01,2024-11-04,ACGL,LONG,96.13999938964844,94.98999786376953,-0.011961738435404379,0.001,-0.01296173843540438
2024-11-01,2024-11-04,EXC,LONG,38.23500061035156,37.970001220703125,-0.006930806470987538,0.001,-0.00793080647098754
2024-11-01,2024-11-04,AVB,LONG,217.1999969482422,218.5,0.0059852811695371155,0.001,0.0049852811695371155
2024-11-01,2024-11-04,CMS,LONG,68.27999877929688,68.4000015258789,0.0017575095009876307,0.001,0.0007575095009876307
2024-11-01,2024-11-04,UDR,LONG,41.29999923706055,42.06999969482422,0.01864407922489053,0.001,0.01764407922489053
2024-11-01,2024-11-04,AMCR,LONG,51.474998474121094,51.10000228881836,-0.007285015957625762,0.001,-0.008285015957625763
2024-11-05,2024-11-06,CASY,LONG,377.6000061035156,410.4750061035156,0.08706302825373258,0.001,0.08606302825373258
2024-11-05,2024-11-06,CEG,LONG,230.35000610351562,238.07000732421875,0.03351422190644038,0.001,0.03251422190644038
2024-11-05,2024-11-06,PEG,LONG,82.19000244140625,82.95999908447266,0.009368495196424131,0.001,0.00836849519642413
2024-11-05,2024-11-06,JCI,LONG,74.02999877929688,79.51499938964844,0.07409159395914355,0.001,0.07309159395914355
2024-11-05,2024-11-06,FDX,LONG,218.48509216308594,220.53585815429688,0.009386297119439835,0.001,0.008386297119439834
2024-11-05,2024-11-06,CINF,LONG,138.17999267578125,149.02000427246094,0.07844848871944987,0.001,0.07744848871944987
2024-11-05,2024-11-06,ARES,LONG,160.7899932861328,175.2949981689453,0.0902108681415279,0.001,0.0892108681415279
2024-11-05,2024-11-06,L,LONG,76.7300033569336,82.98999786376953,0.08158470263210615,0.001,0.08058470263210615
2024-11-05,2024-11-06,FER,LONG,39.52000045776367,38.65999984741211,-0.021761148795296004,0.001,-0.022761148795296005
2024-11-05,2024-11-06,MSTR,LONG,233.44000244140625,245.4499969482422,0.05144788545763679,0.001,0.05044788545763679
2024-11-06,2024-11-07,IFF,LONG,89.61000061035156,89.94999694824219,0.003794178502118495,0.0005,0.0013970892510592474
2024-11-06,2024-11-07,CBOE,LONG,199.7899932861328,203.3300018310547,0.01771864789970734,0.0005,0.00835932394985367
2024-11-06,2024-11-07,STZ,LONG,226.02499389648438,232.8249969482422,0.030085181884230483,0.0005,0.014542590942115241
2024-11-06,2024-11-07,BA,LONG,144.89999389648438,150.46499633789062,0.038405815568093526,0.0005,0.018702907784046763
2024-11-06,2024-11-07,AES,LONG,14.0649995803833,14.03499984741211,-0.0021329352197800855,0.0005,-0.0015664676098900428
2024-11-06,2024-11-07,COO,LONG,101.58999633789062,103.87460327148438,0.022488502962389134,0.0005,0.010744251481194567
2024-11-06,2024-11-07,MDLZ,LONG,66.68000030517578,66.22000122070312,-0.006898606514207706,0.0005,-0.003949303257103853
2024-11-06,2024-11-07,CME,LONG,217.50999450683594,221.60000610351562,0.01880378695219509,0.0005,0.008901893476097544
2024-11-06,2024-11-07,FIS,LONG,85.2750015258789,86.30000305175781,0.012019953181329868,0.0005,0.005509976590664933
2024-11-06,2024-11-07,ES,LONG,60.30500030517578,61.334999084472656,0.01707982379710682,0.0005,0.008039911898553409
2024-11-07,2024-11-08,MELI,LONG,1793.0,1836.6700439453125,0.02435585273023566,0.0005,0.01167792636511783
2024-11-07,2024-11-08,CTVA,LONG,58.32500076293945,58.77000045776367,0.00762965604806265,0.0005,0.003314828024031325
2024-11-07,2024-11-08,STE,LONG,214.9499969482422,218.00999450683594,0.014235857650793937,0.0005,0.006617928825396968
2024-11-07,2024-11-08,BDX,LONG,181.43081665039062,182.0833282470703,0.0035964761043711935,0.0005,0.0012982380521855967
2024-11-07,2024-11-08,HSIC,LONG,68.52999877929688,68.66500091552734,0.0019699713794720797,0.0005,0.00048498568973603983
2024-11-07,2024-11-08,MDLZ,LONG,66.22000122070312,65.86499786376953,-0.0053609687464427624,0.0005,-0.0031804843732213812
2024-11-07,2024-11-08,IRM,LONG,115.3499984741211,119.30000305175781,0.0342436465529985,0.0005,0.016621823276499248
2024-11-07,2024-11-08,IFF,LONG,89.94499969482422,91.97010040283203,0.02251487814640951,0.0005,0.010757439073204755
2024-11-08,2024-11-11,AKAM,LONG,90.63999938964844,90.36000061035156,-0.0030891304190460156,0.0005,-0.002044565209523008
2024-11-08,2024-11-11,BAX,LONG,34.470001220703125,34.189998626708984,-0.008123080478046774,0.0005,-0.004561540239023387
2024-11-08,2024-11-11,PFE,LONG,26.812000274658203,26.406200408935547,-0.0151350090096114,0.0005,-0.0080675045048057
2024-11-08,2024-11-11,APA,LONG,21.25,22.15999984741211,0.04282352223115815,0.0005,0.020911761115579075
2024-11-08,2024-11-11,MRNA,LONG,47.470001220703125,43.34000015258789,-0.08700233751656228,0.0005,-0.04400116875828114
2024-11-08,2024-11-11,CTVA,LONG,58.77000045776367,58.5,-0.0045941884577270775,0.0005,-0.0027970942288635388
2024-11-08,2024-11-11,CBOE,LONG,198.1649932861328,200.94000244140625,0.01400352862155918,0.0005,0.00650176431077959
2024-11-11,2024-11-12,MRNA,LONG,43.34000015258789,43.54399871826172,0.0047069350474298055,0.001,0.0037069350474298055
2024-11-11,2024-11-12,ABBV,LONG,174.74000549316406,172.50999450683594,-0.012761880028757111,0.001,-0.013761880028757112
2024-11-11,2024-11-12,MCHP,LONG,69.08499908447266,66.75,-0.03379893052640226,0.001,-0.03479893052640226
2024-11-11,2024-11-12,MPWR,LONG,611.8800048828125,645.135009765625,0.054348899485907376,0.001,0.053348899485907375
2024-11-11,2024-11-12,JKHY,LONG,177.41000366210938,176.57000732421875,-0.0047347743675743015,0.001,-0.0057347743675743015
2024-11-11,2024-11-12,PFE,LONG,26.405000686645508,26.155000686645508,-0.009467903559890467,0.001,-0.010467903559890468
2024-11-11,2024-11-12,BAX,LONG,34.189998626708984,33.75090026855469,-0.012842889025777127,0.001,-0.013842889025777128
2024-11-11,2024-11-12,AKAM,LONG,90.31999969482422,90.37999725341797,0.0006642776660370497,0.001,-0.0003357223339629503
2024-11-11,2024-11-12,CAG,LONG,27.89389991760254,27.604999542236328,-0.010357116653447962,0.001,-0.011357116653447963
2024-11-12,2024-11-13,AMGN,LONG,302.6600036621094,302.79998779296875,0.00046251281690867785,0.001,-0.0005374871830913222
2024-11-12,2024-11-13,MOS,LONG,25.709999084472656,26.15999984741211,0.01750294745094827,0.001,0.01650294745094827
2024-11-12,2024-11-13,SATS,LONG,22.827499389648438,22.049999237060547,-0.03405980389338936,0.001,-0.03505980389338936
2024-11-12,2024-11-13,MCHP,LONG,66.76000213623047,66.5250015258789,-0.003520080929176994,0.001,-0.004520080929176994
2024-11-12,2024-11-13,DG,LONG,74.1500015258789,76.32499694824219,0.029332371916461764,0.001,0.028332371916461763
2024-11-12,2024-11-13,ABBV,LONG,172.4949951171875,170.6750030517578,-0.010550984764475357,0.001,-0.011550984764475358
2024-11-12,2024-11-13,SOLV,LONG,70.1500015258789,70.5,0.004989286764191636,0.001,0.003989286764191636
2024-11-12,2024-11-13,WDC,LONG,47.8382453918457,47.36961364746094,-0.009796173345117065,0.001,-0.010796173345117066
2024-11-12,2024-11-13,BAX,LONG,33.75699996948242,32.93000030517578,-0.024498612585664548,0.001,-0.02549861258566455
2024-11-12,2024-11-13,DOW,LONG,45.1088981628418,44.92499923706055,-0.004076777160847089,0.001,-0.005076777160847089
2024-11-13,2024-11-14,SATS,LONG,22.040000915527344,21.989999771118164,-0.002268654370787826,0.001,-0.003268654370787826
2024-11-13,2024-11-14,RMD,LONG,236.41000366210938,231.5,-0.02076901817203569,0.001,-0.021769018172035692
2024-11-13,2024-11-14,BAX,LONG,32.92499923706055,31.700000762939453,-0.03720572520901466,0.001,-0.03820572520901466
2024-11-13,2024-11-14,BA,LONG,140.67010498046875,138.1300048828125,-0.01805714226209565,0.001,-0.01905714226209565
2024-11-13,2024-11-14,AMGN,LONG,302.8800048828125,295.9200134277344,-0.022979369198607325,0.001,-0.023979369198607325
2024-11-15,2024-11-18,LDOS,LONG,167.8000030517578,158.86500549316406,-0.05324789866563806,0.001,-0.05424789866563806
2024-11-15,2024-11-18,BAX,LONG,31.75,32.275001525878906,0.016535481130044216,0.001,0.015535481130044215
2024-11-15,2024-11-18,RMD,LONG,233.1699981689453,238.06500244140625,0.020993285203503076,0.001,0.019993285203503075
2024-11-15,2024-11-18,SOLV,LONG,67.73999786376953,66.4395980834961,-0.019196926797792946,0.001,-0.020196926797792947
2024-11-15,2024-11-18,COO,LONG,100.4000015258789,99.16000366210938,-0.01235057614466184,0.001,-0.013350576144661841
2024-11-15,2024-11-18,AMGN,LONG,291.0,276.7900085449219,-0.048831585756282214,0.001,-0.049831585756282215
2024-11-15,2024-11-18,DOC,LONG,21.219999313354492,20.68000030517578,-0.025447644941198,0.001,-0.026447644941198
2024-11-15,2024-11-18,MKC,LONG,74.69999694824219,74.08000183105469,-0.008299801104638349,0.001,-0.00929980110463835
2024-11-18,2024-11-19,WST,LONG,310.45001220703125,306.19500732421875,-0.013705925963935717,0.0005,-0.007352962981967859
2024-11-18,2024-11-19,ULTA,LONG,356.07000732421875,347.510009765625,-0.02404020946026908,0.0005,-0.01252010473013454
2024-11-18,2024-11-19,TECH,LONG,66.66500091552734,67.08999633789062,0.00637509062516628,0.0005,0.00268754531258314
2024-11-18,2024-11-19,HRL,LONG,29.309999465942383,29.43000030517578,0.004094194521321537,0.0005,0.0015470972606607685
2024-11-18,2024-11-19,AMGN,LONG,276.6199951171875,280.44000244140625,0.013809584960047694,0.0005,0.0064047924800238465
2024-11-18,2024-11-19,LDOS,LONG,158.7801055908203,159.4199981689453,0.004030055123996457,0.0005,0.0015150275619982283
2024-11-18,2024-11-19,ALNY,LONG,234.94000244140625,233.57000732421875,-0.005831255226658061,0.0005,-0.0034156276133290304
2024-11-18,2024-11-19,RVTY,LONG,109.90499877929688,109.45500183105469,-0.004094417480917656,0.0005,-0.002547208740458828
2024-11-18,2024-11-19,INCY,LONG,75.72000122070312,67.79000091552734,-0.10472794740272118,0.0005,-0.05286397370136059
2024-11-18,2024-11-19,TEL,LONG,148.07000732421875,147.08999633789062,-0.006618565123605813,0.0005,-0.0038092825618029065
2024-11-19,2024-11-20,INCY,LONG,67.81999969482422,70.87000274658203,0.044972029865558705,0.0005,0.021986014932779352
2024-11-19,2024-11-20,J,LONG,132.93067932128906,131.42079162597656,-0.011358459183550496,0.0005,-0.006179229591775248
2024-11-19,2024-11-20,ULTA,LONG,347.0299987792969,341.6199951171875,-0.01558944091617287,0.0005,-0.008294720458086435
2024-11-19,2024-11-20,WST,LONG,306.19500732421875,304.2650146484375,-0.006303148743825426,0.0005,-0.003651574371912713
2024-11-19,2024-11-20,LULU,LONG,306.8949890136719,305.5,-0.004545492965379538,0.0005,-0.002772746482689769
2024-11-19,2024-11-20,IEX,LONG,222.9499969482422,220.77999877929688,-0.009733115939216996,0.0005,-0.005366557969608499
2024-11-19,2024-11-20,STE,LONG,213.06500244140625,209.5850067138672,-0.0163330236672542,0.0005,-0.0086665118336271
2024-11-19,2024-11-20,ZBRA,LONG,380.489990234375,385.5,0.013167257731376614,0.0005,0.006083628865688306
2024-11-19,2024-11-20,EFX,LONG,242.3800048828125,243.57000732421875,0.004909655984129513,0.0005,0.0019548279920647564
2024-11-20,2024-11-21,TGT,LONG,121.76000213623047,121.97779846191406,0.0017887345750857708,0.0005,0.0003943672875428854
2024-11-20,2024-11-21,ZBH,LONG,109.23999786376953,108.76000213623047,-0.004393955848824294,0.0005,-0.002696977924412147
2024-11-20,2024-11-21,MDT,LONG,83.79000091552734,85.00499725341797,0.014500493192684427,0.0005,0.006750246596342213
2024-11-20,2024-11-21,STE,LONG,209.8000030517578,214.47500610351562,0.02228314100931872,0.0005,0.010641570504659359
2024-11-20,2024-11-21,IEX,LONG,220.88999938964844,227.90499877929688,0.031757885866412705,0.0005,0.015378942933206352
2024-11-20,2024-11-21,ULTA,LONG,341.44000244140625,335.2632141113281,-0.018090406179452012,0.0005,-0.009545203089726007
2024-11-20,2024-11-21,AME,LONG,191.97000122070312,195.4499969482422,0.01812781010267428,0.0005,0.00856390505133714
2024-11-20,2024-11-21,J,LONG,131.45050048828125,134.00991821289062,0.019470581816746657,0.0005,0.009235290908373328
2024-11-21,2024-11-22,ZBH,LONG,108.76000213623047,110.23500061035156,0.013561957016822612,0.0005,0.006280978508411306
2024-11-21,2024-11-22,TGT,LONG,121.9749984741211,124.86000061035156,0.023652405593942882,0.0005,0.01132620279697144
2024-11-21,2024-11-22,GOOGL,LONG,166.5749969482422,165.01499938964844,-0.009365136348034708,0.0005,-0.005182568174017355
2024-11-21,2024-11-22,GOOG,LONG,168.1999969482422,166.8300018310547,-0.00814503651631493,0.0005,-0.004572518258157465
2024-11-21,2024-11-22,PDD,LONG,105.19000244140625,99.34500122070312,-0.05556612876740785,0.0005,-0.028283064383703926
2024-11-22,2024-11-25,PDD,LONG,99.34500122070312,99.9000015258789,0.005586595182004217,0.001,0.004586595182004217
2024-11-25,2024-11-26,CLX,LONG,166.5,167.36000061035156,0.005165168830940425,0.001,0.004165168830940425
2024-11-25,2024-11-26,OKE,LONG,110.44999694824219,113.42500305175781,0.02693532083038197,0.001,0.02593532083038197
2024-11-25,2024-11-26,COP,LONG,106.7300033569336,106.79000091552734,0.0005621433215279303,0.001,-0.0004378566784720697
2024-11-25,2024-11-26,TRGP,LONG,200.75999450683594,203.41000366210938,0.013199886569947195,0.001,0.012199886569947194
2024-11-25,2024-11-26,EA,LONG,164.4250030517578,165.0,0.003497016497309602,0.001,0.002497016497309602
2024-11-25,2024-11-26,KMI,LONG,27.7549991607666,28.09000015258789,0.012069933415628897,0.001,0.011069933415628896
2024-11-25,2024-11-26,NVDA,LONG,136.72999572753906,136.82000732421875,0.0006583163862525776,0.001,-0.0003416836137474224
2024-11-25,2024-11-26,WMB,LONG,57.810001373291016,58.36000061035156,0.009513911503116645,0.001,0.008513911503116645
2024-11-25,2024-11-26,EOG,LONG,132.44000244140625,132.5399932861328,0.0007549897529699479,0.001,-0.00024501024703005216
2024-11-27,2024-11-29,SRE,LONG,93.77999877929688,94.07499694824219,0.0031456405713927715,0.001,0.0021456405713927715
2024-11-27,2024-11-29,XOM,LONG,118.04499816894531,118.1449966430664,0.0008471216542185189,0.001,-0.0001528783457814811
2024-11-27,2024-11-29,FANG,LONG,176.52000427246094,176.9499969482422,0.0024359430397336013,0.001,0.0014359430397336012
2024-11-27,2024-11-29,MSTR,LONG,384.2900085449219,404.77459716796875,0.053305025287047725,0.001,0.052305025287047724
2024-11-27,2024-11-29,GM,LONG,55.20000076293945,55.75,0.009963754156862459,0.001,0.008963754156862458
2024-11-29,2024-12-02,ADSK,LONG,290.03070068359375,296.8450012207031,0.023495100763637256,0.001,0.022495100763637255
2024-11-29,2024-12-02,VLO,LONG,136.97500610351562,138.9199981689453,0.014199612913028847,0.001,0.013199612913028846
2024-11-29,2024-12-02,AIZ,LONG,227.41000366210938,226.60000610351562,-0.0035618378503580184,0.001,-0.004561837850358018
2024-11-29,2024-12-02,WDAY,LONG,248.89039611816406,251.64999389648438,0.011087602500379878,0.001,0.010087602500379877
2024-11-29,2024-12-02,DELL,LONG,125.86000061035156,126.22000122070312,0.002860325827155341,0.001,0.001860325827155341
2024-11-29,2024-12-02,MPC,LONG,154.55499267578125,156.34500122070312,0.011581693440838148,0.001,0.010581693440838147
2024-11-29,2024-12-02,CRWD,LONG,347.79998779296875,351.1874084472656,0.009739565190304944,0.001,0.008739565190304943
2024-11-29,2024-12-02,HPQ,LONG,34.8849983215332,36.26499938964844,0.03955858204136442,0.001,0.03855858204136442
2024-11-29,2024-12-02,CHD,LONG,110.43499755859375,111.30000305175781,0.007832711661039493,0.001,0.006832711661039493
2024-11-29,2024-12-02,IBKR,LONG,47.58250045776367,46.98374938964844,-0.01258343009205054,0.001,-0.013583430092050541
2024-12-02,2024-12-03,WELL,LONG,133.5500030517578,133.60890197753906,0.0004410252672057968,0.001,-0.0005589747327942032
2024-12-02,2024-12-03,ESS,LONG,302.94000244140625,303.57501220703125,0.0020961568644202178,0.001,0.0010961568644202177
2024-12-02,2024-12-03,VTR,LONG,61.75,62.970001220703125,0.01975710478871462,0.001,0.018757104788714618
2024-12-02,2024-12-03,PCG,LONG,20.645000457763672,20.989999771118164,0.01671103442503208,0.001,0.015711034425032078
2024-12-02,2024-12-03,EVRG,LONG,63.7400016784668,63.584999084472656,-0.0024317946330789653,0.001,-0.0034317946330789653
2024-12-02,2024-12-03,KIM,LONG,25.200000762939453,25.2450008392334,0.001785717259188635,0.001,0.000785717259188635
2024-12-02,2024-12-03,INVH,LONG,33.793800354003906,33.775001525878906,-0.0005562803806637984,0.001,-0.0015562803806637984
2024-12-02,2024-12-03,AFL,LONG,111.81999969482422,107.25,-0.0408692515408382,0.001,-0.041869251540838204
2024-12-02,2024-12-03,XEL,LONG,71.44000244140625,71.5250015258789,0.0011897967744662896,0.001,0.0001897967744662896
2024-12-02,2024-12-03,WFC,LONG,75.11000061035156,74.34500122070312,-0.010185053700332514,0.001,-0.011185053700332515
2024-12-03,2024-12-04,AFL,LONG,107.25,107.0,-0.002331002331002363,0.001,-0.003331002331002363
2024-12-03,2024-12-04,FDX,LONG,228.69459533691406,228.2755889892578,-0.0018321655001901638,0.001,-0.002832165500190164
2024-12-03,2024-12-04,KVUE,LONG,23.479999542236328,23.15999984741211,-0.013628607370651635,0.001,-0.014628607370651636
2024-12-03,2024-12-04,BRK-B,LONG,471.17999267578125,468.25,-0.006218414876111633,0.001,-0.007218414876111633
2024-12-03,2024-12-04,AEE,LONG,92.47000122070312,92.41999816894531,-0.0005407489034034985,0.001,-0.0015407489034034985
2024-12-03,2024-12-04,ATO,LONG,147.3300018310547,143.9600067138672,-0.022873787248383515,0.001,-0.023873787248383516
2024-12-03,2024-12-04,NI,LONG,37.22999954223633,37.2599983215332,0.000805768994513123,0.001,-0.00019423100548687702
2024-12-03,2024-12-04,LYV,LONG,136.35000610351562,136.72000122070312,0.002713568761460783,0.001,0.0017135687614607828
2024-12-03,2024-12-04,NTRS,LONG,109.56999969482422,108.76000213623047,-0.0073925121917474135,0.001,-0.008392512191747414
2024-12-03,2024-12-04,WFC,LONG,74.33999633789062,73.05999755859375,-0.01721817113736479,0.001,-0.01821817113736479
2024-12-05,2024-12-06,PSX,LONG,130.9199981689453,128.3249969482422,-0.019821274495852137,0.001,-0.020821274495852138
2024-12-05,2024-12-06,ATO,LONG,143.58999633789062,142.48500061035156,-0.007695492413961946,0.001,-0.008695492413961947
2024-12-05,2024-12-06,HAL,LONG,30.6299991607666,28.860000610351562,-0.057786438097007786,0.001,-0.05878643809700779
2024-12-05,2024-12-06,ALB,LONG,102.0,104.36000061035156,0.023137260885799593,0.001,0.022137260885799592
2024-12-05,2024-12-06,NTRS,LONG,108.7699966430664,107.96499633789062,-0.007400940792684052,0.001,-0.008400940792684053
2024-12-05,2024-12-06,CVX,LONG,159.2899932861328,155.4464111328125,-0.02412946396711868,0.001,-0.02512946396711868
2024-12-05,2024-12-06,TPL,LONG,466.9466552734375,432.586669921875,-0.07358439120083593,0.001,-0.07458439120083593
2024-12-05,2024-12-06,KVUE,LONG,23.389999389648438,23.184999465942383,-0.008764426210151166,0.001,-0.009764426210151167
2024-12-05,2024-12-06,PWR,LONG,333.4800109863281,334.7200012207031,0.0037183345133866563,0.001,0.0027183345133866563
2024-12-05,2024-12-06,BRK-B,LONG,468.7799987792969,469.32501220703125,0.0011626209077895133,0.001,0.0001626209077895133
2024-12-06,2024-12-09,UNH,LONG,561.844970703125,552.2899780273438,-0.01700645760666608,0.0005,-0.009003228803333041
2024-12-06,2024-12-09,HAL,LONG,28.854999542236328,29.235000610351562,0.013169331975175114,0.0005,0.006084665987587556
2024-12-06,2024-12-09,SLB,LONG,40.994998931884766,41.439998626708984,0.01085497515352074,0.0005,0.00492748757676037
2024-12-06,2024-12-09,OXY,LONG,47.38999938964844,48.64970016479492,0.026581573989672647,0.0005,0.012790786994836323
2024-12-06,2024-12-09,DVN,LONG,34.880001068115234,35.46500015258789,0.016771762229314202,0.0005,0.0078858811146571
2024-12-06,2024-12-09,APA,LONG,21.045000076293945,22.53499984741211,0.07080065410864833,0.0005,0.034900327054324165
2024-12-06,2024-12-09,CVX,LONG,155.4499969482422,159.03709411621094,0.023075569240204485,0.0005,0.011037784620102242
2024-12-06,2024-12-09,CI,LONG,318.54998779296875,315.9549865722656,-0.008146292011129042,0.0005,-0.004573146005564521
2024-12-06,2024-12-09,NTRS,LONG,107.96499633789062,108.77999877929688,0.007548765517071843,0.0005,0.0032743827585359213
2024-12-06,2024-12-09,BRO,LONG,109.37000274658203,105.94999694824219,-0.03127005314486675,0.0005,-0.016135026572433375
2024-12-09,2024-12-10,CTAS,LONG,211.1300048828125,209.4199981689453,-0.008099306940367534,0.0005,-0.004549653470183768
2024-12-09,2024-12-10,CMCSA,LONG,37.36176300048828,37.099342346191406,-0.007023776000437798,0.0005,-0.0040118880002188995
2024-12-09,2024-12-10,BRO,LONG,105.91999816894531,103.19129943847656,-0.025761884229986487,0.0005,-0.013380942114993244
2024-12-09,2024-12-10,CRH,LONG,100.03500366210938,99.0199966430664,-0.010146518537365035,0.0005,-0.005573259268682518
2024-12-09,2024-12-10,TMUS,LONG,235.9499969482422,234.02999877929688,-0.008137309573123197,0.0005,-0.004568654786561599
2024-12-09,2024-12-10,FIX,LONG,468.239990234375,461.7300109863281,-0.01390308257265327,0.0005,-0.007451541286326635
2024-12-09,2024-12-10,HIG,LONG,116.5,113.7699966430664,-0.02343350520973042,0.0005,-0.01221675260486521
2024-12-09,2024-12-10,MSI,LONG,477.5799865722656,479.9150085449219,0.004889279363265109,0.0005,0.0019446396816325544
2024-12-09,2024-12-10,EME,LONG,476.5299987792969,476.0,-0.001112204437610509,0.0005,-0.0010561022188052545
2024-12-09,2024-12-10,TT,LONG,397.67999267578125,397.3900146484375,-0.0007291742926081035,0.0005,-0.0008645871463040518
2024-12-10,2024-12-11,CRH,LONG,99.0199966430664,99.12000274658203,0.0010099586639666924,0.001,9.958663966692406e-06
2024-12-10,2024-12-11,BRO,LONG,103.1500015258789,103.95500183105469,0.007804171529496529,0.001,0.006804171529496529
2024-12-10,2024-12-11,URI,LONG,802.85498046875,800.7100219726562,-0.002671663685565484,0.001,-0.003671663685565484
2024-12-10,2024-12-11,AON,LONG,360.8800048828125,360.98748779296875,0.0002978355927232279,0.001,-0.0007021644072767721
2024-12-10,2024-12-11,TRV,LONG,248.43499755859375,242.9499969482422,-0.022078212265797648,0.001,-0.02307821226579765
2024-12-10,2024-12-11,HIG,LONG,113.80000305175781,111.80999755859375,-0.017486866782059574,0.001,-0.018486866782059574
2024-12-10,2024-12-11,AIG,LONG,73.16500091552734,72.9000015258789,-0.0036219419986667223,0.001,-0.004621941998666722
2024-12-10,2024-12-11,ETN,LONG,360.2699890136719,363.010009765625,0.007605464888859048,0.001,0.006605464888859048
2024-12-10,2024-12-11,CTAS,LONG,209.49000549316406,211.2899932861328,0.008592237079431797,0.001,0.007592237079431797
2024-12-10,2024-12-11,FICO,LONG,2205.010009765625,2192.8701171875,-0.005505595223767479,0.001,-0.006505595223767479
2024-12-11,2024-12-12,CAH,LONG,117.12000274658203,118.04499816894531,0.007897843243435787,0.001,0.006897843243435787
2024-12-11,2024-12-12,NTRS,LONG,104.58000183105469,104.87000274658203,0.0027730054546741822,0.001,0.0017730054546741822
2024-12-11,2024-12-12,BMY,LONG,56.98500061035156,56.08000183105469,-0.015881350699371244,0.001,-0.016881350699371245
2024-12-11,2024-12-12,CI,LONG,294.92999267578125,285.7799987792969,-0.031024290929078324,0.001,-0.032024290929078325
2024-12-11,2024-12-12,CMI,LONG,374.2300109863281,370.989990234375,-0.008657832500962859,0.001,-0.00965783250096286
2024-12-11,2024-12-12,COR,LONG,230.8300018310547,231.88499450683594,0.004570431345200188,0.001,0.0035704313452001877
2024-12-11,2024-12-12,ALL,LONG,191.6199951171875,192.42999267578125,0.004227103534254706,0.001,0.003227103534254706
2024-12-11,2024-12-12,UBER,LONG,60.45000076293945,61.97999954223633,0.02531015318423102,0.001,0.02431015318423102
2024-12-11,2024-12-12,TRV,LONG,242.96499633789062,243.2949981689453,0.0013582278765611466,0.001,0.0003582278765611466
2024-12-11,2024-12-12,XYL,LONG,124.87999725341797,121.23999786376953,-0.0291479778163497,0.001,-0.030147977816349703
2024-12-12,2024-12-13,NDSN,LONG,225.7100067138672,227.0,0.005715268476191859,0.0005,0.0023576342380959296
2024-12-12,2024-12-13,ADBE,LONG,471.3999938964844,458.32000732421875,-0.02774710806453229,0.0005,-0.014373554032266145
2024-12-12,2024-12-13,XYL,LONG,121.23999786376953,120.7699966430664,-0.0038766185168630507,0.0005,-0.0024383092584315254
2024-12-12,2024-12-13,PCAR,LONG,112.95999908447266,113.16000366210938,0.0017705787823807384,0.0005,0.0003852893911903692
2024-12-12,2024-12-13,BMY,LONG,56.084999084472656,55.54999923706055,-0.009539089884022633,0.0005,-0.005269544942011317
2024-12-12,2024-12-13,HD,LONG,414.239990234375,416.3599853515625,0.005117794435993472,0.0005,0.002058897217996736
2024-12-12,2024-12-13,CMI,LONG,371.1300048828125,366.989990234375,-0.011155160170207012,0.0005,-0.006077580085103507
2024-12-12,2024-12-13,CI,LONG,285.9549865722656,285.1199951171875,-0.0029200101214780227,0.0005,-0.0019600050607390114
2024-12-12,2024-12-13,STLD,LONG,128.02999877929688,122.55000305175781,-0.04280243520884264,0.0005,-0.02190121760442132
2024-12-12,2024-12-13,CAT,LONG,381.20001220703125,379.802490234375,-0.003666112087890583,0.0005,-0.0023330560439452914
2024-12-13,2024-12-16,ABNB,LONG,131.94000244140625,132.22000122070312,0.0021221674557814207,0.001,0.0011221674557814207
2024-12-13,2024-12-16,HST,LONG,18.530000686645508,18.670000076293945,0.007555282485733228,0.001,0.006555282485733228
2024-12-13,2024-12-16,EA,LONG,157.51499938964844,156.2899932861328,-0.007777075886502116,0.001,-0.008777075886502117
2024-12-13,2024-12-16,TYL,LONG,609.6699829101562,614.1699829101562,0.007381042410059324,0.001,0.006381042410059324
2024-12-13,2024-12-16,EXPE,LONG,182.88999938964844,182.49000549316406,-0.0021870736389045797,0.001,-0.0031870736389045798
2024-12-13,2024-12-16,SCHW,LONG,78.81999969482422,77.93000030517578,-0.011291542668032784,0.001,-0.012291542668032784
2024-12-13,2024-12-16,CTSH,LONG,79.81999969482422,80.70500183105469,0.011087473560687844,0.001,0.010087473560687843
2024-12-13,2024-12-16,PTC,LONG,198.125,200.22000122070312,0.010574138653391074,0.001,0.009574138653391073
2024-12-13,2024-12-16,ADBE,LONG,458.3190002441406,461.6300048828125,0.007224236038453791,0.001,0.006224236038453791
2024-12-13,2024-12-16,HAS,LONG,61.650001525878906,60.81999969482422,-0.013463127502215455,0.001,-0.014463127502215456
2024-12-17,2024-12-18,TSCO,LONG,55.4119987487793,54.49799728393555,-0.01649464891146679,0.001,-0.017494648911466792
2024-12-17,2024-12-18,TAP,LONG,59.2599983215332,59.279998779296875,0.00033750351552752633,0.001,-0.0006624964844724737
2024-12-17,2024-12-18,WYNN,LONG,89.68000030517578,92.2300033569336,0.028434467474133696,0.001,0.027434467474133695
2024-12-17,2024-12-18,YUM,LONG,134.42999267578125,132.96499633789062,-0.01089783841187808,0.001,-0.011897838411878081
2024-12-17,2024-12-18,HRL,LONG,32.220001220703125,31.469999313354492,-0.02327752572730246,0.001,-0.024277525727302462
2024-12-17,2024-12-18,MPC,LONG,136.92999267578125,136.57000732421875,-0.0026289737151660164,0.001,-0.0036289737151660164
2024-12-17,2024-12-18,SBUX,LONG,93.01000213623047,91.6500015258789,-0.014622089873297606,0.001,-0.015622089873297607
2024-12-17,2024-12-18,ALLE,LONG,136.27000427246094,136.63999938964844,0.0027151618521104037,0.001,0.0017151618521104037
2024-12-17,2024-12-18,CCEP,LONG,77.36000061035156,76.9749984741211,-0.004976759736206038,0.001,-0.005976759736206038
2024-12-17,2024-12-18,T,LONG,22.799999237060547,22.640100479125977,-0.007013103652857233,0.001,-0.008013103652857234
2024-12-18,2024-12-19,GIS,LONG,63.95500183105469,64.83999633789062,0.013837768454354249,0.0005,0.006418884227177124
2024-12-18,2024-12-19,ECL,LONG,243.49000549316406,237.22999572753906,-0.025709514248627996,0.0005,-0.013354757124313998
2024-12-18,2024-12-19,HRL,LONG,31.469999313354492,31.65999984741211,0.006037513130068284,0.0005,0.002518756565034142
2024-12-18,2024-12-19,YUM,LONG,132.96499633789062,131.2949981689453,-0.012559682735608924,0.0005,-0.006779841367804462
2024-12-18,2024-12-19,ZTS,LONG,170.63999938964844,164.0050048828125,-0.03888299654575855,0.0005,-0.019941498272879277
2024-12-18,2024-12-19,ALGN,LONG,225.2100067138672,214.23989868164062,-0.048710571045647466,0.0005,-0.024855285522823733
2024-12-18,2024-12-19,COST,LONG,979.8400268554688,963.010009765625,-0.017176290648030723,0.0005,-0.009088145324015362
2024-12-18,2024-12-19,TSCO,LONG,54.538002014160156,52.874000549316406,-0.03051086221331889,0.0005,-0.015755431106659445
2024-12-18,2024-12-19,CLX,LONG,161.33999633789062,163.4499969482422,0.01307797606448835,0.0005,0.006038988032244175
2024-12-18,2024-12-19,EMR,LONG,125.57820129394531,122.96499633789062,-0.020809383548485938,0.0005,-0.01090469177424297
2024-12-19,2024-12-20,VRTX,LONG,390.2749938964844,396.55999755859375,0.016104038845431212,0.001,0.015104038845431211
2024-12-19,2024-12-20,CTAS,LONG,184.9499969482422,187.3699951171875,0.013084607779812796,0.001,0.012084607779812795
2024-12-19,2024-12-20,EFX,LONG,252.80999755859375,261.8699951171875,0.03583718067357644,0.001,0.03483718067357644
2024-12-19,2024-12-20,CAG,LONG,26.934999465942383,27.170000076293945,0.008724730462635,0.001,0.007724730462635
2024-12-19,2024-12-20,ALLE,LONG,130.94000244140625,132.2100067138672,0.00969913127219657,0.001,0.00869913127219657
2024-12-19,2024-12-20,FFIV,LONG,251.3000030517578,253.22000122070312,0.007640263213804621,0.001,0.006640263213804621
2024-12-19,2024-12-20,MU,LONG,87.11009979248047,87.77999877929688,0.007690256220717062,0.001,0.006690256220717062
2024-12-19,2024-12-20,SHOP,LONG,107.41000366210938,109.73999786376953,0.02169252511143993,0.001,0.02069252511143993
2024-12-19,2024-12-20,BX,LONG,171.42999267578125,173.01499938964844,0.009245795844282867,0.001,0.008245795844282866
2024-12-19,2024-12-20,ZTS,LONG,165.13999938964844,166.00999450683594,0.00526822768804025,0.001,0.00426822768804025
2024-12-20,2024-12-23,VRTX,LONG,396.82000732421875,401.05999755859375,0.010684920508331919,0.001,0.009684920508331918
2024-12-20,2024-12-23,CVNA,LONG,44.69200134277344,43.97999954223633,-0.01593130267486309,0.001,-0.01693130267486309
2024-12-20,2024-12-23,MU,LONG,87.7699966430664,89.16000366210938,0.015836926879417623,0.001,0.014836926879417622
2024-12-23,2024-12-26,CASY,LONG,398.2998962402344,404.92999267578125,0.016645990868016547,0.001,0.015645990868016546
2024-12-23,2024-12-26,ARM,LONG,127.02999877929688,132.21499633789062,0.04081711098495888,0.001,0.03981711098495888
2024-12-23,2024-12-26,WMT,LONG,90.37000274658203,92.45500183105469,0.02307180503600814,0.001,0.02207180503600814
2024-12-23,2024-12-26,ROL,LONG,46.41999816894531,46.52069854736328,0.0021693318050437504,0.001,0.0011693318050437504
2024-12-23,2024-12-26,MSFT,LONG,435.2550048828125,438.1907043457031,0.006744780484904567,0.001,0.005744780484904567
2024-12-30,2024-12-31,CTSH,LONG,76.9000015258789,76.41999816894531,-0.006241916091146771,0.001,-0.007241916091146771
2024-12-30,2024-12-31,BA,LONG,177.38499450683594,176.22999572753906,-0.006511254136845057,0.001,-0.007511254136845057
2024-12-30,2024-12-31,SWKS,LONG,87.95999908447266,88.33000183105469,0.004206488749808779,0.001,0.003206488749808779
2024-12-30,2024-12-31,EBAY,LONG,61.84000015258789,62.060001373291016,0.003557587648128635,0.001,0.002557587648128635
2024-12-30,2024-12-31,GDDY,LONG,198.82000732421875,196.27000427246094,-0.012825686338495568,0.001,-0.013825686338495569
2024-12-30,2024-12-31,AAPL,LONG,253.05999755859375,249.69000244140625,-0.01331698075436516,0.001,-0.01431698075436516
2024-12-31,2025-01-02,AAPL,LONG,249.69000244140625,242.4884033203125,-0.02884216048171062,0.001,-0.029842160481710622
2024-12-31,2025-01-02,BA,LONG,176.3000030517578,171.8498992919922,-0.025241654468146413,0.001,-0.026241654468146414
2024-12-31,2025-01-02,EW,LONG,74.0,72.3499984741211,-0.02229731791728251,0.001,-0.023297317917282512
2025-01-02,2025-01-03,AAPL,LONG,242.47999572753906,242.85000610351562,0.0015259418611683895,0.001,0.0005259418611683895
2025-01-02,2025-01-03,EW,LONG,72.34500122070312,73.56999969482422,0.016932731404399215,0.001,0.015932731404399214
2025-01-02,2025-01-03,BA,LONG,171.7899932861328,170.44000244140625,-0.007858378819993406,0.001,-0.008858378819993407
2025-01-02,2025-01-03,NKE,LONG,73.55000305175781,73.63999938964844,0.0012236075344183028,0.001,0.0002236075344183028
2025-01-02,2025-01-03,PLTR,LONG,74.33000183105469,79.70500183105469,0.0723126579791682,0.001,0.07131265797916819
2025-01-02,2025-01-03,CDW,LONG,169.1699981689453,174.4199981689453,0.031033871589671413,0.001,0.030033871589671413
2025-01-02,2025-01-03,TSLA,LONG,377.3399963378906,408.6300048828125,0.08292258665551877,0.001,0.08192258665551877
2025-01-03,2025-01-06,CVNA,LONG,36.06787872314453,37.77399826049805,0.0473030185792076,0.001,0.0463030185792076
2025-01-03,2025-01-06,BA,LONG,170.44000244140625,170.7899932861328,0.0020534548211290637,0.001,0.0010534548211290637
2025-01-03,2025-01-06,AAPL,LONG,242.83999633789062,245.0,0.008894760725922213,0.001,0.007894760725922212
2025-01-07,2025-01-08,CL,LONG,87.94000244140625,87.20999908447266,-0.008301152338720863,0.001,-0.009301152338720864
2025-01-07,2025-01-08,PG,LONG,161.4600067138672,161.28500366210938,-0.0010838786354564478,0.001,-0.002083878635456448
2025-01-07,2025-01-08,CME,LONG,226.10000610351562,226.5050048828125,0.001791237365608378,0.001,0.000791237365608378
2025-01-07,2025-01-08,FDS,LONG,466.8500061035156,457.510009765625,-0.020006417941054178,0.001,-0.02100641794105418
2025-01-07,2025-01-08,FRT,LONG,106.7300033569336,103.83000183105469,-0.027171380442859383,0.001,-0.028171380442859384
2025-01-07,2025-01-08,MA,LONG,513.6799926757812,513.8800048828125,0.00038937122310200856,0.001,-0.0006106287768979915
2025-01-07,2025-01-08,AVB,LONG,214.27999877929688,209.3300018310547,-0.02310060190610963,0.001,-0.02410060190610963
2025-01-07,2025-01-08,UDR,LONG,41.7400016784668,40.584999084472656,-0.027671359548363306,0.001,-0.028671359548363307
2025-01-07,2025-01-08,KO,LONG,61.11000061035156,61.14500045776367,0.0005727351834812211,0.001,-0.0004272648165187789
2025-01-07,2025-01-08,NKE,LONG,72.4000015258789,71.4000015258789,-0.01381215440503214,0.001,-0.01481215440503214
2025-01-08,2025-01-10,EIX,LONG,72.3949966430664,65.4000015258789,-0.09662263197103749,0.0005,-0.048811315985518744
2025-01-08,2025-01-10,ULTA,LONG,416.01971435546875,418.29998779296875,0.005481166778436908,0.0005,0.002240583389218454
2025-01-08,2025-01-10,PLTR,LONG,67.79000091552734,65.322998046875,-0.03639184002558815,0.0005,-0.018695920012794076
2025-01-08,2025-01-10,ZBH,LONG,101.5979995727539,103.7300033569336,0.02098470238730399,0.0005,0.009992351193651994
2025-01-08,2025-01-10,KR,LONG,58.459999084472656,59.16999816894531,0.012145040978306154,0.0005,0.005572520489153077
2025-01-08,2025-01-10,UDR,LONG,40.599998474121094,40.41999816894531,-0.004433505220216127,0.0005,-0.0027167526101080637
2025-01-08,2025-01-10,FRT,LONG,103.9800033569336,102.75499725341797,-0.011781170070850333,0.0005,-0.006390585035425167
2025-01-08,2025-01-10,EQR,LONG,66.76000213623047,67.61000061035156,0.012732151691466242,0.0005,0.005866075845733121
2025-01-08,2025-01-10,FDS,LONG,458.2900085449219,448.8349914550781,-0.0206310783860717,0.0005,-0.01081553919303585
2025-01-08,2025-01-10,AVB,LONG,209.77999877929688,213.5,0.017732868921487732,0.0005,0.008366434460743866
2025-01-10,2025-01-13,STZ,LONG,190.0126953125,186.22000122070312,-0.01996021416126592,0.0005,-0.010480107080632961
2025-01-10,2025-01-13,CB,LONG,253.30499267578125,260.05999755859375,0.026667476276152957,0.0005,0.012833738138076478
2025-01-10,2025-01-13,TAP,LONG,53.349998474121094,53.38999938964844,0.0007497828804390316,0.0005,-0.0001251085597804842
2025-01-10,2025-01-13,PCG,LONG,17.5049991607666,16.389999389648438,-0.06369607681085632,0.0005,-0.03234803840542816
2025-01-10,2025-01-13,ON,LONG,53.77000045776367,54.77000045776367,0.01859773091847927,0.0005,0.008798865459239635
2025-01-10,2025-01-13,EIX,LONG,65.41999816894531,56.8849983215332,-0.13046469101651015,0.0005,-0.06573234550825507
2025-01-10,2025-01-13,KHC,LONG,28.670000076293945,28.885000228881836,0.007499133310629569,0.0005,0.0032495666553147844
2025-01-10,2025-01-13,ERIE,LONG,386.1499938964844,385.5,-0.0016832679185763144,0.0005,-0.0013416339592881572
2025-01-10,2025-01-13,SRE,LONG,79.13500213623047,77.19999694824219,-0.02445195091619734,0.0005,-0.01272597545809867
2025-01-10,2025-01-13,XEL,LONG,62.97999954223633,63.45100021362305,0.007478575338363491,0.0005,0.0032392876691817456
2025-01-13,2025-01-14,EIX,LONG,56.939998626708984,58.494998931884766,0.027309454560583202,0.0005,0.0131547272802916
2025-01-13,2025-01-14,PCG,LONG,16.389999389648438,16.375,-0.0009151549851741381,0.0005,-0.000957577492587069
2025-01-13,2025-01-14,SRE,LONG,77.19000244140625,78.4800033569336,0.0167120206597553,0.0005,0.00785601032987765
2025-01-13,2025-01-14,ULTA,LONG,404.7001037597656,405.9100036621094,0.002989620934374493,0.0005,0.0009948104671872464
2025-01-13,2025-01-14,AKAM,LONG,88.88999938964844,91.39749908447266,0.02820901914772911,0.0005,0.013604509573864554
2025-01-13,2025-01-14,LVS,LONG,46.755001068115234,44.80500030517578,-0.041706784694509724,0.0005,-0.021353392347254863
2025-01-13,2025-01-14,EW,LONG,71.2300033569336,71.30000305175781,0.000982727664260441,0.0005,-8.636167869779509e-06
2025-01-13,2025-01-14,MRNA,LONG,33.5890007019043,34.209999084472656,0.018488147000251587,0.0005,0.008744073500125793
2025-01-13,2025-01-14,STZ,LONG,186.25999450683594,182.86000061035156,-0.018254021243190754,0.0005,-0.009627010621595378
2025-01-13,2025-01-14,NEE,LONG,66.1449966430664,67.69499969482422,0.023433413416316107,0.0005,0.011216706708158053
2025-01-14,2025-01-15,LVS,LONG,44.80500030517578,44.334999084472656,-0.010489927854075543,0.001,-0.011489927854075543
2025-01-14,2025-01-15,LLY,LONG,739.989990234375,749.5850219726562,0.0129664344989886,0.001,0.011966434498988598
2025-01-14,2025-01-15,PFE,LONG,26.459999084472656,26.344999313354492,-0.004346174417883764,0.001,-0.005346174417883764
2025-01-14,2025-01-15,DLTR,LONG,69.6500015258789,70.66000366210938,0.014501107165879823,0.001,0.013501107165879822
2025-01-15,2025-01-16,ABBV,LONG,171.125,173.08999633789062,0.011482812785335916,0.001,0.010482812785335915
2025-01-15,2025-01-16,HSY,LONG,150.75,154.093994140625,0.022182382359038133,0.001,0.021182382359038132
2025-01-15,2025-01-16,LVS,LONG,44.34000015258789,43.83000183105469,-0.011501991875916495,0.001,-0.012501991875916496
2025-01-15,2025-01-16,VTRS,LONG,11.354999542236328,11.270000457763672,-0.00748560879782445,0.001,-0.008485608797824451
2025-01-16,2025-01-17,CRL,LONG,165.97999572753906,163.5500030517578,-0.014640274360352201,0.001,-0.015640274360352202
2025-01-22,2025-01-23,APA,LONG,23.309999465942383,23.41950035095215,0.004697592772138659,0.0005,0.0018487963860693295
2025-01-22,2025-01-23,OXY,LONG,50.41999816894531,50.249900817871094,-0.003373608830850472,0.0005,-0.002186804415425236
2025-01-22,2025-01-23,MRK,LONG,95.75,96.16999816894531,0.004386403853214649,0.0005,0.0016932019266073244
2025-01-22,2025-01-23,VRSN,LONG,207.4615936279297,207.30999755859375,-0.0007307187161004203,0.0005,-0.0008653593580502101
2025-01-23,2025-01-24,EA,LONG,116.339599609375,115.68000030517578,-0.0056696026667953925,0.0005,-0.0033348013333976963
2025-01-23,2025-01-24,EXPE,LONG,169.48500061035156,172.0800018310547,0.015311096624232023,0.0005,0.007155548312116011
2025-01-23,2025-01-24,FSLR,LONG,169.55499267578125,170.0,0.00262456042842496,0.0005,0.0008122802142124801
2025-01-23,2025-01-24,APA,LONG,23.41860008239746,23.545000076293945,0.005397418865848103,0.0005,0.0021987094329240513
2025-01-23,2025-01-24,OXY,LONG,50.2400016784668,49.935001373291016,-0.0060708657441488345,0.0005,-0.0035354328720744173
2025-01-24,2025-01-27,EA,LONG,115.66999816894531,118.5250015258789,0.024682315225454055,0.001,0.023682315225454054
2025-01-24,2025-01-27,FANG,LONG,173.47500610351562,171.83999633789062,-0.009425045154051515,0.001,-0.010425045154051515
2025-01-24,2025-01-27,COP,LONG,102.36499786376953,102.3499984741211,-0.00014652850057594868,0.001,-0.0011465285005759487
2025-01-24,2025-01-27,CF,LONG,88.48370361328125,89.0,0.005834931921195663,0.001,0.004834931921195663
2025-01-24,2025-01-27,TXN,LONG,187.52999877929688,187.90499877929688,0.0019996800642085866,0.001,0.0009996800642085866
2025-01-24,2025-01-27,EOG,LONG,132.16000366210938,131.66000366210938,-0.003783292873374422,0.001,-0.004783292873374422
2025-01-27,2025-01-28,VST,LONG,136.82000732421875,145.60000610351562,0.06417189233509646,0.0005,0.03158594616754823
2025-01-27,2025-01-28,VRT,LONG,102.20880126953125,104.76000213623047,0.024960676918336366,0.0005,0.011980338459168183
2025-01-27,2025-01-28,MRVL,LONG,101.02999877929688,102.79000091552734,0.01742058950307679,0.0005,0.008210294751538394
2025-01-27,2025-01-28,EQT,LONG,47.7599983215332,49.48500061035156,0.03611813964492172,0.0005,0.01755906982246086
2025-01-27,2025-01-28,GEV,LONG,329.1650085449219,347.2799987792969,0.05503315894496974,0.0005,0.02701657947248487
2025-01-27,2025-01-28,ANET,LONG,99.25,104.29000091552734,0.050780865647630735,0.0005,0.024890432823815367
2025-01-27,2025-01-28,ETN,LONG,306.1499938964844,311.1199951171875,0.01623387659574349,0.0005,0.007616938297871745
2025-01-27,2025-01-28,WMB,LONG,53.63999938964844,54.64500045776367,0.018736038022945545,0.0005,0.008868019011472772
2025-01-27,2025-01-28,TPL,LONG,395.1666564941406,425.6866760253906,0.07723328633548965,0.0005,0.038116643167744824
2025-01-27,2025-01-28,AVGO,LONG,196.9434051513672,204.87010192871094,0.04024860223804616,0.0005,0.01962430111902308
2025-01-28,2025-01-29,GNRC,LONG,147.69000244140625,148.6649932861328,0.006601603552098156,0.001,0.005601603552098156
2025-01-28,2025-01-29,HPE,LONG,21.245800018310547,21.860000610351562,0.028909271080009846,0.001,0.027909271080009845
2025-01-28,2025-01-29,LDOS,LONG,138.6999969482422,140.77999877929688,0.014996408628839886,0.001,0.013996408628839885
2025-01-28,2025-01-29,TXN,LONG,180.52999877929688,180.5500030517578,0.00011080857805456645,0.001,-0.0008891914219454336
2025-01-28,2025-01-29,FCX,LONG,35.494998931884766,36.31999969482422,0.02324273243457875,0.001,0.02224273243457875
2025-01-28,2025-01-29,PCAR,LONG,106.91999816894531,110.51000213623047,0.03357654347891548,0.001,0.032576543478915476
2025-01-28,2025-01-29,MU,LONG,89.04350280761719,89.19999694824219,0.0017575020713540557,0.001,0.0007575020713540557
2025-01-28,2025-01-29,BKR,LONG,43.13999938964844,43.15999984741211,0.0004636174790597636,0.001,-0.0005363825209402364
2025-01-28,2025-01-29,KMI,LONG,27.286197662353516,27.270000457763672,-0.0005936043119775247,0.001,-0.0015936043119775247
2025-01-28,2025-01-29,EXE,LONG,101.29000091552734,103.06999969482422,0.01757329216317549,0.001,0.01657329216317549
2025-01-29,2025-01-30,DHR,LONG,223.69000244140625,223.07000732421875,-0.0027716711092168334,0.001,-0.0037716711092168334
2025-01-29,2025-01-30,PKG,LONG,217.48500061035156,214.2899932861328,-0.01469070195761668,0.001,-0.015690701957616682
2025-01-29,2025-01-30,TECH,LONG,71.9000015258789,72.76000213623047,0.011961065258698556,0.001,0.010961065258698555
2025-01-29,2025-01-30,TMO,LONG,569.1400146484375,606.4500122070312,0.06555504199022177,0.001,0.06455504199022177
2025-01-29,2025-01-30,GD,LONG,252.5500030517578,256.80999755859375,0.016867924986573524,0.001,0.015867924986573523
2025-01-29,2025-01-30,UBER,LONG,66.91999816894531,66.56500244140625,-0.00530477790275552,0.001,-0.00630477790275552
2025-01-29,2025-01-30,LII,LONG,611.5499877929688,606.1599731445312,-0.008813694311219922,0.001,-0.009813694311219923
2025-01-29,2025-01-30,CARR,LONG,65.12999725341797,65.95999908447266,0.012743771933924508,0.001,0.011743771933924507
2025-01-31,2025-02-03,AVY,LONG,184.6999969482422,182.88999938964844,-0.009799662092582317,0.001,-0.010799662092582318
2025-01-31,2025-02-03,UPS,LONG,115.01000213623047,111.7300033569336,-0.02851924805124062,0.001,-0.02951924805124062
2025-01-31,2025-02-03,CMCSA,LONG,31.377695083618164,31.401124954223633,0.0007467046429965318,0.001,-0.0002532953570034682
2025-01-31,2025-02-03,DHR,LONG,223.3000030517578,218.1699981689453,-0.02297359969862356,0.001,-0.02397359969862356
2025-01-31,2025-02-03,DOW,LONG,38.82500076293945,37.79499816894531,-0.026529364423795054,0.001,-0.027529364423795055
2025-01-31,2025-02-03,PKG,LONG,212.91000366210938,210.2899932861328,-0.01230571758448018,0.001,-0.013305717584480181
2025-01-31,2025-02-03,VLO,LONG,136.8800048828125,136.05999755859375,-0.005990702038042639,0.001,-0.006990702038042639
2025-02-03,2025-02-04,FDX,LONG,203.02175903320312,200.7091064453125,-0.01139115629232823,0.0005,-0.006195578146164116
2025-02-03,2025-02-04,MOS,LONG,26.850000381469727,27.979999542236328,0.04208562922578052,0.0005,0.02054281461289026
2025-02-03,2025-02-04,DECK,LONG,173.39999389648438,171.2899932861328,-0.012168400718694294,0.0005,-0.006584200359347148
2025-02-03,2025-02-04,AMCR,LONG,47.44999694824219,49.740501403808594,0.04827196212604301,0.0005,0.023635981063021505
2025-02-03,2025-02-04,APTV,LONG,60.13999938964844,61.349998474121094,0.020119705632736018,0.0005,0.009559852816368009
2025-02-03,2025-02-04,HPQ,LONG,31.729999542236328,32.19499969482422,0.014654905745237201,0.0005,0.0068274528726186
2025-02-03,2025-02-04,CTVA,LONG,64.43000030517578,65.2249984741211,0.01233894405059388,0.0005,0.00566947202529694
2025-02-03,2025-02-04,WSM,LONG,204.85000610351562,208.68499755859375,0.01872097310624543,0.0005,0.008860486553122715
2025-02-03,2025-02-04,PHM,LONG,110.47000122070312,110.0999984741211,-0.0033493504344479508,0.0005,-0.0021746752172239754
2025-02-03,2025-02-04,BAX,LONG,31.75,31.3799991607666,-0.011653569739634606,0.0005,-0.0063267848698173035
2025-02-04,2025-02-05,ADM,LONG,47.654998779296875,46.33359909057617,-0.027728459187260968,0.0005,-0.014364229593630484
2025-02-04,2025-02-05,EL,LONG,68.1449966430664,65.68000030517578,-0.036172814723315905,0.0005,-0.018586407361657953
2025-02-04,2025-02-05,PYPL,LONG,81.47000122070312,78.73999786376953,-0.03350930791737672,0.0005,-0.01725465395868836
2025-02-04,2025-02-05,BALL,LONG,51.20000076293945,52.20000076293945,0.019531249708961695,0.0005,0.009265624854480847
2025-02-04,2025-02-05,CLX,LONG,150.64999389648438,146.98500061035156,-0.024327868799325136,0.0005,-0.012663934399662569
2025-02-04,2025-02-05,MRK,LONG,88.91000366210938,89.70999908447266,0.008997811150740276,0.0005,0.0039989055753701375
2025-02-04,2025-02-05,WTW,LONG,317.80999755859375,322.6400146484375,0.015197813558251116,0.0005,0.007098906779125558
2025-02-04,2025-02-05,IFF,LONG,84.62000274658203,85.87999725341797,0.014890031504836365,0.0005,0.006945015752418182
2025-02-04,2025-02-05,KKR,LONG,152.89999389648438,151.64999389648438,-0.00817527828579423,0.0005,-0.004587639142897115
2025-02-04,2025-02-05,BAX,LONG,31.385000228881836,31.665000915527344,0.00892148110892288,0.0005,0.003960740554461439
2025-02-05,2025-02-06,IEX,LONG,200.1199951171875,201.3699951171875,0.006246252401055807,0.0005,0.0026231262005279037
2025-02-05,2025-02-06,VLTO,LONG,96.18000030517578,97.76499938964844,0.01647950800003639,0.0005,0.007739754000018195
2025-02-05,2025-02-06,OMC,LONG,83.08999633789062,84.23999786376953,0.013840432983079687,0.0005,0.006420216491539843
2025-02-05,2025-02-06,PRU,LONG,112.18000030517578,113.30000305175781,0.009983978815610195,0.0005,0.004491989407805097
2025-02-05,2025-02-06,ADM,LONG,46.33000183105469,45.400001525878906,-0.020073392368234466,0.0005,-0.010536696184117234
2025-02-05,2025-02-06,EL,LONG,65.68060302734375,65.55010223388672,-0.0019869000502735767,0.0005,-0.0014934500251367884
2025-02-05,2025-02-06,TDG,LONG,1285.135009765625,1292.3443603515625,0.005609800161970657,0.0005,0.0023049000809853286
2025-02-05,2025-02-06,IT,LONG,539.4400024414062,534.8400268554688,-0.008527316411684027,0.0005,-0.004763658205842014
2025-02-05,2025-02-06,CLX,LONG,146.97999572753906,147.52000427246094,0.003674027490944365,0.0005,0.0013370137454721824
2025-02-05,2025-02-06,BG,LONG,71.5199966430664,68.27999877929688,-0.045301985680163415,0.0005,-0.023150992840081708
2025-02-06,2025-02-07,PTC,LONG,170.2949981689453,167.94000244140625,-0.013828918951587332,0.001,-0.014828918951587333
2025-02-06,2025-02-07,BDX,LONG,181.1792449951172,180.09434509277344,-0.005987992180743418,0.001,-0.006987992180743418
2025-02-06,2025-02-07,SNA,LONG,332.94500732421875,336.8599853515625,0.011758632630677557,0.001,0.010758632630677556
2025-02-06,2025-02-07,SWKS,LONG,67.02999877929688,66.08499908447266,-0.01409816070466785,0.001,-0.015098160704667851
2025-02-06,2025-02-07,HON,LONG,198.1338348388672,194.8727569580078,-0.016458965140968784,0.001,-0.017458965140968785
2025-02-06,2025-02-07,HII,LONG,162.88999938964844,168.60000610351562,0.03505437249225052,0.001,0.03405437249225052
2025-02-06,2025-02-07,F,LONG,9.375,9.26360034942627,-0.011882629394531219,0.001,-0.01288262939453122
2025-02-06,2025-02-07,CTVA,LONG,61.529998779296875,62.244998931884766,0.011620350508254385,0.001,0.010620350508254384
2025-02-06,2025-02-07,AFL,LONG,103.12000274658203,103.73999786376953,0.006012365212122228,0.001,0.005012365212122228
2025-02-06,2025-02-07,EFX,LONG,250.6300048828125,246.8699951171875,-0.015002233141969912,0.001,-0.016002233141969913
2025-02-07,2025-02-10,ULTA,LONG,374.4844055175781,374.1400146484375,-0.0009196400813129557,0.0005,-0.0009598200406564779
2025-02-07,2025-02-10,APD,LONG,307.7200012207031,307.92999267578125,0.0006824108093237413,0.0005,-0.00015879459533812935
2025-02-07,2025-02-10,AMZN,LONG,228.9499969482422,233.58999633789062,0.020266431323418654,0.0005,0.009633215661709327
2025-02-07,2025-02-10,CDW,LONG,191.6300048828125,190.97000122070312,-0.0034441561618338,0.0005,-0.0022220780809169
2025-02-07,2025-02-10,PAYX,LONG,147.00999450683594,147.08999633789062,0.000544193143623195,0.0005,-0.0002279034281884025
2025-02-07,2025-02-10,PTC,LONG,167.9499969482422,168.74000549316406,0.004703831850412898,0.0005,0.0018519159252064492
2025-02-07,2025-02-10,HON,LONG,194.8727569580078,196.38076782226562,0.00773843859859169,0.0005,0.003369219299295845
2025-02-07,2025-02-10,HCA,LONG,322.5350036621094,316.42999267578125,-0.018928212184758042,0.0005,-0.009964106092379021
2025-02-07,2025-02-10,DHI,LONG,128.08999633789062,129.99000549316406,0.014833392221055064,0.0005,0.0069166961105275315
2025-02-07,2025-02-10,NKE,LONG,69.61000061035156,70.62999725341797,0.01465301873470648,0.0005,0.0068265093673532395
2025-02-10,2025-02-11,INCY,LONG,68.51000213623047,66.31999969482422,-0.031966170969480956,0.001,-0.03296617096948096
2025-02-10,2025-02-11,NDAQ,LONG,81.5,80.31999969482422,-0.014478531351850066,0.001,-0.015478531351850067
2025-02-10,2025-02-11,LYV,LONG,147.4499969482422,146.7899932861328,-0.004476118519968875,0.001,-0.005476118519968875
2025-02-10,2025-02-11,ON,LONG,47.470001220703125,47.939998626708984,0.009900935199489203,0.001,0.008900935199489202
2025-02-10,2025-02-11,ULTA,LONG,374.2900085449219,374.5,0.0005610394354220727,0.001,-0.00043896056457792734
2025-02-10,2025-02-11,HCA,LONG,316.3699951171875,323.82000732421875,0.023548415848575255,0.001,0.022548415848575254
2025-02-10,2025-02-11,UHS,LONG,184.88999938964844,185.9600067138672,0.005787264469419684,0.001,0.004787264469419684
2025-02-10,2025-02-11,ORLY,LONG,87.32666778564453,88.26200103759766,0.010710740208810243,0.001,0.009710740208810242
2025-02-10,2025-02-11,ECL,LONG,245.02000427246094,260.989990234375,0.06517829435736822,0.001,0.06417829435736822
2025-02-10,2025-02-11,CDW,LONG,190.94000244140625,191.69000244140625,0.003927935426889739,0.001,0.0029279354268897393
2025-02-12,2025-02-13,INCY,LONG,66.30000305175781,68.31999969482422,0.03046751960915417,0.001,0.02946751960915417
2025-02-12,2025-02-13,MAR,LONG,283.9750061035156,287.7550048828125,0.013311026315882879,0.001,0.012311026315882878
2025-02-12,2025-02-13,FIS,LONG,71.70999908447266,71.37000274658203,-0.0047412681945528945,0.001,-0.0057412681945528945
2025-02-12,2025-02-13,CBOE,LONG,206.00999450683594,209.64500427246094,0.017644822399645266,0.001,0.016644822399645265
2025-02-12,2025-02-13,NDAQ,LONG,79.56999969482422,80.43499755859375,0.010870904450007046,0.001,0.009870904450007045
2025-02-12,2025-02-13,CSGP,LONG,74.11000061035156,73.2300033569336,-0.011874203834442487,0.001,-0.012874203834442488
2025-02-12,2025-02-13,TSLA,LONG,329.9800109863281,354.92999267578125,0.07561058506203544,0.001,0.07461058506203544
2025-02-12,2025-02-13,DASH,LONG,198.0,199.37240600585938,0.0069313434639362015,0.001,0.0059313434639362015
2025-02-12,2025-02-13,GRMN,LONG,208.02000427246094,208.30999755859375,0.001394064417732599,0.001,0.0003940644177325989
2025-02-12,2025-02-13,VRTX,LONG,451.82000732421875,452.5249938964844,0.0015603261494343545,0.001,0.0005603261494343545
2025-02-13,2025-02-14,WST,LONG,224.0,219.1199951171875,-0.021785736083984375,0.0005,-0.011392868041992188
2025-02-13,2025-02-14,TTD,LONG,82.5199966430664,80.76000213623047,-0.021328097169570293,0.0005,-0.011164048584785147
2025-02-13,2025-02-14,ZTS,LONG,156.72500610351562,159.35499572753906,0.0167809189446535,0.0005,0.00789045947232675
2025-02-13,2025-02-14,DDOG,LONG,132.1699981689453,131.4199981689453,-0.0056745101792413655,0.0005,-0.0033372550896206827
2025-02-13,2025-02-14,UAL,LONG,100.66999816894531,101.48999786376953,0.00814542276486474,0.0005,0.00357271138243237
2025-02-13,2025-02-14,CSGP,LONG,73.2699966430664,74.0,0.009963196265584617,0.0005,0.004481598132792308
2025-02-13,2025-02-14,ZBRA,LONG,325.7799987792969,317.0,-0.02695069928232452,0.0005,-0.01397534964116226
2025-02-13,2025-02-14,AIZ,LONG,205.00999450683594,205.75999450683594,0.0036583582268960857,0.0005,0.0013291791134480428
2025-02-13,2025-02-14,UHS,LONG,177.8699951171875,183.13999938964844,0.029628405111209677,0.0005,0.014314202555604838
2025-02-13,2025-02-14,GRMN,LONG,208.38999938964844,210.6699981689453,0.01094101821572413,0.0005,0.0049705091078620645
2025-02-14,2025-02-18,MSI,LONG,443.0950012207031,426.4414978027344,-0.037584498520834675,0.0005,-0.019292249260417338
2025-02-14,2025-02-18,GDDY,LONG,187.19000244140625,178.99000549316406,-0.04380574198031184,0.0005,-0.02240287099015592
2025-02-14,2025-02-18,FRT,LONG,106.36000061035156,104.1780014038086,-0.020515223712123665,0.0005,-0.010757611856061833
2025-02-14,2025-02-18,DVA,LONG,153.5500030517578,154.77999877929688,0.008010392074850436,0.0005,0.0035051960374252182
2025-02-14,2025-02-18,DUK,LONG,112.80999755859375,110.99500274658203,-0.01608895356166462,0.0005,-0.00854447678083231
2025-02-14,2025-02-18,ZTS,LONG,158.4644012451172,155.2664031982422,-0.02018117647715867,0.0005,-0.010590588238579335
2025-02-14,2025-02-18,IR,LONG,87.5,86.3499984741211,-0.01314287458147323,0.0005,-0.007071437290736615
2025-02-14,2025-02-18,TTD,LONG,80.76000213623047,79.30180358886719,-0.01805594983644887,0.0005,-0.009527974918224436
2025-02-14,2025-02-18,DDOG,LONG,131.4698944091797,129.07000732421875,-0.018254271030990976,0.0005,-0.009627135515495489
2025-02-14,2025-02-18,PG,LONG,165.8249969482422,164.9600067138672,-0.005216283734622906,0.0005,-0.003108141867311453
2025-02-18,2025-02-19,MSI,LONG,426.1300048828125,430.9800109863281,0.011381517489831294,0.001,0.010381517489831293
2025-02-18,2025-02-19,FRT,LONG,104.12000274658203,104.19000244140625,0.0006722982421984991,0.001,-0.0003277017578015009
2025-02-18,2025-02-19,DUK,LONG,110.97000122070312,111.50366973876953,0.004809124197493908,0.001,0.003809124197493908
2025-02-18,2025-02-19,WMT,LONG,102.6500015258789,103.63500213623047,0.009595719393177271,0.001,0.00859571939317727
2025-02-18,2025-02-19,GDDY,LONG,178.93460083007812,176.44000244140625,-0.013941397455268123,0.001,-0.014941397455268124
2025-02-18,2025-02-19,MDT,LONG,86.08000183105469,85.81999969482422,-0.003020470849207979,0.001,-0.004020470849207979
2025-02-18,2025-02-19,UNH,LONG,507.3599853515625,502.32000732421875,-0.009933731813421276,0.001,-0.010933731813421277
2025-02-18,2025-02-19,CMG,LONG,55.28499984741211,53.404998779296875,-0.034005626721607674,0.001,-0.035005626721607674
2025-02-18,2025-02-19,TRI,LONG,173.2100067138672,172.42999267578125,-0.004503285075061925,0.001,-0.005503285075061925
2025-02-18,2025-02-19,GIS,LONG,56.66999816894531,58.16999816894531,0.026469032088693334,0.001,0.025469032088693333
2025-02-19,2025-02-20,CDNS,LONG,270.7699890136719,271.4211120605469,0.00240470906412793,0.0005,0.000702354532063965
2025-02-19,2025-02-20,SNPS,LONG,496.79998779296875,495.5400085449219,-0.0025361901751332905,0.0005,-0.0017680950875666453
2025-02-19,2025-02-20,TKO,LONG,164.77499389648438,163.21499633789062,-0.009467441155384115,0.0005,-0.005233720577692058
2025-02-19,2025-02-20,AXON,LONG,647.4249877929688,531.0,-0.1798277638153174,0.0005,-0.0904138819076587
2025-02-19,2025-02-20,CMG,LONG,53.404998779296875,52.76499938964844,-0.01198388548407836,0.0005,-0.006491942742039181
2025-02-19,2025-02-20,META,LONG,702.5,695.9749755859375,-0.009288290980871916,0.0005,-0.0051441454904359585
2025-02-19,2025-02-20,HD,LONG,394.2690124511719,393.1000061035156,-0.0029649967680405176,0.0005,-0.001982498384020259
2025-02-19,2025-02-20,IFF,LONG,81.69000244140625,80.05000305175781,-0.020075888611029935,0.0005,-0.010537944305514968
2025-02-19,2025-02-20,TRI,LONG,172.5449981689453,176.19000244140625,0.021124948918495923,0.0005,0.010062474459247961
2025-02-19,2025-02-20,TMUS,LONG,260.5050048828125,265.0,0.01725492805487394,0.0005,0.00812746402743697
2025-02-20,2025-02-21,JPM,LONG,266.8299865722656,263.760009765625,-0.011505366567221231,0.0005,-0.006252683283610616
2025-02-20,2025-02-21,CVNA,LONG,48.652000427246094,45.33599853515625,-0.06815756521766403,0.0005,-0.034578782608832015
2025-02-20,2025-02-21,WMT,LONG,97.318603515625,94.80999755859375,-0.025777249841326344,0.0005,-0.013388624920663172
2025-02-20,2025-02-21,AXON,LONG,529.8400268554688,518.52001953125,-0.021364953099903605,0.0005,-0.011182476549951803
2025-02-20,2025-02-21,AEE,LONG,96.83999633789062,98.41999816894531,0.016315591602686474,0.0005,0.007657795801343237
2025-02-20,2025-02-21,NWS,LONG,32.7599983215332,32.400001525878906,-0.010988913739280348,0.0005,-0.0059944568696401745
2025-02-20,2025-02-21,ZS,LONG,205.37229919433594,197.65980529785156,-0.037553720373877386,0.0005,-0.019276860186938694
2025-02-20,2025-02-21,CRWD,LONG,434.9700012207031,406.8500061035156,-0.06464812524604302,0.0005,-0.03282406262302151
2025-02-20,2025-02-21,COST,LONG,1038.68505859375,1033.864990234375,-0.004640548469909467,0.0005,-0.0028202742349547334
2025-02-20,2025-02-21,PLTR,LONG,103.7844009399414,101.54000091552734,-0.02162560080404441,0.0005,-0.011312800402022205
2025-02-21,2025-02-24,AKAM,LONG,78.13999938964844,77.63999938964844,-0.006398771485865096,0.0005,-0.003699385742932548
2025-02-21,2025-02-24,CRWD,LONG,406.8500061035156,391.70001220703125,-0.03723729548778654,0.0005,-0.01911864774389327
2025-02-21,2025-02-24,VST,LONG,150.0500030517578,142.83999633789062,-0.04805069355033731,0.0005,-0.024525346775168655
2025-02-21,2025-02-24,ZS,LONG,197.66000366210938,197.0399932861328,-0.003136751818726302,0.0005,-0.002068375909363151
2025-02-21,2025-02-24,SHOP,LONG,116.68000030517578,115.4800033569336,-0.010284512728004791,0.0005,-0.005642256364002396
2025-02-21,2025-02-24,URI,LONG,658.5,631.97998046875,-0.04027337817957477,0.0005,-0.020636689089787386
2025-02-21,2025-02-24,CEG,LONG,284.2799987792969,267.4200134277344,-0.059307673504852776,0.0005,-0.03015383675242639
2025-02-21,2025-02-24,ALGN,LONG,187.1300048828125,190.63999938964844,0.01875698399641479,0.0005,0.008878491998207394
2025-02-21,2025-02-24,KEYS,LONG,175.48500061035156,173.4499969482422,-0.011596453571709575,0.0005,-0.006298226785854788
2025-02-21,2025-02-24,NEM,LONG,45.71500015258789,44.03499984741211,-0.0367494323431754,0.0005,-0.018874716171587702
2025-02-25,2025-02-26,KLAC,LONG,73.62899780273438,73.85399627685547,0.003055840508978669,0.001,0.002055840508978669
2025-02-25,2025-02-26,MSTR,LONG,267.875,250.72999572753906,-0.06400374903391859,0.001,-0.06500374903391859
2025-02-25,2025-02-26,QCOM,LONG,161.66000366210938,162.58999633789062,0.005752769112421063,0.001,0.004752769112421063
2025-02-25,2025-02-26,AVGO,LONG,207.0,208.8000030517578,0.008695666916704425,0.001,0.007695666916704425
2025-02-25,2025-02-26,VST,LONG,139.4199981689453,146.72999572753906,0.05243148511403439,0.001,0.05143148511403439
2025-02-25,2025-02-26,CRWD,LONG,387.2699890136719,396.2300109863281,0.0231363705601777,0.001,0.0221363705601777
2025-02-25,2025-02-26,NEM,LONG,43.77000045776367,43.40999984741211,-0.008224825373235878,0.001,-0.009224825373235879
2025-02-25,2025-02-26,URI,LONG,633.0,650.2650146484375,0.027274904657879073,0.001,0.026274904657879072
2025-02-25,2025-02-26,TPL,LONG,429.510009765625,452.0966796875,0.05258706295157145,0.001,0.05158706295157145
2025-02-25,2025-02-26,CEG,LONG,264.62530517578125,276.1099853515625,0.043399780562000334,0.001,0.04239978056200033
2025-02-26,2025-02-27,KEYS,LONG,160.2725067138672,161.72000122070312,0.009031458585845531,0.0005,0.004015729292922765
2025-02-26,2025-02-27,VRSK,LONG,288.3190002441406,290.5400085449219,0.007703301894431469,0.0005,0.0033516509472157345
2025-02-26,2025-02-27,APP,LONG,310.6099853515625,334.44000244140625,0.0767200612139749,0.0005,0.03786003060698745
2025-02-26,2025-02-27,LYV,LONG,144.84500122070312,142.4499969482422,-0.016534945992451755,0.0005,-0.008767472996225878
2025-02-26,2025-02-27,MSTR,LONG,250.80999755859375,257.8599853515625,0.02810887867945433,0.0005,0.013554439339727165
2025-02-26,2025-02-27,TMUS,LONG,264.1499938964844,264.2900085449219,0.0005300573601088043,0.0005,-0.00023497131994559784
2025-02-26,2025-02-27,MPC,LONG,148.5500030517578,147.1750030517578,-0.009256142522736432,0.0005,-0.005128071261368217
2025-02-26,2025-02-27,SRE,LONG,72.16999816894531,72.50499725341797,0.00464180536195169,0.0005,0.0018209026809758448
2025-02-26,2025-02-27,TSLA,LONG,295.29998779296875,288.3999938964844,-0.02336604870204695,0.0005,-0.012183024351023475
2025-02-27,2025-02-28,EBAY,LONG,63.619998931884766,64.06999969482422,0.007073259517361041,0.0005,0.0030366297586805206
2025-02-27,2025-02-28,VTRS,LONG,9.385000228881836,9.194999694824219,-0.02024512833498937,0.0005,-0.010622564167494686
2025-02-27,2025-02-28,EXE,LONG,99.04000091552734,97.7750015258789,-0.01277261084364667,0.0005,-0.0068863054218233355
2025-02-27,2025-02-28,FE,LONG,38.96500015258789,37.994998931884766,-0.024894166993573164,0.0005,-0.012947083496786582
2025-02-27,2025-02-28,AMCR,LONG,50.375,50.400001525878906,0.0004963082060329693,0.0005,-0.00025184589698351535
2025-02-27,2025-02-28,APA,LONG,20.4950008392334,20.834999084472656,0.01658932575344929,0.0005,0.007794662876724645
2025-02-27,2025-02-28,LRCX,LONG,79.77999877929688,76.74749755859375,-0.038010795526485563,0.0005,-0.019505397763242782
2025-02-27,2025-02-28,TKO,LONG,147.52000427246094,149.66000366210938,0.014506503034639184,0.0005,0.006753251517319592
2025-02-27,2025-02-28,LYV,LONG,142.44500732421875,141.3699951171875,-0.007546857746894675,0.0005,-0.004273428873447338
2025-02-27,2025-02-28,BKNG,LONG,198.7572021484375,197.5023956298828,-0.006313263142120329,0.0005,-0.0036566315710601645
2025-02-28,2025-03-03,NTAP,LONG,99.26000213623047,97.08999633789062,-0.0218618350960903,0.0005,-0.01143091754804515
2025-02-28,2025-03-03,HPQ,LONG,30.549999237060547,30.594999313354492,0.0014729976241489862,0.0005,0.00023649881207449307
2025-02-28,2025-03-03,FSLR,LONG,136.8300018310547,129.375,-0.05448367851561864,0.0005,-0.02774183925780932
2025-02-28,2025-03-03,DELL,LONG,102.19000244140625,97.38500213623047,-0.04702025824816747,0.0005,-0.024010129124083734
2025-02-28,2025-03-03,VRSN,LONG,234.4949951171875,239.9600067138672,0.023305450907165737,0.0005,0.011152725453582868
2025-02-28,2025-03-03,EBAY,LONG,64.05999755859375,65.71499633789062,0.025835136471603848,0.0005,0.012417568235801923
2025-02-28,2025-03-03,VTRS,LONG,9.194999694824219,9.5600004196167,0.0396955668196417,0.0005,0.01934778340982085
2025-02-28,2025-03-03,IDXX,LONG,427.8299865722656,440.1700134277344,0.028843295801530555,0.0005,0.013921647900765277
2025-02-28,2025-03-03,FE,LONG,37.994998931884766,39.2400016784668,0.032767542613016065,0.0005,0.015883771306508032
2025-02-28,2025-03-03,PDD,LONG,113.1500015258789,113.88999938964844,0.006539972194346655,0.0005,0.0027699860971733274
2025-03-03,2025-03-04,CVX,LONG,153.7899932861328,152.8699951171875,-0.005982171851933282,0.001,-0.006982171851933282
2025-03-03,2025-03-04,EOG,LONG,121.77999877929688,122.79000091552734,0.008293661901417115,0.001,0.007293661901417115
2025-03-03,2025-03-04,FSLR,LONG,129.375,132.6999969482422,0.025700459503321227,0.001,0.024700459503321226
2025-03-03,2025-03-04,APA,LONG,19.360000610351562,18.770000457763672,-0.03047521353240168,0.001,-0.03147521353240168
2025-03-03,2025-03-04,NTAP,LONG,97.08499908447266,94.93699645996094,-0.02212496930285557,0.001,-0.02312496930285557
2025-03-03,2025-03-04,DELL,LONG,97.40499877929688,96.0999984741211,-0.013397672825115392,0.001,-0.014397672825115393
2025-03-03,2025-03-04,HPQ,LONG,30.594999313354492,29.75,-0.027618870152602226,0.001,-0.028618870152602227
2025-03-03,2025-03-04,NVDA,LONG,115.24440002441406,117.7698974609375,0.02191427467181417,0.001,0.02091427467181417
2025-03-03,2025-03-04,JBL,LONG,147.32000732421875,143.26499938964844,-0.0275251678860301,0.001,-0.0285251678860301
2025-03-03,2025-03-04,NCLH,LONG,22.094999313354492,21.420000076293945,-0.03054986458644371,0.001,-0.03154986458644371
2025-03-04,2025-03-05,T,LONG,26.260000228881836,26.184999465942383,-0.0028560838646514153,0.001,-0.0038560838646514153
2025-03-04,2025-03-05,BBY,LONG,76.25,76.55999755859375,0.0040655417520492065,0.001,0.0030655417520492065
2025-03-04,2025-03-05,D,LONG,54.9900016784668,54.2400016784668,-0.013638843009777357,0.001,-0.014638843009777358
2025-03-04,2025-03-05,ES,LONG,60.53499984741211,59.06999969482422,-0.024200878108212587,0.001,-0.025200878108212588
2025-03-04,2025-03-05,STT,LONG,93.04000091552734,93.43499755859375,0.004245449690236214,0.001,0.0032454496902362137
2025-03-04,2025-03-05,DOV,LONG,186.36000061035156,189.77000427246094,0.018297937598954706,0.001,0.017297937598954705
2025-03-04,2025-03-05,HAL,LONG,24.385000228881836,24.304800033569336,-0.0032889150936940004,0.001,-0.004288915093694
2025-03-04,2025-03-05,EVRG,LONG,68.4800033569336,67.0999984741211,-0.020151939473770142,0.001,-0.021151939473770143
2025-03-04,2025-03-05,SW,LONG,47.599998474121094,48.43000030517578,0.01743701381641727,0.001,0.016437013816417267
2025-03-04,2025-03-05,KO,LONG,70.38500213623047,70.37439727783203,-0.00015066929141971386,0.001,-0.0011506692914197139
2025-03-05,2025-03-06,ATO,LONG,148.42379760742188,146.27999877929688,-0.014443767527060003,0.001,-0.015443767527060004
2025-03-05,2025-03-06,EVRG,LONG,67.08999633789062,65.7300033569336,-0.02027117387378574,0.001,-0.021271173873785743
2025-03-05,2025-03-06,XEL,LONG,68.94999694824219,67.63999938964844,-0.0189992402693957,0.001,-0.0199992402693957
2025-03-05,2025-03-06,WEC,LONG,104.6500015258789,103.77999877929688,-0.00831345182892218,0.001,-0.009313451828922181
2025-03-05,2025-03-06,T,LONG,26.18000030517578,26.729999542236328,0.021008373974381156,0.001,0.020008373974381155
2025-03-05,2025-03-06,STX,LONG,92.68000030517578,86.66000366210938,-0.06495464634488368,0.001,-0.06595464634488368
2025-03-05,2025-03-06,ES,LONG,59.08000183105469,58.72999954223633,-0.005924209173507222,0.001,-0.006924209173507222
2025-03-05,2025-03-06,AEP,LONG,103.61000061035156,102.62000274658203,-0.009555041578395929,0.001,-0.01055504157839593
2025-03-05,2025-03-06,D,LONG,54.2400016784668,53.709999084472656,-0.009771433952675435,0.001,-0.010771433952675435
2025-03-05,2025-03-06,LNT,LONG,63.56999969482422,62.209999084472656,-0.02139374888910517,0.001,-0.02239374888910517
2025-03-07,2025-03-10,VTR,LONG,68.25,67.6500015258789,-0.008791186434008669,0.001,-0.00979118643400867
2025-03-07,2025-03-10,SBUX,LONG,104.7300033569336,103.11000061035156,-0.01546837290800851,0.001,-0.01646837290800851
2025-03-07,2025-03-10,ADP,LONG,300.5899963378906,307.9100036621094,0.024352132184699782,0.001,0.02335213218469978
2025-03-07,2025-03-10,PLD,LONG,120.75,118.22000122070312,-0.020952370843038248,0.001,-0.02195237084303825
2025-03-07,2025-03-10,RSG,LONG,230.07000732421875,236.53500366210938,0.028100126622676358,0.001,0.027100126622676357
2025-03-07,2025-03-10,LNT,LONG,62.220001220703125,63.31999969482422,0.017679177957892422,0.001,0.01667917795789242
2025-03-07,2025-03-10,EVRG,LONG,66.41999816894531,64.55000305175781,-0.028154097692550284,0.001,-0.029154097692550285
2025-03-07,2025-03-10,SPG,LONG,174.32000732421875,166.97999572753906,-0.042106535614285234,0.001,-0.043106535614285235
2025-03-07,2025-03-10,STX,LONG,86.62149810791016,86.36000061035156,-0.003018852170310282,0.001,-0.004018852170310282
2025-03-07,2025-03-10,NI,LONG,38.59000015258789,38.084999084472656,-0.013086319412242031,0.001,-0.014086319412242032
2025-03-10,2025-03-11,CAH,LONG,122.5999984741211,124.54000091552734,0.015823837402540786,0.0005,0.007411918701270392
2025-03-10,2025-03-11,LLY,LONG,838.614990234375,823.1400146484375,-0.01845301570582769,0.0005,-0.009726507852913846
2025-03-10,2025-03-11,NOW,LONG,160.55599975585938,162.95799255371094,0.014960467385236376,0.0005,0.006980233692618187
2025-03-10,2025-03-11,BSX,LONG,93.73999786376953,95.3499984741211,0.01717517225348497,0.0005,0.008087586126742485
2025-03-10,2025-03-11,PODD,LONG,233.47500610351562,243.8800048828125,0.044565792942665716,0.0005,0.021782896471332858
2025-03-10,2025-03-11,EQIX,LONG,833.9199829101562,834.760009765625,0.0010073230917639897,0.0005,3.661545881994844e-06
2025-03-10,2025-03-11,DXCM,LONG,71.72000122070312,69.5199966430664,-0.030674909930169525,0.0005,-0.015837454965084763
2025-03-10,2025-03-11,AJG,LONG,322.6099853515625,325.67999267578125,0.009516157166906014,0.0005,0.004258078583453007
2025-03-10,2025-03-11,SATS,LONG,26.420000076293945,26.795000076293945,0.014193792540389882,0.0005,0.006596896270194941
2025-03-10,2025-03-11,CBRE,LONG,126.61000061035156,125.42500305175781,-0.009359430952383008,0.0005,-0.005179715476191504
2025-03-11,2025-03-12,TER,LONG,86.677001953125,87.20500183105469,0.00609157984277342,0.001,0.00509157984277342
2025-03-11,2025-03-12,GPN,LONG,93.31999969482422,92.06999969482422,-0.013394770725329574,0.001,-0.014394770725329575
2025-03-11,2025-03-12,LIN,LONG,455.67999267578125,452.3450012207031,-0.007318713809432054,0.001,-0.008318713809432055
2025-03-11,2025-03-12,LH,LONG,243.02999877929688,233.7949981689453,-0.03799942664172151,0.001,-0.03899942664172151
2025-03-11,2025-03-12,MAR,LONG,246.27000427246094,245.05999755859375,-0.0049133337104607655,0.001,-0.0059133337104607655
2025-03-11,2025-03-12,ROP,LONG,568.8049926757812,566.1099853515625,-0.004738016295428138,0.001,-0.005738016295428138
2025-03-11,2025-03-12,DIS,LONG,98.30000305175781,97.83000183105469,-0.004781294060140162,0.001,-0.005781294060140162
2025-03-11,2025-03-12,DAL,LONG,46.689998626708984,44.90999984741211,-0.03812377022171565,0.001,-0.03912377022171565
2025-03-11,2025-03-12,LLY,LONG,823.1099853515625,824.8200073242188,0.0020775133373285293,0.001,0.0010775133373285293
2025-03-11,2025-03-12,DPZ,LONG,430.8999938964844,434.3299865722656,0.007960066661326648,0.001,0.006960066661326648
2025-03-12,2025-03-13,CHTR,LONG,344.42999267578125,346.9100036621094,0.007200333998388375,0.001,0.006200333998388375
2025-03-12,2025-03-13,LH,LONG,233.7949981689453,235.33999633789062,0.006608345691933248,0.001,0.005608345691933248
2025-03-12,2025-03-13,ABT,LONG,130.22000122070312,130.22000122070312,0.0,0.001,-0.001
2025-03-12,2025-03-13,PAYX,LONG,144.9600067138672,143.4199981689453,-0.010623678763768685,0.001,-0.011623678763768686
2025-03-12,2025-03-13,YUM,LONG,154.07000732421875,153.7550048828125,-0.0020445409647016355,0.001,-0.0030445409647016355
2025-03-12,2025-03-13,PG,LONG,168.7449951171875,168.52999877929688,-0.0012740901603708332,0.001,-0.0022740901603708332
2025-03-12,2025-03-13,PEP,LONG,148.1199951171875,148.55999755859375,0.0029705809877871303,0.001,0.0019705809877871303
2025-03-12,2025-03-13,CPT,LONG,118.3499984741211,116.7249984741211,-0.013730460675547285,0.001,-0.014730460675547286
2025-03-12,2025-03-13,BNY,LONG,10.329999923706055,10.289999961853027,-0.003872213179908379,0.001,-0.004872213179908379
2025-03-12,2025-03-13,O,LONG,56.060001373291016,56.09000015258789,0.000535119132393902,0.001,-0.00046488086760609806
2025-03-13,2025-03-14,ADBE,LONG,378.6494140625,394.3500061035156,0.04146472028720494,0.001,0.040464720287204936
2025-03-13,2025-03-14,ULTA,LONG,311.239990234375,357.6199951171875,0.14901685624616134,0.001,0.14801685624616134
2025-03-13,2025-03-14,HD,LONG,347.2900085449219,350.1600036621094,0.008263972606675996,0.001,0.0072639726066759955
2025-03-13,2025-03-14,PSA,LONG,295.1400146484375,295.82000732421875,0.0023039663957165057,0.001,0.0013039663957165057
2025-03-13,2025-03-14,HST,LONG,14.710000038146973,14.890000343322754,0.0122365944737588,0.001,0.011236594473758799
2025-03-13,2025-03-14,DRI,LONG,182.39999389648438,185.06500244140625,0.0146107929501047,0.001,0.0136107929501047
2025-03-13,2025-03-14,AMCR,LONG,48.20000076293945,48.64999771118164,0.009336036122808311,0.001,0.00833603612280831
2025-03-13,2025-03-14,ECL,LONG,249.2100067138672,249.3350067138672,0.0005015849951142126,0.001,-0.0004984150048857874
2025-03-13,2025-03-14,WSM,LONG,164.16290283203125,168.61000061035156,0.027089541556599483,0.001,0.026089541556599483
2025-03-13,2025-03-14,KIM,LONG,20.315000534057617,20.399999618530273,0.004184055241847284,0.001,0.0031840552418472843
2025-03-14,2025-03-17,BMY,LONG,58.81999969482422,59.875,0.017936081445927288,0.001,0.016936081445927287
2025-03-14,2025-03-17,GILD,LONG,111.18000030517578,112.30000305175781,0.010073778948621603,0.001,0.009073778948621603
2025-03-14,2025-03-17,BNY,LONG,10.15999984741211,10.175000190734863,0.0014764117665391208,0.001,0.00047641176653912074
2025-03-14,2025-03-17,ABT,LONG,126.33999633789062,127.37000274658203,0.008152655046282486,0.001,0.0071526550462824865
2025-03-14,2025-03-17,CHD,LONG,108.81999969482422,109.19999694824219,0.0034919799162251852,0.001,0.002491979916225185
2025-03-14,2025-03-17,SHW,LONG,341.510009765625,343.80999755859375,0.006734759530319989,0.001,0.005734759530319989
2025-03-14,2025-03-17,ABBV,LONG,211.25999450683594,215.0500030517578,0.017940020086478103,0.001,0.016940020086478103
2025-03-17,2025-03-18,INCY,LONG,62.0099983215332,59.959999084472656,-0.03305917259392466,0.001,-0.03405917259392466
2025-03-21,2025-03-24,FDX,LONG,180.2336883544922,195.0443115234375,0.08217455517980121,0.0005,0.040587277589900606
2025-03-21,2025-03-24,LMT,LONG,446.54998779296875,432.8299865722656,-0.030724446525041804,0.0005,-0.015862223262520903
2025-03-21,2025-03-24,NUE,LONG,120.74859619140625,127.58000183105469,0.0565754456376415,0.0005,0.027787722818820748
2025-03-21,2025-03-24,STE,LONG,218.22500610351562,223.5800018310547,0.02453887307946223,0.0005,0.011769436539731115
2025-03-21,2025-03-24,CRL,LONG,163.67750549316406,167.97000122070312,0.026225324699357344,0.0005,0.012612662349678672
2025-03-21,2025-03-24,AMCR,LONG,47.224998474121094,47.32500076293945,0.0021175710333407594,0.0005,0.0005587855166703797
2025-03-21,2025-03-24,IT,LONG,421.7449951171875,433.1199951171875,0.026971274423397196,0.0005,0.012985637211698597
2025-03-24,2025-03-25,LMT,LONG,432.6700134277344,441.57000732421875,0.02056993463904777,0.001,0.01956993463904777
2025-03-25,2025-03-26,DUK,LONG,115.6500015258789,116.9749984741211,0.011456955735065,0.001,0.010456955735064999
2025-03-25,2025-03-26,MRK,LONG,88.77999877929688,88.45999908447266,-0.0036044120209972608,0.001,-0.004604412020997261
2025-03-25,2025-03-26,UPS,LONG,110.18710327148438,110.83999633789062,0.005925312917952175,0.001,0.004925312917952175
2025-03-25,2025-03-26,ABBV,LONG,202.15499877929688,202.3000030517578,0.0007172925395688701,0.001,-0.00028270746043112995
2025-03-26,2025-03-27,MRNA,LONG,31.450000762939453,32.25899887084961,0.025723309643396863,0.001,0.024723309643396862
2025-03-26,2025-03-27,CRL,LONG,158.14500427246094,158.80999755859375,0.004204959171439482,0.001,0.003204959171439482
2025-03-31,2025-04-01,CARR,LONG,62.720001220703125,62.5,-0.00350767245569672,0.001,-0.00450767245569672
2025-03-31,2025-04-01,MMM,LONG,143.99000549316406,146.22999572753906,0.015556567462464255,0.001,0.014556567462464254
2025-03-31,2025-04-01,VRTX,LONG,485.0,486.67999267578125,0.0034639024242912875,0.001,0.0024639024242912875
2025-03-31,2025-04-01,LVS,LONG,37.439998626708984,38.959999084472656,0.04059830431402123,0.001,0.039598304314021227
2025-03-31,2025-04-01,SWKS,LONG,63.5,63.5099983215332,0.00015745388241272806,0.001,-0.000842546117587272
2025-03-31,2025-04-01,F,LONG,9.574999809265137,9.930000305175781,0.037075770546452835,0.001,0.036075770546452834
2025-04-01,2025-04-02,VEEV,LONG,223.38999938964844,226.27499389648438,0.012914609045697523,0.001,0.011914609045697522
2025-04-01,2025-04-02,ARE,LONG,90.72000122070312,91.80000305175781,0.011904781928157915,0.001,0.010904781928157914
2025-04-01,2025-04-02,JNJ,LONG,157.97999572753906,155.52999877929688,-0.015508273290927188,0.001,-0.01650827329092719
2025-04-01,2025-04-02,TMO,LONG,489.5249938964844,486.2250061035156,-0.006741203889717107,0.001,-0.007741203889717107
2025-04-01,2025-04-02,TXT,LONG,71.55999755859375,72.3550033569336,0.011109639819214534,0.001,0.010109639819214533
2025-04-01,2025-04-02,CAT,LONG,325.2900085449219,332.4200134277344,0.0219189175674539,0.001,0.0209189175674539
2025-04-01,2025-04-02,FCX,LONG,37.23500061035156,37.95000076293945,0.01920236715100576,0.001,0.01820236715100576
2025-04-01,2025-04-02,CARR,LONG,62.494998931884766,64.47000122070312,0.031602565366406044,0.001,0.030602565366406043
2025-04-01,2025-04-02,APTV,LONG,58.41999816894531,59.790000915527344,0.023450920738136816,0.001,0.022450920738136815
2025-04-01,2025-04-02,MRNA,LONG,28.21500015258789,28.440000534057617,0.007974495135669502,0.001,0.0069744951356695015
2025-04-02,2025-04-03,BIIB,LONG,132.22999572753906,131.3350067138672,-0.006768426549116802,0.0005,-0.003884213274558401
2025-04-02,2025-04-03,INSM,LONG,72.09500122070312,74.13500213623047,0.028296010555327156,0.0005,0.013648005277663577
2025-04-02,2025-04-03,JNJ,LONG,155.52999877929688,159.90499877929688,0.02812962151570697,0.0005,0.013564810757853485
2025-04-02,2025-04-03,LUV,LONG,31.979999542236328,29.885000228881836,-0.06550967302509192,0.0005,-0.03325483651254596
2025-04-03,2025-04-04,VLO,LONG,117.125,105.16999816894531,-0.10207045320004005,0.0005,-0.05153522660002002
2025-04-03,2025-04-04,MCHP,LONG,41.084999084472656,37.66999816894531,-0.08312038436476399,0.0005,-0.042060192182381995
2025-04-03,2025-04-04,HAL,LONG,22.844999313354492,20.209999084472656,-0.11534253920250703,0.0005,-0.05817126960125352
2025-04-03,2025-04-04,COP,LONG,96.75,87.16500091552734,-0.09906975797904549,0.0005,-0.050034878989522746
2025-04-03,2025-04-04,PSX,LONG,109.06999969482422,98.08000183105469,-0.10076095988373834,0.0005,-0.05088047994186917
2025-04-03,2025-04-04,APA,LONG,18.225000381469727,15.335000038146973,-0.15857340372190953,0.0005,-0.07978670186095477
2025-04-03,2025-04-04,SLB,LONG,39.59000015258789,34.68000030517578,-0.12402121314695569,0.0005,-0.06251060657347784
2025-04-03,2025-04-04,GEHC,LONG,72.16999816894531,62.685001373291016,-0.1314257591284751,0.0005,-0.06621287956423755
2025-04-03,2025-04-04,XOM,LONG,113.9000015258789,105.69000244140625,-0.07208076360391691,0.0005,-0.036540381801958455
2025-04-03,2025-04-04,SWK,LONG,68.3499984741211,61.900001525878906,-0.09436718496320529,0.0005,-0.047683592481602644
2025-04-04,2025-04-07,HIG,LONG,114.55000305175781,110.70500183105469,-0.03356613809050546,0.001,-0.03456613809050546
2025-04-04,2025-04-07,WTW,LONG,310.7699890136719,303.2900085449219,-0.02406918535631486,0.001,-0.02506918535631486
2025-04-04,2025-04-07,GL,LONG,115.26000213623047,115.3499984741211,0.0007808115237084579,0.001,-0.00021918847629154217
2025-04-04,2025-04-07,L,LONG,83.91000366210938,81.80000305175781,-0.025145995927352782,0.001,-0.026145995927352783
2025-04-04,2025-04-07,TRV,LONG,243.49000549316406,235.7100067138672,-0.03195202515002327,0.001,-0.03295202515002327
2025-04-04,2025-04-07,AFL,LONG,103.38999938964844,100.6500015258789,-0.02650157539360487,0.001,-0.02750157539360487
2025-04-04,2025-04-07,HON,LONG,185.0282745361328,178.6946258544922,-0.03423070715823906,0.001,-0.03523070715823906
2025-04-04,2025-04-07,CINF,LONG,133.47500610351562,127.55500030517578,-0.04435291648346973,0.001,-0.04535291648346973
2025-04-04,2025-04-07,DTE,LONG,132.9600067138672,129.35000610351562,-0.027151026083507612,0.001,-0.028151026083507613
2025-04-04,2025-04-07,AIG,LONG,79.44000244140625,78.9000015258789,-0.006797594397427664,0.001,-0.007797594397427664
2025-04-07,2025-04-08,OTIS,LONG,93.01000213623047,91.6449966430664,-0.01467590003024366,0.001,-0.01567590003024366
2025-04-07,2025-04-08,INVH,LONG,32.025001525878906,30.690000534057617,-0.04168621165380726,0.001,-0.04268621165380726
2025-04-07,2025-04-08,FER,LONG,41.380001068115234,41.099998474121094,-0.006766616403253156,0.001,-0.007766616403253156
2025-04-07,2025-04-08,ESS,LONG,264.260009765625,256.8299865722656,-0.028116335876734233,0.001,-0.029116335876734234
2025-04-07,2025-04-08,HIG,LONG,110.7249984741211,110.44000244140625,-0.002573908662382607,0.001,-0.003573908662382607
2025-04-07,2025-04-08,ES,LONG,56.185001373291016,54.29499816894531,-0.03363892779477917,0.001,-0.03463892779477917
2025-04-07,2025-04-08,TRV,LONG,235.69000244140625,235.91659545898438,0.0009614027545969961,0.001,-3.859724540300393e-05
2025-04-07,2025-04-08,CINF,LONG,127.31999969482422,127.4800033569336,0.0012567048577827311,0.001,0.0002567048577827311
2025-04-07,2025-04-08,EG,LONG,328.2099914550781,332.8999938964844,0.014289639448859193,0.001,0.013289639448859192
2025-04-07,2025-04-08,LIN,LONG,429.1400146484375,415.17999267578125,-0.032530226723538336,0.001,-0.03353022672353834
2025-04-08,2025-04-09,NVR,LONG,6742.97998046875,7095.97998046875,0.05235074121864147,0.001,0.05135074121864147
2025-04-08,2025-04-09,MNST,LONG,55.5,58.15999984741211,0.047927925178596675,0.001,0.046927925178596674
2025-04-08,2025-04-09,IFF,LONG,67.08000183105469,72.93000030517578,0.08720927719791494,0.001,0.08620927719791494
2025-04-08,2025-04-09,GPC,LONG,106.75,113.9800033569336,0.06772836868321863,0.001,0.06672836868321863
2025-04-08,2025-04-09,DHI,LONG,116.18000030517578,121.08999633789062,0.04226197297140222,0.001,0.04126197297140222
2025-04-08,2025-04-09,IDXX,LONG,363.989990234375,397.2300109863281,0.09132124960510501,0.001,0.09032124960510501
2025-04-08,2025-04-09,BALL,LONG,45.14500045776367,46.65999984741211,0.03355851975382795,0.001,0.03255851975382795
2025-04-08,2025-04-09,EW,LONG,67.28500366210938,69.86000061035156,0.03826999789096042,0.001,0.037269997890960416
2025-04-08,2025-04-09,INVH,LONG,30.690000534057617,32.25,0.05083087125434238,0.001,0.04983087125434238
2025-04-08,2025-04-09,AVY,LONG,159.5800018310547,168.6999969482422,0.057149987545699554,0.001,0.05614998754569955
2025-04-10,2025-04-11,DG,LONG,86.0,87.44000244140625,0.016744214434956328,0.001,0.015744214434956327
2025-04-11,2025-04-14,CRL,LONG,94.22000122070312,105.86699676513672,0.12361489485816701,0.001,0.12261489485816701
2025-04-17,2025-04-21,UNH,LONG,447.9599914550781,427.7099914550781,-0.04520492987381153,0.001,-0.04620492987381153
2025-04-17,2025-04-21,CNC,LONG,60.65999984741211,57.95000076293945,-0.04467522405686708,0.001,-0.04567522405686708
2025-04-21,2025-04-22,ELV,LONG,402.8699951171875,415.9100036621094,0.03236778291500397,0.001,0.03136778291500397
2025-04-21,2025-04-22,CNC,LONG,57.959999084472656,60.220001220703125,0.0389924460305231,0.001,0.0379924460305231
2025-04-21,2025-04-22,UNH,LONG,427.760009765625,427.25,-0.0011922801430279684,0.001,-0.0021922801430279684
2025-04-21,2025-04-22,DVA,LONG,133.44000244140625,134.89999389648438,0.010941182766533775,0.001,0.009941182766533774
2025-04-21,2025-04-22,UHS,LONG,155.52499389648438,161.3000030517578,0.0371323541675701,0.001,0.0361323541675701
2025-04-21,2025-04-22,HUM,LONG,245.91000366210938,259.010009765625,0.05327154612837792,0.001,0.05227154612837792
2025-04-23,2025-04-24,NOC,LONG,466.6700134277344,467.0050048828125,0.00071783368427214,0.001,-0.00028216631572786
2025-04-25,2025-04-28,AON,LONG,327.2300109863281,339.82000732421875,0.038474455016953346,0.0005,0.018737227508476673
2025-04-25,2025-04-28,ERIE,LONG,362.4125061035156,349.4700012207031,-0.035712081301950804,0.0005,-0.018356040650975403
2025-04-25,2025-04-28,PEP,LONG,132.52499389648438,134.06500244140625,0.011620513984892389,0.0005,0.005310256992446194
2025-04-25,2025-04-28,TMUS,LONG,234.47000122070312,234.10000610351562,-0.0015780062065987588,0.0005,-0.0012890031032993794
2025-04-25,2025-04-28,CNC,LONG,57.0099983215332,59.13999938964844,0.037361886174809955,0.0005,0.018180943087404977
2025-04-28,2025-04-29,ERIE,LONG,348.5199890136719,350.75,0.0063985167468849635,0.001,0.0053985167468849635
2025-04-29,2025-04-30,BRO,LONG,107.72000122070312,109.30999755859375,0.014760455995845634,0.001,0.013760455995845633
2025-04-30,2025-05-01,EIX,LONG,53.432701110839844,54.439998626708984,0.018851704947118852,0.001,0.01785170494711885
2025-04-30,2025-05-01,PCG,LONG,16.575000762939453,16.65999984741211,0.005128149656723258,0.001,0.004128149656723258
2025-05-01,2025-05-02,CHD,LONG,92.5,92.93000030517578,0.004648651947846361,0.001,0.0036486519478463606
2025-05-01,2025-05-02,BDX,LONG,135.88836669921875,132.68081665039062,-0.023604302021878465,0.001,-0.024604302021878466
2025-05-05,2025-05-06,XYZ,LONG,45.91999816894531,47.66999816894531,0.03810975761718316,0.001,0.03710975761718316
2025-05-05,2025-05-06,MSI,LONG,405.94000244140625,406.7900085449219,0.002093920526194726,0.001,0.0010939205261947258
2025-05-05,2025-05-06,ED,LONG,110.33999633789062,109.69000244140625,-0.005890827606101379,0.001,-0.006890827606101379
2025-05-06,2025-05-07,VRTX,LONG,441.5199890136719,436.5,-0.011369788771933509,0.001,-0.01236978877193351
2025-05-06,2025-05-07,TSN,LONG,56.040000915527344,55.45199966430664,-0.01049252750918106,0.001,-0.01149252750918106
2025-05-06,2025-05-07,PLTR,LONG,107.05000305175781,109.55500030517578,0.023400253918786085,0.001,0.022400253918786084
2025-05-06,2025-05-07,MELI,LONG,2231.0400390625,2249.6201171875,0.008327989547335823,0.001,0.007327989547335823
2025-05-06,2025-05-07,DPZ,LONG,473.8299865722656,477.79998779296875,0.008378535198716675,0.001,0.0073785351987166745
2025-05-06,2025-05-07,FAST,LONG,39.81999969482422,39.287498474121094,-0.013372707804725104,0.001,-0.014372707804725104
2025-05-06,2025-05-07,GILD,LONG,100.42739868164062,98.75,-0.01670260012367797,0.001,-0.01770260012367797
2025-05-06,2025-05-07,BRK-B,LONG,510.6499938964844,516.4099731445312,0.011279701002433473,0.001,0.010279701002433472
2025-05-07,2025-05-08,VRTX,LONG,436.3500061035156,427.5910949707031,-0.020073131683959744,0.0005,-0.010536565841979872
2025-05-07,2025-05-08,INSM,LONG,67.95999908447266,67.12999725341797,-0.012213093617364779,0.0005,-0.00660654680868239
2025-05-07,2025-05-08,ALGN,LONG,170.0,183.06500244140625,0.07685295553768379,0.0005,0.03792647776884189
2025-05-07,2025-05-08,MRNA,LONG,23.80500030517578,24.655000686645508,0.03570679985603342,0.0005,0.01735339992801671
2025-05-07,2025-05-08,BG,LONG,76.63999938964844,76.5,-0.0018267143888749393,0.0005,-0.0014133571944374697
2025-05-07,2025-05-08,DASH,LONG,179.2050018310547,181.9600067138672,0.01537348207172129,0.0005,0.007186741035860644
2025-05-07,2025-05-08,FAST,LONG,39.279998779296875,40.05500030517578,0.01973018202554999,0.0005,0.009365091012774995
2025-05-08,2025-05-09,EVRG,LONG,67.58999633789062,66.27999877929688,-0.019381530249608425,0.001,-0.020381530249608426
2025-05-08,2025-05-09,FTNT,LONG,98.44999694824219,96.81999969482422,-0.01655660034479134,0.001,-0.01755660034479134
2025-05-08,2025-05-09,VRTX,LONG,427.6300048828125,431.4549865722656,0.00894460549020959,0.001,0.007944605490209589
2025-05-08,2025-05-09,INSM,LONG,67.0999984741211,65.51000213623047,-0.023695922116955814,0.001,-0.024695922116955815
2025-05-08,2025-05-09,LLY,LONG,748.3800048828125,746.0800170898438,-0.0030732886741527965,0.001,-0.0040732886741527965
2025-05-09,2025-05-12,CASY,LONG,440.4649963378906,439.114990234375,-0.0030649566134421935,0.0005,-0.0020324783067210968
2025-05-09,2025-05-12,EVRG,LONG,66.29000091552734,65.88500213623047,-0.006109500282146074,0.0005,-0.003554750141073037
2025-05-09,2025-05-12,AEP,LONG,104.2249984741211,101.80999755859375,-0.02317103334980608,0.0005,-0.01208551667490304
2025-05-09,2025-05-12,WMT,LONG,96.76499938964844,96.44999694824219,-0.0032553345051739013,0.0005,-0.0021276672525869507
2025-05-09,2025-05-12,CNP,LONG,37.45500183105469,36.834999084472656,-0.016553269690884775,0.0005,-0.008776634845442388
2025-05-09,2025-05-12,PM,LONG,169.9550018310547,165.3350067138672,-0.027183637241697922,0.0005,-0.014091818620848962
2025-05-09,2025-05-12,PNW,LONG,91.3499984741211,90.4000015258789,-0.010399528890099763,0.0005,-0.005699764445049882
2025-05-09,2025-05-12,WEC,LONG,107.2300033569336,105.0999984741211,-0.01986388898751046,0.0005,-0.01043194449375523
2025-05-09,2025-05-12,DUK,LONG,119.77999877929688,116.59200286865234,-0.026615427810436354,0.0005,-0.013807713905218177
2025-05-09,2025-05-12,ATO,LONG,159.60000610351562,155.1475067138672,-0.027897864783041237,0.0005,-0.01444893239152062
2025-05-12,2025-05-13,SATS,LONG,21.149999618530273,19.719999313354492,-0.06761230879280522,0.0005,-0.03430615439640261
2025-05-12,2025-05-13,MO,LONG,57.314998626708984,56.67499923706055,-0.01116635095495222,0.0005,-0.00608317547747611
2025-05-12,2025-05-13,CI,LONG,313.0950012207031,302.0899963378906,-0.035149091617259653,0.0005,-0.018074545808629827
2025-05-12,2025-05-13,AWK,LONG,139.08999633789062,133.75999450683594,-0.038320526072245675,0.0005,-0.019660263036122838
2025-05-12,2025-05-13,DUK,LONG,116.61000061035156,113.4000015258789,-0.027527648294924267,0.0005,-0.014263824147462134
2025-05-12,2025-05-13,CCEP,LONG,87.18000030517578,87.44999694824219,0.0030970020890259686,0.0005,0.0010485010445129843
2025-05-12,2025-05-13,SO,LONG,88.125,86.0000991821289,-0.024112349706338687,0.0005,-0.012556174853169344
2025-05-12,2025-05-13,XEL,LONG,68.33000183105469,68.40499877929688,0.001097569826320477,0.0005,4.8784913160238464e-05
2025-05-12,2025-05-13,AEP,LONG,101.83999633789062,99.80999755859375,-0.019933217324180075,0.0005,-0.010466608662090038
2025-05-12,2025-05-13,ATO,LONG,155.1999969482422,154.16000366210938,-0.006700987800145608,0.0005,-0.003850493900072804
2025-05-13,2025-05-14,HUM,LONG,231.44000244140625,230.61000061035156,-0.003586250528427204,0.001,-0.004586250528427204
2025-05-13,2025-05-14,ELV,LONG,376.5799865722656,374.1000061035156,-0.006585534434061291,0.001,-0.007585534434061291
2025-05-13,2025-05-14,ABT,LONG,129.39999389648438,128.5500030517578,-0.006568708538012169,0.001,-0.007568708538012169
2025-05-13,2025-05-14,AWK,LONG,133.8300018310547,133.80999755859375,-0.00014947524611252927,0.001,-0.0011494752461125293
2025-05-13,2025-05-14,JNJ,LONG,149.39999389648438,146.32000732421875,-0.020615707483895074,0.001,-0.021615707483895075
2025-05-13,2025-05-14,SO,LONG,86.01000213623047,84.88999938964844,-0.013021773267812176,0.001,-0.014021773267812176
2025-05-13,2025-05-14,CI,LONG,302.0899963378906,303.19000244140625,0.0036413191990816163,0.001,0.0026413191990816163
2025-05-13,2025-05-14,DUK,LONG,113.41000366210938,112.47000122070312,-0.008288531972954205,0.001,-0.009288531972954206
2025-05-13,2025-05-14,SPG,LONG,160.67999267578125,161.14999389648438,0.0029250761894885624,0.001,0.0019250761894885624
2025-05-13,2025-05-14,ED,LONG,100.52999877929688,99.2699966430664,-0.012533593469912119,0.001,-0.01353359346991212
2025-05-15,2025-05-16,IQV,LONG,140.8300018310547,140.25,-0.004118453621483886,0.001,-0.005118453621483886
2025-05-15,2025-05-16,LMT,LONG,458.9700012207031,465.0,0.013138110907595646,0.001,0.012138110907595645
2025-05-15,2025-05-16,VTRS,LONG,8.479999542236328,8.78499984741211,0.035967019061341476,0.001,0.034967019061341476
2025-05-15,2025-05-16,BNY,LONG,9.819999694824219,9.850000381469727,0.0030550598348104696,0.001,0.0020550598348104696
2025-05-15,2025-05-16,JNJ,LONG,148.0,151.02000427246094,0.020405434273384815,0.001,0.019405434273384814
2025-05-15,2025-05-16,TRV,LONG,265.0799865722656,271.010009765625,0.02237069372924072,0.001,0.02137069372924072
2025-05-15,2025-05-16,COST,LONG,992.6500244140625,1019.594970703125,0.02714445738815896,0.001,0.02614445738815896
2025-05-15,2025-05-16,ABT,LONG,128.85000610351562,133.7449951171875,0.037989823684907886,0.001,0.036989823684907885
2025-05-15,2025-05-16,PHM,LONG,102.25,103.30999755859375,0.010366724289425422,0.001,0.009366724289425421
2025-05-15,2025-05-16,ELV,LONG,366.3800048828125,397.45001220703125,0.08480268276145853,0.001,0.08380268276145852
2025-05-16,2025-05-19,HSY,LONG,157.3000030517578,158.49000549316406,0.007565177484546437,0.001,0.006565177484546437
2025-05-16,2025-05-19,NWS,LONG,32.619998931884766,32.70500183105469,0.00260585229777055,0.001,0.00160585229777055
2025-05-16,2025-05-19,FCX,LONG,37.20000076293945,38.494998931884766,0.03481177802112989,0.001,0.03381177802112989
2025-05-16,2025-05-19,MSTR,LONG,394.5400085449219,405.9006042480469,0.028794534032234864,0.001,0.027794534032234863
2025-05-16,2025-05-19,IQV,LONG,140.33999633789062,141.31500244140625,0.006947457096750487,0.001,0.005947457096750487
2025-05-19,2025-05-20,VEEV,LONG,237.23500061035156,239.32000732421875,0.008788782045241916,0.001,0.007788782045241916
2025-05-19,2025-05-20,SNPS,LONG,512.0,512.5800170898438,0.0011328458786010742,0.001,0.0001328458786010742
2025-05-19,2025-05-20,ARES,LONG,168.55999755859375,166.6699981689453,-0.011212621126144962,0.001,-0.012212621126144962
2025-05-19,2025-05-20,BNY,LONG,9.739999771118164,9.710000038146973,-0.0030800547922135157,0.001,-0.004080054792213516
2025-05-20,2025-05-21,FICO,LONG,1939.125,1734.239990234375,-0.10565848502062791,0.001,-0.10665848502062791
2025-05-20,2025-05-21,LVS,LONG,41.400001525878906,40.38999938964844,-0.024396185966300554,0.001,-0.025396185966300555
2025-05-20,2025-05-21,EFX,LONG,267.5150146484375,258.9100036621094,-0.032166459881276754,0.001,-0.033166459881276755
2025-05-20,2025-05-21,MCO,LONG,483.885009765625,476.45001220703125,-0.015365215719732594,0.001,-0.016365215719732595
2025-05-20,2025-05-21,MA,LONG,578.8098754882812,568.6400146484375,-0.017570295999639773,0.001,-0.018570295999639774
2025-05-20,2025-05-21,CRM,LONG,285.9949951171875,283.2200012207031,-0.00970294565940677,0.001,-0.01070294565940677
2025-05-20,2025-05-21,NDAQ,LONG,81.39920043945312,80.93000030517578,-0.005764186033084484,0.001,-0.006764186033084484
2025-05-20,2025-05-21,ISRG,LONG,553.75,547.6649780273438,-0.01098875299802482,0.001,-0.01198875299802482
2025-05-20,2025-05-21,ARES,LONG,166.72999572753906,160.86000061035156,-0.03520659310025964,0.001,-0.03620659310025964
2025-05-20,2025-05-21,ADSK,LONG,293.7799987792969,294.5199890136719,0.002518858456837636,0.001,0.001518858456837636
2025-05-21,2025-05-22,FICO,LONG,1728.8299560546875,1702.2950439453125,-0.015348480061005865,0.001,-0.016348480061005866
2025-05-21,2025-05-22,V,LONG,359.1099853515625,359.6099853515625,0.00139233109742265,0.001,0.0003923310974226499
2025-05-21,2025-05-22,CBRE,LONG,122.5,120.41000366210938,-0.01706119459502553,0.001,-0.01806119459502553
2025-05-21,2025-05-22,VLTO,LONG,100.12999725341797,101.0199966430664,0.008888439169691953,0.001,0.007888439169691952
2025-05-21,2025-05-22,RCL,LONG,239.27999877929688,238.46499633789062,-0.003406061708308372,0.001,-0.004406061708308372
2025-05-21,2025-05-22,SCHW,LONG,87.68499755859375,87.55000305175781,-0.0015395393806760804,0.001,-0.0025395393806760804
2025-05-21,2025-05-22,STT,LONG,95.80000305175781,96.51499938964844,0.0074634270888731535,0.001,0.0064634270888731535
2025-05-21,2025-05-22,LII,LONG,574.030029296875,576.9199829101562,0.0050344990083901475,0.001,0.0040344990083901475
2025-05-21,2025-05-22,MA,LONG,568.5800170898438,572.489990234375,0.006876733312830119,0.001,0.005876733312830119
2025-05-21,2025-05-22,PLD,LONG,105.28500366210938,105.44999694824219,0.0015671109882118284,0.001,0.0005671109882118283
2025-05-22,2025-05-23,MDT,LONG,81.42500305175781,80.625,-0.009825029435360122,0.001,-0.010825029435360123
2025-05-22,2025-05-23,GE,LONG,230.41000366210938,232.6999969482422,0.009938775442628112,0.001,0.00893877544262811
2025-05-22,2025-05-23,NEE,LONG,65.90499877929688,67.62000274658203,0.026022365511732648,0.001,0.025022365511732647
2025-05-22,2025-05-23,SCHW,LONG,87.55000305175781,87.53500366210938,-0.00017132369075500975,0.001,-0.0011713236907550098
2025-05-22,2025-05-23,UHS,LONG,187.25999450683594,185.8000030517578,-0.00779660097140944,0.001,-0.00879660097140944
2025-05-22,2025-05-23,MKC,LONG,71.1500015258789,71.19000244140625,0.0005622054064580162,0.001,-0.0004377945935419838
2025-05-22,2025-05-23,RJF,LONG,146.92999267578125,145.74000549316406,-0.008099007976152595,0.001,-0.009099007976152595
2025-05-22,2025-05-23,TPL,LONG,430.9666748046875,426.7033386230469,-0.009892496174031873,0.001,-0.010892496174031874
2025-05-22,2025-05-23,FICO,LONG,1703.6800537109375,1703.02001953125,-0.0003874167442706744,0.001,-0.0013874167442706744
2025-05-22,2025-05-23,BEN,LONG,21.635000228881836,21.524999618530273,-0.005084382213442984,0.001,-0.006084382213442984
2025-05-23,2025-05-27,WDAY,LONG,239.49000549316406,239.3800048828125,-0.00045931190374748354,0.001,-0.0014593119037474836
2025-05-23,2025-05-27,DECK,LONG,101.61000061035156,108.95999908447266,0.07233538460752964,0.001,0.07133538460752964
2025-05-23,2025-05-27,CPRT,LONG,54.459999084472656,52.81999969482422,-0.0301138343227777,0.001,-0.0311138343227777
2025-05-23,2025-05-27,BALL,LONG,51.85499954223633,53.36000061035156,0.029023258729168333,0.001,0.028023258729168332
2025-05-23,2025-05-27,LDOS,LONG,152.05999755859375,152.57000732421875,0.003354003510545045,0.001,0.002354003510545045
2025-05-23,2025-05-27,ROST,LONG,136.67999267578125,141.25999450683594,0.03350894115072789,0.001,0.03250894115072789
2025-05-23,2025-05-27,CRM,LONG,274.1000061035156,277.239990234375,0.011455614961473293,0.001,0.010455614961473292
2025-05-23,2025-05-27,TJX,LONG,126.1500015258789,127.95999908447266,0.014347978887835788,0.001,0.013347978887835787
2025-05-23,2025-05-27,V,LONG,354.5199890136719,359.3599853515625,0.013652252307003065,0.001,0.012652252307003065
2025-05-23,2025-05-27,NTAP,LONG,98.1500015258789,100.4000015258789,0.022924095415390866,0.001,0.021924095415390865
2025-05-28,2025-05-29,PDD,LONG,100.51000213623047,98.77999877929688,-0.017212250722955513,0.001,-0.018212250722955514
2025-05-28,2025-05-29,CPRT,LONG,52.81999969482422,51.4900016784668,-0.025179818705825308,0.001,-0.02617981870582531
2025-05-28,2025-05-29,WDAY,LONG,239.17999267578125,241.08999633789062,0.007985633082188803,0.001,0.006985633082188803
2025-05-28,2025-05-29,GDDY,LONG,180.5,180.02999877929688,-0.0026038848792416802,0.001,-0.0036038848792416802
2025-05-29,2025-05-30,CDNS,LONG,290.07501220703125,283.5899963378906,-0.022356340933331276,0.0005,-0.011678170466665638
2025-05-29,2025-05-30,BBY,LONG,65.29000091552734,66.62999725341797,0.020523760439585814,0.0005,0.009761880219792907
2025-05-29,2025-05-30,HPQ,LONG,25.790000915527344,24.915000915527344,-0.03392787781846063,0.0005,-0.017463938909230314
2025-05-29,2025-05-30,LYV,LONG,136.6300048828125,136.40499877929688,-0.0016468278963219785,0.0005,-0.0013234139481609892
2025-05-29,2025-05-30,CRM,LONG,257.11199951171875,264.19000244140625,0.027528870465514332,0.0005,0.013264435232757166
2025-05-29,2025-05-30,SNPS,LONG,464.5,452.9750061035156,-0.024811612263690774,0.0005,-0.012905806131845388
2025-05-29,2025-05-30,JKHY,LONG,179.72500610351562,180.32000732421875,0.0033106201168269234,0.0005,0.0011553100584134617
2025-05-29,2025-05-30,MLM,LONG,547.6500244140625,544.4500122070312,-0.005843170025336852,0.0005,-0.003421585012668426
2025-05-29,2025-05-30,ZS,LONG,250.56500244140625,273.4800109863281,0.09145334871848454,0.0005,0.04522667435924227
2025-05-29,2025-05-30,FFIV,LONG,280.1650085449219,281.2900085449219,0.0040154907489797775,0.0005,0.0015077453744898888
2025-05-30,2025-06-02,COO,LONG,68.23500061035156,67.4749984741211,-0.011138010250346109,0.0005,-0.006069005125173055
2025-05-30,2025-06-02,REGN,LONG,487.94000244140625,499.114990234375,0.02290238090145258,0.0005,0.01095119045072629
2025-05-30,2025-06-02,HSIC,LONG,70.8550033569336,69.58000183105469,-0.017994516483981537,0.0005,-0.00949725824199077
2025-05-30,2025-06-02,CDNS,LONG,283.5899963378906,288.125,0.015991409149376468,0.0005,0.007495704574688233
2025-05-30,2025-06-02,HPQ,LONG,24.915000915527344,24.780000686645508,-0.0054184316243673925,0.0005,-0.0032092158121836962
2025-05-30,2025-06-02,COHR,LONG,75.95999908447266,75.47000122070312,-0.006450735514420214,0.0005,-0.003725367757210107
2025-05-30,2025-06-02,MLM,LONG,544.8099975585938,537.7750244140625,-0.01291270934097466,0.0005,-0.00695635467048733
2025-05-30,2025-06-02,SNPS,LONG,452.947509765625,457.5,0.010050811929026127,0.0005,0.004525405964513063
2025-05-30,2025-06-02,LITE,LONG,72.98999786376953,74.33000183105469,0.018358734162263968,0.0005,0.008679367081131983
2025-05-30,2025-06-02,LYV,LONG,136.39999389648438,137.69500732421875,0.009494233766001337,0.0005,0.004247116883000668
2025-06-02,2025-06-03,HUBB,LONG,381.8599853515625,389.9599914550781,0.021211979296700267,0.001,0.020211979296700266
2025-06-02,2025-06-03,ADBE,LONG,400.1549987792969,410.875,0.026789622154928194,0.001,0.025789622154928193
2025-06-02,2025-06-03,COO,LONG,67.4749984741211,67.41999816894531,-0.0008151212511234851,0.001,-0.0018151212511234851
2025-06-02,2025-06-03,HSIC,LONG,69.57499694824219,70.80999755859375,0.01775063836898605,0.001,0.01675063836898605
2025-06-02,2025-06-03,J,LONG,124.00170135498047,126.05000305175781,0.016518335429234643,0.001,0.015518335429234642
2025-06-02,2025-06-03,DELL,LONG,107.16500091552734,111.83000183105469,0.04353101176385499,0.001,0.04253101176385499
2025-06-02,2025-06-03,TSLA,LONG,338.5899963378906,354.4800109863281,0.046929959007354416,0.001,0.045929959007354415
2025-06-02,2025-06-03,ALLE,LONG,138.8800048828125,138.88499450683594,3.592759107151622e-05,0.001,-0.0009640724089284838
2025-06-02,2025-06-03,TYL,LONG,560.0286254882812,573.8350219726562,0.024653019249395225,0.001,0.023653019249395224
2025-06-02,2025-06-03,BALL,LONG,51.88999938964844,53.349998474121094,0.02813642516179926,0.001,0.02713642516179926
2025-06-03,2025-06-04,KVUE,LONG,22.038400650024414,21.770000457763672,-0.012178750923127701,0.0005,-0.006589375461563851
2025-06-03,2025-06-04,FDS,LONG,434.92498779296875,434.2950134277344,-0.0014484667078595859,0.0005,-0.001224233353929793
2025-06-04,2025-06-05,KVUE,LONG,21.764999389648438,21.764999389648438,0.0,0.001,-0.001
2025-06-04,2025-06-05,BG,LONG,74.88999938964844,73.81999969482422,-0.014287617886829862,0.001,-0.015287617886829863
2025-06-04,2025-06-05,DLTR,LONG,88.55000305175781,96.6500015258789,0.0914737232633025,0.001,0.0904737232633025
2025-06-05,2025-06-06,TSLA,LONG,281.66009521484375,295.125,0.04780551101811392,0.001,0.04680551101811392
2025-06-05,2025-06-06,BF-B,LONG,27.235000610351562,28.100000381469727,0.031760593050597974,0.001,0.030760593050597973
2025-06-05,2025-06-06,CIEN,LONG,72.4000015258789,72.70999908447266,0.004281734144479854,0.001,0.003281734144479854
2025-06-05,2025-06-06,PG,LONG,162.88999938964844,164.0,0.006814418408194189,0.001,0.005814418408194189
2025-06-05,2025-06-06,CEG,LONG,290.30999755859375,298.8999938964844,0.029589047604731133,0.001,0.028589047604731133
2025-06-05,2025-06-06,AJG,LONG,328.1099853515625,328.6499938964844,0.001645815638141146,0.001,0.0006458156381411459
2025-06-05,2025-06-06,PLTR,LONG,120.38999938964844,127.68000030517578,0.06055321000486824,0.001,0.05955321000486824
2025-06-05,2025-06-06,KMB,LONG,135.6649932861328,133.53500366210938,-0.015700362874975782,0.001,-0.016700362874975783
2025-06-05,2025-06-06,BRO,LONG,109.8499984741211,110.58000183105469,0.00664545623189583,0.001,0.00564545623189583
2025-06-05,2025-06-06,GEV,LONG,481.8900146484375,484.989990234375,0.006432952523822477,0.001,0.005432952523822477
2025-06-09,2025-06-10,LULU,LONG,266.3900146484375,259.3299865722656,-0.026502600277601207,0.001,-0.027502600277601208
2025-06-09,2025-06-10,MOS,LONG,34.93000030517578,34.33000183105469,-0.017177167732007947,0.001,-0.01817716773200795
2025-06-09,2025-06-10,KMB,LONG,133.5500030517578,132.6649932861328,-0.006626804533145569,0.001,-0.007626804533145569
2025-06-09,2025-06-10,ALNY,LONG,303.79998779296875,303.69000244140625,-0.00036203211317265005,0.001,-0.00136203211317265
2025-06-10,2025-06-11,SJM,LONG,96.5999984741211,94.97000122070312,-0.016873677838148637,0.0005,-0.00893683891907432
2025-06-10,2025-06-11,GE,LONG,244.11500549316406,245.63999938964844,0.006247030547768206,0.0005,0.002623515273884103
2025-06-10,2025-06-11,HWM,LONG,170.10000610351562,170.75999450683594,0.003880002231855695,0.0005,0.0014400011159278474
2025-06-10,2025-06-11,NFLX,LONG,120.25999450683594,122.09599304199219,0.01526691018642845,0.0005,0.007133455093214225
2025-06-10,2025-06-11,CTAS,LONG,222.97500610351562,221.97500610351562,-0.004484807591106255,0.0005,-0.0027424037955531273
2025-06-10,2025-06-11,GEV,LONG,467.7349853515625,479.5799865722656,0.025324172002656686,0.0005,0.012162086001328343
2025-06-10,2025-06-11,ACGL,LONG,89.97000122070312,90.20999908447266,0.0026675320719491413,0.0005,0.0008337660359745707
2025-06-10,2025-06-11,TRV,LONG,264.0625,262.8699951171875,-0.004515994822485214,0.0005,-0.002757997411242607
2025-06-10,2025-06-11,ADP,LONG,315.30499267578125,313.6499938964844,-0.00524888224969744,0.0005,-0.00312444112484872
2025-06-10,2025-06-11,VRSK,LONG,311.989990234375,312.1000061035156,0.0003526262783557499,0.0005,-0.00032368686082212507
2025-06-11,2025-06-12,LMT,LONG,450.489990234375,466.29998779296875,0.035095113989920934,0.001,0.03409511398992093
2025-06-11,2025-06-12,TMUS,LONG,230.5800018310547,228.83999633789062,-0.0075462116373776755,0.001,-0.008546211637377676
2025-06-11,2025-06-12,SJM,LONG,94.94999694824219,96.0,0.011058484312855388,0.001,0.010058484312855387
2025-06-11,2025-06-12,BRO,LONG,104.30999755859375,106.76499938964844,0.02353563309859763,0.001,0.02253563309859763
2025-06-11,2025-06-12,PAYX,LONG,154.49000549316406,153.2100067138672,-0.00828531771496066,0.001,-0.009285317714960661
2025-06-11,2025-06-12,DXCM,LONG,83.68000030517578,82.20999908447266,-0.01756693612980542,0.001,-0.018566936129805423
2025-06-11,2025-06-12,CTAS,LONG,221.85000610351562,222.38999938964844,0.0024340467490491235,0.001,0.0014340467490491235
2025-06-11,2025-06-12,GLW,LONG,50.404998779296875,50.560001373291016,0.0030751432942759394,0.001,0.0020751432942759393
2025-06-11,2025-06-12,ADP,LONG,313.44000244140625,309.372802734375,-0.012976007131672906,0.001,-0.013976007131672907
2025-06-11,2025-06-12,ALL,LONG,195.3350067138672,198.4600067138672,0.01599815646243896,0.001,0.01499815646243896
2025-06-12,2025-06-13,CVNA,LONG,65.53599548339844,60.118499755859375,-0.08266443025057002,0.0005,-0.04183221512528501
2025-06-12,2025-06-13,DXCM,LONG,82.19999694824219,82.51000213623047,0.003771352791940741,0.0005,0.0013856763959703704
2025-06-12,2025-06-13,BA,LONG,204.82200622558594,200.8300018310547,-0.019490114700539296,0.0005,-0.010245057350269648
2025-06-12,2025-06-13,CCL,LONG,23.479999542236328,22.614999771118164,-0.036839854684076245,0.0005,-0.018919927342038123
2025-06-12,2025-06-13,TMUS,LONG,228.875,228.2899932861328,-0.0025560096728222126,0.0005,-0.0017780048364111063
2025-06-12,2025-06-13,WMT,LONG,94.2750015258789,94.42479705810547,0.00158892102680519,0.0005,0.00029446051340259504
2025-06-12,2025-06-13,BR,LONG,239.02000427246094,238.52499389648438,-0.0020709997787979884,0.0005,-0.0015354998893989942
2025-06-12,2025-06-13,PKG,LONG,192.38250732421875,189.6999969482422,-0.013943629352203946,0.0005,-0.007471814676101973
2025-06-12,2025-06-13,STX,LONG,126.22000122070312,127.6500015258789,0.01132942712205609,0.0005,0.005164713561028045
2025-06-12,2025-06-13,BIIB,LONG,132.10000610351562,131.4499969482422,-0.004920583839822634,0.0005,-0.002960291919911317
2025-06-13,2025-06-16,SHW,LONG,339.94000244140625,335.739990234375,-0.0123551573126649,0.001,-0.0133551573126649
2025-06-13,2025-06-16,CVNA,LONG,60.11699676513672,58.82600021362305,-0.021474734617188185,0.001,-0.022474734617188186
2025-06-13,2025-06-16,MA,LONG,561.6199951171875,569.14501953125,0.013398782948410348,0.001,0.012398782948410347
2025-06-13,2025-06-16,ADBE,LONG,391.80010986328125,399.7250061035156,0.02022688621246127,0.001,0.01922688621246127
2025-06-13,2025-06-16,V,LONG,353.0799865722656,355.55499267578125,0.00700976038756318,0.001,0.00600976038756318
2025-06-13,2025-06-16,ECL,LONG,265.989990234375,266.17999267578125,0.0007143217729315143,0.001,-0.0002856782270684857
2025-06-13,2025-06-16,CCL,LONG,22.610000610351562,23.684999465942383,0.04754528202439112,0.001,0.04654528202439112
2025-06-13,2025-06-16,PKG,LONG,189.77000427246094,189.4499969482422,-0.0016862903357439674,0.001,-0.0026862903357439674
2025-06-13,2025-06-16,MSCI,LONG,545.010009765625,547.4199829101562,0.004421887857743334,0.001,0.003421887857743334
2025-06-13,2025-06-16,ROK,LONG,320.3800048828125,324.3900146484375,0.012516417081308795,0.001,0.011516417081308794
2025-06-16,2025-06-17,ES,LONG,64.30000305175781,63.380001068115234,-0.01430796174149529,0.001,-0.01530796174149529
2025-06-16,2025-06-17,SHW,LONG,335.7349853515625,331.5799865722656,-0.01237582903356349,0.001,-0.013375829033563491
2025-06-16,2025-06-17,ORLY,LONG,88.1449966430664,88.62999725341797,0.005502304484910514,0.001,0.004502304484910514
2025-06-16,2025-06-17,HRL,LONG,30.260000228881836,30.1200008392334,-0.00462654952377739,0.001,-0.00562654952377739
2025-06-16,2025-06-17,XEL,LONG,66.59500122070312,65.5999984741211,-0.014941102610457002,0.001,-0.015941102610457003
2025-06-16,2025-06-17,MRNA,LONG,25.760000228881836,25.524999618530273,-0.009122694420168664,0.001,-0.010122694420168665
2025-06-16,2025-06-17,AEE,LONG,94.30999755859375,94.33000183105469,0.000212111896710665,0.001,-0.000787888103289335
2025-06-16,2025-06-17,CVNA,LONG,58.84199905395508,58.7030029296875,-0.0023621924221188806,0.001,-0.0033621924221188806
2025-06-16,2025-06-17,LIN,LONG,466.25,461.3800048828125,-0.010445029741957157,0.001,-0.011445029741957158
2025-06-16,2025-06-17,HD,LONG,353.32000732421875,348.3689880371094,-0.01401284723331886,0.001,-0.01501284723331886
2025-06-17,2025-06-18,AMGN,LONG,290.4100036621094,289.44000244140625,-0.0033401095295316763,0.001,-0.004340109529531676
2025-06-17,2025-06-18,GWW,LONG,1047.4200439453125,1042.449951171875,-0.004745080831866311,0.001,-0.005745080831866311
2025-06-17,2025-06-18,JNJ,LONG,152.55870056152344,150.75999450683594,-0.011790255475872535,0.001,-0.012790255475872536
2025-06-17,2025-06-18,ES,LONG,63.38999938964844,62.400001525878906,-0.01561757175109224,0.001,-0.01661757175109224
2025-06-17,2025-06-18,ABBV,LONG,185.5749969482422,185.49000549316406,-0.0004579897964478441,0.001,-0.0014579897964478441
2025-06-17,2025-06-18,ECL,LONG,261.25,260.1700134277344,-0.00413391989383971,0.001,-0.00513391989383971
2025-06-17,2025-06-18,VRTX,LONG,443.6099853515625,448.3699951171875,0.010730168217139457,0.001,0.009730168217139457
2025-06-17,2025-06-18,PLD,LONG,104.79000091552734,105.05999755859375,0.0025765496775218555,0.001,0.0015765496775218555
2025-06-17,2025-06-18,BIIB,LONG,126.87999725341797,126.61000061035156,-0.0021279685443809093,0.001,-0.0031279685443809093
2025-06-17,2025-06-18,XEL,LONG,65.5999984741211,66.27100372314453,0.010228738790110548,0.001,0.009228738790110547
2025-06-20,2025-06-23,MA,LONG,536.9349975585938,534.9450073242188,-0.0037062032525787547,0.0005,-0.0023531016262893774
2025-06-20,2025-06-23,JNJ,LONG,150.2899932861328,150.33999633789062,0.00033271045306793035,0.0005,-0.00033364477346603484
2025-06-20,2025-06-23,V,LONG,338.95001220703125,340.1167907714844,0.003442332268571935,0.0005,0.0012211661342859674
2025-06-20,2025-06-23,ES,LONG,62.72999954223633,63.2599983215332,0.008448888620508077,0.0005,0.0037244443102540385
2025-06-20,2025-06-23,APD,LONG,276.04998779296875,271.385009765625,-0.016899033630251026,0.0005,-0.008949516815125513
2025-06-20,2025-06-23,ACN,LONG,281.42999267578125,289.9700012207031,0.030345054781564462,0.0005,0.01467252739078223
2025-06-20,2025-06-23,ZTS,LONG,155.57000732421875,157.55999755859375,0.012791605969572961,0.0005,0.00589580298478648
2025-06-20,2025-06-23,AMGN,LONG,292.1700134277344,287.9100036621094,-0.01458058517247074,0.0005,-0.00779029258623537
2025-06-20,2025-06-23,ABBV,LONG,186.08999633789062,184.5550994873047,-0.00824814273089114,0.0005,-0.00462407136544557
2025-06-20,2025-06-23,YUM,LONG,138.75999450683594,139.47999572753906,0.0051888242231636905,0.0005,0.0020944121115818452
2025-06-23,2025-06-24,DRI,LONG,215.4199981689453,222.40499877929688,0.03242503328253443,0.0005,0.015712516641267216
2025-06-23,2025-06-24,CTSH,LONG,75.98999786376953,77.5199966430664,0.020134212689935538,0.0005,0.009567106344967768
2025-06-23,2025-06-24,GOOG,LONG,167.4550018310547,168.5850067138672,0.006748110659319462,0.0005,0.002874055329659731
2025-06-23,2025-06-24,GOOGL,LONG,166.25999450683594,167.63999938964844,0.008300282259156244,0.0005,0.003650141129578122
2025-06-23,2025-06-24,APD,LONG,271.1199951171875,279.5400085449219,0.031056408894131637,0.0005,0.015028204447065818
2025-06-23,2025-06-24,ACN,LONG,289.875,298.6000061035156,0.030099201737009418,0.0005,0.014549600868504708
2025-06-23,2025-06-24,TAP,LONG,47.7599983215332,48.30500030517578,0.011411264715159186,0.0005,0.005205632357579593
2025-06-23,2025-06-24,AMGN,LONG,287.760009765625,276.20001220703125,-0.040172356012946886,0.0005,-0.020586178006473443
2025-06-23,2025-06-24,MSFT,LONG,475.6499938964844,490.447509765625,0.0311100936802724,0.0005,0.0150550468401362
2025-06-23,2025-06-24,INCY,LONG,67.82499694824219,68.70999908447266,0.013048318113538793,0.0005,0.006024159056769396
2025-06-24,2025-06-25,NOC,LONG,483.67999267578125,486.7200012207031,0.006285164966415291,0.0005,0.0026425824832076454
2025-06-24,2025-06-25,AMGN,LONG,276.1700134277344,278.70001220703125,0.009161019141417093,0.0005,0.004080509570708546
2025-06-24,2025-06-25,APA,LONG,18.315000534057617,18.184999465942383,-0.007098065210180637,0.0005,-0.004049032605090319
2025-06-24,2025-06-25,RTX,LONG,141.13499450683594,140.91000366210938,-0.0015941534947639946,0.0005,-0.0012970767473819973
2025-06-24,2025-06-25,LHX,LONG,245.36000061035156,248.07000732421875,0.011045022445084207,0.0005,0.005022511222542103
2025-06-24,2025-06-25,OXY,LONG,42.974998474121094,42.82500076293945,-0.0034903482607908654,0.0005,-0.0022451741303954327
2025-06-24,2025-06-25,FANG,LONG,140.72500610351562,140.6300048828125,-0.0006750841469727042,0.0005,-0.0008375420734863521
2025-06-25,2025-06-26,EQR,LONG,65.88999938964844,66.5199966430664,0.009561348599996355,0.001,0.008561348599996355
2025-06-25,2025-06-26,PAYX,LONG,139.7550048828125,140.2949981689453,0.00386385651508947,0.001,0.00286385651508947
2025-06-25,2025-06-26,GIS,LONG,51.4900016784668,50.63999938964844,-0.016508103731016854,0.001,-0.017508103731016855
2025-06-25,2025-06-26,PM,LONG,180.9199981689453,180.0800018310547,-0.004642915909750522,0.001,-0.005642915909750522
2025-06-25,2025-06-26,CCEP,LONG,91.47000122070312,91.38999938964844,-0.0008746237016183933,0.001,-0.0018746237016183933
2025-06-25,2025-06-26,HSY,LONG,168.09500122070312,167.7449951171875,-0.0020821922185305652,0.001,-0.0030821922185305653
2025-06-25,2025-06-26,LH,LONG,258.7900085449219,256.3399963378906,-0.009467182372328575,0.001,-0.010467182372328576
2025-06-25,2025-06-26,AVB,LONG,202.8300018310547,203.4199981689453,0.0029088218338728655,0.001,0.0019088218338728655
2025-06-25,2025-06-26,ED,LONG,98.05999755859375,98.30999755859375,0.0025494595780570783,0.001,0.0015494595780570783
2025-06-25,2025-06-26,DE,LONG,504.44000244140625,506.875,0.004827130177640138,0.001,0.0038271301776401376
2025-06-26,2025-06-27,EQIX,LONG,768.0499877929688,784.6099853515625,0.02156109344676871,0.001,0.020561093446768708
2025-06-26,2025-06-27,MU,LONG,124.37000274658203,124.02999877929688,-0.0027338100810204713,0.001,-0.0037338100810204713
2025-06-26,2025-06-27,FIS,LONG,79.30999755859375,80.12999725341797,0.0103391718581054,0.001,0.0093391718581054
2025-06-26,2025-06-27,TSCO,LONG,51.79999923706055,52.029998779296875,0.0044401456684148854,0.001,0.0034401456684148854
2025-06-26,2025-06-27,LH,LONG,256.4599914550781,260.510009765625,0.0157920082877967,0.001,0.014792008287796699
2025-06-26,2025-06-27,DLR,LONG,170.16000366210938,170.85000610351562,0.004055021312625362,0.001,0.003055021312625362
2025-06-26,2025-06-27,DGX,LONG,176.19000244140625,177.3300018310547,0.006470284203710985,0.001,0.005470284203710985
2025-06-26,2025-06-27,IRM,LONG,100.9000015258789,101.2750015258789,0.0037165509844301337,0.001,0.0027165509844301336
2025-06-26,2025-06-27,GIS,LONG,50.63999938964844,50.400001525878906,-0.004739294365366686,0.001,-0.005739294365366686
2025-06-26,2025-06-27,PM,LONG,180.0749969482422,180.9499969482422,0.004859086574087179,0.001,0.003859086574087179
2025-06-27,2025-06-30,MU,LONG,124.05000305175781,123.33000183105469,-0.005804120943090352,0.001,-0.006804120943090352
2025-06-27,2025-06-30,MNST,LONG,61.540000915527344,62.55500030517578,0.016493327503223076,0.001,0.015493327503223076
2025-06-27,2025-06-30,PANW,LONG,199.4199981689453,204.49000549316406,0.025423765774601703,0.001,0.024423765774601702
2025-06-27,2025-06-30,FICO,LONG,1778.2099609375,1831.0250244140625,0.02970125274110913,0.001,0.02870125274110913
2025-06-27,2025-06-30,PLTR,LONG,138.16000366210938,135.36000061035156,-0.020266379397366197,0.001,-0.021266379397366197
2025-06-27,2025-06-30,INVH,LONG,32.67499923706055,32.75,0.002295356226187373,0.001,0.0012953562261873728
2025-06-30,2025-07-01,PLTR,LONG,135.33999633789062,130.6699981689453,-0.034505676779288286,0.001,-0.03550567677928829
2025-06-30,2025-07-01,BALL,LONG,56.150001525878906,57.880001068115234,0.03081032048483534,0.001,0.02981032048483534
2025-06-30,2025-07-01,MU,LONG,123.32009887695312,120.87999725341797,-0.019786731001325664,0.001,-0.020786731001325665
2025-07-02,2025-07-03,PANW,LONG,196.44000244140625,202.61000061035156,0.03140907194188047,0.001,0.030409071941880472
2025-07-02,2025-07-03,PLTR,LONG,131.47500610351562,134.75,0.024909631066347693,0.001,0.023909631066347692
2025-07-02,2025-07-03,EXE,LONG,112.1500015258789,110.0999984741211,-0.018279117466483252,0.001,-0.019279117466483253
2025-07-02,2025-07-03,PM,LONG,176.35000610351562,177.1699981689453,0.004649798905866476,0.001,0.0036497989058664757
2025-07-02,2025-07-03,MU,LONG,119.31500244140625,123.4176025390625,0.034384612275987436,0.001,0.033384612275987435
2025-07-02,2025-07-03,SNDK,LONG,44.52000045776367,46.630001068115234,0.047394442692185734,0.001,0.04639444269218573
2025-07-03,2025-07-07,CNC,LONG,34.29499816894531,33.18000030517578,-0.032511967438423106,0.0005,-0.016755983719211553
2025-07-03,2025-07-07,PEG,LONG,81.21499633789062,81.91999816894531,0.008680685376399655,0.0005,0.0038403426881998275
2025-07-03,2025-07-07,CAH,LONG,162.60499572753906,166.4600067138672,0.023707826251461395,0.0005,0.011353913125730697
2025-07-03,2025-07-07,RSG,LONG,238.44000244140625,241.02999877929688,0.010862255961128442,0.0005,0.0049311279805642205
2025-07-03,2025-07-07,CVS,LONG,67.20999908447266,66.30500030517578,-0.013465240167008896,0.0005,-0.0072326200835044485
2025-07-03,2025-07-07,MCK,LONG,715.5499877929688,729.9650268554688,0.020145397677891808,0.0005,0.009572698838945903
2025-07-03,2025-07-07,ELV,LONG,355.0,346.44000244140625,-0.024112669179137347,0.0005,-0.012556334589568674
2025-07-07,2025-07-08,ARM,LONG,146.25,147.7899932861328,0.010529868623130323,0.001,0.009529868623130322
2025-07-07,2025-07-08,MRVL,LONG,71.62010192871094,71.93000030517578,0.004326974803433137,0.001,0.0033269748034331368
2025-07-07,2025-07-08,CVS,LONG,66.30500030517578,66.95999908447266,0.009878572902227267,0.001,0.008878572902227266
2025-07-07,2025-07-08,EA,LONG,153.64500427246094,152.6300048828125,-0.0066061333686354695,0.001,-0.0076061333686354695
2025-07-07,2025-07-08,BG,LONG,75.16999816894531,75.83499908447266,0.008846626735745655,0.001,0.007846626735745654
2025-07-07,2025-07-08,HUM,LONG,236.0399932861328,237.49000549316406,0.006143078496335663,0.001,0.005143078496335663
2025-07-09,2025-07-10,WDC,LONG,64.33999633789062,65.22000122070312,0.013677415805108728,0.001,0.012677415805108727
2025-07-09,2025-07-10,ALNY,LONG,317.5,321.42999267578125,0.012377929687499956,0.001,0.011377929687499955
2025-07-09,2025-07-10,EA,LONG,153.11000061035156,151.1699981689453,-0.012670644854501312,0.001,-0.013670644854501313
2025-07-09,2025-07-10,LYV,LONG,144.99000549316406,143.10000610351562,-0.013035377046989205,0.001,-0.014035377046989206
2025-07-09,2025-07-10,NDAQ,LONG,89.18000030517578,89.94999694824219,0.00863418524816617,0.001,0.007634185248166171
2025-07-09,2025-07-10,JPM,LONG,287.17999267578125,285.6199951171875,-0.005432124794135462,0.001,-0.006432124794135462
2025-07-09,2025-07-10,CBRE,LONG,141.27000427246094,141.00999450683594,-0.0018405164420008946,0.001,-0.0028405164420008946
2025-07-10,2025-07-11,VRT,LONG,115.66999816894531,123.18000030517578,0.06492610231791929,0.0005,0.03196305115895964
2025-07-10,2025-07-11,ADSK,LONG,286.3999938964844,280.8800048828125,-0.019273705067420543,0.0005,-0.010136852533710272
2025-07-10,2025-07-11,ZS,LONG,302.135986328125,293.7300109863281,-0.027821827660965304,0.0005,-0.014410913830482652
2025-07-10,2025-07-11,TYL,LONG,563.2150268554688,558.52001953125,-0.008336083201529343,0.0005,-0.004668041600764672
2025-07-10,2025-07-11,TTWO,LONG,236.02000427246094,234.64999389648438,-0.0058046366883165446,0.0005,-0.0034023183441582723
2025-07-10,2025-07-11,ROP,LONG,548.0,549.0999755859375,0.0020072547188640932,0.0005,0.0005036273594320466
2025-07-10,2025-07-11,MNST,LONG,59.34000015258789,58.380001068115234,-0.016177942062758688,0.0005,-0.008588971031379344
2025-07-10,2025-07-11,WRB,LONG,68.47000122070312,68.94499969482422,0.006937322413504976,0.0005,0.002968661206752488
2025-07-10,2025-07-11,IBM,LONG,284.8500061035156,285.70001220703125,0.0029840480438914074,0.0005,0.0009920240219457037
2025-07-10,2025-07-11,GL,LONG,117.08999633789062,117.58879852294922,0.004259989757102511,0.0005,0.0016299948785512557
2025-07-11,2025-07-14,T,LONG,26.81999969482422,27.135000228881836,0.011744986489258036,0.0005,0.0053724932446290175
2025-07-11,2025-07-14,ZS,LONG,293.9599914550781,293.3299865722656,-0.0021431654004819833,0.0005,-0.0015715827002409917
2025-07-11,2025-07-14,BAX,LONG,28.56999969482422,28.514999389648438,-0.0019251069570626056,0.0005,-0.0014625534785313028
2025-07-11,2025-07-14,AKAM,LONG,78.16999816894531,77.45999908447266,-0.009082756826195193,0.0005,-0.005041378413097597
2025-07-11,2025-07-14,PANW,LONG,189.9949951171875,191.19000244140625,0.00628967791220858,0.0005,0.00264483895610429
2025-07-11,2025-07-14,GDDY,LONG,168.19500732421875,170.35000610351562,0.012812501474213311,0.0005,0.005906250737106655
2025-07-11,2025-07-14,LH,LONG,248.2550048828125,249.47999572753906,0.004934405432449607,0.0005,0.0019672027162248034
2025-07-11,2025-07-14,CTVA,LONG,73.70999908447266,73.26000213623047,-0.006104964778611444,0.0005,-0.003552482389305722
2025-07-11,2025-07-14,ADSK,LONG,280.8500061035156,297.1050109863281,0.057877886877528706,0.0005,0.028438943438764352
2025-07-11,2025-07-14,VEEV,LONG,272.3999938964844,281.4649963378906,0.03327827696226415,0.0005,0.016139138481132076
2025-07-14,2025-07-15,WAT,LONG,309.55999755859375,290.2298889160156,-0.06244381959887857,0.0005,-0.031721909799439285
2025-07-14,2025-07-15,HSIC,LONG,70.5,70.8499984741211,0.004964517363419851,0.0005,0.0019822586817099257
2025-07-14,2025-07-15,QCOM,LONG,153.80499267578125,154.78590393066406,0.00637762947624565,0.0005,0.002688814738122825
2025-07-14,2025-07-15,PG,LONG,153.3699951171875,152.789306640625,-0.0037861934866647573,0.0005,-0.0023930967433323787
2025-07-14,2025-07-15,AKAM,LONG,77.47000122070312,76.96499633789062,-0.00651871530728132,0.0005,-0.00375935765364066
2025-07-14,2025-07-15,SNDK,LONG,42.099998474121094,42.83000183105469,0.01733974782403669,0.0005,0.008169873912018344
2025-07-14,2025-07-15,SATS,LONG,29.950000762939453,30.15999984741211,0.007011655396433669,0.0005,0.0030058276982168346
2025-07-14,2025-07-15,CSCO,LONG,67.44499969482422,67.33499908447266,-0.0016309676158247077,0.0005,-0.0013154838079123539
2025-07-14,2025-07-15,CRWD,LONG,476.4599914550781,474.44000244140625,-0.004239577403976735,0.0005,-0.0026197887019883677
2025-07-14,2025-07-15,CTVA,LONG,73.23999786376953,72.06500244140625,-0.01604308378802577,0.0005,-0.008521541894012885
2025-07-15,2025-07-16,STT,LONG,104.80000305175781,104.2300033569336,-0.0054389282273465955,0.001,-0.0064389282273465956
2025-07-15,2025-07-16,WFC,LONG,78.52999877929688,79.62999725341797,0.014007366499680707,0.001,0.013007366499680706
2025-07-15,2025-07-16,A,LONG,114.93000030517578,113.8499984741211,-0.009397040182606231,0.001,-0.010397040182606232
2025-07-15,2025-07-16,WAT,LONG,290.1300048828125,290.9849853515625,0.0029468874448037585,0.001,0.0019468874448037585
2025-07-15,2025-07-16,SYF,LONG,69.19999694824219,69.2699966430664,0.0010115563281971607,0.001,1.155632819716066e-05
2025-07-15,2025-07-16,AMP,LONG,526.3800048828125,523.3250122070312,-0.005803777969228485,0.001,-0.006803777969228485
2025-07-15,2025-07-16,FDS,LONG,436.5899963378906,436.8999938964844,0.0007100427430632994,0.001,-0.0002899572569367006
2025-07-15,2025-07-16,RVTY,LONG,96.62999725341797,95.29000091552734,-0.013867291482751565,0.001,-0.014867291482751566
2025-07-15,2025-07-16,BEN,LONG,24.354999542236328,24.225000381469727,-0.0053376786372406615,0.001,-0.0063376786372406615
2025-07-15,2025-07-16,NDAQ,LONG,88.62999725341797,88.80999755859375,0.0020309185462470403,0.001,0.0010309185462470402
2025-07-16,2025-07-17,ASML,LONG,749.3200073242188,743.8699951171875,-0.007273277309774451,0.001,-0.008273277309774452
2025-07-16,2025-07-17,MTB,LONG,193.35499572753906,195.125,0.00915416881679687,0.001,0.00815416881679687
2025-07-16,2025-07-17,SCHW,LONG,90.84657287597656,93.04000091552734,0.0241443124392291,0.001,0.023144312439229098
2025-07-16,2025-07-17,KEYS,LONG,159.76499938964844,162.97999572753906,0.020123283260869984,0.001,0.019123283260869983
2025-07-16,2025-07-17,COST,LONG,953.3049926757812,951.5775146484375,-0.0018120937586774133,0.001,-0.0028120937586774133
2025-07-16,2025-07-17,UHS,LONG,171.35000610351562,170.92999267578125,-0.0024512017086281146,0.001,-0.0034512017086281146
2025-07-16,2025-07-17,EW,LONG,75.94000244140625,76.18000030517578,0.0031603615492994397,0.001,0.0021603615492994397
2025-07-16,2025-07-17,MS,LONG,138.5500030517578,141.0800018310547,0.018260546543270362,0.001,0.01726054654327036
2025-07-16,2025-07-17,GD,LONG,299.79998779296875,300.6099853515625,0.0027017931673603,0.001,0.0017017931673603002
2025-07-16,2025-07-17,UBER,LONG,90.4800033569336,90.55000305175781,0.0007736482341638151,0.001,-0.0002263517658361849
2025-07-17,2025-07-18,ABT,LONG,121.05000305175781,123.68000030517578,0.0217265360356369,0.001,0.0207265360356369
2025-07-17,2025-07-18,DG,LONG,108.9800033569336,110.08000183105469,0.010093580842701622,0.001,0.00909358084270162
2025-07-17,2025-07-18,ELV,LONG,297.8699951171875,276.9800109863281,-0.07013121319131477,0.001,-0.07113121319131477
2025-07-17,2025-07-18,ASML,LONG,743.95947265625,734.3400268554688,-0.012930066965120779,0.001,-0.01393006696512078
2025-07-17,2025-07-18,BNY,LONG,9.489999771118164,9.449999809265137,-0.004214959201027879,0.001,-0.005214959201027879
2025-07-17,2025-07-18,AMAT,LONG,192.226806640625,190.44000244140625,-0.009295291486370316,0.001,-0.010295291486370317
2025-07-17,2025-07-18,MAR,LONG,272.7200012207031,272.4100036621094,-0.001136688021436627,0.001,-0.002136688021436627
2025-07-17,2025-07-18,UNP,LONG,227.75,224.86000061035156,-0.012689349680124917,0.001,-0.013689349680124918
2025-07-17,2025-07-18,FITB,LONG,42.51499938964844,43.025001525878906,0.011995816618890709,0.001,0.010995816618890708
2025-07-17,2025-07-18,GD,LONG,300.614990234375,298.9700012207031,-0.005472079128154395,0.001,-0.006472079128154395
2025-07-21,2025-07-22,WST,LONG,210.82000732421875,213.99000549316406,0.015036514841165971,0.001,0.01403651484116597
2025-07-21,2025-07-22,ELV,LONG,278.3500061035156,281.3900146484375,0.01092153216548275,0.001,0.00992153216548275
2025-07-21,2025-07-22,MMM,LONG,152.25,151.80999755859375,-0.002889999615147798,0.001,-0.003889999615147798
2025-07-21,2025-07-22,AMAT,LONG,190.7899932861328,187.4250030517578,-0.017637142160429997,0.001,-0.018637142160429998
2025-07-21,2025-07-22,GD,LONG,298.9700012207031,298.06500244140625,-0.003027055475806062,0.001,-0.004027055475806062
2025-07-21,2025-07-22,BNY,LONG,9.539999961853027,9.4399995803833,-0.01048222032176016,0.001,-0.011482220321760161
2025-07-22,2025-07-23,LMT,LONG,435.55999755859375,419.4036865234375,-0.03709319296013358,0.0005,-0.01904659648006679
2025-07-22,2025-07-23,GM,LONG,49.269901275634766,50.95000076293945,0.03409991584731542,0.0005,0.01654995792365771
2025-07-22,2025-07-23,EFX,LONG,244.75,242.8000030517578,-0.007967301116413417,0.0005,-0.004483650558206709
2025-07-22,2025-07-23,NVDA,LONG,166.0800018310547,169.52330017089844,0.02073276915872424,0.0005,0.00986638457936212
2025-07-22,2025-07-23,PM,LONG,167.49000549316406,164.1699981689453,-0.019822122009269694,0.0005,-0.010411061004634847
2025-07-22,2025-07-23,PNR,LONG,98.73999786376953,102.70999908447266,0.04020661643299306,0.0005,0.01960330821649653
2025-07-22,2025-07-23,TDG,LONG,1567.2249755859375,1579.0799560546875,0.007564313135271394,0.0005,0.003282156567635697
2025-07-22,2025-07-23,FIX,LONG,532.5499877929688,545.5800170898438,0.0244672417529761,0.0005,0.011733620876488049
2025-07-22,2025-07-23,SMCI,LONG,49.43000030517578,51.849998474121094,0.04895808525196221,0.0005,0.023979042625981106
2025-07-22,2025-07-23,KLAC,LONG,91.56199645996094,89.11100769042969,-0.026768625240746524,0.0005,-0.013884312620373263
2025-07-23,2025-07-24,OTIS,LONG,90.44999694824219,89.54000091552734,-0.010060763553541796,0.0005,-0.0055303817767708985
2025-07-23,2025-07-24,TXN,LONG,187.5500030517578,185.5500030517578,-0.01066382280701994,0.0005,-0.005831911403509971
2025-07-23,2025-07-24,NEE,LONG,73.19000244140625,71.99479675292969,-0.01633017691772054,0.0005,-0.00866508845886027
2025-07-23,2025-07-24,TDY,LONG,522.2575073242188,551.6300048828125,0.05624140801552757,0.0005,0.027620704007763786
2025-07-23,2025-07-24,CB,LONG,265.70001220703125,270.92999267578125,0.01968377955765699,0.0005,0.009341889778828494
2025-07-23,2025-07-24,MCHP,LONG,70.51000213623047,68.25,-0.03205222050431911,0.0005,-0.016526110252159554
2025-07-23,2025-07-24,MSFT,LONG,502.3919982910156,511.67999267578125,0.01848754442021483,0.0005,0.008743772210107414
2025-07-23,2025-07-24,COIN,LONG,392.45001220703125,395.0054931640625,0.006511608810151115,0.0005,0.0027558044050755575
2025-07-23,2025-07-24,KLAC,LONG,89.11199951171875,90.94200134277344,0.020535975413883856,0.0005,0.009767987706941927
2025-07-23,2025-07-24,LMT,LONG,419.1300048828125,422.3699951171875,0.007730275085604754,0.0005,0.003365137542802377
2025-07-24,2025-07-25,LUV,LONG,32.775001525878906,33.060001373291016,0.008695647113458493,0.0005,0.0038478235567292467
2025-07-24,2025-07-25,ON,LONG,55.4900016784668,56.45000076293945,0.017300397466832207,0.0005,0.008150198733416103
2025-07-24,2025-07-25,CMG,LONG,45.564998626708984,46.220001220703125,0.014375125946129108,0.0005,0.006687562973064554
2025-07-24,2025-07-25,IBM,LONG,261.4599914550781,258.989990234375,-0.009446956710114862,0.0005,-0.0052234783550574315
2025-07-24,2025-07-25,DOW,LONG,25.454999923706055,24.84000015258789,-0.02416027393287945,0.0005,-0.012580136966439726
2025-07-24,2025-07-25,TXT,LONG,83.19000244140625,79.62000274658203,-0.042913806828395074,0.0005,-0.021956903414197537
2025-07-24,2025-07-25,WAB,LONG,202.16000366210938,195.2100067138672,-0.03437869421420481,0.0005,-0.017689347107102404
2025-07-24,2025-07-25,NEE,LONG,72.0,71.45500183105469,-0.007569419013129353,0.0005,-0.004284709506564677
2025-07-24,2025-07-25,MCHP,LONG,68.2300033569336,68.41999816894531,0.0027846226390726425,0.0005,0.0008923113195363212
2025-07-24,2025-07-25,HON,LONG,213.02685546875,210.9142303466797,-0.009917177425454837,0.0005,-0.005458588712727419
2025-07-25,2025-07-28,CHTR,LONG,313.3800048828125,302.3399963378906,-0.03522882242933867,0.0005,-0.018114411214669335
2025-07-25,2025-07-28,DOC,LONG,17.625,17.334999084472656,-0.01645395265403371,0.0005,-0.008726976327016855
2025-07-25,2025-07-28,INTC,LONG,20.460100173950195,20.709999084472656,0.012213963196555211,0.0005,0.005606981598277605
2025-07-25,2025-07-28,TXT,LONG,79.63999938964844,78.76499938964844,-0.010986941319762633,0.0005,-0.005993470659881317
2025-07-25,2025-07-28,WAB,LONG,195.3000030517578,196.11180114746094,0.004156672212073609,0.0005,0.0015783361060368044
2025-07-25,2025-07-28,FLEX,LONG,49.814998626708984,50.28499984741211,0.009434933928736955,0.0005,0.004217466964368477
2025-07-25,2025-07-28,DOW,LONG,24.834999084472656,25.735000610351562,0.036239241355221274,0.0005,0.017619620677610637
2025-07-25,2025-07-28,LUV,LONG,33.060001373291016,32.290000915527344,-0.02329099896486242,0.0005,-0.01214549948243121
2025-07-25,2025-07-28,IBM,LONG,258.9740905761719,262.0799865722656,0.011993076176785467,0.0005,0.005496538088392733
2025-07-25,2025-07-28,HCA,LONG,333.75,339.79998779296875,0.018127304248595433,0.0005,0.008563652124297716
2025-07-28,2025-07-29,PNW,LONG,89.05999755859375,89.38999938964844,0.0037053878295647547,0.001,0.0027053878295647546
2025-07-28,2025-07-29,ALB,LONG,74.83000183105469,71.2300033569336,-0.048109025605116096,0.001,-0.0491090256051161
2025-07-28,2025-07-29,DOC,LONG,17.334999084472656,17.389999389648438,0.00317278962103007,0.001,0.00217278962103007
2025-07-28,2025-07-29,COR,LONG,285.0849914550781,289.3399963378906,0.014925390709257913,0.001,0.013925390709257912
2025-07-28,2025-07-29,KR,LONG,69.82499694824219,69.40899658203125,-0.005957757026746391,0.001,-0.006957757026746391
2025-07-28,2025-07-29,ES,LONG,65.08000183105469,66.1500015258789,0.016441297859854043,0.001,0.015441297859854042
2025-07-28,2025-07-29,CHTR,LONG,302.2650146484375,281.4924011230469,-0.06872318170712255,0.001,-0.06972318170712255
2025-07-28,2025-07-29,COIN,LONG,378.0,371.70001220703125,-0.016666634372933253,0.001,-0.017666634372933254
2025-07-28,2025-07-29,CLX,LONG,127.95999908447266,126.72000122070312,-0.009690511664906643,0.001,-0.010690511664906643
2025-07-28,2025-07-29,TXT,LONG,78.7699966430664,78.20999908447266,-0.007109274882050487,0.001,-0.008109274882050488
2025-07-29,2025-07-30,AJG,LONG,289.7799987792969,285.8699951171875,-0.013493007380013577,0.001,-0.014493007380013578
2025-07-29,2025-07-30,JCI,LONG,103.0999984741211,104.05000305175781,0.009214399531491502,0.001,0.0082143995314915
2025-07-29,2025-07-30,BRO,LONG,92.1449966430664,93.0250015258789,0.009550218838482394,0.001,0.008550218838482393
2025-07-29,2025-07-30,ABNB,LONG,136.98500061035156,134.7100067138672,-0.016607613142664457,0.001,-0.017607613142664458
2025-07-29,2025-07-30,CARR,LONG,71.44000244140625,68.19000244140625,-0.045492719609935506,0.001,-0.04649271960993551
2025-07-29,2025-07-30,ECL,LONG,258.6600036621094,263.17999267578125,0.017474634460982852,0.001,0.01647463446098285
2025-07-29,2025-07-30,UPS,LONG,91.23200225830078,87.16999816894531,-0.04452389500183185,0.001,-0.04552389500183185
2025-07-29,2025-07-30,TPR,LONG,107.06999969482422,108.2300033569336,0.010834068043482414,0.001,0.009834068043482413
2025-07-29,2025-07-30,WTW,LONG,302.010009765625,301.70001220703125,-0.0010264479605637256,0.001,-0.0020264479605637256
2025-07-29,2025-07-30,AMT,LONG,215.38999938964844,208.75999450683594,-0.030781396079669343,0.001,-0.031781396079669344
2025-07-31,2025-08-01,IEX,LONG,162.5,159.2899932861328,-0.01975388746995188,0.0005,-0.01037694373497594
2025-07-31,2025-08-01,VRSK,LONG,271.260009765625,278.3349914550781,0.02608191932001347,0.0005,0.012540959660006734
2025-07-31,2025-08-01,ESS,LONG,265.04998779296875,255.6999969482422,-0.03527633003337416,0.0005,-0.01813816501668708
2025-07-31,2025-08-01,BXP,LONG,65.83000183105469,64.04499816894531,-0.027115351852645908,0.0005,-0.014057675926322954
2025-07-31,2025-08-01,FCX,LONG,38.900001525878906,39.8650016784668,0.024807200892933423,0.0005,0.011903600446466711
2025-07-31,2025-08-01,GRMN,LONG,219.4499969482422,217.23500061035156,-0.010093398809265186,0.0005,-0.0055466994046325935
2025-07-31,2025-08-01,PFG,LONG,75.9749984741211,75.43499755859375,-0.007107613377725586,0.0005,-0.004053806688862793
2025-07-31,2025-08-01,RSG,LONG,232.0,230.52999877929688,-0.006336212158203125,0.0005,-0.0036681060791015625
2025-07-31,2025-08-01,GEHC,LONG,72.33999633789062,69.4000015258789,-0.04064134587841817,0.0005,-0.020820672939209084
2025-07-31,2025-08-01,ODFL,LONG,148.7899932861328,144.9499969482422,-0.02580816258594798,0.0005,-0.01340408129297399
2025-08-01,2025-08-04,IR,LONG,75.25,78.41999816894531,0.042126221514223516,0.0005,0.020563110757111758
2025-08-01,2025-08-04,GWW,LONG,947.969970703125,934.72998046875,-0.013966676839514913,0.0005,-0.007483338419757457
2025-08-01,2025-08-04,AMZN,LONG,219.10000610351562,211.75100708007812,-0.03354175636109025,0.0005,-0.017270878180545124
2025-08-01,2025-08-04,TRMB,LONG,81.08000183105469,83.7699966430664,0.03317704429283097,0.0005,0.016088522146415485
2025-08-01,2025-08-04,CDW,LONG,168.05999755859375,171.03500366210938,0.017702047761118056,0.0005,0.008351023880559028
2025-08-01,2025-08-04,SBUX,LONG,86.30999755859375,89.43499755859375,0.03620669781479857,0.0005,0.017603348907399285
2025-08-01,2025-08-04,CHD,LONG,92.51499938964844,92.46499633789062,-0.0005404858897227749,0.0005,-0.0007702429448613875
2025-08-01,2025-08-04,KIM,LONG,20.790000915527344,21.065000534057617,0.0132274942963031,0.0005,0.006113747148151549
2025-08-01,2025-08-04,PH,LONG,710.2899780273438,717.3599853515625,0.009953691510408147,0.0005,0.004476845755204073
2025-08-01,2025-08-04,AVB,LONG,182.1699981689453,185.25999450683594,0.01696215825300129,0.0005,0.007981079126500645
2025-08-04,2025-08-05,AMZN,LONG,211.74000549316406,215.3800048828125,0.01719089116471162,0.0005,0.00809544558235581
2025-08-04,2025-08-05,CHD,LONG,92.44499969482422,91.68499755859375,-0.008221127575740783,0.0005,-0.004610563787870392
2025-08-04,2025-08-05,ON,LONG,50.59000015258789,47.375,-0.06355011154162704,0.0005,-0.03227505577081352
2025-08-04,2025-08-05,KHC,LONG,26.620100021362305,27.059999465942383,0.01652508609009984,0.0005,0.007762543045049919
2025-08-04,2025-08-05,LYB,LONG,51.95000076293945,52.47629928588867,0.010130866510490444,0.0005,0.0045654332552452215
2025-08-04,2025-08-05,GWW,LONG,935.219970703125,938.4650268554688,0.0034698319689474566,0.0005,0.0012349159844737283
2025-08-04,2025-08-05,WBD,LONG,12.664999961853027,12.484999656677246,-0.014212420506746315,0.0005,-0.007606210253373158
2025-08-04,2025-08-05,DXCM,LONG,77.78009796142578,75.66000366210938,-0.027257542159021764,0.0005,-0.014128771079510882
2025-08-04,2025-08-05,CPT,LONG,107.08999633789062,107.76000213623047,0.006256474192284367,0.0005,0.0026282370961421835
2025-08-04,2025-08-05,EMR,LONG,141.99000549316406,140.27999877929688,-0.012043148445046836,0.0005,-0.0065215742225234186
2025-08-05,2025-08-06,IT,LONG,240.32000732421875,247.97000122070312,0.031832530223601774,0.0005,0.015416265111800886
2025-08-05,2025-08-06,TDG,LONG,1410.22998046875,1387.31005859375,-0.016252612830838786,0.0005,-0.008626306415419394
2025-08-05,2025-08-06,VRTX,LONG,394.0,385.25,-0.022208121827411165,0.0005,-0.011604060913705583
2025-08-05,2025-08-06,ZBRA,LONG,305.05499267578125,302.635009765625,-0.007932939857595689,0.0005,-0.004466469928797845
2025-08-05,2025-08-06,FIS,LONG,72.2300033569336,70.25499725341797,-0.027343292423176124,0.0005,-0.014171646211588063
2025-08-05,2025-08-06,OKE,LONG,75.17500305175781,75.75499725341797,0.007715253450150561,0.0005,0.0033576267250752805
2025-08-05,2025-08-06,ETN,LONG,361.25,358.4599914550781,-0.007723207044766478,0.0005,-0.0043616035223832395
2025-08-05,2025-08-06,GDDY,LONG,154.48500061035156,155.2949981689453,0.005243211673583437,0.0005,0.0021216058367917183
2025-08-05,2025-08-06,BALL,LONG,55.63999938964844,53.380001068115234,-0.04061823052344726,0.0005,-0.020809115261723632
2025-08-05,2025-08-06,HSIC,LONG,63.54999923706055,64.95999908447266,0.02218725199590299,0.0005,0.010593625997951495
2025-08-06,2025-08-07,MOS,LONG,31.424999237060547,31.69499969482422,0.008591900216985637,0.0005,0.0037959501084928187
2025-08-06,2025-08-07,TRI,LONG,181.9600067138672,180.6199951171875,-0.007364319340715686,0.0005,-0.004182159670357843
2025-08-06,2025-08-07,SMCI,LONG,45.53810119628906,47.17499923706055,0.035945680600860896,0.0005,0.017472840300430448
2025-08-06,2025-08-07,CCEP,LONG,90.68499755859375,93.19660186767578,0.02769591858299636,0.0005,0.01334795929149818
2025-08-06,2025-08-07,EMR,LONG,129.72999572753906,131.7949981689453,0.01591769451486913,0.0005,0.007458847257434564
2025-08-06,2025-08-07,BALL,LONG,53.369998931884766,54.130001068115234,0.01424025016752295,0.0005,0.0066201250837614745
2025-08-06,2025-08-07,ROK,LONG,320.5,330.3999938964844,0.03088921652569221,0.0005,0.014944608262846104
2025-08-06,2025-08-07,AMGN,LONG,285.0450134277344,284.7900085449219,-0.0008946126779977304,0.0005,-0.0009473063389988652
2025-08-06,2025-08-07,FIS,LONG,70.25,70.48500061035156,0.003345204417815939,0.0005,0.0011726022089079695
2025-08-06,2025-08-07,AMD,LONG,163.72900390625,171.11000061035156,0.04508056928220161,0.0005,0.022040284641100805
2025-08-07,2025-08-08,FTNT,LONG,71.62000274658203,73.72000122070312,0.029321396168493052,0.001,0.02832139616849305
2025-08-07,2025-08-08,MCK,LONG,662.22998046875,666.5700073242188,0.006553655049559515,0.001,0.005553655049559515
2025-08-07,2025-08-08,CF,LONG,83.58999633789062,81.19999694824219,-0.02859193078544342,0.001,-0.02959193078544342
2025-08-07,2025-08-08,LLY,LONG,640.864990234375,628.7000122070312,-0.01898212293184376,0.001,-0.01998212293184376
2025-08-07,2025-08-08,RL,LONG,281.5199890136719,289.7699890136719,0.02930520148464244,0.001,0.02830520148464244
2025-08-07,2025-08-08,CRWD,LONG,424.1700134277344,422.510009765625,-0.003913533747222808,0.001,-0.004913533747222808
2025-08-07,2025-08-08,PTC,LONG,205.39999389648438,205.8000030517578,0.0019474642997070468,0.001,0.0009474642997070468
2025-08-07,2025-08-08,GDDY,LONG,148.16000366210938,133.6699981689453,-0.09779971068446836,0.001,-0.09879971068446836
2025-08-07,2025-08-08,CAT,LONG,417.0400085449219,417.9200134277344,0.002110121007053767,0.001,0.0011101210070537668
2025-08-07,2025-08-08,ABNB,LONG,117.70999908447266,121.05999755859375,0.028459761279218343,0.001,0.027459761279218342
2025-08-08,2025-08-11,TTD,LONG,54.71500015258789,53.18000030517578,-0.028054461173925627,0.001,-0.029054461173925628
2025-08-08,2025-08-11,GDDY,LONG,133.6699981689453,135.75,0.015560723120724429,0.001,0.014560723120724428
2025-08-08,2025-08-11,NWSA,LONG,28.614999771118164,28.385000228881836,-0.008037726509733223,0.001,-0.009037726509733224
2025-08-08,2025-08-11,CF,LONG,81.20999908447266,82.62999725341797,0.017485508988471565,0.001,0.016485508988471564
2025-08-08,2025-08-11,WBD,LONG,11.050000190734863,10.779999732971191,-0.02443443014508362,0.001,-0.02543443014508362
2025-08-08,2025-08-11,LHX,LONG,271.25,270.3699951171875,-0.0032442576324884786,0.001,-0.004244257632488479
2025-08-08,2025-08-11,HSY,LONG,184.82000732421875,175.4600067138672,-0.05064387100651868,0.001,-0.05164387100651868
2025-08-08,2025-08-11,LLY,LONG,628.7849731445312,635.510009765625,0.010695288386842527,0.001,0.009695288386842527
2025-08-08,2025-08-11,ES,LONG,64.91999816894531,65.69999694824219,0.01201476896636744,0.001,0.011014768966367439
2025-08-08,2025-08-11,PTC,LONG,205.79629516601562,203.281005859375,-0.012222228318597983,0.001,-0.013222228318597984
2025-08-12,2025-08-13,INTU,LONG,706.27001953125,707.1998901367188,0.0013165936253189958,0.001,0.0003165936253189958
2025-08-12,2025-08-13,CSGP,LONG,92.81999969482422,86.11000061035156,-0.0722904450176034,0.001,-0.0732904450176034
2025-08-12,2025-08-13,NWSA,LONG,28.3799991607666,29.094999313354492,0.02519380457122522,0.001,0.02419380457122522
2025-08-12,2025-08-13,HSY,LONG,176.25,177.0,0.004255319148936065,0.001,0.0032553191489360653
2025-08-12,2025-08-13,TTD,LONG,53.5099983215332,52.69900131225586,-0.015155990183445489,0.001,-0.01615599018344549
2025-08-12,2025-08-13,FANG,LONG,137.6999969482422,139.30999755859375,0.011692088932701461,0.001,0.01069208893270146
2025-08-12,2025-08-13,ADSK,LONG,286.4649963378906,282.0350036621094,-0.015464342004829046,0.001,-0.016464342004829047
2025-08-13,2025-08-14,ICE,LONG,181.18499755859375,182.26499938964844,0.005960768527236482,0.001,0.004960768527236482
2025-08-13,2025-08-14,CSGP,LONG,85.95999908447266,89.01000213623047,0.035481655237810994,0.001,0.03448165523781099
2025-08-13,2025-08-14,WELL,LONG,163.1999969482422,162.3699951171875,-0.00508579562852518,0.001,-0.00608579562852518
2025-08-13,2025-08-14,NDAQ,LONG,95.44000244140625,95.44999694824219,0.00010472031203145882,0.001,-0.0008952796879685412
2025-08-13,2025-08-14,CME,LONG,274.1099853515625,274.489990234375,0.0013863226555761443,0.001,0.0003863226555761443
2025-08-13,2025-08-14,GE,LONG,271.4100036621094,270.6499938964844,-0.0028002275353533612,0.001,-0.0038002275353533612
2025-08-13,2025-08-14,DLTR,LONG,113.16000366210938,113.73999786376953,0.0051254346314091315,0.001,0.0041254346314091314
2025-08-14,2025-08-15,COHR,LONG,87.19000244140625,94.03500366210938,0.07850672128726144,0.001,0.07750672128726144
2025-08-14,2025-08-15,DE,LONG,471.9700012207031,488.6953125,0.03543723379884001,0.001,0.034437233798840006
2025-08-14,2025-08-15,TPR,LONG,97.16000366210938,99.33999633789062,0.022437140732955774,0.001,0.021437140732955773
2025-08-14,2025-08-15,AMCR,LONG,43.25,43.625,0.00867052023121384,0.001,0.007670520231213841
2025-08-14,2025-08-15,CIEN,LONG,89.7300033569336,90.59500122070312,0.009640007036762155,0.001,0.008640007036762154
2025-08-14,2025-08-15,FSLR,LONG,177.35000610351562,185.72999572753906,0.047251138063858944,0.001,0.04625113806385894
2025-08-14,2025-08-15,WM,LONG,227.5800018310547,226.64999389648438,-0.004086509917777037,0.001,-0.005086509917777037
2025-08-14,2025-08-15,DASH,LONG,249.80929565429688,248.76499938964844,-0.004180373920486979,0.001,-0.0051803739204869794
2025-08-14,2025-08-15,ORCL,LONG,245.47000122070312,247.91000366210938,0.009940124778067716,0.001,0.008940124778067715
2025-08-14,2025-08-15,WELL,LONG,162.3000030517578,162.625,0.002002445730937774,0.001,0.001002445730937774
2025-08-15,2025-08-18,CTAS,LONG,218.02999877929688,214.16000366210938,-0.01774982864218122,0.001,-0.01874982864218122
2025-08-15,2025-08-18,AMAT,LONG,161.88999938964844,164.1999969482422,0.014268933024293107,0.001,0.013268933024293106
2025-08-15,2025-08-18,ED,LONG,100.70999908447266,99.98999786376953,-0.007149252579172538,0.001,-0.008149252579172539
2025-08-15,2025-08-18,CSCO,LONG,66.38999938964844,66.51499938964844,0.001882813694068064,0.001,0.000882813694068064
2025-08-15,2025-08-18,WEC,LONG,107.20500183105469,107.08999633789062,-0.0010727623823494348,0.001,-0.002072762382349435
2025-08-15,2025-08-18,NVDA,LONG,178.9250030517578,181.49920654296875,0.014387052940087353,0.001,0.013387052940087352
2025-08-15,2025-08-18,COHR,LONG,94.02999877929688,90.31999969482422,-0.039455483703457306,0.001,-0.04045548370345731
2025-08-15,2025-08-18,AMCR,LONG,43.625,42.849998474121094,-0.017765077957109576,0.001,-0.018765077957109577
2025-08-15,2025-08-18,APH,LONG,108.75,111.0199966430664,0.020873532350035973,0.001,0.019873532350035972
2025-08-15,2025-08-18,WMT,LONG,99.625,100.47250366210938,0.008506937637233314,0.001,0.007506937637233314
2025-08-18,2025-08-19,CTAS,LONG,214.17999267578125,215.57000732421875,0.006489936950094366,0.0005,0.002744968475047183
2025-08-18,2025-08-19,LVS,LONG,52.94499969482422,53.540000915527344,0.01123810037081352,0.0005,0.005119050185406759
2025-08-18,2025-08-19,ED,LONG,99.97000122070312,100.98500061035156,0.010153039684451137,0.0005,0.004576519842225568
2025-08-18,2025-08-19,DTE,LONG,137.97000122070312,139.27999877929688,0.009494799934793186,0.0005,0.004247399967396592
2025-08-18,2025-08-19,VLTO,LONG,107.2300033569336,107.62000274658203,0.003637036066764354,0.0005,0.001318518033382177
2025-08-18,2025-08-19,FE,LONG,43.005001068115234,43.17499923706055,0.003952986041694473,0.0005,0.0014764930208472364
2025-08-18,2025-08-19,EXC,LONG,44.18000030517578,44.6150016784668,0.009846115216981088,0.0005,0.004423057608490544
2025-08-18,2025-08-19,DUK,LONG,121.83999633789062,123.27999877929688,0.011818799119238221,0.0005,0.00540939955961911
2025-08-18,2025-08-19,SPGI,LONG,550.4249877929688,554.0800170898438,0.006640376759657229,0.0005,0.0028201883798286147
2025-08-18,2025-08-19,ROL,LONG,56.845001220703125,57.630001068115234,0.013809478943703768,0.0005,0.0064047394718518835
2025-08-19,2025-08-20,ARES,LONG,181.42999267578125,179.32000732421875,-0.011629749417082835,0.001,-0.012629749417082836
2025-08-19,2025-08-20,PLTR,LONG,158.38499450683594,155.5,-0.0182150747033768,0.001,-0.0192150747033768
2025-08-19,2025-08-20,AVGO,LONG,295.0400085449219,290.0899963378906,-0.016777427005387202,0.001,-0.017777427005387203
2025-08-19,2025-08-20,NVDA,LONG,176.5800018310547,174.5800018310547,-0.011326310903051917,0.001,-0.012326310903051918
2025-08-19,2025-08-20,JBL,LONG,206.13499450683594,203.7949981689453,-0.011351766561950916,0.001,-0.012351766561950916
2025-08-19,2025-08-20,ORCL,LONG,235.99000549316406,234.9199981689453,-0.00453412135815956,0.001,-0.00553412135815956
2025-08-19,2025-08-20,META,LONG,753.7000122070312,746.7100219726562,-0.009274233940777643,0.001,-0.010274233940777644
2025-08-19,2025-08-20,BG,LONG,80.0999984741211,82.11000061035156,0.025093660106371374,0.001,0.024093660106371373
2025-08-20,2025-08-21,VMC,LONG,285.4100036621094,288.3699951171875,0.01037101509091598,0.0005,0.00468550754545799
2025-08-20,2025-08-21,EL,LONG,85.91000366210938,87.72000122070312,0.021068530804777996,0.0005,0.010034265402388998
2025-08-20,2025-08-21,MRVL,LONG,70.5199966430664,71.23999786376953,0.01020988733660011,0.0005,0.004604943668300054
2025-08-20,2025-08-21,AVGO,LONG,290.1000061035156,289.57000732421875,-0.0018269519756843877,0.0005,-0.0014134759878421939
2025-08-20,2025-08-21,ARES,LONG,179.27999877929688,178.25999450683594,-0.005689448234081129,0.0005,-0.0033447241170405646
2025-08-20,2025-08-21,DELL,LONG,127.97000122070312,127.81999969482422,-0.0011721616351335618,0.0005,-0.0010860808175667809
2025-08-20,2025-08-21,EBAY,LONG,99.48999786376953,98.8499984741211,-0.006432801320639059,0.0005,-0.0037164006603195294
2025-08-22,2025-08-25,EIX,LONG,54.34000015258789,55.029998779296875,0.012697803179452682,0.001,0.011697803179452682
2025-08-22,2025-08-25,PCG,LONG,14.824799537658691,15.104999542236328,0.018900761785402898,0.001,0.017900761785402897
2025-08-22,2025-08-25,ALL,LONG,207.92999267578125,203.0500030517578,-0.02346938775510199,0.001,-0.02446938775510199
2025-08-22,2025-08-25,ROST,LONG,150.02000427246094,146.88999938964844,-0.020863916768912305,0.001,-0.021863916768912306
2025-08-25,2025-08-26,ES,LONG,61.560001373291016,63.47999954223633,0.0311890533806638,0.001,0.0301890533806638
2025-08-25,2025-08-26,KDP,LONG,32.505001068115234,29.815000534057617,-0.08275651271078677,0.001,-0.08375651271078677
2025-08-25,2025-08-26,CSX,LONG,34.154998779296875,32.310001373291016,-0.054018371305702084,0.001,-0.055018371305702085
2025-08-25,2025-08-26,STZ,LONG,161.58999633789062,158.2274932861328,-0.020808856537917753,0.001,-0.021808856537917753
2025-08-25,2025-08-26,DGX,LONG,178.10000610351562,179.72999572753906,0.009152103133988954,0.001,0.008152103133988953
2025-08-25,2025-08-26,ALL,LONG,203.0399932861328,202.2449951171875,-0.003915475744844854,0.001,-0.004915475744844854
2025-08-25,2025-08-26,COST,LONG,950.594970703125,940.635009765625,-0.010477607440036119,0.001,-0.01147760744003612
2025-08-25,2025-08-26,L,LONG,95.68000030517578,95.33999633789062,-0.003553553158452072,0.001,-0.004553553158452072
2025-08-25,2025-08-26,DTE,LONG,138.32000732421875,138.0500030517578,-0.0019520261579226705,0.001,-0.0029520261579226706
2025-08-26,2025-08-27,KDP,LONG,29.815000534057617,29.364999771118164,-0.015093099274823718,0.0005,-0.00804654963741186
2025-08-26,2025-08-27,STZ,LONG,158.21499633789062,159.74000549316406,0.00963884075828414,0.0005,0.004319420379142069
2025-08-26,2025-08-27,CSX,LONG,32.30500030517578,32.3849983215332,0.0024763354156231987,0.0005,0.0007381677078115993
2025-08-26,2025-08-27,BF-B,LONG,29.770000457763672,29.969999313354492,0.006718134112042362,0.0005,0.002859067056021181
2025-08-26,2025-08-27,SJM,LONG,110.18000030517578,105.25,-0.0447449654340234,0.0005,-0.0228724827170117
2025-08-26,2025-08-27,JNJ,LONG,176.52000427246094,177.2899932861328,0.00436204959797859,0.0005,0.001681024798989295
2025-08-26,2025-08-27,MO,LONG,66.5198974609375,66.44499969482422,-0.0011259453031667865,0.0005,-0.0010629726515833933
2025-08-26,2025-08-27,CAG,LONG,18.854999542236328,19.100000381469727,0.01299394564739087,0.0005,0.0059969728236954345
2025-08-26,2025-08-27,T,LONG,28.31999969482422,28.915000915527344,0.021009930335976312,0.0005,0.010004965167988156
2025-08-26,2025-08-27,AON,LONG,367.54998779296875,369.7875061035156,0.006087657148303949,0.0005,0.0025438285741519744
2025-08-27,2025-08-28,SJM,LONG,105.25,105.29000091552734,0.0003800562045352951,0.001,-0.0006199437954647049
2025-08-27,2025-08-28,RMD,LONG,281.6499938964844,275.8699951171875,-0.020521920484831258,0.001,-0.02152192048483126
2025-08-27,2025-08-28,KDP,LONG,29.364999771118164,29.459999084472656,0.003235120520856505,0.001,0.002235120520856505
2025-08-27,2025-08-28,BDX,LONG,153.03065490722656,150.2672882080078,-0.0180576022555351,0.001,-0.0190576022555351
2025-08-27,2025-08-28,MO,LONG,66.44000244140625,66.27999877929688,-0.002408242869203381,0.001,-0.003408242869203381
2025-08-27,2025-08-28,EBAY,LONG,94.12000274658203,92.71499633789062,-0.014927819461229563,0.001,-0.015927819461229564
2025-08-27,2025-08-28,WTW,LONG,332.67498779296875,326.80999755859375,-0.017629790184361283,0.001,-0.018629790184361283
2025-08-27,2025-08-28,CBOE,LONG,240.27000427246094,235.08999633789062,-0.02155911200923899,0.001,-0.02255911200923899
2025-08-28,2025-08-29,HRL,LONG,25.145000457763672,25.55500030517578,0.016305422149456295,0.001,0.015305422149456294
2025-08-28,2025-08-29,COO,LONG,65.48789978027344,65.9000015258789,0.006292792210288667,0.001,0.005292792210288667
2025-08-28,2025-08-29,BF-B,LONG,28.690000534057617,29.684999465942383,0.03468103566967917,0.001,0.03368103566967917
2025-08-28,2025-08-29,RMD,LONG,275.7699890136719,272.95001220703125,-0.010225829201816472,0.001,-0.011225829201816473
2025-08-28,2025-08-29,ZBH,LONG,104.61000061035156,105.56999969482422,0.009176934125528113,0.001,0.008176934125528112
2025-08-28,2025-08-29,AFL,LONG,106.27999877929688,106.87999725341797,0.0056454505176186665,0.001,0.004645450517618666
2025-08-28,2025-08-29,LH,LONG,274.7749938964844,278.05499267578125,0.011937035218468672,0.001,0.010937035218468671
2025-08-28,2025-08-29,CAG,LONG,18.549999237060547,19.065000534057617,0.02776287429533486,0.001,0.02676287429533486
2025-08-28,2025-08-29,WTW,LONG,326.8800048828125,326.8500061035156,-9.177306304686272e-05,0.001,-0.0010917730630468627
2025-08-28,2025-08-29,TAP,LONG,49.90999984741211,50.314998626708984,0.0081145818580457,0.001,0.0071145818580457
2025-08-29,2025-09-02,ULTA,LONG,494.6400146484375,529.3099975585938,0.07009134296342312,0.001,0.06909134296342312
2025-08-29,2025-09-02,MRVL,LONG,62.970001220703125,64.0,0.016356975692073394,0.001,0.015356975692073394
2025-08-29,2025-09-02,ASML,LONG,740.0800170898438,724.0150146484375,-0.02170711554215088,0.001,-0.02270711554215088
2025-08-29,2025-09-02,UBER,LONG,92.7300033569336,92.81999969482422,0.0009705201621121873,0.001,-2.9479837887812742e-05
2025-08-29,2025-09-02,DLTR,LONG,109.11000061035156,110.83999633789062,0.01585551936450935,0.001,0.01485551936450935
2025-08-29,2025-09-02,RMD,LONG,273.11749267578125,271.6499938964844,-0.0053731409325690205,0.001,-0.0063731409325690205
2025-08-29,2025-09-02,FAST,LONG,49.654998779296875,49.21500015258789,-0.008861114440152584,0.001,-0.009861114440152585
2025-08-29,2025-09-02,HRL,LONG,25.555099487304688,24.989999771118164,-0.0221129922216603,0.001,-0.0231129922216603
2025-08-29,2025-09-02,COO,LONG,65.88999938964844,65.31999969482422,-0.00865077705424544,0.001,-0.00965077705424544
2025-08-29,2025-09-02,DELL,LONG,121.45999908447266,121.01499938964844,-0.0036637551307301397,0.001,-0.00466375513073014
2025-09-02,2025-09-03,KHC,LONG,25.905000686645508,26.920000076293945,0.03918160056917852,0.001,0.03818160056917852
2025-09-02,2025-09-03,AWK,LONG,141.08999633789062,140.7100067138672,-0.002693242851275035,0.001,-0.003693242851275035
2025-09-02,2025-09-03,EFX,LONG,235.22999572753906,237.5800018310547,0.009990248464050389,0.001,0.008990248464050388
2025-09-02,2025-09-03,NKE,LONG,74.46499633789062,74.73999786376953,0.0036930308118336974,0.001,0.0026930308118336974
2025-09-02,2025-09-03,WY,LONG,24.94499969482422,24.799999237060547,-0.005812806555926975,0.001,-0.006812806555926975
2025-09-02,2025-09-03,ASML,LONG,723.8400268554688,736.8200073242188,0.01793211205124723,0.001,0.016932112051247228
2025-09-02,2025-09-03,GPC,LONG,136.8300018310547,136.27999877929688,-0.004019608597512936,0.001,-0.005019608597512936
2025-09-02,2025-09-03,PRU,LONG,107.12000274658203,107.4000015258789,0.0026138795007248916,0.001,0.0016138795007248916
2025-09-02,2025-09-03,MSCI,LONG,552.9000244140625,551.010009765625,-0.003418366006477269,0.001,-0.004418366006477269
2025-09-02,2025-09-03,NWS,LONG,33.150001525878906,32.8849983215332,-0.00799406311154538,0.001,-0.00899406311154538
2025-09-04,2025-09-05,ISRG,LONG,440.55999755859375,463.4949951171875,0.052058738164359575,0.001,0.051058738164359574
2025-09-04,2025-09-05,DLTR,LONG,101.68000030517578,100.3550033569336,-0.013031047838959697,0.001,-0.014031047838959698
2025-09-04,2025-09-05,TSCO,LONG,60.36000061035156,60.279998779296875,-0.0013254113692133807,0.001,-0.0023254113692133807
2025-09-04,2025-09-05,LYV,LONG,162.72999572753906,162.51499938964844,-0.0013211844376287418,0.001,-0.002321184437628742
2025-09-04,2025-09-05,LMT,LONG,450.9599914550781,460.3999938964844,0.0209331262645871,0.001,0.019933126264587098
2025-09-04,2025-09-05,PCAR,LONG,96.51000213623047,98.80500030517578,0.023779899680302252,0.001,0.02277989968030225
2025-09-04,2025-09-05,HSIC,LONG,67.12000274658203,68.72000122070312,0.02383787855554842,0.001,0.02283787855554842
2025-09-04,2025-09-05,GM,LONG,58.0,58.380001068115234,0.0065517425537109375,0.001,0.0055517425537109375
2025-09-04,2025-09-05,RVTY,LONG,83.12000274658203,87.13999938964844,0.048363769372369525,0.001,0.047363769372369524
2025-09-04,2025-09-05,STZ,LONG,146.8699951171875,149.27000427246094,0.016341044699827778,0.001,0.015341044699827777
2025-09-05,2025-09-08,LULU,LONG,173.08200073242188,164.6999969482422,-0.0484279344398032,0.0005,-0.0247139672199016
2025-09-05,2025-09-08,SCHW,LONG,92.73999786376953,93.01000213623047,0.002911411243049278,0.0005,0.0009557056215246389
2025-09-05,2025-09-08,FAST,LONG,48.32500076293945,48.26499938964844,-0.001241621776383539,0.0005,-0.0011208108881917696
2025-09-05,2025-09-08,CHRW,LONG,126.13999938964844,126.37000274658203,0.0018233974793602226,0.0005,0.00041169873968011127
2025-09-05,2025-09-08,AMD,LONG,150.4550018310547,152.27479553222656,0.012095268877902132,0.0005,0.005547634438951066
2025-09-05,2025-09-08,AMP,LONG,496.0950012207031,491.2749938964844,-0.0097158957706861,0.0005,-0.005357947885343051
2025-09-05,2025-09-08,NI,LONG,39.63999938964844,40.29499816894531,0.016523682880477564,0.0005,0.007761841440238781
2025-09-05,2025-09-08,CTVA,LONG,71.94000244140625,72.02999877929688,0.0012509915879406197,0.0005,0.00012549579397030984
2025-09-05,2025-09-08,COP,LONG,93.4800033569336,91.4854965209961,-0.021336187038011767,0.0005,-0.011168093519005884
2025-09-05,2025-09-08,AES,LONG,12.739999771118164,12.765000343322754,0.0019623683401679415,0.0005,0.00048118417008397073
2025-09-08,2025-09-09,SRE,LONG,79.7300033569336,80.04499816894531,0.003950768829164009,0.001,0.0029507688291640086
2025-09-08,2025-09-09,KVUE,LONG,18.46500015258789,18.868099212646484,0.021830439032089588,0.001,0.020830439032089587
2025-09-08,2025-09-09,LULU,LONG,164.60000610351562,165.92999267578125,0.008080112533101591,0.001,0.007080112533101591
2025-09-08,2025-09-09,CVS,LONG,71.00499725341797,71.8499984741211,0.011900588034491566,0.001,0.010900588034491565
2025-09-08,2025-09-09,CCI,LONG,92.48999786376953,93.38999938964844,0.009730798428653209,0.001,0.008730798428653208
2025-09-08,2025-09-09,CMG,LONG,39.76499938964844,39.334999084472656,-0.010813537326187395,0.001,-0.011813537326187395
2025-09-08,2025-09-09,RSG,LONG,228.0850067138672,228.0,-0.00037269750910817745,0.001,-0.0013726975091081775
2025-09-08,2025-09-09,COP,LONG,91.5,92.83999633789062,0.014644768720116108,0.001,0.013644768720116107
2025-09-08,2025-09-09,AMT,LONG,190.22999572753906,192.77000427246094,0.013352303011980649,0.001,0.012352303011980648
2025-09-08,2025-09-09,MCD,LONG,312.5,312.75,0.0007999999999999119,0.001,-0.00020000000000008813
2025-09-09,2025-09-10,FOXA,LONG,58.86000061035156,56.29999923706055,-0.043493057199200824,0.001,-0.044493057199200825
2025-09-09,2025-09-10,PTC,LONG,205.5,203.41000366210938,-0.010170298481219642,0.001,-0.011170298481219643
2025-09-09,2025-09-10,FOX,LONG,53.5099983215332,51.02000045776367,-0.04653331978834163,0.001,-0.04753331978834163
2025-09-09,2025-09-10,RTX,LONG,151.30360412597656,154.01499938964844,0.017920229193049142,0.001,0.01692022919304914
2025-09-09,2025-09-10,ALB,LONG,73.19000244140625,73.72000122070312,0.0072414095042718785,0.001,0.0062414095042718784
2025-09-09,2025-09-10,SPG,LONG,179.06500244140625,178.36500549316406,-0.003909177889025228,0.001,-0.004909177889025228
2025-09-09,2025-09-10,BRK-B,LONG,492.29998779296875,489.0899963378906,-0.006520397186010163,0.001,-0.007520397186010163
2025-09-09,2025-09-10,XYL,LONG,136.5,138.14999389648438,0.012087867373511862,0.001,0.011087867373511862
2025-09-09,2025-09-10,PNC,LONG,199.88999938964844,201.8699951171875,0.009905426652583094,0.001,0.008905426652583093
2025-09-09,2025-09-10,DG,LONG,104.65499877929688,105.59500122070312,0.008981916319053207,0.001,0.007981916319053206
2025-09-10,2025-09-11,BSX,LONG,103.95999908447266,104.61000061035156,0.006252419503685713,0.0005,0.0026262097518428566
2025-09-10,2025-09-11,SNPS,LONG,392.30999755859375,433.6000061035156,0.10524842293562742,0.0005,0.05212421146781371
2025-09-10,2025-09-11,ABT,LONG,128.02499389648438,131.8699951171875,0.03003320760797723,0.0005,0.014516603803988615
2025-09-10,2025-09-11,HUM,LONG,269.07000732421875,278.7099914550781,0.03582704823449001,0.0005,0.017413524117245005
2025-09-10,2025-09-11,FOXA,LONG,56.310001373291016,57.959999084472656,0.029302036422330202,0.0005,0.0141510182111651
2025-09-10,2025-09-11,MCD,LONG,305.1400146484375,308.81500244140625,0.012043611511269203,0.0005,0.005521805755634601
2025-09-10,2025-09-11,FOX,LONG,51.04999923706055,52.439998626708984,0.027228196090536727,0.0005,0.013114098045268363
2025-09-10,2025-09-11,ACN,LONG,241.02000427246094,243.16000366210938,0.008878928519266305,0.0005,0.003939464259633152
2025-09-10,2025-09-11,PODD,LONG,338.03021240234375,341.05999755859375,0.008963060238662335,0.0005,0.003981530119331167
2025-09-10,2025-09-11,DIS,LONG,115.41500091552734,116.2300033569336,0.007061494909164745,0.0005,0.0030307474545823725
2025-09-11,2025-09-12,NFLX,LONG,119.72900390625,118.77549743652344,-0.007963872066230282,0.0005,-0.0044819360331151414
2025-09-11,2025-09-12,BSX,LONG,104.61000061035156,102.86000061035156,-0.01672880212015626,0.0005,-0.008864401060078131
2025-09-11,2025-09-12,TER,LONG,114.95999908447266,111.6500015258789,-0.028792602513519228,0.0005,-0.014896301256759614
2025-09-11,2025-09-12,VLO,LONG,157.64999389648438,156.9499969482422,-0.004440196481719005,0.0005,-0.0027200982408595027
2025-09-12,2025-09-15,BA,LONG,216.40499877929688,215.72999572753906,-0.0031191657104290282,0.001,-0.004119165710429028
2025-09-12,2025-09-15,PANW,LONG,196.71499633789062,201.30999755859375,0.023358672730829477,0.001,0.022358672730829476
2025-09-12,2025-09-15,INCY,LONG,83.23999786376953,83.11000061035156,-0.0015617162031974496,0.001,-0.0025617162031974497
2025-09-12,2025-09-15,VLO,LONG,156.9600067138672,157.52999877929688,0.003631447764071316,0.001,0.002631447764071316
2025-09-12,2025-09-15,EL,LONG,84.04499816894531,87.4000015258789,0.039919131774974304,0.001,0.0389191317749743
2025-09-12,2025-09-15,BSX,LONG,102.86499786376953,99.87000274658203,-0.02911578456603825,0.001,-0.03011578456603825
2025-09-12,2025-09-15,TER,LONG,111.6500015258789,114.06999969482422,0.021674860151116082,0.001,0.02067486015111608
2025-09-12,2025-09-15,URI,LONG,940.6799926757812,947.1400146484375,0.006867395950753252,0.001,0.005867395950753252
2025-09-12,2025-09-15,HPQ,LONG,28.010000228881836,27.75,-0.009282407238745516,0.001,-0.010282407238745517
2025-09-12,2025-09-15,SW,LONG,44.29999923706055,44.459999084472656,0.0036117347667639077,0.001,0.0026117347667639077
2025-09-16,2025-09-17,FDS,LONG,344.1400146484375,340.4599914550781,-0.010693389424995425,0.001,-0.011693389424995426
2025-09-16,2025-09-17,MKC,LONG,66.11000061035156,67.01499938964844,0.013689287111505077,0.001,0.012689287111505076
2025-09-16,2025-09-17,VRSK,LONG,254.72000122070312,253.2899932861328,-0.005614038660950227,0.001,-0.006614038660950227
2025-09-16,2025-09-17,BSX,LONG,99.56500244140625,97.9749984741211,-0.01596950663684127,0.001,-0.01696950663684127
2025-09-16,2025-09-17,VTRS,LONG,9.600000381469727,9.739999771118164,0.014583269175558522,0.001,0.013583269175558521
2025-09-16,2025-09-17,AZO,LONG,4237.60009765625,4194.27978515625,-0.010222841113289527,0.001,-0.011222841113289528
2025-09-16,2025-09-17,EXR,LONG,143.36000061035156,144.44000244140625,0.0075334948832073145,0.001,0.0065334948832073145
2025-09-16,2025-09-17,MRK,LONG,81.01000213623047,81.9800033569336,0.011973845144108486,0.001,0.010973845144108485
2025-09-16,2025-09-17,AJG,LONG,287.80999755859375,293.2300109863281,0.018831915061015003,0.001,0.017831915061015002
2025-09-16,2025-09-17,PSA,LONG,286.3599853515625,287.2449951171875,0.003090549695826006,0.001,0.002090549695826006
2025-09-17,2025-09-18,PODD,LONG,314.8500061035156,326.9849853515625,0.038542096276971805,0.0005,0.018771048138485902
2025-09-17,2025-09-18,WELL,LONG,166.10000610351562,166.68499755859375,0.003521923140168637,0.0005,0.0012609615700843184
2025-09-17,2025-09-18,AZO,LONG,4204.18408203125,4193.0,-0.002660226529816123,0.0005,-0.0018301132649080616
2025-09-17,2025-09-18,FDS,LONG,340.30999755859375,317.4429931640625,-0.06719463006841009,0.0005,-0.034097315034205045
2025-09-17,2025-09-18,BSX,LONG,97.98999786376953,97.5999984741211,-0.003979991817028461,0.0005,-0.0024899959085142305
2025-09-17,2025-09-18,HLT,LONG,269.80999755859375,266.32501220703125,-0.012916442619238633,0.0005,-0.006958221309619317
2025-09-17,2025-09-18,FLEX,LONG,56.79499816894531,57.40999984741211,0.010828447896721105,0.0005,0.004914223948360552
2025-09-17,2025-09-18,ORLY,LONG,104.51000213623047,104.80000305175781,0.00277486278441863,0.0005,0.0008874313922093151
2025-09-17,2025-09-18,ACGL,LONG,87.6050033569336,88.41999816894531,0.009303062391210037,0.0005,0.004151531195605018
2025-09-18,2025-09-19,DRI,LONG,189.83999633789062,186.1649932861328,-0.019358423528500146,0.0005,-0.010179211764250073
2025-09-18,2025-09-19,FDS,LONG,317.4800109863281,291.6099853515625,-0.08148552582694624,0.0005,-0.04124276291347312
2025-09-18,2025-09-19,NEM,LONG,77.72000122070312,81.71499633789062,0.05140240677355146,0.0005,0.025201203386775728
2025-09-18,2025-09-19,VICI,LONG,32.130001068115234,32.08000183105469,-0.0015561542296419484,0.0005,-0.0012780771148209742
2025-09-18,2025-09-19,ATO,LONG,161.77000427246094,162.6300048828125,0.005316193284529591,0.0005,0.0021580966422647956
2025-09-18,2025-09-19,HLT,LONG,266.6099853515625,267.05499267578125,0.0016691322481112714,0.0005,0.00033456612405563567
2025-09-18,2025-09-19,DPZ,LONG,431.7950134277344,429.2850036621094,-0.005812966077814785,0.0005,-0.0034064830389073926
2025-09-18,2025-09-19,BLDR,LONG,130.1699981689453,124.36499786376953,-0.044595531895464724,0.0005,-0.022797765947732362
2025-09-18,2025-09-19,MSI,LONG,475.8599853515625,473.0050048828125,-0.005999622907231328,0.0005,-0.003499811453615664
2025-09-18,2025-09-19,VRTX,LONG,387.07000732421875,385.1600036621094,-0.004934517337866207,0.0005,-0.0029672586689331033
2025-09-19,2025-09-22,DXCM,LONG,68.72000122070312,67.78800201416016,-0.013562269935789684,0.0005,-0.007281134967894842
2025-09-19,2025-09-22,JKHY,LONG,153.10499572753906,150.97500610351562,-0.013911953779835562,0.0005,-0.007455976889917781
2025-09-19,2025-09-22,DRI,LONG,186.1999969482422,184.09500122070312,-0.011305025574861793,0.0005,-0.006152512787430897
2025-09-19,2025-09-22,FDS,LONG,291.4800109863281,294.239990234375,0.00946884569788331,0.0005,0.004234422848941655
2025-09-19,2025-09-22,TPL,LONG,292.4173278808594,293.3333435058594,0.0031325627370932807,0.0005,0.0010662813685466403
2025-09-19,2025-09-22,NDAQ,LONG,89.16999816894531,89.44000244140625,0.003027972165586146,0.0005,0.0010139860827930729
2025-09-19,2025-09-22,SPGI,LONG,507.135009765625,506.9949951171875,-0.0002760894943976133,0.0005,-0.0006380447471988067
2025-09-19,2025-09-22,BLDR,LONG,124.38500213623047,120.97000122070312,-0.027455085877533092,0.0005,-0.014227542938766546
2025-09-19,2025-09-22,DIS,LONG,112.32499694824219,112.25,-0.000667678168526864,0.0005,-0.000833839084263432
2025-09-19,2025-09-22,AZO,LONG,4126.66015625,4121.169921875,-0.0013304304612253848,0.0005,-0.0011652152306126924
2025-09-22,2025-09-23,CHD,LONG,87.22000122070312,86.62000274658203,-0.0068791385659677795,0.0005,-0.00393956928298389
2025-09-22,2025-09-23,PG,LONG,153.8699951171875,152.44000244140625,-0.009293512193148334,0.0005,-0.005146756096574168
2025-09-22,2025-09-23,LOW,LONG,261.8500061035156,259.5400085449219,-0.008821835038188008,0.0005,-0.004910917519094005
2025-09-22,2025-09-23,JKHY,LONG,150.97000122070312,150.45010375976562,-0.003443713696322126,0.0005,-0.002221856848161063
2025-09-22,2025-09-23,ADM,LONG,59.029998779296875,60.665000915527344,0.027697817551097348,0.0005,0.013348908775548673
2025-09-22,2025-09-23,LEN,LONG,122.51000213623047,122.80000305175781,0.0023671611335445153,0.0005,0.0006835805667722576
2025-09-22,2025-09-23,TAP,LONG,45.459999084472656,44.17499923706055,-0.028266605219774754,0.0005,-0.014633302609887378
2025-09-22,2025-09-23,CL,LONG,79.62000274658203,80.06999969482422,0.005651807745780335,0.0005,0.0023259038728901675
2025-09-22,2025-09-23,CLX,LONG,120.57499694824219,119.96389770507812,-0.00506820865545099,0.0005,-0.003034104327725495
2025-09-22,2025-09-23,BG,LONG,76.63500213623047,78.56749725341797,0.025216873012571916,0.0005,0.012108436506285958
2025-09-23,2025-09-24,AMZN,LONG,221.02279663085938,219.77999877929688,-0.005622939671866334,0.001,-0.006622939671866334
2025-09-23,2025-09-24,TAP,LONG,44.18000030517578,45.154998779296875,0.022068774725808815,0.001,0.021068774725808814
2025-09-23,2025-09-24,PANW,LONG,203.16000366210938,200.5699005126953,-0.012749080048855777,0.001,-0.013749080048855777
2025-09-23,2025-09-24,NOW,LONG,185.85899353027344,187.24000549316406,0.00743042850205522,0.001,0.00643042850205522
2025-09-23,2025-09-24,GOOG,LONG,251.91000366210938,248.24000549316406,-0.014568687688433113,0.001,-0.015568687688433114
2025-09-23,2025-09-24,GOOGL,LONG,251.3800048828125,247.52999877929688,-0.015315482650700152,0.001,-0.016315482650700153
2025-09-23,2025-09-24,LLY,LONG,744.4099731445312,738.780029296875,-0.007562961339534824,0.001,-0.008562961339534825
2025-09-23,2025-09-24,HPE,LONG,24.809999465942383,24.439899444580078,-0.014917373209554219,0.001,-0.01591737320955422
2025-09-23,2025-09-24,APD,LONG,277.8450012207031,272.875,-0.017887675498452715,0.001,-0.018887675498452716
2025-09-23,2025-09-24,NTAP,LONG,123.16000366210938,123.44999694824219,0.002354606020704697,0.001,0.001354606020704697
2025-09-24,2025-09-25,FCX,LONG,38.025001525878906,35.25,-0.07297834094734501,0.0005,-0.036989170473672506
2025-09-24,2025-09-25,DD,LONG,31.543933868408203,31.175731658935547,-0.011672678842426065,0.0005,-0.006336339421213033
2025-09-24,2025-09-25,SNDK,LONG,98.79499816894531,94.26000213623047,-0.045903093443655174,0.0005,-0.023451546721827587
2025-09-24,2025-09-25,CBRE,LONG,157.67999267578125,156.27999877929688,-0.008878703459626713,0.0005,-0.004939351729813357
2025-09-24,2025-09-25,PANW,LONG,200.5399932861328,202.22900390625,0.008422313137845139,0.0005,0.0037111565689225694
2025-09-24,2025-09-25,SOLV,LONG,71.55999755859375,70.45999908447266,-0.015371695243846406,0.0005,-0.008185847621923203
2025-09-24,2025-09-25,LITE,LONG,152.03500366210938,159.11000061035156,0.04653531606422723,0.0005,0.022767658032113613
2025-09-24,2025-09-25,HPE,LONG,24.434999465942383,24.204999923706055,-0.009412709116564666,0.0005,-0.005206354558282333
2025-09-24,2025-09-25,IQV,LONG,182.06500244140625,176.5800018310547,-0.030126606084641683,0.0005,-0.015563303042320842
2025-09-24,2025-09-25,TTWO,LONG,243.63499450683594,245.1199951171875,0.0060951860111782,0.0005,0.0025475930055891
2025-09-26,2025-09-29,IQV,LONG,177.36000061035156,178.92999267578125,0.00885200755540616,0.001,0.00785200755540616
2025-09-26,2025-09-29,SNDK,LONG,96.0,110.76000213623047,0.15375002225240064,0.001,0.15275002225240064
2025-09-26,2025-09-29,ARES,LONG,164.82000732421875,163.99000549316406,-0.005035807512263846,0.001,-0.006035807512263846
2025-09-26,2025-09-29,FCX,LONG,35.5,37.685001373291016,0.06154933445890176,0.001,0.06054933445890176
2025-09-26,2025-09-29,DD,LONG,31.44770050048828,31.899581909179688,0.014369298915333673,0.001,0.013369298915333672
2025-09-26,2025-09-29,LLY,LONG,724.1199951171875,724.739990234375,0.000856204940297367,0.001,-0.00014379505970263298
2025-09-26,2025-09-29,WDC,LONG,107.75,116.02999877929688,0.07684453623477383,0.001,0.07584453623477383
2025-09-26,2025-09-29,ARE,LONG,84.6449966430664,83.8499984741211,-0.009392146027221049,0.001,-0.01039214602722105
2025-09-26,2025-09-29,FER,LONG,56.529998779296875,56.83000183105469,0.005306970780754483,0.001,0.004306970780754483
2025-09-26,2025-09-29,HSIC,LONG,65.7300033569336,66.04000091552734,0.004716226118388844,0.001,0.0037162261183888443
2025-09-29,2025-09-30,COST,LONG,910.0999755859375,923.0999755859375,0.014284144982676716,0.0005,0.006642072491338358
2025-09-29,2025-09-30,WSM,LONG,193.0399932861328,194.47500610351562,0.007433759155056396,0.0005,0.003216879577528198
2025-09-29,2025-09-30,SYF,LONG,72.93499755859375,70.1500015258789,-0.038184631876863495,0.0005,-0.019592315938431748
2025-09-29,2025-09-30,DECK,LONG,103.48500061035156,101.18000030517578,-0.022273762299666156,0.0005,-0.011636881149833078
2025-09-29,2025-09-30,HSY,LONG,185.1649932861328,184.77999877929688,-0.0020791970447729957,0.0005,-0.0015395985223864979
2025-09-29,2025-09-30,MDT,LONG,93.66000366210938,94.45999908447266,0.008541483996193033,0.0005,0.0037707419980965167
2025-09-29,2025-09-30,APH,LONG,121.41999816894531,122.58499908447266,0.00959480261156287,0.0005,0.004297401305781434
2025-09-29,2025-09-30,MTD,LONG,1193.77001953125,1210.8900146484375,0.014341116661574338,0.0005,0.0066705583307871685
2025-09-30,2025-10-01,COF,LONG,211.4199981689453,215.89999389648438,0.021190028220315682,0.0005,0.01009501411015784
2025-09-30,2025-10-01,SYF,LONG,70.19000244140625,70.54000091552734,0.004986443395742501,0.0005,0.0019932216978712507
2025-09-30,2025-10-01,C,LONG,99.84500122070312,99.54000091552734,-0.003054737858148693,0.0005,-0.0020273689290743464
2025-09-30,2025-10-01,PAYX,LONG,122.98999786376953,122.7300033569336,-0.0021139483807774972,0.0005,-0.0015569741903887486
2025-09-30,2025-10-01,GDDY,LONG,136.02999877929688,132.66000366210938,-0.024773911250673297,0.0005,-0.012886955625336649
2025-09-30,2025-10-01,JPM,LONG,311.25,312.0899963378906,0.0026987834149097,0.0005,0.00084939170745485
2025-09-30,2025-10-01,FITB,LONG,43.93000030517578,44.529998779296875,0.013658057590552719,0.0005,0.006329028795276359
2025-09-30,2025-10-01,USB,LONG,47.630001068115234,48.04499816894531,0.008712934946959017,0.0005,0.0038564674734795083
2025-09-30,2025-10-01,PNC,LONG,197.9600067138672,199.05999755859375,0.005556631680238899,0.0005,0.0022783158401194496
2025-09-30,2025-10-01,VRSN,LONG,274.07000732421875,275.1400146484375,0.0039041387077169976,0.0005,0.0014520693538584988
2025-10-01,2025-10-02,CTVA,LONG,62.36709976196289,63.18000030517578,0.01303412450339203,0.0005,0.006017062251696015
2025-10-01,2025-10-02,LIN,LONG,464.4700012207031,468.0350036621094,0.007675420225282226,0.0005,0.003337710112641113
2025-10-01,2025-10-02,GDDY,LONG,132.60000610351562,132.90499877929688,0.0023000954882548275,0.0005,0.0006500477441274137
2025-10-01,2025-10-02,SYK,LONG,354.92999267578125,363.82000732421875,0.02504723419234467,0.0005,0.012023617096172334
2025-10-01,2025-10-02,STE,LONG,238.1199951171875,242.0449981689453,0.016483298892334464,0.0005,0.007741649446167231
2025-10-01,2025-10-02,DE,LONG,449.864990234375,458.0574951171875,0.018211030110487858,0.0005,0.008605515055243929
2025-10-01,2025-10-02,RJF,LONG,168.61500549316406,166.49000549316406,-0.012602674321806728,0.0005,-0.006801337160903365
2025-10-01,2025-10-02,NWSA,LONG,29.295000076293945,28.635000228881836,-0.022529436616939735,0.0005,-0.011764718308469868
2025-10-01,2025-10-02,MELI,LONG,2223.280029296875,2204.014892578125,-0.008665186780291823,0.0005,-0.004832593390145912
2025-10-01,2025-10-02,IDXX,LONG,603.010009765625,630.6599731445312,0.045853241125554556,0.0005,0.022426620562777277
2025-10-02,2025-10-03,OXY,LONG,44.14500045776367,44.834999084472656,0.01563027793756966,0.0005,0.007315138968784829
2025-10-02,2025-10-03,JPM,LONG,306.9993896484375,310.4966125488281,0.011391628186607994,0.0005,0.0051958140933039965
2025-10-02,2025-10-03,EFX,LONG,233.69500732421875,237.41000366210938,0.015896772380492363,0.0005,0.007448386190246181
2025-10-02,2025-10-03,NWSA,LONG,28.6299991607666,28.354999542236328,-0.009605296073746383,0.0005,-0.005302648036873192
2025-10-02,2025-10-03,CCEP,LONG,87.41999816894531,88.3499984741211,0.010638301586079812,0.0005,0.004819150793039906
2025-10-02,2025-10-03,C,LONG,96.94989776611328,97.86000061035156,0.009387352284103034,0.0005,0.004193676142051517
2025-10-02,2025-10-03,TYL,LONG,496.7699890136719,506.1600036621094,0.018902137520588225,0.0005,0.008951068760294112
2025-10-02,2025-10-03,HWM,LONG,190.9499969482422,189.94000244140625,-0.0052893140768663915,0.0005,-0.0031446570384331958
2025-10-02,2025-10-03,ICE,LONG,161.69500732421875,162.8699951171875,0.007266691856556484,0.0005,0.003133345928278242
2025-10-02,2025-10-03,VLO,LONG,163.8800048828125,161.44500732421875,-0.014858417659524559,0.0005,-0.00792920882976228
2025-10-03,2025-10-06,PM,LONG,152.5500030517578,152.85000610351562,0.0019665883038757492,0.001,0.0009665883038757492
2025-10-03,2025-10-06,PLTR,LONG,174.10000610351562,178.6699981689453,0.026249235526806913,0.001,0.025249235526806912
2025-10-03,2025-10-06,VLO,LONG,161.44500732421875,164.02000427246094,0.01594968460728552,0.001,0.014949684607285518
2025-10-03,2025-10-06,NWSA,LONG,28.354999542236328,27.979999542236328,-0.013225180957644467,0.001,-0.014225180957644468
2025-10-03,2025-10-06,TSLA,LONG,424.260009765625,452.0899963378906,0.06559653498249762,0.001,0.06459653498249762
2025-10-03,2025-10-06,DGX,LONG,179.5,178.22000122070312,-0.007130912419481161,0.001,-0.008130912419481162
2025-10-03,2025-10-06,HWM,LONG,189.81500244140625,190.8199005126953,0.0052940919229989,0.001,0.0042940919229989
2025-10-06,2025-10-07,VZ,LONG,41.44499969482422,41.415000915527344,-0.0007238214384791553,0.001,-0.0017238214384791553
2025-10-06,2025-10-07,SPG,LONG,179.7100067138672,178.9600067138672,-0.004173390306496105,0.001,-0.005173390306496105
2025-10-06,2025-10-07,MTB,LONG,190.1750030517578,189.6199951171875,-0.002918406339760926,0.001,-0.003918406339760926
2025-10-06,2025-10-07,AVB,LONG,187.5800018310547,187.52000427246094,-0.0003198505064936352,0.001,-0.0013198505064936352
2025-10-06,2025-10-07,AMT,LONG,186.00999450683594,186.97000122070312,0.005161049095304904,0.001,0.004161049095304904
2025-10-06,2025-10-07,EQR,LONG,62.22999954223633,62.46500015258789,0.0037763235108505544,0.001,0.0027763235108505544
2025-10-06,2025-10-07,SNA,LONG,342.20001220703125,336.8500061035156,-0.015634149364900818,0.001,-0.01663414936490082
2025-10-06,2025-10-07,SYY,LONG,80.8499984741211,79.94000244140625,-0.011255362398134405,0.001,-0.012255362398134406
2025-10-06,2025-10-07,ESS,LONG,261.0050048828125,262.1000061035156,0.0041953265271474915,0.001,0.0031953265271474915
2025-10-06,2025-10-07,GL,LONG,134.2449951171875,135.61000061035156,0.010168017749730529,0.001,0.009168017749730528
2025-10-08,2025-10-09,AMAT,LONG,209.97999572753906,218.3699951171875,0.03995618420973268,0.001,0.03895618420973268
2025-10-08,2025-10-09,ADI,LONG,233.8000030517578,236.69400024414062,0.01237808877077784,0.001,0.011378088770777839
2025-10-08,2025-10-09,NXPI,LONG,219.88999938964844,223.0050048828125,0.014166199016828473,0.001,0.013166199016828473
2025-10-08,2025-10-09,SNA,LONG,337.8699951171875,335.6600036621094,-0.006540952102928266,0.001,-0.007540952102928266
2025-10-08,2025-10-09,IT,LONG,247.19000244140625,246.125,-0.004308436550376604,0.001,-0.005308436550376604
2025-10-08,2025-10-09,APTV,LONG,86.08000183105469,82.55999755859375,-0.040892242072316565,0.001,-0.041892242072316566
2025-10-08,2025-10-09,STX,LONG,225.0,222.8350067138672,-0.009622192382812478,0.001,-0.010622192382812479
2025-10-08,2025-10-09,SYY,LONG,79.94000244140625,78.4749984741211,-0.018326293752104483,0.001,-0.019326293752104484
2025-10-08,2025-10-09,GM,LONG,57.33000183105469,56.279998779296875,-0.01831507096148466,0.001,-0.01931507096148466
2025-10-08,2025-10-09,APP,LONG,631.1699829101562,596.9650268554688,-0.054192938480657094,0.001,-0.055192938480657094
2025-10-09,2025-10-10,ITW,LONG,249.33999633789062,246.0500030517578,-0.013194807629957617,0.001,-0.014194807629957618
2025-10-09,2025-10-10,IR,LONG,78.7300033569336,77.53500366210938,-0.01517845349766489,0.001,-0.01617845349766489
2025-10-09,2025-10-10,TFC,LONG,43.974998474121094,43.529998779296875,-0.01011937942615504,0.001,-0.01111937942615504
2025-10-09,2025-10-10,APTV,LONG,82.57499694824219,82.23999786376953,-0.0040569070160866305,0.001,-0.0050569070160866305
2025-10-09,2025-10-10,GPC,LONG,131.8000030517578,131.0,-0.006069825745327551,0.001,-0.007069825745327551
2025-10-09,2025-10-10,WTW,LONG,342.1050109863281,338.92999267578125,-0.009280829594962459,0.001,-0.01028082959496246
2025-10-09,2025-10-10,IBM,LONG,285.0,283.92999267578125,-0.0037544116639254277,0.001,-0.004754411663925428
2025-10-09,2025-10-10,EXPD,LONG,117.45999908447266,114.46749877929688,-0.025476760841992574,0.001,-0.026476760841992575
2025-10-09,2025-10-10,NEM,LONG,86.12000274658203,85.81500244140625,-0.0035415733331231047,0.001,-0.004541573333123105
2025-10-09,2025-10-10,NTRS,LONG,130.14999389648438,126.88749694824219,-0.025067207846640627,0.001,-0.026067207846640628
2025-10-10,2025-10-13,PDD,LONG,126.22000122070312,127.45999908447266,0.009824099602101288,0.0005,0.004412049801050644
2025-10-10,2025-10-13,MOS,LONG,30.770000457763672,31.315000534057617,0.01771205941455989,0.0005,0.008356029707279944
2025-10-10,2025-10-13,SWK,LONG,66.38999938964844,65.41000366210938,-0.01476119500750983,0.0005,-0.007880597503754916
2025-10-10,2025-10-13,CFG,LONG,50.65999984741211,50.349998474121094,-0.0061192533404015315,0.0005,-0.0035596266702007657
2025-10-10,2025-10-13,NTRS,LONG,126.66000366210938,127.02989959716797,0.0029203846862768668,0.0005,0.0009601923431384334
2025-10-10,2025-10-13,APA,LONG,22.520000457763672,22.520000457763672,0.0,0.0005,-0.0005
2025-10-10,2025-10-13,KEY,LONG,17.739999771118164,17.55500030517578,-0.010428380401874326,0.0005,-0.005714190200937164
2025-10-10,2025-10-13,RTX,LONG,159.91000366210938,158.47000122070312,-0.009005080410410038,0.0005,-0.005002540205205019
2025-10-10,2025-10-13,DOC,LONG,18.110000610351562,18.03499984741211,-0.004141400354044311,0.0005,-0.0025707001770221556
2025-10-10,2025-10-13,FDX,LONG,185.9871063232422,184.2989501953125,-0.009076737421763514,0.0005,-0.005038368710881758
2025-10-13,2025-10-14,FAST,LONG,43.4900016784668,42.85499954223633,-0.014601106270935804,0.001,-0.015601106270935805
2025-10-13,2025-10-14,ULTA,LONG,535.9949951171875,543.6047973632812,0.014197524819107743,0.001,0.013197524819107742
2025-10-13,2025-10-14,LVS,LONG,47.154998779296875,48.34000015258789,0.02512992055915997,0.001,0.024129920559159967
2025-10-13,2025-10-14,SJM,LONG,101.7750015258789,101.41000366210938,-0.0035863213785038983,0.001,-0.004586321378503898
2025-10-13,2025-10-14,ES,LONG,71.73999786376953,70.8499984741211,-0.012405902092978871,0.001,-0.013405902092978872
2025-10-13,2025-10-14,EXE,LONG,101.77999877929688,100.53500366210938,-0.012232217843578419,0.001,-0.01323221784357842
2025-10-13,2025-10-14,CHRW,LONG,124.9000015258789,127.84500122070312,0.02357886035905321,0.001,0.02257886035905321
2025-10-13,2025-10-14,GIS,LONG,48.220001220703125,48.21500015258789,-0.00010371356260119313,0.001,-0.0011037135626011932
2025-10-13,2025-10-14,RTX,LONG,158.5500030517578,160.1999969482422,0.010406773035165129,0.001,0.009406773035165128
2025-10-13,2025-10-14,AJG,LONG,300.1099853515625,302.0950012207031,0.006614294645395757,0.001,0.005614294645395757
2025-10-14,2025-10-15,EQT,LONG,52.33000183105469,54.900001525878906,0.049111400819769946,0.0005,0.024055700409884972
2025-10-14,2025-10-15,ES,LONG,70.83999633789062,72.17500305175781,0.01884538089894172,0.0005,0.00892269044947086
2025-10-14,2025-10-15,FAST,LONG,42.85499954223633,42.02000045776367,-0.019484286393463,0.0005,-0.010242143196731501
2025-10-14,2025-10-15,EXE,LONG,100.5635986328125,102.22000122070312,0.01647119445216605,0.0005,0.007735597226083024
2025-10-14,2025-10-15,IBM,LONG,275.2099914550781,280.5799865722656,0.01951235523389072,0.0005,0.00925617761694536
2025-10-14,2025-10-15,NVDA,LONG,183.22999572753906,179.79490661621094,-0.01874741686091652,0.0005,-0.009873708430458261
2025-10-15,2025-10-16,WRB,LONG,76.12999725341797,73.6050033569336,-0.03316687229186799,0.001,-0.03416687229186799
2025-10-15,2025-10-16,PGR,LONG,223.88999938964844,221.4499969482422,-0.010898219876090964,0.001,-0.011898219876090965
2025-10-15,2025-10-16,AXON,LONG,645.0,644.5770263671875,-0.0006557730741278966,0.001,-0.0016557730741278967
2025-10-15,2025-10-16,CB,LONG,276.92999267578125,266.9800109863281,-0.03592959214461888,0.001,-0.036929592144618884
2025-10-15,2025-10-16,WM,LONG,214.1708984375,213.25,-0.004299829921891707,0.001,-0.005299829921891707
2025-10-15,2025-10-16,ABT,LONG,128.0800018310547,127.55500030517578,-0.004099012479492403,0.001,-0.005099012479492403
2025-10-15,2025-10-16,AIZ,LONG,215.26499938964844,209.4600067138672,-0.02696672795038879,0.001,-0.027966727950388792
2025-10-15,2025-10-16,NOC,LONG,608.6099853515625,599.5,-0.014968511149714647,0.001,-0.015968511149714648
2025-10-15,2025-10-16,L,LONG,100.57499694824219,98.08999633789062,-0.024707936224252602,0.001,-0.025707936224252603
2025-10-15,2025-10-16,LHX,LONG,288.3399963378906,285.0299987792969,-0.011479495042772125,0.001,-0.012479495042772126
2025-10-16,2025-10-17,BRO,LONG,87.75,87.9000015258789,0.0017094190983351076,0.001,0.0007094190983351076
2025-10-16,2025-10-17,VRSK,LONG,229.16000366210938,232.33999633789062,0.013876735141225005,0.001,0.012876735141225004
2025-10-16,2025-10-17,FITB,LONG,40.21500015258789,40.900001525878906,0.017033479315974542,0.001,0.01603347931597454
2025-10-16,2025-10-17,KEY,LONG,16.520000457763672,16.954999923706055,0.026331686070744098,0.001,0.025331686070744097
2025-10-16,2025-10-17,AMP,LONG,465.4150085449219,470.07000732421875,0.010001823520582764,0.001,0.009001823520582763
2025-10-16,2025-10-17,WRB,LONG,73.58999633789062,74.05000305175781,0.0062509408446638215,0.001,0.0052509408446638215
2025-10-16,2025-10-17,RF,LONG,23.219999313354492,23.56999969482422,0.015073229621864526,0.001,0.014073229621864525
2025-10-16,2025-10-17,MET,LONG,78.16000366210938,78.44999694824219,0.0037102516958222864,0.001,0.0027102516958222864
2025-10-16,2025-10-17,VMC,LONG,296.79998779296875,295.42999267578125,-0.004615886703280947,0.001,-0.005615886703280947
2025-10-16,2025-10-17,CB,LONG,266.9775085449219,268.2099914550781,0.0046164297392448095,0.001,0.0036164297392448095
2025-10-20,2025-10-21,IBKR,LONG,67.37999725341797,66.375,-0.014915365010155002,0.001,-0.015915365010155003
2025-10-20,2025-10-21,FE,LONG,47.08000183105469,46.845001220703125,-0.004991516593284229,0.001,-0.005991516593284229
2025-10-20,2025-10-21,GLW,LONG,85.2300033569336,85.58999633789062,0.00422378231582865,0.001,0.0032237823158286502
2025-10-20,2025-10-21,DDOG,LONG,155.14999389648438,157.22000122070312,0.013341974899463205,0.001,0.012341974899463204
2025-10-20,2025-10-21,BRO,LONG,87.91000366210938,88.7300033569336,0.009327717673360159,0.001,0.008327717673360158
2025-10-20,2025-10-21,VMC,LONG,297.5,295.42999267578125,-0.0069580078125,0.001,-0.007958007812500001
2025-10-20,2025-10-21,NOC,LONG,599.6599731445312,597.4749755859375,-0.0036437275396854485,0.001,-0.0046437275396854485
2025-10-20,2025-10-21,HII,LONG,281.80999755859375,288.8599853515625,0.025016812228256358,0.001,0.024016812228256357
2025-10-21,2025-10-22,CEG,LONG,359.29998779296875,345.3900146484375,-0.038714093006165906,0.0005,-0.019857046503082953
2025-10-21,2025-10-22,VST,LONG,187.28500366210938,180.4499969482422,-0.03649521627582408,0.0005,-0.018747608137912042
2025-10-21,2025-10-22,PWR,LONG,426.6449890136719,407.5299987792969,-0.04480303466956337,0.0005,-0.022901517334781685
2025-10-21,2025-10-22,NEM,LONG,86.19999694824219,84.87000274658203,-0.015429167618865924,0.0005,-0.008214583809432963
2025-10-21,2025-10-22,NRG,LONG,161.11000061035156,160.26499938964844,-0.005244871314641575,0.0005,-0.0031224356573207874
2025-10-21,2025-10-22,NEE,LONG,83.29000091552734,83.0999984741211,-0.002281215503874834,0.0005,-0.001640607751937417
2025-10-21,2025-10-22,MO,LONG,63.290000915527344,64.36499786376953,0.01698525727115996,0.0005,0.00799262863557998
2025-10-21,2025-10-22,PM,LONG,144.88999938964844,154.9199981689453,0.06922492112325496,0.0005,0.03411246056162748
2025-10-21,2025-10-22,VRT,LONG,172.6750030517578,163.72000122070312,-0.05186044113385946,0.0005,-0.02643022056692973
2025-10-21,2025-10-22,BLK,LONG,1144.43994140625,1131.2750244140625,-0.01150337078939323,0.0005,-0.0062516853946966155
2025-10-22,2025-10-23,ETN,LONG,355.0,369.54638671875,0.04097573723591541,0.0005,0.019987868617957705
2025-10-22,2025-10-23,EME,LONG,649.530029296875,684.344970703125,0.05360020297127388,0.0005,0.02630010148563694
2025-10-22,2025-10-23,PWR,LONG,407.6499938964844,422.010009765625,0.03522633652433482,0.0005,0.01711316826216741
2025-10-22,2025-10-23,FIX,LONG,780.4299926757812,824.25,0.05614854341255837,0.0005,0.027574271706279185
2025-10-22,2025-10-23,CIEN,LONG,162.2949981689453,172.8699951171875,0.06515910574911166,0.0005,0.03207955287455583
2025-10-22,2025-10-23,GEV,LONG,537.7999877929688,594.5,0.10542955279660293,0.0005,0.052214776398301466
2025-10-22,2025-10-23,VRT,LONG,163.7899932861328,181.44000244140625,0.10775999681763082,0.0005,0.05337999840881541
2025-10-22,2025-10-23,CEG,LONG,345.80499267578125,358.7799987792969,0.0375211647556537,0.0005,0.01826058237782685
2025-10-22,2025-10-23,VST,LONG,180.4499969482422,189.36000061035156,0.049376579732860915,0.0005,0.024188289866430457
2025-10-22,2025-10-23,PLTR,LONG,170.39999389648438,179.75,0.05487092980294128,0.0005,0.02693546490147064
2025-10-23,2025-10-24,URI,LONG,917.3250122070312,924.5750122070312,0.007903414715093149,0.0005,0.0034517073575465744
2025-10-23,2025-10-24,ALLE,LONG,166.97000122070312,166.90499877929688,-0.0003893061084687677,0.0005,-0.0006946530542343838
2025-10-23,2025-10-24,ROP,LONG,475.0,480.1929931640625,0.010932617187499938,0.0005,0.0049663085937499685
2025-10-23,2025-10-24,ORLY,LONG,95.81999969482422,98.25,0.025360053359581025,0.0005,0.012180026679790512
2025-10-23,2025-10-24,TAP,LONG,45.45000076293945,45.38999938964844,-0.0013201622064644702,0.0005,-0.0011600811032322351
2025-10-23,2025-10-24,AZO,LONG,3780.510009765625,3816.764892578125,0.009589944933050987,0.0005,0.004294972466525493
2025-10-23,2025-10-24,WEC,LONG,115.83999633789062,116.38999938964844,0.004747954671489474,0.0005,0.001873977335744737
2025-10-23,2025-10-24,CNP,LONG,39.560001373291016,39.564998626708984,0.00012632086057862146,0.0005,-0.0004368395697106893
2025-10-23,2025-10-24,EXC,LONG,47.58000183105469,48.029998779296875,0.009457690855919187,0.0005,0.004228845427959593
2025-10-23,2025-10-24,INSM,LONG,157.75999450683594,160.42999267578125,0.01692443117338982,0.0005,0.00796221558669491
2025-10-24,2025-10-27,VRSN,LONG,227.49000549316406,245.3300018310547,0.07842101150429093,0.0005,0.03871050575214546
2025-10-24,2025-10-27,WMB,LONG,57.75,57.8849983215332,0.0023376332733022753,0.0005,0.0006688166366511377
2025-10-24,2025-10-27,ALLE,LONG,166.91000366210938,170.00999450683594,0.018572828330901903,0.0005,0.008786414165450951
2025-10-24,2025-10-27,KMI,LONG,25.895000457763672,26.125,0.008882005721972064,0.0005,0.0039410028609860315
2025-10-24,2025-10-27,TAP,LONG,45.38999938964844,45.290000915527344,-0.002203094854940635,0.0005,-0.0016015474274703174
2025-10-24,2025-10-27,CNP,LONG,39.564998626708984,39.48500061035156,-0.0020219390656927017,0.0005,-0.0015109695328463508
2025-10-24,2025-10-27,AMGN,LONG,291.1499938964844,289.19000244140625,-0.006731895916765818,0.0005,-0.003865947958382909
2025-10-24,2025-10-27,URI,LONG,923.22998046875,891.4299926757812,-0.03444427549549789,0.0005,-0.017722137747748945
2025-10-24,2025-10-27,ED,LONG,100.30599975585938,99.76499938964844,-0.005393499566603288,0.0005,-0.003196749783301644
2025-10-24,2025-10-27,JNJ,LONG,190.02000427246094,190.4550018310547,0.0022892198127204555,0.0005,0.0006446099063602277
2025-10-27,2025-10-28,PSA,LONG,300.0210266113281,298.25,-0.005903008303556168,0.001,-0.006903008303556168
2025-10-27,2025-10-28,ROP,LONG,460.3399963378906,459.510009765625,-0.0018029860078818682,0.001,-0.0028029860078818683
2025-10-27,2025-10-28,NEM,LONG,77.76000213623047,79.80999755859375,0.026363109131244844,0.001,0.025363109131244843
2025-10-27,2025-10-28,URI,LONG,891.5599975585938,879.344970703125,-0.013700734542731574,0.001,-0.014700734542731575
2025-10-27,2025-10-28,DUK,LONG,126.8949966430664,125.83000183105469,-0.008392725010327728,0.001,-0.00939272501032773
2025-10-27,2025-10-28,AWK,LONG,139.8800048828125,135.05999755859375,-0.03445815810670594,0.001,-0.03545815810670594
2025-10-27,2025-10-28,LH,LONG,274.614990234375,262.1400146484375,-0.04542714720449348,0.001,-0.04642714720449348
2025-10-27,2025-10-28,CMS,LONG,74.29000091552734,73.68000030517578,-0.008211072860870972,0.001,-0.009211072860870972
2025-10-27,2025-10-28,AMGN,LONG,289.3550109863281,290.989990234375,0.00565042659006898,0.001,0.00465042659006898
2025-10-27,2025-10-28,ED,LONG,99.7699966430664,98.8499984741211,-0.009221190737699114,0.001,-0.010221190737699115
2025-10-28,2025-10-29,EG,LONG,306.71600341796875,309.4100036621094,0.008783370329944695,0.0005,0.0038916851649723476
2025-10-28,2025-10-29,WM,LONG,204.68499755859375,197.52999877929688,-0.034956146589339876,0.0005,-0.01797807329466994
2025-10-28,2025-10-29,BNY,LONG,10.270000457763672,10.25,-0.0019474641550334404,0.0005,-0.0014737320775167202
2025-10-28,2025-10-29,LH,LONG,262.0400085449219,248.19000244140625,-0.052854547595319934,0.0005,-0.026927273797659967
2025-10-28,2025-10-29,CCI,LONG,93.98999786376953,92.33000183105469,-0.01766141153786238,0.0005,-0.009330705768931191
2025-10-28,2025-10-29,WAT,LONG,345.6099853515625,343.6000061035156,-0.0058157441429311785,0.0005,-0.0034078720714655892
2025-10-28,2025-10-29,AWK,LONG,135.05999755859375,130.11000061035156,-0.03665035567688879,0.0005,-0.018825177838444396
2025-10-28,2025-10-29,ARE,LONG,62.83000183105469,58.75,-0.06493715919387555,0.0005,-0.032968579596937775
2025-10-28,2025-10-29,DUK,LONG,125.79000091552734,124.30000305175781,-0.011845121654543322,0.0005,-0.006422560827271662
2025-10-28,2025-10-29,CMS,LONG,73.68099975585938,72.30000305175781,-0.018742914844769643,0.0005,-0.009871457422384822
2025-10-30,2025-10-31,ADP,LONG,262.07000732421875,260.3999938964844,-0.006372394326178421,0.001,-0.007372394326178421
2025-10-30,2025-10-31,IP,LONG,42.68000030517578,38.81999969482422,-0.09044050100167089,0.001,-0.09144050100167089
2025-10-30,2025-10-31,FDS,LONG,268.6499938964844,268.510009765625,-0.000521065081108163,0.001,-0.001521065081108163
2025-10-30,2025-10-31,SW,LONG,37.41999816894531,35.849998474121094,-0.04195616706702976,0.001,-0.04295616706702976
2025-10-30,2025-10-31,GRMN,LONG,219.16000366210938,215.24000549316406,-0.017886466980485127,0.001,-0.018886466980485128
2025-10-30,2025-10-31,HRL,LONG,21.56999969482422,21.315000534057617,-0.011821936225051899,0.001,-0.0128219362250519
2025-10-30,2025-10-31,ECL,LONG,255.33999633789062,258.6549987792969,0.012982699494596739,0.001,0.011982699494596738
2025-10-30,2025-10-31,REG,LONG,69.30000305175781,69.47000122070312,0.0024530759229310917,0.001,0.0014530759229310916
2025-10-30,2025-10-31,CAG,LONG,16.969999313354492,17.21500015258789,0.014437292230212062,0.001,0.013437292230212061
2025-10-30,2025-10-31,CLX,LONG,111.58999633789062,112.6500015258789,0.009499105858724377,0.001,0.008499105858724376
2025-10-31,2025-11-03,MPWR,LONG,945.469970703125,993.5499877929688,0.05085303455390311,0.0005,0.024926517276951554
2025-10-31,2025-11-03,DXCM,LONG,56.9900016784668,60.22999954223633,0.05685204015345269,0.0005,0.027926020076726343
2025-10-31,2025-11-03,ABBV,LONG,218.38999938964844,213.7449951171875,-0.021269308509742624,0.0005,-0.011134654254871312
2025-10-31,2025-11-03,LIN,LONG,420.45050048828125,412.2149963378906,-0.019587333445498345,0.0005,-0.010293666722749173
2025-10-31,2025-11-03,CI,LONG,243.47500610351562,242.8300018310547,-0.0026491601038781676,0.0005,-0.0018245800519390838
2025-10-31,2025-11-03,BAX,LONG,18.780000686645508,18.184999465942383,-0.03168270494932579,0.0005,-0.016341352474662896
2025-10-31,2025-11-03,DTE,LONG,136.1300048828125,134.0850067138672,-0.015022391064378082,0.0005,-0.008011195532189042
2025-10-31,2025-11-03,CHTR,LONG,223.44500732421875,217.97999572753906,-0.02445797139136774,0.0005,-0.01272898569568387
2025-10-31,2025-11-03,EBAY,LONG,81.25,82.66999816894531,0.01747690054086548,0.0005,0.00823845027043274
2025-10-31,2025-11-03,RMD,LONG,244.15499877929688,243.82000732421875,-0.00137204422089654,0.0005,-0.00118602211044827
2025-11-03,2025-11-04,KMB,LONG,104.8499984741211,100.77999877929688,-0.03881735578497669,0.0005,-0.019908677892488347
2025-11-03,2025-11-04,ABBV,LONG,213.77000427246094,216.34500122070312,0.012045642030114934,0.0005,0.005522821015057466
2025-11-03,2025-11-04,MSI,LONG,393.8949890136719,390.0199890136719,-0.009837647363078017,0.0005,-0.005418823681539009
2025-11-03,2025-11-04,AZO,LONG,3525.0,3642.919921875,0.03345246010638303,0.0005,0.016226230053191515
2025-11-03,2025-11-04,TPR,LONG,105.51000213623047,107.41999816894531,0.018102511553821587,0.0005,0.008551255776910793
2025-11-03,2025-11-04,OTIS,LONG,90.28500366210938,90.3499984741211,0.0007198849130578555,0.0005,-0.00014005754347107225
2025-11-03,2025-11-04,CHTR,LONG,217.97500610351562,219.78500366210938,0.00830369312036705,0.0005,0.0036518465601835253
2025-11-03,2025-11-04,GPC,LONG,125.3550033569336,122.81500244140625,-0.020262461389714104,0.0005,-0.010631230694857052
2025-11-03,2025-11-04,UNH,LONG,330.364990234375,331.2099914550781,0.002557780774844254,0.0005,0.0007788903874221269
2025-11-03,2025-11-04,ORLY,LONG,90.83000183105469,92.3499984741211,0.016734521770610744,0.0005,0.007867260885305372
2025-11-04,2025-11-05,ZTS,LONG,127.36000061035156,119.65499877929688,-0.06049781559461176,0.0005,-0.03074890779730588
2025-11-04,2025-11-05,NCLH,LONG,19.065000534057617,18.760000228881836,-0.015997917473484002,0.0005,-0.008498958736742002
2025-11-04,2025-11-05,CCL,LONG,26.30500030517578,27.110000610351562,0.030602558290690807,0.0005,0.014801279145345403
2025-11-04,2025-11-05,PTC,LONG,190.64999389648438,189.6262969970703,-0.005369509216821111,0.0005,-0.0031847546084105556
2025-11-04,2025-11-05,KMB,LONG,100.77649688720703,100.04499816894531,-0.007258624191714413,0.0005,-0.004129312095857207
2025-11-04,2025-11-05,O,LONG,56.2400016784668,56.44499969482422,0.003645057081068881,0.0005,0.0013225285405344405
2025-11-04,2025-11-05,ABNB,LONG,123.0199966430664,123.24500274658203,0.0018290205629614142,0.0005,0.0004145102814807071
2025-11-04,2025-11-05,CDW,LONG,144.88999938964844,142.6999969482422,-0.01511493167666278,0.0005,-0.00805746583833139
2025-11-04,2025-11-05,GPC,LONG,122.81500244140625,124.55000305175781,0.014126943580686113,0.0005,0.006563471790343056
2025-11-04,2025-11-05,BBY,LONG,79.98999786376953,81.76000213623047,0.022127819974135043,0.0005,0.010563909987067521
2025-11-05,2025-11-06,LYV,LONG,138.84500122070312,140.4600067138672,0.011631715070511639,0.0005,0.005315857535255819
2025-11-05,2025-11-06,ZBH,LONG,88.98999786376953,88.05999755859375,-0.010450616108559463,0.0005,-0.005725308054279732
2025-11-05,2025-11-06,HUM,LONG,260.07501220703125,253.11000061035156,-0.026780779658813314,0.0005,-0.013890389829406657
2025-11-05,2025-11-06,ZTS,LONG,119.6500015258789,119.80000305175781,0.0012536692349849332,0.0005,0.0001268346174924666
2025-11-05,2025-11-06,ADM,LONG,57.0099983215332,56.869998931884766,-0.0024556988909006927,0.0005,-0.0017278494454503464
2025-11-05,2025-11-06,SMCI,LONG,42.93550109863281,41.275001525878906,-0.03867427956504699,0.0005,-0.019837139782523494
2025-11-05,2025-11-06,CRL,LONG,163.97999572753906,168.24000549316406,0.02597883813037294,0.0005,0.012489419065186469
2025-11-05,2025-11-06,NCLH,LONG,18.760000228881836,18.334999084472656,-0.022654644947971425,0.0005,-0.011827322473985713
2025-11-05,2025-11-06,SNPS,LONG,409.739990234375,399.0249938964844,-0.02615072141667585,0.0005,-0.013575360708337925
2025-11-05,2025-11-06,PTC,LONG,189.47999572753906,173.75,-0.08301665654541102,0.0005,-0.04200832827270551
2025-11-06,2025-11-07,DASH,LONG,199.32000732421875,204.89500427246094,0.02797008199570139,0.0005,0.013485040997850695
2025-11-06,2025-11-07,VTRS,LONG,10.164999961853027,10.045000076293945,-0.01180520275547614,0.0005,-0.006402601377738071
2025-11-06,2025-11-07,PTC,LONG,173.5500030517578,175.00999450683594,0.00841251183754066,0.0005,0.0037062559187703297
2025-11-06,2025-11-07,FTNT,LONG,81.125,80.62999725341797,-0.006101728771427228,0.0005,-0.003550864385713614
2025-11-06,2025-11-07,AXON,LONG,596.8599853515625,607.3800048828125,0.017625606992322407,0.0005,0.008312803496161203
2025-11-06,2025-11-07,HUM,LONG,253.1300048828125,250.4949951171875,-0.010409709298764835,0.0005,-0.005704854649382418
2025-11-06,2025-11-07,ES,LONG,72.01499938964844,72.88500213623047,0.012080854737979596,0.0005,0.005540427368989798
2025-11-06,2025-11-07,CRM,LONG,240.6199951171875,239.03500366210938,-0.006587114484422618,0.0005,-0.003793557242211309
2025-11-06,2025-11-07,CPRT,LONG,39.85499954223633,40.349998474121094,0.012419995924481064,0.0005,0.005709997962240532
2025-11-06,2025-11-07,TPR,LONG,99.16000366210938,103.01000213623047,0.038826122750459824,0.0005,0.01891306137522991
2025-11-07,2025-11-10,TTWO,LONG,232.18499755859375,233.9810028076172,0.0077352338346934335,0.0005,0.0033676169173467167
2025-11-07,2025-11-10,XYZ,LONG,64.87000274658203,66.79000091552734,0.029597627372483393,0.0005,0.014298813686241696
2025-11-07,2025-11-10,VTRS,LONG,10.050000190734863,10.170000076293945,0.011940286893696861,0.0005,0.00547014344684843
2025-11-07,2025-11-10,VRTX,LONG,408.30499267578125,421.0799865722656,0.031287870894658676,0.0005,0.015143935447329337
2025-11-07,2025-11-10,EMR,LONG,128.90499877929688,130.02000427246094,0.008649823542321355,0.0005,0.0038249117711606777
2025-11-07,2025-11-10,MCHP,LONG,55.38999938964844,55.380001068115234,-0.00018050770253430493,0.0005,-0.0005902538512671525
2025-11-07,2025-11-10,AMD,LONG,230.6750030517578,243.97999572753906,0.057678519561115804,0.0005,0.0283392597805579
2025-11-07,2025-11-10,AMAT,LONG,227.03500366210938,235.0800018310547,0.035435056441422086,0.0005,0.017217528220711042
2025-11-07,2025-11-10,CRH,LONG,112.86000061035156,114.0,0.010101004638341848,0.0005,0.004550502319170924
2025-11-07,2025-11-10,FTNT,LONG,80.63999938964844,82.26000213623047,0.020089319926135607,0.0005,0.009544659963067803
2025-11-12,2025-11-13,SATS,LONG,70.41999816894531,68.9800033569336,-0.020448663014120072,0.001,-0.021448663014120073
2025-11-12,2025-11-13,APP,LONG,588.5316772460938,560.510009765625,-0.04761284492211204,0.001,-0.04861284492211204
2025-11-13,2025-11-14,IRM,LONG,92.69999694824219,92.2300033569336,-0.005070049695589662,0.0005,-0.003035024847794831
2025-11-13,2025-11-14,DIS,LONG,105.80000305175781,105.75,-0.00047261862301983815,0.0005,-0.0007363093115099191
2025-11-13,2025-11-14,LVS,LONG,65.66999816894531,66.32479858398438,0.009971074056595697,0.0005,0.004485537028297848
2025-11-13,2025-11-14,APP,LONG,560.1199951171875,566.1627197265625,0.01078826798195398,0.0005,0.00489413399097699
2025-11-13,2025-11-14,CIEN,LONG,196.77000427246094,194.89999389648438,-0.009503533746877513,0.0005,-0.005251766873438757
2025-11-13,2025-11-14,HWM,LONG,203.0800018310547,204.55999755859375,0.007287747263121869,0.0005,0.0031438736315609343
2025-11-13,2025-11-14,TSLA,LONG,407.0899963378906,408.8099060058594,0.004224888067603683,0.0005,0.0016124440338018413
2025-11-13,2025-11-14,LRCX,LONG,153.8699951171875,152.09500122070312,-0.011535672664007901,0.0005,-0.006267836332003951
2025-11-13,2025-11-14,SRE,LONG,91.44000244140625,92.88999938964844,0.015857359028083273,0.0005,0.007428679514041636
2025-11-13,2025-11-14,APH,LONG,136.00999450683594,136.2949981689453,0.002095461169179469,0.0005,0.0005477305845897344
2025-11-14,2025-11-17,JPM,LONG,305.8800048828125,301.8399963378906,-0.013207821630804806,0.001,-0.014207821630804807
2025-11-14,2025-11-17,XYL,LONG,144.9600067138672,141.52000427246094,-0.023730700069546695,0.001,-0.024730700069546696
2025-11-14,2025-11-17,SNA,LONG,330.9158020019531,331.9849853515625,0.0032309830571435327,0.001,0.0022309830571435327
2025-11-14,2025-11-17,IBKR,LONG,67.0199966430664,64.54000091552734,-0.03700381754339632,0.001,-0.03800381754339632
2025-11-14,2025-11-17,DIS,LONG,105.74500274658203,106.61000061035156,0.008180035380418893,0.001,0.007180035380418893
2025-11-14,2025-11-17,AXP,LONG,358.9800109863281,350.3699951171875,-0.023984666570943225,0.001,-0.024984666570943226
2025-11-14,2025-11-17,IRM,LONG,92.22000122070312,90.36000061035156,-0.02016916705412053,0.001,-0.02116916705412053
2025-11-14,2025-11-17,WAB,LONG,204.14500427246094,202.28500366210938,-0.009111173780520843,0.001,-0.010111173780520843
2025-11-14,2025-11-17,GWW,LONG,923.2899780273438,928.7050170898438,0.005864938633980854,0.001,0.004864938633980854
2025-11-14,2025-11-17,BAC,LONG,52.79499816894531,52.06999969482422,-0.01373233259334683,0.001,-0.01473233259334683
2025-11-17,2025-11-18,HPE,LONG,21.02429962158203,21.204999923706055,0.008594830999199221,0.001,0.007594830999199221
2025-11-17,2025-11-18,COF,LONG,204.75,201.55999755859375,-0.015579987503815618,0.001,-0.01657998750381562
2025-11-17,2025-11-18,PFG,LONG,82.15499877929688,82.33000183105469,0.0021301570733138764,0.001,0.0011301570733138764
2025-11-17,2025-11-18,AXP,LONG,350.25,342.6499938964844,-0.021698804007182382,0.001,-0.022698804007182383
2025-11-17,2025-11-18,NTRS,LONG,124.37999725341797,124.95500183105469,0.004622966637193082,0.001,0.003622966637193082
2025-11-17,2025-11-18,JPM,LONG,301.6700134277344,300.3450012207031,-0.0043922569299340575,0.001,-0.0053922569299340575
2025-11-17,2025-11-18,STT,LONG,114.38500213623047,113.76000213623047,-0.005464003045221211,0.001,-0.006464003045221211
2025-11-17,2025-11-18,IBKR,LONG,64.5199966430664,63.71500015258789,-0.012476697649751456,0.001,-0.013476697649751457
2025-11-17,2025-11-18,XYL,LONG,141.48500061035156,139.50999450683594,-0.013959120012691506,0.001,-0.014959120012691507
2025-11-17,2025-11-18,ARES,LONG,143.49000549316406,142.66000366210938,-0.005784387757196252,0.001,-0.006784387757196252
2025-11-18,2025-11-19,HD,LONG,342.15008544921875,334.6700134277344,-0.02186196157649234,0.001,-0.02286196157649234
2025-11-18,2025-11-19,PDD,LONG,120.13999938964844,118.19999694824219,-0.016147847937923343,0.001,-0.017147847937923344
2025-11-18,2025-11-19,VEEV,LONG,275.125,273.29998779296875,-0.006633392847001374,0.001,-0.007633392847001374
2025-11-18,2025-11-19,PRU,LONG,102.9000015258789,103.4000015258789,0.0048590864196853545,0.001,0.0038590864196853545
2025-11-18,2025-11-19,MRVL,LONG,79.01000213623047,81.68000030517578,0.033793166646694406,0.001,0.032793166646694405
2025-11-18,2025-11-19,DLTR,LONG,100.80999755859375,100.75,-0.0005951548462133083,0.001,-0.0015951548462133083
2025-11-18,2025-11-19,COF,LONG,201.57000732421875,201.63999938964844,0.0003472345234234453,0.001,-0.0006527654765765547
2025-11-18,2025-11-19,MU,LONG,231.72500610351562,227.60499572753906,-0.017779740068864514,0.001,-0.018779740068864514
2025-11-18,2025-11-19,WAB,LONG,199.86000061035156,198.27499389648438,-0.007930584954601971,0.001,-0.008930584954601972
2025-11-18,2025-11-19,AXP,LONG,342.7300109863281,344.0050048828125,0.003720111620266753,0.001,0.0027201116202667528
2025-11-19,2025-11-20,ES,LONG,66.12999725341797,63.54999923706055,-0.03901403483309651,0.001,-0.04001403483309651
2025-11-19,2025-11-20,APTV,LONG,72.47000122070312,70.30500030517578,-0.02987444292892949,0.001,-0.03087444292892949
2025-11-19,2025-11-20,PSX,LONG,134.83999633789062,131.97999572753906,-0.02121032844872517,0.001,-0.02221032844872517
2025-11-19,2025-11-20,HD,LONG,334.6549987792969,332.4259948730469,-0.006660602454410136,0.001,-0.007660602454410136
2025-11-19,2025-11-20,BLDR,LONG,95.62999725341797,94.8499984741211,-0.008156423734175022,0.001,-0.009156423734175023
2025-11-19,2025-11-20,BMY,LONG,45.970001220703125,45.939998626708984,-0.0006526559320739755,0.001,-0.0016526559320739756
2025-11-19,2025-11-20,BG,LONG,92.43499755859375,92.79000091552734,0.003840573011413273,0.001,0.002840573011413273
2025-11-19,2025-11-20,PDD,LONG,118.19999694824219,112.94000244140625,-0.04450080069916751,0.001,-0.04550080069916751
2025-11-19,2025-11-20,TGT,LONG,85.7249984741211,83.65499877929688,-0.024146978497166294,0.001,-0.025146978497166295
2025-11-19,2025-11-20,CBOE,LONG,254.93499755859375,255.1199951171875,0.0007256656024687835,0.001,-0.0002743343975312165
2025-11-21,2025-11-24,J,LONG,128.0500030517578,134.74000549316406,0.052245234533123464,0.001,0.05124523453312346
2025-11-21,2025-11-24,VLO,LONG,170.4199981689453,170.82000732421875,0.002347196101228022,0.001,0.0013471961012280218
2025-11-21,2025-11-24,SNDK,LONG,205.3699951171875,224.14999389648438,0.09144470577885877,0.001,0.09044470577885877
2025-11-21,2025-11-24,MU,LONG,204.51499938964844,220.94000244140625,0.08031197271973367,0.001,0.07931197271973367
2025-11-21,2025-11-24,ES,LONG,64.0,65.19499969482422,0.018671870231628418,0.001,0.017671870231628417
2025-11-21,2025-11-24,TGT,LONG,84.44000244140625,86.5801010131836,0.025344605754392013,0.001,0.024344605754392012
2025-11-21,2025-11-24,F,LONG,12.510000228881836,12.914999961853027,0.0323740787818827,0.001,0.0313740787818827
2025-11-21,2025-11-24,UBER,LONG,83.97000122070312,83.78500366210938,-0.0022031386912513273,0.001,-0.0032031386912513274
2025-11-21,2025-11-24,TEL,LONG,214.1999969482422,221.09500122070312,0.03218956288840191,0.001,0.03118956288840191
2025-11-21,2025-11-24,PANW,LONG,185.0,185.14999389648438,0.0008107778188344295,0.001,-0.00018922218116557057
2025-11-24,2025-11-25,VTR,LONG,79.27999877929688,79.22000122070312,-0.0007567805186371457,0.001,-0.0017567805186371457
2025-11-24,2025-11-25,VLO,LONG,170.86500549316406,173.1649932861328,0.013460847564018996,0.001,0.012460847564018995
2025-11-24,2025-11-25,EXE,LONG,113.71499633789062,116.05500030517578,0.020577795740608584,0.001,0.019577795740608583
2025-11-24,2025-11-25,VEEV,LONG,244.53500366210938,238.69500732421875,-0.023882046539072,0.001,-0.024882046539072
2025-11-24,2025-11-25,LHX,LONG,275.1099853515625,274.82000732421875,-0.0010540439925260658,0.001,-0.002054043992526066
2025-11-24,2025-11-25,SBAC,LONG,193.10000610351562,194.625,0.007897430597008093,0.001,0.006897430597008093
2025-11-24,2025-11-25,AEP,LONG,120.78900146484375,121.44149780273438,0.00540195158481005,0.001,0.00440195158481005
2025-11-25,2025-11-26,SJM,LONG,100.37999725341797,103.51000213623047,0.03118155975747361,0.0005,0.015090779878736804
2025-11-25,2025-11-26,VTR,LONG,79.25,79.97000122070312,0.00908518890477139,0.0005,0.004042594452385695
2025-12-01,2025-12-02,DE,LONG,463.7200012207031,470.4100036621094,0.014426814508313957,0.001,0.013426814508313956
2025-12-01,2025-12-02,LLY,LONG,1074.3800048828125,1061.1029052734375,-0.012357917635318572,0.001,-0.013357917635318572
2025-12-02,2025-12-03,L,LONG,105.77999877929688,105.41000366210938,-0.0034977795562228797,0.0005,-0.00224888977811144
2025-12-02,2025-12-03,ORLY,LONG,99.29499816894531,99.37999725341797,0.000856025842591146,0.0005,-7.198707870442701e-05
2025-12-02,2025-12-03,WRB,LONG,72.71499633789062,71.55999755859375,-0.015883914425710022,0.0005,-0.008441957212855011
2025-12-02,2025-12-03,KO,LONG,70.94000244140625,70.96499633789062,0.0003523244378940138,0.0005,-0.0003238377810529931
2025-12-02,2025-12-03,AEE,LONG,102.20999908447266,101.0250015258789,-0.011593753734547962,0.0005,-0.006296876867273982
2025-12-02,2025-12-03,D,LONG,60.44499969482422,60.314998626708984,-0.002150733208232003,0.0005,-0.0015753666041160015
2025-12-02,2025-12-03,DGX,LONG,183.00999450683594,182.86000061035156,-0.0008195940166468851,0.0005,-0.0009097970083234426
2025-12-02,2025-12-03,CL,LONG,78.45999908447266,78.70999908447266,0.0031863370241802524,0.0005,0.0010931685120901262
2025-12-02,2025-12-03,YUM,LONG,149.23500061035156,148.4600067138672,-0.0051931108206167975,0.0005,-0.0030965554103083988
2025-12-02,2025-12-03,DTE,LONG,132.6199951171875,131.66000366210938,-0.00723866302535936,0.0005,-0.00411933151267968
2025-12-03,2025-12-04,MCK,LONG,810.2100219726562,811.6599731445312,0.0017895991564567115,0.001,0.0007895991564567115
2025-12-03,2025-12-04,L,LONG,105.37000274658203,105.33000183105469,-0.0003796233698839524,0.001,-0.0013796233698839524
2025-12-03,2025-12-04,COR,LONG,342.05999755859375,337.68548583984375,-0.012788726392950034,0.001,-0.013788726392950035
2025-12-03,2025-12-04,LNT,LONG,66.1500015258789,65.88500213623047,-0.004006037544001639,0.001,-0.005006037544001639
2025-12-03,2025-12-04,HIG,LONG,133.19500732421875,133.0850067138672,-0.0008258613634353207,0.001,-0.0018258613634353207
2025-12-03,2025-12-04,WRB,LONG,71.55000305175781,70.80500030517578,-0.01041233703432709,0.001,-0.011412337034327091
2025-12-03,2025-12-04,TRV,LONG,284.5400085449219,284.1449890136719,-0.0013882741245072605,0.001,-0.0023882741245072605
2025-12-03,2025-12-04,NI,LONG,41.834999084472656,42.07500076293945,0.005736863480794829,0.001,0.004736863480794829
2025-12-03,2025-12-04,AEE,LONG,101.04000091552734,101.37999725341797,0.003364967684183595,0.001,0.002364967684183595
2025-12-03,2025-12-04,CNP,LONG,38.244998931884766,38.55500030517578,0.00810567085759728,0.001,0.00710567085759728
2025-12-04,2025-12-05,KR,LONG,62.83000183105469,63.18000030517578,0.005570562850884642,0.0005,0.002285281425442321
2025-12-04,2025-12-05,PM,LONG,146.94000244140625,148.07000732421875,0.007690246794865185,0.0005,0.0033451233974325927
2025-12-04,2025-12-05,MNST,LONG,73.50499725341797,73.74500274658203,0.003265158861738504,0.0005,0.001132579430869252
2025-12-04,2025-12-05,INSM,LONG,203.875,205.40499877929688,0.007504592418378309,0.0005,0.0032522962091891543
2025-12-04,2025-12-05,JNJ,LONG,202.44000244140625,201.9073028564453,-0.002631394875205695,0.0005,-0.0018156974376028474
2025-12-04,2025-12-05,YUM,LONG,146.38999938964844,146.47999572753906,0.0006147710790753713,0.0005,-0.00019261446046231435
2025-12-04,2025-12-05,PSKY,LONG,14.664999961853027,13.859999656677246,-0.054892622384573375,0.0005,-0.027946311192286688
2025-12-04,2025-12-05,MKC,LONG,63.630001068115234,63.244998931884766,-0.006050638531631125,0.0005,-0.0035253192658155626
2025-12-04,2025-12-05,CAG,LONG,16.974199295043945,16.985000610351562,0.0006363372504274434,0.0005,-0.00018183137478627832
2025-12-04,2025-12-05,IFF,LONG,66.2300033569336,67.45249938964844,0.018458341699402414,0.0005,0.008729170849701207
2025-12-05,2025-12-08,PSKY,LONG,13.864999771118164,14.324999809265137,0.03317706785002539,0.0005,0.016088533925012694
2025-12-05,2025-12-08,L,LONG,103.13999938964844,102.29000091552734,-0.00824121077323181,0.0005,-0.004620605386615906
2025-12-05,2025-12-08,PEP,LONG,144.6699981689453,145.9394989013672,0.008775148603647365,0.0005,0.0038875743018236823
2025-12-05,2025-12-08,BRO,LONG,78.09500122070312,77.93000030517578,-0.0021128230097728906,0.0005,-0.0015564115048864453
2025-12-05,2025-12-08,HIG,LONG,129.72999572753906,130.13999938964844,0.003160438415264144,0.0005,0.001080219207632072
2025-12-05,2025-12-08,CI,LONG,264.95001220703125,263.2049865722656,-0.006586244779645756,0.0005,-0.003793122389822878
2025-12-05,2025-12-08,TAP,LONG,45.119998931884766,46.54999923706055,0.03169326992526256,0.0005,0.015346634962631278
2025-12-05,2025-12-08,WRB,LONG,67.17500305175781,66.91999816894531,-0.003796127595498855,0.0005,-0.0023980637977494275
2025-12-05,2025-12-08,D,LONG,58.93920135498047,58.625,-0.005330940151158314,0.0005,-0.003165470075579157
2025-12-05,2025-12-08,LH,LONG,258.8599853515625,259.3800048828125,0.0020088834144982304,0.0005,0.0005044417072491152
2025-12-08,2025-12-09,APD,LONG,233.2100067138672,232.0850067138672,-0.004823978249699601,0.001,-0.005823978249699601
2025-12-08,2025-12-09,LIN,LONG,389.17999267578125,391.2300109863281,0.005267532630472971,0.001,0.004267532630472971
2025-12-08,2025-12-09,BKR,LONG,47.560001373291016,47.595001220703125,0.0007359093019656537,0.001,-0.0002640906980343463
2025-12-08,2025-12-09,INSM,LONG,198.59500122070312,193.6999969482422,-0.02464817463870106,0.001,-0.02564817463870106
2025-12-08,2025-12-09,PG,LONG,139.35000610351562,139.4600067138672,0.0007893836062686788,0.001,-0.00021061639373132126
2025-12-08,2025-12-09,AVB,LONG,176.16000366210938,176.07000732421875,-0.0005108783833999153,0.001,-0.0015108783833999153
2025-12-08,2025-12-09,MMM,LONG,163.86000061035156,164.9499969482422,0.006651997643296603,0.001,0.005651997643296603
2025-12-08,2025-12-09,NEE,LONG,81.2699966430664,79.6874008178711,-0.019473309838389574,0.001,-0.020473309838389575
2025-12-08,2025-12-09,CPT,LONG,102.91999816894531,101.94999694824219,-0.009424807986401662,0.001,-0.010424807986401663
2025-12-08,2025-12-09,SYK,LONG,353.1000061035156,350.614990234375,-0.007037711204151309,0.001,-0.00803771120415131
2025-12-09,2025-12-10,ROL,LONG,57.63999938964844,58.80500030517578,0.02021167466800078,0.001,0.019211674668000778
2025-12-09,2025-12-10,ERIE,LONG,276.2900085449219,275.1199951171875,-0.004234729420351635,0.001,-0.005234729420351635
2025-12-09,2025-12-10,AZO,LONG,3492.22998046875,3421.18994140625,-0.02034231406860687,0.001,-0.02134231406860687
2025-12-09,2025-12-10,APD,LONG,232.08999633789062,236.69000244140625,0.01981992406436439,0.001,0.01881992406436439
2025-12-09,2025-12-10,WELL,LONG,195.80499267578125,191.1300048828125,-0.023875733346134353,0.001,-0.024875733346134354
2025-12-09,2025-12-10,BR,LONG,225.27999877929688,226.91000366210938,0.007235462054531405,0.001,0.006235462054531405
2025-12-09,2025-12-10,ORLY,LONG,94.44999694824219,93.62999725341797,-0.008681839294008342,0.001,-0.009681839294008343
2025-12-09,2025-12-10,INVH,LONG,26.145000457763672,26.489999771118164,0.013195613207650503,0.001,0.012195613207650502
2025-12-09,2025-12-10,INSM,LONG,193.6999969482422,189.8000030517578,-0.02013419699498742,0.001,-0.02113419699498742
2025-12-09,2025-12-10,NEE,LONG,79.68000030517578,81.27999877929688,0.020080302058145927,0.001,0.019080302058145926
2025-12-11,2025-12-12,VTR,LONG,77.7300033569336,78.12999725341797,0.005145939524119347,0.0005,0.0020729697620596736
2025-12-11,2025-12-12,CASY,LONG,537.4949951171875,537.9349975585938,0.0008186168157906515,0.0005,-9.069159210467427e-05
2025-12-11,2025-12-12,WELL,LONG,190.2899932861328,187.1300048828125,-0.016606172236123484,0.0005,-0.008803086118061743
2025-12-11,2025-12-12,TMUS,LONG,196.47500610351562,195.66000366210938,-0.004148122743800053,0.0005,-0.0025740613719000267
2025-12-11,2025-12-12,INSM,LONG,190.24000549316406,193.63999938964844,0.01787212888093892,0.0005,0.00843606444046946
2025-12-11,2025-12-12,AZO,LONG,3449.969970703125,3450.010009765625,1.1605626379251888e-05,0.0005,-0.0004941971868103741
2025-12-11,2025-12-12,ERIE,LONG,275.32000732421875,284.8500061035156,0.03461426168013393,0.0005,0.016807130840066964
2025-12-11,2025-12-12,KMI,LONG,26.5,26.774999618530273,0.010377344095481966,0.0005,0.004688672047740983
2025-12-11,2025-12-12,ISRG,LONG,545.4650268554688,541.9199829101562,-0.006499122346576791,0.0005,-0.0037495611732883956
2025-12-12,2025-12-15,AVGO,LONG,363.9200134277344,345.9049987792969,-0.049502676367687126,0.0005,-0.025251338183843564
2025-12-12,2025-12-15,ISRG,LONG,541.6300048828125,556.780029296875,0.02797116902218222,0.0005,0.013485584511091109
2025-12-12,2025-12-15,STE,LONG,252.19500732421875,253.33999633789062,0.004540093897259068,0.0005,0.0017700469486295338
2025-12-12,2025-12-15,EXE,LONG,112.55000305175781,110.54000091552734,-0.0178587479496215,0.0005,-0.00942937397481075
2025-12-12,2025-12-15,WELL,LONG,187.1300048828125,190.09500122070312,0.015844580027384758,0.0005,0.007422290013692379
2025-12-15,2025-12-16,CSGP,LONG,62.54999923706055,64.21499633789062,0.02661865901100735,0.0005,0.012809329505503675
2025-12-15,2025-12-16,AVGO,LONG,345.9100036621094,339.3966064453125,-0.01882974515868374,0.0005,-0.009914872579341871
2025-12-15,2025-12-16,DVN,LONG,36.54999923706055,35.07500076293945,-0.04035563624924765,0.0005,-0.020677818124623826
2025-12-15,2025-12-16,OXY,LONG,40.100101470947266,39.007301330566406,-0.027251804865695894,0.0005,-0.014125902432847948
2025-12-15,2025-12-16,AES,LONG,13.699999809265137,13.56190013885498,-0.01008026805349016,0.0005,-0.0055401340267450805
2025-12-15,2025-12-16,NOW,LONG,155.1540069580078,155.26199340820312,0.00069599523926267,0.0005,-0.000152002380368665
2025-12-15,2025-12-16,APH,LONG,130.75,128.64999389648438,-0.01606123214925903,0.0005,-0.008530616074629516
2025-12-15,2025-12-16,EXE,LONG,110.55500030517578,106.7300033569336,-0.034598136110385536,0.0005,-0.017799068055192768
2025-12-15,2025-12-16,PWR,LONG,439.3800048828125,431.95001220703125,-0.016910174776303077,0.0005,-0.00895508738815154
2025-12-15,2025-12-16,STLD,LONG,167.42999267578125,168.89999389648438,0.008779796243255422,0.0005,0.003889898121627711
2025-12-16,2025-12-17,MPC,LONG,176.71820068359375,173.80999755859375,-0.0164567266628467,0.001,-0.0174567266628467
2025-12-16,2025-12-17,DVN,LONG,35.07500076293945,36.32500076293945,0.03563791797036142,0.001,0.03463791797036142
2025-12-16,2025-12-17,OXY,LONG,39.0099983215332,40.040000915527344,0.026403553917242473,0.001,0.025403553917242472
2025-12-16,2025-12-17,PFE,LONG,25.08799934387207,25.114999771118164,0.0010762287927390535,0.001,7.622879273905345e-05
2025-12-16,2025-12-17,LITE,LONG,312.5299987792969,325.07000732421875,0.04012417557962933,0.001,0.03912417557962933
2025-12-16,2025-12-17,AES,LONG,13.5649995803833,13.444999694824219,-0.0088462874508759,0.001,-0.009846287450875901
2025-12-16,2025-12-17,VLO,LONG,162.13999938964844,161.80999755859375,-0.002035289455389999,0.001,-0.003035289455389999
2025-12-16,2025-12-17,APA,LONG,23.934999465942383,24.280000686645508,0.014414089342012826,0.001,0.013414089342012825
2025-12-16,2025-12-17,FANG,LONG,148.6699981689453,151.92999267578125,0.02192772278863786,0.001,0.02092772278863786
2025-12-16,2025-12-17,SWK,LONG,73.37999725341797,71.3499984741211,-0.02766419808229581,0.001,-0.02866419808229581
2025-12-17,2025-12-18,NRG,LONG,149.5,154.38999938964844,0.03270902601771519,0.001,0.03170902601771519
2025-12-17,2025-12-18,BF-B,LONG,28.7450008392334,28.854999542236328,0.003826707246179506,0.001,0.002826707246179506
2025-12-17,2025-12-18,FIX,LONG,892.4099731445312,919.8200073242188,0.03071462108732881,0.001,0.029714621087328807
2025-12-17,2025-12-18,CEG,LONG,337.29998779296875,359.010009765625,0.06436413506774752,0.001,0.06336413506774752
2025-12-17,2025-12-18,EMR,LONG,130.74000549316406,132.1750030517578,0.01097596373184162,0.001,0.00997596373184162
2025-12-17,2025-12-18,MGM,LONG,36.064998626708984,36.71500015258789,0.018023056997915177,0.001,0.017023056997915176
2025-12-17,2025-12-18,VMC,LONG,283.989990234375,287.94000244140625,0.013908983917958917,0.001,0.012908983917958916
2025-12-17,2025-12-18,IR,LONG,77.80500030517578,78.98500061035156,0.01516612429210773,0.001,0.014166124292107729
2025-12-17,2025-12-18,ROK,LONG,391.3550109863281,393.3106994628906,0.004997223548086405,0.001,0.003997223548086405
2025-12-17,2025-12-18,CAT,LONG,561.9500122070312,566.6900024414062,0.008434896576937412,0.001,0.007434896576937412
2025-12-18,2025-12-19,FDS,LONG,273.8800048828125,285.6400146484375,0.04293854810852982,0.001,0.041938548108529816
2025-12-18,2025-12-19,INSM,LONG,164.8350067138672,176.21499633789062,0.0690386699457457,0.001,0.0680386699457457
2025-12-18,2025-12-19,GNRC,LONG,138.35499572753906,138.0,-0.0025658323768673608,0.001,-0.003565832376867361
2025-12-18,2025-12-19,MPC,LONG,167.9600067138672,167.88999938964844,-0.000416809486903702,0.001,-0.001416809486903702
2025-12-18,2025-12-19,PSX,LONG,128.110107421875,128.88150024414062,0.006021326792938986,0.001,0.005021326792938986
2025-12-18,2025-12-19,STZ,LONG,137.52000427246094,135.5800018310547,-0.014107056290971531,0.001,-0.015107056290971532
2025-12-18,2025-12-19,DECK,LONG,101.57499694824219,98.75,-0.02781193239593871,0.001,-0.02881193239593871
2025-12-18,2025-12-19,JKHY,LONG,184.375,184.58999633789062,0.0011660818326271194,0.001,0.00016608183262711938
2025-12-18,2025-12-19,ZBRA,LONG,251.5800018310547,251.6999969482422,0.0004769660398844522,0.001,-0.0005230339601155478
2025-12-18,2025-12-19,FIS,LONG,65.62000274658203,65.68499755859375,0.0009904725585385687,0.001,-9.527441461431273e-06
2025-12-19,2025-12-22,NKE,LONG,58.48500061035156,57.209999084472656,-0.021800487519414324,0.001,-0.022800487519414325
2025-12-19,2025-12-22,DECK,LONG,98.74500274658203,101.87000274658203,0.031647171128446505,0.001,0.030647171128446504
2025-12-19,2025-12-22,ADP,LONG,258.67498779296875,259.6700134277344,0.003846624844772384,0.001,0.002846624844772384
2025-12-19,2025-12-22,ALGN,LONG,156.92250061035156,159.24000549316406,0.01476846770729856,0.001,0.01376846770729856
2025-12-19,2025-12-22,CDW,LONG,138.8800048828125,139.5050048828125,0.0045002878602098395,0.001,0.0035002878602098395
2025-12-19,2025-12-22,GPN,LONG,80.5,81.30000305175781,0.009937926108792627,0.001,0.008937926108792627
2025-12-19,2025-12-22,LOW,LONG,242.06500244140625,242.07000732421875,2.067578031539341e-05,0.001,-0.0009793242196846066
2025-12-19,2025-12-22,HD,LONG,346.7799987792969,346.489990234375,-0.0008362897108908918,0.001,-0.0018362897108908918
2025-12-19,2025-12-22,STZ,LONG,135.57000732421875,141.8300018310547,0.04617536452487614,0.001,0.04517536452487614
2025-12-23,2025-12-24,FER,LONG,65.47750091552734,65.20999908447266,-0.004085400745514001,0.001,-0.005085400745514001
2025-12-23,2025-12-24,NKE,LONG,57.18000030517578,60.09000015258789,0.05089191731166709,0.001,0.04989191731166709
2025-12-23,2025-12-24,DLTR,LONG,122.4800033569336,120.80500030517578,-0.013675726697006119,0.001,-0.01467572669700612
2025-12-23,2025-12-24,TGT,LONG,95.25,95.69010162353516,0.00462048948593341,0.001,0.00362048948593341
2025-12-23,2025-12-24,CVNA,LONG,86.64199829101562,88.177001953125,0.017716623489610228,0.001,0.016716623489610227
2025-12-24,2025-12-26,BF-B,LONG,26.59000015258789,26.174999237060547,-0.01560740553387896,0.001,-0.01660740553387896
2025-12-26,2025-12-29,MRNA,LONG,31.219999313354492,31.184999465942383,-0.001121071370335902,0.001,-0.002121071370335902
2025-12-26,2025-12-29,MO,LONG,57.53499984741211,57.709999084472656,0.003041613583464997,0.001,0.002041613583464997
2025-12-26,2025-12-29,MCD,LONG,310.3450012207031,308.364990234375,-0.006380031830833466,0.001,-0.007380031830833466
2025-12-29,2025-12-30,TSLA,LONG,462.69500732421875,454.42999267578125,-0.017862770329497124,0.001,-0.018862770329497125
2025-12-29,2025-12-30,UAL,LONG,111.70500183105469,111.48999786376953,-0.001924747896341561,0.001,-0.002924747896341561
2025-12-29,2025-12-30,NEM,LONG,99.93000030517578,101.86000061035156,0.019313522458538568,0.001,0.018313522458538567
2025-12-29,2025-12-30,BBY,LONG,67.69999694824219,67.87999725341797,0.002658793401621562,0.001,0.001658793401621562
2025-12-29,2025-12-30,PLTR,LONG,184.94000244140625,180.83999633789062,-0.022169384932362646,0.001,-0.023169384932362647
2025-12-29,2025-12-30,TFC,LONG,50.08000183105469,49.58000183105469,-0.009984025194063606,0.001,-0.010984025194063607
2025-12-31,2026-01-02,WSM,LONG,181.77000427246094,183.9250030517578,0.011855634750751687,0.001,0.010855634750751686
2025-12-31,2026-01-02,SHOP,LONG,163.67999267578125,159.52000427246094,-0.02541537505784508,0.001,-0.02641537505784508
2025-12-31,2026-01-02,TSLA,LONG,456.0,445.1000061035156,-0.023903495387027185,0.001,-0.024903495387027186
2025-12-31,2026-01-02,BEN,LONG,23.860000610351562,23.895000457763672,0.0014668837601339302,0.001,0.00046688376013393016
2025-12-31,2026-01-02,PLTR,LONG,181.0,174.55999755859375,-0.0355801239856699,0.001,-0.0365801239856699
2025-12-31,2026-01-02,TFC,LONG,49.689998626708984,49.0099983215332,-0.013684852565286065,0.001,-0.014684852565286066
2025-12-31,2026-01-02,NTRS,LONG,138.0,137.3800048828125,-0.004492718240489135,0.001,-0.005492718240489135
2025-12-31,2026-01-02,COF,LONG,245.0,243.6699981689453,-0.005428578902264003,0.001,-0.006428578902264003
2025-12-31,2026-01-02,TXT,LONG,88.56999969482422,87.12999725341797,-0.01625835436793388,0.001,-0.01725835436793388
2025-12-31,2026-01-02,ABNB,LONG,136.6199951171875,133.36000061035156,-0.023861767115711308,0.001,-0.02486176711571131
2026-01-02,2026-01-05,ROP,LONG,429.875,431.9599914550781,0.0048502272871837615,0.001,0.0038502272871837615
2026-01-02,2026-01-05,INTU,LONG,630.9849853515625,635.0999755859375,0.006521534315245603,0.001,0.005521534315245603
2026-01-02,2026-01-05,WDAY,LONG,204.15499877929688,209.55999755859375,0.026474976422889318,0.001,0.025474976422889317
2026-01-02,2026-01-05,CTAS,LONG,185.19000244140625,185.4600067138672,0.0014579851444538328,0.001,0.00045798514445383274
2026-01-02,2026-01-05,EFX,LONG,211.22000122070312,220.6199951171875,0.044503332270424245,0.001,0.043503332270424244
2026-01-02,2026-01-05,PGR,LONG,211.52999877929688,212.35000610351562,0.0038765533444469202,0.001,0.00287655334444692
2026-01-02,2026-01-05,XYZ,LONG,63.06999969482422,68.67389678955078,0.08885202349519661,0.001,0.08785202349519661
2026-01-02,2026-01-05,FRT,LONG,98.54000091552734,98.96499633789062,0.00431292285787177,0.001,0.0033129228578717704
2026-01-02,2026-01-05,CPRT,LONG,38.040000915527344,38.529998779296875,0.012881121240181814,0.001,0.011881121240181813
2026-01-02,2026-01-05,BR,LONG,220.1699981689453,222.07000732421875,0.00862973689001656,0.001,0.007629736890016559
2026-01-05,2026-01-06,FTV,LONG,53.95000076293945,54.755001068115234,0.014921228800589104,0.0005,0.006960614400294551
2026-01-05,2026-01-06,HRL,LONG,22.885000228881836,22.885099411010742,4.333936111544645e-06,0.0005,-0.0004978330319442277
2026-01-05,2026-01-06,AWK,LONG,126.61000061035156,128.0500030517578,0.011373528429542645,0.0005,0.005186764214771322
2026-01-05,2026-01-06,SJM,LONG,94.75,96.19000244140625,0.015197914948878566,0.0005,0.0070989574744392825
2026-01-05,2026-01-06,MO,LONG,55.7400016784668,54.900001525878906,-0.015069969990912258,0.0005,-0.00803498499545613
2026-01-05,2026-01-06,MKC,LONG,65.88999938964844,65.83000183105469,-0.0009105715457508046,0.0005,-0.0009552857728754023
2026-01-05,2026-01-06,SYY,LONG,71.86000061035156,72.66400146484375,0.011188433727571834,0.0005,0.005094216863785916
2026-01-05,2026-01-06,CCEP,LONG,87.75499725341797,85.91500091552734,-0.020967425166422138,0.0005,-0.01098371258321107
2026-01-05,2026-01-06,CL,LONG,76.56999969482422,77.11000061035156,0.007052382364889143,0.0005,0.0030261911824445713
2026-01-05,2026-01-06,BMY,LONG,52.20500183105469,54.39500045776367,0.04194997701170933,0.0005,0.020474988505854663
2026-01-06,2026-01-07,JCI,LONG,111.80000305175781,113.44499969482422,0.014713744169621013,0.0005,0.006856872084810506
2026-01-06,2026-01-07,EG,LONG,332.5,329.82000732421875,-0.008060128348214235,0.0005,-0.004530064174107118
2026-01-06,2026-01-07,AIG,LONG,77.8031997680664,77.69999694824219,-0.0013264598388224025,0.0005,-0.0011632299194112013
2026-01-06,2026-01-07,EFX,LONG,209.56500244140625,213.16000366210938,0.017154587735651594,0.0005,0.008077293867825797
2026-01-06,2026-01-07,CCEP,LONG,85.91500091552734,85.20500183105469,-0.008263971098257161,0.0005,-0.004631985549128581
2026-01-06,2026-01-07,MO,LONG,54.89500045776367,54.81990051269531,-0.0013680652963313777,0.0005,-0.0011840326481656889
2026-01-06,2026-01-07,PM,LONG,157.02000427246094,155.74000549316406,-0.008151819796640813,0.0005,-0.004575909898320407
2026-01-06,2026-01-07,KO,LONG,67.9738998413086,67.44499969482422,-0.007780929852769125,0.0005,-0.004390464926384563
2026-01-06,2026-01-07,TRV,LONG,282.8900146484375,285.8399963378906,0.01042801631976742,0.0005,0.004714008159883709
2026-01-06,2026-01-07,SBAC,LONG,188.17999267578125,182.31500244140625,-0.031166917114721637,0.0005,-0.01608345855736082
2026-01-07,2026-01-08,INVH,LONG,25.65999984741211,26.725000381469727,0.04150430788739956,0.0005,0.02025215394369978
2026-01-07,2026-01-08,SBAC,LONG,182.10000610351562,182.24000549316406,0.0007688049695553367,0.0005,-0.00011559751522233165
2026-01-07,2026-01-08,LVS,LONG,61.2599983215332,62.060001373291016,0.013059142567370952,0.0005,0.006029571283685475
2026-01-07,2026-01-08,FSLR,LONG,240.6262969970703,245.27000427246094,0.019298419721129445,0.0005,0.009149209860564722
2026-01-07,2026-01-08,HPE,LONG,22.575000762939453,22.06999969482422,-0.022369924741897473,0.0005,-0.011684962370948737
2026-01-07,2026-01-08,WY,LONG,23.329999923706055,24.100000381469727,0.033004734688458326,0.0005,0.016002367344229163
2026-01-07,2026-01-08,UHS,LONG,209.10000610351562,211.69000244140625,0.01238640010659986,0.0005,0.005693200053299929
2026-01-07,2026-01-08,SWKS,LONG,58.70000076293945,61.279998779296875,0.04395226546549402,0.0005,0.02147613273274701
2026-01-07,2026-01-08,PEG,LONG,77.66500091552734,78.0199966430664,0.004570858473627926,0.0005,0.0017854292368139628
2026-01-07,2026-01-08,MDLZ,LONG,51.65999984741211,53.584999084472656,0.03726285797031381,0.0005,0.018131428985156905
2026-01-08,2026-01-09,GLW,LONG,84.29000091552734,85.83000183105469,0.01827026810772825,0.0005,0.008635134053864124
2026-01-08,2026-01-09,GEV,LONG,625.0700073242188,624.77001953125,-0.00047992671133423315,0.0005,-0.0007399633556671166
2026-01-08,2026-01-09,ADSK,LONG,275.7300109863281,276.2900085449219,0.0020309633927426685,0.0005,0.0005154816963713342
2026-01-08,2026-01-09,CEG,LONG,321.8599853515625,340.7099914550781,0.05856585770649958,0.0005,0.02878292885324979
2026-01-08,2026-01-09,COHR,LONG,173.49000549316406,177.6699981689453,0.02409356472091395,0.0005,0.011546782360456975
2026-01-08,2026-01-09,GE,LONG,311.8140869140625,321.4599914550781,0.03093479398727128,0.0005,0.01496739699363564
2026-01-08,2026-01-09,HPE,LONG,22.065000534057617,22.270000457763672,0.009290728245831437,0.0005,0.004145364122915718
2026-01-08,2026-01-09,VTR,LONG,74.30999755859375,75.12999725341797,0.011034850245791539,0.0005,0.005017425122895769
2026-01-08,2026-01-09,CIEN,LONG,222.22000122070312,229.4600067138672,0.03258035034377249,0.0005,0.015790175171886245
2026-01-08,2026-01-09,ANET,LONG,123.2300033569336,123.51000213623047,0.002272164015818978,0.0005,0.0006360820079094891
2026-01-09,2026-01-12,CSGP,LONG,58.72999954223633,59.31999969482422,0.01004597577365196,0.0005,0.00452298788682598
2026-01-09,2026-01-12,LVS,LONG,59.1150016784668,59.880001068115234,0.012940867257508648,0.0005,0.005970433628754324
2026-01-09,2026-01-12,CPT,LONG,108.7300033569336,107.37000274658203,-0.012508052684290116,0.0005,-0.006754026342145059
2026-01-09,2026-01-12,EQR,LONG,60.4900016784668,60.25,-0.0039676255878206,0.0005,-0.0024838127939103
2026-01-09,2026-01-12,MAA,LONG,135.32000732421875,134.22999572753906,-0.00805506604849704,0.0005,-0.00452753302424852
2026-01-09,2026-01-12,SCHW,LONG,100.3949966430664,101.90499877929688,0.015040611451972774,0.0005,0.007020305725986387
2026-01-09,2026-01-12,GEV,LONG,624.77001953125,639.780029296875,0.02402485602123905,0.0005,0.011512428010619524
2026-01-09,2026-01-12,DASH,LONG,214.77499389648438,214.89999389648438,0.0005820044397730761,0.0005,-0.00020899778011346194
2026-01-09,2026-01-12,CAH,LONG,200.97999572753906,202.4600067138672,0.0073639716279749745,0.0005,0.0031819858139874872
2026-01-13,2026-01-14,SYF,LONG,79.5,76.125,-0.04245283018867929,0.001,-0.04345283018867929
2026-01-13,2026-01-14,COF,LONG,234.60000610351562,228.64500427246094,-0.02538363885816386,0.001,-0.02638363885816386
2026-01-13,2026-01-14,CPT,LONG,107.56999969482422,107.80999755859375,0.0022310854741136588,0.001,0.0012310854741136587
2026-01-13,2026-01-14,AXP,LONG,359.6000061035156,354.6549987792969,-0.01375141056809459,0.001,-0.014751410568094592
2026-01-13,2026-01-14,UDR,LONG,36.20000076293945,36.33000183105469,0.00359118965125349,0.001,0.00259118965125349
2026-01-13,2026-01-14,REGN,LONG,765.1500244140625,761.0,-0.005423804850872904,0.001,-0.006423804850872904
2026-01-13,2026-01-14,ZTS,LONG,125.11000061035156,125.55999755859375,0.003596810375244841,0.001,0.002596810375244841
2026-01-13,2026-01-14,MAA,LONG,134.6199951171875,135.1649932861328,0.004048419170353368,0.001,0.003048419170353368
2026-01-13,2026-01-14,AFL,LONG,108.87999725341797,109.82499694824219,0.008679277357297677,0.001,0.007679277357297677
2026-01-13,2026-01-14,EW,LONG,83.0,82.85240173339844,-0.0017782923686935348,0.001,-0.002778292368693535
2026-01-14,2026-01-15,WFC,LONG,88.94999694824219,88.9749984741211,0.0002810739374556892,0.0005,-0.0003594630312721554
2026-01-14,2026-01-15,BAC,LONG,51.89500045776367,52.845001220703125,0.018306209741969948,0.0005,0.008653104870984973
2026-01-14,2026-01-15,ISRG,LONG,533.25,543.5399780273438,0.019296723914381086,0.0005,0.009148361957190543
2026-01-14,2026-01-15,DVA,LONG,102.69999694824219,105.83499908447266,0.030525825018382635,0.0005,0.014762912509191317
2026-01-14,2026-01-15,INTU,LONG,579.2000122070312,560.9550170898438,-0.03150033620970638,0.0005,-0.01625016810485319
2026-01-14,2026-01-15,BIIB,LONG,168.3000030517578,167.61000061035156,-0.00409983617881482,0.0005,-0.00254991808940741
2026-01-14,2026-01-15,JPM,LONG,308.1000061035156,310.760009765625,0.008633572247368493,0.0005,0.0038167861236842464
2026-01-14,2026-01-15,ALL,LONG,198.25,197.61000061035156,-0.0032282440839770388,0.0005,-0.0021141220419885194
2026-01-14,2026-01-15,CRM,LONG,240.5500030517578,235.33999633789062,-0.021658726450924926,0.0005,-0.011329363225462463
2026-01-14,2026-01-15,COO,LONG,80.11000061035156,81.77999877929688,0.020846313272022687,0.0005,0.009923156636011343
2026-01-15,2026-01-16,BSX,LONG,89.5199966430664,88.76000213623047,-0.008489661922868263,0.001,-0.009489661922868264
2026-01-15,2026-01-16,LLY,LONG,1019.7249755859375,1045.5,0.025276447111881373,0.001,0.024276447111881372
2026-01-15,2026-01-16,CHTR,LONG,197.13999938964844,188.97500610351562,-0.04141723298879929,0.001,-0.04241723298879929
2026-01-15,2026-01-16,WFC,LONG,88.97000122070312,89.0250015258789,0.0006181893269772143,0.001,-0.00038181067302278573
2026-01-15,2026-01-16,BIIB,LONG,167.6199951171875,164.86000061035156,-0.0164657832432602,0.001,-0.017465783243260202
2026-01-15,2026-01-16,INTU,LONG,560.7899780273438,547.8699951171875,-0.023038897655774937,0.001,-0.024038897655774938
2026-01-15,2026-01-16,NOW,LONG,132.30999755859375,128.82000732421875,-0.02637737358304648,0.001,-0.027377373583046483
2026-01-15,2026-01-16,CRM,LONG,235.22000122070312,228.45750427246094,-0.02874966802630463,0.001,-0.029749668026304632
2026-01-15,2026-01-16,FIS,LONG,63.33000183105469,63.39500045776367,0.0010263480945789105,0.001,2.63480945789105e-05
2026-01-16,2026-01-20,TRMB,LONG,75.05000305175781,70.61990356445312,-0.05902863833662331,0.001,-0.06002863833662331
2026-01-16,2026-01-20,AMCR,LONG,41.334999084472656,41.5099983215332,0.004233681890325247,0.001,0.003233681890325247
2026-01-16,2026-01-20,CHTR,LONG,188.97000122070312,187.9199981689453,-0.005556453643303372,0.001,-0.006556453643303372
2026-01-16,2026-01-20,WST,LONG,263.627685546875,251.35000610351562,-0.046572041240244944,0.001,-0.047572041240244944
2026-01-16,2026-01-20,LIN,LONG,437.125,432.8599853515625,-0.009756968026165325,0.001,-0.010756968026165326
2026-01-16,2026-01-20,CEG,LONG,307.9599914550781,298.2449951171875,-0.03154629369869866,0.001,-0.03254629369869866
2026-01-16,2026-01-20,STT,LONG,129.99000549316406,124.41000366210938,-0.042926391224347826,0.001,-0.04392639122434783
2026-01-16,2026-01-20,CVS,LONG,79.25,80.19000244140625,0.011861229544558372,0.001,0.01086122954455837
2026-01-16,2026-01-20,BSX,LONG,88.7699966430664,90.87000274658203,0.02365671040812911,0.001,0.02265671040812911
2026-01-16,2026-01-20,BIIB,LONG,164.88999938964844,164.89999389648438,6.0613177712109945e-05,0.001,-0.0009393868222878901
2026-01-20,2026-01-21,SPGI,LONG,524.9099731445312,529.9500122070312,0.00960172090521949,0.001,0.00860172090521949
2026-01-20,2026-01-21,TRMB,LONG,70.58499908447266,70.77999877929688,0.0027626223326977506,0.001,0.0017626223326977506
2026-01-20,2026-01-21,STT,LONG,124.38999938964844,128.00999450683594,0.029101978735830425,0.001,0.028101978735830424
2026-01-20,2026-01-21,WST,LONG,251.36000061035156,252.02499389648438,0.002645581176472289,0.001,0.0016455811764722892
2026-01-20,2026-01-21,BR,LONG,212.58999633789062,206.5,-0.02864667408061472,0.001,-0.02964667408061472
2026-01-20,2026-01-21,SHOP,LONG,147.0800018310547,140.7899932861328,-0.0427658992834864,0.001,-0.0437658992834864
2026-01-20,2026-01-21,NCLH,LONG,20.934999465942383,20.90999984741211,-0.0011941542473379307,0.001,-0.0021941542473379308
2026-01-20,2026-01-21,GM,LONG,77.91000366210938,80.88999938964844,0.038249205332643976,0.001,0.037249205332643975
2026-01-20,2026-01-21,TPR,LONG,129.1300048828125,132.4949951171875,0.02605893368802059,0.001,0.02505893368802059
2026-01-20,2026-01-21,EXPE,LONG,274.9150085449219,270.9700012207031,-0.014349916161722098,0.001,-0.0153499161617221
2026-01-21,2026-01-22,BR,LONG,206.17999267578125,209.45779418945312,0.01589776714574942,0.001,0.014897767145749419
2026-01-21,2026-01-22,ORCL,LONG,173.44000244140625,178.08999633789062,0.02681038878591635,0.001,0.02581038878591635
2026-01-21,2026-01-22,SHOP,LONG,140.92999267578125,137.88999938964844,-0.02157094617273214,0.001,-0.022570946172732143
2026-01-21,2026-01-22,LYV,LONG,139.32000732421875,137.6699981689453,-0.011843303678800488,0.001,-0.012843303678800488
2026-01-21,2026-01-22,WTW,LONG,318.1400146484375,321.6700134277344,0.011095739664178206,0.001,0.010095739664178205
2026-01-21,2026-01-22,MSFT,LONG,441.6025085449219,450.3949890136719,0.019910395205229303,0.001,0.018910395205229302
2026-01-21,2026-01-22,EXPE,LONG,271.125,277.9700012207031,0.025246661948190363,0.001,0.024246661948190362
2026-01-21,2026-01-22,NFLX,LONG,84.52999877929688,83.31449890136719,-0.014379508996602341,0.001,-0.015379508996602342
2026-01-21,2026-01-22,KHC,LONG,22.295000076293945,22.704999923706055,0.01838976658484337,0.001,0.01738976658484337
2026-01-21,2026-01-22,AJG,LONG,248.4600067138672,250.63999938964844,0.0087740184209677,0.001,0.0077740184209677
2026-01-22,2026-01-23,ABT,LONG,108.23999786376953,107.41000366210938,-0.007668091445315661,0.001,-0.008668091445315662
2026-01-22,2026-01-23,GE,LONG,297.1499938964844,293.79998779296875,-0.011273788229262505,0.001,-0.012273788229262506
2026-01-22,2026-01-23,MKC,LONG,61.279998779296875,60.77000045776367,-0.008322427083753525,0.001,-0.009322427083753526
2026-01-22,2026-01-23,DLTR,LONG,125.4800033569336,128.91000366210938,0.027335035172249667,0.001,0.026335035172249666
2026-01-22,2026-01-23,LYV,LONG,137.64999389648438,146.9600067138672,0.0676354030526447,0.001,0.0666354030526447
2026-01-22,2026-01-23,PLD,LONG,126.69999694824219,127.16000366210938,0.0036306765978464384,0.001,0.0026306765978464383
2026-01-22,2026-01-23,NFLX,LONG,83.31009674072266,86.08000183105469,0.03324813196355447,0.001,0.03224813196355447
2026-01-22,2026-01-23,TDG,LONG,1423.0,1419.77001953125,-0.0022698386990512853,0.001,-0.0032698386990512853
2026-01-26,2026-01-27,GS,LONG,918.4099731445312,923.8099975585938,0.005879753674247867,0.001,0.004879753674247867
2026-01-26,2026-01-27,HWM,LONG,214.44000244140625,217.89500427246094,0.016111741240997013,0.001,0.015111741240997012
2026-01-26,2026-01-27,TECH,LONG,67.69000244140625,68.27999877929688,0.008716151818746631,0.001,0.007716151818746631
2026-01-26,2026-01-27,INTC,LONG,44.279998779296875,43.9281005859375,-0.007947113890253932,0.001,-0.008947113890253933
2026-01-26,2026-01-27,IVZ,LONG,28.549999237060547,26.850000381469727,-0.05954462000069216,0.001,-0.06054462000069216
2026-01-26,2026-01-27,CAT,LONG,628.0,639.3800048828125,0.01812102688345929,0.001,0.01712102688345929
2026-01-26,2026-01-27,PH,LONG,928.72998046875,937.1099853515625,0.009023079968391912,0.001,0.00802307996839191
2026-01-26,2026-01-27,ABT,LONG,107.75,107.83000183105469,0.0007424763902987852,0.001,-0.0002575236097012148
2026-01-26,2026-01-27,EMR,LONG,148.2899932861328,148.22999572753906,-0.00040459613804133543,0.001,-0.0014045961380413354
2026-01-26,2026-01-27,EXPD,LONG,159.58999633789062,158.69000244140625,-0.005639412977859082,0.001,-0.006639412977859082
2026-01-27,2026-01-28,UNH,LONG,289.60760498046875,294.3550109863281,0.016392546066528624,0.0005,0.0076962730332643114
2026-01-27,2026-01-28,ROP,LONG,351.1499938964844,359.5899963378906,0.024035319914868847,0.0005,0.011517659957434423
2026-01-27,2026-01-28,HUM,LONG,214.39999389648438,197.22000122070312,-0.08013056513460548,0.0005,-0.04056528256730274
2026-01-27,2026-01-28,CVS,LONG,74.69000244140625,74.18000030517578,-0.006828251701163857,0.0005,-0.003914125850581929
2026-01-27,2026-01-28,BRO,LONG,73.75,74.23999786376953,0.006644038830773358,0.0005,0.002822019415386679
2026-01-27,2026-01-28,ELV,LONG,335.57501220703125,346.0849914550781,0.031319314209136584,0.0005,0.015159657104568292
2026-01-27,2026-01-28,IVZ,LONG,26.854999542236328,27.780000686645508,0.03444428077365558,0.0005,0.01672214038682779
2026-01-27,2026-01-28,BA,LONG,241.85000610351562,242.8800048828125,0.004258832967967807,0.0005,0.0016294164839839036
2026-01-27,2026-01-28,ARE,LONG,56.4900016784668,56.192298889160156,-0.00527000850524173,0.0005,-0.003135004252620865
2026-01-27,2026-01-28,CNC,LONG,40.77000045776367,41.439998626708984,0.016433607098911063,0.0005,0.007716803549455531
2026-01-28,2026-01-29,TXT,LONG,86.32879638671875,87.81999969482422,0.017273532940566882,0.0005,0.00813676647028344
2026-01-28,2026-01-29,CVNA,LONG,86.7020034790039,83.45085906982422,-0.037497915604303156,0.0005,-0.01924895780215158
2026-01-28,2026-01-29,XYL,LONG,133.8000030517578,136.1649932861328,0.01767556188664776,0.0005,0.00833778094332388
2026-01-28,2026-01-29,ARE,LONG,56.209999084472656,53.779998779296875,-0.043230747994213004,0.0005,-0.022115373997106502
2026-01-28,2026-01-29,HUM,LONG,197.33999633789062,194.99000549316406,-0.011908335301186734,0.0005,-0.006454167650593368
2026-01-28,2026-01-29,VLTO,LONG,99.38999938964844,97.72000122070312,-0.016802476901104035,0.0005,-0.008901238450552018
2026-01-28,2026-01-29,DHR,LONG,230.78500366210938,220.52000427246094,-0.04447862394333624,0.0005,-0.02273931197166812
2026-01-28,2026-01-29,ULTA,LONG,642.2999877929688,636.0999755859375,-0.009652829401936236,0.0005,-0.005326414700968118
2026-01-28,2026-01-29,DOC,LONG,17.46500015258789,17.184999465942383,-0.016032103303704748,0.0005,-0.008516051651852374
2026-01-28,2026-01-29,AXON,LONG,575.3699951171875,518.4500122070312,-0.09892761769505054,0.0005,-0.04996380884752527
2026-01-29,2026-02-02,IP,LONG,37.59000015258789,40.61000061035156,0.08034052794638691,0.0005,0.039670263973193454
2026-01-29,2026-02-02,TYL,LONG,389.8999938964844,364.197509765625,-0.06592070924136306,0.0005,-0.03346035462068153
2026-01-29,2026-02-02,IFF,LONG,68.81999969482422,69.76000213623047,0.01365885564624536,0.0005,0.00632942782312268
2026-01-29,2026-02-02,DOV,LONG,200.64500427246094,208.02999877929688,0.036806271522253686,0.0005,0.017903135761126843
2026-01-29,2026-02-02,URI,LONG,770.5999755859375,779.7849731445312,0.01191928088449501,0.0005,0.005459640442247504
2026-01-29,2026-02-02,VRSN,LONG,245.27749633789062,251.5800018310547,0.025695408617844917,0.0005,0.012347704308922458
2026-01-29,2026-02-02,PLTR,LONG,150.72000122070312,146.72000122070312,-0.026539277916689308,0.0005,-0.013769638958344654
2026-01-29,2026-02-02,GEN,LONG,23.8700008392334,23.81999969482422,-0.0020947273837961244,0.0005,-0.0015473636918980622
2026-01-29,2026-02-02,DHR,LONG,220.5,223.19500732421875,0.012222255438633756,0.0005,0.005611127719316877
2026-01-29,2026-02-02,ARE,LONG,53.790000915527344,53.8650016784668,0.0013943253701973468,0.0005,0.0001971626850986734
2026-02-02,2026-02-03,NEM,LONG,112.04000091552734,117.11000061035156,0.045251692729338266,0.0005,0.022125846364669133
2026-02-02,2026-02-03,KLAC,LONG,141.35899353027344,135.5540008544922,-0.041065605596138144,0.0005,-0.021032802798069072
2026-02-02,2026-02-03,DIS,LONG,105.1500015258789,104.22000122070312,-0.008844510619877566,0.0005,-0.004922255309938783
2026-02-02,2026-02-03,HOOD,LONG,88.73999786376953,87.08000183105469,-0.018706288851428776,0.0005,-0.009853144425714389
2026-02-02,2026-02-03,IDXX,LONG,633.0999755859375,632.7650146484375,-0.0005290806356295086,0.0005,-0.0007645403178147543
2026-02-02,2026-02-03,TYL,LONG,364.30999755859375,332.04998779296875,-0.08855098674703943,0.0005,-0.044775493373519715
2026-02-02,2026-02-03,ALB,LONG,164.7301025390625,170.5500030517578,0.035329914951732766,0.0005,0.017164957475866383
2026-02-02,2026-02-03,LHX,LONG,339.8699951171875,351.55999755859375,0.034395511840860093,0.0005,0.016697755920430046
2026-02-02,2026-02-03,AXON,LONG,463.4700012207031,451.1000061035156,-0.026689958540157876,0.0005,-0.013844979270078939
2026-02-02,2026-02-03,IT,LONG,203.10499572753906,160.16000366210938,-0.21144232278284014,0.0005,-0.10622116139142007
2026-02-04,2026-02-05,EA,LONG,201.52000427246094,197.85499572753906,-0.01818682248520931,0.001,-0.01918682248520931
2026-02-04,2026-02-05,IQV,LONG,201.25,184.69500732421875,-0.08226083317158384,0.001,-0.08326083317158384
2026-02-04,2026-02-05,OMC,LONG,66.52999877929688,70.08000183105469,0.0533594335922718,0.001,0.0523594335922718
2026-02-04,2026-02-05,PNR,LONG,95.91000366210938,94.73999786376953,-0.012198996493230974,0.001,-0.013198996493230974
2026-02-04,2026-02-05,NWS,LONG,28.510000228881836,27.25,-0.04419502696479827,0.001,-0.04519502696479827
2026-02-04,2026-02-05,VRSK,LONG,193.17999267578125,187.6699981689453,-0.028522594035312432,0.001,-0.029522594035312433
2026-02-04,2026-02-05,PYPL,LONG,41.54999923706055,39.255001068115234,-0.055234613985222114,0.001,-0.056234613985222115
2026-02-04,2026-02-05,NWSA,LONG,24.75,23.985000610351562,-0.030909066248421713,0.001,-0.031909066248421714
2026-02-04,2026-02-05,NDAQ,LONG,86.69999694824219,86.63059997558594,-0.0008004264717296206,0.001,-0.0018004264717296206
2026-02-04,2026-02-05,CTSH,LONG,73.20500183105469,77.58999633789062,0.059900203499151594,0.001,0.05890020349915159
2026-02-05,2026-02-06,EL,LONG,94.11000061035156,104.6500015258789,0.11199660872564055,0.0005,0.05549830436282027
2026-02-05,2026-02-06,FOXA,LONG,65.0199966430664,64.51000213623047,-0.007843656308313962,0.0005,-0.0044218281541569815
2026-02-05,2026-02-06,STE,LONG,241.7100067138672,247.80999755859375,0.025236815503247412,0.0005,0.012118407751623705
2026-02-05,2026-02-06,FOX,LONG,58.41999816894531,58.1150016784668,-0.0052207548791167735,0.0005,-0.0031103774395583868
2026-02-05,2026-02-06,ROK,LONG,395.2449951171875,418.010009765625,0.05759722432838865,0.0005,0.028298612164194326
2026-02-05,2026-02-06,QCOM,LONG,134.22999572753906,138.40499877929688,0.03110335383033358,0.0005,0.01505167691516679
2026-02-05,2026-02-06,GOOGL,LONG,316.0,321.510009765625,0.017436739764636,0.0005,0.008218369882318
2026-02-05,2026-02-06,GOOG,LONG,317.3800048828125,321.9100036621094,0.014273107031331334,0.0005,0.006636553515665666
2026-02-05,2026-02-06,CMI,LONG,551.6799926757812,567.02001953125,0.027806023526548262,0.0005,0.01340301176327413
2026-02-05,2026-02-06,RL,LONG,331.1499938964844,344.3999938964844,0.04001207985569799,0.0005,0.019506039927848995
2026-02-06,2026-02-09,VRSN,LONG,213.61000061035156,218.3000030517578,0.021955912307501713,0.0005,0.010477956153750856
2026-02-06,2026-02-09,AMZN,LONG,204.85000610351562,210.31500244140625,0.026678038443059826,0.0005,0.012839019221529913
2026-02-06,2026-02-09,FOXA,LONG,64.51000213623047,64.13999938964844,-0.005735587262897135,0.0005,-0.0033677936314485675
2026-02-06,2026-02-09,NWS,LONG,26.190000534057617,25.8700008392334,-0.012218392069449968,0.0005,-0.0066091960347249845
2026-02-06,2026-02-09,NWSA,LONG,23.139999389648438,22.420000076293945,-0.031114923610437994,0.0005,-0.016057461805218998
2026-02-06,2026-02-09,FOX,LONG,58.13999938964844,58.040000915527344,-0.0017199600132589143,0.0005,-0.0013599800066294572
2026-02-06,2026-02-09,ORLY,LONG,91.75,92.32499694824219,0.006266996711086437,0.0005,0.0026334983555432183
2026-02-06,2026-02-09,GOOG,LONG,321.9100036621094,326.1050109863281,0.013031615285314269,0.0005,0.006015807642657134
2026-02-06,2026-02-09,ZS,LONG,167.10000610351562,168.5850067138672,0.008886897403412641,0.0005,0.00394344870170632
2026-02-06,2026-02-09,GOOGL,LONG,321.489990234375,326.08990478515625,0.014308111264763834,0.0005,0.006654055632381917
2026-02-09,2026-02-10,WAT,LONG,340.54998779296875,326.1000061035156,-0.04243130878700174,0.001,-0.04343130878700174
2026-02-09,2026-02-10,HRL,LONG,24.415000915527344,24.375,-0.0016383745249791692,0.001,-0.0026383745249791693
2026-02-09,2026-02-10,ED,LONG,106.48999786376953,108.6500015258789,0.02028362949985807,0.001,0.019283629499858068
2026-02-09,2026-02-10,VRSN,LONG,218.3000030517578,217.6699981689453,-0.0028859591113387095,0.001,-0.0038859591113387095
2026-02-09,2026-02-10,AJG,LONG,229.85000610351562,213.50999450683594,-0.0710898897662886,0.001,-0.0720898897662886
2026-02-09,2026-02-10,WEC,LONG,110.7699966430664,113.66999816894531,0.02618038831601277,0.001,0.02518038831601277
2026-02-09,2026-02-10,NWSA,LONG,22.410999298095703,23.59000015258789,0.05260813401535236,0.001,0.05160813401535236
2026-02-09,2026-02-10,BKNG,LONG,170.6083984375,172.5775909423828,0.011542178010681026,0.001,0.010542178010681025
2026-02-10,2026-02-11,SCHW,LONG,97.5199966430664,96.18499755859375,-0.013689490672963212,0.001,-0.014689490672963212
2026-02-10,2026-02-11,RJF,LONG,159.28761291503906,159.4499969482422,0.0010194391781721546,0.001,1.943917817215455e-05
2026-02-10,2026-02-11,AJG,LONG,213.625,206.8199005126953,-0.031855351608213844,0.001,-0.032855351608213845
2026-02-10,2026-02-11,XYL,LONG,129.99000549316406,127.05000305175781,-0.022617142219913622,0.001,-0.023617142219913623
2026-02-10,2026-02-11,MPWR,LONG,1133.2850341796875,1197.56005859375,0.05671567388215548,0.001,0.05571567388215548
2026-02-10,2026-02-11,WAT,LONG,326.0874938964844,332.4049987792969,0.01937364971383415,0.001,0.01837364971383415
2026-02-10,2026-02-11,EXE,LONG,101.97000122070312,104.4800033569336,0.024615103522435344,0.001,0.023615103522435343
2026-02-10,2026-02-11,WTW,LONG,286.8299865722656,282.57501220703125,-0.014834482322029996,0.001,-0.015834482322029997
2026-02-10,2026-02-11,SNDK,LONG,548.9935913085938,604.4650268554688,0.10104204570886166,0.001,0.10004204570886166
2026-02-10,2026-02-11,MSCI,LONG,534.47998046875,518.8074951171875,-0.02932286694408537,0.001,-0.03032286694408537
2026-02-11,2026-02-12,CBRE,LONG,145.1300048828125,136.3300018310547,-0.06063531148409673,0.001,-0.06163531148409673
2026-02-11,2026-02-12,AIZ,LONG,216.1999969482422,213.82000732421875,-0.0110082777873175,0.001,-0.0120082777873175
2026-02-11,2026-02-12,LDOS,LONG,174.9149932861328,170.7949981689453,-0.02355427079054251,0.001,-0.02455427079054251
2026-02-11,2026-02-12,SCHW,LONG,96.19999694824219,95.83999633789062,-0.0037422102055288953,0.001,-0.004742210205528895
2026-02-11,2026-02-12,MDT,LONG,100.2699966430664,101.97000122070312,0.016954269817004874,0.001,0.015954269817004874
2026-02-11,2026-02-12,VRTX,LONG,458.20001220703125,467.2449951171875,0.01974025026011872,0.001,0.018740250260118718
2026-02-11,2026-02-12,XYL,LONG,127.05999755859375,127.01000213623047,-0.00039347885506002545,0.001,-0.0013934788550600255
2026-02-11,2026-02-12,NOC,LONG,680.1300048828125,694.8400268554688,0.021628250286047646,0.001,0.020628250286047645
2026-02-11,2026-02-12,AJG,LONG,206.7449951171875,205.0399932861328,-0.008246883220018209,0.001,-0.00924688322001821
2026-02-11,2026-02-12,IBM,LONG,274.4599914550781,259.42999267578125,-0.05476207552005585,0.001,-0.055762075520055854
2026-02-12,2026-02-13,EXPD,LONG,141.94000244140625,146.50979614257812,0.03219524885564451,0.001,0.03119524885564451
2026-02-12,2026-02-13,ROK,LONG,382.31500244140625,394.30999755859375,0.031374638820316436,0.001,0.030374638820316435
2026-02-12,2026-02-13,CSCO,LONG,74.54010009765625,76.9000015258789,0.03165948831744125,0.001,0.030659488317441252
2026-02-12,2026-02-13,AME,LONG,229.5449981689453,229.8300018310547,0.0012416025806827324,0.001,0.00024160258068273242
2026-02-12,2026-02-13,CHRW,LONG,165.41000366210938,175.9600067138672,0.06378092508424582,0.001,0.06278092508424582
2026-02-12,2026-02-13,EMR,LONG,145.9199981689453,148.1300048828125,0.015145331288371144,0.001,0.014145331288371144
2026-02-12,2026-02-13,IBM,LONG,259.4100036621094,262.3800048828125,0.011449062020644662,0.001,0.010449062020644662
2026-02-12,2026-02-13,CBRE,LONG,136.16000366210938,142.3000030517578,0.04509400135509156,0.001,0.04409400135509156
2026-02-12,2026-02-13,BXP,LONG,58.75,61.5099983215332,0.046978694834607815,0.001,0.045978694834607814
2026-02-12,2026-02-13,DASH,LONG,162.47999572753906,160.42999267578125,-0.012616956583353489,0.001,-0.01361695658335349
2026-02-17,2026-02-18,STZ,LONG,150.16000366210938,155.29640197753906,0.03420616802186305,0.001,0.03320616802186305
2026-02-17,2026-02-18,NVR,LONG,7453.3798828125,7522.89990234375,0.009327314671235598,0.001,0.008327314671235597
2026-02-17,2026-02-18,ROL,LONG,59.349998474121094,59.875,0.008845855760347243,0.001,0.007845855760347242
2026-02-17,2026-02-18,XOM,LONG,148.1999969482422,149.02999877929688,0.005600552281688431,0.001,0.004600552281688431
2026-02-17,2026-02-18,AXP,LONG,338.7250061035156,347.20001220703125,0.025020314269108335,0.001,0.024020314269108334
2026-02-17,2026-02-18,MDT,LONG,95.875,96.51309967041016,0.006655537631396591,0.001,0.005655537631396591
2026-02-18,2026-02-19,RSG,LONG,212.75,222.0749969482422,0.04383077296471072,0.0005,0.02141538648235536
2026-02-18,2026-02-19,GPC,LONG,122.30999755859375,118.72000122070312,-0.029351618097864796,0.0005,-0.015175809048932398
2026-02-18,2026-02-19,SJM,LONG,104.48999786376953,108.18499755859375,0.035362233422969735,0.0005,0.017181116711484867
2026-02-18,2026-02-19,CAG,LONG,18.440000534057617,18.639999389648438,0.010845924609461655,0.0005,0.004922962304730827
2026-02-18,2026-02-19,CME,LONG,302.2699890136719,300.6300048828125,-0.0054255605599839996,0.0005,-0.003212780279992
2026-02-18,2026-02-19,PM,LONG,182.59500122070312,181.9600067138672,-0.003477611668396219,0.0005,-0.0022388058341981094
2026-02-18,2026-02-19,GIS,LONG,44.5,44.720001220703125,0.00494384765625,0.0005,0.001971923828125
2026-02-18,2026-02-19,ALLE,LONG,163.83999633789062,162.5850067138672,-0.0076598489506508605,0.0005,-0.004329924475325431
2026-02-18,2026-02-19,GILD,LONG,153.0399932861328,151.6199951171875,-0.00927860841113859,0.0005,-0.005139304205569295
2026-02-18,2026-02-19,MDT,LONG,96.5199966430664,97.80000305175781,0.013261567065992574,0.0005,0.006130783532996287
2026-02-19,2026-02-20,MDLZ,LONG,58.15999984741211,58.970001220703125,0.013927121310456148,0.0005,0.006463560655228073
2026-02-19,2026-02-20,WY,LONG,25.674999237060547,25.155000686645508,-0.02025310869978325,0.0005,-0.010626554349891626
2026-02-19,2026-02-20,TAP,LONG,47.45000076293945,49.41999816894531,0.04151733138736868,0.0005,0.02025866569368434
2026-02-19,2026-02-20,CARR,LONG,62.869998931884766,63.150001525878906,0.004453675819169334,0.0005,0.0017268379095846669
2026-02-19,2026-02-20,GPC,LONG,118.70500183105469,116.56500244140625,-0.01802787883103829,0.0005,-0.009513939415519146
2026-02-19,2026-02-20,SYY,LONG,89.28500366210938,89.51000213623047,0.0025200029668204227,0.0005,0.0007600014834102113
2026-02-19,2026-02-20,GILD,LONG,151.63999938964844,151.4600067138672,-0.0011869735986924645,0.0005,-0.0010934867993462323
2026-02-19,2026-02-20,PPG,LONG,125.7249984741211,125.05500030517578,-0.005329076771340979,0.0005,-0.0031645383856704896
2026-02-19,2026-02-20,PFE,LONG,26.670000076293945,26.452999114990234,-0.008136518960740302,0.0005,-0.0045682594803701515
2026-02-19,2026-02-20,CME,LONG,300.6300048828125,307.7749938964844,0.023766719547694715,0.0005,0.011383359773847357
2026-02-20,2026-02-23,WY,LONG,25.149999618530273,25.135000228881836,-0.0005963972117671856,0.0005,-0.0007981986058835928
2026-02-20,2026-02-23,NDSN,LONG,289.05999755859375,289.8500061035156,0.0027330261938500744,0.0005,0.0008665130969250372
2026-02-20,2026-02-23,ETN,LONG,370.260009765625,363.510009765625,-0.018230432188106827,0.0005,-0.009615216094053414
2026-02-20,2026-02-23,WMT,LONG,121.20500183105469,126.31999969482422,0.0422012110597485,0.0005,0.02060060552987425
2026-02-20,2026-02-23,JNJ,LONG,243.22999572753906,245.74000549316406,0.010319491056673291,0.0005,0.004659745528336645
2026-02-20,2026-02-23,AOS,LONG,77.05999755859375,77.73999786376953,0.00882429699869558,0.0005,0.0039121484993477895
2026-02-20,2026-02-23,PFE,LONG,26.458200454711914,27.016000747680664,0.021082321676545224,0.0005,0.010041160838272611
2026-02-20,2026-02-23,SHW,LONG,357.29998779296875,365.57000732421875,0.02314587129524881,0.0005,0.011072935647624405
2026-02-20,2026-02-23,INTC,LONG,43.375,43.57500076293945,0.004610968598027787,0.0005,0.0018054842990138935
2026-02-20,2026-02-23,BBY,LONG,63.209999084472656,62.5,-0.011232385615507212,0.0005,-0.0061161928077536065
2026-02-23,2026-02-24,MET,LONG,74.48500061035156,76.0,0.020339657343547035,0.001,0.019339657343547034
2026-02-23,2026-02-24,PKG,LONG,223.1699981689453,228.30499267578125,0.023009340632554887,0.001,0.022009340632554886
2026-02-23,2026-02-24,COF,LONG,192.8800048828125,197.3000030517578,0.022915792498194643,0.001,0.02191579249819464
2026-02-23,2026-02-24,AXP,LONG,320.80999755859375,321.4700012207031,0.002057303909267505,0.001,0.001057303909267505
2026-02-23,2026-02-24,FTNT,LONG,75.44000244140625,75.04000091552734,-0.005302246990110948,0.001,-0.006302246990110948
2026-02-23,2026-02-24,CCL,LONG,30.321399688720703,31.519899368286133,0.03952652884989538,0.001,0.03852652884989538
2026-02-23,2026-02-24,FITB,LONG,50.88999938964844,50.63999938964844,-0.004912556553318681,0.001,-0.005912556553318681
2026-02-23,2026-02-24,ETN,LONG,363.5199890136719,375.3900146484375,0.03265302044867524,0.001,0.03165302044867524
2026-02-23,2026-02-24,MA,LONG,501.3450012207031,497.614990234375,-0.007440008332078918,0.001,-0.008440008332078919
2026-02-23,2026-02-24,NDSN,LONG,290.2799987792969,292.80499267578125,0.008698477012204275,0.001,0.007698477012204275
2026-02-24,2026-02-25,OKE,LONG,82.80999755859375,82.41999816894531,-0.004709568906489658,0.0005,-0.0028547844532448292
2026-02-24,2026-02-25,ERIE,LONG,253.2899932861328,270.30999755859375,0.06719572317740186,0.0005,0.03309786158870093
2026-02-25,2026-02-26,BF-B,LONG,27.889999389648438,28.475000381469727,0.02097529597072767,0.001,0.01997529597072767
2026-02-25,2026-02-26,FANG,LONG,166.3699951171875,166.97999572753906,0.0036665301932712335,0.001,0.0026665301932712335
2026-02-25,2026-02-26,LOW,LONG,263.3599853515625,264.2900085449219,0.0035313762343882615,0.001,0.0025313762343882615
2026-02-25,2026-02-26,MOS,LONG,26.809999465942383,27.170000076293945,0.013427848471570636,0.001,0.012427848471570635
2026-02-25,2026-02-26,PHM,LONG,134.72500610351562,135.64999389648438,0.006865746899710867,0.001,0.005865746899710867
2026-02-25,2026-02-26,AVY,LONG,192.9499969482422,193.00999450683594,0.00031094874082771007,0.001,-0.00068905125917229
2026-02-25,2026-02-26,AMCR,LONG,48.65999984741211,48.25,-0.008425808645659338,0.001,-0.00942580864565934
2026-02-25,2026-02-26,DOV,LONG,226.72999572753906,227.1199951171875,0.0017201049574273597,0.001,0.0007201049574273597
2026-02-25,2026-02-26,MELI,LONG,1760.0999755859375,1739.0,-0.011987941525260948,0.001,-0.012987941525260949
2026-02-25,2026-02-26,SWK,LONG,85.58999633789062,87.63999938964844,0.023951432871487155,0.001,0.022951432871487154
2026-02-27,2026-03-02,UHS,LONG,204.0,204.4199981689453,0.002058814553653532,0.001,0.0010588145536535318
2026-02-27,2026-03-02,LMT,LONG,648.0900268554688,673.72998046875,0.03956233324201297,0.001,0.03856233324201297
2026-02-27,2026-03-02,EME,LONG,745.0,734.5999755859375,-0.013959764314177892,0.001,-0.014959764314177892
2026-02-27,2026-03-02,NEE,LONG,90.9000015258789,92.08499908447266,0.013036276553376913,0.001,0.012036276553376912
2026-02-27,2026-03-02,VTRS,LONG,15.15999984741211,14.835000038146973,-0.021437982357276564,0.001,-0.022437982357276565
2026-02-27,2026-03-02,MRK,LONG,119.68000030517578,121.48500061035156,0.015081887538211491,0.001,0.01408188753821149
2026-02-27,2026-03-02,FANG,LONG,169.27000427246094,176.84500122070312,0.04475097038486098,0.001,0.04375097038486098
2026-03-02,2026-03-03,AES,LONG,14.295000076293945,14.170000076293945,-0.008744316147804243,0.001,-0.009744316147804244
2026-03-02,2026-03-03,TEL,LONG,218.33999633789062,204.89500427246094,-0.061578237111550416,0.001,-0.06257823711155042
2026-03-02,2026-03-03,NCLH,LONG,22.334999084472656,20.795000076293945,-0.06895003677207767,0.001,-0.06995003677207767
2026-03-02,2026-03-03,F,LONG,13.354999542236328,12.828700065612793,-0.03940842341170192,0.001,-0.04040842341170192
2026-03-02,2026-03-03,RL,LONG,348.1700134277344,351.5199890136719,0.009621666015855235,0.001,0.008621666015855234
2026-03-02,2026-03-03,DECK,LONG,113.73999786376953,108.08999633789062,-0.04967471102510579,0.001,-0.05067471102510579
2026-03-02,2026-03-03,BRK-B,LONG,482.9700012207031,479.6499938964844,-0.006874148116502998,0.001,-0.007874148116503
2026-03-02,2026-03-03,HST,LONG,19.385000228881836,19.295000076293945,-0.004642772841126908,0.001,-0.005642772841126908
2026-03-02,2026-03-03,ZBH,LONG,98.0999984741211,97.04000091552734,-0.010805275994712482,0.001,-0.011805275994712483
2026-03-02,2026-03-03,UAL,LONG,103.47000122070312,100.8499984741211,-0.025321375429324,0.001,-0.026321375429324
2026-03-03,2026-03-04,ROST,LONG,196.6750030517578,211.88499450683594,0.07733566146723492,0.001,0.07633566146723492
2026-03-03,2026-03-04,KVUE,LONG,18.274999618530273,18.184999465942383,-0.00492476905425665,0.001,-0.00592476905425665
2026-03-03,2026-03-04,KMB,LONG,105.2300033569336,104.67500305175781,-0.00527416409266146,0.001,-0.00627416409266146
2026-03-03,2026-03-04,CCEP,LONG,104.3499984741211,104.07499694824219,-0.0026353764245344857,0.001,-0.0036353764245344857
2026-03-03,2026-03-04,NRG,LONG,161.30999755859375,164.4149932861328,0.019248625469795888,0.001,0.018248625469795887
2026-03-03,2026-03-04,VST,LONG,156.9600067138672,161.92999267578125,0.03166402745493113,0.001,0.03066402745493113
2026-03-03,2026-03-04,ADI,LONG,338.44000244140625,341.17999267578125,0.00809594083030829,0.001,0.00709594083030829
2026-03-03,2026-03-04,YUM,LONG,160.0,158.55999755859375,-0.009000015258789018,0.001,-0.010000015258789019
2026-03-03,2026-03-04,DECK,LONG,108.05500030517578,108.19999694824219,0.0013418781422136483,0.001,0.0003418781422136483
2026-03-03,2026-03-04,NCLH,LONG,20.795000076293945,21.68600082397461,0.04284687397988485,0.001,0.04184687397988485
2026-03-04,2026-03-05,BKR,LONG,61.005001068115234,59.91999816894531,-0.017785474636062393,0.001,-0.018785474636062394
2026-03-04,2026-03-05,CLX,LONG,116.62000274658203,115.67500305175781,-0.008103238488835651,0.001,-0.009103238488835652
2026-03-04,2026-03-05,SLB,LONG,48.04499816894531,46.786399841308594,-0.02619624051625491,0.001,-0.02719624051625491
2026-03-04,2026-03-05,COO,LONG,81.5,80.5999984741211,-0.011042963507716608,0.001,-0.012042963507716609
2026-03-04,2026-03-05,LITE,LONG,651.7999877929688,624.0,-0.04265110204604494,0.001,-0.04365110204604494
2026-03-04,2026-03-05,YUM,LONG,158.52000427246094,157.3699951171875,-0.007254662656309474,0.001,-0.008254662656309475
2026-03-04,2026-03-05,AVY,LONG,186.40499877929688,184.66000366210938,-0.009361310740671591,0.001,-0.010361310740671592
2026-03-04,2026-03-05,CCEP,LONG,104.06999969482422,102.37000274658203,-0.016335129751391064,0.001,-0.017335129751391065
2026-03-04,2026-03-05,KDP,LONG,29.0,28.635000228881836,-0.01258619900407465,0.001,-0.01358619900407465
2026-03-04,2026-03-05,BF-B,LONG,26.149999618530273,26.059999465942383,-0.003441688485689931,0.001,-0.004441688485689931
2026-03-05,2026-03-06,CSX,LONG,40.900001525878906,40.06999969482422,-0.020293442544971896,0.0005,-0.010646721272485948
2026-03-05,2026-03-06,TDY,LONG,657.5750122070312,655.173095703125,-0.003652688224640155,0.0005,-0.0023263441123200774
2026-03-05,2026-03-06,CIEN,LONG,285.5,303.42498779296875,0.06278454568465408,0.0005,0.03089227284232704
2026-03-05,2026-03-06,AME,LONG,225.75999450683594,223.5399932861328,-0.009833457099220011,0.0005,-0.005416728549610006
2026-03-05,2026-03-06,AMGN,LONG,364.19000244140625,367.6000061035156,0.009363254453032432,0.0005,0.004181627226516216
2026-03-05,2026-03-06,MCK,LONG,929.02001953125,925.469970703125,-0.0038212834529832707,0.0005,-0.0024106417264916353
2026-03-05,2026-03-06,MLM,LONG,624.75,611.3099975585938,-0.02151260894982998,0.0005,-0.011256304474914991
2026-03-05,2026-03-06,PWR,LONG,540.4949951171875,549.739990234375,0.01710468219078143,0.0005,0.008052341095390714
2026-03-05,2026-03-06,DG,LONG,145.94000244140625,146.07000732421875,0.0008908104744256296,0.0005,-5.4594762787185235e-05
2026-03-05,2026-03-06,GLW,LONG,132.11000061035156,125.43000030517578,-0.05056392607913107,0.0005,-0.025781963039565536
2026-03-06,2026-03-09,BLK,LONG,958.6599731445312,956.114990234375,-0.0026547294989363035,0.0005,-0.0018273647494681518
2026-03-06,2026-03-09,COO,LONG,76.7300033569336,75.91999816894531,-0.010556563958694087,0.0005,-0.005778281979347044
2026-03-06,2026-03-09,JBHT,LONG,212.5399932861328,215.1199951171875,0.012138900501334593,0.0005,0.005569450250667296
2026-03-06,2026-03-09,SPG,LONG,194.8800048828125,191.89999389648438,-0.015291517403851151,0.0005,-0.008145758701925576
2026-03-06,2026-03-09,CSX,LONG,40.06999969482422,40.599998474121094,0.013226822643708003,0.0005,0.006113411321854001
2026-03-06,2026-03-09,DXCM,LONG,68.0999984741211,68.74500274658203,0.009471428589033604,0.0005,0.004235714294516801
2026-03-06,2026-03-09,IVZ,LONG,23.260000228881836,23.774999618530273,0.02214098815910437,0.0005,0.010570494079552184
2026-03-06,2026-03-09,LITE,LONG,583.030029296875,634.3499755859375,0.0880228182259386,0.0005,0.0435114091129693
2026-03-06,2026-03-09,FDX,LONG,285.6728515625,289.65753173828125,0.013948403406158105,0.0005,0.006474201703079052
2026-03-06,2026-03-09,GLW,LONG,125.38999938964844,128.99000549316406,0.02871047229475332,0.0005,0.01385523614737666
2026-03-09,2026-03-10,WMB,LONG,73.37000274658203,73.83499908447266,0.006337690070650659,0.001,0.005337690070650659
2026-03-09,2026-03-10,CB,LONG,323.9200134277344,325.239990234375,0.004075008495685539,0.001,0.0030750084956855392
2026-03-09,2026-03-10,SPG,LONG,191.89999389648438,192.10000610351562,0.0010422731286752196,0.001,4.2273128675219575e-05
2026-03-09,2026-03-10,KMI,LONG,33.400001525878906,32.95000076293945,-0.01347307611919668,0.001,-0.014473076119196682
2026-03-09,2026-03-10,TRV,LONG,302.9549865722656,302.30999755859375,-0.002128992894190329,0.001,-0.003128992894190329
2026-03-09,2026-03-10,TRGP,LONG,236.0,232.4600067138672,-0.014999971551410196,0.001,-0.015999971551410197
2026-03-09,2026-03-10,MSI,LONG,457.489990234375,464.1099853515625,0.014470251280899182,0.001,0.013470251280899181
2026-03-11,2026-03-12,CNC,LONG,36.310001373291016,35.375,-0.025750518808263845,0.001,-0.026750518808263846
2026-03-11,2026-03-12,CBOE,LONG,285.19000244140625,286.19000244140625,0.003506434276935977,0.001,0.002506434276935977
2026-03-11,2026-03-12,AWK,LONG,132.44000244140625,138.7100067138672,0.047342224077917106,0.001,0.046342224077917105
2026-03-11,2026-03-12,WST,LONG,236.16000366210938,236.08999633789062,-0.00029644022329422537,0.001,-0.0012964402232942254
2026-03-11,2026-03-12,KHC,LONG,23.600000381469727,23.014999389648438,-0.02478817721887072,0.001,-0.025788177218870723
2026-03-11,2026-03-12,CME,LONG,304.55999755859375,309.95001220703125,0.017697710440126135,0.001,0.016697710440126134
2026-03-11,2026-03-12,CTAS,LONG,194.8000030517578,197.1999969482422,0.012320297016867654,0.001,0.011320297016867653
2026-03-11,2026-03-12,KMI,LONG,32.83000183105469,33.60499954223633,0.023606386474476215,0.001,0.022606386474476214
2026-03-11,2026-03-12,DUK,LONG,129.5,132.39500427246094,0.02235524534718869,0.001,0.02135524534718869
2026-03-11,2026-03-12,OMC,LONG,80.98999786376953,80.8499984741211,-0.001728600979641004,0.001,-0.002728600979641004
2026-03-12,2026-03-13,BA,LONG,206.88999938964844,207.35000610351562,0.002223436199063622,0.0005,0.000611718099531811
2026-03-12,2026-03-13,DG,LONG,134.07749938964844,134.88499450683594,0.0060225997715008805,0.0005,0.0025112998857504403
2026-03-12,2026-03-13,INCY,LONG,92.1500015258789,91.69999694824219,-0.004883391971625128,0.0005,-0.002941695985812564
2026-03-12,2026-03-13,CAG,LONG,16.795000076293945,16.625,-0.01012206463362264,0.0005,-0.005561032316811321
2026-03-12,2026-03-13,GIS,LONG,40.38999938964844,39.814998626708984,-0.01423621618293014,0.0005,-0.00761810809146507
2026-03-12,2026-03-13,NVR,LONG,6458.02001953125,6468.75,0.001661496935020157,0.0005,0.00033074846751007846
2026-03-12,2026-03-13,RMD,LONG,236.38250732421875,232.89500427246094,-0.014753642692241997,0.0005,-0.007876821346120999
2026-03-12,2026-03-13,KHC,LONG,23.01129913330078,22.5049991607666,-0.022002233320303377,0.0005,-0.011501116660151689
2026-03-12,2026-03-13,BEN,LONG,24.0049991607666,24.209999084472656,0.008539884643741447,0.0005,0.0037699423218707233
2026-03-12,2026-03-13,BMY,LONG,58.369998931884766,58.76499938964844,0.006767182884903189,0.0005,0.0028835914424515945
2026-03-13,2026-03-16,ULTA,LONG,555.4650268554688,528.989990234375,-0.04766283265567772,0.001,-0.048662832655677724
2026-03-13,2026-03-16,PODD,LONG,222.3350067138672,226.17999267578125,0.017293659773795156,0.001,0.016293659773795155
2026-03-13,2026-03-16,TMO,LONG,471.885009765625,468.70001220703125,-0.0067495205244507694,0.001,-0.0077495205244507695
2026-03-13,2026-03-16,CTAS,LONG,193.27999877929688,192.75999450683594,-0.002690419473019179,0.001,-0.003690419473019179
2026-03-13,2026-03-16,DHR,LONG,185.9499969482422,190.16000366210938,0.02264053123399079,0.001,0.02164053123399079
2026-03-13,2026-03-16,TSCO,LONG,47.599998474121094,48.6150016784668,0.021323597413506867,0.001,0.020323597413506866
2026-03-13,2026-03-16,RVTY,LONG,84.0999984741211,85.41000366210938,0.015576756382360557,0.001,0.014576756382360556
2026-03-13,2026-03-16,TJX,LONG,155.3699951171875,155.9550018310547,0.003765248968605306,0.001,0.002765248968605306
2026-03-13,2026-03-16,CCI,LONG,86.2699966430664,87.34010314941406,0.012404156114380172,0.001,0.01140415611438017
2026-03-13,2026-03-16,WAT,LONG,282.7699890136719,288.57000732421875,0.02051143521551868,0.001,0.01951143521551868
2026-03-16,2026-03-17,ULTA,LONG,529.1599731445312,525.6300048828125,-0.00667089054514447,0.001,-0.00767089054514447
2026-03-16,2026-03-17,PSA,LONG,286.5199890136719,291.0299987792969,0.015740646162770044,0.001,0.014740646162770044
2026-03-16,2026-03-17,TECH,LONG,49.224998474121094,50.84000015258789,0.03280856736472715,0.001,0.03180856736472715
2026-03-16,2026-03-17,TRI,LONG,94.66000366210938,96.0199966430664,0.014367134252514457,0.001,0.013367134252514457
2026-03-16,2026-03-17,TAP,LONG,42.709999084472656,42.529998779296875,-0.004214476914873533,0.001,-0.005214476914873533
2026-03-16,2026-03-17,AZO,LONG,3503.919921875,3476.570068359375,-0.0078055018737385184,0.001,-0.00880550187373852
2026-03-16,2026-03-17,GIS,LONG,38.75,38.849998474121094,0.0025806057837700624,0.001,0.0015806057837700624
2026-03-17,2026-03-18,HCA,LONG,515.469970703125,503.1169128417969,-0.023964650830150203,0.001,-0.024964650830150203
2026-03-17,2026-03-18,LLY,LONG,935.0,914.4600219726562,-0.02196789093833551,0.001,-0.02296789093833551
2026-03-17,2026-03-18,COR,LONG,334.260009765625,322.1400146484375,-0.03625918375843329,0.001,-0.03725918375843329
2026-03-18,2026-03-19,HCA,LONG,502.885009765625,501.5849914550781,-0.0025851204257465454,0.001,-0.0035851204257465455
2026-03-18,2026-03-19,ABBV,LONG,208.8249969482422,205.50999450683594,-0.01587454801796495,0.001,-0.016874548017964952
2026-03-18,2026-03-19,VZ,LONG,49.619998931884766,49.56999969482422,-0.0010076428483842825,0.001,-0.0020076428483842826
2026-03-18,2026-03-19,CPAY,LONG,286.8399963378906,286.0299987792969,-0.002823865461354935,0.001,-0.0038238654613549352
2026-03-18,2026-03-19,SBUX,LONG,94.61000061035156,95.8499984741211,0.013106414287813228,0.001,0.012106414287813227
2026-03-18,2026-03-19,CMCSA,LONG,28.7450008392334,29.145000457763672,0.013915449881786834,0.001,0.012915449881786834
2026-03-18,2026-03-19,COR,LONG,322.1449890136719,331.7099914550781,0.029691607094966432,0.001,0.02869160709496643
2026-03-18,2026-03-19,TMUS,LONG,207.3000030517578,206.89999389648438,-0.0019296148064867902,0.001,-0.00292961480648679
2026-03-18,2026-03-19,V,LONG,299.92498779296875,299.5199890136719,-0.0013503335693271223,0.001,-0.0023503335693271224
2026-03-18,2026-03-19,LLY,LONG,914.4600219726562,919.1699829101562,0.005150537830336033,0.001,0.004150537830336033
2026-03-19,2026-03-20,EXC,LONG,48.1150016784668,46.459999084472656,-0.03439681048031251,0.001,-0.03539681048031251
2026-03-19,2026-03-20,ES,LONG,70.05000305175781,66.69999694824219,-0.047823068630566734,0.001,-0.048823068630566735
2026-03-19,2026-03-20,AEP,LONG,128.57000732421875,125.66000366210938,-0.022633612011634496,0.001,-0.023633612011634497
2026-03-19,2026-03-20,PKG,LONG,203.89500427246094,202.69000244140625,-0.005909913464306693,0.001,-0.006909913464306693
2026-03-19,2026-03-20,FE,LONG,49.85499954223633,48.53499984741211,-0.026476776791582113,0.001,-0.027476776791582114
2026-03-19,2026-03-20,CINF,LONG,158.3000030517578,158.42999267578125,0.0008211599590490781,0.001,-0.0001788400409509219
2026-03-19,2026-03-20,CTAS,LONG,181.75,179.33999633789062,-0.013259992638841145,0.001,-0.014259992638841146
2026-03-19,2026-03-20,ABBV,LONG,205.52000427246094,205.07000732421875,-0.0021895530307872724,0.001,-0.0031895530307872724
2026-03-19,2026-03-20,PNW,LONG,100.29499816894531,97.2699966430664,-0.030161040740868672,0.001,-0.031161040740868673
2026-03-19,2026-03-20,DUK,LONG,129.88999938964844,126.87999725341797,-0.02317347101681755,0.001,-0.02417347101681755
2026-03-23,2026-03-24,SMCI,LONG,20.239999771118164,21.139999389648438,0.04446638481758014,0.001,0.04346638481758014
2026-03-23,2026-03-24,LNT,LONG,69.05999755859375,70.08509826660156,0.01484362502529879,0.001,0.01384362502529879
2026-03-23,2026-03-24,DTE,LONG,143.1300048828125,143.93499755859375,0.005624206304194024,0.001,0.004624206304194024
2026-03-23,2026-03-24,ETR,LONG,101.44999694824219,102.72000122070312,0.012518524501374584,0.001,0.011518524501374583
2026-03-23,2026-03-24,CMS,LONG,75.06999969482422,75.66999816894531,0.00799252000213424,0.001,0.00699252000213424
2026-03-23,2026-03-24,EXC,LONG,47.400001525878906,47.685001373291016,0.006012654815137575,0.001,0.005012654815137575
2026-03-23,2026-03-24,IRM,LONG,102.5199966430664,102.29000091552734,-0.002243423088861496,0.001,-0.003243423088861496
2026-03-23,2026-03-24,NI,LONG,46.150001525878906,45.724998474121094,-0.009209166580839478,0.001,-0.01020916658083948
2026-03-23,2026-03-24,DLR,LONG,176.4199981689453,178.0,0.008955911163436303,0.001,0.007955911163436302
2026-03-23,2026-03-24,CNP,LONG,42.83000183105469,42.27000045776367,-0.01307497897151566,0.001,-0.014074978971515661
2026-03-24,2026-03-25,ZS,LONG,143.58999633789062,140.7100067138672,-0.020057035291277225,0.001,-0.021057035291277226
2026-03-24,2026-03-25,PANW,LONG,157.72500610351562,156.5500030517578,-0.007449694127681039,0.001,-0.00844969412768104
2026-03-24,2026-03-25,IBM,LONG,239.1699981689453,240.9949951171875,0.007630542970331167,0.001,0.006630542970331167
2026-03-24,2026-03-25,EL,LONG,71.61499786376953,72.61000061035156,0.013893776112020362,0.001,0.012893776112020361
2026-03-24,2026-03-25,FTNT,LONG,80.31999969482422,80.30000305175781,-0.00024896219051773194,0.001,-0.001248962190517732
2026-03-24,2026-03-25,CRWD,LONG,393.2200012207031,393.0,-0.000559486343573945,0.001,-0.001559486343573945
2026-03-24,2026-03-25,CRM,LONG,185.61500549316406,181.69000244140625,-0.021145936134470356,0.001,-0.022145936134470356
2026-03-24,2026-03-25,LHX,LONG,346.8800048828125,352.2200012207031,0.015394361919749855,0.001,0.014394361919749854
2026-03-24,2026-03-25,MSFT,LONG,372.80499267578125,371.4150085449219,-0.003728448272333651,0.001,-0.004728448272333651
2026-03-24,2026-03-25,RTX,LONG,192.92999267578125,195.0850067138672,0.011169927537951319,0.001,0.010169927537951318
2026-03-25,2026-03-26,AMT,LONG,167.64999389648438,168.52000427246094,0.005189444722042413,0.0005,0.0020947223610212067
2026-03-25,2026-03-26,ZS,LONG,140.77000427246094,141.3000030517578,0.0037649979627127905,0.0005,0.0013824989813563953
2026-03-25,2026-03-26,IT,LONG,146.8699951171875,154.5749969482422,0.05246137459803735,0.0005,0.025730687299018673
2026-03-25,2026-03-26,PANW,LONG,156.56500244140625,156.43699645996094,-0.0008175900070209741,0.0005,-0.000908795003510487
2026-03-25,2026-03-26,JKHY,LONG,156.11000061035156,157.8800048828125,0.01133818631439798,0.0005,0.0051690931571989895
2026-03-25,2026-03-26,CRM,LONG,181.7100067138672,183.98500061035156,0.01251991531796448,0.0005,0.00575995765898224
2026-03-25,2026-03-26,CCI,LONG,77.37000274658203,77.5999984741211,0.0029726731210335533,0.0005,0.0009863365605167766
2026-03-25,2026-03-26,BBY,LONG,60.31999969482422,62.88999938964844,0.04260609595203202,0.0005,0.02080304797601601
2026-03-25,2026-03-26,SNPS,LONG,409.2699890136719,405.3299865722656,-0.009626902893372535,0.0005,-0.005313451446686268
2026-03-25,2026-03-26,KR,LONG,71.06379699707031,71.28500366210938,0.003112789836549057,0.0005,0.0010563949182745285
2026-03-26,2026-03-27,ANET,LONG,125.54000091552734,120.93499755859375,-0.03668156223793706,0.0005,-0.01884078111896853
2026-03-26,2026-03-27,META,LONG,554.52001953125,524.3400268554688,-0.05442543391182375,0.0005,-0.027712716955911876
2026-03-26,2026-03-27,GOOGL,LONG,284.2699890136719,274.69000244140625,-0.03370030936260693,0.0005,-0.017350154681303465
2026-03-26,2026-03-27,GOOG,LONG,283.3399963378906,274.3800048828125,-0.03162275559710637,0.0005,-0.016311377798553184
2026-03-26,2026-03-27,COIN,LONG,172.41000366210938,161.38999938964844,-0.06391742960610358,0.0005,-0.03245871480305179
2026-03-26,2026-03-27,FIS,LONG,46.959999084472656,46.939998626708984,-0.0004259041344463199,0.0005,-0.00071295206722316
2026-03-26,2026-03-27,VRT,LONG,256.4599914550781,250.1999969482422,-0.024409243996767582,0.0005,-0.012704621998383792
2026-03-27,2026-03-30,FFIV,LONG,280.7300109863281,279.0400085449219,-0.006020027696606145,0.0005,-0.0035100138483030725
2026-03-27,2026-03-30,DIS,LONG,92.55999755859375,94.1500015258789,0.017178089987293088,0.0005,0.008089044993646544
2026-03-27,2026-03-30,ISRG,LONG,452.75,450.7099914550781,-0.004505816775089766,0.0005,-0.002752908387544883
2026-03-27,2026-03-30,SNPS,LONG,383.3399963378906,381.82501220703125,-0.0039520638214959325,0.0005,-0.0024760319107479663
2026-03-27,2026-03-30,UNH,LONG,256.8399963378906,260.7099914550781,0.01506772766067277,0.0005,0.007033863830336384
2026-03-27,2026-03-30,DDOG,LONG,113.19999694824219,114.06999969482422,0.007685536837777729,0.0005,0.0033427684188888644
2026-03-27,2026-03-30,META,LONG,524.27001953125,537.4000244140625,0.02504435575879782,0.0005,0.01202217787939891
2026-03-27,2026-03-30,GOOGL,LONG,274.67999267578125,273.2301025390625,-0.005278470130258506,0.0005,-0.003139235065129253
2026-03-27,2026-03-30,GOOG,LONG,274.3800048828125,272.5350036621094,-0.006724255367992704,0.0005,-0.003862127683996352
2026-03-27,2026-03-30,EW,LONG,78.6449966430664,79.3499984741211,0.008964357062082096,0.0005,0.003982178531041047
2026-03-30,2026-03-31,TPL,LONG,470.55499267578125,473.4642028808594,0.006182508421672672,0.001,0.005182508421672672
2026-03-30,2026-03-31,SYY,LONG,69.99500274658203,70.91999816894531,0.013215163741220781,0.001,0.01221516374122078
2026-03-30,2026-03-31,EQT,LONG,64.07499694824219,63.189998626708984,-0.013811913596313952,0.001,-0.014811913596313953
2026-03-30,2026-03-31,FIX,LONG,1268.0,1371.135009765625,0.08133675849024047,0.001,0.08033675849024047
2026-03-30,2026-03-31,PWR,LONG,532.7000122070312,549.0349731445312,0.030664465108274586,0.001,0.029664465108274585
2026-03-30,2026-03-31,MSI,LONG,427.3550109863281,433.760009765625,0.014987536391615652,0.001,0.013987536391615651
2026-03-30,2026-03-31,VRT,LONG,234.3000030517578,249.6300048828125,0.06542894422271184,0.001,0.06442894422271184
2026-03-30,2026-03-31,AKAM,LONG,108.75,114.13999938964844,0.0495632127783765,0.001,0.0485632127783765
2026-03-30,2026-03-31,TDY,LONG,583.0599975585938,603.8574829101562,0.03566954591062044,0.001,0.034669545910620436
2026-03-30,2026-03-31,HII,LONG,369.30499267578125,378.0950012207031,0.023801488523711223,0.001,0.022801488523711222
2026-03-31,2026-04-01,CVX,LONG,206.1300048828125,197.3800048828125,-0.04244893898379565,0.0005,-0.021724469491897824
2026-03-31,2026-04-01,EQT,LONG,63.20000076293945,61.099998474121094,-0.03322788391562492,0.0005,-0.017113941957812462
2026-03-31,2026-04-01,PSX,LONG,181.39999389648438,175.63999938964844,-0.031753002759872584,0.0005,-0.016376501379936292
2026-03-31,2026-04-01,TPL,LONG,473.57000732421875,439.2200012207031,-0.07253416722397854,0.0005,-0.03676708361198927
2026-03-31,2026-04-01,EOG,LONG,143.8699951171875,140.42999267578125,-0.023910492515164417,0.0005,-0.012455246257582209
2026-03-31,2026-04-01,MPC,LONG,242.8699951171875,238.16000366210938,-0.01939305616078879,0.0005,-0.010196528080394396
2026-04-02,2026-04-06,CVX,LONG,202.50999450683594,196.58009338378906,-0.029282017104823477,0.001,-0.030282017104823478
2026-04-02,2026-04-06,ARE,LONG,42.75,43.040000915527344,0.006783647146838545,0.001,0.005783647146838545
2026-04-02,2026-04-06,NKE,LONG,43.7599983215332,43.939998626708984,0.004113352652648672,0.001,0.003113352652648672
2026-04-02,2026-04-06,EQT,LONG,62.084999084472656,60.29499816894531,-0.02883145593820291,0.001,-0.02983145593820291
2026-04-02,2026-04-06,PSX,LONG,180.63999938964844,174.07000732421875,-0.03637063821760722,0.001,-0.03737063821760722
2026-04-02,2026-04-06,TPL,LONG,449.1199951171875,440.0,-0.02030636626367044,0.001,-0.02130636626367044
2026-04-02,2026-04-06,COP,LONG,131.3000030517578,129.61399841308594,-0.012840857574140774,0.001,-0.013840857574140775
2026-04-02,2026-04-06,DVN,LONG,50.29999923706055,49.25,-0.02087473663989481,0.001,-0.02187473663989481
2026-04-02,2026-04-06,XOM,LONG,164.49000549316406,160.4949951171875,-0.02428725297928569,0.001,-0.02528725297928569
2026-04-02,2026-04-06,EOG,LONG,144.74000549316406,142.18499755859375,-0.017652396280245952,0.001,-0.018652396280245953
2026-04-06,2026-04-07,CVX,LONG,196.63999938964844,203.11000061035156,0.03290277278674414,0.0005,0.01595138639337207
2026-04-06,2026-04-07,PSX,LONG,173.87010192871094,176.71499633789062,0.016362182903338462,0.0005,0.007681091451669231
2026-04-06,2026-04-07,EXE,LONG,103.16999816894531,103.05000305175781,-0.0011630815093259805,0.0005,-0.0010815407546629903
2026-04-06,2026-04-07,APTV,LONG,60.32500076293945,58.11000061035156,-0.03671778076377041,0.0005,-0.018858890381885207
2026-04-07,2026-04-08,NTAP,LONG,97.1500015258789,99.03500366210938,0.01940300675886597,0.0005,0.009201503379432985
2026-04-07,2026-04-08,PFE,LONG,26.889299392700195,27.125,0.008765591243474091,0.0005,0.0038827956217370456
2026-04-07,2026-04-08,APO,LONG,105.3550033569336,105.93000030517578,0.00545770898316178,0.0005,0.00222885449158089
2026-04-07,2026-04-08,AXON,LONG,382.8500061035156,393.7099914550781,0.02836616214817611,0.0005,0.013683081074088055
2026-04-07,2026-04-08,TSLA,LONG,339.05999755859375,346.9400939941406,0.023241008943218455,0.0005,0.011120504471609227
2026-04-08,2026-04-09,APA,LONG,38.290000915527344,38.165000915527344,-0.0032645598592636604,0.001,-0.0042645598592636605
2026-04-08,2026-04-09,VZ,LONG,47.20500183105469,47.375,0.003601274491074724,0.001,0.002601274491074724
2026-04-08,2026-04-09,LYB,LONG,71.56500244140625,71.91000366210938,0.004820809179536978,0.001,0.003820809179536978
2026-04-08,2026-04-09,DOW,LONG,37.845001220703125,38.46500015258789,0.016382584539212486,0.001,0.015382584539212485
2026-04-08,2026-04-09,COP,LONG,124.16999816894531,123.86000061035156,-0.0024965576481040808,0.001,-0.0034965576481040808
2026-04-08,2026-04-09,OXY,LONG,58.834999084472656,58.595001220703125,-0.004079168309749637,0.001,-0.005079168309749637
2026-04-08,2026-04-09,FANG,LONG,183.9250030517578,186.9949951171875,0.016691542827191208,0.001,0.015691542827191207
2026-04-08,2026-04-09,XOM,LONG,153.7100067138672,154.6999969482422,0.006440636205409023,0.001,0.005440636205409023
2026-04-08,2026-04-09,CF,LONG,121.25,119.69000244140625,-0.012865959246133984,0.001,-0.013865959246133985
2026-04-08,2026-04-09,MPC,LONG,230.19000244140625,222.75999450683594,-0.032277717779952586,0.001,-0.03327771777995259
2026-04-09,2026-04-10,VEEV,LONG,156.89500427246094,150.68499755859375,-0.03958065295108448,0.0005,-0.020290326475542242
2026-04-09,2026-04-10,INTU,LONG,360.6099853515625,346.875,-0.038088200298092456,0.0005,-0.01954410014904623
2026-04-09,2026-04-10,WDAY,LONG,110.77999877929688,110.8499984741211,0.0006318802635454368,0.0005,-0.0001840598682272816
2026-04-09,2026-04-10,MPC,LONG,222.7449951171875,222.15499877929688,-0.002648752388713538,0.0005,-0.001824376194356769
2026-04-09,2026-04-10,AKAM,LONG,107.61499786376953,92.59500122070312,-0.1395715926332156,0.0005,-0.07028579631660781
2026-04-09,2026-04-10,ADSK,LONG,218.02999877929688,215.3000030517578,-0.012521193151510013,0.0005,-0.006760596575755007
2026-04-09,2026-04-10,TPL,LONG,376.3299865722656,404.55499267578125,0.07500068320517861,0.0005,0.037000341602589304
2026-04-09,2026-04-10,PLTR,LONG,130.39999389648438,126.0999984741211,-0.032975426561574483,0.0005,-0.016987713280787242
2026-04-09,2026-04-10,NOW,LONG,90.06999969482422,81.49500274658203,-0.09520369687238872,0.0005,-0.04810184843619436
2026-04-09,2026-04-10,CRM,LONG,168.3699951171875,164.06500244140625,-0.025568645249320898,0.0005,-0.01328432262466045
2026-04-10,2026-04-13,AKAM,LONG,92.60749816894531,95.4000015258789,0.030154182027887,0.001,0.029154182027887
2026-04-10,2026-04-13,NOW,LONG,81.5,88.5250015258789,0.08619633774084545,0.001,0.08519633774084545
2026-04-10,2026-04-13,ADP,LONG,188.52999877929688,194.5,0.031666054523725506,0.001,0.030666054523725506
2026-04-10,2026-04-13,VEEV,LONG,150.7100067138672,156.97000122070312,0.04153668786387188,0.001,0.04053668786387188
2026-04-10,2026-04-13,MRSH,LONG,167.1300048828125,173.08999633789062,0.03566081063216098,0.001,0.03466081063216098
2026-04-10,2026-04-13,AON,LONG,311.68499755859375,324.6400146484375,0.041564455111152254,0.001,0.04056445511115225
2026-04-10,2026-04-13,VRSK,LONG,162.08999633789062,167.39999389648438,0.032759563690313076,0.001,0.031759563690313075
2026-04-10,2026-04-13,PAYX,LONG,85.75,88.95999908447266,0.03743439165565787,0.001,0.03643439165565787
2026-04-10,2026-04-13,INTU,LONG,346.8949890136719,367.92999267578125,0.06063795767681257,0.001,0.05963795767681257
2026-04-10,2026-04-13,VZ,LONG,46.1349983215332,45.16999816894531,-0.02091687845878787,0.001,-0.02191687845878787
2026-04-13,2026-04-14,SRE,LONG,96.00499725341797,96.16999816894531,0.0017186700718485604,0.001,0.0007186700718485603
2026-04-13,2026-04-14,VZ,LONG,45.16999816894531,45.40999984741211,0.005313298388216481,0.001,0.004313298388216481
2026-04-13,2026-04-14,EA,LONG,202.50999450683594,202.83999633789062,0.0016295582440675194,0.001,0.0006295582440675193
2026-04-13,2026-04-14,BG,LONG,122.77999877929688,122.31999969482422,-0.003746531104789508,0.001,-0.004746531104789508
2026-04-13,2026-04-14,T,LONG,25.520000457763672,25.625,0.004114402051446087,0.001,0.0031144020514460866
2026-04-15,2026-04-16,CTVA,LONG,82.91000366210938,80.83000183105469,-0.025087465193362024,0.001,-0.026087465193362025
2026-04-16,2026-04-17,TSN,LONG,63.71500015258789,64.4000015258789,0.010751022077227335,0.001,0.009751022077227334
2026-04-16,2026-04-17,CTVA,LONG,80.83499908447266,79.87999725341797,-0.01181421218371892,0.001,-0.01281421218371892
2026-04-16,2026-04-17,MRK,LONG,116.9800033569336,117.02999877929688,0.0004273843471411798,0.001,-0.0005726156528588202
2026-04-16,2026-04-17,WY,LONG,23.954999923706055,24.899999618530273,0.03944895419887007,0.001,0.03844895419887007
2026-04-16,2026-04-17,AWK,LONG,129.72000122070312,129.47000122070312,-0.0019272278572881607,0.001,-0.0029272278572881607
2026-04-16,2026-04-17,INSM,LONG,142.9600067138672,145.1199951171875,0.015109039604646268,0.001,0.014109039604646267
2026-04-16,2026-04-17,JNJ,LONG,235.02000427246094,235.19000244140625,0.0007233348900301806,0.001,-0.00027666510996981943
2026-04-17,2026-04-20,EXC,LONG,46.11000061035156,47.03499984741211,0.020060707543189338,0.001,0.019060707543189337
2026-04-17,2026-04-20,ALNY,LONG,311.3550109863281,310.989990234375,-0.0011723618990322482,0.001,-0.002172361899032248
2026-04-17,2026-04-20,DOW,LONG,35.24100112915039,36.900001525878906,0.04707585890221022,0.001,0.04607585890221022
2026-04-17,2026-04-20,FE,LONG,49.6150016784668,50.029998779296875,0.008364347209327772,0.001,0.0073643472093277715
2026-04-17,2026-04-20,SRE,LONG,93.13999938964844,94.11000061035156,0.010414443064844292,0.001,0.009414443064844291
2026-04-17,2026-04-20,VLO,LONG,220.64999389648438,226.47500610351562,0.026399330923000175,0.001,0.025399330923000174
2026-04-17,2026-04-20,DUK,LONG,126.34500122070312,128.8699951171875,0.019984913309499586,0.001,0.018984913309499585
2026-04-17,2026-04-20,SO,LONG,93.66999816894531,94.54499816894531,0.009341304762511271,0.001,0.00834130476251127
2026-04-17,2026-04-20,ED,LONG,108.5,110.73999786376953,0.0206451416015625,0.001,0.0196451416015625
2026-04-17,2026-04-20,LIN,LONG,491.510009765625,499.2200012207031,0.01568633659923746,0.001,0.01468633659923746
2026-04-20,2026-04-21,NFLX,LONG,93.86000061035156,92.88500213623047,-0.010387795309832581,0.001,-0.011387795309832582
2026-04-21,2026-04-22,TSCO,LONG,39.79999923706055,38.64500045776367,-0.02902007038787513,0.001,-0.03002007038787513
2026-04-21,2026-04-22,NOC,LONG,617.27001953125,588.8800048828125,-0.0459928617139006,0.001,-0.0469928617139006
2026-04-21,2026-04-22,SATS,LONG,124.16000366210938,121.31999969482422,-0.022873742618548687,0.001,-0.023873742618548688
2026-04-21,2026-04-22,MDT,LONG,82.87999725341797,83.01499938964844,0.0016288868328226958,0.001,0.0006288868328226957
2026-04-21,2026-04-22,CAH,LONG,205.8000030517578,199.8000030517578,-0.029154518518112127,0.001,-0.030154518518112128
2026-04-21,2026-04-22,PRU,LONG,96.38999938964844,94.97000122070312,-0.014731799750356767,0.001,-0.015731799750356767
2026-04-21,2026-04-22,GILD,LONG,132.74000549316406,131.6300048828125,-0.008362216094745634,0.001,-0.009362216094745635
2026-04-21,2026-04-22,LHX,LONG,339.3900146484375,331.4200134277344,-0.023483310871591168,0.001,-0.02448331087159117
2026-04-21,2026-04-22,COO,LONG,67.83999633789062,67.05999755859375,-0.011497624136238671,0.001,-0.012497624136238672
2026-04-21,2026-04-22,HON,LONG,221.63999938964844,220.14999389648438,-0.0067226380493919935,0.001,-0.0077226380493919935
2026-04-22,2026-04-23,FICO,LONG,879.969970703125,974.89501953125,0.1078730547501261,0.001,0.1068730547501261
2026-04-22,2026-04-23,HII,LONG,367.6400146484375,368.67999267578125,0.0028287944345184446,0.001,0.0018287944345184446
2026-04-22,2026-04-23,CAH,LONG,199.74000549316406,205.41990661621094,0.028436472248125844,0.001,0.027436472248125843
2026-04-22,2026-04-23,NOC,LONG,588.8250122070312,590.2000122070312,0.002335158954688721,0.001,0.0013351589546887208
2026-04-22,2026-04-23,DHR,LONG,185.66000366210938,179.5,-0.033178948295833455,0.001,-0.034178948295833456
2026-04-22,2026-04-23,EFX,LONG,177.57000732421875,174.83999633789062,-0.01537427985427453,0.001,-0.01637427985427453
2026-04-22,2026-04-23,LHX,LONG,331.4200134277344,329.8324890136719,-0.004790068039776552,0.001,-0.005790068039776552
2026-04-22,2026-04-23,AIG,LONG,75.62999725341797,76.38500213623047,0.009982875978200356,0.001,0.008982875978200355
2026-04-22,2026-04-23,TEL,LONG,216.7100067138672,219.07000732421875,0.01089013214543244,0.001,0.00989013214543244
2026-04-22,2026-04-23,SATS,LONG,121.28500366210938,121.51000213623047,0.0018551219633708982,0.001,0.0008551219633708982
2026-04-23,2026-04-24,CRL,LONG,167.8000030517578,169.85499572753906,0.012246678417207058,0.001,0.011246678417207057
2026-04-23,2026-04-24,WBD,LONG,27.0049991607666,27.05500030517578,0.0018515514150365675,0.001,0.0008515514150365675
2026-04-23,2026-04-24,FCX,LONG,61.849998474121094,61.04999923706055,-0.012934506981358784,0.001,-0.013934506981358785
2026-04-23,2026-04-24,TECH,LONG,51.900001525878906,54.189998626708984,0.04412325690757868,0.001,0.04312325690757868
2026-04-23,2026-04-24,TMO,LONG,464.5150146484375,469.6099853515625,0.01096836602145368,0.001,0.009968366021453678
2026-04-23,2026-04-24,LULU,LONG,143.25869750976562,143.75999450683594,0.003499243018289633,0.001,0.0024992430182896328
2026-04-23,2026-04-24,IQV,LONG,159.80999755859375,162.27000427246094,0.015393321766150603,0.001,0.014393321766150602
2026-04-23,2026-04-24,WAT,LONG,310.04998779296875,309.760009765625,-0.0009352621795211125,0.001,-0.0019352621795211125
2026-04-23,2026-04-24,A,LONG,113.83999633789062,115.54000091552734,0.014933280326107079,0.001,0.013933280326107078
2026-04-23,2026-04-24,LVS,LONG,52.165000915527344,52.810001373291016,0.012364620846228691,0.001,0.01136462084622869
2026-04-27,2026-04-28,CHTR,LONG,178.91000366210938,173.27000427246094,-0.031524226003036615,0.001,-0.032524226003036616
2026-04-27,2026-04-28,EBAY,LONG,98.29000091552734,100.72000122070312,0.02472276205658175,0.001,0.023722762056581748
2026-04-27,2026-04-28,HIG,LONG,133.8000030517578,138.47000122070312,0.03490282557870206,0.001,0.033902825578702056
2026-04-27,2026-04-28,HCA,LONG,438.510009765625,435.4150085449219,-0.007057994462560502,0.001,-0.008057994462560503
2026-04-27,2026-04-28,PNC,LONG,219.57000732421875,221.27499389648438,0.007765115978467962,0.001,0.006765115978467962
2026-04-27,2026-04-28,KEY,LONG,21.690000534057617,21.989999771118164,0.013831223129270542,0.001,0.012831223129270541
2026-04-27,2026-04-28,RF,LONG,27.809999465942383,28.3799991607666,0.020496213799725993,0.001,0.019496213799725992
2026-04-27,2026-04-28,FOX,LONG,56.029998779296875,56.900001525878906,0.015527445395974171,0.001,0.01452744539597417
2026-04-27,2026-04-28,ERIE,LONG,236.75,232.17999267578125,-0.019303093238516422,0.001,-0.020303093238516423
2026-04-27,2026-04-28,FOXA,LONG,62.939998626708984,63.560001373291016,0.009850695267078269,0.001,0.008850695267078268
2026-04-28,2026-04-29,PNR,LONG,84.76000213623047,81.62000274658203,-0.0370457681749663,0.0005,-0.01902288408748315
2026-04-28,2026-04-29,ALLE,LONG,136.9949951171875,138.38999938964844,0.010182884938735315,0.0005,0.004591442469367657
2026-04-28,2026-04-29,KEYS,LONG,325.6499938964844,334.80999755859375,0.02812837044001637,0.0005,0.013564185220008185
2026-04-28,2026-04-29,UHS,LONG,166.5850067138672,168.7550048828125,0.013026371410919335,0.0005,0.006013185705459667
2026-04-28,2026-04-29,MPWR,LONG,1506.68505859375,1522.7900390625,0.010689015847665795,0.0005,0.004844507923832897
2026-04-28,2026-04-29,UPS,LONG,103.0,105.8550033569336,0.0277184791935301,0.0005,0.013359239596765049
2026-04-28,2026-04-29,WDC,LONG,386.3299865722656,432.3399963378906,0.11909510357674113,0.0005,0.05904755178837057
2026-04-28,2026-04-29,BRO,LONG,63.4900016784668,61.97999954223633,-0.023783305974342084,0.0005,-0.012391652987171042
2026-04-28,2026-04-29,ZBH,LONG,85.26000213623047,80.69000244140625,-0.05360074572273832,0.0005,-0.02730037286136916
2026-04-28,2026-04-29,ANET,LONG,165.01499938964844,164.1649932861328,-0.005151083881220431,0.0005,-0.0030755419406102154
2026-04-29,2026-04-30,TER,LONG,318.6600036621094,352.5450134277344,0.10633593603279734,0.0005,0.05266796801639867
2026-04-29,2026-04-30,REGN,LONG,692.02001953125,707.2000122070312,0.021935770999896187,0.0005,0.010467885499948093
2026-04-29,2026-04-30,GEHC,LONG,59.345001220703125,59.939998626708984,0.01002607454321347,0.0005,0.004513037271606735
2026-04-29,2026-04-30,STE,LONG,212.1999969482422,217.19000244140625,0.02351557759155476,0.0005,0.01125778879577738
2026-04-29,2026-04-30,BAX,LONG,17.0049991607666,17.915000915527344,0.05351377828116988,0.0005,0.026256889140584938
2026-04-29,2026-04-30,HLT,LONG,311.9849853515625,323.8999938964844,0.038190967848966695,0.0005,0.018595483924483347
2026-04-29,2026-04-30,PNR,LONG,81.6050033569336,81.05000305175781,-0.0068010573168934,0.0005,-0.0039005286584467
2026-04-29,2026-04-30,ACGL,LONG,93.63999938964844,94.36499786376953,0.007742401525487885,0.0005,0.0033712007627439426
2026-04-29,2026-04-30,DXCM,LONG,57.59000015258789,58.79999923706055,0.02101057616368629,0.0005,0.010005288081843144
2026-04-29,2026-04-30,IR,LONG,77.18000030517578,79.45999908447266,0.029541316018159902,0.0005,0.01427065800907995
2026-04-30,2026-05-01,WTW,LONG,253.2899932861328,259.7900085449219,0.02566234526069966,0.0005,0.01233117263034983
2026-04-30,2026-05-01,BLDR,LONG,78.62999725341797,77.11000061035156,-0.019331002113195828,0.0005,-0.010165501056597914
2026-04-30,2026-05-01,FTV,LONG,59.505001068115234,58.79999923706055,-0.011847774445843173,0.0005,-0.006423887222921587
2026-04-30,2026-05-01,AOS,LONG,59.935001373291016,60.43000030517578,0.00825892918232829,0.0005,0.0036294645911641448
2026-04-30,2026-05-01,NVDA,LONG,200.14500427246094,199.85000610351562,-0.001473922219630941,0.0005,-0.0012369611098154705
2026-04-30,2026-05-01,AFL,LONG,112.95999908447266,113.27999877929688,0.002832858511134795,0.0005,0.0009164292555673974
2026-04-30,2026-05-01,HUBB,LONG,514.6950073242188,510.3800048828125,-0.008383610448912227,0.0005,-0.004691805224456114
2026-04-30,2026-05-01,META,LONG,608.8099975585938,615.614990234375,0.01117753109027464,0.0005,0.005088765545137319
2026-04-30,2026-05-01,PH,LONG,894.60498046875,875.1300048828125,-0.021769357438333414,0.0005,-0.011384678719166708
2026-04-30,2026-05-01,REG,LONG,77.52999877929688,78.27999877929688,0.00967367485887638,0.0005,0.0043368374294381895
2026-05-01,2026-05-04,AES,LONG,14.279999732971191,14.274999618530273,-0.0003501480766399112,0.0005,-0.0006750740383199556
2026-05-01,2026-05-04,AMGN,LONG,327.260009765625,322.7099914550781,-0.013903373998569113,0.0005,-0.007451686999284557
2026-05-01,2026-05-04,CLX,LONG,87.49500274658203,86.20999908447266,-0.0146865949113828,0.0005,-0.0078432974556914
2026-05-01,2026-05-04,FTV,LONG,58.79999923706055,60.11000061035156,0.02227893520898805,0.0005,0.010639467604494024
2026-05-01,2026-05-04,BLDR,LONG,77.08999633789062,73.66000366210938,-0.0444933563201555,0.0005,-0.02274667816007775
2026-05-01,2026-05-04,ITW,LONG,253.6999969482422,250.6649932861328,-0.011962962942914657,0.0005,-0.006481481471457329
2026-05-01,2026-05-04,PH,LONG,874.875,863.280029296875,-0.013253288416202325,0.0005,-0.007126644208101163
2026-05-01,2026-05-04,RMD,LONG,203.48500061035156,205.88499450683594,0.01179445113539379,0.0005,0.005397225567696895
2026-05-01,2026-05-04,NVDA,LONG,199.85000610351562,198.22999572753906,-0.008106131230926517,0.0005,-0.004553065615463259
2026-05-01,2026-05-04,CVNA,LONG,76.21800231933594,75.63999938964844,-0.0075835486643405225,0.0005,-0.004291774332170262
2026-05-04,2026-05-05,L,LONG,104.19999694824219,106.9000015258789,0.025911752943504007,0.001,0.024911752943504006
2026-05-04,2026-05-05,UPS,LONG,97.01499938964844,98.17340087890625,0.011940437010211635,0.001,0.010940437010211634
2026-05-04,2026-05-05,AIZ,LONG,227.74000549316406,237.86000061035156,0.04443661575959368,0.001,0.04343661575959368
2026-05-04,2026-05-05,CHRW,LONG,161.43499755859375,166.64500427246094,0.032273093149929766,0.001,0.031273093149929765
2026-05-04,2026-05-05,FDX,LONG,289.2022705078125,292.6672058105469,0.011981010026824057,0.001,0.010981010026824056
2026-05-04,2026-05-05,AZO,LONG,3468.3349609375,3545.39990234375,0.022219578637646675,0.001,0.021219578637646674
2026-05-04,2026-05-05,EXPD,LONG,139.52499389648438,150.83999633789062,0.08109659871980357,0.001,0.08009659871980357
2026-05-04,2026-05-05,MNST,LONG,74.69999694824219,76.41999816894531,0.023025452355705855,0.001,0.022025452355705855
2026-05-04,2026-05-05,ODFL,LONG,191.03500366210938,196.63499450683594,0.029313951565816065,0.001,0.028313951565816065
2026-05-04,2026-05-05,DRI,LONG,190.85000610351562,196.3000030517578,0.028556441047668413,0.001,0.027556441047668412
2026-05-05,2026-05-06,HII,LONG,314.69000244140625,319.4200134277344,0.015030699893965771,0.001,0.01403069989396577
2026-05-05,2026-05-06,SHOP,LONG,108.54499816894531,105.27999877929688,-0.03007968533535388,0.001,-0.03107968533535388
2026-05-05,2026-05-06,NWS,LONG,29.350000381469727,30.229999542236328,0.02998293524119311,0.001,0.02898293524119311
2026-05-05,2026-05-06,NWSA,LONG,25.434999465942383,26.190000534057617,0.029683549595752368,0.001,0.028683549595752367
2026-05-05,2026-05-06,PYPL,LONG,46.209999084472656,46.25,0.0008656333330416821,0.001,-0.00013436666695831791
2026-05-05,2026-05-06,TT,LONG,472.8599853515625,488.04998779296875,0.03212367912694658,0.001,0.03112367912694658
2026-05-05,2026-05-06,ETN,LONG,407.3699951171875,421.2650146484375,0.03410908927461098,0.001,0.03310908927461098
2026-05-05,2026-05-06,AXON,LONG,380.8399963378906,386.1099853515625,0.013837803445928554,0.001,0.012837803445928553
2026-05-05,2026-05-06,FISV,LONG,57.29999923706055,56.06999969482422,-0.0214659608833081,0.001,-0.0224659608833081
2026-05-05,2026-05-06,UNH,LONG,362.3599853515625,367.1000061035156,0.013080971805853103,0.001,0.012080971805853102
2026-05-07,2026-05-08,COR,LONG,253.75999450683594,264.05999755859375,0.04058954632220546,0.0005,0.01979477316110273
2026-05-07,2026-05-08,CDW,LONG,109.51000213623047,107.18499755859375,-0.02123097920082595,0.0005,-0.011115489600412976
2026-05-07,2026-05-08,JKHY,LONG,142.38999938964844,145.52000427246094,0.021981915136099373,0.0005,0.010490957568049686
2026-05-07,2026-05-08,MCK,LONG,739.9000244140625,764.3699951171875,0.03307199607474409,0.0005,0.016035998037372046
2026-05-07,2026-05-08,TRMB,LONG,64.69999694824219,60.720001220703125,-0.061514620019579414,0.0005,-0.03125731000978971
2026-05-07,2026-05-08,EA,LONG,200.74000549316406,200.55999755859375,-0.0008967217776451042,0.0005,-0.0009483608888225521
2026-05-07,2026-05-08,VRSK,LONG,170.58999633789062,171.11000061035156,0.0030482694391467113,0.0005,0.0010241347195733557
2026-05-07,2026-05-08,ANET,LONG,149.22000122070312,140.27999877929688,-0.05991155587905128,0.0005,-0.03045577793952564
2026-05-08,2026-05-11,MSI,LONG,385.8349914550781,393.2550048828125,0.019231053668179898,0.0005,0.009115526834089949
2026-05-08,2026-05-11,TTD,LONG,22.1200008392334,21.364999771118164,-0.034132054225609165,0.0005,-0.017566027112804583
2026-05-08,2026-05-11,MELI,LONG,1666.0799560546875,1578.324951171875,-0.05267154470222313,0.0005,-0.026835772351111564
2026-05-08,2026-05-11,MTD,LONG,1138.9200439453125,1100.989990234375,-0.033303526364804936,0.0005,-0.01715176318240247
2026-05-08,2026-05-11,ZTS,LONG,84.41999816894531,78.52999877929688,-0.06977019091923087,0.0005,-0.035385095459615434
2026-05-08,2026-05-11,INSM,LONG,105.90499877929688,106.05500030517578,0.001416378146526398,0.0005,0.000208189073263199
2026-05-08,2026-05-11,TRMB,LONG,60.71500015258789,58.45000076293945,-0.037305433318884584,0.0005,-0.019152716659442293
2026-05-08,2026-05-11,VST,LONG,149.08740234375,147.8699951171875,-0.008165728340718714,0.0005,-0.0045828641703593576
2026-05-08,2026-05-11,WYNN,LONG,100.69499969482422,98.75990295410156,-0.019217406490762645,0.0005,-0.010108703245381323
2026-05-08,2026-05-11,TPL,LONG,401.4700012207031,401.0199890136719,-0.0011209111656237392,0.0005,-0.0010604555828118696
2026-05-11,2026-05-12,ROST,LONG,216.35000610351562,215.75,-0.002773312163571351,0.001,-0.003773312163571351
2026-05-11,2026-05-12,TJX,LONG,149.52999877929688,150.27999877929688,0.005015715950797084,0.001,0.004015715950797084
2026-05-11,2026-05-12,PEP,LONG,150.1649932861328,152.02000427246094,0.012353151994576317,0.001,0.011353151994576316
2026-05-11,2026-05-12,EW,LONG,76.69000244140625,79.58999633789062,0.03781449738119469,0.001,0.03681449738119469
2026-05-11,2026-05-12,ROP,LONG,330.6650085449219,328.6300048828125,-0.006154275806394938,0.001,-0.007154275806394938
2026-05-11,2026-05-12,FIS,LONG,41.939998626708984,42.30500030517578,0.008702949223139633,0.001,0.007702949223139633
2026-05-11,2026-05-12,WFC,LONG,73.68499755859375,74.1050033569336,0.005700017808996538,0.001,0.004700017808996538
2026-05-11,2026-05-12,TTD,LONG,21.364999771118164,21.350000381469727,-0.000702054285472764,0.001,-0.001702054285472764
2026-05-11,2026-05-12,MELI,LONG,1578.5,1562.4100341796875,-0.01019319975946309,0.001,-0.01119319975946309
2026-05-11,2026-05-12,RF,LONG,26.780000686645508,26.94499969482422,0.0061612772198691435,0.001,0.005161277219869143
2026-05-12,2026-05-13,TROW,LONG,101.68000030517578,102.94999694824219,0.012490132172056745,0.0005,0.005745066086028372
2026-05-12,2026-05-13,AMZN,LONG,263.29998779296875,269.5249938964844,0.023642257471011785,0.0005,0.011321128735505892
2026-05-12,2026-05-13,WYNN,LONG,97.30999755859375,95.23999786376953,-0.02127222019071373,0.0005,-0.011136110095356866
2026-05-12,2026-05-13,CEG,LONG,289.5899963378906,277.3399963378906,-0.042301184968098204,0.0005,-0.021650592484049103
2026-05-12,2026-05-13,MLM,LONG,579.2424926757812,574.8699951171875,-0.007548647783754969,0.0005,-0.004274323891877485
2026-05-12,2026-05-13,MCHP,LONG,94.77999877929688,97.83999633789062,0.032285266912898125,0.0005,0.015642633456449062
2026-05-12,2026-05-13,DG,LONG,103.63999938964844,101.8949966430664,-0.016837155122140235,0.0005,-0.008918577561070118
2026-05-12,2026-05-13,ROP,LONG,328.6099853515625,312.9200134277344,-0.047746485570249075,0.0005,-0.024373242785124538
2026-05-12,2026-05-13,CFG,LONG,61.66999816894531,61.029998779296875,-0.01037780782634623,0.0005,-0.005688903913173116
2026-05-12,2026-05-13,RL,LONG,333.0849914550781,332.4024963378906,-0.0020490119179673583,0.0005,-0.0015245059589836791
2026-05-13,2026-05-14,PAYX,LONG,87.93000030517578,89.37000274658203,0.016376690963362694,0.0005,0.007688345481681347
2026-05-13,2026-05-14,ACN,LONG,156.11000061035156,163.38999938964844,0.046633775868514915,0.0005,0.022816887934257457
2026-05-13,2026-05-14,SBAC,LONG,207.50999450683594,203.00999450683594,-0.021685702467944323,0.0005,-0.011342851233972162
2026-05-13,2026-05-14,TRI,LONG,81.97000122070312,79.48999786376953,-0.030255011833612344,0.0005,-0.015627505916806173
2026-05-13,2026-05-14,BR,LONG,140.0500030517578,143.7899932861328,0.02670467799270826,0.0005,0.012852338996354129
2026-05-13,2026-05-14,FDS,LONG,199.61000061035156,201.4550018310547,0.009243029983776463,0.0005,0.004121514991888231
2026-05-13,2026-05-14,INTU,LONG,370.1300048828125,380.5849914550781,0.028246795543030334,0.0005,0.013623397771515167
2026-05-13,2026-05-14,CRM,LONG,165.25,168.13999938964844,0.017488649861715277,0.0005,0.008244324930857638
2026-05-13,2026-05-14,CTSH,LONG,45.65999984741211,46.029998779296875,0.008103349389427139,0.0005,0.0035516746947135695
2026-05-13,2026-05-14,J,LONG,108.0199966430664,110.95999908447266,0.02721720545058881,0.0005,0.013108602725294405
2026-05-14,2026-05-15,SBAC,LONG,202.85000610351562,201.0800018310547,-0.008725680153826021,0.001,-0.009725680153826022
2026-05-14,2026-05-15,JKHY,LONG,133.2550048828125,137.41000366210938,0.031180808427802686,0.001,0.030180808427802686
2026-05-14,2026-05-15,CBRE,LONG,134.39500427246094,130.47000122070312,-0.02920497732044114,0.001,-0.03020497732044114
2026-05-14,2026-05-15,OMC,LONG,72.5,71.5199966430664,-0.013517287681842682,0.001,-0.014517287681842683
2026-05-14,2026-05-15,INTC,LONG,116.41000366210938,108.5999984741211,-0.06709049860231542,0.001,-0.06809049860231542
2026-05-14,2026-05-15,TRI,LONG,79.4000015258789,82.23999786376953,0.03576821515507134,0.001,0.034768215155071336
2026-05-14,2026-05-15,WST,LONG,297.4649963378906,303.3699951171875,0.01985107105707784,0.001,0.01885107105707784
2026-05-14,2026-05-15,AMT,LONG,172.0749969482422,171.85000610351562,-0.0013075161918744138,0.001,-0.002307516191874414
2026-05-14,2026-05-15,MAA,LONG,127.45999908447266,125.55999755859375,-0.014906649454937693,0.001,-0.015906649454937694
2026-05-15,2026-05-18,GPC,LONG,93.5198974609375,93.19000244140625,-0.0035275382938593225,0.001,-0.0045275382938593225
2026-05-15,2026-05-18,INTC,LONG,108.56999969482422,108.12000274658203,-0.004144763281818786,0.001,-0.005144763281818786
2026-05-15,2026-05-18,AVB,LONG,181.03990173339844,185.2899932861328,0.02347599348011742,0.001,0.022475993480117418
2026-05-15,2026-05-18,MAA,LONG,125.55999755859375,128.25999450683594,0.021503639700074073,0.001,0.020503639700074072
2026-05-15,2026-05-18,CRH,LONG,103.52999877929688,103.4000015258789,-0.0012556481691369248,0.001,-0.002255648169136925
2026-05-15,2026-05-18,PKG,LONG,212.7449951171875,210.6999969482422,-0.009612438439827287,0.001,-0.010612438439827288
2026-05-15,2026-05-18,EQR,LONG,64.15350341796875,65.44000244140625,0.02005344922561414,0.001,0.01905344922561414
2026-05-15,2026-05-18,EXR,LONG,137.24000549316406,139.27000427246094,0.01479159645908057,0.001,0.013791596459080568
2026-05-15,2026-05-18,INVH,LONG,27.889999389648438,28.7549991607666,0.031014693081679034,0.001,0.030014693081679034
2026-05-15,2026-05-18,JBL,LONG,341.55499267578125,338.79998779296875,-0.008066065324442984,0.001,-0.009066065324442985
2026-05-19,2026-05-20,FIX,LONG,1783.1099853515625,1868.5,0.04788824881803455,0.001,0.04688824881803455
2026-05-19,2026-05-20,MPWR,LONG,1435.52001953125,1526.7900390625,0.06357976084586614,0.001,0.06257976084586614
2026-05-19,2026-05-20,KEYS,LONG,339.6000061035156,347.57000732421875,0.023468789980745086,0.001,0.022468789980745085
2026-05-19,2026-05-20,STX,LONG,719.9500122070312,747.8699951171875,0.038780446470952246,0.001,0.037780446470952245
2026-05-19,2026-05-20,GNRC,LONG,247.6699981689453,242.75,-0.01986513588775174,0.001,-0.02086513588775174
2026-05-19,2026-05-20,EME,LONG,859.6500244140625,862.655029296875,0.0034956142586755057,0.001,0.0024956142586755057
2026-05-19,2026-05-20,REGN,LONG,630.3800048828125,639.4000244140625,0.014308860467309392,0.001,0.013308860467309391
2026-05-19,2026-05-20,WDC,LONG,448.6499938964844,461.489990234375,0.028619183132883697,0.001,0.027619183132883696
2026-05-19,2026-05-20,PWR,LONG,706.3599853515625,722.75,0.023203486874019408,0.001,0.022203486874019407
2026-05-19,2026-05-20,MSTR,LONG,163.97999572753906,166.50999450683594,0.015428703776164232,0.001,0.014428703776164231
2026-05-20,2026-05-21,HAS,LONG,89.5250015258789,89.7300033569336,0.0022898835806826057,0.0005,0.0006449417903413028
2026-05-20,2026-05-21,ADI,LONG,396.9849853515625,383.2300109863281,-0.034648601012084224,0.0005,-0.017824300506042112
2026-05-20,2026-05-21,ADM,LONG,77.58999633789062,77.8499984741211,0.0033509749774727204,0.0005,0.0011754874887363602
2026-05-20,2026-05-21,BLK,LONG,1043.7099609375,1048.31005859375,0.004407448264763136,0.0005,0.0017037241323815682
2026-05-20,2026-05-21,RCL,LONG,238.72500610351562,252.57000732421875,0.057995605264325345,0.0005,0.028497802632162672
2026-05-20,2026-05-21,BEN,LONG,31.239999771118164,30.809999465942383,-0.01376441447907184,0.0005,-0.007382207239535921
2026-05-20,2026-05-21,GOOGL,LONG,384.8299865722656,389.1400146484375,0.01119982388732721,0.0005,0.005099911943663604
2026-05-20,2026-05-21,LVS,LONG,49.0099983215332,49.11000061035156,0.0020404466893120254,0.0005,0.0005202233446560127
2026-05-20,2026-05-21,GOOG,LONG,382.0899963378906,385.44500732421875,0.00878068261007603,0.0005,0.0038903413050380147
2026-05-20,2026-05-21,APO,LONG,130.41000366210938,131.66000366210938,0.00958515424352524,0.0005,0.00429257712176262
2026-05-21,2026-05-22,INTU,LONG,307.79998779296875,308.5400085449219,0.002404226060109149,0.0005,0.0007021130300545746
2026-05-21,2026-05-22,WMT,LONG,120.94999694824219,120.4000015258789,-0.004547295876316859,0.0005,-0.0027736479381584296
2026-05-21,2026-05-22,DE,LONG,517.9199829101562,527.6599731445312,0.01880597496865577,0.0005,0.008902987484327884
2026-05-21,2026-05-22,AMP,LONG,448.125,453.1000061035156,0.011101826730299802,0.0005,0.0050509133651499005
2026-05-21,2026-05-22,CBOE,LONG,356.1000061035156,360.1600036621094,0.011401284720600424,0.0005,0.005200642360300212
2026-05-21,2026-05-22,ADI,LONG,383.1199951171875,396.6300048828125,0.0352631288834,0.0005,0.017131564441699998
2026-05-21,2026-05-22,CMI,LONG,635.0349731445312,650.2750244140625,0.023998758988133195,0.0005,0.011499379494066597
2026-05-21,2026-05-22,CAG,LONG,13.1899995803833,13.620100021362305,0.03260807086140227,0.0005,0.015804035430701135
2026-05-21,2026-05-22,BEN,LONG,30.81999969482422,30.985000610351562,0.005353696208992842,0.0005,0.002176848104496421
2026-05-21,2026-05-22,IBKR,LONG,82.95999908447266,82.91500091552734,-0.0005424080212379501,0.0005,-0.000771204010618975
2026-05-22,2026-05-26,WMT,LONG,120.4000015258789,118.08999633789062,-0.019186089358078307,0.0005,-0.010093044679039154
2026-05-22,2026-05-26,SBUX,LONG,102.70999908447266,101.09989929199219,-0.015676173759443413,0.0005,-0.008338086879721707
2026-05-22,2026-05-26,INTU,LONG,308.5350036621094,305.43499755859375,-0.010047502120409613,0.0005,-0.005523751060204807
2026-05-22,2026-05-26,TTWO,LONG,227.3300018310547,222.375,-0.02179651515921377,0.0005,-0.011398257579606885
2026-05-22,2026-05-26,APO,LONG,129.33999633789062,129.8699951171875,0.00409771759937505,0.0005,0.0015488587996875251
2026-05-22,2026-05-26,DE,LONG,527.5800170898438,526.8699951171875,-0.0013458090709590476,0.0005,-0.0011729045354795238
2026-05-22,2026-05-26,UBER,LONG,71.9000015258789,70.44999694824219,-0.02016696170882304,0.0005,-0.01058348085441152
2026-05-26,2026-05-27,AZO,LONG,3074.919921875,3027.425048828125,-0.015445889406418778,0.001,-0.01644588940641878
2026-05-26,2026-05-27,KO,LONG,80.27999877929688,81.98999786376953,0.021300437350201484,0.001,0.020300437350201483
2026-05-26,2026-05-27,SBUX,LONG,101.05999755859375,101.26499938964844,0.0020285160895221477,0.001,0.0010285160895221477
2026-05-26,2026-05-27,ELV,LONG,386.4049987792969,387.6300048828125,0.0031702646378426458,0.001,0.0021702646378426458
2026-05-26,2026-05-27,UBER,LONG,70.44000244140625,70.55999755859375,0.0017035081349878745,0.001,0.0007035081349878744
2026-05-26,2026-05-27,TTWO,LONG,222.3000030517578,222.0800018310547,-0.0009896590988885956,0.001,-0.0019896590988885956
2026-05-26,2026-05-27,IQV,LONG,163.0,165.32000732421875,0.014233173768213092,0.001,0.013233173768213091
2026-05-26,2026-05-27,WMT,LONG,118.08650207519531,118.63040161132812,0.004605941632401578,0.001,0.003605941632401578
2026-05-26,2026-05-27,UHS,LONG,156.5800018310547,154.97999572753906,-0.010218457560384864,0.001,-0.011218457560384865
2026-05-26,2026-05-27,PM,LONG,181.90499877929688,181.41000366210938,-0.002721173802310295,0.001,-0.003721173802310295
2026-05-27,2026-05-28,ZS,LONG,126.41999816894531,131.60009765625,0.040975316898692826,0.001,0.039975316898692825
2026-05-27,2026-05-28,PDD,LONG,85.45500183105469,82.3499984741211,-0.03633495161666733,0.001,-0.03733495161666733
2026-05-27,2026-05-28,EG,LONG,344.93499755859375,334.3599853515625,-0.03065798565492006,0.001,-0.03165798565492006
2026-05-27,2026-05-28,RJF,LONG,144.26499938964844,142.63499450683594,-0.011298685680578568,0.001,-0.01229868568057857
2026-05-27,2026-05-28,FFIV,LONG,389.0899963378906,382.17498779296875,-0.017772259914173638,0.001,-0.01877225991417364
2026-05-27,2026-05-28,PRU,LONG,101.68000030517578,100.7699966430664,-0.008949681937235887,0.001,-0.009949681937235888
2026-05-27,2026-05-28,ACGL,LONG,90.86000061035156,90.99500274658203,0.0014858258345100683,0.001,0.0004858258345100683
2026-05-27,2026-05-28,EBAY,LONG,112.33000183105469,111.52999877929688,-0.0071219001043106855,0.001,-0.008121900104310686
2026-05-27,2026-05-28,VRSN,LONG,298.2449951171875,295.9599914550781,-0.007661498766178942,0.001,-0.008661498766178943
2026-05-27,2026-05-28,SCHW,LONG,85.86499786376953,85.12999725341797,-0.00855995607800153,0.001,-0.00955995607800153
2026-05-28,2026-05-29,FFIV,LONG,381.9150085449219,383.6499938964844,0.004542857213631679,0.0005,0.0017714286068158396
2026-05-28,2026-05-29,EG,LONG,334.3599853515625,324.0,-0.03098452507906857,0.0005,-0.015992262539534285
2026-05-28,2026-05-29,VLTO,LONG,82.30000305175781,82.23999786376953,-0.0007291031076942511,0.0005,-0.0008645515538471256
2026-05-28,2026-05-29,WELL,LONG,209.7100067138672,205.52499389648438,-0.0199561903743245,0.0005,-0.01047809518716225
2026-05-28,2026-05-29,SNPS,LONG,474.2300109863281,475.6000061035156,0.0028888832116258367,0.0005,0.0009444416058129184
2026-05-28,2026-05-29,TSN,LONG,62.47999954223633,61.040000915527344,-0.02304735334921937,0.0005,-0.012023676674609685
2026-05-28,2026-05-29,PDD,LONG,82.34500122070312,84.47000122070312,0.025806059487503363,0.0005,0.012403029743751681
2026-05-28,2026-05-29,WMB,LONG,73.25,71.38999938964844,-0.02539249980002134,0.0005,-0.01319624990001067
2026-05-28,2026-05-29,PRU,LONG,100.83000183105469,100.6449966430664,-0.0018348228169058345,0.0005,-0.0014174114084529173
2026-05-28,2026-05-29,VRSN,LONG,295.9200134277344,285.30999755859375,-0.035854336941396725,0.0005,-0.018427168470698363
2026-06-01,2026-06-02,UDR,LONG,37.0,36.63999938964844,-0.009729746225717872,0.001,-0.010729746225717873
2026-06-01,2026-06-02,EG,LONG,322.0,323.67999267578125,0.005217368558326774,0.001,0.004217368558326774
2026-06-01,2026-06-02,KO,LONG,78.57499694824219,78.69999694824219,0.001590836841932619,0.001,0.0005908368419326191
2026-06-01,2026-06-02,EXPD,LONG,156.8000030517578,159.8699951171875,0.019579030648464446,0.001,0.018579030648464445
2026-06-01,2026-06-02,WELL,LONG,205.02999877929688,196.09500122070312,-0.04357897679261935,0.001,-0.04457897679261935
2026-06-01,2026-06-02,MO,LONG,69.66999816894531,68.94499969482422,-0.010406179032228735,0.001,-0.011406179032228736
2026-06-01,2026-06-02,VRSN,LONG,286.1099853515625,299.1050109863281,0.0454196857855127,0.001,0.0444196857855127
2026-06-01,2026-06-02,TRGP,LONG,257.3599853515625,261.6499938964844,0.01666929122280436,0.001,0.01566929122280436
2026-06-01,2026-06-02,ATO,LONG,168.10000610351562,167.3000030517578,-0.004759089962585561,0.001,-0.005759089962585561
2026-06-01,2026-06-02,CINF,LONG,156.36000061035156,156.76060485839844,0.0025620634847987045,0.001,0.0015620634847987045
2026-06-02,2026-06-03,ICE,LONG,137.1300048828125,139.4499969482422,0.016918194288786603,0.0005,0.007959097144393301
2026-06-02,2026-06-03,CMG,LONG,29.264999389648438,28.65999984741211,-0.020673143852869114,0.0005,-0.010836571926434557
2026-06-02,2026-06-03,CPRT,LONG,30.959999084472656,30.385000228881836,-0.01857231500627532,0.0005,-0.00978615750313766
2026-06-02,2026-06-03,NDAQ,LONG,87.55000305175781,87.31999969482422,-0.002627108497045061,0.0005,-0.0018135542485225305
2026-06-02,2026-06-03,CBOE,LONG,277.0450134277344,281.3500061035156,0.015538964670462008,0.0005,0.007269482335231003
2026-06-02,2026-06-03,HSY,LONG,183.35000610351562,187.60000610351562,0.023179710163742984,0.0005,0.011089855081871491
2026-06-02,2026-06-03,CME,LONG,246.94000244140625,251.97999572753906,0.02040978875963484,0.0005,0.00970489437981742
2026-06-02,2026-06-03,WELL,LONG,196.11000061035156,199.88499450683594,0.019249369663635107,0.0005,0.009124684831817553
2026-06-02,2026-06-03,VTR,LONG,80.12999725341797,80.4800033569336,0.004367978478879708,0.0005,0.0016839892394398541
2026-06-02,2026-06-03,V,LONG,316.80999755859375,309.79998779296875,-0.022126857800087274,0.0005,-0.011563428900043637
2026-06-03,2026-06-04,CPAY,LONG,340.4750061035156,358.75,0.05367499396101971,0.001,0.05267499396101971
2026-06-03,2026-06-04,MA,LONG,466.17498779296875,481.3900146484375,0.03263801631121788,0.001,0.031638016311217876
2026-06-03,2026-06-04,CL,LONG,85.33999633789062,85.33000183105469,-0.00011711398247971072,0.001,-0.0011171139824797107
2026-06-03,2026-06-04,V,LONG,309.8175048828125,320.9700012207031,0.035996985845293095,0.001,0.034996985845293094
2026-06-03,2026-06-04,NFLX,LONG,81.56500244140625,81.82499694824219,0.0031875743156228875,0.001,0.0021875743156228875
2026-06-03,2026-06-04,FICO,LONG,1156.97998046875,1183.9000244140625,0.02326751058769916,0.001,0.022267510587699157
2026-06-03,2026-06-04,CMG,LONG,28.665000915527344,28.405000686645508,-0.009070302479599723,0.001,-0.010070302479599724
2026-06-03,2026-06-04,GPN,LONG,64.68000030517578,68.94999694824219,0.06601726380518769,0.001,0.06501726380518769
2026-06-03,2026-06-04,TMUS,LONG,181.7449951171875,176.9600067138672,-0.026328033958981867,0.001,-0.027328033958981868
2026-06-03,2026-06-04,CPRT,LONG,30.389999389648438,31.020000457763672,0.0207305390183663,0.001,0.0197305390183663
2026-06-04,2026-06-05,TMUS,LONG,177.02000427246094,178.17999267578125,0.006552866203386243,0.001,0.005552866203386243
2026-06-04,2026-06-05,CRWD,LONG,702.1199951171875,691.8300170898438,-0.01465558323207461,0.001,-0.01565558323207461
2026-06-04,2026-06-05,VZ,LONG,45.689998626708984,45.44499969482422,-0.005362200465060751,0.001,-0.006362200465060751
2026-06-04,2026-06-05,T,LONG,22.905000686645508,22.725000381469727,-0.007858559256919362,0.001,-0.008858559256919363
2026-06-04,2026-06-05,CIEN,LONG,514.7050170898438,505.8299865722656,-0.01724294542096716,0.001,-0.01824294542096716
2026-06-04,2026-06-05,KMB,LONG,93.79000091552734,98.21499633789062,0.047179820654322135,0.001,0.046179820654322135
2026-06-04,2026-06-05,KVUE,LONG,16.739999771118164,17.559999465942383,0.04898445077872582,0.001,0.04798445077872582
2026-06-04,2026-06-05,KHC,LONG,22.729999542236328,22.3799991607666,-0.015398169314494004,0.001,-0.016398169314494004
2026-06-04,2026-06-05,PANW,LONG,270.6099853515625,275.2200012207031,0.01703564583232775,0.001,0.01603564583232775
2026-06-04,2026-06-05,CL,LONG,85.33000183105469,88.625,0.03861476735309455,0.001,0.03761476735309455
2026-06-05,2026-06-08,WBD,LONG,26.315000534057617,26.540000915527344,0.008550270830453677,0.001,0.007550270830453677
2026-06-05,2026-06-08,TSLA,LONG,395.5096130371094,411.8699951171875,0.0413653209449123,0.001,0.0403653209449123
2026-06-05,2026-06-08,COIN,LONG,149.8800048828125,163.639892578125,0.09180602646811376,0.001,0.09080602646811375
2026-06-05,2026-06-08,CRWD,LONG,691.6500244140625,658.1099853515625,-0.04849278953024505,0.001,-0.04949278953024505
2026-06-05,2026-06-08,AMD,LONG,474.9988098144531,492.3299865722656,0.036486779334420794,0.001,0.03548677933442079
2026-06-05,2026-06-08,Q,LONG,143.64999389648438,144.27499389648438,0.00435085295200488,0.001,0.00335085295200488
2026-06-05,2026-06-08,HON,LONG,215.2050018310547,212.25100708007812,-0.01372642236863797,0.001,-0.01472642236863797
2026-06-05,2026-06-08,MSTR,LONG,117.1500015258789,128.25999450683594,0.09483561960093345,0.001,0.09383561960093345
2026-06-05,2026-06-08,ZBRA,LONG,231.72999572753906,236.34249877929688,0.01990464392525615,0.001,0.018904643925256148
2026-06-05,2026-06-08,NXPI,LONG,300.239990234375,304.989990234375,0.015820677306484177,0.001,0.014820677306484176
2026-06-08,2026-06-09,AAPL,LONG,304.8999938964844,291.1300048828125,-0.04516231318242292,0.001,-0.04616231318242292
2026-06-08,2026-06-09,CRWD,LONG,658.5599975585938,641.9849853515625,-0.025168568191930807,0.001,-0.026168568191930808
2026-06-08,2026-06-09,CIEN,LONG,462.239990234375,435.9200134277344,-0.05694006871472823,0.001,-0.05794006871472823
2026-06-08,2026-06-09,LHX,LONG,301.5456848144531,306.3299865722656,0.01586592678570864,0.001,0.014865926785708639
2026-06-08,2026-06-09,JKHY,LONG,127.2300033569336,127.30999755859375,0.0006287369295725487,0.001,-0.00037126307042745135
2026-06-08,2026-06-09,HON,LONG,212.22000122070312,214.22999572753906,0.00947127742566356,0.001,0.00847127742566356
2026-06-09,2026-06-10,AAPL,LONG,291.1199951171875,291.5,0.00130532044925169,0.001,0.0003053204492516901
2026-06-09,2026-06-10,GEN,LONG,24.985000610351562,24.6200008392334,-0.014608755741512436,0.001,-0.015608755741512437
2026-06-09,2026-06-10,ARM,LONG,319.04998779296875,307.3500061035156,-0.036671312136345335,0.001,-0.037671312136345336
2026-06-09,2026-06-10,FSLR,LONG,259.67999267578125,249.33999633789062,-0.039818224851848494,0.001,-0.040818224851848495
2026-06-09,2026-06-10,CIEN,LONG,435.8299865722656,434.6499938964844,-0.0027074609644501813,0.001,-0.0037074609644501813
2026-06-09,2026-06-10,AMD,LONG,467.2148132324219,451.6700134277344,-0.0332712049456243,0.001,-0.0342712049456243
2026-06-09,2026-06-10,CSCO,LONG,119.5,118.76000213623047,-0.006192450742841249,0.001,-0.007192450742841249
2026-06-09,2026-06-10,QCOM,LONG,202.75,190.8800048828125,-0.05854498208230574,0.001,-0.05954498208230574
2026-06-09,2026-06-10,FTNT,LONG,137.25,138.77000427246094,0.011074712367657114,0.001,0.010074712367657113
2026-06-11,2026-06-12,SMCI,LONG,29.225000381469727,30.760000228881836,0.05252351847308723,0.0005,0.025761759236543613
2026-06-11,2026-06-12,NDSN,LONG,281.8599853515625,287.760009765625,0.020932465481765528,0.0005,0.009966232740882763
2026-06-11,2026-06-12,ROK,LONG,442.5400085449219,461.4800109863281,0.042798395796306066,0.0005,0.020899197898153032
2026-06-11,2026-06-12,NTRS,LONG,167.17999267578125,174.14500427246094,0.04166175321102683,0.0005,0.020330876605513415
2026-06-11,2026-06-12,NRG,LONG,120.97000122070312,126.0250015258789,0.04178722207296004,0.0005,0.02039361103648002
2026-06-11,2026-06-12,GRMN,LONG,232.55999755859375,238.99000549316406,0.027648813218405177,0.0005,0.013324406609202588
2026-06-11,2026-06-12,MOS,LONG,19.90999984741211,22.420000076293945,0.12606731532487103,0.0005,0.06253365766243552
2026-06-11,2026-06-12,GS,LONG,1013.5,1060.0699462890625,0.04594962633355948,0.0005,0.02247481316677974
2026-06-11,2026-06-12,FDX,LONG,324.8800048828125,337.2099914550781,0.03795243285813532,0.0005,0.01847621642906766
2026-06-11,2026-06-12,NEM,LONG,93.4800033569336,98.27999877929688,0.051347831086778095,0.0005,0.025173915543389047
2026-06-12,2026-06-15,PTC,LONG,112.19999694824219,116.16000366210938,0.03529417844542304,0.001,0.03429417844542304
2026-06-12,2026-06-15,ADSK,LONG,196.5084991455078,199.74000549316406,0.01644461365135874,0.001,0.01544461365135874
2026-06-12,2026-06-15,ADBE,LONG,203.1999969482422,208.9600067138672,0.02834650517781334,0.001,0.02734650517781334
2026-06-12,2026-06-15,EW,LONG,83.52999877929688,85.62000274658203,0.0250209984176748,0.001,0.0240209984176748
2026-06-12,2026-06-15,ADP,LONG,224.56500244140625,225.0800018310547,0.0022933199031438534,0.001,0.0012933199031438533
2026-06-12,2026-06-15,FDS,LONG,235.91000366210938,241.375,0.023165598122401265,0.001,0.022165598122401264
2026-06-12,2026-06-15,GDDY,LONG,73.80999755859375,78.87000274658203,0.06855446897923856,0.001,0.06755446897923856
2026-06-12,2026-06-15,IT,LONG,146.25999450683594,147.24000549316406,0.006700471920791262,0.001,0.005700471920791262
2026-06-12,2026-06-15,BR,LONG,142.48500061035156,144.8000030517578,0.01624734134463046,0.001,0.01524734134463046
2026-06-15,2026-06-16,FOXA,LONG,54.79999923706055,51.994998931884766,-0.051186137668388754,0.0005,-0.026093068834194377
2026-06-15,2026-06-16,FOX,LONG,49.66999816894531,47.540000915527344,-0.04288297426895593,0.0005,-0.021941487134477966
2026-06-15,2026-06-16,LDOS,LONG,113.48999786376953,113.9800033569336,0.004317609502048292,0.0005,0.001658804751024146
2026-06-15,2026-06-16,CCI,LONG,88.9000015258789,88.31999969482422,-0.006524204961749658,0.0005,-0.003762102480874829
2026-06-15,2026-06-16,PSX,LONG,173.22000122070312,170.73500061035156,-0.014345921907628734,0.0005,-0.007672960953814367
2026-06-15,2026-06-16,AMT,LONG,185.16000366210938,185.49000549316406,0.0017822522387549444,0.0005,0.0003911261193774722
2026-06-15,2026-06-16,FISV,LONG,49.345001220703125,49.45000076293945,0.002127865835218179,0.0005,0.0005639329176090895
2026-06-15,2026-06-16,NWSA,LONG,25.614999771118164,25.655000686645508,0.0015616207645821056,0.0005,0.0002808103822910528
2026-06-15,2026-06-16,NWS,LONG,29.110000610351562,29.200000762939453,0.003091726235000092,0.0005,0.001045863117500046
2026-06-15,2026-06-16,ODFL,LONG,238.86500549316406,233.42999267578125,-0.02275349127077697,0.0005,-0.011876745635388486
2026-06-16,2026-06-17,FOXA,LONG,52.0,51.36000061035156,-0.012307680570162294,0.001,-0.013307680570162295
2026-06-16,2026-06-17,FOX,LONG,47.53889846801758,46.7599983215332,-0.01638448032211748,0.001,-0.01738448032211748
2026-06-16,2026-06-17,JBHT,LONG,279.69000244140625,272.3349914550781,-0.026297010698010048,0.001,-0.02729701069801005
2026-06-16,2026-06-17,PSX,LONG,170.74000549316406,168.85000610351562,-0.01106945840952378,0.001,-0.012069458409523781
2026-06-16,2026-06-17,TKO,LONG,196.13499450683594,196.48500061035156,0.0017845163449576873,0.001,0.0007845163449576873
2026-06-16,2026-06-17,ODFL,LONG,233.38999938964844,224.55999755859375,-0.0378336769105212,0.001,-0.0388336769105212
2026-06-16,2026-06-17,LEN,LONG,89.1500015258789,90.63999938964844,0.016713380126381905,0.001,0.015713380126381904
2026-06-16,2026-06-17,VLO,LONG,240.75,241.0500030517578,0.0012461185950480846,0.001,0.0002461185950480846
2026-06-16,2026-06-17,CCI,LONG,88.31999969482422,87.37000274658203,-0.010756306063459564,0.001,-0.011756306063459565
2026-06-16,2026-06-17,INVH,LONG,29.024999618530273,28.795000076293945,-0.007924187605828248,0.001,-0.008924187605828249
2026-06-17,2026-06-18,SLB,LONG,51.2400016784668,48.275001525878906,-0.05786495034081762,0.001,-0.05886495034081762
2026-06-17,2026-06-18,JBHT,LONG,272.3299865722656,270.7900085449219,-0.005654823571678569,0.001,-0.006654823571678569
2026-06-17,2026-06-18,FRT,LONG,122.05000305175781,120.45999908447266,-0.013027479946976173,0.001,-0.014027479946976174
2026-06-17,2026-06-18,CTAS,LONG,171.14999389648438,171.67999267578125,0.0030966917802954796,0.001,0.0020966917802954796
2026-06-17,2026-06-18,ODFL,LONG,224.49000549316406,220.6750030517578,-0.016994085919439406,0.001,-0.017994085919439406
2026-06-17,2026-06-18,ESS,LONG,276.6199951171875,276.3599853515625,-0.0009399528964449955,0.001,-0.0019399528964449955
2026-06-17,2026-06-18,BG,LONG,116.28500366210938,112.3499984741211,-0.033839317745753994,0.001,-0.034839317745753995
2026-06-17,2026-06-18,EQR,LONG,65.18499755859375,64.27999877929688,-0.013883543962449174,0.001,-0.014883543962449175
2026-06-17,2026-06-18,IQV,LONG,173.1199951171875,166.48500061035156,-0.03832598598645187,0.001,-0.03932598598645187
2026-06-17,2026-06-18,ARE,LONG,50.900001525878906,51.197898864746094,0.005852599802295355,0.001,0.004852599802295355
