Lookback,Z_Thresh,Hold,TopN,Direction,Ann_Ret,Sharpe,Sortino,MaxDD,Trades,Total_Ret
156,2.0,13,5,LONG,0.26414836057642277,0.809387821944992,1.3323545697536392,-0.3375812540309825,735,2.938401502673683
52,1.5,13,5,LONG,0.2446317815539265,0.7858745804742954,1.2653376435100931,-0.4871876918744549,745,2.5958683876862683
52,1.5,26,10,LONG,0.20697413381533591,0.7682263164673283,1.0862549295677633,-0.4716215728668087,373,2.004510415113599
104,3.0,8,20,LONG,0.29915943084363517,0.7584560285143567,1.1895016021136013,-0.6776721842788428,1177,3.620655718208826
156,2.5,26,10,LONG,0.2533082339100514,0.75803911256298,1.2811086308795059,-0.38195334285888427,369,2.7449617818493453
104,3.0,8,10,LONG,0.298302626027394,0.756999823992265,1.1873516061595946,-0.6789133620823617,1177,3.602863101390099
52,3.0,26,20,LONG,0.2948644543460077,0.7490011196087129,1.1898079928768832,-0.5225614113391139,371,3.5320353655369354
52,3.0,26,10,LONG,0.2948644543460077,0.7490011196087129,1.1898079928768832,-0.5225614113391139,371,3.5320353655369354
156,2.5,26,20,LONG,0.24899016234166838,0.7476193355983555,1.258854978340607,-0.39393624337236866,369,2.670133770662818
104,3.0,8,5,LONG,0.28986554431153033,0.7416260709037176,1.1648488402110675,-0.683859675448638,1177,3.430669373665957
52,3.0,26,5,LONG,0.2863506915788643,0.7334289997675604,1.1681541549640593,-0.5450808484477943,371,3.360527893980839
104,3.0,26,10,LONG,0.27690906140069016,0.7180831210270622,1.097816485083188,-0.741997321321556,369,3.176656217404097
104,3.0,26,20,LONG,0.27690906140069016,0.7180831210270622,1.097816485083188,-0.741997321321556,369,3.176656217404097
156,2.0,26,5,LONG,0.2360382076131482,0.7146296047237544,1.2077799221022936,-0.46843536914358885,369,2.4530833456628067
52,4.0,6,10,LONG,0.30512477382126635,0.7120553979589321,1.14142455719161,-0.6791772437760327,1367,3.7461208392263954
52,4.0,6,20,LONG,0.30512477382126635,0.7120553979589321,1.14142455719161,-0.6791772437760327,1367,3.7461208392263954
26,1.5,13,5,LONG,0.2163557368858149,0.7116822210909882,1.1235706981289544,-0.5620794256804775,747,2.143682129938171
52,4.0,6,5,LONG,0.3027098915943818,0.7087900712842193,1.1367662415987134,-0.6791772437760328,1367,3.6949943349356342
104,3.0,26,5,LONG,0.2716198561642622,0.7082845977162502,1.0879417129092779,-0.7404050637634478,369,3.0764924058469925
156,2.5,26,5,LONG,0.2334807283002076,0.703854777817132,1.1956187609241091,-0.39565113470416235,369,2.411509478884805
156,3.5,13,20,LONG,0.2849860730880569,0.7019819830014551,1.2073474387290544,-0.7543436324034369,712,3.333545203610158
156,3.5,13,10,LONG,0.2849860730880569,0.7019819830014551,1.2073474387290544,-0.7543436324034369,712,3.333545203610158
156,3.5,13,5,LONG,0.2836369894106676,0.699891489001972,1.2040216453772936,-0.7557076951574969,712,3.30700589217232
156,2.0,26,20,LONG,0.20919062142256606,0.6936700187827215,1.1876014308781386,-0.5155264566308537,369,2.0369209041682996
6,2.0,13,5,LONG,0.27733856853175,0.6908379144861484,1.1452219669792454,-0.7032288526414838,682,3.1848787248709893
6,2.0,13,10,LONG,0.27564429415486935,0.6884303392133699,1.1402336699828437,-0.6978510714366799,682,3.152521193263822
13,2.0,26,20,LONG,0.20003642583998915,0.6879991012983708,0.9842428159741805,-0.5327495663678519,374,1.90491161072101
6,2.0,13,20,LONG,0.27535435532609664,0.6879208712117364,1.1396393308170156,-0.6987981156171004,682,3.1470047342071146
52,4.0,13,10,LONG,0.282622594079019,0.685182608160277,1.1357659557632558,-0.5597928870817073,691,3.2871394715820212
52,4.0,13,20,LONG,0.282622594079019,0.685182608160277,1.1357659557632558,-0.5597928870817073,691,3.2871394715820212
52,4.0,13,5,LONG,0.282072884275848,0.6844154664180889,1.1344536758356576,-0.559946935902329,691,3.2764054600005226
156,2.0,26,10,LONG,0.20635162973398757,0.6833761490546683,1.161203759265203,-0.512764203981944,369,1.995459634449185
13,2.0,26,10,LONG,0.19704238908685645,0.6722650132679676,0.9897025721130971,-0.5491949461330652,374,1.8627826668994345
26,2.0,13,5,LONG,0.1935679685862015,0.6543937101404048,1.0280671139252742,-0.5491674459958173,747,1.8145304466913568
13,2.5,26,10,LONG,0.23011160077020687,0.6529228365894726,0.971510286636133,-0.682483226690931,373,2.357375768627898
13,2.5,26,20,LONG,0.22957782545051786,0.6519094541581649,0.9699567478646715,-0.682483226690931,373,2.348865012329911
13,2.5,26,5,LONG,0.22679681282100939,0.6465059124525564,0.9631025152307768,-0.6927926279258647,373,2.3048120680876805
26,1.5,13,10,LONG,0.17223929178829978,0.6452904534812882,0.9637797928256353,-0.5094358576605739,747,1.5328564270795182
13,1.5,26,10,LONG,0.17753114755154553,0.6363199471860985,0.9124797518024618,-0.5439284867849378,374,1.6004596210207063
13,1.5,13,5,LONG,0.1832783348809357,0.6290110493324593,0.9905714675463433,-0.516398402706997,748,1.6755672326000832
52,1.5,26,5,LONG,0.17906373524599872,0.6166154587043389,0.9328141353688727,-0.5696718802287242,373,1.620315282673669
52,1.5,26,20,LONG,0.1442016139795268,0.6110340470088151,0.8808614696532305,-0.4587656219145514,373,1.1984967642937163
52,1.5,13,10,LONG,0.1604292400307863,0.6103560643485708,0.9636851149319782,-0.40000917713758233,745,1.3872237599401718
156,2.0,13,10,LONG,0.17137120409839857,0.6090259716124004,0.9767684901599851,-0.35083949277255067,735,1.5219070511552664
104,2.0,13,5,LONG,0.17639671408500557,0.5903402024289206,0.9149234415627907,-0.4609808552113298,740,1.5858427766239478
156,2.0,13,20,LONG,0.16015455126391376,0.5790692503685878,0.9283136885764908,-0.3905624700572311,735,1.3839209985794914
13,1.5,26,5,LONG,0.16870403841335335,0.5763667280973573,0.8387784738959662,-0.5796153071297778,374,1.4885107097986765
104,2.0,26,20,LONG,0.1574855241985047,0.575642229767177,0.9532933367902149,-0.5096483365042954,371,1.352026300402282
6,1.5,26,20,LONG,0.13142379556784323,0.5722750360701626,0.8203481275958617,-0.41902150023100726,375,1.0587492127490132
13,2.0,26,5,LONG,0.1671091590776166,0.5682364573329165,0.8277968375610986,-0.5731137740962091,374,1.468716538038509
104,3.5,13,20,LONG,0.20269923633681364,0.5658591151294385,0.9968959388901406,-0.6584835748651883,718,1.942810467596927
104,3.5,13,10,LONG,0.20269923633681364,0.5658591151294385,0.9968959388901406,-0.6584835748651883,718,1.942810467596927
104,3.5,13,5,LONG,0.20052454117856233,0.5623648626920282,0.9912302269764273,-0.6619214743256623,718,1.911828330600156
52,2.0,26,10,LONG,0.14919690895169535,0.5533891010327272,0.7590142254172567,-0.5708735123464928,373,1.2552241583155328
156,5.0,26,20,LONG,0.1841637315828264,0.5527450757818898,0.797647135763506,-0.6484798392833911,339,1.6872963583285712
156,5.0,26,5,LONG,0.1841637315828264,0.5527450757818898,0.797647135763506,-0.6484798392833911,339,1.6872963583285712
156,5.0,26,10,LONG,0.1841637315828264,0.5527450757818898,0.797647135763506,-0.6484798392833911,339,1.6872963583285712
26,2.5,26,20,LONG,0.1634001824075535,0.5501756586555476,0.7988369608790473,-0.6508986413369604,374,1.4231883767366598
52,2.0,26,20,LONG,0.14542932763043548,0.5486450459301386,0.7438659063458273,-0.5865411219495852,373,1.2123280020136864
156,1.5,26,5,LONG,0.1605164519337845,0.5478249962100055,0.9059867729225192,-0.4726378074876042,369,1.3882731582749188
26,2.5,26,10,LONG,0.1609747068153855,0.5437474158636018,0.78628278856238,-0.655240841569047,374,1.393793507194868
6,1.5,26,10,LONG,0.13284566253994967,0.5387232272953649,0.7844245586675249,-0.4588813643206141,375,1.073925698903453
26,2.0,13,10,LONG,0.13538426720552943,0.5200363163735964,0.779698620081282,-0.5160454890648412,747,1.1012524506702475
13,1.5,13,10,LONG,0.13218955544667277,0.5168700258832309,0.7379373596636201,-0.4399873908765324,748,1.066911169889118
6,1.5,13,10,LONG,0.1295697368175508,0.5145882357447035,0.725660328695815,-0.5542277339027977,748,1.0390980734952588
156,2.0,8,5,LONG,0.14632962321173015,0.5087357794373706,0.7574267801683952,-0.6504556008800491,1189,1.2225163753142798
104,2.0,26,5,LONG,0.14309227859253104,0.5080550164785155,0.8155120820819042,-0.49041319138694295,371,1.1860608828173538
104,2.0,26,10,LONG,0.13496644491755272,0.5068408483801982,0.8480807960111952,-0.5279951018881412,371,1.0967344052937902
13,3.0,13,20,LONG,0.1575109266390291,0.5037647063505586,0.7492824783665685,-0.8221004911560069,652,1.3523281816776267
13,3.0,26,20,LONG,0.15664198099522908,0.5034849535225076,0.7527516965063941,-0.8594264208704946,353,1.3420199019752146
13,3.0,13,10,LONG,0.156523306523644,0.5022070201046114,0.7469174594605061,-0.8221609777082232,652,1.340614980835543
104,1.5,26,10,LONG,0.1251259427464313,0.5016909121577657,0.73680825121707,-0.5324852292632283,371,0.9926305381242309
13,1.5,26,20,LONG,0.12332831269853628,0.5005050990546339,0.664552377710056,-0.47521130174833925,374,0.9740843270610531
13,3.0,26,5,LONG,0.1548219478992836,0.5004795639910677,0.7488019927195054,-0.8587658452744817,353,1.3205502212878422
13,3.0,26,10,LONG,0.15412568583623232,0.49932777704360604,0.7462395193264687,-0.8594264208704947,353,1.3123801657148046
104,1.5,26,20,LONG,0.11720565367728786,0.4945036715254404,0.7120581741680821,-0.5211991984779459,371,0.9119867835213247
26,4.0,26,20,LONG,0.15155860695864187,0.49058493662570507,0.7780989900048483,-0.7394553994071773,340,1.2824633638515404
26,4.0,26,10,LONG,0.15155860695864187,0.49058493662570507,0.7780989900048483,-0.7394553994071773,340,1.2824633638515404
26,2.0,13,20,LONG,0.12472126863623356,0.49032061615593936,0.7462616700121125,-0.5232550307139368,747,0.9884429548373066
52,2.0,26,5,LONG,0.13720068937054486,0.48914562250762594,0.7034713179067682,-0.6270717795609795,373,1.1209879251921127
13,3.0,13,5,LONG,0.14811130129968486,0.48895871447079026,0.727879945087895,-0.8260180032278779,652,1.2427937680623118
26,3.5,26,5,LONG,0.15555545589536468,0.4887603334546542,0.8327978461515682,-0.7106664679223897,361,1.3291831969742072
26,4.0,26,5,LONG,0.1490671431391184,0.4864614768427883,0.7724014011318924,-0.7449555914368102,340,1.2537353194164673
26,3.5,26,10,LONG,0.15318037205244428,0.4849010259417292,0.8252807218181464,-0.7143426014888126,361,1.301325873994784
26,3.5,26,20,LONG,0.15318037205244428,0.4849010259417292,0.8252807218181464,-0.7143426014888126,361,1.301325873994784
52,2.5,13,20,LONG,0.1391130088482111,0.4844497610580241,0.7092596562220788,-0.5687320269986338,743,1.1419311258767646
104,1.5,26,5,LONG,0.1292450337802855,0.4805001695848685,0.7167528285349449,-0.5255453517528674,371,1.0356726061719406
52,2.5,13,10,LONG,0.13633136529321765,0.47775530035154906,0.7003960837453412,-0.5730735041715436,743,1.1115236121145031
104,2.5,26,5,LONG,0.1351984686336405,0.4771090343535457,0.7269151543948964,-0.5552796156853028,371,1.099242356130718
156,1.5,26,10,LONG,0.11778399499761827,0.46571765663353565,0.7426626536166929,-0.5315962197035093,369,0.917782298020799
26,2.5,26,5,LONG,0.13005847378907598,0.465689622071404,0.6724544182401881,-0.6534297488899555,374,1.0442630314665116
6,1.5,26,5,LONG,0.11638929804273879,0.459051288127505,0.6907211314211469,-0.5201552004431353,375,0.9038308632974561
104,2.5,26,20,LONG,0.12598253364482792,0.4586351894458327,0.6935586502407111,-0.5686609296137581,371,1.0015186936907075
52,3.0,13,20,LONG,0.13031336973715835,0.45581503296240655,0.6905287590035206,-0.6593242940966472,737,1.0469610645713927
52,3.0,13,10,LONG,0.13031336973715835,0.45581503296240655,0.6905287590035206,-0.6593242940966472,737,1.0469610645713927
104,2.0,13,10,LONG,0.11712236497097672,0.45445570149898246,0.6882305644595925,-0.46605467041020887,740,0.9111533510462573
52,2.5,13,5,LONG,0.12657578965089833,0.45171962282191164,0.6738705922694606,-0.5219139049625416,743,1.0076936778995047
104,2.5,26,10,LONG,0.12248892495330788,0.4496099246876984,0.6796809760253213,-0.5683731471470483,371,0.9654734766844477
52,3.0,13,5,LONG,0.124586034458257,0.4430347819291953,0.6756367341494088,-0.6674598215670908,737,0.9870451738158712
6,1.5,13,20,LONG,0.10155782417146897,0.43960452808454553,0.6075392425339187,-0.48782870505267406,748,0.760600244796579
104,5.0,13,20,LONG,0.11443815536951019,0.43556519398906385,0.6669245127976757,-0.8632923512954106,613,0.884454463977633
104,5.0,13,10,LONG,0.11443815536951019,0.43556519398906385,0.6669245127976757,-0.8632923512954106,613,0.884454463977633
104,5.0,13,5,LONG,0.1140601364071705,0.43495790009876806,0.6659596702722308,-0.8632923512954107,613,0.8807194072538043
52,2.0,13,10,LONG,0.11068328276743244,0.4326005825451861,0.6553434805883831,-0.5048533756962794,745,0.8476254777593153
156,2.0,8,10,LONG,0.11325257170248504,0.4323224856854883,0.6368672567575575,-0.6504363193682214,1189,0.8727607344764869
26,1.5,26,20,LONG,0.09636706879979418,0.41947212785728377,0.6002199375420185,-0.4360839488439816,374,0.7126339686245942
156,2.5,13,10,LONG,0.11375105855153245,0.4189016217891687,0.7052996284533076,-0.47567789228523505,733,0.8776700927050547
156,2.5,13,20,LONG,0.11222594114765005,0.41519915153316916,0.6986952961502048,-0.4787498678746278,733,0.8626834612456049
156,2.0,8,20,LONG,0.10681622879093178,0.415087210075198,0.6105175083510227,-0.6504045372856999,1189,0.8103218935326617
104,1.5,13,5,LONG,0.10530812104434961,0.4092838013385283,0.6088622229493661,-0.6527634727587843,740,0.7959441943645436
26,2.0,26,20,LONG,0.0931403330161853,0.39081103931617767,0.5613973233921444,-0.4837360810960646,374,0.6833664897603711
13,1.5,13,20,LONG,0.08844157623035565,0.3860972031981594,0.5231344899206529,-0.4211238733567254,748,0.6414897328437363
26,1.5,26,10,LONG,0.09101824649262125,0.3848742596840957,0.5567835576068212,-0.49012613552937656,374,0.6643454833042524
52,2.0,13,20,LONG,0.09300726857926622,0.3810682189709201,0.5755865502307501,-0.5080336037029674,745,0.6821685150840375
104,2.0,13,20,LONG,0.09104434304032072,0.37584529210890905,0.5677192055916591,-0.49329451975141925,740,0.6645783089044144
13,1.5,8,5,LONG,0.09320612169542564,0.37545410582728805,0.5790407068211757,-0.6638731073135851,1215,0.6839590442704897
156,1.5,26,20,LONG,0.08537337240787801,0.3731037270174946,0.5780154456389998,-0.5367473338390307,369,0.6146139385101261
52,4.0,26,5,LONG,0.0775405051260758,0.36934207152457055,0.6141325971603347,-0.777548828454089,360,0.5476520133660223
52,4.0,26,10,LONG,0.07479384498617692,0.3648327743122252,0.6061859300878278,-0.7839013910512643,360,0.5247236685652137
52,4.0,26,20,LONG,0.07479384498617692,0.3648327743122252,0.6061859300878278,-0.7839013910512643,360,0.5247236685652137
52,1.5,13,20,LONG,0.08155066153291357,0.3618139979739319,0.554000396000666,-0.4557299867283141,745,0.5816404294914745
156,2.5,13,5,LONG,0.0877579505328474,0.3556963837556652,0.5888303759521791,-0.5574207187949989,733,0.6354696664907495
26,2.0,26,10,LONG,0.08209050738937229,0.35092884620274273,0.5168770881406,-0.4992290645789814,374,0.5862628257249438
26,2.0,8,5,LONG,0.08338949184383448,0.3478225575728868,0.5005429266877023,-0.629270531848825,1213,0.5974312112012155
26,1.5,13,20,LONG,0.07769072768209151,0.3463022781059138,0.4968410451224751,-0.5065749678902693,747,0.548914226369736
13,2.0,13,5,LONG,0.08089208972678619,0.34022951566430815,0.520208548222873,-0.6599804257801092,748,0.5760165753642303
26,3.0,26,5,LONG,0.07083271975140715,0.33046909812122177,0.5033577568336286,-0.7991478492267008,370,0.492153744723151
104,3.5,8,20,LONG,0.06068378913703265,0.33043630355566944,0.49481586600543165,-0.6883795261016381,1145,0.41132744742115346
104,3.5,8,10,LONG,0.06068378913703265,0.33043630355566944,0.49481586600543165,-0.6883795261016381,1145,0.41132744742115346
52,4.0,4,20,LONG,0.047405761986463846,0.3257694972347371,0.4930059991200781,-0.7907433246654212,1933,0.3110923091736968
52,4.0,4,10,LONG,0.047405761986463846,0.3257694972347371,0.4930059991200781,-0.7907433246654212,1933,0.3110923091736968
104,4.0,26,5,LONG,0.049243272384966064,0.3210375227678272,0.46821744754722444,-0.7525487656072536,360,0.3246007814981815
104,4.0,26,10,LONG,0.049243272384966064,0.3210375227678272,0.46821744754722444,-0.7525487656072536,360,0.3246007814981815
104,4.0,26,20,LONG,0.049243272384966064,0.3210375227678272,0.46821744754722444,-0.7525487656072536,360,0.3246007814981815
104,3.5,8,5,LONG,0.05530093867292463,0.32039519653125165,0.4795039368073838,-0.692176845694733,1145,0.36995372419449857
6,1.5,13,5,LONG,0.07268548486213722,0.3176477854936338,0.4524620420437957,-0.6062512765032213,748,0.507315343907885
52,4.0,4,5,LONG,0.041618584416025284,0.31605530412905875,0.4782412891843835,-0.7968886841587923,1933,0.2692917777516335
13,1.5,6,5,LONG,0.07182612588080972,0.3148642090757036,0.4756107725470175,-0.7147923386155408,1618,0.5002672119338527
26,3.0,26,10,LONG,0.06218327714805638,0.311950771734563,0.4753449196710631,-0.8046532578112721,370,0.4230354897653008
26,3.0,26,20,LONG,0.062096115795756246,0.31176639264830835,0.47509686494452363,-0.8047469827813867,370,0.42235273479710256
104,2.5,13,5,LONG,0.06715083316910242,0.3078601340295787,0.45035549061445057,-0.6021635904956227,738,0.46239911290822877
104,2.0,8,10,LONG,0.0677990883751054,0.3022618038453951,0.44484483592543106,-0.5433359738920617,1198,0.46760190741411645
156,3.5,6,5,LONG,0.03638498172032212,0.2978319823790545,0.49461201774180635,-0.8453679105138976,1481,0.23244691473000256
156,3.5,6,20,LONG,0.035589945310451565,0.2965486388065977,0.4917289208208356,-0.84494793959498,1481,0.2269282042140992
156,3.5,6,10,LONG,0.035533633751895,0.2964496865431675,0.491564369279675,-0.8449972389280422,1481,0.22653809819406479
26,1.5,26,5,LONG,0.06278237938449172,0.28823095953638267,0.4309103855484474,-0.5778282008810302,374,0.42773575143182474
104,2.5,13,20,LONG,0.05946679033189284,0.28670850349430077,0.41145621004161415,-0.5793623807697508,738,0.4018838982639261
104,2.5,13,10,LONG,0.05899763656596835,0.28548689416806317,0.4096595297384914,-0.5806470950854034,738,0.39825742258292784
156,3.0,26,5,LONG,0.051318957052533865,0.28386636241919216,0.4641658007690501,-0.6825844115041813,366,0.3399987741193411
26,1.5,8,5,LONG,0.060330948382847804,0.28134749051999985,0.4080105213148624,-0.6517142116792696,1213,0.40858409607774115
156,3.0,26,20,LONG,0.04781036223284185,0.27671690269844035,0.45303940110009605,-0.6833826775801721,366,0.31405688218003736
156,3.0,26,10,LONG,0.046465481170853806,0.2738078531353956,0.44852953961660486,-0.685751845256339,366,0.3042241255067397
104,5.0,26,20,LONG,0.0053151147831902446,0.26877474833540993,0.41590443934937565,-0.6587519643006259,340,0.03148626690930323
104,5.0,26,5,LONG,0.0053151147831902446,0.26877474833540993,0.41590443934937565,-0.6587519643006259,340,0.03148626690930323
104,5.0,26,10,LONG,0.0053151147831902446,0.26877474833540993,0.41590443934937565,-0.6587519643006259,340,0.03148626690930323
104,2.0,8,20,LONG,0.056515452063451876,0.2681704295376418,0.3974098200696785,-0.5687949601637823,1198,0.3791997386680106
52,5.0,26,10,LONG,0.025861185735640335,0.25854929783261793,0.4254493168368643,-0.7778025733626828,330,0.1610386280013667
52,5.0,26,20,LONG,0.025861185735640335,0.25854929783261793,0.4254493168368643,-0.7778025733626828,330,0.1610386280013667
26,3.0,8,5,LONG,0.03453703022659105,0.2546605197752202,0.36863499056948956,-0.7063132907480576,1180,0.21965098561994045
52,5.0,26,5,LONG,0.023559924658815845,0.25411609010737524,0.41866684035485024,-0.7806517570839162,330,0.14588998239705964
26,3.0,8,10,LONG,0.03374836827829175,0.2525279190759914,0.3650986535483885,-0.7098022357800138,1180,0.2142236216653941
26,3.0,8,20,LONG,0.0330092247563476,0.25091956845940167,0.3628539729294453,-0.7097879365206572,1180,0.20915522082695004
104,2.0,8,5,LONG,0.04617779076731576,0.24571858010942538,0.3617653536748672,-0.5607568571464592,1198,0.30212868993778863
26,2.5,13,20,LONG,0.0447489944774615,0.2437342566100702,0.3722616204866048,-0.7024787253412066,745,0.29176314522280733
26,1.5,8,10,LONG,0.049769482145666455,0.2434112103753219,0.3350419293103541,-0.6050318382940658,1213,0.32849039742117125
26,2.0,26,5,LONG,0.04656949640907526,0.24065331792239694,0.3609144632501861,-0.6090979200905491,374,0.3049824235822489
26,2.5,13,10,LONG,0.042649011030130524,0.23789156819448878,0.3628674926235557,-0.7054279692700682,745,0.27665253235859977
52,2.0,8,20,LONG,0.046591863971205516,0.23637052513110637,0.33210026573459106,-0.6345800780793851,1209,0.3051455366536051
52,2.5,26,20,LONG,0.03717667852908302,0.22588131030599135,0.3119180380854165,-0.5658973315642475,373,0.23796287669955052
52,2.5,26,10,LONG,0.03711220043922636,0.22571917334743102,0.3117635057168429,-0.5658973315642475,373,0.23751287658928844
52,2.0,13,5,LONG,0.04157587667869578,0.22568337394017493,0.347884930810822,-0.5370983646756889,745,0.26898746008174146
6,1.5,8,5,LONG,0.04156075271570581,0.219416888568321,0.33044593396316096,-0.7339552067311246,1216,0.268879707480997
26,3.5,6,20,LONG,-0.011200697133623483,0.219322824700699,0.35103917297547776,-0.8310874406495701,1400,-0.06374914090738037
26,3.5,6,10,LONG,-0.011234894241878735,0.2192607866373197,0.35093953317738874,-0.8310874406495704,1400,-0.06393848339392827
26,2.0,8,10,LONG,0.0420194876325366,0.21842493629961346,0.3030372391188019,-0.6332501828337342,1213,0.2721513989391371
26,3.5,6,5,LONG,-0.011954544350057716,0.21790965254069117,0.3487212107206624,-0.8274292464494836,1400,-0.06791568406981763
104,3.5,6,5,LONG,-0.0024629814058112487,0.2152014156586132,0.3427806962545155,-0.8295862833756336,1495,-0.014317913410245797
26,2.5,13,5,LONG,0.03168078735977575,0.21117871697596358,0.3246811291146649,-0.7627502826675575,745,0.20009004391214602
13,2.0,13,20,LONG,0.03948021806360069,0.20936294183071671,0.3064513583713928,-0.5839334583778337,748,0.25412878247990034
52,2.5,26,5,LONG,0.027778903610408356,0.20375387573028103,0.2845867590325585,-0.5605125082566864,373,0.1737889758920621
104,3.5,6,20,LONG,-0.011163834940545625,0.19877793261375906,0.31567703658491186,-0.8318242327860634,1495,-0.06354500682685083
104,3.5,6,10,LONG,-0.011217604201114395,0.19867364324500364,0.31551106500478443,-0.8318777048466036,1495,-0.06384275589568289
52,2.0,8,10,LONG,0.032885057968296216,0.19561186342690384,0.2749557471004355,-0.6624776696463442,1209,0.2083055165800789
156,1.5,13,5,LONG,0.031039550674547334,0.19427935853501158,0.2899338635288637,-0.5791462778321002,737,0.19573448816569106
26,3.0,13,5,LONG,-0.0029669274964497783,0.18446636547647602,0.2742516920383542,-0.8583308690941763,734,-0.017226427228857588
52,2.0,8,5,LONG,0.023945813633429403,0.18133546519012436,0.2561529940440275,-0.6670033816801693,1209,0.14841869774216532
13,2.5,13,5,LONG,0.00724744512469222,0.17750324706980455,0.26689858897411445,-0.6182763499959254,743,0.04313496516286963
6,1.5,8,10,LONG,0.03157855881447369,0.1758894131542482,0.26221707895098917,-0.7001388260033541,1216,0.19939478369466634
156,3.0,8,5,LONG,-0.009153892030474342,0.16867579346679148,0.25284609410817727,-0.7100536473481667,1167,-0.052358423648782515
26,2.0,8,20,LONG,0.027065358655269156,0.16465000755268097,0.22687348190273712,-0.6320654270455495,1213,0.1690313328757891
26,2.5,8,20,LONG,0.014015502546504743,0.16278506661269695,0.22894418420564813,-0.8484476878652857,1206,0.08479852862055814
156,3.0,8,20,LONG,-0.012604217188284528,0.16054636889904755,0.24024868425970383,-0.7119064282845895,1167,-0.071494108327116
156,3.0,8,10,LONG,-0.012929980470378188,0.1598361760049426,0.23921420931856066,-0.7124618311828688,1167,-0.07328413390885269
52,3.0,6,10,LONG,-0.006916219136739343,0.1591840734977238,0.24249245982764214,-0.7815034508506523,1563,-0.039774289134559715
52,3.0,6,20,LONG,-0.007127634494939139,0.15871295581714898,0.2417668874579695,-0.7817753339037358,1563,-0.04096913225192833
156,3.5,26,5,LONG,-0.020726366095389803,0.1568433533916952,0.2234876564751136,-0.7410412004472982,362,-0.11527865695854267
26,2.5,8,5,LONG,0.007707326037909468,0.15568767066776418,0.21802388472966716,-0.8648873551272284,1206,0.04592327739862223
13,2.0,13,10,LONG,0.021868312281307034,0.15345433804366543,0.22200676735159589,-0.6161083037378265,748,0.13485931237730386
26,1.5,8,20,LONG,0.026956065083413527,0.15299773399880062,0.20861982628455897,-0.5954402526355146,1213,0.16830401930940564
156,3.5,26,10,LONG,-0.023559370673348234,0.15086763889181062,0.21530577738854192,-0.7396864996816567,362,-0.13014197701549135
156,3.5,26,20,LONG,-0.023559370673348234,0.15086763889181062,0.21530577738854192,-0.7396864996816567,362,-0.13014197701549135
52,3.0,6,5,LONG,-0.011566545868576417,0.14911933545203207,0.22693475727165893,-0.7741314633475722,1563,-0.06577312531621193
26,2.5,8,10,LONG,0.008734090459156851,0.1483926124463679,0.20866009305651578,-0.848738899655789,1206,0.052170974613381826
26,3.0,13,10,LONG,-0.01988070063116576,0.14580051635547855,0.21689525720466696,-0.857465495429411,734,-0.11080130509764707
104,4.0,13,20,LONG,-0.05410149675644582,0.14491770260355089,0.2231382210404252,-0.7040895275691692,691,-0.2776666455318597
104,4.0,13,10,LONG,-0.05410149675644582,0.14491770260355089,0.2231382210404252,-0.7040895275691692,691,-0.2776666455318597
104,4.0,13,5,LONG,-0.05410149675644582,0.14491770260355089,0.2231382210404252,-0.7040895275691692,691,-0.2776666455318597
104,1.5,13,10,LONG,0.02084177526771258,0.14459056165734452,0.20341908288740343,-0.6581455149844164,740,0.12820849143402668
26,3.0,13,20,LONG,-0.02064120966314187,0.14418798533469523,0.2145019252687401,-0.8582531421169282,734,-0.11482864664240267
156,1.5,8,5,LONG,0.009359431017287756,0.13804312456772924,0.19607602982966502,-0.722890755164187,1189,0.055991207944291244
104,1.5,13,20,LONG,0.019673005803041654,0.1261919216021814,0.18069984838279385,-0.6063110365842852,740,0.12067553219012783
13,2.5,13,10,LONG,-0.014326631160285874,0.12313105945293193,0.18445949551527296,-0.6267672988141875,743,-0.08092615162366024
52,1.5,8,5,LONG,0.006194000833081192,0.12306765161777083,0.17996694765356344,-0.6836287237172233,1210,0.036771026515892924
13,2.5,13,20,LONG,-0.0154645023017832,0.12016383270816179,0.17987537907035026,-0.6289207966488963,743,-0.08711352462710864
13,1.5,6,10,LONG,0.00950485256698319,0.10939336837094456,0.15224860024292625,-0.5653128985718868,1618,0.05688124056107524
156,4.0,4,10,LONG,-0.07401344330641357,0.10830341776589339,0.15571187392874497,-0.9223828607534799,1975,-0.3621735383929384
156,4.0,4,20,LONG,-0.07403740019581284,0.10825716691368681,0.1556452734635196,-0.9223946034318431,1975,-0.3622700350051927
156,4.0,4,5,LONG,-0.07463999717619718,0.10714281380723456,0.15408210674592845,-0.9229902799462231,1975,-0.3646932741897394
26,3.5,13,20,LONG,-0.07121229066965717,0.09590625321203763,0.1417050522777572,-0.8242522082004232,703,-0.35080692961017956
26,3.5,13,10,LONG,-0.07137139309060003,0.09558233189602508,0.14122368115050543,-0.8242522082004236,703,-0.35145700674967595
104,4.0,4,5,LONG,-0.08320668495030925,0.09494493410397914,0.14023864394652477,-0.8721403383737667,1997,-0.39832563324988135
26,3.0,6,20,LONG,-0.04060188286380084,0.09479695319978433,0.15498425284713194,-0.5455409532434174,1545,-0.2152551816790812
26,3.0,6,10,LONG,-0.04076839714665148,0.0944278675721312,0.15438056248925672,-0.5455409532434189,1545,-0.21605135825703115
156,1.5,13,10,LONG,0.008618519323857265,0.09249142617559092,0.13093403172012616,-0.5623741479527737,737,0.05146620136607272
26,3.5,13,5,LONG,-0.07365253365846902,0.09123106499008289,0.13486593057399165,-0.8268678387613914,703,-0.3607183551297851
52,3.5,13,10,LONG,-0.07991285833740158,0.09105231617967699,0.14026091304734192,-0.8452329836895551,721,-0.3855734357025722
52,3.5,13,20,LONG,-0.07991285833740158,0.09105231617967699,0.14026091304734192,-0.8452329836895551,721,-0.3855734357025722
104,4.0,4,10,LONG,-0.08534449254222465,0.0907432368251678,0.13407921808807377,-0.8734124553486005,1997,-0.4064842269283311
104,4.0,4,20,LONG,-0.08534449254222465,0.0907432368251678,0.13407921808807377,-0.8734124553486005,1997,-0.4064842269283311
52,3.5,13,5,LONG,-0.08101869755980473,0.08894610543523178,0.13686453533342918,-0.8464302450543576,721,-0.3898794837390931
6,1.5,6,5,LONG,-0.0009311979425331574,0.08827420871645192,0.13356545115556936,-0.6208760880703941,1619,-0.0054334138617486705
104,3.5,26,5,LONG,-0.051076400303167735,0.08741839562730755,0.14338626178239566,-0.8623890505784965,366,-0.26405185625266736
104,3.5,26,20,LONG,-0.05232255032189381,0.0850242237865799,0.13920482894354888,-0.8609857320851926,366,-0.269685831862715
104,3.5,26,10,LONG,-0.05232255032189381,0.0850242237865799,0.13920482894354888,-0.8609857320851926,366,-0.269685831862715
156,4.0,13,5,LONG,-0.0819481388531883,0.08460328658946206,0.13201872114851354,-0.8565342125516878,687,-0.3934792748014
156,4.0,13,10,LONG,-0.08254518950835177,0.0834086237718691,0.130148744638344,-0.8570789894977603,687,-0.3957823919018624
156,4.0,13,20,LONG,-0.08256916458444263,0.08336071292282032,0.13007377725819988,-0.8571008296118943,687,-0.39587472389333267
26,3.0,6,5,LONG,-0.04835851895976351,0.07903049091880773,0.12987901414037673,-0.5531866836569008,1545,-0.2516389544925772
6,1.5,6,10,LONG,0.0031861843339415774,0.07723320594859352,0.1099669045576179,-0.5331377648953672,1619,0.01877746210700515
52,3.0,8,5,LONG,-0.06124440029265377,0.06394828075293792,0.08911663429205295,-0.845368414666465,1183,-0.3089874980684224
6,1.5,6,20,LONG,0.004205724798341137,0.0622755369042232,0.08439012830496907,-0.5147536075937245,1619,0.024847386147362593
156,1.5,8,10,LONG,-0.007926438133492253,0.05581906059791628,0.07671022779158498,-0.6755038369651583,1189,-0.045472561034386905
52,3.0,8,20,LONG,-0.06611714868590701,0.05124904001598747,0.0715360930648077,-0.8534216224791344,1183,-0.3297011183493572
52,3.0,8,10,LONG,-0.0662662424963586,0.05091428981940884,0.07107220205660864,-0.8535584205837601,1183,-0.33032669231253964
104,1.5,8,5,LONG,-0.02273148312199247,0.048827237579496446,0.06974269957748348,-0.6087155042172715,1198,-0.12582004888915754
52,1.5,6,10,LONG,-0.010360630678810323,0.045711865323639786,0.064147713332505,-0.6593643859520112,1612,-0.059087882413747406
6,2.0,26,5,LONG,-0.058937946915348705,0.04540353593912058,0.066258498821524,-0.7733876703521039,359,-0.2989995558904346
6,2.0,8,20,SHORT,-0.06536402825541676,0.04379252400367991,0.0632460409059047,-0.7622315085128004,1057,-0.3265337354517688
6,2.0,26,20,LONG,-0.05966071216481372,0.04364603448445324,0.06349705776571352,-0.7744036033519728,359,-0.30214223345436186
104,4.0,6,5,LONG,-0.10199395189295857,0.041306593453008876,0.0659137072599929,-0.8603570746485811,1403,-0.46694156517938334
6,2.0,26,10,LONG,-0.061074357512138966,0.040224750052621765,0.05853392326501076,-0.7763797383777314,359,-0.30825519091272113
6,2.0,8,10,SHORT,-0.06747026840122539,0.03885236650107723,0.05612785742056039,-0.7622315085128004,1057,-0.3353608802589323
104,4.0,6,20,LONG,-0.1038865252670067,0.03745055561512288,0.059763109048767755,-0.8620822625236998,1403,-0.4734780003751936
104,4.0,6,10,LONG,-0.1038865252670067,0.03745055561512288,0.059763109048767755,-0.8620822625236998,1403,-0.4734780003751936
156,2.5,8,10,LONG,-0.043614357363163436,0.03174937708992822,0.044728772384583795,-0.760113969414864,1184,-0.22955594348323982
52,1.5,6,5,LONG,-0.03133962108084398,0.02503864324317428,0.03711856875671646,-0.7791589995027793,1612,-0.16989990793360765
156,2.5,8,20,LONG,-0.04633251845974384,0.024319987708409114,0.03426290490291839,-0.7606612939733203,1184,-0.2422734764225689
52,2.0,6,10,LONG,-0.020819509818449267,0.023553414577596195,0.03394624845194826,-0.6477333218900583,1611,-0.11577065902714101
156,2.5,8,5,LONG,-0.049766429593577244,0.02159361783308085,0.030509739689616202,-0.7588595431094001,1184,-0.25809054216298366
156,5.0,13,10,LONG,-0.12307217171901097,0.01998657152668634,0.031219940876326287,-0.8696870916407258,613,-0.5360728421911192
156,5.0,13,20,LONG,-0.12307217171901097,0.01998657152668634,0.031219940876326287,-0.8696870916407258,613,-0.5360728421911192
156,5.0,13,5,LONG,-0.12356045044891018,0.01898225579394261,0.02964930487170397,-0.869687091640726,613,-0.53758145789807
6,2.0,8,5,SHORT,-0.0764932588251167,0.01790766349186774,0.025965090963808952,-0.7624589491827936,1057,-0.3720980586143804
104,3.5,4,5,LONG,-0.10457845315777436,0.0037919688675978965,0.005449116889363899,-0.7956007760701598,2184,-0.4758510813242567
52,1.5,8,20,LONG,-0.012077729716277075,0.003147567262239779,0.004338162695967337,-0.6392094627795799,1210,-0.06859507096867223
52,2.5,8,20,LONG,-0.0422732833123568,0.0027838525863494103,0.004104748666903446,-0.6696475658071395,1205,-0.22321654318675643
104,3.5,4,20,LONG,-0.10556849747959918,0.0010846811266239677,0.0015580941431271498,-0.79635983843132,2184,-0.47923117641260327
104,3.5,4,10,LONG,-0.10560205646899479,0.0010111841395363654,0.0014525179371818941,-0.7964045167421252,2184,-0.47934543222137327
52,3.5,4,5,LONG,-0.11380753697441748,-0.0007348413063529321,-0.0010614127279698364,-0.9071040252910205,2173,-0.5066655284355854
52,2.5,8,10,LONG,-0.043897812203232744,-0.001692934829681331,-0.0024980790220434173,-0.6736465921287593,1205,-0.23089035860912388
52,3.5,4,10,LONG,-0.11829687706167091,-0.010708401836626623,-0.015460910515498463,-0.908500836803366,2173,-0.5211024910167057
52,3.5,4,20,LONG,-0.11829687706167091,-0.010708401836626623,-0.015460910515498463,-0.908500836803366,2173,-0.5211024910167057
156,3.0,13,20,LONG,-0.07887481221991322,-0.012749367711957657,-0.01803369284722699,-0.795993046216726,726,-0.38150847365512786
156,3.0,13,10,LONG,-0.07887481221991322,-0.012749367711957657,-0.01803369284722699,-0.795993046216726,726,-0.38150847365512786
52,1.5,8,10,LONG,-0.024693342753960956,-0.012829496266749101,-0.018021678644928662,-0.6998538467448032,1210,-0.1360330368844307
52,2.5,8,5,LONG,-0.05318330137938776,-0.0211979243449351,-0.031744177394548836,-0.6360588511943572,1205,-0.2735564618114048
156,3.0,4,20,LONG,-0.09759863509862587,-0.023236289008649505,-0.03515593102502778,-0.916192828722418,2276,-0.45150142685910966
156,3.0,4,10,LONG,-0.09778518592249741,-0.023666054874932743,-0.035806843006673736,-0.9162940966697474,2276,-0.45216420217735964
156,3.0,4,5,LONG,-0.09907586556051995,-0.026360247576525775,-0.039895734218432025,-0.9172698324856131,2276,-0.4567315498512402
156,3.5,4,5,LONG,-0.1237198913969848,-0.029282544936670138,-0.044891589600321156,-0.8683688991106062,2146,-0.5380731946339371
156,3.5,4,20,LONG,-0.1246967866923232,-0.03162155950890281,-0.04847526955274859,-0.8691788240119551,2146,-0.5410766122868574
156,3.5,4,10,LONG,-0.1246967866923232,-0.03162155950890281,-0.04847526955274859,-0.8691788240119551,2146,-0.5410766122868574
13,1.5,8,10,LONG,-0.0277789141509881,-0.03247967563660572,-0.046975458051162385,-0.6666390532519373,1215,-0.15189557852806823
104,1.5,8,10,LONG,-0.035564061408556724,-0.034249474662604903,-0.04789423288912904,-0.5223474244017283,1198,-0.1908482396167719
156,3.0,13,5,LONG,-0.0887711179565509,-0.03654879334333328,-0.051758800684291284,-0.806956097246762,726,-0.41936997045220237
52,1.5,6,20,LONG,-0.026281388057994515,-0.04966409496887595,-0.06757241059851642,-0.582706849277465,1612,-0.14422741368468284
52,2.0,6,20,LONG,-0.039951097547221814,-0.051368023589558,-0.07446443140197959,-0.6565177118017085,1611,-0.21213706400917176
13,2.0,8,5,LONG,-0.05228549824130979,-0.06031121280581089,-0.08714219234498596,-0.6396156708740912,1215,-0.26951883282713507
13,1.5,8,20,LONG,-0.02734571823631371,-0.06183803924682611,-0.08734072976393968,-0.6693745528392925,1215,-0.14968325440232944
52,2.0,6,5,LONG,-0.06632557956887952,-0.07416101245412991,-0.10848387774646688,-0.7639262558032771,1611,-0.3305755265692374
13,3.0,6,20,LONG,-0.1543664438316268,-0.07451917653176607,-0.11741935293047663,-0.9114761285658816,1239,-0.624890584924555
13,3.0,6,10,LONG,-0.15441045869957248,-0.07463084126693523,-0.1175862262558885,-0.9112689817092079,1239,-0.6250047495061047
13,2.5,8,5,LONG,-0.09130795665444391,-0.07847428372632387,-0.11593634368762491,-0.8564890632994101,1198,-0.4287595397792592
104,2.5,8,5,LONG,-0.09290972001106446,-0.08241533782193201,-0.12151635273584686,-0.7244897179682948,1193,-0.4346230294708555
26,4.0,13,5,SHORT,-0.1556519470902299,-0.08476452445773464,-0.12744592362394444,-0.9129004821585291,609,-0.6282130451836264
13,3.0,6,5,LONG,-0.16210900268411899,-0.09103542927944479,-0.14352559164911494,-0.9134903876200418,1239,-0.644534991315873
26,4.0,13,10,SHORT,-0.15880784641733048,-0.09135082652724347,-0.1374242953115324,-0.9129004821585294,609,-0.6362663299323739
26,4.0,13,20,SHORT,-0.15880784641733048,-0.09135082652724347,-0.1374242953115324,-0.9129004821585294,609,-0.6362663299323739
104,2.5,8,10,LONG,-0.09397071819668645,-0.09532750752577328,-0.13861778082442128,-0.7179310977384684,1193,-0.4384794288753645
104,2.5,8,20,LONG,-0.09395710460489848,-0.09533557317894104,-0.13858720326032467,-0.7179181037546226,1193,-0.4384300861648126
104,1.5,8,20,LONG,-0.045480021657822056,-0.10051423283746855,-0.1403260766874441,-0.5259104081482124,1198,-0.23830375147594163
156,4.0,8,5,LONG,-0.19119908053405965,-0.10085342024524352,-0.1394524902693624,-0.9356872412364869,1082,-0.710896501358822
156,4.0,8,10,LONG,-0.19129113492776872,-0.10099891985730514,-0.13967900589312376,-0.935618773389101,1082,-0.7110888758300908
156,4.0,8,20,LONG,-0.19129113492776872,-0.10099891985730514,-0.13967900589312376,-0.935618773389101,1082,-0.7110888758300908
13,2.5,8,20,LONG,-0.09919028433996457,-0.10343202916506349,-0.15162964519986974,-0.8643158407370388,1198,-0.45713491734728817
13,2.5,8,10,LONG,-0.09928641311723219,-0.10370931855775097,-0.1520321404330741,-0.864664678548398,1198,-0.4574736140337452
156,4.0,26,5,SHORT,-0.15491381838355223,-0.10496623837023333,-0.15378948224575567,-0.7660306845131614,357,-0.6263083033394099
52,3.5,8,5,LONG,-0.1600814517698611,-0.10497506568623162,-0.1490255939612898,-0.8985957765645358,1148,-0.6394751137783058
52,3.5,8,10,LONG,-0.16046304067686012,-0.10661923723863707,-0.15120122634885677,-0.9005710500493797,1148,-0.640431925702674
52,3.5,8,20,LONG,-0.16046304067686012,-0.10661923723863707,-0.15120122634885677,-0.9005710500493797,1148,-0.640431925702674
156,4.0,26,10,SHORT,-0.1557225364396938,-0.10677056656818218,-0.15654227179714145,-0.7675617923249265,357,-0.628394778617811
156,4.0,26,20,SHORT,-0.1557225364396938,-0.10677056656818218,-0.15654227179714145,-0.7675617923249265,357,-0.628394778617811
156,1.5,8,20,LONG,-0.04696317015455043,-0.11086621794249239,-0.15109689737537502,-0.6855665062447615,1189,-0.24519911026573393
6,1.5,8,20,LONG,-0.03631385869331161,-0.11401254881842367,-0.1592749294895814,-0.7007291460920633,1216,-0.19452015851755455
13,1.5,6,20,LONG,-0.04211619104637987,-0.11650593717029471,-0.15553039259411594,-0.5879201315807743,1618,-0.2224711303419411
13,2.5,6,5,LONG,-0.11581522981251147,-0.12350035717895656,-0.18153451406403892,-0.8425880888296156,1588,-0.5131658834622713
156,3.0,6,10,LONG,-0.1370761250775795,-0.12541616387729151,-0.19131601419703584,-0.883698050149947,1547,-0.5777555626943842
156,3.0,6,20,LONG,-0.1370761250775795,-0.12541616387729151,-0.19131601419703584,-0.883698050149947,1547,-0.5777555626943842
52,3.5,26,10,LONG,-0.143489619291987,-0.14534504692143624,-0.21083342571233013,-0.8785921506720662,367,-0.5957806397616429
52,3.5,26,20,LONG,-0.143489619291987,-0.14534504692143624,-0.21083342571233013,-0.8785921506720662,367,-0.5957806397616429
156,3.0,6,5,LONG,-0.14528281573704815,-0.14596095898596087,-0.2226810200767637,-0.8884346127568792,1547,-0.6007046582570219
52,3.5,26,5,LONG,-0.1446716021952844,-0.14750383836060382,-0.2137323180356407,-0.8785770593482624,367,-0.5990319174233618
26,1.5,6,10,LONG,-0.06306175732648911,-0.14792191861488294,-0.2109795140995386,-0.6932057362287471,1615,-0.31677408079276914
52,5.0,6,10,LONG,-0.1498103685208242,-0.14942810188878183,-0.22065139382805754,-0.864904568338312,1024,-0.6129162413656816
52,5.0,6,20,LONG,-0.1498103685208242,-0.14942810188878183,-0.22065139382805754,-0.864904568338312,1024,-0.6129162413656816
52,5.0,6,5,LONG,-0.15015381542261452,-0.15021656758377955,-0.22186375704120653,-0.8652234064494604,1024,-0.6138297959762344
26,3.5,8,20,LONG,-0.19959681250722816,-0.15691185796939883,-0.2285048521759616,-0.918406613793168,1098,-0.7280148750695585
26,3.5,8,10,LONG,-0.19961235579466508,-0.15694679203285283,-0.2285561241310188,-0.9184106340429712,1098,-0.7280457616480929
13,2.5,6,20,LONG,-0.1274927856644863,-0.15902498476068253,-0.23288492661485719,-0.8559916989419946,1588,-0.5495834407571707
13,2.5,6,10,LONG,-0.12895743002214977,-0.1629066806897997,-0.23859583263154516,-0.8569692231586792,1588,-0.5539871794837254
26,3.5,8,5,LONG,-0.20264372544507137,-0.1636940509028053,-0.23833222175087845,-0.9196753657578479,1098,-0.7340141810504361
26,4.0,6,5,LONG,-0.1663632139800577,-0.16497575248274365,-0.24965974053325327,-0.8791498125986149,1121,-0.6549604770684747
26,4.0,6,10,LONG,-0.16655071902980423,-0.16552405657443206,-0.2504424281878224,-0.8794318776835226,1121,-0.6554140834786172
26,4.0,6,20,LONG,-0.16655071902980423,-0.16552405657443206,-0.2504424281878224,-0.8794318776835226,1121,-0.6554140834786172
13,2.0,8,20,LONG,-0.06947197360508928,-0.16679137397633728,-0.2331898952762281,-0.6854266110886853,1215,-0.3436608203595366
13,2.0,8,10,LONG,-0.07334780946933528,-0.1738366540699294,-0.24757986802067258,-0.6780747041126365,1215,-0.3594875690366519
156,1.5,13,20,LONG,-0.053244449931650784,-0.17758782824801939,-0.2485215929598796,-0.6243966369166758,737,-0.2738307866738242
104,5.0,6,5,LONG,-0.18965138522738711,-0.17831623161126484,-0.2665494881597002,-0.9027679995421793,1141,-0.7076462049994962
104,5.0,6,10,LONG,-0.19032658059170116,-0.17994591085425665,-0.2689697090083869,-0.9033592877471703,1141,-0.7090678796147531
104,5.0,6,20,LONG,-0.19032658059170116,-0.17994591085425665,-0.2689697090083869,-0.9033592877471703,1141,-0.7090678796147531
13,3.0,8,20,LONG,-0.21858743346276022,-0.1818837909108178,-0.265535575595158,-0.9280602671596743,1036,-0.7636480179288143
13,3.0,8,5,LONG,-0.2191699414938908,-0.18305121190558474,-0.2666857306879267,-0.9284782248422129,1036,-0.7646765244964311
13,3.0,8,10,LONG,-0.2193487359524242,-0.1835802392086364,-0.2680200965147028,-0.9282176797574189,1036,-0.7649914680736214
156,1.5,6,10,LONG,-0.07349730793443687,-0.1843152969248309,-0.25488333255002205,-0.7653139164931204,1590,-0.3600916410636089
13,2.0,6,5,LONG,-0.09733075294236615,-0.19063069868293206,-0.28445347831655704,-0.7689614710910155,1618,-0.45054853616423585
104,3.0,6,5,LONG,-0.1523203888602237,-0.19174810224382804,-0.2948066651718026,-0.8596768884505708,1559,-0.6195516863383952
156,5.0,8,5,LONG,-0.22598946836022316,-0.19528802271436962,-0.27487928161700975,-0.926676942445803,952,-0.7764440604141998
104,3.0,6,20,LONG,-0.1535515683258809,-0.19653190185611233,-0.3019632050878025,-0.8588353891382157,1559,-0.6227717722493402
104,3.0,6,10,LONG,-0.15371082350791276,-0.19693125090160635,-0.3025636114300365,-0.8589906392286388,1559,-0.6231866405092463
156,5.0,8,20,LONG,-0.2267313052586618,-0.19697527397304934,-0.2772500314579408,-0.9270869616885328,952,-0.7776941751818356
156,5.0,8,10,LONG,-0.2267313052586618,-0.19697527397304934,-0.2772500314579408,-0.9270869616885328,952,-0.7776941751818356
52,5.0,13,5,LONG,-0.1866912811993704,-0.204282204932137,-0.29028330373830513,-0.854258932069258,573,-0.7013453229214943
52,5.0,13,10,LONG,-0.18787619076544027,-0.20725692591909725,-0.2946349699800843,-0.8554962724026948,573,-0.7038808983976835
52,5.0,13,20,LONG,-0.18787619076544027,-0.20725692591909725,-0.2946349699800843,-0.8554962724026948,573,-0.7038808983976835
156,4.0,26,20,LONG,-0.1977105247224792,-0.2078185077307284,-0.32502443747257304,-0.8703626481512894,357,-0.7242449154933646
156,4.0,26,10,LONG,-0.1977105247224792,-0.2078185077307284,-0.32502443747257304,-0.8703626481512894,357,-0.7242449154933646
156,4.0,26,5,LONG,-0.19844320160131879,-0.20964926836553469,-0.3278249896171644,-0.8710534623124282,357,-0.7257143648045903
52,3.5,26,5,SHORT,-0.1692045337436332,-0.20995021721724305,-0.31633407023674914,-0.8513859565566771,367,-0.6617812859978257
52,3.5,26,20,SHORT,-0.16989290071619323,-0.21256639896436622,-0.320147722618247,-0.8523500422202088,367,-0.6634168304542556
52,3.5,26,10,SHORT,-0.16989290071619323,-0.21256639896436622,-0.320147722618247,-0.8523500422202088,367,-0.6634168304542556
104,5.0,4,20,LONG,-0.19909218810906726,-0.2191300640781949,-0.34452523509330574,-0.9388845924658562,1505,-0.7270105383187933
104,5.0,4,10,LONG,-0.19909218810906726,-0.2191300640781949,-0.34452523509330574,-0.9388845924658562,1505,-0.7270105383187933
104,5.0,4,5,LONG,-0.1995060777483596,-0.21999387096115822,-0.34584817589213945,-0.939255358536321,1505,-0.7278345149986087
52,4.0,8,5,SHORT,-0.21307655479911014,-0.22283606984792453,-0.30210490048550515,-0.9044205364972582,1085,-0.7537319669526625
26,1.5,6,5,LONG,-0.10927915488338202,-0.22365582260161435,-0.3313218989294315,-0.825812792737215,1615,-0.49173934278448883
52,4.0,8,10,SHORT,-0.21381565956755577,-0.22465990701946903,-0.30451948682375846,-0.9044205364972582,1085,-0.755081563261452
52,4.0,8,20,SHORT,-0.21381565956755577,-0.22465990701946903,-0.30451948682375846,-0.9044205364972582,1085,-0.755081563261452
156,1.5,6,5,LONG,-0.12174889766564512,-0.2532590742498049,-0.36053223934490863,-0.8223407766521802,1590,-0.5319638481924661
104,2.0,4,5,LONG,-0.12261037718553225,-0.25776506368697805,-0.37026165649337467,-0.8115814800679453,2385,-0.534642301700988
26,3.0,4,10,LONG,-0.19245917823998804,-0.26297606857458566,-0.3753463126468386,-0.9392085406082973,2283,-0.7135206412661173
26,3.0,4,20,LONG,-0.19297272128515874,-0.2643819119210176,-0.3773691168875636,-0.9394342743684514,2283,-0.714584410149126
52,5.0,13,10,SHORT,-0.2111249754197705,-0.2673292929246868,-0.37965185061607926,-0.864299865062885,573,-0.7501387448367973
52,5.0,13,20,SHORT,-0.2111249754197705,-0.2673292929246868,-0.37965185061607926,-0.864299865062885,573,-0.7501387448367973
52,5.0,13,5,SHORT,-0.21230064466704412,-0.27027245236674724,-0.38390342143017026,-0.8642998650628853,573,-0.7523085370569161
104,5.0,8,10,LONG,-0.2532418020901642,-0.27161254521507405,-0.38705599969566584,-0.9566226682925394,972,-0.818719794759925
104,5.0,8,20,LONG,-0.2532418020901642,-0.27161254521507405,-0.38705599969566584,-0.9566226682925394,972,-0.818719794759925
26,2.0,6,10,LONG,-0.10035012910743313,-0.2726314954680888,-0.3939496163399621,-0.7510328966254614,1615,-0.4612097933478202
26,3.0,4,5,LONG,-0.19718733475605033,-0.27280785781590233,-0.39039858925164017,-0.9404025193458561,2283,-0.72319162197843
104,5.0,8,5,LONG,-0.25396993037505555,-0.2732364607359959,-0.38946986016079277,-0.9564826518125208,972,-0.819751042250817
26,2.0,6,20,LONG,-0.09634089351466668,-0.27423662860563064,-0.3922533572649072,-0.7500318507216439,1615,-0.44701556778068063
104,1.5,6,5,LONG,-0.1261983924026071,-0.2744210917484927,-0.4095670309710866,-0.7805368117083722,1603,-0.5456616490165214
156,5.0,6,20,SHORT,-0.2534349554253297,-0.27938051789709445,-0.35891751047381926,-0.8731394674325693,1133,-0.8189938330998655
156,5.0,6,10,SHORT,-0.2534349554253297,-0.27938051789709445,-0.35891751047381926,-0.8731394674325693,1133,-0.8189938330998655
156,5.0,6,5,SHORT,-0.253787002070611,-0.2802240218703986,-0.3600424647808427,-0.8734889083072878,1133,-0.8194924196343135
156,5.0,4,5,LONG,-0.23723533304538869,-0.28630003187721076,-0.43560220425863794,-0.9417159273724162,1504,-0.7947825713554921
156,5.0,4,10,LONG,-0.2378867058493449,-0.2879316003120588,-0.43807396658158476,-0.9417159273724165,1504,-0.7958053116645135
156,5.0,4,20,LONG,-0.2378867058493449,-0.2879316003120588,-0.43807396658158476,-0.9417159273724165,1504,-0.7958053116645135
52,5.0,8,5,SHORT,-0.23198827846182413,-0.28846930054763203,-0.3693194743616862,-0.9086062595846195,917,-0.7863880581472795
52,5.0,8,20,SHORT,-0.23209185171946167,-0.2888414550610755,-0.3696802132781597,-0.9086062595846195,917,-0.7865564706653453
52,5.0,8,10,SHORT,-0.23209185171946167,-0.2888414550610755,-0.3696802132781597,-0.9086062595846195,917,-0.7865564706653453
104,2.0,6,10,LONG,-0.11324942357275858,-0.2946578036155168,-0.4428468599839134,-0.7671900963865982,1602,-0.504845786018713
26,2.0,6,5,LONG,-0.13000689363236695,-0.29482587563690865,-0.434890847504043,-0.8291200234405773,1615,-0.5571205957851086
52,2.5,6,5,LONG,-0.15445173293533787,-0.29567609911740445,-0.4611506996693521,-0.8063136922196866,1600,-0.6251117793380376
104,2.5,6,5,LONG,-0.1550430676097051,-0.29609504924585833,-0.45631940506846647,-0.8616961848769273,1586,-0.6266424140640795
26,1.5,6,20,LONG,-0.08669928163861518,-0.3026795833082745,-0.41134987357897607,-0.6487718326759552,1615,-0.41160691923667236
104,3.0,13,5,LONG,-0.1900569423162436,-0.30635651273117204,-0.44627519823665107,-0.8475067024376578,732,-0.7085008249236312
156,2.0,4,5,LONG,-0.13288723667988767,-0.31455370285847634,-0.46922303955825506,-0.8241175493673216,2365,-0.5656268892049576
104,4.0,8,5,SHORT,-0.27893812872847956,-0.3150896058124925,-0.43149903189047245,-0.9171453183236271,1091,-0.852287800952154
104,4.0,8,20,SHORT,-0.27931382850346387,-0.3159826363102728,-0.43275317244880257,-0.9172136204745626,1091,-0.8527373191673993
104,4.0,8,10,SHORT,-0.27931382850346387,-0.3159826363102728,-0.43275317244880257,-0.9172136204745626,1091,-0.8527373191673993
26,4.0,8,5,LONG,-0.24347025238239772,-0.31975180335006237,-0.4578914105773707,-0.9510387238588611,973,-0.8044001430509131
26,4.0,8,20,LONG,-0.24418264047101423,-0.3216055639552335,-0.46070053907004066,-0.9513077305872755,973,-0.8054748225066628
26,4.0,8,10,LONG,-0.24418264047101423,-0.3216055639552335,-0.46070053907004066,-0.9513077305872755,973,-0.8054748225066628
104,3.0,13,10,LONG,-0.19516662690974595,-0.32357040349464333,-0.4694676479577201,-0.8532216678957574,732,-0.7190921320927752
104,3.0,13,20,LONG,-0.19516662690974595,-0.32357040349464333,-0.4694676479577201,-0.8532216678957574,732,-0.7190921320927752
104,2.0,6,5,LONG,-0.14533236663463434,-0.32558653058549164,-0.48293446683643737,-0.8199633047172802,1602,-0.600840012952753
6,2.0,6,10,SHORT,-0.2527513111178066,-0.32684087327807637,-0.4237516033408475,-0.9326534243340975,1335,-0.8180223594552352
6,2.0,6,20,SHORT,-0.2529666443873515,-0.3272433205525478,-0.42424110129838694,-0.9329783777072308,1335,-0.8183288179516058
6,2.0,6,5,SHORT,-0.2544589662995218,-0.3311924174662668,-0.4303199976029358,-0.9317386182639765,1335,-0.820440929564517
52,2.5,6,20,LONG,-0.1583351933124041,-0.332301793368921,-0.5168797320302947,-0.8152434681549379,1600,-0.6350694974352674
104,1.5,6,10,LONG,-0.11338880278069852,-0.33424812023525063,-0.4889544511294545,-0.6919880334321857,1603,-0.5053007557959869
52,2.5,6,10,LONG,-0.16054666174054433,-0.339187729696887,-0.5279725575133347,-0.8172528120854644,1600,-0.6406413191848914
104,3.0,13,20,SHORT,-0.20145472169609258,-0.341333201412113,-0.4907368723400989,-0.8305749365276608,732,-0.7316862489588963
104,3.0,13,10,SHORT,-0.20145472169609258,-0.341333201412113,-0.4907368723400989,-0.8305749365276608,732,-0.7316862489588963
13,2.5,4,5,LONG,-0.19326166085516294,-0.34495483883770506,-0.48111875478420946,-0.846417865404457,2352,-0.7151814875309728
52,3.5,6,20,SHORT,-0.28159430293074217,-0.3487932513072799,-0.4249281454787135,-0.8629951969243413,1490,-0.855441603170846
52,3.5,6,10,SHORT,-0.28159430293074217,-0.3487932513072799,-0.4249281454787135,-0.8629951969243413,1490,-0.855441603170846
52,3.5,6,5,SHORT,-0.28179265315295066,-0.34898399454643353,-0.4249604345858374,-0.8632162614651882,1490,-0.8556748558371992
13,3.0,4,5,SHORT,-0.26523486550903286,-0.3535194348446783,-0.4261679643211854,-0.937077033772696,1668,-0.8350964263566972
104,2.5,6,20,LONG,-0.16619842472771373,-0.3556834689715264,-0.5415902260669371,-0.8814380111639226,1586,-0.6545614154269257
26,4.0,4,5,LONG,-0.24852903803660165,-0.35600313796798977,-0.5251929321539675,-0.9404788675492447,1459,-0.8119261346649814
104,3.0,13,5,SHORT,-0.20765950399004685,-0.3560151515463024,-0.5095169098374275,-0.8368782489037168,732,-0.7436510549049696
104,2.0,6,20,LONG,-0.1274692160764349,-0.3566351089382421,-0.5323665175054558,-0.7853493987801556,1602,-0.5495122806200612
6,2.0,4,10,SHORT,-0.22803362993348886,-0.35795318583812796,-0.4605687270751605,-0.9210904697318008,1850,-0.7798747847477155
104,2.5,6,10,LONG,-0.1679259190987462,-0.3606334346963486,-0.5494551618611196,-0.8817686320440141,1586,-0.6587258402063294
13,3.0,4,20,SHORT,-0.2689344621524431,-0.36353977770745133,-0.43886834497717353,-0.9371375242697815,1668,-0.8398931888955262
6,2.0,4,20,SHORT,-0.23013054445067682,-0.36356663690169233,-0.46794420953271604,-0.920784804433591,1850,-0.7833485792790497
26,4.0,4,20,LONG,-0.25167049737261793,-0.36407210608499574,-0.5372191499466987,-0.9419534013332366,1459,-0.8164776828098896
26,4.0,4,10,LONG,-0.25167049737261793,-0.36407210608499574,-0.5372191499466987,-0.9419534013332366,1459,-0.8164776828098896
13,3.0,4,10,SHORT,-0.26922776738227816,-0.3642759360602691,-0.4398001810509711,-0.9371375242697816,1668,-0.840268474561004
156,1.5,6,20,LONG,-0.10868183086755256,-0.36733040944919493,-0.48589669975976696,-0.7632594164985733,1590,-0.4897428309601962
26,4.0,13,20,LONG,-0.278647782900282,-0.37050332785744805,-0.4967643091834785,-0.9419748070225348,609,-0.8519396285374777
26,4.0,13,10,LONG,-0.278647782900282,-0.37050332785744805,-0.4967643091834785,-0.9419748070225348,609,-0.8519396285374777
26,4.0,13,5,LONG,-0.28110152143372336,-0.3773631561316333,-0.5056949100126878,-0.9431196038498082,609,-0.8548607570128461
6,2.0,4,5,SHORT,-0.23641045684086626,-0.3807623008505166,-0.4906893048402657,-0.9213464987805577,1850,-0.7934813175129428
26,3.5,4,5,LONG,-0.29696749244617515,-0.38396421330427716,-0.5634767811854758,-0.9703708751649377,1999,-0.8726190046885934
26,3.5,4,10,LONG,-0.29767369954635614,-0.38587425351071114,-0.5666844889786736,-0.9705445068985245,1999,-0.8733654790838064
26,3.5,4,20,LONG,-0.29778433951944616,-0.3861506340404603,-0.5671204693446532,-0.9705716328268905,1999,-0.8734820983823258
104,5.0,8,5,SHORT,-0.3020244231318836,-0.3875593476501028,-0.5273957659222721,-0.889637426162758,972,-0.8778847373818972
104,2.5,4,5,LONG,-0.180282461830661,-0.3880630445139093,-0.5680847385422942,-0.8870160621907924,2359,-0.6873170898939477
104,5.0,8,10,SHORT,-0.30264973809190276,-0.3892659450242874,-0.5295813293162723,-0.889637426162758,972,-0.8785231426700327
104,5.0,8,20,SHORT,-0.30264973809190276,-0.3892659450242874,-0.5295813293162723,-0.889637426162758,972,-0.8785231426700327
104,2.5,4,20,LONG,-0.17574423671447126,-0.39087936723015865,-0.5647482245601819,-0.878886660613076,2359,-0.6770566133521659
52,5.0,8,20,LONG,-0.2720442200807085,-0.3965756494208368,-0.5823844105099204,-0.9460577263400012,917,-0.8438351686644332
52,5.0,8,10,LONG,-0.2720442200807085,-0.3965756494208368,-0.5823844105099204,-0.9460577263400012,917,-0.8438351686644332
52,5.0,8,5,LONG,-0.2721961017845076,-0.39685304348248357,-0.5827721445865641,-0.9461235104633287,917,-0.8440256160784363
156,4.0,6,10,SHORT,-0.2958256543230974,-0.3970358395612103,-0.502567562755413,-0.8858902614436365,1386,-0.8714043444666926
156,4.0,6,20,SHORT,-0.2958644889932174,-0.3971352109585879,-0.502699213795017,-0.8859270586711492,1386,-0.8714458130008743
156,4.0,6,5,SHORT,-0.29640479222131966,-0.39849349715062127,-0.5045012802660257,-0.8864379955194699,1386,-0.8720216118746353
26,2.5,6,5,LONG,-0.1851964267519981,-0.39876404602468185,-0.6027739471902649,-0.8410644555909143,1607,-0.6981208480128335
26,4.0,8,20,SHORT,-0.2753206861365497,-0.3996113365750891,-0.5185782983890629,-0.9363014396287129,973,-0.8479010824962423
26,4.0,8,10,SHORT,-0.2753206861365497,-0.3996113365750891,-0.5185782983890629,-0.9363014396287129,973,-0.8479010824962423
104,2.5,4,10,LONG,-0.17876920682418873,-0.40040531161921206,-0.5790187459250443,-0.8806213137910854,2359,-0.683926254210745
13,2.5,4,10,LONG,-0.20987822801121536,-0.40137981950211027,-0.5582696984839507,-0.8660789106324446,2352,-0.7478205808380757
26,4.0,8,5,SHORT,-0.2760160527349603,-0.4014410544615723,-0.5218252260047664,-0.9363014396287129,973,-0.8487526028218103
6,2.0,26,10,SHORT,-0.23231057828716517,-0.40195538955075927,-0.5543429091307621,-0.8392201629646175,359,-0.7869117634834256
104,4.0,8,10,LONG,-0.3151258402646636,-0.4029984498073394,-0.5718482891389042,-0.9696909830981791,1091,-0.8906940649591937
104,4.0,8,20,LONG,-0.3151258402646636,-0.4029984498073394,-0.5718482891389042,-0.9696909830981791,1091,-0.8906940649591937
156,3.5,8,5,LONG,-0.2698103088644682,-0.4033282995732814,-0.5949319317145276,-0.8972726047968402,1128,-0.8410116773461944
156,3.5,8,10,LONG,-0.2696583502107064,-0.40347073683846646,-0.5951350999532748,-0.8983245621852098,1128,-0.8408180863838091
156,3.5,8,20,LONG,-0.2696583502107064,-0.40347073683846646,-0.5951350999532748,-0.8983245621852098,1128,-0.8408180863838091
104,4.0,8,5,LONG,-0.3154761600717455,-0.4039019974471121,-0.5731826855979913,-0.9697196233231599,1091,-0.8910206303919119
6,2.0,26,20,SHORT,-0.23352960204846673,-0.40530562734287834,-0.5590263355537985,-0.8392201629646171,359,-0.7888829405703148
13,2.5,4,20,LONG,-0.2110816424207801,-0.40550080086383516,-0.5638128672001688,-0.8671587509463654,2352,-0.7500584702075467
6,2.0,26,5,SHORT,-0.2341722533820253,-0.40700225505559584,-0.5624482538881684,-0.8396711958287553,359,-0.7899160153392655
156,2.5,4,10,LONG,-0.191982208413363,-0.4170040433713584,-0.5932529214917776,-0.8839692057702582,2338,-0.7125296893037371
156,2.5,4,20,LONG,-0.19232723516112238,-0.41827540382702266,-0.5949961424159413,-0.8836094450719512,2338,-0.713246800250942
13,3.0,2,20,LONG,-0.2531438766526891,-0.4222520267158616,-0.5967492411682281,-0.942143685363574,2531,-0.8185807306755039
156,2.5,4,5,LONG,-0.1975536025444593,-0.42250952629938926,-0.6054092091322436,-0.8919930856032565,2338,-0.7239293469563091
13,3.0,2,10,LONG,-0.2535138869187509,-0.42330867004291645,-0.598260546046922,-0.9423111091206396,2531,-0.8191057191035653
104,3.5,26,10,SHORT,-0.2656629718468485,-0.42613054309562826,-0.5489809629496831,-0.8803231303729022,366,-0.8356575142018925
104,3.5,26,20,SHORT,-0.2656629718468485,-0.42613054309562826,-0.5489809629496831,-0.8803231303729022,366,-0.8356575142018925
13,3.0,2,5,LONG,-0.25509593218565363,-0.42783197268958206,-0.6051584968474149,-0.9438508469611505,2531,-0.8213362193334874
104,3.5,26,5,SHORT,-0.26638865428598046,-0.42876161482149455,-0.5519871964237489,-0.882041322323196,366,-0.8366049980191043
156,3.5,8,5,SHORT,-0.28236010505403186,-0.4335568168095301,-0.5955396507158526,-0.9265805481584483,1128,-0.8563404362265017
156,3.5,8,10,SHORT,-0.2822857053123843,-0.43391755614714417,-0.5956381880457498,-0.9265360239552286,1128,-0.8562533158864356
156,3.5,8,20,SHORT,-0.2822857053123843,-0.43391755614714417,-0.5956381880457498,-0.9265360239552286,1128,-0.8562533158864356
26,2.5,6,10,LONG,-0.18590300175206853,-0.4355275936365498,-0.6519806724044777,-0.8294221532662381,1607,-0.699648542938971
26,2.5,6,20,LONG,-0.18662023379379045,-0.4380033961043518,-0.6553019842736922,-0.8284147120566356,1607,-0.7011927192074866
156,5.0,8,20,SHORT,-0.3283496422092457,-0.4422523732678981,-0.6157331530961072,-0.946658501234406,952,-0.9024729225860982
156,5.0,8,10,SHORT,-0.3283496422092457,-0.4422523732678981,-0.6157331530961072,-0.946658501234406,952,-0.9024729225860982
156,5.0,8,5,SHORT,-0.3290005171439071,-0.44393004557104765,-0.6182574223936329,-0.94674707185685,952,-0.9030243272348096
13,2.0,6,10,LONG,-0.14317474278706277,-0.4454626452284823,-0.6441368186232806,-0.7288395561956247,1618,-0.5949108329878237
156,2.0,4,20,LONG,-0.15236020314072862,-0.44733761820150914,-0.6463734432525332,-0.8250116329801506,2365,-0.6196561738475124
104,2.0,4,10,LONG,-0.15673994027787752,-0.4501752732502126,-0.6196705432630205,-0.8123512484983684,2385,-0.6310059327045425
156,2.0,4,10,LONG,-0.15419215886987114,-0.4509269490234039,-0.6541305872359745,-0.821440328130786,2365,-0.6244382463045508
156,5.0,13,5,SHORT,-0.3369531249580924,-0.45411313508115175,-0.5967876132351521,-0.9299572695758744,613,-0.9095555593032807
156,5.0,13,20,SHORT,-0.3373505584010773,-0.4550903197511155,-0.5981216913771513,-0.930202437289467,613,-0.9098721382915428
156,5.0,13,10,SHORT,-0.3373505584010773,-0.4550903197511155,-0.5981216913771513,-0.930202437289467,613,-0.9098721382915428
52,5.0,4,5,SHORT,-0.26209796486898773,-0.45912367353412104,-0.5919550913222614,-0.9347259278574771,1306,-0.830936467174414
52,4.0,2,5,LONG,-0.30196061011185016,-0.4594718450448509,-0.6467377588335884,-0.9709078086995314,3176,-0.8778194324031886
104,1.5,6,20,LONG,-0.12395644525146698,-0.46064369285722134,-0.6446063203103896,-0.7020768368391086,1603,-0.5388019589174251
52,5.0,4,10,SHORT,-0.26308338286309507,-0.46215329020572765,-0.595550302121545,-0.934837395092093,1306,-0.8322525311876656
52,5.0,4,20,SHORT,-0.26308338286309507,-0.46215329020572765,-0.595550302121545,-0.934837395092093,1306,-0.8322525311876656
13,2.0,6,20,LONG,-0.1418904653954136,-0.46316883085323485,-0.6629030071516709,-0.7310146980590932,1618,-0.591347090397116
52,5.0,2,20,LONG,-0.2377561183397212,-0.4647625757092638,-0.6761856976828173,-0.9070715036679166,1743,-0.7956006116114815
52,5.0,2,10,LONG,-0.2377561183397212,-0.4647625757092638,-0.6761856976828173,-0.9070715036679166,1743,-0.7956006116114815
52,4.0,2,10,LONG,-0.3040490533092689,-0.4651331383132534,-0.6547234728677104,-0.971109233883001,3176,-0.8799417330633229
52,4.0,2,20,LONG,-0.3040490533092689,-0.4651331383132534,-0.6547234728677104,-0.971109233883001,3176,-0.8799417330633229
52,5.0,2,5,LONG,-0.23795552887433435,-0.46536366130543433,-0.6769859714533366,-0.9072135855437343,1743,-0.795913125529865
104,2.0,4,20,LONG,-0.16029202661452335,-0.4755031130907175,-0.6527278448046105,-0.8154143438815096,2385,-0.6400033785655077
156,5.0,6,5,LONG,-0.3330124900806838,-0.4907317676668958,-0.720866005137771,-0.975037541528419,1133,-0.9063664154325161
156,5.0,6,10,LONG,-0.33332396948628185,-0.4915813439564178,-0.7221083123035085,-0.9751305238693726,1133,-0.9066218400206618
156,5.0,6,20,LONG,-0.33332396948628185,-0.4915813439564178,-0.7221083123035085,-0.9751305238693726,1133,-0.9066218400206618
156,3.5,26,20,SHORT,-0.2819345319710115,-0.4937733881147034,-0.7312020028177278,-0.8873533710658349,362,-0.8558415087008473
156,3.5,26,10,SHORT,-0.2819345319710115,-0.4937733881147034,-0.7312020028177278,-0.8873533710658349,362,-0.8558415087008473
156,3.5,26,5,SHORT,-0.28391029854195915,-0.49986587369392244,-0.7411307646325841,-0.8874202832519262,362,-0.8581457437726643
156,2.0,6,10,LONG,-0.1680828013142477,-0.5034892934501308,-0.7216262696578357,-0.831530619834302,1589,-0.6591019612780694
13,3.0,8,10,SHORT,-0.35529285724590753,-0.5051216869975674,-0.6109493871915449,-0.9416744082540511,1036,-0.9232386862806851
13,3.0,8,5,SHORT,-0.3555080161867601,-0.5055413264920033,-0.6123030076877978,-0.94173785372543,1036,-0.923388378426618
13,3.0,8,20,SHORT,-0.3559188633931102,-0.506822636065091,-0.6130724711580335,-0.9416744082540509,1036,-0.923673544221749
156,2.0,6,5,LONG,-0.19463063089153188,-0.5088050110389795,-0.7412950047913505,-0.8567429770314041,1589,-0.7179963312195129
104,5.0,26,5,SHORT,-0.38061955309214734,-0.5183829621782036,-0.6869555199087665,-0.9538047789486092,340,-0.9392764497135049
104,5.0,26,10,SHORT,-0.38061955309214734,-0.5183829621782036,-0.6869555199087665,-0.9538047789486092,340,-0.9392764497135049
104,5.0,26,20,SHORT,-0.38061955309214734,-0.5183829621782036,-0.6869555199087665,-0.9538047789486092,340,-0.9392764497135049
156,5.0,2,5,LONG,-0.2893136576489552,-0.5186349984314991,-0.7448939860813143,-0.9256500249773024,2186,-0.8642919982164854
156,5.0,2,10,LONG,-0.2897456189215757,-0.5199334576804755,-0.7466578439978193,-0.9259421830621696,2186,-0.864773661436753
156,5.0,2,20,LONG,-0.2897456189215757,-0.5199334576804755,-0.7466578439978193,-0.9259421830621696,2186,-0.864773661436753
156,2.0,6,20,LONG,-0.17303620230444072,-0.5315296503860929,-0.7598306549063908,-0.8350900240529541,1589,-0.6708021636493833
104,3.0,4,20,LONG,-0.28281863593760304,-0.534813864001927,-0.736836605286017,-0.9268284530265665,2297,-0.8568763994305444
104,3.0,4,10,LONG,-0.28334362072147856,-0.5363453220604237,-0.7389616483027269,-0.9271411332422499,2297,-0.8574880021661225
104,3.0,4,5,LONG,-0.28467218180115117,-0.5388398389884858,-0.743728125738619,-0.9265596136495929,2297,-0.8590260918490102
52,3.0,4,5,LONG,-0.2793831475545726,-0.5392802734540896,-0.7526001147500833,-0.9514537337647329,2322,-0.8528201341451134
156,4.0,6,5,LONG,-0.3460034059435617,-0.5400351643353313,-0.8207292431105557,-0.9634950148662695,1386,-0.9165403888796442
156,4.0,6,20,LONG,-0.3464879290055376,-0.5414352116537363,-0.8228254936838385,-0.9635835364293882,1386,-0.9169013383838465
156,4.0,6,10,LONG,-0.3465234645796519,-0.5415358194971005,-0.8229773044461988,-0.9635951151685667,1386,-0.9169277598876004
52,2.5,4,5,LONG,-0.22278474954010286,-0.5424236815134272,-0.7791538854732921,-0.8725096937870264,2380,-0.7709764151550801
52,3.0,4,20,LONG,-0.28062080712221493,-0.5463697806411243,-0.7624777934114576,-0.9511732854024131,2322,-0.8542922715725643
52,3.0,4,10,LONG,-0.28100275243889206,-0.5474911506195071,-0.7640403292750824,-0.951324694832683,2322,-0.8547441046383142
52,4.0,8,20,LONG,-0.3381482323952091,-0.5513900687236071,-0.8178314195129618,-0.9636711749892198,1085,-0.9105047606613073
52,4.0,8,10,LONG,-0.3381482323952091,-0.5513900687236071,-0.8178314195129618,-0.9636711749892198,1085,-0.9105047606613073
52,4.0,8,5,LONG,-0.3387955394883022,-0.5531615201657302,-0.8208396134509949,-0.9638784669568454,1085,-0.9110154197385038
52,5.0,26,5,SHORT,-0.32371145981532223,-0.5587637269033818,-0.7331598114743675,-0.9662371707171074,330,-0.8984678155236254
52,2.5,4,20,LONG,-0.22061623906368544,-0.5614228028664799,-0.8038737913893607,-0.8813855241835027,2380,-0.7672141511197119
26,4.0,2,5,LONG,-0.29289671952490626,-0.5615856755402214,-0.8181340684767744,-0.9543446770739232,2076,-0.868244637181201
52,5.0,26,10,SHORT,-0.3251674182010119,-0.5632614411886121,-0.7389048532319268,-0.9664388386989565,330,-0.8997394597568393
52,5.0,26,20,SHORT,-0.3251674182010119,-0.5632614411886121,-0.7389048532319268,-0.9664388386989565,330,-0.8997394597568393
52,2.5,4,10,LONG,-0.2213670734460217,-0.5641343549132619,-0.8081240852594428,-0.8804948948589401,2380,-0.7685225684566247
26,4.0,2,10,LONG,-0.2944386377430074,-0.5659311999090639,-0.8248226693519427,-0.9549238198821187,2076,-0.8699159684943372
26,4.0,2,20,LONG,-0.2944386377430074,-0.5659311999090639,-0.8248226693519427,-0.9549238198821187,2076,-0.8699159684943372
156,2.5,6,5,SHORT,-0.2470056262042617,-0.5694793627059921,-0.8066664294069171,-0.8400472280127729,1576,-0.8096854586966858
156,4.0,13,20,SHORT,-0.36833039520791666,-0.5794170604668327,-0.7505471132355447,-0.9377485487493243,687,-0.9318829911677688
156,4.0,13,10,SHORT,-0.3683475774790077,-0.5794641762412527,-0.7506130210148967,-0.9377584507386866,687,-0.9318938261584927
156,4.0,13,5,SHORT,-0.36877690479623404,-0.5806368416437375,-0.7522463754628851,-0.9380054446642516,687,-0.9321640927478043
26,3.5,8,5,SHORT,-0.37056286888739254,-0.581133632817569,-0.7427222021388428,-0.9481997590580488,1098,-0.9332788556608591
52,5.0,4,20,LONG,-0.30229717363714315,-0.5814654331127257,-0.8258558832478536,-0.9481596837430875,1306,-0.8781635387734231
52,5.0,4,10,LONG,-0.30229717363714315,-0.5814654331127257,-0.8258558832478536,-0.9481596837430875,1306,-0.8781635387734231
52,5.0,4,5,LONG,-0.3032846567460218,-0.5843043182614522,-0.829651033221427,-0.9485012349902554,1306,-0.8791685193376891
26,3.5,8,10,SHORT,-0.37292405334937295,-0.5879299840402124,-0.7508821422947842,-0.9494915062409137,1098,-0.9347293098646201
26,3.5,8,20,SHORT,-0.372936321344457,-0.5879647752564089,-0.7509281015520018,-0.9494915062409136,1098,-0.9347367771385569
26,2.0,4,5,LONG,-0.20825492733217266,-0.5925681142178285,-0.8463364274362503,-0.8738233635096782,2413,-0.7447755705353725
13,2.0,4,5,LONG,-0.21770385619562538,-0.5928861034647247,-0.8605078148818583,-0.903553197893681,2422,-0.7620808162458622
52,3.5,13,5,SHORT,-0.3854395116001198,-0.5976859997515627,-0.7320791901072777,-0.9554860686155349,721,-0.9419883036022286
156,4.0,8,10,SHORT,-0.3962924562381498,-0.5986006065668523,-0.8141708824564193,-0.9776378346298864,1082,-0.9477287156157644
156,4.0,8,20,SHORT,-0.3962924562381498,-0.5986006065668523,-0.8141708824564193,-0.9776378346298864,1082,-0.9477287156157644
156,4.0,8,5,SHORT,-0.39633080014400723,-0.598797350278858,-0.8146639165831298,-0.9776769134593631,1082,-0.9477481279195369
52,3.5,13,20,SHORT,-0.3861647622506126,-0.5998118329115459,-0.7349195451811694,-0.9557923976904279,721,-0.9423875195047069
52,3.5,13,10,SHORT,-0.3861647622506126,-0.5998118329115459,-0.7349195451811694,-0.9557923976904279,721,-0.9423875195047069
26,3.5,13,5,SHORT,-0.37089643747507484,-0.6071820164309965,-0.8158552367876907,-0.9351676149510908,703,-0.9334853696240294
26,3.5,13,10,SHORT,-0.37230172112464543,-0.6117345350749851,-0.8218266337807819,-0.9360099670195051,703,-0.9343495787138961
26,3.5,13,20,SHORT,-0.37241687038598303,-0.6120483496391649,-0.8222640490812896,-0.9360785853989114,703,-0.9344199775761278
156,2.5,6,20,SHORT,-0.2534742169623875,-0.6140570377678605,-0.8828670988507562,-0.8438438603010674,1576,-0.8190494938017578
104,5.0,2,5,LONG,-0.3174910828752575,-0.6143701042575417,-0.8835822035380074,-0.9413551931704817,2157,-0.8928832622084788
6,2.0,6,5,LONG,-0.35651049720790096,-0.6146716162601262,-0.8335851012580054,-0.957369700867553,1335,-0.9240826461956549
104,5.0,2,10,LONG,-0.3181885596050158,-0.616601681712657,-0.8867335454432954,-0.9416686981117476,2157,-0.8935218402853108
104,5.0,2,20,LONG,-0.3181885596050158,-0.616601681712657,-0.8867335454432954,-0.9416686981117476,2157,-0.8935218402853108
156,2.5,6,10,SHORT,-0.2543884339350856,-0.617416012836417,-0.8876099587064706,-0.8443043018332379,1576,-0.8203415642390678
6,2.0,6,20,LONG,-0.35785464869036787,-0.6184666172756275,-0.8394995710824157,-0.9578878293476408,1335,-0.9250053454011362
6,2.0,6,10,LONG,-0.35797929162939746,-0.619030462013815,-0.8400804206515914,-0.9579356096233012,1335,-0.9250904339922554
156,3.0,13,5,SHORT,-0.29455204666700874,-0.6205919760223599,-0.9318631139939878,-0.8871444033234023,726,-0.8700381986149957
104,4.0,26,5,SHORT,-0.364605930603355,-0.6307191276554567,-0.9369102891330221,-0.951064476148617,360,-0.929500396353636
104,4.0,26,20,SHORT,-0.364605930603355,-0.6307191276554567,-0.9369102891330221,-0.951064476148617,360,-0.929500396353636
104,4.0,26,10,SHORT,-0.364605930603355,-0.6307191276554567,-0.9369102891330221,-0.951064476148617,360,-0.929500396353636
104,4.0,13,10,SHORT,-0.39442930414404676,-0.6353261543792932,-0.8364436878598651,-0.9687233342447225,691,-0.9467782299910302
104,4.0,13,5,SHORT,-0.39442930414404676,-0.6353261543792932,-0.8364436878598651,-0.9687233342447225,691,-0.9467782299910302
104,4.0,13,20,SHORT,-0.39442930414404676,-0.6353261543792932,-0.8364436878598651,-0.9687233342447225,691,-0.9467782299910302
104,5.0,6,20,SHORT,-0.3663227027967374,-0.6404762100162058,-0.8367533158792587,-0.9422222550074025,1141,-0.9306070796612999
104,5.0,6,10,SHORT,-0.3663227027967374,-0.6404762100162058,-0.8367533158792587,-0.9422222550074025,1141,-0.9306070796612999
104,5.0,6,5,SHORT,-0.3668719116841773,-0.6420575595852821,-0.8389221173069653,-0.9425144876091718,1141,-0.9309580603660251
52,3.5,6,5,LONG,-0.38608121601741086,-0.6444781800209097,-0.965892790661621,-0.9824448245109433,1490,-0.9423416476879399
52,3.5,6,20,LONG,-0.38612442960917326,-0.6450019947284993,-0.9663073742978837,-0.9822310446209985,1490,-0.9423653782810401
52,3.5,6,10,LONG,-0.38612442960917326,-0.6450019947284993,-0.9663073742978837,-0.9822310446209985,1490,-0.9423653782810401
156,3.0,13,10,SHORT,-0.30165953219426656,-0.6455798001165016,-0.9709285067002196,-0.8946034978713084,726,-0.877510924555002
156,3.0,13,20,SHORT,-0.30165953219426656,-0.6455798001165016,-0.9709285067002196,-0.8946034978713084,726,-0.877510924555002
156,3.0,26,10,SHORT,-0.30485321735961446,-0.6519590708020753,-0.9041656849894756,-0.880793070377484,366,-0.8807507410091283
156,3.0,26,20,SHORT,-0.30569287419697466,-0.6549511947753339,-0.9081157948579317,-0.8816326586389309,366,-0.8815906274012368
52,4.0,26,10,SHORT,-0.3971196692075736,-0.6601696367218587,-0.8729181633876517,-0.9555430177346742,360,-0.9481461830283248
52,4.0,26,20,SHORT,-0.3971196692075736,-0.6601696367218587,-0.8729181633876517,-0.9555430177346742,360,-0.9481461830283248
52,2.5,26,5,SHORT,-0.25146663626124277,-0.6623278840910337,-0.9730196597981824,-0.8689523566008762,373,-0.8161851138669285
156,3.0,26,5,SHORT,-0.3070148207429755,-0.6635380908705281,-0.921155387251263,-0.8829445596409535,366,-0.882902994248164
52,4.0,26,5,SHORT,-0.3984786896334981,-0.664831734230169,-0.8784453542284226,-0.9561258896798631,360,-0.948826034282811
52,5.0,6,5,SHORT,-0.33879196898529973,-0.6732078230333297,-0.8653402529806777,-0.9388378036607301,1024,-0.9110126096170361
52,5.0,6,20,SHORT,-0.3390290879354181,-0.6740803655449433,-0.8659770539211367,-0.93883780366073,1024,-0.9111990715231757
52,5.0,6,10,SHORT,-0.3390290879354181,-0.6740803655449433,-0.8659770539211367,-0.93883780366073,1024,-0.9111990715231757
26,3.0,26,20,SHORT,-0.3210735640133905,-0.6857018159243933,-0.9732236383118126,-0.91336009690777,370,-0.8961297980951219
26,3.0,26,10,SHORT,-0.3211289799227255,-0.6858871488557768,-0.9734842000558501,-0.9134014449355112,370,-0.8961793691107459
26,4.0,6,20,SHORT,-0.3601282234323008,-0.6928925369776012,-0.8590956406919775,-0.9353523209928598,1121,-0.9265448849324781
26,4.0,6,10,SHORT,-0.3601282234323008,-0.6928925369776012,-0.8590956406919775,-0.9353523209928598,1121,-0.9265448849324781
26,4.0,6,5,SHORT,-0.36031667570566883,-0.6933188416668912,-0.8598180395833743,-0.9354635869594554,1121,-0.926671309492569
52,2.5,26,10,SHORT,-0.25407849772513846,-0.6941285412981728,-1.0253053534325411,-0.8599299369097355,373,-0.8199043886175723
52,2.5,26,20,SHORT,-0.25410629709557586,-0.6943367322117531,-1.0255474253605623,-0.8590720708141925,373,-0.819943636547362
26,3.0,26,5,SHORT,-0.3275138722061909,-0.7032188436674098,-0.9931180381548563,-0.9180572369232944,370,-0.9017610703423754
26,4.0,4,20,SHORT,-0.371958712466973,-0.7046431093230033,-0.8595290543815023,-0.9675779388938697,1459,-0.9341395019676029
26,4.0,4,10,SHORT,-0.371958712466973,-0.7046431093230033,-0.8595290543815023,-0.9675779388938697,1459,-0.9341395019676029
26,4.0,4,5,SHORT,-0.37450024979128027,-0.7129997305075414,-0.8689797922189192,-0.9675585878692512,1459,-0.9356829263947782
52,3.5,8,10,SHORT,-0.39114938232020713,-0.7164558416920137,-1.0055637928283883,-0.9553096656077706,1148,-0.9450701703656259
52,3.5,8,20,SHORT,-0.39114938232020713,-0.7164558416920137,-1.0055637928283883,-0.9553096656077706,1148,-0.9450701703656259
52,3.5,8,5,SHORT,-0.39186154406534235,-0.7170442732392217,-1.0053715897341462,-0.9561135175258311,1148,-0.9454448463839255
26,2.5,4,5,LONG,-0.2844723970764632,-0.7410337120842881,-1.010906665738301,-0.9357359449901501,2387,-0.8587956820446045
156,5.0,4,10,SHORT,-0.4085257055519237,-0.7585064211543656,-0.943002687180795,-0.9655806002567641,1504,-0.9536265126158554
156,5.0,4,20,SHORT,-0.4085257055519237,-0.7585064211543656,-0.943002687180795,-0.9655806002567641,1504,-0.9536265126158554
13,3.0,6,5,SHORT,-0.4213792382527296,-0.7586700324763614,-0.9374071193843555,-0.9723836510383425,1239,-0.9592180040894727
156,5.0,4,5,SHORT,-0.4090393742344355,-0.7601125496289709,-0.9451425505743727,-0.9657779308067,1504,-0.9538615374705961
26,2.0,26,5,SHORT,-0.24253914574972302,-0.7624538437963393,-1.1667025416917662,-0.8128602779782106,374,-0.8029880973577126
26,3.0,13,20,SHORT,-0.36046214315676206,-0.7715906846359083,-1.0717423039289162,-0.9586322454470961,734,-0.926768773969852
26,3.0,13,10,SHORT,-0.360908252154866,-0.7733210368063821,-1.0739564679147175,-0.9588448910847556,734,-0.9270670015145152
6,2.0,2,20,SHORT,-0.35688008321401865,-0.7736985355191172,-0.9739082483979656,-0.9301226189154297,2936,-0.9243372832046765
6,2.0,2,10,SHORT,-0.35713246950030075,-0.7748465590282919,-0.9754046178989579,-0.9302828358104323,2936,-0.9245107648859338
13,3.0,6,10,SHORT,-0.4264662679735428,-0.775546439575337,-0.9583061249972226,-0.9730340876539838,1239,-0.961270585352701
13,3.0,6,20,SHORT,-0.4265051015725817,-0.7756359125659299,-0.9585145644435684,-0.9729978837181293,1239,-0.9612859184309949
26,4.0,26,5,SHORT,-0.4225374483628641,-0.7776909744116153,-1.0489547422389298,-0.9774371773015024,340,-0.9596930831579198
6,2.0,2,5,SHORT,-0.3581865835714191,-0.7777685650729484,-0.9796696807873286,-0.9309487079930544,2936,-0.9252317664116585
26,4.0,26,10,SHORT,-0.4241617742168162,-0.7815025329596796,-1.0553593390734608,-0.97780580940973,340,-0.9603516188354014
26,4.0,26,20,SHORT,-0.4241617742168162,-0.7815025329596796,-1.0553593390734608,-0.97780580940973,340,-0.9603516188354014
26,3.5,26,10,SHORT,-0.42681365575019137,-0.7929401145225545,-0.9397582310626377,-0.9711581908075136,361,-0.9614075693734967
26,3.5,26,20,SHORT,-0.42681365575019137,-0.7929401145225545,-0.9397582310626377,-0.9711581908075136,361,-0.9614075693734967
13,3.0,4,10,LONG,-0.41528852151955475,-0.7934710936412508,-1.195392882814496,-0.9807575506322077,1668,-0.9566426125117548
13,3.0,4,20,LONG,-0.41551431850081166,-0.7942391683436549,-1.1965529712277068,-0.9808009657880489,1668,-0.9567404362190536
26,3.5,26,5,SHORT,-0.42782748580956387,-0.7969669796307525,-0.944712667794416,-0.9714552486610677,361,-0.9618050543068736
52,2.0,4,5,LONG,-0.2783351495899721,-0.8003883734520003,-1.1435345360701223,-0.9182092208769002,2404,-0.85156396935659
156,1.5,4,10,LONG,-0.2288224079509681,-0.8033753017440602,-1.1205441538915528,-0.8201191531027477,2367,-0.7811868687674597
13,3.0,4,5,LONG,-0.4186275180977945,-0.8036610791720963,-1.2120786553946823,-0.981391327706909,1668,-0.9580706489162565
104,1.5,4,5,LONG,-0.2723076151394189,-0.804161505425433,-1.1557577613577068,-0.8700339352848888,2386,-0.8441653222234444
13,3.0,26,10,SHORT,-0.4212347613198608,-0.8048340189182486,-1.092932624893799,-0.9830924345037794,353,-0.9591584177280392
13,3.0,26,5,SHORT,-0.42160948058811243,-0.8059647795384528,-1.0960466078817648,-0.9827688501452423,353,-0.9593128135726685
26,3.0,13,5,SHORT,-0.3734855491468523,-0.8081014558320602,-1.1270441919370602,-0.9626518219475383,734,-0.9350703559052518
13,3.0,26,20,SHORT,-0.4226364889362093,-0.8088697133278921,-1.0987762206647762,-0.9830924345037794,353,-0.9597334941367581
156,1.5,4,5,LONG,-0.2659715393939899,-0.8128646277438623,-1.1824120251362646,-0.8721324269587906,2367,-0.8360609489940058
26,1.5,26,5,SHORT,-0.25307578223794713,-0.8136949891270302,-1.2413120281436154,-0.8275796663720197,374,-0.8184839775581625
26,2.5,4,20,LONG,-0.29608784890885376,-0.8197643802532607,-1.1071581495666887,-0.9382499803271095,2387,-0.8716841065609423
26,2.5,4,10,LONG,-0.29699098719472095,-0.821914064769188,-1.1101848681143953,-0.9387614665998043,2387,-0.8726438976103821
156,5.0,26,10,SHORT,-0.46635000939308136,-0.8220933720530262,-1.2290247259403742,-0.9826188749154207,339,-0.9745912905770028
156,5.0,26,20,SHORT,-0.46635000939308136,-0.8220933720530262,-1.2290247259403742,-0.9826188749154207,339,-0.9745912905770028
156,5.0,26,5,SHORT,-0.46635000939308136,-0.8220933720530262,-1.2290247259403742,-0.9826188749154207,339,-0.9745912905770028
13,2.5,13,20,SHORT,-0.33731120313776053,-0.8301811766720791,-1.1539719780231026,-0.9283529171953279,743,-0.9098408305600295
13,2.5,13,10,SHORT,-0.3382297389682396,-0.8326794528435065,-1.1567957908078494,-0.92893172846254,743,-0.9105691943826937
26,2.0,4,10,LONG,-0.23971519241775696,-0.8426930779275478,-1.1419551756735946,-0.8921624276589573,2413,-0.7986537207640145
52,2.0,4,10,LONG,-0.26034319241374293,-0.8519449156703092,-1.1624772921502586,-0.9019016547314087,2404,-0.8285717077898839
104,3.5,2,5,LONG,-0.423227494518843,-0.8623880910589331,-1.2321930180423082,-0.9845556198253724,3936,-0.9599739413135637
104,5.0,4,5,SHORT,-0.4267486449651682,-0.8625660505566513,-1.055706302467345,-0.9784165495605275,1505,-0.9613819645295163
104,5.0,4,20,SHORT,-0.42698670507876424,-0.8636400131448736,-1.056725214432972,-0.9783487559749444,1505,-0.9614756571913625
104,5.0,4,10,SHORT,-0.42698670507876424,-0.8636400131448736,-1.056725214432972,-0.9783487559749444,1505,-0.9614756571913625
104,4.0,2,20,LONG,-0.4400250815033846,-0.8698682994461402,-1.2251926314918162,-0.9908736447070543,3343,-0.9663273406140463
104,4.0,2,10,LONG,-0.4400250815033846,-0.8698682994461402,-1.2251926314918162,-0.9908736447070543,3343,-0.9663273406140463
104,3.5,2,20,LONG,-0.42624256695621976,-0.8724210194542175,-1.2461417174004221,-0.9846439700589037,3936,-0.9611821610645299
104,4.0,2,5,LONG,-0.44088487733554826,-0.8724442698789269,-1.229283874811012,-0.9907891130248455,3343,-0.9666285711402355
104,3.5,2,10,LONG,-0.42637673079474336,-0.872893693361102,-1.246803283302067,-0.9846649570878822,3936,-0.9612352132605563
104,5.0,13,5,SHORT,-0.47394476386720885,-0.8765570121345446,-1.163327571550205,-0.9825051000585971,613,-0.9766343657819244
104,5.0,13,10,SHORT,-0.47414221764068076,-0.8771411171614484,-1.164115691295831,-0.9824439637869102,613,-0.9766856079567617
104,5.0,13,20,SHORT,-0.47414221764068076,-0.8771411171614484,-1.164115691295831,-0.9824439637869102,613,-0.9766856079567617
6,2.0,8,5,LONG,-0.3937431451501763,-0.8801880503935587,-1.1459271785241254,-0.9797725231550882,1057,-0.9464245966701628
156,2.5,6,10,LONG,-0.3268075687811346,-0.880283906087546,-1.19839871098261,-0.9354902441853481,1576,-0.9011561357921789
13,2.5,13,5,SHORT,-0.3544589475318839,-0.8807542190179332,-1.23082911688495,-0.9382257737746366,743,-0.9226562186621154
156,2.5,6,20,LONG,-0.32767147593899804,-0.8833518445197936,-1.2024154174897794,-0.9356015756224428,1576,-0.9018956350274091
52,3.5,2,5,LONG,-0.42950731931910513,-0.8906707968718467,-1.227775541185867,-0.9889776348694193,3876,-0.9624561818857061
156,2.5,6,5,LONG,-0.3380874872432258,-0.8943062075761253,-1.2348790029933931,-0.9415217208598168,1576,-0.9104567145249743
6,2.0,8,10,LONG,-0.39965441739916663,-0.9010292199047747,-1.176124902046873,-0.9806159561256472,1057,-0.9494082158673554
26,3.5,4,20,SHORT,-0.47646220664678196,-0.9031386400492187,-1.1251368641552624,-0.9789580837820093,1999,-0.9772807350331812
26,3.5,4,10,SHORT,-0.47654329889592895,-0.9034206880480675,-1.125476789831508,-0.9789771368342614,1999,-0.9773013068926096
156,1.5,4,20,LONG,-0.22930045046336744,-0.9038553235521273,-1.2447441395293413,-0.8049683807822124,2367,-0.7819789030355588
26,3.5,4,5,SHORT,-0.4771088926318364,-0.9051782907412432,-1.1274853573193386,-0.9790429061829683,1999,-0.9774443603331638
6,2.0,8,20,LONG,-0.4010691070699953,-0.9057758952696914,-1.1828563918318051,-0.9808815603314397,1057,-0.9501014350290162
26,2.0,4,20,LONG,-0.24616148104254543,-0.9061210559569643,-1.2116087193855818,-0.8916814122751285,2413,-0.808434368359791
104,1.5,4,10,LONG,-0.2592652134541519,-0.9169827448174349,-1.2645213150813102,-0.852872075042685,2386,-0.8271054579636987
52,3.5,2,10,LONG,-0.43790309576305575,-0.9204771855518423,-1.2673202286723981,-0.9896144603772574,3876,-0.9655742405783057
52,3.5,2,20,LONG,-0.43790309576305575,-0.9204771855518423,-1.2673202286723981,-0.9896144603772574,3876,-0.9655742405783057
26,1.5,4,5,LONG,-0.29583903563287384,-0.9225368373803061,-1.2951175428192072,-0.9114783558470567,2414,-0.8714186345822648
104,2.5,26,10,SHORT,-0.3043261117610523,-0.9331942857891707,-1.4252167351802028,-0.8926710751825441,371,-0.8802209725185205
26,2.5,26,5,SHORT,-0.31546841367472234,-0.9362368375833845,-1.473684353025968,-0.8924598135563643,374,-0.8910134180151986
104,2.5,26,5,SHORT,-0.31887989810070405,-0.9421310272171136,-1.4269361737389223,-0.9046225101256884,371,-0.8941516808713733
104,2.5,26,20,SHORT,-0.30650916668720707,-0.94219552057811,-1.4412870584293327,-0.8946257924861778,371,-0.8824024360711339
52,2.0,4,20,LONG,-0.2760279895498653,-0.9436373838995552,-1.2770738575647314,-0.9071524286405106,2404,-0.8487671856278343
26,2.0,26,10,SHORT,-0.2486018201169381,-0.9511003688305657,-1.4985921923558692,-0.8235080544981486,374,-0.8120326347060911
156,4.0,2,5,LONG,-0.46545377106587305,-0.963343459182289,-1.3337770864432104,-0.9893110802184737,3272,-0.9743407206940788
156,4.0,2,10,LONG,-0.46547007921046857,-0.9634930829800029,-1.333746867177384,-0.989286000873955,3272,-0.9743452983447092
156,4.0,2,20,LONG,-0.4654797179822818,-0.9635281529688027,-1.3337946366973061,-0.9892871306525073,3272,-0.974348003602695
13,3.0,13,5,SHORT,-0.48781425631791375,-0.9666511861041793,-1.2861880006519582,-0.9885049158519009,652,-0.9800143803274909
104,4.0,6,20,SHORT,-0.4922228377843427,-0.9788147846049288,-1.2182143322964147,-0.985594619673706,1403,-0.9809996255835015
104,4.0,6,10,SHORT,-0.4922228377843427,-0.9788147846049288,-1.2182143322964147,-0.985594619673706,1403,-0.9809996255835015
13,2.0,4,10,LONG,-0.28450338824202137,-0.9796395265536365,-1.3533516122252771,-0.9172304223029278,2422,-0.858831444301827
13,3.0,13,10,SHORT,-0.4913513005071125,-0.9802319433377508,-1.3035979744107373,-0.9885943728361778,652,-0.980808114856835
52,2.0,26,5,SHORT,-0.3118783757095188,-0.9810209081925235,-1.427401216644177,-0.895457875741293,373,-0.8876279966425414
13,3.0,13,20,SHORT,-0.49180842444918405,-0.9817588033006184,-1.3058533197962376,-0.9885943728361778,652,-0.9809087613503846
13,1.5,4,5,LONG,-0.321762016586693,-0.9819057045044908,-1.37030935114472,-0.9210148048697385,2422,-0.8967442471388424
52,1.5,4,5,LONG,-0.3163582365437604,-0.9824615277002315,-1.3786785008186544,-0.9090066103934334,2406,-0.8918393148379689
104,4.0,6,5,SHORT,-0.4933172909026733,-0.9826046906517261,-1.2231933814707334,-0.985775250156591,1403,-0.9812378731499043
52,3.0,8,10,SHORT,-0.4301525234842051,-0.9893638030479428,-1.373403896176148,-0.9719107662629536,1183,-0.9627038134692859
52,3.0,8,20,SHORT,-0.4302423066147426,-0.989703732599229,-1.3738681932959422,-0.9719366377365641,1183,-0.9627381649690325
52,3.0,8,5,SHORT,-0.4342255018322918,-0.9986988384675092,-1.3886747147842475,-0.9741184079881983,1183,-0.9642359884463203
156,1.5,13,20,SHORT,-0.22812356994383376,-1.0023610734050092,-1.5346392072865886,-0.7887497861961755,737,-0.780024723094527
13,2.5,8,10,SHORT,-0.3758523996334787,-1.0030146123302506,-1.3729258556793502,-0.9519269892903305,1198,-0.9364917607881902
13,2.5,8,20,SHORT,-0.37592498502450267,-1.0032604948225678,-1.373743925868334,-0.9519596745420218,1198,-0.9365349405839314
26,2.0,26,20,SHORT,-0.2529341872014119,-1.008597342960531,-1.631652175242499,-0.8282593322639302,374,-0.8182826528628264
26,1.5,26,10,SHORT,-0.2501131188701955,-1.010431330022138,-1.5765055423975574,-0.8275881765011264,374,-0.8142328063993036
104,2.5,8,5,SHORT,-0.38099846903272316,-1.0108338021527505,-1.35354088114965,-0.9485533604118642,1193,-0.9394933746908871
104,1.5,26,5,SHORT,-0.29406683471725614,-1.0120656843730667,-1.4799675194132038,-0.8765960500657675,371,-0.8695145772316288
104,2.0,26,5,SHORT,-0.31000113242946037,-1.0134795884593166,-1.4085012515908366,-0.9027568120518233,371,-0.8858233299737075
52,5.0,2,5,SHORT,-0.39946208447417997,-1.0154437898034083,-1.2505260472208248,-0.9551093056394694,1743,-0.9493133564155795
52,5.0,2,20,SHORT,-0.3996175126965893,-1.0160568867241915,-1.2512889121970288,-0.9552038134012396,1743,-0.949390025723907
52,5.0,2,10,SHORT,-0.3996175126965893,-1.0160568867241915,-1.2512889121970288,-0.9552038134012396,1743,-0.949390025723907
26,3.5,2,5,LONG,-0.4662228089991568,-1.016167070101032,-1.4258648671932619,-0.9882192845519991,3353,-0.9745558519803987
13,2.5,8,5,SHORT,-0.3828590532253996,-1.0201441312548019,-1.396549724930072,-0.9552845619951219,1198,-0.9405492385586796
26,2.5,26,10,SHORT,-0.33165233063568156,-1.0204448046796615,-1.5959715692547933,-0.9065017708415868,374,-0.9052442370188005
104,2.5,8,10,SHORT,-0.3760451626150396,-1.0206442630365857,-1.3675871412698861,-0.9448630285592317,1193,-0.9366063786499625
104,2.5,8,20,SHORT,-0.3760357102175419,-1.0207405773697733,-1.3679448135072922,-0.9448081745260111,1193,-0.9366007622069858
26,2.5,13,5,SHORT,-0.3416031070221669,-1.025502126024385,-1.4414260733763138,-0.9151426849309109,745,-0.9132024333829432
104,5.0,2,10,SHORT,-0.4398366992053575,-1.0281230545442066,-1.284554627382009,-0.9722353931681925,2157,-0.9662610405238485
104,5.0,2,20,SHORT,-0.4398366992053575,-1.0281230545442066,-1.284554627382009,-0.9722353931681925,2157,-0.9662610405238485
26,2.5,26,20,SHORT,-0.3325926080561752,-1.0282022193083646,-1.6068497090237832,-0.9072684030456268,374,-0.9060211802836478
26,3.5,2,20,LONG,-0.46978184963879943,-1.028719688087126,-1.443973032243258,-0.988671285868078,3353,-0.9755320905154967
26,3.5,2,10,LONG,-0.4698785042674447,-1.0290712230382202,-1.4444865606534962,-0.9886833575505665,3353,-0.9755581630980524
104,5.0,2,5,SHORT,-0.44042587829604096,-1.0302468835906542,-1.2873003166252448,-0.9724057376369953,2157,-0.9664680394979288
156,3.5,2,5,LONG,-0.47676177469210235,-1.0364377122066086,-1.435212918885783,-0.990991120654012,3831,-0.9773566540184483
156,1.5,26,5,SHORT,-0.32397277551554826,-1.0382788461493102,-1.3965502571499775,-0.9121657548353093,369,-0.8986970296950006
156,3.5,2,10,LONG,-0.4774779240583903,-1.0396365071344456,-1.4394951910215608,-0.991127252436122,3831,-0.9775372944831919
156,3.5,2,20,LONG,-0.47748734630186285,-1.0396723854441252,-1.4395440014678076,-0.991128188056872,3831,-0.9775396631489552
13,2.5,26,5,SHORT,-0.40351537212872357,-1.039856352905825,-1.4893530444457537,-0.9572321880016903,373,-0.9512815581972093
156,1.5,26,20,SHORT,-0.23721587591213888,-1.0404981373539968,-1.6013881947567485,-0.7950741187143492,369,-0.7947519559225508
13,2.5,26,20,SHORT,-0.40469713447846645,-1.0456057830077508,-1.485366488513154,-0.9575352932324677,373,-0.9518433170160362
13,2.5,26,10,SHORT,-0.4049686036263268,-1.046600622761803,-1.4870672517228578,-0.9576484138080282,373,-0.9519716002919822
104,1.5,4,20,LONG,-0.2615691355962807,-1.0477333825207757,-1.4122667205930546,-0.8514325065286716,2386,-0.8302266733049862
13,2.0,4,20,LONG,-0.29316057194680145,-1.0480876308324574,-1.4251636615526764,-0.9250122678605428,2422,-0.8685318902934854
6,1.5,26,5,SHORT,-0.2745169006809055,-1.0481821717571584,-1.619987192509731,-0.8651201460053506,375,-0.8469118481766102
6,2.0,4,5,LONG,-0.4426098554054544,-1.0531912121752252,-1.4601346195804805,-0.9780913194474318,1850,-0.9672261854291253
26,4.0,2,10,SHORT,-0.4384240786156677,-1.0534164169582634,-1.271830489163637,-0.9665288652432333,2076,-0.9657604197588486
26,4.0,2,20,SHORT,-0.4384240786156677,-1.0534164169582634,-1.271830489163637,-0.9665288652432333,2076,-0.9657604197588486
26,4.0,2,5,SHORT,-0.4395637409882105,-1.0583383313832877,-1.2772923864994552,-0.9670406286404949,2076,-0.9661647824362265
156,1.5,26,10,SHORT,-0.27164850509222105,-1.0590010172249533,-1.5785907733236288,-0.8482922745987251,369,-0.8433380683348938
52,1.5,4,10,LONG,-0.2909770432725878,-1.0602909392517632,-1.4163917267776303,-0.8900192959250297,2406,-0.8661390024437455
13,2.0,26,5,SHORT,-0.32852356717751285,-1.065207057375975,-1.6347587165136097,-0.9119038478666921,374,-0.9026205212112488
104,3.0,26,5,SHORT,-0.44249155178034927,-1.0679778228211987,-1.5679056489827694,-0.9686623968798207,369,-0.9671854848840008
104,2.0,26,10,SHORT,-0.29004541028615294,-1.0695874558316039,-1.5742281190764031,-0.8785324951199673,371,-0.8651071133183443
26,2.5,13,10,SHORT,-0.344745397724609,-1.0708178677496134,-1.5096340461260331,-0.9159764328040015,745,-0.9155971522320986
6,2.0,4,20,LONG,-0.44708735442491065,-1.0708208028664823,-1.4857894807973737,-0.9791006926183384,1850,-0.9687361352892612
156,3.0,6,5,SHORT,-0.4466847743668114,-1.0716426827488696,-1.4100202996696152,-0.9737624655838637,1547,-0.9686027782423067
26,2.5,13,20,SHORT,-0.3463751510550819,-1.0751212230845766,-1.5125105733031943,-0.9171912362570965,745,-0.916817439281806
6,2.0,4,10,LONG,-0.44853727408160904,-1.0767503543525243,-1.4933507477870003,-0.979419163855364,1850,-0.9692125454155298
104,3.0,26,20,SHORT,-0.44411654888282115,-1.078855362555036,-1.5800636521681455,-0.9691928049239418,369,-0.9677408905643494
104,3.0,26,10,SHORT,-0.44411654888282115,-1.078855362555036,-1.5800636521681455,-0.9691928049239418,369,-0.9677408905643494
13,1.5,26,5,SHORT,-0.32687314207146767,-1.081810417435576,-1.6647221123056737,-0.910629989945535,374,-0.9012124276974085
104,2.5,13,10,SHORT,-0.35920563165637065,-1.0835122188459574,-1.578063571696771,-0.9360295695537484,738,-0.9259233468736142
104,2.5,13,20,SHORT,-0.3595443148030566,-1.0844884363259306,-1.5781812342823673,-0.9362270430456233,738,-0.9261520177651063
104,2.5,13,5,SHORT,-0.3688794785959484,-1.0845977241264284,-1.5468697898876043,-0.9418097363341541,738,-0.9322285323953329
104,3.0,6,10,SHORT,-0.4323434012209828,-1.0884542645468265,-1.4453850048163643,-0.9663538649818821,1559,-0.963534598446305
104,3.0,6,20,SHORT,-0.43244263159212004,-1.0888974927246209,-1.4459242189071901,-0.9663882461879936,1559,-0.9635718605118017
104,3.0,6,5,SHORT,-0.4338109085193562,-1.0906090625199572,-1.449519156239362,-0.9664916022570199,1559,-0.964082453354993
156,3.0,6,20,SHORT,-0.452004456252031,-1.091945155372387,-1.4350226896116745,-0.975096348002789,1547,-0.9703274288672296
156,3.0,6,10,SHORT,-0.452004456252031,-1.091945155372387,-1.4350226896116745,-0.975096348002789,1547,-0.9703274288672296
156,1.5,13,5,SHORT,-0.3215449510926125,-1.0975137941213402,-1.5658718140651429,-0.9031813332709613,737,-0.896550840715055
52,3.0,26,5,SHORT,-0.4472012859600425,-1.0979507278377192,-1.5426312837064136,-0.9701951983191822,371,-0.9687737904227454
156,3.0,8,10,SHORT,-0.4522090888561465,-1.1088466061117317,-1.5267262980185121,-0.9777432305540522,1167,-0.9703921686001435
156,3.0,8,20,SHORT,-0.45238780783770205,-1.1095670614341662,-1.527701743685526,-0.9777856617777279,1167,-0.9704486141916626
104,3.5,13,5,SHORT,-0.5067104262802727,-1.1111808891095396,-1.3229988895708686,-0.9882428248849825,718,-0.9839584991501599
104,3.5,13,10,SHORT,-0.5075523449683537,-1.1147907197096305,-1.3269327136874642,-0.988359690213452,718,-0.9841179503148845
104,3.5,13,20,SHORT,-0.5075523449683537,-1.1147907197096305,-1.3269327136874642,-0.988359690213452,718,-0.9841179503148845
52,3.0,26,20,SHORT,-0.4499605102655623,-1.11497264696872,-1.5626080668802445,-0.9710547351833737,371,-0.9696743190874906
52,3.0,26,10,SHORT,-0.4499605102655623,-1.11497264696872,-1.5626080668802445,-0.9710547351833737,371,-0.9696743190874906
26,1.5,26,20,SHORT,-0.2433554302993125,-1.1151145930820663,-1.7508577129001768,-0.8148505620561661,374,-0.8042264674742565
156,3.0,8,5,SHORT,-0.4547909138862899,-1.115719787812412,-1.5355673517219415,-0.9780140513912228,1167,-0.9711989754077685
156,3.0,2,5,LONG,-0.46402227281385566,-1.116948319357525,-1.54620231033092,-0.9900127068696626,4314,-0.9739362558627835
13,1.5,4,10,LONG,-0.31102532768107793,-1.1221171451906895,-1.5087353326017983,-0.9125308667493849,2422,-0.8868108827464978
52,2.0,26,10,SHORT,-0.29817998318946914,-1.1240874797773281,-1.740749300460625,-0.8812207540812124,373,-0.8738983956895441
156,2.5,13,5,SHORT,-0.3806712391261694,-1.1247770307460487,-1.4386157827664154,-0.9463555986323949,733,-0.9393060772845707
104,1.5,26,10,SHORT,-0.27148569831839187,-1.1279020335638756,-1.7897628915810209,-0.8444723039493051,371,-0.8431331686569256
156,3.0,2,10,LONG,-0.4660433998708575,-1.1281318826745577,-1.5621068046155953,-0.9901815015370974,4314,-0.9745057981510197
156,5.0,2,10,SHORT,-0.47002846748376714,-1.129068301064209,-1.4124227772206925,-0.9785806147565864,2186,-0.9755985700786465
156,5.0,2,20,SHORT,-0.47002846748376714,-1.129068301064209,-1.4124227772206925,-0.9785806147565864,2186,-0.9755985700786465
156,3.0,2,20,LONG,-0.46634486705337885,-1.1293411617128888,-1.563894484671747,-0.9901754662779878,4314,-0.9745898586923596
156,5.0,2,5,SHORT,-0.47035725145223695,-1.1303230989572857,-1.4140822238907795,-0.9786667001689412,2186,-0.97568696581555
52,5.0,1,5,SHORT,-0.3544742261897258,-1.1318251153876175,-1.459527165520817,-0.9393003580224707,2322,-0.9226669233213722
52,2.0,13,5,SHORT,-0.331120375436992,-1.1318400358074285,-1.6178209876913265,-0.9126903538898475,745,-0.9048023337371781
52,2.0,26,20,SHORT,-0.29290058835547705,-1.1335545237488154,-1.7862524299620097,-0.8754035825371239,373,-0.8682488528882494
52,5.0,1,20,SHORT,-0.3556197003569349,-1.1371472589170264,-1.46615277452199,-0.9398489538075634,2322,-0.9234659847935516
52,5.0,1,10,SHORT,-0.3556197003569349,-1.1371472589170264,-1.46615277452199,-0.9398489538075634,2322,-0.9234659847935516
26,1.5,4,10,LONG,-0.2984325955972209,-1.1373907064681044,-1.5047041183753247,-0.9023545901359976,2414,-0.8741636006545983
156,2.5,8,5,SHORT,-0.4019000233893806,-1.1376742783377405,-1.5982718998445633,-0.956804017921201,1184,-0.9505049125060056
6,1.5,4,5,LONG,-0.34102342762912297,-1.1377102358980737,-1.5937928106030046,-0.9219122632096298,2425,-0.9127545699591215
13,1.5,26,20,SHORT,-0.2691715045743537,-1.1425983684578098,-1.765553976277669,-0.8457525367942028,374,-0.8401965425701003
26,3.5,6,5,SHORT,-0.5437229195131774,-1.1431521859227491,-1.3780829782879382,-0.9917954179780838,1400,-0.9898339468698878
104,2.0,26,20,SHORT,-0.30291756879472176,-1.1432240109100622,-1.6816882730947351,-0.8869859870658251,371,-0.8787957325009016
26,3.5,6,10,SHORT,-0.5440984764679466,-1.1443669183810279,-1.3801382028451306,-0.9918348317673623,1400,-0.9898827833218599
26,3.5,6,20,SHORT,-0.5441145761626545,-1.1444280490980316,-1.3802198447007217,-0.9918365178761112,1400,-0.9898848725289734
26,2.5,6,5,SHORT,-0.3880298232979339,-1.1468102136039817,-1.5736979347618727,-0.9509481427882798,1607,-0.9434037001248048
52,1.5,26,5,SHORT,-0.3252944652056222,-1.1477353480895447,-1.6711040452843247,-0.9076357466142287,373,-0.8998497942388813
13,2.0,13,10,SHORT,-0.30585605678041194,-1.156232382538356,-1.780942780606393,-0.8827203132829131,748,-0.8817532840666792
156,2.5,8,20,SHORT,-0.4008447027445965,-1.1596833779258613,-1.630180774911543,-0.9568490473946928,1184,-0.9499920020971921
156,2.5,26,5,SHORT,-0.37461801557749397,-1.1631609784239527,-1.5998747504956303,-0.9417242372334113,369,-0.9357537097415712
156,2.5,8,10,SHORT,-0.4026337592900042,-1.1666063264286628,-1.6420087542879618,-0.9575971192218949,1184,-0.9508589487601791
52,3.0,13,5,SHORT,-0.41364751816764755,-1.1668389777162747,-1.662985939129455,-0.9576237633819099,737,-0.9559261440235932
104,3.5,8,5,SHORT,-0.5064427463977461,-1.1690855118068626,-1.6063161839869309,-0.9882228198239577,1145,-0.9839075260435654
156,2.0,6,5,SHORT,-0.36095569270565964,-1.1743873238075235,-1.662732057360973,-0.9339247818392467,1589,-0.9270986565977478
104,1.5,26,20,SHORT,-0.25810801415388596,-1.175783847906077,-1.8969491633771165,-0.8248572712461706,371,-0.8255198984993596
26,2.5,6,20,SHORT,-0.3793818826749158,-1.1769055729238427,-1.6309319011273982,-0.9451700431013421,1607,-0.9385634003095726
156,1.5,13,10,SHORT,-0.28366232108922607,-1.17746969528013,-1.751637551925691,-0.8642040276912804,737,-0.8578582273025772
104,1.5,13,10,SHORT,-0.2985810256679653,-1.178469805813724,-1.8219985893582553,-0.8791391456948673,740,-0.8743192140840761
104,3.5,8,20,SHORT,-0.5090856178590212,-1.1787114328062371,-1.6156532639344126,-0.9885868654888532,1145,-0.9844049622119618
104,3.5,8,10,SHORT,-0.5090856178590212,-1.1787114328062371,-1.6156532639344126,-0.9885868654888532,1145,-0.9844049622119618
26,2.5,6,10,SHORT,-0.3799439458879911,-1.179237978467224,-1.6326777679326658,-0.9450098974825903,1607,-0.938888072845331
52,4.0,13,5,SHORT,-0.5507246556788501,-1.1805679660193444,-1.5181292174606171,-0.992449340653326,691,-0.9907129779532597
52,3.0,13,10,SHORT,-0.4161935471668953,-1.1812924236819422,-1.6874735357187756,-0.9583141923302616,737,-0.9570336011410976
52,3.0,13,20,SHORT,-0.4161935471668953,-1.1812924236819422,-1.6874735357187756,-0.9583141923302616,737,-0.9570336011410976
52,4.0,13,10,SHORT,-0.5509289524582446,-1.1813173268081425,-1.519208879937258,-0.9924693976611277,691,-0.9907376473053116
52,4.0,13,20,SHORT,-0.5509289524582446,-1.1813173268081425,-1.519208879937258,-0.9924693976611277,691,-0.9907376473053116
156,2.0,26,5,SHORT,-0.3732306301685584,-1.1818880463262171,-1.5328866986230891,-0.9424241307929498,369,-0.9349157046395776
6,1.5,4,10,LONG,-0.3149539637867915,-1.1859881382313784,-1.6068681675129322,-0.9013948750029092,2425,-0.8905335466289472
26,4.0,1,20,SHORT,-0.3920801237369623,-1.1871409578617438,-1.49031896931164,-0.9579479169689924,2850,-0.9455594176567835
26,4.0,1,10,SHORT,-0.3920801237369623,-1.1871409578617438,-1.49031896931164,-0.9579479169689924,2850,-0.9455594176567835
26,4.0,1,5,SHORT,-0.39283541284320367,-1.1909260428108108,-1.494471552280546,-0.9585662298394927,2850,-0.9459537776383985
6,1.5,26,10,SHORT,-0.27324304086212603,-1.197441481222807,-1.8949931299938365,-0.8489213790700463,375,-0.8453331625496759
156,2.5,13,20,SHORT,-0.39107793935325896,-1.1991356456405429,-1.5232562559054295,-0.9519558600023388,733,-0.9450324660087673
104,2.5,6,10,SHORT,-0.3924842755492898,-1.2013337793136902,-1.6245757310707563,-0.955907004167024,1586,-0.9457707335359078
156,2.5,13,10,SHORT,-0.391897262664056,-1.2029244044100589,-1.5281772350050074,-0.9523326754435295,733,-0.9454635823857716
156,2.0,26,10,SHORT,-0.34105181555049735,-1.2055130152799405,-1.5971856586890303,-0.9207404396338732,369,-0.9127765471398409
104,2.5,6,20,SHORT,-0.3936000852808287,-1.2076165183474608,-1.6356106533437178,-0.956378502282735,1586,-0.9463506214857096
13,1.5,26,10,SHORT,-0.3154717424751716,-1.208059438797544,-1.8340635503093978,-0.8954496404771485,374,-0.8910165173836339
13,1.5,4,20,LONG,-0.3018706937230231,-1.2111090599353982,-1.579337688087618,-0.9024371290935462,2422,-0.8777273646179117
104,2.5,6,5,SHORT,-0.4076563029532023,-1.2133010307168655,-1.635126288432311,-0.9615877717465955,1586,-0.953226463409303
13,2.5,6,10,SHORT,-0.4431191827647365,-1.2146458974788503,-1.6168440254945466,-0.9716613399580738,1588,-0.9674009340809128
13,2.0,26,10,SHORT,-0.3331892693298454,-1.214719275331107,-1.8466152471216393,-0.910951819624834,374,-0.9065114519097267
52,2.5,8,5,SHORT,-0.38861335193835067,-1.2148780117063296,-1.7803610768748257,-0.9496935567123929,1205,-0.9437185671892887
156,2.5,26,20,SHORT,-0.3787266070085531,-1.2177448326383875,-1.6712350745395321,-0.9439531981405052,369,-0.9381830801050721
13,2.5,6,20,SHORT,-0.44402636019253605,-1.2187288397901483,-1.6219171020351209,-0.9717953850471988,1588,-0.9677102707512615
156,2.0,26,20,SHORT,-0.3415710758175601,-1.2198900585181547,-1.6184549849840904,-0.9200377069940906,369,-0.9131777357524495
6,2.0,13,20,SHORT,-0.5219985841020904,-1.2268220920501562,-1.5048044843534487,-0.9872267660761203,682,-0.9866559990471224
52,2.5,6,5,SHORT,-0.41083405288249486,-1.2271172891106004,-1.6105698234377515,-0.9553825352374296,1600,-0.9546749407797115
6,1.5,4,20,LONG,-0.29848629757147016,-1.227212050930084,-1.6038381140436675,-0.8884907434983357,2425,-0.8742199199967579
6,2.0,13,10,SHORT,-0.5220355799899781,-1.227489633148378,-1.5063279118153592,-0.9872325464333989,682,-0.9866620376974355
156,2.5,26,10,SHORT,-0.38063595397757244,-1.2289329009060597,-1.6834779289545567,-0.9449530353722988,369,-0.9392858523599583
6,2.0,13,5,SHORT,-0.5229253455496318,-1.2293524051590685,-1.5065536979497973,-0.9873924078859291,682,-0.9868065886768
52,2.5,13,5,SHORT,-0.40296121633985205,-1.2347170687062314,-1.7478454008615627,-0.9579524809073766,743,-0.9510162717095654
13,2.0,13,20,SHORT,-0.3148818912562993,-1.236220461648608,-1.8989077507532734,-0.8913619533604119,748,-0.8904661787549725
156,4.0,2,20,SHORT,-0.5377910667599708,-1.2368062548616192,-1.556533756178529,-0.9902785993769226,3272,-0.9890362767195776
156,4.0,2,10,SHORT,-0.5377995533169504,-1.2368400426190709,-1.556578310526897,-0.9902796431683653,3272,-0.9890374538997991
156,4.0,2,5,SHORT,-0.5378295124430286,-1.2368539295155128,-1.5567118092149737,-0.990283327203597,3272,-0.9890416087273186
52,2.5,6,10,SHORT,-0.40047994971811895,-1.2382653532175139,-1.6215640664399447,-0.9503772711840229,1600,-0.9498137022767804
13,2.0,26,20,SHORT,-0.3324002280455054,-1.2411750515136686,-1.9060762820150952,-0.9097512475323639,374,-0.9058626495751421
13,2.5,6,5,SHORT,-0.45287388065513057,-1.2439455347982515,-1.659467747656096,-0.9750723204562489,1588,-0.9706016815983713
52,2.5,6,20,SHORT,-0.4020151087965801,-1.2455505768775827,-1.6313677221707297,-0.951115763762489,1600,-0.9505605819686798
52,5.0,1,10,LONG,-0.37985396190178566,-1.2474554318991162,-1.6860924684626362,-0.9574509340624273,2322,-0.9388361899675913
52,5.0,1,20,LONG,-0.37985396190178566,-1.2474554318991162,-1.6860924684626362,-0.9574509340624273,2322,-0.9388361899675913
13,2.0,13,5,SHORT,-0.35648213839387166,-1.2475530303029996,-1.8731617932257982,-0.9252619004355636,748,-0.9240630782569956
26,3.0,8,20,SHORT,-0.4701322354654375,-1.2486605209306307,-1.8285702204012437,-0.9812223923587575,1180,-0.975626497510783
26,3.0,8,5,SHORT,-0.471386666128099,-1.250184729788523,-1.83445798883444,-0.9817809845718245,1180,-0.9759620158373132
26,3.0,8,10,SHORT,-0.4705105601020598,-1.2502773985744036,-1.8309530653145991,-0.9813006626214694,1180,-0.9757280930110986
104,3.5,6,10,SHORT,-0.5399348588912256,-1.2518273358011662,-1.5957820195711758,-0.9923995985832804,1495,-0.9893303342387678
104,3.5,6,20,SHORT,-0.5399602311276595,-1.2519304542692875,-1.5959309371177273,-0.9924020495020509,1495,-0.9893337749102081
52,5.0,1,5,LONG,-0.38098019086178936,-1.2523742425157127,-1.6928952085977138,-0.9579008404585192,2322,-0.9394829254184541
104,3.0,4,5,SHORT,-0.48523968582577803,-1.2531340675631033,-1.7326796671092002,-0.979729512982336,2297,-0.9794196781433436
156,3.5,13,5,SHORT,-0.5308216692419978,-1.2570592877695732,-1.53305425836066,-0.9887845105353502,712,-0.9880334734117543
104,3.0,4,10,SHORT,-0.48585906586814065,-1.2583788143089445,-1.7411359135882922,-0.9798191902298556,2297,-0.9795640720096603
156,3.5,13,10,SHORT,-0.5312916398242404,-1.2592106753782868,-1.5355658534026098,-0.9888500507018889,712,-0.9881034024280451
156,3.5,13,20,SHORT,-0.5312916398242404,-1.2592106753782868,-1.5355658534026098,-0.9888500507018889,712,-0.9881034024280451
52,2.5,8,10,SHORT,-0.3913368052698457,-1.2595995297116316,-1.8446091019735336,-0.9501844504626217,1205,-0.9451689818069999
104,3.0,4,20,SHORT,-0.48622281716859217,-1.26001671831707,-1.7433082627631278,-0.9799025443775503,2297,-0.9796484798891947
52,2.5,8,20,SHORT,-0.3922568003335587,-1.2650011144946023,-1.8527367739549743,-0.950623176447603,1205,-0.9456518790687516
104,3.5,6,5,SHORT,-0.5437679963725255,-1.2692622780390126,-1.6161757814889242,-0.9927625234985278,1495,-0.9898398188475142
104,1.5,13,20,SHORT,-0.2871317673494783,-1.2722657979023024,-1.9433388836987688,-0.868029889676445,740,-0.8618372658311135
104,5.0,1,10,SHORT,-0.42881025941519013,-1.2734730370475642,-1.6461966382767454,-0.9693915359773937,2951,-0.9621871176999386
104,5.0,1,20,SHORT,-0.42881025941519013,-1.2734730370475642,-1.6461966382767454,-0.9693915359773937,2951,-0.9621871176999386
104,5.0,1,5,SHORT,-0.4292116543959088,-1.2752683968154555,-1.648533867932514,-0.9695476900290559,2951,-0.9623422501262977
52,2.5,13,10,SHORT,-0.40365049884968984,-1.2823097253813835,-1.8259923370116902,-0.9534600069874571,743,-0.9513460653558873
156,3.5,6,10,SHORT,-0.5721411625441528,-1.2877758401919344,-1.5256025666982493,-0.9942587933696816,1481,-0.9930204536803743
156,3.5,6,20,SHORT,-0.5721647586278675,-1.2878738414360125,-1.5257331826320595,-0.9942606447496711,1481,-0.9930227043905863
52,2.5,13,20,SHORT,-0.40512544743792367,-1.2889475067704168,-1.836409376809872,-0.9541291363380404,743,-0.952045587929579
156,3.5,6,5,SHORT,-0.5724010937321249,-1.2895080622788195,-1.5272714078028609,-0.994283764765472,1481,-0.9930452140186066
26,3.0,2,10,LONG,-0.4926717303247634,-1.2902058930587321,-1.718521397063505,-0.9887078894332417,4283,-0.9810976449308658
26,3.0,2,20,LONG,-0.49296413947615325,-1.29133740607875,-1.7199171060003522,-0.988745897982988,4283,-0.9811612690956062
52,1.5,4,20,LONG,-0.3069269387769439,-1.2934935504731606,-1.6637379959496688,-0.8974990805374891,2406,-0.8828161249850798
156,5.0,1,20,SHORT,-0.4354027373197811,-1.2946169613909362,-1.6599756001512302,-0.9723445487494637,2979,-0.9646689876140984
156,5.0,1,10,SHORT,-0.4354027373197811,-1.2946169613909362,-1.6599756001512302,-0.9723445487494637,2979,-0.9646689876140984
26,3.0,2,5,LONG,-0.4948736081126809,-1.294839653807676,-1.7243047348782963,-0.9887971401864337,4283,-0.9815723932812023
6,1.5,13,5,SHORT,-0.34178455753138526,-1.2958889302900274,-1.9902267236742122,-0.9164523473630669,748,-0.913342230710224
156,5.0,1,5,SHORT,-0.43580264989509876,-1.296344414456012,-1.6622745537919519,-0.9723929022435701,2979,-0.9648150867892868
26,3.0,6,5,SHORT,-0.5026846710289765,-1.2982090293908393,-1.583120545324772,-0.9856953124825748,1545,-0.98317759500143
26,3.5,2,10,SHORT,-0.5386447133239373,-1.2983995274278117,-1.620305333602238,-0.9893188668354024,3353,-0.9891541634210378
52,3.0,4,10,SHORT,-0.48809207632032015,-1.2984837745247892,-1.759754636334365,-0.9813703513754378,2322,-0.9800776934395233
26,3.5,2,20,SHORT,-0.5387279473859619,-1.2987596604890574,-1.6207479000887803,-0.9893301311304334,3353,-0.9891656014118578
52,3.0,4,20,SHORT,-0.48835302711138606,-1.2997027541764004,-1.7613135109280962,-0.9814258197994058,2322,-0.9801370106584889
52,3.0,4,5,SHORT,-0.4899248149182276,-1.3007107186834204,-1.7667300846557075,-0.9817570354563128,2322,-0.9804912084207501
104,1.5,13,5,SHORT,-0.3687157396065005,-1.3105385506777756,-1.9496902946492236,-0.9375191342132585,740,-0.9321256429448084
26,3.5,2,5,SHORT,-0.5417177039601901,-1.3121570813488803,-1.6376096323752982,-0.9896856032567855,3353,-0.989569874028977
6,1.5,26,20,SHORT,-0.26171945113686135,-1.3181763942953657,-2.063578720715575,-0.8335063011979228,375,-0.8304286774268299
26,3.0,6,10,SHORT,-0.5056246594922609,-1.3193167163505577,-1.6133596682875664,-0.9858105676289144,1545,-0.9837509083242796
26,3.0,6,20,SHORT,-0.5057077866998793,-1.319702392627911,-1.6135160327400315,-0.9858245147774577,1545,-0.9837668799635508
13,2.0,8,5,SHORT,-0.37495538990133237,-1.3297512198588082,-1.9734859903882536,-0.9386098803645783,1215,-0.9359561318018028
52,1.5,26,20,SHORT,-0.2716619635072831,-1.3335074695512146,-2.0542841718569838,-0.8541526639289292,373,-0.8433549964245499
104,2.0,6,5,SHORT,-0.4031847557339142,-1.34012896174244,-1.8576709323159943,-0.9604201796565657,1602,-0.9511234286331788
104,1.5,8,5,SHORT,-0.39781492493663473,-1.349061483163583,-1.9338610869940402,-0.9569698981968583,1198,-0.9484949146020273
13,2.0,8,10,SHORT,-0.34848558253458206,-1.357281859333161,-2.0139916372735995,-0.9200806439406553,1215,-0.9183758706978615
104,4.0,4,10,SHORT,-0.6013881464755735,-1.3620887800867183,-1.7114249123340795,-0.9969953769382608,1997,-0.9953868461589951
104,4.0,4,20,SHORT,-0.6013881464755735,-1.3620887800867183,-1.7114249123340795,-0.9969953769382608,1997,-0.9953868461589951
26,2.5,8,5,SHORT,-0.4298382394805197,-1.3621273052222878,-2.051143949836973,-0.9654562698624202,1206,-0.962583359883564
104,4.0,2,5,SHORT,-0.5697705708881238,-1.3643325212642565,-1.6974375875157646,-0.9942047708615354,3343,-0.9927912458182572
104,4.0,4,5,SHORT,-0.602370427580114,-1.3660416825992512,-1.7173307704209806,-0.9970384189771558,1997,-0.9954529308368311
104,4.0,2,20,SHORT,-0.5703752941082879,-1.3674300297284623,-1.7008240735668803,-0.9942522451648437,3343,-0.992850299666573
104,4.0,2,10,SHORT,-0.5703752941082879,-1.3674300297284623,-1.7008240735668803,-0.9942522451648437,3343,-0.992850299666573
156,2.0,6,20,SHORT,-0.3611004793485669,-1.3714352242851873,-1.9619509073031258,-0.9315612042670742,1589,-0.9271951962144751
156,4.0,4,5,SHORT,-0.600548959515228,-1.3773900651988424,-1.7505630916004438,-0.9958682905874928,1975,-0.9953297595674434
156,5.0,1,5,LONG,-0.453523054712197,-1.377832726099152,-1.8501339465256403,-0.974015122020121,2979,-0.9708050850095785
156,4.0,4,20,SHORT,-0.6007864589492138,-1.3786199548276927,-1.7517619973461236,-0.9958826360290208,1975,-0.9953459748077611
156,4.0,4,10,SHORT,-0.6007969824634405,-1.3786653577773613,-1.751825753463713,-0.995883270713768,1975,-0.9953466922179351
104,2.0,13,20,SHORT,-0.34710359575711347,-1.3795027164329383,-1.995660574369609,-0.9201120132551374,740,-0.9173581166485189
156,2.0,6,10,SHORT,-0.3661792098774239,-1.3795719446698058,-1.975828997534258,-0.9353578879698246,1589,-0.9305151349182874
156,5.0,1,10,LONG,-0.4539040398671985,-1.379655567368214,-1.8525155520951144,-0.9741208850821675,2979,-0.9709239134915889
156,5.0,1,20,LONG,-0.4539040398671985,-1.379655567368214,-1.8525155520951144,-0.9741208850821675,2979,-0.9709239134915889
52,2.0,13,20,SHORT,-0.3500643112220483,-1.3845723512906134,-1.9796114500372965,-0.9207072635060948,745,-0.9195257771979661
104,5.0,1,5,LONG,-0.4538072442815464,-1.3875571467005148,-1.8495015579019285,-0.9740144857681139,2951,-0.9708937612110699
13,2.0,8,20,SHORT,-0.3494414100043606,-1.3882880311333663,-2.0742901544946353,-0.9198710175421899,1215,-0.9190736864402274
104,5.0,1,20,LONG,-0.4541925000717416,-1.38933072989106,-1.8518702599166177,-0.974121490520732,2951,-0.9710136166756745
104,5.0,1,10,LONG,-0.4541925000717416,-1.38933072989106,-1.8518702599166177,-0.974121490520732,2951,-0.9710136166756745
26,1.5,4,20,LONG,-0.3169840802516757,-1.3977678871028423,-1.790798417546496,-0.908809148542882,2414,-0.8924170836345221
52,1.5,26,10,SHORT,-0.32113138772969296,-1.4008436966433566,-2.149441571381298,-0.9016935395779344,373,-0.8961815225139289
26,2.5,8,10,SHORT,-0.42316908595309033,-1.4125338581304736,-2.1698103416173695,-0.9624550652423132,1206,-0.9599502312644435
52,2.0,13,10,SHORT,-0.36302187347856985,-1.413602988241116,-2.015814584858632,-0.9297761055167134,745,-0.9284663253631822
156,1.5,6,5,SHORT,-0.4155285221337869,-1.4159865434992296,-2.0122617388573323,-0.9568705362022543,1590,-0.9567465836426803
104,1.5,6,5,SHORT,-0.413746914974631,-1.424106834447113,-1.9669330651091215,-0.9647823863993658,1603,-0.9559698184572589
26,2.5,8,20,SHORT,-0.42603467474079815,-1.428187165699347,-2.1928192079284434,-0.9635327699178351,1206,-0.96109983568641
52,4.0,1,5,LONG,-0.5211699198872298,-1.4360683138466417,-1.9658136350266722,-0.9922676273764315,4852,-0.986520145261408
26,2.0,6,5,SHORT,-0.4118351356849427,-1.4371272400167039,-1.988909640904949,-0.96301610472481,1615,-0.9551234725565327
52,4.0,1,20,LONG,-0.5215834084192426,-1.4381914364116568,-1.968414315401306,-0.9923065943624139,4852,-0.9865880764561673
52,4.0,1,10,LONG,-0.5215834084192426,-1.4381914364116568,-1.968414315401306,-0.9923065943624139,4852,-0.9865880764561673
156,3.5,4,10,SHORT,-0.5844877880083384,-1.4429037816968746,-1.805922680543905,-0.9954717093496626,2146,-0.994118891106896
156,3.5,4,20,SHORT,-0.5844877880083384,-1.4429037816968746,-1.805922680543905,-0.9954717093496626,2146,-0.994118891106896
104,2.0,13,10,SHORT,-0.3639961630370221,-1.443834188410678,-2.0808990990740277,-0.9319848018745299,740,-0.9291038178108261
156,3.5,4,5,SHORT,-0.5850406148947438,-1.4446735370174064,-1.8092626320660388,-0.9954813195585839,2146,-0.9941645026851975
52,3.0,6,5,SHORT,-0.5136507364697753,-1.4456141531861189,-1.9342693939430113,-0.9869796823143991,1563,-0.9852341649734282
104,1.5,8,10,SHORT,-0.3723318886982073,-1.4519581872559661,-2.078336327078148,-0.9407858048492695,1198,-0.9343680283323197
156,1.5,8,5,SHORT,-0.41231789578942557,-1.4567457742255714,-2.0866514673172545,-0.9593281349404102,1189,-0.9553384527918092
52,3.0,6,20,SHORT,-0.5154917359843042,-1.4575131002525614,-1.9490707565339918,-0.9872710307135312,1563,-0.9855580497541642
6,1.5,4,5,SHORT,-0.4086203968983534,-1.457855573511523,-1.9190467373248858,-0.9549906397912746,2425,-0.9536699123093595
104,2.0,13,5,SHORT,-0.41203025668577253,-1.4578557768768994,-2.0545079649215414,-0.9587695708540408,740,-0.9552104658897755
52,3.0,6,10,SHORT,-0.5155885451381539,-1.4580293600903127,-1.9496933638941372,-0.9872858972278478,1563,-0.9855749169061903
52,3.5,4,10,SHORT,-0.5935041320807073,-1.4674186040034825,-1.9094230922746858,-0.9957050821693932,2173,-0.99482701745509
52,3.5,4,20,SHORT,-0.5935041320807073,-1.4674186040034825,-1.9094230922746858,-0.9957050821693932,2173,-0.99482701745509
26,3.0,4,5,SHORT,-0.5439137766383408,-1.4674961225419836,-1.9332415105838772,-0.9911965190830144,2283,-0.9898587897979977
52,3.5,4,5,SHORT,-0.5957391946013221,-1.476282742925615,-1.922561150073078,-0.9958733064193276,2173,-0.9949911518192022
13,1.5,4,5,SHORT,-0.4317823434513469,-1.4810941530870574,-1.9810198291662822,-0.9647307978678618,2422,-0.9633233203429779
26,3.0,4,20,SHORT,-0.545550083079082,-1.4823766192070522,-1.956690099112872,-0.9913934372669838,2283,-0.9900697218281315
13,3.0,2,5,SHORT,-0.5493353319296377,-1.4835912476079574,-1.8137761139364619,-0.9916701074257367,2531,-0.9905437646368878
26,3.0,4,10,SHORT,-0.5458538726395736,-1.4836576927281184,-1.9585363062089716,-0.9914270283402009,2283,-0.9901084793102396
13,3.0,2,10,SHORT,-0.5503016503600071,-1.4880191223083172,-1.820807967454452,-0.991774018115327,2531,-0.9906617258145077
13,3.0,2,20,SHORT,-0.5505272501444078,-1.4890516907438178,-1.8220764049112186,-0.9917981220560348,2531,-0.9906890890169116
26,2.5,4,10,SHORT,-0.4519267705966492,-1.4954686859909507,-2.1308417693475037,-0.9706339505841065,2387,-0.9703028207009935
6,2.0,2,5,LONG,-0.5382649178660289,-1.4965027539209192,-2.025118870740763,-0.9937895329860086,2936,-0.9891018449517414
6,2.0,1,5,SHORT,-0.469474948910619,-1.4968447906545523,-1.9174045688505321,-0.9791793577228214,4344,-0.9754491511727734
6,2.0,1,10,SHORT,-0.4693882014642562,-1.4973218309693686,-1.9175724969919812,-0.9790671695790851,4344,-0.975425665636725
6,2.0,1,20,SHORT,-0.4694803682212738,-1.4976407576720663,-1.9181669931049898,-0.9790884242079131,4344,-0.9754506177499882
52,1.5,8,5,SHORT,-0.411071124381291,-1.4998218624643156,-2.2538881734780665,-0.9581887832834611,1210,-0.9547814942300079
26,2.5,4,20,SHORT,-0.4524641277057746,-1.5001910492676465,-2.1365010604818204,-0.9708019272176295,2387,-0.9704726914293687
6,2.0,2,10,LONG,-0.5389196863207557,-1.5006261296659884,-2.0303856419495894,-0.9938408589905722,2936,-0.9891919120520868
26,1.5,6,5,SHORT,-0.42611931707147654,-1.5009446334780474,-2.0592603621024477,-0.9679596652351176,1615,-0.9611333715250405
6,2.0,2,20,LONG,-0.5391468741457455,-1.5012348858946207,-2.0319326309253234,-0.9938585854069619,2936,-0.9892230184461519
13,3.0,1,20,LONG,-0.4770003769039084,-1.5084826371557014,-2.012482987733278,-0.9806948544250556,3618,-0.9774169719697101
26,4.0,1,5,LONG,-0.4609643296109224,-1.5088444863819728,-2.0501124777922475,-0.9764146398101576,2850,-0.9730545187249572
26,2.5,4,5,SHORT,-0.46598039442785644,-1.5091617232457046,-2.1250421031462334,-0.9747726627430909,2387,-0.9744882007400879
52,1.5,4,5,SHORT,-0.4306158083746833,-1.5092108127956503,-2.0911502854902233,-0.9660249431333249,2406,-0.9628807873328892
13,3.0,1,10,LONG,-0.47760099388881394,-1.5114184065367318,-2.016352730064351,-0.9808241463677367,3618,-0.9775682168051517
26,4.0,1,20,LONG,-0.4616809840485616,-1.5118011482231615,-2.0544581939657816,-0.9765974272401908,2850,-0.973263347219991
26,4.0,1,10,LONG,-0.4616809840485616,-1.5118011482231615,-2.0544581939657816,-0.9765974272401908,2850,-0.973263347219991
52,2.0,8,5,SHORT,-0.4250333786783925,-1.5163996961721309,-2.2755862437385765,-0.9636625144060048,1209,-0.9607012918772795
156,1.5,8,20,SHORT,-0.3523287536363926,-1.517212471818283,-2.195306045035936,-0.9227822745620422,1189,-0.9211516694761352
104,1.5,8,20,SHORT,-0.3566255362262586,-1.5173824982683095,-2.121954439848555,-0.9303114806152302,1198,-0.9241619816998395
13,3.0,1,5,LONG,-0.4795776201442482,-1.5210370615540427,-2.0294972501458988,-0.9812740533307664,3618,-0.9780600465767546
104,3.5,4,10,SHORT,-0.5938057707010513,-1.5336078576074887,-2.063965072064576,-0.9962549156611802,2184,-0.9948494253833989
104,3.5,4,20,SHORT,-0.5938212195065558,-1.5336800969273445,-2.064075435442227,-0.996255748562871,2184,-0.9948505708642262
104,3.5,4,5,SHORT,-0.5945093941356593,-1.53469233825412,-2.0650023771368797,-0.9962242883886563,2184,-0.9949013830794353
104,2.0,8,5,SHORT,-0.4378546714967452,-1.5433452438871933,-2.169351221880511,-0.9706286839941168,1198,-0.9655568930700623
13,2.5,2,5,LONG,-0.5230590609506016,-1.5463502422379922,-2.0695952730766374,-0.9917227113533702,4531,-0.9868281993429594
26,1.5,13,20,SHORT,-0.32378499937396177,-1.5495896924801864,-2.3801666767995964,-0.8997195758057304,747,-0.8985323644867836
156,1.5,8,10,SHORT,-0.38639337043439015,-1.5529765248973728,-2.261440110120487,-0.9434483835878424,1189,-0.9425128842716771
13,2.0,6,5,SHORT,-0.4329308156404791,-1.5550804290163578,-2.155470986906773,-0.9651249943588,1618,-0.9637547195259607
156,2.0,13,20,SHORT,-0.3874898588867167,-1.5553207668586952,-2.1133623190251867,-0.9457556692503677,735,-0.9431110404593377
26,2.0,13,20,SHORT,-0.36292947339954273,-1.5554509149809133,-2.337486271374368,-0.9282793197433208,747,-0.9284056206943169
104,2.0,6,20,SHORT,-0.3972675149956397,-1.5595510888269528,-2.172504318412056,-0.9567358380731099,1602,-0.9482205040094204
52,4.0,4,5,SHORT,-0.6401710769318614,-1.560341920723229,-1.9451763456282087,-0.9980060367291774,1933,-0.9974647082950012
26,2.0,13,10,SHORT,-0.3707387485835939,-1.566038171675285,-2.372760711671276,-0.9329695792746341,747,-0.9333878097923506
52,1.5,8,10,SHORT,-0.3761994645110237,-1.567270625565352,-2.3402811330460955,-0.9392042007048925,1210,-0.936698003727905
13,2.0,6,10,SHORT,-0.3849934029324892,-1.5695994464796312,-2.240730881350085,-0.9423180730941333,1618,-0.9417416049154091
13,1.5,13,5,SHORT,-0.407961243954032,-1.5700902604433973,-2.330048520099296,-0.9541033014225747,748,-0.9533671042152826
52,4.0,4,20,SHORT,-0.6420530820953816,-1.5706702661834966,-1.9569943259186373,-0.9980662578543281,1933,-0.9975412784712399
52,4.0,4,10,SHORT,-0.6420530820953816,-1.5706702661834966,-1.9569943259186373,-0.9980662578543281,1933,-0.9975412784712399
52,1.5,13,20,SHORT,-0.3247841227259284,-1.5767103810939997,-2.341635915560026,-0.9047662240681495,745,-0.8994059744686572
156,2.0,13,10,SHORT,-0.3941874691225772,-1.578161275011456,-2.1403457651248194,-0.9493681757277397,735,-0.9466538143147303
156,3.5,2,20,SHORT,-0.6048848027240172,-1.5788301423515383,-2.005107512248272,-0.9965363476973054,3831,-0.9956185231259455
156,3.5,2,10,SHORT,-0.6048920573818002,-1.5788644433128936,-2.005153357980037,-0.9965367195913125,3831,-0.9956189935672166
13,2.5,2,10,LONG,-0.5261120453517159,-1.5794974521645313,-2.1145689998110027,-0.9915431352970241,4531,-0.9873136895673084
13,1.5,13,20,SHORT,-0.33140615628168313,-1.5807876094792703,-2.513661987776207,-0.906493737284118,748,-0.9050399481072061
156,3.5,2,5,SHORT,-0.6055067724289767,-1.581145992540748,-2.0085876420421505,-0.9965693692718608,3831,-0.9956587040630296
52,3.0,2,5,LONG,-0.5551381539766149,-1.5817867861819004,-2.1051007428199573,-0.9957762113799475,4419,-0.9912339610113708
13,2.5,2,20,LONG,-0.5267688984822116,-1.5824704177211182,-2.1186484925023303,-0.9915854384224261,4531,-0.9874161791934202
26,2.0,13,5,SHORT,-0.41347407818834636,-1.5898824342030375,-2.2499794259117163,-0.9556332932145123,747,-0.9558498494027937
104,2.0,6,10,SHORT,-0.4086926649128235,-1.5922904596471033,-2.210766072053374,-0.9616609450243965,1602,-0.9537030121026051
13,1.5,13,10,SHORT,-0.3665108755874601,-1.592704455412909,-2.467522420833455,-0.931141182563118,748,-0.9307275006692013
52,4.0,6,5,SHORT,-0.6544782017235096,-1.5973593507410797,-1.9461155057512993,-0.998349069976197,1367,-0.9980002224208323
52,2.0,6,5,SHORT,-0.4556720024567643,-1.5974520744937568,-2.201751123011357,-0.9722757948550391,1611,-0.971470103396143
13,1.5,8,10,SHORT,-0.3725309299295194,-1.597502849498572,-2.3512786217555024,-0.9365021543233243,1215,-0.9344896485091023
52,4.0,6,10,SHORT,-0.6550937464256488,-1.6007324041092463,-1.9504120135435343,-0.998366195687689,1367,-0.9980209668578316
52,4.0,6,20,SHORT,-0.6550937464256488,-1.6007324041092463,-1.9504120135435343,-0.998366195687689,1367,-0.9980209668578316
52,3.0,2,10,LONG,-0.5590096959077651,-1.6109082364432343,-2.143496660080739,-0.9958926416547339,4419,-0.9916707958260494
52,3.0,2,20,LONG,-0.5592174366106484,-1.6118096144126297,-2.144542280891666,-0.9959039440441858,4419,-0.9916937156449415
13,2.5,4,20,SHORT,-0.5246378792981747,-1.612061244698348,-2.1545273395827933,-0.9887505386256088,2352,-0.9870811522478488
13,2.5,4,10,SHORT,-0.5254631031009122,-1.6149734242819072,-2.15705335068569,-0.9889124293572176,2352,-0.9872117557001122
13,2.0,6,20,SHORT,-0.3827113942859114,-1.6149836547324175,-2.3341563335200886,-0.9408995673298842,1618,-0.9404660055270011
104,3.0,2,5,LONG,-0.5703871942384486,-1.616384050963261,-2.1583050028935715,-0.9969690354887203,4407,-0.9928514577295229
6,1.5,13,10,SHORT,-0.3625999517086481,-1.6185286349019903,-2.4998734775164237,-0.9294594059642332,748,-0.9281887848921209
26,1.5,4,5,SHORT,-0.44609166465167127,-1.628245614527861,-2.2278446523529136,-0.9686113343084425,2414,-0.9684054482040868
52,2.0,4,5,SHORT,-0.46324017880274926,-1.634028035820545,-2.2129525816061326,-0.9763606591573479,2404,-0.9737130547516382
104,3.0,2,20,LONG,-0.5730918521596475,-1.6341657867440078,-2.176653862445049,-0.997008399633076,4407,-0.9931106601471712
104,3.0,2,10,LONG,-0.5733639125945171,-1.635495247971894,-2.178370551846984,-0.9970195316711892,4407,-0.9931362960558519
26,1.5,13,5,SHORT,-0.425275295346749,-1.641150446877103,-2.307177440844635,-0.9606056041059231,747,-0.9607978901878205
104,2.5,2,20,LONG,-0.5034073998359019,-1.6465284135407543,-2.200810663118386,-0.9873557472572808,4627,-0.9833200615421429
156,2.0,2,5,LONG,-0.4589740311112438,-1.6503450169221345,-2.2556053389009394,-0.9783939727100733,4666,-0.9724674543212889
13,2.5,4,5,SHORT,-0.5366961475290335,-1.653786383516722,-2.215105039843379,-0.9906256542956536,2352,-0.9888835176261954
52,2.0,8,10,SHORT,-0.41909452492159127,-1.6554522424464961,-2.4833321122204697,-0.9603203895305527,1209,-0.9582672347954101
104,2.5,2,10,LONG,-0.5062148394438482,-1.6593039815480846,-2.2179296245148667,-0.9876240357301879,4627,-0.9838640209597365
6,1.5,13,20,SHORT,-0.3371777060216765,-1.6681599194159675,-2.5712377756693607,-0.9098265801497581,748,-0.9097345643342118
104,2.5,2,5,LONG,-0.5153208950712193,-1.6689250793735024,-2.2328807466754412,-0.9881061978765543,4627,-0.9855282440919128
104,1.5,4,5,SHORT,-0.4612382182824306,-1.671415241893016,-2.2824075452589496,-0.9756025793865652,2386,-0.9731344871689249
52,4.0,2,20,SHORT,-0.6328782324084066,-1.6763498370433652,-2.0929798128528057,-0.9975624190002397,3176,-0.9971490590187596
52,4.0,2,10,SHORT,-0.6328782324084066,-1.6763498370433652,-2.0929798128528057,-0.9975624190002397,3176,-0.9971490590187596
104,1.5,6,10,SHORT,-0.40183694232527845,-1.6785369993395487,-2.3570699387672844,-0.9586686419083483,1603,-0.9504743767007086
52,4.0,2,5,SHORT,-0.6339710752613117,-1.6820832065318256,-2.1002232657557007,-0.9976045483293539,3176,-0.9971983325530117
26,1.5,8,5,SHORT,-0.439924635376007,-1.6828996440788202,-2.5139695881500512,-0.9670976744686566,1213,-0.9662920026192677
104,3.0,2,10,SHORT,-0.5827908816802403,-1.6835319991391478,-2.195325898243852,-0.9944043566555351,4407,-0.9939770360500318
156,2.0,13,5,SHORT,-0.45037296585531117,-1.6842957242615695,-2.259588790015117,-0.9722276569256102,735,-0.9698070632818845
104,3.0,2,20,SHORT,-0.5830536286345367,-1.6849188216850408,-2.1970756086624275,-0.9944249336523558,4407,-0.9939991844434195
104,3.0,2,5,SHORT,-0.5860493921909068,-1.6959058804470544,-2.2052985384758763,-0.9946551458771197,4407,-0.9942469772074036
104,2.0,8,20,SHORT,-0.4314576823971238,-1.6970849868221496,-2.3455268852441282,-0.9672957760425634,1198,-0.9632005995842821
52,1.5,13,10,SHORT,-0.3800915852463054,-1.697141647014543,-2.535244653650979,-0.9402642734633151,745,-0.9389731195596301
13,1.5,4,10,SHORT,-0.4237672439939373,-1.6999455145673803,-2.2870837681763447,-0.961510584069106,2422,-0.9601924941417734
156,3.0,4,5,SHORT,-0.5935525751089188,-1.7001703443050562,-2.1998510220042937,-0.9950605876500357,2276,-0.9948306215957204
156,3.0,4,10,SHORT,-0.5940155575520814,-1.7039948985633473,-2.2032686208551024,-0.9951466329167653,2276,-0.9948649623965581
156,3.0,4,20,SHORT,-0.5940972260012657,-1.7044476632447685,-2.2038247088828524,-0.9951523396466079,2276,-0.9948710003227714
26,3.5,1,20,SHORT,-0.5671185389882922,-1.706090834881512,-2.1368672397546145,-0.9927402737227029,5224,-0.9925274657539717
26,3.5,1,10,SHORT,-0.5671348335896048,-1.7061671810740515,-2.136996206821549,-0.9927418716845091,5224,-0.9925291105576275
104,2.0,8,10,SHORT,-0.4390878900878593,-1.7111511841676885,-2.375284182276114,-0.9699790904327908,1198,-0.9659964303225497
26,2.0,6,10,SHORT,-0.41498525242042217,-1.7141527019469243,-2.410608100523122,-0.9628261459062923,1615,-0.9565109364859694
26,3.5,1,5,SHORT,-0.5687926918733306,-1.714407596389573,-2.146398738351644,-0.9928869752334541,5224,-0.9926948963253397
104,3.0,8,5,SHORT,-0.579547349371855,-1.715223154550509,-2.2457739387016877,-0.9944520003126915,1177,-0.9936979908967617
52,1.5,13,5,SHORT,-0.4376187726584304,-1.7164730061021773,-2.4986673190347295,-0.9668751578087856,745,-0.9654722809990196
156,1.5,4,5,SHORT,-0.4586824877750302,-1.7177761052603824,-2.3285768527242627,-0.9754963421670066,2367,-0.9723805763415827
52,1.5,6,5,SHORT,-0.4736182676030184,-1.722691033056005,-2.3706085085109176,-0.9772116803417117,1612,-0.9765494303541908
26,1.5,13,10,SHORT,-0.38744972789345977,-1.7268085670287359,-2.5638058369807637,-0.943528844921814,747,-0.9430892395497091
6,1.5,4,10,SHORT,-0.41775213191928695,-1.72800117627332,-2.2901363735865377,-0.959021059269776,2425,-0.9577000879394001
156,2.5,2,10,LONG,-0.5280849560001073,-1.7287559407472617,-2.24283062693224,-0.9900374859400377,4571,-0.9876194607817272
6,1.5,8,5,SHORT,-0.42221701843922255,-1.729460160027999,-2.474314032742714,-0.9619813108194606,1216,-0.9595621094794585
52,2.0,8,20,SHORT,-0.42418283161924464,-1.7307022098830351,-2.586837364542427,-0.9618131961058568,1209,-0.9603600970087603
156,2.5,2,20,LONG,-0.528721195024588,-1.7331201154370495,-2.2479730313358743,-0.9900704238338222,4571,-0.9877167551918296
104,3.0,8,10,SHORT,-0.581714356399658,-1.7338661909785669,-2.2701732783082442,-0.9946002114412288,1177,-0.9938855808070647
104,3.0,8,20,SHORT,-0.5819931614997531,-1.735314522680045,-2.2721145100734486,-0.9946212256900379,1177,-0.9939093761695764
156,2.5,4,5,SHORT,-0.5189936524350575,-1.7354924886895078,-2.3702548607795975,-0.9890560645727484,2338,-0.9861578911998936
13,1.5,8,20,SHORT,-0.36391166786579066,-1.7379172195237098,-2.515691095523312,-0.929517773504713,1215,-0.9290487185353111
13,3.0,1,5,SHORT,-0.5223842137031376,-1.7384550921894333,-2.1952158356742877,-0.9887359822436732,3618,-0.9867188322233484
104,4.0,1,10,LONG,-0.5948973084280741,-1.7443296371000339,-2.4197323627175695,-0.9959119221499069,5201,-0.9949298415365042
104,4.0,1,20,LONG,-0.5948973084280741,-1.7443296371000339,-2.4197323627175695,-0.9959119221499069,5201,-0.9949298415365042
52,2.5,4,5,SHORT,-0.5043989105591098,-1.7466396747884743,-2.3965654759975035,-0.9839900000415146,2380,-0.9835138826210327
156,2.5,2,5,LONG,-0.5393796480132398,-1.7469207828476074,-2.2665242915479347,-0.9912902852199651,4571,-0.9892548126632091
13,3.0,1,10,SHORT,-0.5241883416471849,-1.7481481238529546,-2.206448348351141,-0.9890348713598587,3618,-0.9870095425370824
104,4.0,1,5,LONG,-0.59606629109187,-1.7495014339692507,-2.4265306269237326,-0.9959804293018562,5201,-0.9950148061895764
26,2.0,8,5,SHORT,-0.4517409651693489,-1.7510531821096662,-2.6860072094084293,-0.970955110917484,1213,-0.9702438952473298
13,3.0,1,20,SHORT,-0.5247353507612045,-1.7510727435613396,-2.2100852596292957,-0.9891083860398413,3618,-0.9870966358448361
26,2.5,2,5,LONG,-0.5177538274487283,-1.7523308294697841,-2.3021495428042242,-0.9896420746248848,4700,-0.9859479310587529
6,1.5,8,20,SHORT,-0.3546977085805265,-1.7685163607424073,-2.6089707853189164,-0.9265361562298513,1216,-0.9228233610790533
52,3.5,2,10,SHORT,-0.6353508001851174,-1.7697300733683516,-2.233861129051412,-0.9972996966537793,3876,-0.9972595305963908
52,3.5,2,20,SHORT,-0.6353508001851174,-1.7697300733683516,-2.233861129051412,-0.9972996966537793,3876,-0.9972595305963908
26,2.0,6,20,SHORT,-0.4145944303856902,-1.772181269966538,-2.5026224869667484,-0.9622893166058044,1615,-0.9563407572269453
52,1.5,8,20,SHORT,-0.3737660681929337,-1.772685707889892,-2.638870386895192,-0.9377471190144533,1210,-0.9352401857301761
156,2.5,4,20,SHORT,-0.5198675827873092,-1.7737746459853019,-2.422433865157692,-0.9887829959189862,2338,-0.9863043201142885
156,2.0,2,10,LONG,-0.4478552357836383,-1.7746120822443376,-2.4010367063783917,-0.9769171578943625,4666,-0.9689891987212902
156,2.5,4,10,SHORT,-0.5201004051911238,-1.7746185831881822,-2.424191200834486,-0.9888147676715209,2338,-0.9863431126251033
26,2.0,8,20,SHORT,-0.40600078699514164,-1.7870131020535684,-2.7916477709572085,-0.9526187985660228,1213,-0.9524567772676413
26,2.0,8,10,SHORT,-0.4176145950034754,-1.7893535578889443,-2.8117214650172166,-0.9577042778007953,1213,-0.9576416209755219
13,1.5,8,5,SHORT,-0.45625107354585237,-1.7907227485930062,-2.5722389971874224,-0.9728219807985536,1215,-0.9716471398009592
156,2.0,8,5,SHORT,-0.48619644637290615,-1.7908124744525262,-2.508467393327703,-0.9803069002158188,1189,-0.9796423703235907
52,3.0,2,20,SHORT,-0.593941871212174,-1.791918513726085,-2.34237291166924,-0.9952462149734941,4419,-0.9948595095494477
52,2.5,4,10,SHORT,-0.5013986131847603,-1.7922110836381404,-2.4509195464112343,-0.983170791845627,2380,-0.9829215887054933
52,3.0,2,10,SHORT,-0.594122487607198,-1.7930351550134225,-2.343684348294658,-0.9952585673714327,4419,-0.9948728667760135
13,2.0,4,20,SHORT,-0.43759466496059907,-1.793499857942358,-2.4550261046157003,-0.9668081141764607,2422,-0.9654636243668427
52,2.5,4,20,SHORT,-0.5018876064134434,-1.7947796217117298,-2.4538743823029363,-0.983267084173697,2380,-0.9830193069087624
156,2.0,2,20,LONG,-0.44920179526476356,-1.796239679625924,-2.4281819249710987,-0.978151797037861,4666,-0.9694288715620217
52,3.5,2,5,SHORT,-0.6408059187414077,-1.7983067154334647,-2.2681741946982634,-0.9975421246724042,3876,-0.9974907549109613
13,2.0,4,10,SHORT,-0.44675360052212276,-1.799794932079663,-2.426246733237108,-0.970820672319975,2422,-0.9686256106749722
156,1.5,6,20,SHORT,-0.39439900787615445,-1.8049047177597932,-2.6724644579101646,-0.9467545037920331,1590,-0.9467626568116183
52,3.0,2,5,SHORT,-0.5984764730355265,-1.8055929135351594,-2.3589680689103587,-0.9955576328340321,4419,-0.99518626272242
52,1.5,4,10,SHORT,-0.4344289785610924,-1.8116503382110782,-2.558978452380842,-0.9672668210238219,2406,-0.964311142087742
104,1.5,6,20,SHORT,-0.3831200127764378,-1.8174171551051428,-2.646535927936204,-0.9491528143208463,1603,-0.9406961014718684
156,2.0,8,20,SHORT,-0.4569461869343957,-1.818241056648198,-2.534635217852822,-0.9722721447288074,1189,-0.971858449518434
156,1.5,6,10,SHORT,-0.42482795435522513,-1.8184935745120578,-2.6442316046353525,-0.9604621252757479,1590,-0.9606191102640431
52,2.0,4,20,SHORT,-0.44958755229296077,-1.8214293186361936,-2.5509342156452712,-0.9733749562843208,2404,-0.9695538705692912
156,2.0,8,10,SHORT,-0.4610636802403971,-1.823270024832336,-2.555434613912778,-0.9734650689712718,1189,-0.9730835493279423
26,2.5,2,10,LONG,-0.5213672422935747,-1.824786869027054,-2.390984830726363,-0.9893931498146328,4700,-0.9865525984519695
26,1.5,4,10,SHORT,-0.4269837696437865,-1.830769128995736,-2.608782495458686,-0.9616638110860696,2414,-0.961474503048894
26,1.5,8,10,SHORT,-0.42078765057020107,-1.8330951596910825,-2.785564950394615,-0.9590342457794755,1213,-0.9589735591669547
26,2.5,2,20,LONG,-0.5227978939638775,-1.8340715529877687,-2.401263358766742,-0.9895722635180773,4700,-0.9867859629969484
104,3.5,2,10,SHORT,-0.6510321246340072,-1.8413888220288226,-2.289590492936666,-0.9982768257044279,3936,-0.9978807276325342
104,3.5,2,20,SHORT,-0.6511157727994112,-1.8418319147254996,-2.29016165926424,-0.9982792398244783,3936,-0.9978836966751481
104,2.5,4,5,SHORT,-0.5288776302426432,-1.8460160987310372,-2.4609908973652566,-0.9878948857865071,2359,-0.9877405801045636
104,3.5,2,5,SHORT,-0.6529117440805652,-1.852301024052029,-2.303427757444219,-0.9983310118710178,3936,-0.9979466168242397
52,2.0,4,10,SHORT,-0.463360189933655,-1.8595623910479127,-2.5924472034879513,-0.9768568554501112,2404,-0.9737474071687502
6,1.5,8,10,SHORT,-0.405792841833605,-1.8649954461895806,-2.6599160675118583,-0.9550296201373052,1216,-0.9523593610776961
13,1.5,4,20,SHORT,-0.42220487441571686,-1.8820557865969956,-2.535844709208406,-0.9602387444911232,2422,-0.9595571387572133
104,2.5,4,10,SHORT,-0.5267381029297726,-1.8847678609574328,-2.525281144257864,-0.9876587086467886,2359,-0.9874113895103613
156,4.0,1,5,LONG,-0.6124555529531182,-1.8869789191384883,-2.583657434468736,-0.9963869221283019,5067,-0.9960872333166532
156,4.0,1,10,LONG,-0.6128582868698436,-1.8894430857082813,-2.586950992979004,-0.9964088244983289,5067,-0.9961109523912957
156,4.0,1,20,LONG,-0.612879764397591,-1.8895707293344788,-2.5871186228026084,-0.9964099894383671,5067,-0.9961122139579519
52,2.5,2,5,LONG,-0.5491740242710706,-1.890330892894357,-2.45102697675988,-0.9913952920085617,4690,-0.9905239535823666
26,1.5,6,10,SHORT,-0.43571243891590683,-1.8922997763528393,-2.658816534030726,-0.9695816380861315,1615,-0.9647821740378435
104,2.5,4,20,SHORT,-0.52841054462452,-1.8954707167948683,-2.5386991770530862,-0.987911581248296,2359,-0.9876693296717894
52,1.5,4,20,SHORT,-0.4113722866753198,-1.897211040282359,-2.735865172879335,-0.9584038255655816,2406,-0.954916554202005
26,1.5,4,20,SHORT,-0.40172649086114354,-1.9028142561912853,-2.7740293659955646,-0.9507188081509725,2414,-0.9504208725770034
13,2.0,4,5,SHORT,-0.5054206809736264,-1.9107678528969971,-2.516028248840802,-0.9852232671361811,2422,-0.9837116617171469
52,2.0,6,20,SHORT,-0.4520588124923076,-1.9118977920688818,-2.6660620376320505,-0.9703467504155581,1611,-0.9703446370164974
52,2.0,6,10,SHORT,-0.4660497412844956,-1.924253368237614,-2.6865435482611013,-0.9743557500018295,1611,-0.9745075687494069
104,1.5,4,10,SHORT,-0.4547943315606504,-1.9365575530671504,-2.6471078983275134,-0.9736575006522062,2386,-0.9712000312036365
6,1.5,4,20,SHORT,-0.42359328313700295,-1.9396313413560085,-2.5971149448943467,-0.9613232171891142,2425,-0.9601221630418009
52,2.5,2,10,LONG,-0.5457232329107751,-1.9444054850720587,-2.5165200977199507,-0.9913811854063879,4690,-0.9900918276868423
26,1.5,8,20,SHORT,-0.3972121805637895,-1.9499817802342663,-2.9141612197542113,-0.9484312206938251,1213,-0.9481926981484308
52,2.5,2,20,LONG,-0.5466723374247047,-1.9509325853360087,-2.5237703896563293,-0.9914371849057473,4690,-0.9902122755113233
26,3.0,2,5,SHORT,-0.6304252625853493,-1.9726101236463205,-2.5839927059860766,-0.9972870825307294,4283,-0.9970358402091298
26,3.0,2,20,SHORT,-0.631399743162397,-1.984854697814099,-2.6001666839576854,-0.997307975311767,4283,-0.9970812561422415
26,3.0,2,10,SHORT,-0.6316014217949092,-1.986214662577008,-2.6017703710719835,-0.9973165776860566,4283,-0.997090582998429
156,4.0,1,20,SHORT,-0.6301387586089883,-1.9867621021970527,-2.456129495084273,-0.9972632953883047,5067,-0.9970223767341109
156,4.0,1,10,SHORT,-0.6301597060539845,-1.9868790556390261,-2.456276380169311,-0.9972642016874299,5067,-0.9970233628169163
156,4.0,1,5,SHORT,-0.6305568414610201,-1.9890234084861746,-2.4590593899094015,-0.9972813368857413,5067,-0.9970420064677289
6,1.5,6,5,SHORT,-0.4784332790387573,-1.992050909224904,-2.701025958137836,-0.9797558972787918,1619,-0.977776410509186
26,2.0,4,5,SHORT,-0.5053732554383383,-1.9997436294469195,-2.7234199427578343,-0.9839754241494886,2413,-0.9837025255288471
26,1.5,6,20,SHORT,-0.4102473846144704,-2.0063553356232484,-2.893033711034025,-0.9584373721559958,1615,-0.954410363396813
52,1.5,6,10,SHORT,-0.4671456052707854,-2.041654878552235,-2.8657951275313875,-0.9745975350306385,1612,-0.9748120200513073
13,1.5,6,5,SHORT,-0.523705080530848,-2.0436370866879447,-2.743477700252243,-0.9874262304356676,1618,-0.986932194100156
13,2.0,2,5,LONG,-0.5337698182947284,-2.048947811849486,-2.7007231096841844,-0.99051239063164,4793,-0.9884665638336917
156,3.0,2,20,SHORT,-0.6583086319234576,-2.066457323607092,-2.5882024397874135,-0.9982165608564891,4314,-0.9981264353071594
156,3.0,2,10,SHORT,-0.6585034962155246,-2.06762856098126,-2.5898797863920056,-0.9982225005936576,4314,-0.9981326752071212
156,1.5,2,5,LONG,-0.531841164416575,-2.070778379435925,-2.731981696733979,-0.9903538529716727,4687,-0.9881847386644098
156,3.0,2,5,SHORT,-0.660103426747132,-2.072342659579566,-2.597082569968065,-0.9982648357303799,4314,-0.9981832594508286
26,2.0,4,10,SHORT,-0.47260006089326045,-2.075242515007823,-2.9790627167874986,-0.9767075571874061,2413,-0.9762829064222261
156,1.5,4,10,SHORT,-0.47116936847319646,-2.0819437166870642,-2.8192619567784036,-0.9778192636108691,2367,-0.9759041717786472
104,1.5,4,20,SHORT,-0.44450914612949477,-2.0889732095979774,-2.8640833990762693,-0.9701840137770017,2386,-0.9678739003006845
26,2.0,4,20,SHORT,-0.465394007620468,-2.0990715334052172,-3.0547424973377253,-0.9750549075604795,2413,-0.9743239394739478
104,2.0,2,5,LONG,-0.5440430596667876,-2.1069142889494157,-2.8249335933368864,-0.9910932900114315,4717,-0.9898755893215694
13,2.5,2,20,SHORT,-0.6267751823867846,-2.135741611378284,-2.760898625963482,-0.9971338805789368,4531,-0.996860485632913
13,2.5,2,5,SHORT,-0.6309091098556596,-2.1385783417732083,-2.77128275770321,-0.9973391638456388,4531,-0.9970584627058464
13,2.5,2,10,SHORT,-0.6272744310901546,-2.139211222821858,-2.76608298394368,-0.9971562288360615,4531,-0.9968849656576482
104,4.0,1,5,SHORT,-0.6644927255358403,-2.1435472760457905,-2.6180719525794918,-0.9984747828881408,5201,-0.9983162346158727
104,4.0,1,10,SHORT,-0.6653945475290092,-2.1504898571181714,-2.625342666652347,-0.9984986023759077,5201,-0.9983425301699008
104,4.0,1,20,SHORT,-0.6653945475290092,-2.1504898571181714,-2.625342666652347,-0.9984986023759077,5201,-0.9983425301699008
13,1.5,6,10,SHORT,-0.47696566456791556,-2.151692429712114,-3.0683406295381705,-0.9775507922508736,1618,-0.9774082050801685
13,1.5,2,5,LONG,-0.5525421981854515,-2.1799851582659353,-2.791274780574844,-0.9939556378316525,4803,-0.9909305493829227
156,2.5,2,5,SHORT,-0.6152987976920028,-2.189185902030188,-2.930777347447195,-0.9963376997580319,4571,-0.996252151410434
104,2.0,4,5,SHORT,-0.5540919532364877,-2.194357979804043,-3.0015255168529205,-0.9920954214091942,2385,-0.9911127113684374
13,1.5,6,20,SHORT,-0.43837037213191266,-2.1950543624959415,-3.2027439081086544,-0.9658901568527372,1618,-0.9657412658076546
156,2.0,4,5,SHORT,-0.5418962259183525,-2.2052106596060845,-3.01557445823433,-0.9906427809692244,2365,-0.9895936122986726
6,1.5,6,10,SHORT,-0.46955252171011663,-2.2261852372414985,-3.0964857330969,-0.9761715011559776,1619,-0.9754701370523228
52,1.5,6,20,SHORT,-0.4471484172767183,-2.2301994767007667,-3.197595333987273,-0.9686361671798177,1612,-0.9687563216478959
156,1.5,4,20,SHORT,-0.46346090251768235,-2.2426678079275755,-3.0319319295320395,-0.9758816071020983,2367,-0.9737762067723719
52,1.5,2,5,LONG,-0.5624622809226673,-2.2610799846221354,-2.894394386455299,-0.9940403342351822,4776,-0.9920449860832159
104,2.0,2,10,LONG,-0.5283810612634182,-2.2658399987174835,-2.9891807619574844,-0.9888520691320207,4717,-0.9876648207112677
104,2.0,4,10,SHORT,-0.5249869239215335,-2.2780025306357685,-3.226621773197262,-0.9887301617246519,2385,-0.9871365278201779
156,2.5,2,20,SHORT,-0.6215452670086544,-2.2823188266137033,-3.0412697805441002,-0.9966683200423657,4571,-0.996594313007984
156,1.5,2,10,LONG,-0.5101333009213563,-2.2831419762700658,-2.949376257196306,-0.9862712679896977,4687,-0.9845985933782982
156,2.5,2,10,SHORT,-0.6221119992315525,-2.2848123507117744,-3.0442267888116565,-0.9966973911757924,4571,-0.9966240299022274
156,2.0,4,10,SHORT,-0.52194515407605,-2.291002294312359,-3.162940399811478,-0.9879259070089591,2365,-0.9866472739360368
104,2.0,4,20,SHORT,-0.5215624703721948,-2.2944548453985116,-3.2493730962503378,-0.9883007793901062,2385,-0.9865846434221635
52,4.0,1,20,SHORT,-0.6770932504491851,-2.2995017867774616,-2.8400430755083645,-0.9987137668271369,4852,-0.9986539573478008
52,4.0,1,10,SHORT,-0.6770932504491851,-2.2995017867774616,-2.8400430755083645,-0.9987137668271369,4852,-0.9986539573478008
104,1.5,2,5,LONG,-0.5671578452645931,-2.300695001741213,-2.995817447768871,-0.9938215294645,4730,-0.9925314328824348
52,4.0,1,5,SHORT,-0.6773881032232234,-2.301180982195175,-2.842294885692862,-0.9987206200934464,4852,-0.9986611292890585
156,2.0,4,20,SHORT,-0.5225678560231384,-2.306995715881099,-3.175188684596436,-0.987992366642725,2365,-0.9867486679499634
52,2.0,2,5,LONG,-0.5742964241071467,-2.307187191215196,-2.9946907628968136,-0.9946809216526367,4767,-0.9932235661675183
52,2.5,2,5,SHORT,-0.6176926746213158,-2.3124412740907037,-3.160648098217475,-0.996654020406734,4690,-0.9963864969953231
104,2.0,2,20,LONG,-0.5320969524880008,-2.331522013678401,-3.074753792023938,-0.9890725876007261,4717,-0.9882224408264011
26,2.0,2,5,SHORT,-0.5611020860781332,-2.349827805280089,-3.3536820070734983,-0.9923041172055722,4785,-0.9918992688183762
156,3.5,1,5,LONG,-0.6941626847374868,-2.3521168760061433,-3.1690859236008446,-0.9990938151361449,6452,-0.9990202327277513
156,3.5,1,10,LONG,-0.6943582087146809,-2.354314119387528,-3.1720099953819583,-0.9991031781359264,6452,-0.9990238901113091
156,3.5,1,20,LONG,-0.6943751648571763,-2.3544406214646703,-3.1721719955558827,-0.9991034690556255,6452,-0.9990242067512201
52,2.5,2,20,SHORT,-0.6161111048841645,-2.3906762438101867,-3.2754757057075836,-0.9964130344113967,4690,-0.9962981947970252
52,2.5,2,10,SHORT,-0.6169613946628725,-2.3953097733179867,-3.279744784402626,-0.9964592478470792,4690,-0.9963458877933563
26,3.5,1,5,LONG,-0.6815557198763368,-2.3978124961790193,-3.229372491793545,-0.9991663909570383,5224,-0.9987591618453303
104,2.5,2,5,SHORT,-0.6386790783480318,-2.4054664479851553,-3.145912450443863,-0.9974685941161388,4627,-0.9974026102886694
26,3.5,1,10,LONG,-0.6827531098919498,-2.4067948962885275,-3.2411245513356666,-0.9991845552396806,5224,-0.9987861996217858
26,3.5,1,20,LONG,-0.6827645687995345,-2.406887221361901,-3.2414496556848564,-0.9991847274714999,5224,-0.9987864559911409
52,3.5,1,10,SHORT,-0.699252713714012,-2.4098430409360634,-3.0045098130364463,-0.9991473811110415,6558,-0.9991118262615531
52,3.5,1,20,SHORT,-0.699252713714012,-2.4098430409360634,-3.0045098130364463,-0.9991473811110415,6558,-0.9991118262615531
104,3.5,1,20,LONG,-0.7032360638645527,-2.4147074512830695,-3.292237407713183,-0.9992446154280175,6698,-0.9991784495357383
104,3.5,1,10,LONG,-0.7033351292975389,-2.4154225508476546,-3.2934356329292327,-0.999246088889329,6698,-0.9991800520609546
104,3.5,1,5,LONG,-0.7036492812376065,-2.4160215137570895,-3.293657268456232,-0.999250033648276,6698,-0.9991851167899791
52,3.5,1,5,SHORT,-0.7017043276506527,-2.4247640587152617,-3.023208565970126,-0.9991872321592757,6558,-0.9991533391284971
6,1.5,6,20,SHORT,-0.46270106950826373,-2.4365173876645927,-3.4828044664319524,-0.9743030929757648,1619,-0.9735582781212756
26,1.5,2,5,LONG,-0.5790338321143669,-2.4391446796915877,-3.11911915687012,-0.9953699978754661,4791,-0.9936528454591491
52,2.0,2,5,SHORT,-0.5938819810178686,-2.4416647032150216,-3.372643005168813,-0.9950301124126614,4767,-0.9948550740925255
6,2.0,1,5,LONG,-0.6330193449952218,-2.4497432776050507,-3.212786579431865,-0.9971959692008185,4344,-0.9971554615282597
6,2.0,1,20,LONG,-0.632970945362654,-2.450550713993275,-3.2118616505143196,-0.9971938058271491,4344,-0.9971532669019977
6,2.0,1,10,LONG,-0.6330271232406945,-2.4511430789672026,-3.212276672503875,-0.9971963167449533,4344,-0.9971558140930968
13,1.5,2,10,LONG,-0.538850329474279,-2.4593418226749657,-3.1324554354608414,-0.9909673674003411,4803,-0.9891824009463531
156,3.5,1,20,SHORT,-0.710575098157092,-2.469527344254163,-3.078159565576644,-0.9993809744308677,6452,-0.9992903644304063
156,3.5,1,10,SHORT,-0.7105914900131023,-2.4696410140249707,-3.0783020163503445,-0.9993811794300953,6452,-0.9992905994364399
156,3.5,1,5,SHORT,-0.7108133590819175,-2.4704255940029585,-3.079207130494657,-0.9993871566292458,6452,-0.9992937739778623
104,1.5,2,5,SHORT,-0.5939727603297873,-2.485169752807241,-3.392038403203282,-0.9949518464132975,4730,-0.9948617959525017
104,2.5,2,10,SHORT,-0.6433227609493881,-2.489916944577676,-3.241009927299547,-0.9976570762233369,4627,-0.997591844911632
104,2.5,2,20,SHORT,-0.6452485376236894,-2.5061858540320947,-3.262364841352628,-0.997730092208016,4627,-0.9976668937957608
26,1.5,2,5,SHORT,-0.5890829577189194,-2.5112326730706176,-3.533598613127049,-0.9948685433814424,4791,-0.994489192322614
52,3.5,1,5,LONG,-0.7131637471223566,-2.511235112464458,-3.3976644095017514,-0.9994506085124766,6558,-0.9993266867828186
26,2.5,2,5,SHORT,-0.6421351242454215,-2.5259813369448048,-3.3966485512146525,-0.9976478774320847,4700,-0.9975445722732276
13,2.0,2,10,LONG,-0.5616122483139865,-2.52787791038248,-3.271546257872947,-0.9926996975354931,4793,-0.991954179452716
6,1.5,2,5,LONG,-0.5806160149307735,-2.529051600297137,-3.2885000497944157,-0.9942518978277608,4808,-0.993791088714247
52,3.5,1,20,LONG,-0.7153852498610607,-2.5308865589576586,-3.4224547162244945,-0.9994753340842668,6558,-0.9993566157852425
52,3.5,1,10,LONG,-0.7153852498610607,-2.5308865589576586,-3.4224547162244945,-0.9994753340842668,6558,-0.9993566157852425
26,2.0,2,10,SHORT,-0.5481787435711176,-2.547392295792258,-3.669477435267568,-0.9905094417100602,4785,-0.9904009552193944
26,2.5,2,20,SHORT,-0.635729451272681,-2.552104969479823,-3.4372287489001887,-0.9973474602942243,4700,-0.9972761305487517
104,1.5,2,10,LONG,-0.5487092506684347,-2.5539260733777662,-3.2635780902838993,-0.9913148626015719,4730,-0.9904666797670699
52,1.5,2,5,SHORT,-0.604896754868974,-2.5552725115547226,-3.586025472102671,-0.9960140311691343,4776,-0.9956192981618458
13,2.0,2,20,LONG,-0.5586629986582915,-2.5568720854403506,-3.306252913151809,-0.9924260040909558,4793,-0.9916324283195519
26,2.5,2,10,SHORT,-0.6368806811263139,-2.558737959214743,-3.4434022757155485,-0.9973961104910376,4700,-0.9973260890035144
52,2.0,2,10,LONG,-0.5685995738825866,-2.5748011864625115,-3.262512714481616,-0.9937337691407484,4767,-0.9926757429412285
6,1.5,2,5,SHORT,-0.5873914985825821,-2.577950668331622,-3.4739423870002644,-0.9945309438271785,4808,-0.9943552035904727
104,3.5,1,5,SHORT,-0.7258099274994003,-2.5803285098846858,-3.1853813774880013,-0.9995663266401975,6698,-0.9994827520210446
104,2.0,2,5,SHORT,-0.6145175000489624,-2.582265996836212,-3.430509465647634,-0.9962738863080773,4717,-0.9962074187869981
104,3.5,1,10,SHORT,-0.7260311330685594,-2.5838220233398137,-3.1887010873301294,-0.9995670223595038,6698,-0.9994851876150483
104,3.5,1,20,SHORT,-0.7261225799390612,-2.5845377685296276,-3.1896656641423924,-0.999567866846071,6698,-0.9994861917134198
52,1.5,2,10,LONG,-0.5575162042992603,-2.6016223733078916,-3.234374484336554,-0.9929405485518049,4776,-0.9915044720205187
26,2.0,2,20,SHORT,-0.5474630078913345,-2.6128202865972088,-3.7671341324155247,-0.9904671736263949,4785,-0.9903116878174503
13,1.5,2,5,SHORT,-0.6178540479758461,-2.63067402593086,-3.630413075770993,-0.9966532761271895,4803,-0.9963954077461346
156,1.5,2,20,LONG,-0.5311084501466903,-2.6503776522149307,-3.381957099911336,-0.9887311156874808,4687,-0.9880761852210219
26,2.0,2,5,LONG,-0.603959878531052,-2.655241391784946,-3.402424889514355,-0.9965577844468486,4785,-0.9955582007116867
52,2.0,2,20,LONG,-0.5715049765158693,-2.664119117238431,-3.369006772535642,-0.9939863216926189,4767,-0.9929595438586994
156,1.5,2,5,SHORT,-0.619193980904323,-2.665038404648044,-3.572411047224503,-0.9967145208005682,4687,-0.9964686953674987
13,2.0,2,5,SHORT,-0.6325120888910577,-2.724248352410306,-3.6516187987133577,-0.9972745762572625,4793,-0.997132390750812
52,2.0,2,10,SHORT,-0.5892294719299971,-2.7312768132611853,-3.8341514614671017,-0.9945722470355535,4767,-0.9945006732382681
52,2.0,2,20,SHORT,-0.5845870208411659,-2.7658002512908815,-3.8947877832538147,-0.9942020230513776,4767,-0.9941271001101891
104,1.5,2,20,LONG,-0.5415642513659669,-2.786036531131414,-3.519316995530165,-0.9902178195428991,4730,-0.9895494334005739
6,1.5,2,10,LONG,-0.5681543612073943,-2.7926041646938575,-3.5555750223908946,-0.9931331025269319,4808,-0.992631428214266
13,2.0,2,10,SHORT,-0.599280655806844,-2.8129612268647017,-3.8103279060888413,-0.9955168680011911,4793,-0.995242371268658
26,1.5,2,10,LONG,-0.5756385646782911,-2.8283292198773187,-3.5214492171820138,-0.9941608695261518,4791,-0.993347555591668
13,1.5,2,20,LONG,-0.5565615058863721,-2.8685396008408865,-3.5886097350926565,-0.9916989623903456,4803,-0.9913967158984134
26,1.5,2,10,SHORT,-0.5806828065344103,-2.8698535353117425,-4.072079260798861,-0.9939090898440479,4791,-0.9937968692600693
156,3.0,1,5,LONG,-0.7445840770706423,-2.874409370517238,-3.859051812229099,-0.9996939910147685,7862,-0.9996583692877195
13,2.0,2,20,SHORT,-0.6005856517894773,-2.879258331258301,-3.8757190334433496,-0.995557491932913,4793,-0.9953322677817266
156,3.0,1,10,LONG,-0.7447923979590938,-2.8803531866013525,-3.8626481884346395,-0.999698250462749,7862,-0.999659995563523
156,3.0,1,20,LONG,-0.7449589145613132,-2.881681340305241,-3.864288230913687,-0.9996994000308783,7862,-0.9996612908704441
52,1.5,2,10,SHORT,-0.5978726937395997,-2.917631863888452,-4.10179402427998,-0.9952138353246435,4776,-0.9951437769203082
26,3.0,1,5,SHORT,-0.7422912470289618,-2.9209086199910064,-3.726535126542237,-0.9996439481482717,7697,-0.9996400399010571
6,1.5,2,20,LONG,-0.556593451149808,-2.929924536231862,-3.653661961359357,-0.9918663176322957,4808,-0.9914003397677694
26,3.0,1,20,SHORT,-0.7425684841278405,-2.930882988310219,-3.739462357044228,-0.9996449709465127,7697,-0.9996422985832865
104,2.0,2,10,SHORT,-0.6185661463838723,-2.9323633796612243,-3.939240349496231,-0.9964857617023475,4717,-0.9964345113227766
26,3.0,1,10,SHORT,-0.7427244955523515,-2.9324400472778107,-3.7414169618824147,-0.999646227357255,7697,-0.9996435644512429
52,1.5,2,20,LONG,-0.558745023371169,-2.9332157521926803,-3.5992105818306444,-0.9920161968144411,4776,-0.9916415188492413
104,1.5,2,10,SHORT,-0.5990309304411452,-2.9459223152230885,-4.024430960274682,-0.9952914117100764,4730,-0.9952250060598103
104,2.0,2,20,SHORT,-0.6143403792087002,-2.948132569320541,-3.964981983388847,-0.9962334639091657,4717,-0.9961972165681058
6,1.5,2,10,SHORT,-0.5898324603220086,-2.9682492104555793,-3.9994851585683255,-0.9946935137334904,4808,-0.9945477151563202
104,3.0,1,5,SHORT,-0.7538550154196185,-3.002755586700811,-3.8278464017070544,-0.9997365840431134,8100,-0.9997247958916892
26,2.0,2,10,LONG,-0.607048050756682,-3.0083787857224027,-3.776687454968624,-0.9962853901532048,4785,-0.9957569602817133
104,3.0,1,10,SHORT,-0.7544957892574095,-3.0157938169243472,-3.8490233505751448,-0.999740569029654,8100,-0.9997289592107247
104,3.0,1,20,SHORT,-0.7545404264131365,-3.016130013991621,-3.849645381361957,-0.9997408447564708,8100,-0.9997292472766174
156,2.0,2,5,SHORT,-0.6682901687312222,-3.0550624500727057,-3.978975819942103,-0.998509128705798,4666,-0.9984246713388056
13,1.5,2,10,SHORT,-0.6178887496366863,-3.0770599560178207,-4.184234067821023,-0.996592501054593,4803,-0.9963973215285956
26,1.5,2,20,LONG,-0.5680455728283542,-3.079568393621822,-3.785477749386473,-0.993180686960062,4791,-0.9926205661212837
26,2.0,2,20,LONG,-0.6059479521634505,-3.0811957986696767,-3.8525278318978864,-0.9962591914754567,4785,-0.9956870198857319
156,1.5,2,10,SHORT,-0.625118771072997,-3.1698092204114934,-4.2565881085534025,-0.9969290915661604,4687,-0.9967781202370679
52,3.0,1,20,SHORT,-0.7638784393560752,-3.1714674882641063,-4.089869798429154,-0.9997894824681118,8144,-0.999784192586623
52,3.0,1,10,SHORT,-0.7643681166200905,-3.1766421578757287,-4.096052240572355,-0.9997920228014044,8144,-0.9997867967533738
26,3.0,1,5,LONG,-0.7700837957747987,-3.1820553644053344,-4.192096193523926,-0.9998426134953949,7697,-0.9998153167763771
26,3.0,1,10,LONG,-0.7694946434950888,-3.1844843955787754,-4.193148096919087,-0.9998391754149569,7697,-0.9998125319729345
26,3.0,1,20,LONG,-0.7696388254245619,-3.1857307564412585,-4.194946525975179,-0.9998397628161313,7697,-0.9998132166875211
52,3.0,1,5,SHORT,-0.7673957949302573,-3.192211947909026,-4.114392753534561,-0.9998068639607298,8144,-0.9998023265750267
52,1.5,2,20,SHORT,-0.589623265833263,-3.199903707786229,-4.515699736563006,-0.9946005024009077,4776,-0.994531432867592
26,1.5,2,20,SHORT,-0.5816726703627921,-3.200398094690998,-4.553356538609871,-0.9939592372805036,4791,-0.993882016387663
13,1.5,2,20,SHORT,-0.5963323753035575,-3.2072111689167255,-4.357252366871153,-0.9952113776292618,4803,-0.995033980009217
156,3.0,1,5,SHORT,-0.7825001761035149,-3.231997711688997,-4.030709211497698,-0.9998777959277639,7862,-0.9998665166637511
156,3.0,1,20,SHORT,-0.7820758664604941,-3.2320677611511806,-4.032747731750781,-0.9998762996584394,7862,-0.9998649865768777
156,3.0,1,10,SHORT,-0.7822146093844533,-3.2336394677589984,-4.034534672454052,-0.999876759509543,7862,-0.9998654884839124
156,1.5,2,20,SHORT,-0.6031286808433681,-3.248038811279955,-4.362525249020903,-0.995713313116672,4687,-0.995503405213169
6,1.5,2,20,SHORT,-0.5958212915658947,-3.2702420465735336,-4.43391457016967,-0.9950956856130324,4808,-0.9949970974860181
104,1.5,2,20,SHORT,-0.5988906772131342,-3.274001356065042,-4.477744562986017,-0.9953272451335288,4730,-0.9952152302198318
13,2.5,1,5,LONG,-0.768172219570228,-3.3140665528671915,-4.313473150666705,-0.9998324248437169,8547,-0.9998061541868368
52,3.0,1,5,LONG,-0.780535111485105,-3.3266725330147926,-4.338596854323348,-0.999880872502393,8144,-0.9998593076944028
13,2.5,1,10,LONG,-0.7710520648783985,-3.3653195830990024,-4.375310253734118,-0.9998443620740809,8547,-0.9998198190593807
52,3.0,1,10,LONG,-0.7830340273753382,-3.3680350478576155,-4.386890699840602,-0.9998891068901226,8144,-0.9998684213171619
13,2.5,1,20,LONG,-0.7713183373281438,-3.36893925238915,-4.378770628302433,-0.9998452225328661,8547,-0.9998210410985114
104,3.0,1,20,LONG,-0.790077919498753,-3.372014429344837,-4.441136963044218,-0.9999007486169095,8100,-0.9998915168000443
104,3.0,1,5,LONG,-0.7908283176658044,-3.3723807173630953,-4.447935780623443,-0.9999024237972808,8100,-0.9998937650517715
104,3.0,1,10,LONG,-0.7901142797701379,-3.3724928112356416,-4.442147277843951,-0.9999008491095468,8100,-0.9998916266399531
52,3.0,1,20,LONG,-0.7834923296244741,-3.372536190422246,-4.392745281822734,-0.9998904697542293,8144,-0.999870038404682
156,2.0,2,10,SHORT,-0.6683661407138441,-3.377828331444656,-4.4349507120795115,-0.9984490967226354,4666,-0.9984267801427651
156,2.0,2,20,SHORT,-0.667112497128284,-3.390436368016334,-4.448717510421121,-0.9984143607805552,4666,-0.9983916810181926
156,2.5,1,5,LONG,-0.7910209870575808,-3.7154024068295213,-4.809591320761871,-0.9999026285966707,8768,-0.9998943360288164
13,2.5,1,20,SHORT,-0.8029106474008969,-3.7241711794391286,-4.784141149767012,-0.9999300137235937,8547,-0.9999249837385065
13,2.5,1,10,SHORT,-0.8031551861340201,-3.7262167724823123,-4.786328201970959,-0.9999305200170718,8547,-0.9999255264198134
13,2.5,1,5,SHORT,-0.8059913312068651,-3.737085721890852,-4.80271783330717,-0.9999362910788425,8547,-0.9999315863274512
156,2.5,1,5,SHORT,-0.7978333652969709,-3.7970870429096237,-4.898414728211387,-0.9999173219321157,8768,-0.9999129527943552
156,2.5,1,20,SHORT,-0.79315877095356,-3.8028999703656106,-4.902454364331314,-0.9999050597906597,8768,-0.9999005025177782
156,2.5,1,10,SHORT,-0.7936562105990411,-3.807411637783692,-4.906127848067776,-0.9999063872864601,8768,-0.9999018937353741
156,2.5,1,10,LONG,-0.7942850800953117,-3.815282475004906,-4.925334585440814,-0.9999113365191603,8768,-0.9999036294134405
156,2.5,1,20,LONG,-0.7947561821818644,-3.822549829417468,-4.9330113772331226,-0.9999126236033976,8768,-0.9999049129088032
104,2.5,1,5,LONG,-0.7944650895562421,-3.890144516488405,-4.957422898248308,-0.9999094888288526,8938,-0.9999041215254119
52,2.5,1,5,LONG,-0.7904956977078258,-3.9285970263403027,-5.117724345773398,-0.9999015063196283,9089,-0.9998927733112007
104,2.5,1,20,LONG,-0.7966767351596866,-3.996680408236291,-5.081263255661754,-0.999915079500978,8938,-0.9999099997077849
104,2.5,1,10,LONG,-0.7972829123951957,-4.002369355042014,-5.089957397674547,-0.999916564302427,8938,-0.9999115575719024
104,2.5,1,5,SHORT,-0.8040871415899853,-4.013220161442744,-5.3221390451467,-0.999931351088997,8938,-0.9999275648787249
104,2.5,1,10,SHORT,-0.8002975768986692,-4.042107175930878,-5.357355546717101,-0.999923362758871,8938,-0.9999189771973415
104,2.5,1,20,SHORT,-0.8008651446450896,-4.051581564268555,-5.370721065739774,-0.9999246277687178,8938,-0.9999203145973011
52,2.5,1,10,LONG,-0.7933066503325067,-4.080100302823317,-5.291023180836576,-0.9999101827273482,9089,-0.9999009177977758
52,2.5,1,20,LONG,-0.7941831666131108,-4.092257847061666,-5.306878334014267,-0.9999123568397282,9089,-0.9999033498741016
26,2.5,1,5,LONG,-0.8026886554984188,-4.120751787170032,-5.329581342273362,-0.9999344385235036,9102,-0.999924488258356
26,2.5,1,5,SHORT,-0.8054107918906556,-4.157384246881422,-5.469975389769288,-0.9999304997158177,9102,-0.9999303804164875
26,2.5,1,10,LONG,-0.8024740283665055,-4.221943050756035,-5.434761430367893,-0.9999333275566146,9102,-0.9999240066397099
26,2.5,1,20,LONG,-0.8031786876850997,-4.23416842118649,-5.445441263829771,-0.9999346391869766,9102,-0.9999255784026672
26,2.5,1,20,SHORT,-0.8036219265751661,-4.240434595432103,-5.584265336802674,-0.9999266790375222,9102,-0.9999265531798827
26,2.5,1,10,SHORT,-0.8043536419238043,-4.247797183999068,-5.5904740890092075,-0.9999282623507078,9102,-0.9999281392108731
52,2.5,1,5,SHORT,-0.8163525928001985,-4.271536408509007,-5.5616474498550135,-0.9999507115242688,9089,-0.9999503697062588
156,2.0,1,5,LONG,-0.8005023906529173,-4.292162299606176,-5.431916983536092,-0.9999253905968349,9122,-0.9999194619435967
52,2.5,1,20,SHORT,-0.8116237885015717,-4.329119814552764,-5.648712401039574,-0.9999428921487644,9089,-0.9999424140332909
52,2.5,1,10,SHORT,-0.8124321505011141,-4.339759550125809,-5.662784185110612,-0.9999443104567001,9089,-0.9999438442155126
104,1.5,1,5,SHORT,-0.8002147095098349,-4.37434144228702,-5.883568799719446,-0.9999205966531893,9302,-0.9999187803835818
104,2.0,1,5,SHORT,-0.8064428700143417,-4.375745484692352,-5.836362917774708,-0.9999340214486337,9256,-0.9999325122573666
156,2.0,1,5,SHORT,-0.8065049435062179,-4.37654670774119,-5.799728974965691,-0.9999349600804682,9122,-0.9999326387296396
156,2.0,1,20,SHORT,-0.7841661569647318,-4.405100987067782,-5.899205890077048,-0.9998757881398174,9122,-0.9998723860134819
26,2.0,1,5,SHORT,-0.7968188999911949,-4.406416159311167,-5.935151879656136,-0.9999125099731274,9425,-0.9999103670949647
104,2.0,1,5,LONG,-0.8095030161393683,-4.418607945503755,-5.589335018760656,-0.9999436875643788,9256,-0.9999385176946607
156,2.0,1,10,SHORT,-0.7877586028883687,-4.43444173959573,-5.931935753883379,-0.9998876258071916,9122,-0.999884317084472
156,1.5,1,5,LONG,-0.8050681954316772,-4.440335007657134,-5.586308764316133,-0.999934668742741,9184,-0.9999296605362312
156,1.5,1,5,SHORT,-0.8052233036588993,-4.4433879995702945,-5.9281077593854885,-0.9999323999428976,9184,-0.9999299872177636
26,1.5,1,5,SHORT,-0.8001282864075832,-4.497862351728602,-6.071383362897076,-0.9999205213594597,9450,-0.9999185747028029
52,2.0,1,5,SHORT,-0.810987857251086,-4.500644330739922,-5.951247708972913,-0.9999413743397596,9379,-0.9999412678171106
52,2.0,1,5,LONG,-0.8123489704036111,-4.520249050292239,-5.772649573622409,-0.9999481802736541,9379,-0.9999436984236051
13,2.0,1,5,LONG,-0.8132091488631329,-4.554336369661908,-5.770591184914993,-0.9999486467712465,9455,-0.9999451910292935
13,1.5,1,5,SHORT,-0.8122500044955572,-4.563498549025072,-6.115620795571243,-0.9999454155688026,9484,-0.9999435245548799
6,1.5,1,5,SHORT,-0.7973018079540372,-4.571835787724061,-6.160555150807297,-0.9999145646921694,9494,-0.9999116057714472
13,2.0,1,5,SHORT,-0.8147827029403445,-4.578612022180025,-6.130939238127089,-0.9999494991587169,9455,-0.9999478366387091
104,2.0,1,20,SHORT,-0.7908428798525617,-4.583277402145016,-6.156731869909595,-0.9998952631160956,9256,-0.9998938082960696
52,1.5,1,5,SHORT,-0.8120917920914419,-4.585722621177267,-6.068927197156129,-0.9999433486095911,9412,-0.9999432456741845
104,2.0,1,10,SHORT,-0.7951361493843231,-4.593413984996309,-6.147626283182939,-0.9999069633606826,9256,-0.9999059377579271
52,1.5,1,5,LONG,-0.812694109505827,-4.594286392460501,-5.865885975942687,-0.9999487351718869,9412,-0.9999443013145782
104,1.5,1,5,LONG,-0.81745789685798,-4.625213693830568,-5.813869487250035,-0.9999557913863333,9302,-0.9999520912637735
13,1.5,1,5,LONG,-0.8173317586382064,-4.639606120614029,-5.866676700161153,-0.9999548557525564,9484,-0.9999518973374006
13,2.0,1,10,SHORT,-0.7955864178785359,-4.764802535788248,-6.535799970362211,-0.9999107406321991,9455,-0.9999071403522003
156,1.5,1,10,SHORT,-0.7925623425711024,-4.790243413744499,-6.418855838727946,-0.9999024133872798,9184,-0.9998988129309859
26,2.0,1,10,SHORT,-0.7961175830609399,-4.833671271975489,-6.541703869665991,-0.9999101332325966,9425,-0.9999085425939231
156,2.0,1,10,LONG,-0.8150497740953122,-4.8371343164436365,-6.018153646348977,-0.9999514386661082,9122,-0.9999482749717493
52,2.0,1,10,SHORT,-0.8043848645942377,-4.837939195348774,-6.472152930888142,-0.9999283239153882,9379,-0.9999282062507612
104,1.5,1,10,SHORT,-0.7946386970453113,-4.848226995680321,-6.547899465516485,-0.9999056679384092,9302,-0.99990459416037
13,2.0,1,20,SHORT,-0.7963328833669132,-4.856651720337095,-6.662530261274429,-0.9999120268648141,9455,-0.9999091059502343
156,1.5,1,20,SHORT,-0.7795578354481054,-4.860323681066399,-6.562128654134623,-0.9998603874310974,9184,-0.9998556041046562
52,2.0,1,20,SHORT,-0.8010657002447921,-4.862392226084264,-6.52032402156854,-0.9999209434124012,9379,-0.9999207827819064
26,2.0,1,5,LONG,-0.8271735091856536,-4.864898890683566,-6.1470180462341455,-0.9999684498615673,9425,-0.999965205745801
26,1.5,1,5,LONG,-0.8254096935346531,-4.884437025509256,-6.1593059333212885,-0.9999665196424455,9450,-0.9999630770535631
156,2.0,1,20,LONG,-0.8179517442522125,-4.905413751268156,-6.091536585280972,-0.9999555583657405,9122,-0.9999528442862374
26,2.0,1,20,SHORT,-0.7947751210539704,-4.906795043404876,-6.634242564308114,-0.9999071050763204,9425,-0.9999049642090521
13,1.5,1,10,SHORT,-0.7945080676029705,-4.909113610172369,-6.7238565514857855,-0.9999083701035003,9484,-0.9999042387106986
104,2.0,1,10,LONG,-0.8165003685682134,-4.91900982370481,-6.1409455841858005,-0.9999535544090429,9256,-0.999950602799259
104,1.5,1,20,SHORT,-0.7829477762896667,-4.985891306901542,-6.809487604109027,-0.9998707010545984,9302,-0.9998681151292707
52,2.0,1,10,LONG,-0.8148760316768644,-5.004273103638742,-6.279306920992562,-0.9999533950783551,9379,-0.9999479901640225
104,2.0,1,20,LONG,-0.8198420171386488,-5.029423682797234,-6.258975465459997,-0.999957948510979,9256,-0.9999556365770403
26,1.5,1,10,SHORT,-0.8000650684862408,-5.067172131850483,-6.858951308181275,-0.9999197741328245,9450,-0.999918423975394
6,1.5,1,10,SHORT,-0.7954055832767,-5.070373729795755,-6.91283426994055,-0.9999098184674102,9494,-0.9999066589132684
6,1.5,1,5,LONG,-0.8294660149180141,-5.07772165914552,-6.387487424028422,-0.9999689780830024,9494,-0.9999678195194653
52,1.5,1,10,SHORT,-0.8071635186985063,-5.082174060316399,-6.7977083902125015,-0.9999340767143895,9412,-0.9999339684936509
156,1.5,1,10,LONG,-0.8123604131091905,-5.101002374104948,-6.310251275430633,-0.9999469349593444,9184,-0.9999437184981245
52,2.0,1,20,LONG,-0.817391113075902,-5.124821909087968,-6.408446188794023,-0.9999568114450688,9379,-0.9999519886705068
52,1.5,1,10,LONG,-0.8128324693653556,-5.175458311489525,-6.482041592261624,-0.9999509139717476,9412,-0.9999445414946908
104,1.5,1,10,LONG,-0.8177685652782266,-5.22025314387889,-6.446616902254048,-0.9999554420922214,9302,-0.9999525661267991
13,2.0,1,10,LONG,-0.8269512151942403,-5.274122839283844,-6.5095913889596195,-0.9999669727531424,9455,-0.9999649432090217
26,1.5,1,20,SHORT,-0.7885979216919852,-5.282762260510353,-7.236281532282717,-0.9998893535017125,9450,-0.999886966897142
26,2.0,1,10,LONG,-0.8242696478319266,-5.293600094975799,-6.590929069315039,-0.9999647192772053,9425,-0.9999616445792855
13,1.5,1,20,SHORT,-0.7958855393305557,-5.297307934740981,-7.282227662241536,-0.9999098118983891,9484,-0.9999079321887362
52,1.5,1,20,SHORT,-0.7974211067583505,-5.3119137626422805,-7.115316806764193,-0.9999134617456276,9412,-0.9999119095811088
6,1.5,1,20,SHORT,-0.7918851487544145,-5.332362587262023,-7.324456457579806,-0.9998994878778457,9494,-0.9998968657830468
13,2.0,1,20,LONG,-0.8257441461321824,-5.341020155152402,-6.583069590581485,-0.9999651683540837,9455,-0.9999634887768397
26,2.0,1,20,LONG,-0.8247739063274682,-5.404880036325004,-6.727963861417815,-0.9999650923391554,9425,-0.9999622837604918
26,1.5,1,10,LONG,-0.8211539032131252,-5.423439364321594,-6.730900287767537,-0.999961284211764,9450,-0.9999574927430287
13,1.5,1,10,LONG,-0.8284584570971976,-5.478830151218139,-6.729868476367241,-0.9999682848150298,9484,-0.9999666915820877
156,1.5,1,20,LONG,-0.821635956483498,-5.551985088020742,-6.777231560584763,-0.999959602835053,9184,-0.999958158403411
6,1.5,1,10,LONG,-0.8273627869682143,-5.621258569292006,-6.921805500748109,-0.9999664595908895,9494,-0.9999654280025831
52,1.5,1,20,LONG,-0.8194343373518647,-5.6995594212407745,-7.0681219045732755,-0.9999584925919851,9412,-0.9999550462612962
104,1.5,1,20,LONG,-0.8255600573111045,-5.709538776305528,-6.948701610133354,-0.9999646456758151,9302,-0.9999632626304422
13,1.5,1,20,LONG,-0.8250958024298932,-5.8185574556581985,-7.063562012419143,-0.9999643494342076,9484,-0.9999626871482192
6,1.5,1,20,LONG,-0.8285128693164654,-5.997894669345818,-7.269408370240129,-0.9999673632851397,9494,-0.9999667533208956
26,1.5,1,20,LONG,-0.8285947781388501,-6.004636537599518,-7.345958619269249,-0.9999688790858318,9450,-0.9999668460798045
