Lookback,Z_Thresh,Hold,TopN,Direction,Ann_Ret,Sharpe,Sortino,MaxDD,Trades,Total_Ret
120,2.5,10,5,LONG,0.254707932472229,0.6957810705057631,1.2065667056759681,-0.7030524,728,791.8983
120,2.5,10,10,LONG,0.23521804809570312,0.6774557474799207,1.1317829381836146,-0.60756004,728,499.24725
120,1.0,10,20,LONG,0.16185235977172852,0.6752268496549307,0.8449668832863862,-0.58428776,729,81.56628
120,2.5,10,20,LONG,0.2223581075668335,0.6511138646643801,1.0845489744537455,-0.6273031,728,366.67227
20,1.5,10,20,LONG,0.15722358226776123,0.6378143294085101,0.8265632161223272,-0.5491346,739,72.416954
20,1.0,10,20,LONG,0.15599095821380615,0.6349995772323451,0.8194449326606352,-0.55926925,739,70.15063
120,1.5,10,20,LONG,0.1542288064956665,0.6324952724080801,0.8186770839564531,-0.5338492,729,67.02793
60,1.5,10,20,LONG,0.1518397331237793,0.6205023831542542,0.7890049047174237,-0.55806065,735,63.004776
60,1.0,10,20,LONG,0.14934265613555908,0.6181647764353151,0.7754990553071048,-0.60104513,735,59.045708
20,2.5,10,20,LONG,0.2020033597946167,0.6072952184678899,1.0825661111696254,-0.6581266,738,223.33679
20,2.5,10,10,LONG,0.20052850246429443,0.60183240670137,1.0632188876069475,-0.6632825,738,215.37779
20,2.5,10,5,LONG,0.20516586303710938,0.5897972795496684,0.9995916742674585,-0.78339916,738,241.36763
40,1.5,10,20,LONG,0.14306163787841797,0.5895081553898187,0.7508570855117512,-0.52923244,737,50.105038
40,1.0,10,20,LONG,0.14135587215423584,0.5870741447333233,0.7432575517494975,-0.5954014,737,47.908215
60,1.5,10,10,LONG,0.15048575401306152,0.5690725775213146,0.7501974007822312,-0.59116894,735,60.827774
10,1.5,10,10,LONG,0.14728057384490967,0.5614427482050152,0.7869321256607377,-0.592508,740,55.95567
10,1.0,10,10,LONG,0.14678168296813965,0.5599102153346507,0.7846977081305757,-0.59519637,740,55.231556
10,1.0,10,20,LONG,0.1316227912902832,0.5595047185113904,0.717473793105858,-0.51885253,740,37.01496
40,2.5,10,20,LONG,0.175925612449646,0.5576276456103931,0.9933726209222244,-0.7584201,736,116.66331
60,1.0,10,10,LONG,0.14636468887329102,0.5567788411724683,0.7333344722522583,-0.60626674,735,54.63308
10,1.5,10,20,LONG,0.131211519241333,0.5553327944128825,0.7137956245383639,-0.521312,740,36.610603
120,1.0,10,10,LONG,0.144048810005188,0.5542573233087438,0.7474304675448411,-0.6138912,729,51.419575
120,1.5,10,10,LONG,0.14364540576934814,0.5522508616370098,0.7435634457598767,-0.5877073,729,50.87846
40,2.5,10,10,LONG,0.17056071758270264,0.5430921851319621,0.9541431959586629,-0.7756442,736,101.852516
40,2.5,10,5,LONG,0.17648756504058838,0.542364363099274,0.9253163605229779,-0.8025884,736,118.328964
20,2.5,5,5,LONG,0.16649186611175537,0.5143452654946002,0.834977546318264,-0.8024288,1476,91.83756
40,1.5,10,10,LONG,0.13147902488708496,0.5054832152940729,0.6875240327666426,-0.6398952,737,36.873093
40,1.0,10,10,LONG,0.12952959537506104,0.4995967220627984,0.6785244730194723,-0.64061636,737,34.99964
60,2.0,10,10,LONG,0.1314154863357544,0.491801775648877,0.6430583589786344,-0.5886434,735,36.810635
120,2.0,10,20,LONG,0.12934374809265137,0.4892519483238662,0.6465653897090377,-0.6042125,729,34.825718
20,2.0,10,20,LONG,0.12318408489227295,0.483749739087584,0.6110030867842472,-0.57690156,739,29.50099
40,2.5,5,5,LONG,0.14740633964538574,0.48143844164822663,0.7547603997586718,-0.87882817,1472,56.139694
60,2.0,10,20,LONG,0.12397980690002441,0.4812779276982181,0.622939159036077,-0.52787626,735,30.143166
120,2.0,10,10,LONG,0.12787318229675293,0.47854138686354053,0.6347265203904624,-0.5776881,729,33.47839
10,2.0,10,10,LONG,0.12621772289276123,0.4769113454291504,0.6255036235975011,-0.62086654,740,32.020077
20,1.0,10,10,LONG,0.1179283857345581,0.46589984888111735,0.6457584427869979,-0.6547639,739,25.569614
20,1.5,10,10,LONG,0.11779296398162842,0.4654428717368893,0.645617070383987,-0.65476394,739,25.475065
20,2.5,5,10,LONG,0.13299190998077393,0.45800120634186003,0.6891779492873977,-0.90427244,1476,38.39159
10,2.0,10,20,LONG,0.1145486831665039,0.45395040542381504,0.5739162968173206,-0.59902835,740,23.305143
20,2.5,5,20,LONG,0.130151629447937,0.45307993720696654,0.671018885718428,-0.9257095,1476,35.587414
40,2.5,5,10,LONG,0.1262812614440918,0.4480001096973951,0.6577144760031518,-0.92504275,1472,32.074917
40,2.5,5,20,LONG,0.12221872806549072,0.4395094866205523,0.6368748067302532,-0.92300045,1472,28.739101
120,1.0,5,20,LONG,0.10000777244567871,0.434704204067848,0.5665520179271094,-0.63804126,1457,15.5158825
120,3.5,10,5,LONG,0.12561392784118652,0.43366305006925826,0.7460347160543063,-0.9459929,722,31.503216
120,3.5,10,20,LONG,0.12379658222198486,0.4304473303718894,0.7386242327382085,-0.9465366,722,29.994139
120,3.5,10,10,LONG,0.12379658222198486,0.4304473303718894,0.7386242327382085,-0.9465366,722,29.994139
40,2.0,10,10,LONG,0.11008298397064209,0.42927711305224114,0.5543257902697715,-0.6465353,737,20.597322
20,2.0,10,10,LONG,0.1078786849975586,0.42435245629599483,0.5678120626451547,-0.6513902,739,19.370546
40,2.0,10,20,LONG,0.10471773147583008,0.4224824898185517,0.5258752142745124,-0.5975013,737,17.72815
60,2.5,5,20,LONG,0.11312782764434814,0.4121742481515,0.6288901471937014,-0.94783896,1468,22.409853
10,1.0,10,5,LONG,0.10223150253295898,0.4000100611395482,0.5642733790886548,-0.6102145,740,16.526957
10,1.5,10,5,LONG,0.10223150253295898,0.4000100611395482,0.5642733790886548,-0.6102145,740,16.526957
120,1.5,5,20,LONG,0.091805100440979,0.39908541967327976,0.5361375496738763,-0.6470985,1457,12.251496
20,3.0,10,5,LONG,0.10197973251342773,0.3986736206409575,0.630591531020043,-0.8147463,734,16.409546
20,1.0,5,20,LONG,0.09053277969360352,0.39602463353326117,0.521121026097439,-0.66974914,1477,11.804638
20,1.5,5,20,LONG,0.09013020992279053,0.39371905457112644,0.5223462303271883,-0.6675837,1477,11.66629
60,2.5,5,10,LONG,0.10341525077819824,0.39028175605606596,0.5968821572817704,-0.9491911,1468,17.089283
60,2.0,10,5,LONG,0.09932708740234375,0.3896417855107093,0.5470982476432658,-0.7684497,735,15.217846
60,1.5,10,5,LONG,0.09784352779388428,0.3877018236739602,0.5384753343860206,-0.7801333,735,14.586135
60,1.0,10,5,LONG,0.09705698490142822,0.38568485026047683,0.5355303118894638,-0.78013337,735,14.260912
60,2.5,5,5,LONG,0.09997391700744629,0.3835944301533683,0.6213252069653966,-0.9639187,1468,15.500931
120,1.0,5,10,LONG,0.09166038036346436,0.3829611600799628,0.5400528132359339,-0.7276858,1457,12.199945
120,1.5,5,10,LONG,0.08989381790161133,0.3767272744373777,0.5325211451832992,-0.7221678,1457,11.585737
120,4.0,10,5,LONG,0.07307267189025879,0.3679598315668686,0.6774469116006728,-0.9517337,715,6.964122
10,2.0,10,5,LONG,0.09003841876983643,0.3672652211429078,0.5043361134385695,-0.67557967,740,11.634949
120,4.0,10,10,LONG,0.07150304317474365,0.36577997339572127,0.6731891563071424,-0.9516194,715,6.6284275
120,4.0,10,20,LONG,0.07150304317474365,0.36577997339572127,0.6731891563071424,-0.9516194,715,6.6284275
60,1.0,5,20,LONG,0.0819162130355835,0.36311619853877264,0.47203853077327873,-0.68181396,1469,9.139308
20,3.0,10,10,LONG,0.08281564712524414,0.36203290575373787,0.5693896021605936,-0.80494606,734,9.390259
20,3.0,10,20,LONG,0.08227193355560303,0.3610479549053923,0.56782462924997,-0.80494595,734,9.2378645
120,1.5,10,5,LONG,0.08736193180084229,0.360826347950451,0.49210032948710747,-0.75247467,729,10.753344
120,1.0,10,5,LONG,0.08736193180084229,0.360826347950451,0.49210032948710747,-0.75247467,729,10.753344
120,2.0,10,5,LONG,0.08711588382720947,0.3592195022657215,0.5004721638810287,-0.79283947,729,10.67534
20,2.0,10,5,LONG,0.08308804035186768,0.35013015235517697,0.47837516061886604,-0.7663237,739,9.467436
20,1.0,10,5,LONG,0.0817265510559082,0.34708773310527785,0.47104556536936676,-0.7505671,739,9.08714
20,1.5,10,5,LONG,0.0817265510559082,0.34708773310527785,0.47104556536936676,-0.7505671,739,9.08714
60,1.5,5,20,LONG,0.07698535919189453,0.34319251004351653,0.45126470032204175,-0.68240833,1469,7.864274
40,1.0,5,20,LONG,0.07230246067047119,0.3273726329263958,0.41889282190480054,-0.67971313,1473,6.797637
120,5.0,5,5,SHORT,0.002698063850402832,0.32580456352874315,0.4459339862669835,-0.9315636,1274,0.08249867
120,5.0,5,10,SHORT,0.002698063850402832,0.32580456352874315,0.4459339862669835,-0.9315636,1274,0.08249867
120,5.0,5,20,SHORT,0.002698063850402832,0.32580456352874315,0.4459339862669835,-0.9315636,1274,0.08249867
40,1.5,5,20,LONG,0.07051026821136475,0.32003695672527377,0.4103337334393173,-0.65161777,1473,6.4231973
60,1.5,5,10,LONG,0.07157337665557861,0.3151350088876119,0.4371260888494497,-0.68230575,1469,6.6431713
60,1.0,5,10,LONG,0.07012510299682617,0.31056275823601126,0.430026419020194,-0.69295573,1469,6.3450127
120,1.0,3,20,LONG,0.0670614242553711,0.3083035928785467,0.4091912627480564,-0.6980487,2428,5.750863
120,1.0,3,10,LONG,0.06708800792694092,0.2998384200381776,0.4338869961745633,-0.7552662,2428,5.755814
120,1.5,3,10,LONG,0.06695985794067383,0.2991773163616606,0.4353778044242652,-0.76705146,2428,5.7319913
60,2.5,10,20,LONG,0.0675058364868164,0.2973459508403179,0.4956972893122668,-0.9442306,734,5.8340693
10,1.5,5,20,LONG,0.061934828758239746,0.2874184524572913,0.3712363213179428,-0.6924933,1479,4.8590035
60,2.5,10,10,LONG,0.06158292293548584,0.283356388821229,0.46987026817807603,-0.9413123,734,4.8021445
10,1.0,5,20,LONG,0.060703396797180176,0.2829090327820435,0.36493029694803236,-0.69817173,1479,4.662373
40,2.0,10,5,LONG,0.0553508996963501,0.28221925096835443,0.38502370273293846,-0.82625616,737,3.8793116
40,1.5,10,5,LONG,0.05597639083862305,0.28050018805839133,0.3870866378893299,-0.78561497,737,3.9651146
40,1.0,10,5,LONG,0.055449604988098145,0.2791098575442846,0.3850920558021466,-0.78561485,737,3.892754
60,1.0,3,20,LONG,0.058342576026916504,0.27287544197512503,0.3669642168992389,-0.7396581,2448,4.303086
60,2.5,10,5,LONG,0.050818681716918945,0.2652019327220074,0.45074665870038166,-0.96122813,734,3.299007
120,1.5,3,20,LONG,0.05562484264373779,0.2618291550477608,0.3594373818038309,-0.74952054,2428,3.916708
40,1.5,5,10,LONG,0.05123257637023926,0.2497126428886793,0.34545321274414176,-0.7000706,1473,3.3491068
40,1.0,5,10,LONG,0.050298452377319336,0.24665061962602608,0.3409839741076668,-0.70617867,1473,3.2368307
10,1.5,5,10,LONG,0.049234747886657715,0.2425547873980649,0.3362213357488315,-0.7173231,1479,3.1123781
10,1.0,5,10,LONG,0.04732096195220947,0.2361203171500282,0.3268434660011798,-0.71767354,1479,2.8973207
120,2.0,3,10,LONG,0.045114874839782715,0.2358935011169248,0.3300013302725331,-0.87733555,2428,2.6628923
20,1.0,5,10,LONG,0.044631004333496094,0.22817500622567682,0.31700210172230486,-0.72877455,1477,2.6133285
120,2.0,5,10,LONG,0.04226577281951904,0.22645364533019574,0.30427376867864436,-0.7304876,1457,2.3802109
20,1.5,5,10,LONG,0.04404270648956299,0.2263092475505065,0.31467018052609524,-0.7266944,1477,2.5539289
60,1.0,5,5,LONG,0.033692359924316406,0.22185175077224437,0.32814726650355097,-0.79245734,1469,1.6509774
60,1.5,5,5,LONG,0.03320419788360596,0.22063725286247018,0.326414367844145,-0.79101956,1469,1.6143851
60,1.5,3,20,LONG,0.04438209533691406,0.21911483314057045,0.30077642840711993,-0.7745483,2448,2.5880759
120,2.0,3,20,LONG,0.039472103118896484,0.21571066748416734,0.2958565013902972,-0.88123816,2428,2.1235578
60,1.0,3,10,LONG,0.03901851177215576,0.20810029907132147,0.30010774818420594,-0.7804544,2448,2.083701
60,1.5,3,10,LONG,0.03585946559906006,0.1981476066326049,0.286352705800211,-0.7970701,2448,1.819459
120,2.0,5,20,LONG,0.031288981437683105,0.18920208110058553,0.24913765181684355,-0.7398411,1457,1.4755025
20,1.0,3,10,LONG,0.030034184455871582,0.1823222440437231,0.2553197372385931,-0.6907929,2461,1.3884034
20,1.5,3,5,LONG,0.0164947509765625,0.1814350125666544,0.2668978175572309,-0.8342591,2461,0.6182265
20,1.0,3,5,LONG,0.01634204387664795,0.18099639677893742,0.26632814684059375,-0.8376101,2461,0.6110941
60,2.0,5,10,LONG,0.02684760093688965,0.18093776098183847,0.23712779827152497,-0.72031695,1469,1.1803014
20,3.5,10,5,LONG,-0.08515727519989014,0.1774412239790882,0.2913037709449175,-0.99448574,708,-0.9270919
20,3.5,10,20,LONG,-0.08561420440673828,0.1767724092986863,0.2902718029411387,-0.9944726,708,-0.92815566
20,3.5,10,10,LONG,-0.08561420440673828,0.1767724092986863,0.2902718029411387,-0.9944726,708,-0.92815566
40,3.5,10,10,LONG,-0.02772289514541626,0.17591166213869036,0.2605468790645131,-0.9950016,729,-0.56270754
40,3.5,10,20,LONG,-0.02772289514541626,0.17591166213869036,0.2605468790645131,-0.9950016,729,-0.56270754
20,1.5,3,10,LONG,0.027700424194335938,0.1749305620680659,0.24473607643975964,-0.68149966,2461,1.2342131
20,2.5,3,20,LONG,0.01393580436706543,0.1739126035902747,0.2393174796476495,-0.89951897,2459,0.5025649
20,1.0,3,20,LONG,0.03176236152648926,0.1719135048632638,0.2279499894286792,-0.68783784,2461,1.5091562
120,4.0,3,5,LONG,-0.08078533411026001,0.1715345119824483,0.2676517334406262,-0.996544,2281,-0.9161135
40,3.5,10,5,LONG,-0.031523048877716064,0.16949327307743833,0.2512333231724926,-0.99518967,729,-0.6102967
120,4.0,3,20,LONG,-0.08272922039031982,0.16814832525518367,0.26235283872559717,-0.9965826,2281,-0.9211789
120,4.0,3,10,LONG,-0.08272922039031982,0.16814832525518367,0.26235283872559717,-0.9965826,2281,-0.9211789
20,2.0,5,20,LONG,0.02748250961303711,0.16726150657758393,0.21793669310858907,-0.727198,1477,1.2203166
60,2.0,3,10,LONG,0.022153139114379883,0.16246822588178697,0.23338504609675198,-0.8576727,2448,0.9053216
60,2.0,5,5,LONG,0.008152127265930176,0.1617385989665309,0.2323798123060115,-0.8128076,1469,0.2698151
120,1.5,5,5,LONG,0.01119232177734375,0.1613778034473067,0.2354585313109808,-0.7857978,1457,0.38744032
20,1.5,3,20,LONG,0.028002142906188965,0.15818420209380357,0.20973190628213823,-0.6881341,2461,1.2535961
120,1.0,5,5,LONG,0.009955525398254395,0.15794164505725267,0.23024270647382292,-0.7910716,1457,0.3383683
120,4.0,5,20,LONG,-0.08865034580230713,0.15696814829004538,0.23790012356651644,-0.9928124,1400,-0.9348528
120,4.0,5,10,LONG,-0.08865034580230713,0.15696814829004538,0.23790012356651644,-0.9928124,1400,-0.9348528
120,4.0,5,5,LONG,-0.08930015563964844,0.15597095826560853,0.2363549923420627,-0.9930018,1400,-0.93620574
20,2.5,3,5,LONG,-0.004133045673370361,0.1501468273961866,0.21368054057858077,-0.93196905,2459,-0.114718676
20,1.0,5,5,LONG,0.0053920745849609375,0.14865697382436832,0.2122925527177474,-0.74477684,1477,0.17141676
20,1.5,5,5,LONG,0.005148172378540039,0.14802706977118096,0.21139363057869673,-0.7447767,1477,0.1630832
20,2.5,3,10,LONG,0.0032744407653808594,0.14731063197487917,0.20325888384855517,-0.91030467,2459,0.10095751
40,1.5,5,5,LONG,0.004079937934875488,0.14483115665505295,0.21338429965620567,-0.8177501,1473,0.12726176
40,1.0,5,5,LONG,0.003847956657409668,0.14420870912503708,0.21245592657213863,-0.8177501,1473,0.11962247
60,2.0,3,20,LONG,0.018015503883361816,0.13946006860350008,0.1943557738399331,-0.8549515,2448,0.6909895
60,2.0,5,20,LONG,0.01636528968811035,0.13733820076063377,0.17512463632931016,-0.7476513,1469,0.61217725
120,2.5,5,20,LONG,-0.005463719367980957,0.13720309442258824,0.19127382678838878,-0.97216624,1456,-0.14886838
20,2.0,3,5,LONG,-0.004412174224853516,0.1321396797489996,0.1905885852180735,-0.87171936,2461,-0.12198979
120,2.5,5,5,LONG,-0.01654428243637085,0.13208884186033074,0.19250562077909744,-0.9723527,1456,-0.3878755
120,2.5,5,10,LONG,-0.008161544799804688,0.13161465764936797,0.1843074018926562,-0.9724393,1456,-0.2142415
20,2.0,5,5,LONG,-0.002195596694946289,0.13121937828515007,0.18653180102425826,-0.75952274,1477,-0.06262171
40,3.0,10,5,LONG,-0.01940816640853882,0.1304003643504288,0.18503571169556302,-0.9230765,735,-0.4382059
20,2.0,5,10,LONG,0.012157440185546875,0.13019233469900549,0.17680350576079043,-0.7247895,1477,0.4269302
10,2.0,5,20,LONG,0.014572501182556152,0.13003648870128778,0.16684943922883377,-0.6955789,1479,0.53057516
60,3.5,3,10,LONG,-0.07939779758453369,0.12344150275601462,0.20883190167185936,-0.99783087,2393,-0.91230714
60,3.5,3,20,LONG,-0.07939779758453369,0.12344150275601462,0.20883190167185936,-0.99783087,2393,-0.91230714
40,3.0,10,10,LONG,-0.021106421947479248,0.11911708840927532,0.16663070826869492,-0.91245687,735,-0.4661383
40,3.0,10,20,LONG,-0.022003769874572754,0.11701824364596096,0.16366846243836652,-0.91249144,735,-0.48035008
60,3.5,3,5,LONG,-0.08451920747756958,0.11610123553984909,0.19748306779019242,-0.9980695,2393,-0.9255809
120,1.5,3,5,LONG,-0.00898212194442749,0.11439032750949923,0.1771804893460265,-0.88319874,2428,-0.23314351
60,3.0,5,5,LONG,-0.04482412338256836,0.11337671474218637,0.17538493976360842,-0.9774319,1464,-0.74056244
60,3.0,5,20,LONG,-0.04000520706176758,0.11327859042050091,0.1735264377811335,-0.9657929,1464,-0.6991612
60,3.0,5,10,LONG,-0.04019683599472046,0.11298625404755233,0.17303048161531404,-0.96603763,1464,-0.7009231
10,2.0,5,10,LONG,0.00519716739654541,0.11040392714045158,0.14571837543930286,-0.8123495,1479,0.16475272
120,2.0,5,5,LONG,-0.011190712451934814,0.11021589616705679,0.15757285558461662,-0.854765,1457,-0.281865
120,1.0,3,5,LONG,-0.010541260242462158,0.10979066526114674,0.16984381219017936,-0.88734686,2428,-0.26785725
40,3.0,5,10,LONG,-0.04862338304519653,0.10954772210738105,0.1794953265569686,-0.96662515,1467,-0.7692674
40,3.0,5,20,LONG,-0.04904663562774658,0.1085471653917669,0.17780390799935802,-0.9668331,1467,-0.77226824
10,1.0,5,5,LONG,-0.006964266300201416,0.10363839114125237,0.14895021689081528,-0.79418516,1479,-0.18585098
10,1.5,5,5,LONG,-0.006964266300201416,0.10363839114125237,0.14895021689081528,-0.79418516,1479,-0.18585098
40,2.0,5,10,LONG,0.0016967058181762695,0.1009986620208095,0.1322007093803931,-0.8425554,1473,0.05114162
40,3.0,5,5,LONG,-0.05789971351623535,0.10084696129806596,0.16529271386564348,-0.96389633,1467,-0.82705295
40,2.0,2,20,LONG,0.005800843238830566,0.09989505577970714,0.14445414692664466,-0.8854572,3681,0.18551171
40,4.0,3,20,LONG,-0.12931609153747559,0.09914371481894911,0.14700011698119125,-0.99838,2244,-0.98299253
40,4.0,3,10,LONG,-0.12931609153747559,0.09914371481894911,0.14700011698119125,-0.99838,2244,-0.98299253
40,1.5,3,20,LONG,0.012066006660461426,0.09851036795302327,0.13244839948839282,-0.6859635,2455,0.42314506
40,4.0,3,5,LONG,-0.12990731000900269,0.0982522876229898,0.14572998898554704,-0.9983915,2244,-0.98332906
40,5.0,3,20,LONG,-0.15828579664230347,0.09616833128784424,0.16412098960746724,-0.9961377,1480,-0.99371547
40,5.0,3,10,LONG,-0.15828579664230347,0.09616833128784424,0.16412098960746724,-0.9961377,1480,-0.99371547
40,5.0,3,5,LONG,-0.15828579664230347,0.09616833128784424,0.16412098960746724,-0.9961377,1480,-0.99371547
40,1.0,3,20,LONG,0.010500073432922363,0.09155349813508945,0.12075155584739454,-0.7010745,2455,0.35976326
40,2.0,5,5,LONG,-0.019679725170135498,0.0902818046552204,0.12889550877852748,-0.84900486,1473,-0.44276595
120,3.0,5,20,LONG,-0.04785889387130737,0.08691334052228095,0.128614320811405,-0.97847027,1450,-0.7637497
120,3.0,5,10,LONG,-0.047874391078948975,0.08685892338138175,0.1285194128194198,-0.97852635,1450,-0.76386267
60,4.0,10,5,LONG,-0.09786117076873779,0.08482112407735468,0.12422546548090756,-0.9985804,719,-0.9516829
60,4.0,10,20,LONG,-0.09918975830078125,0.08244947876091098,0.12079626062414095,-0.9986569,719,-0.9537332
60,4.0,10,10,LONG,-0.09918975830078125,0.08244947876091098,0.12079626062414095,-0.9986569,719,-0.9537332
60,5.0,5,20,SHORT,-0.1978689432144165,0.0815407395017165,0.09821062861498811,-0.9992317,1221,-0.9984766
60,5.0,5,5,SHORT,-0.1978689432144165,0.0815407395017165,0.09821062861498811,-0.9992317,1221,-0.9984766
60,5.0,5,10,SHORT,-0.1978689432144165,0.0815407395017165,0.09821062861498811,-0.9992317,1221,-0.9984766
40,2.0,5,20,LONG,0.0004068613052368164,0.07941527283010252,0.09922743846685078,-0.81607705,1473,0.012041092
60,3.5,2,20,LONG,-0.11132776737213135,0.07582939515709623,0.12294205657014187,-0.99711,3544,-0.96895945
60,3.5,2,10,LONG,-0.11132776737213135,0.07582939515709623,0.12294205657014187,-0.99711,3544,-0.96895945
120,3.5,2,20,LONG,-0.1221049427986145,0.07416241222050744,0.11916624888401618,-0.9944553,3511,-0.97832155
120,3.5,2,10,LONG,-0.1221049427986145,0.07416241222050744,0.11916624888401618,-0.9944553,3511,-0.97832155
10,1.0,2,5,LONG,-0.025229036808013916,0.07277016290573998,0.11310132750605337,-0.8707067,3697,-0.52847624
10,1.5,2,5,LONG,-0.0257529616355896,0.07140870010580502,0.11099508709853644,-0.8727361,3697,-0.5358763
40,1.0,2,20,LONG,0.005594372749328613,0.07126146885827202,0.09680887177336892,-0.8082131,3682,0.17837143
120,3.5,2,5,LONG,-0.12569355964660645,0.06884566710311454,0.11083727806279409,-0.99535716,3511,-0.9807828
20,4.0,2,5,SHORT,-0.15559566020965576,0.06730835994729184,0.07470568177952513,-0.9995491,1286,-0.9930969
20,4.0,2,20,SHORT,-0.15559566020965576,0.06730835994729184,0.07470568177952513,-0.9995491,1286,-0.9930969
20,4.0,2,10,SHORT,-0.15559566020965576,0.06730835994729184,0.07470568177952513,-0.9995491,1286,-0.9930969
10,2.0,5,5,LONG,-0.024189770221710205,0.06411806668820935,0.08921456350216597,-0.81989366,1479,-0.5134598
60,3.5,2,5,LONG,-0.12026429176330566,0.06099510569843916,0.09890974705821327,-0.9978345,3544,-0.9769437
120,2.0,3,5,LONG,-0.0338059663772583,0.059540233186557504,0.0890702766719667,-0.95051086,2428,-0.63643765
40,4.0,10,10,SHORT,-0.1331302523612976,0.058831014675239476,0.07302890796148259,-0.99807054,714,-0.98505336
40,4.0,10,20,SHORT,-0.1331302523612976,0.058831014675239476,0.07302890796148259,-0.99807054,714,-0.98505336
40,4.0,10,5,SHORT,-0.13345938920974731,0.058236367389661335,0.07230261794335995,-0.9980934,714,-0.9852194
120,3.0,5,5,LONG,-0.06595218181610107,0.05567875814565236,0.08336468650396402,-0.9861428,1450,-0.86565197
20,4.0,3,5,SHORT,-0.17019277811050415,0.05295205422203303,0.06115327391545444,-0.99962926,1084,-0.9958673
20,4.0,3,20,SHORT,-0.17019277811050415,0.05295205422203303,0.06115327391545444,-0.99962926,1084,-0.9958673
20,4.0,3,10,SHORT,-0.17019277811050415,0.05295205422203303,0.06115327391545444,-0.99962926,1084,-0.9958673
20,1.0,2,20,LONG,0.0006526708602905273,0.05173513286040116,0.07083046966798984,-0.7586551,3692,0.019382715
120,1.0,2,10,LONG,-0.01030665636062622,0.047827996805067656,0.0691782760187579,-0.8379576,3642,-0.26273286
10,2.0,2,5,LONG,-0.03756660223007202,0.047595835181149494,0.07254104874912277,-0.89907765,3697,-0.6758472
40,1.5,3,10,LONG,-0.009643137454986572,0.04644079527483116,0.06520935457035623,-0.751189,2455,-0.24805176
10,1.5,3,20,LONG,0.000635981559753418,0.046427083207928696,0.06079381199856061,-0.69129264,2465,0.018879771
40,2.0,2,10,LONG,-0.016484975814819336,0.04471381914769252,0.06589705959280635,-0.91249907,3681,-0.38678902
120,4.0,2,5,LONG,-0.174876868724823,0.04470308316387838,0.07356093811445388,-0.9981195,3328,-0.9965013
40,1.0,3,10,LONG,-0.010484516620635986,0.043448452738791395,0.06098624018329818,-0.75068164,2455,-0.26662135
20,2.0,3,10,LONG,-0.018204092979431152,0.04250479910249434,0.05653581525845818,-0.87435246,2461,-0.41755283
120,1.5,2,10,LONG,-0.01251375675201416,0.04191775918811882,0.06068137783967751,-0.8548559,3642,-0.30960363
120,4.0,2,20,LONG,-0.17674463987350464,0.04145249935664706,0.06821899153863514,-0.9982547,3328,-0.996727
120,4.0,2,10,LONG,-0.17674463987350464,0.04145249935664706,0.06821899153863514,-0.9982547,3328,-0.996727
10,1.0,3,20,LONG,-0.000561058521270752,0.04062798680829599,0.05306087361701331,-0.6986718,2465,-0.016376436
40,2.0,2,5,LONG,-0.04533731937408447,0.037994240319509126,0.058257795570880615,-0.9318664,3681,-0.744632
60,1.0,2,10,LONG,-0.014718055725097656,0.037426475572370894,0.054303836309592804,-0.89037776,3672,-0.3535356
120,5.0,10,5,LONG,-0.20995968580245972,0.036476794552253465,0.0662145051027796,-0.99994266,680,-0.9990256
120,5.0,10,20,LONG,-0.20995968580245972,0.036476794552253465,0.0662145051027796,-0.99994266,680,-0.9990256
120,5.0,10,10,LONG,-0.20995968580245972,0.036476794552253465,0.0662145051027796,-0.99994266,680,-0.9990256
60,5.0,10,10,LONG,-0.23020058870315552,0.03294426153912829,0.056125871504673006,-0.99981016,666,-0.99954593
60,5.0,10,20,LONG,-0.23020058870315552,0.03294426153912829,0.056125871504673006,-0.99981016,666,-0.99954593
60,5.0,10,5,LONG,-0.23020058870315552,0.03294426153912829,0.056125871504673006,-0.99981016,666,-0.99954593
20,4.0,10,20,LONG,-0.18977570533752441,0.03253227937425949,0.05341106013233331,-0.99992573,520,-0.9979532
20,4.0,10,5,LONG,-0.18977570533752441,0.03253227937425949,0.05341106013233331,-0.99992573,520,-0.9979532
20,4.0,10,10,LONG,-0.18977570533752441,0.03253227937425949,0.05341106013233331,-0.99992573,520,-0.9979532
20,1.5,2,20,LONG,-0.004641294479370117,0.03190349294412381,0.043671142528580974,-0.779328,3692,-0.12791586
60,3.5,10,10,LONG,-0.10255175828933716,0.031547226841476844,0.04357507085505441,-0.9995706,728,-0.9585531
60,3.5,10,20,LONG,-0.10255175828933716,0.031547226841476844,0.04357507085505441,-0.9995706,728,-0.9585531
60,1.5,2,10,LONG,-0.017052769660949707,0.030910719290889583,0.04472203961739647,-0.9031392,3672,-0.39711958
40,1.5,2,20,LONG,-0.005659282207489014,0.02986477597033369,0.040873512437175255,-0.8592707,3682,-0.15377879
60,3.5,10,5,LONG,-0.10522973537445068,0.026634087980180368,0.03677480336551233,-0.99963874,728,-0.9620416
60,4.0,3,5,LONG,-0.1829230785369873,0.025545411328534957,0.04138236818884586,-0.9993476,2289,-0.99737763
60,4.0,3,20,LONG,-0.18281656503677368,0.025431620514709763,0.04117175824913677,-0.99934703,2289,-0.99736756
60,4.0,3,10,LONG,-0.18281656503677368,0.025431620514709763,0.04117175824913677,-0.99934703,2289,-0.99736756
60,1.0,2,20,LONG,-0.005878627300262451,0.02521136876569115,0.034303954080324967,-0.8481103,3672,-0.15925306
40,5.0,5,5,LONG,-0.19269335269927979,0.02483491053865969,0.03831538527799929,-0.9995801,1034,-0.9981593
40,5.0,5,10,LONG,-0.19269335269927979,0.02483491053865969,0.03831538527799929,-0.9995801,1034,-0.9981593
40,5.0,5,20,LONG,-0.19269335269927979,0.02483491053865969,0.03831538527799929,-0.9995801,1034,-0.9981593
20,3.0,5,5,LONG,-0.09072995185852051,0.024340078463516365,0.031330097304141956,-0.9959761,1461,-0.93908757
60,1.5,3,5,LONG,-0.04147249460220337,0.024076094269881717,0.03722128622240076,-0.93136096,2448,-0.7123994
60,1.0,3,5,LONG,-0.043380141258239746,0.018287081382109747,0.028228186263350268,-0.93526816,2448,-0.7287716
20,2.0,3,20,LONG,-0.02075338363647461,0.010663865503927554,0.013687643255910095,-0.875961,2461,-0.46044415
120,3.5,5,5,LONG,-0.14229553937911987,0.009966508214399273,0.014712501919484058,-0.99811536,1436,-0.9890672
40,3.5,5,20,LONG,-0.13932478427886963,0.009068729587177393,0.012895389894936993,-0.99881196,1446,-0.9878965
40,3.5,5,10,LONG,-0.13932478427886963,0.009068729587177393,0.012895389894936993,-0.99881196,1446,-0.9878965
120,3.5,5,10,LONG,-0.14256823062896729,0.008334201868191744,0.012269947070813629,-0.9979088,1436,-0.989169
120,3.5,5,20,LONG,-0.14256823062896729,0.008334201868191744,0.012269947070813629,-0.9979088,1436,-0.989169
10,1.5,2,10,LONG,-0.022093236446380615,0.0064070108472148455,0.009263655318651209,-0.844106,3697,-0.48174673
10,1.0,2,10,LONG,-0.022107362747192383,0.0063071087856451154,0.009119527861732217,-0.84417224,3697,-0.4819672
40,1.0,2,10,LONG,-0.023690521717071533,0.005950547946982773,0.008623963402589328,-0.87737995,3682,-0.50608194
60,2.0,3,5,LONG,-0.05122983455657959,0.005454426944244241,0.008330194931456624,-0.959821,2448,-0.78715885
60,2.0,2,5,LONG,-0.06236296892166138,0.0019860247708614904,0.0030350731272228136,-0.96731466,3671,-0.849604
40,1.5,2,10,LONG,-0.02538973093032837,0.0005063669409541852,0.000734103051520499,-0.8834131,3682,-0.53075826
120,3.0,2,20,LONG,-0.10755777359008789,-0.0028930930368480674,-0.004413712495808905,-0.9966854,3599,-0.9648423
40,3.5,5,5,LONG,-0.1467113494873047,-0.0029257883630885474,-0.004169312015303992,-0.999018,1446,-0.99060756
120,3.0,2,10,LONG,-0.10782849788665771,-0.003408450025903727,-0.0052010167319851966,-0.99671483,3599,-0.96515477
120,1.0,2,20,LONG,-0.012377142906188965,-0.0036952073553145424,-0.005019545793365054,-0.84288293,3642,-0.3067876
60,3.0,10,20,LONG,-0.07102620601654053,-0.004628145847173155,-0.007061308070426005,-0.99551743,733,-0.88554573
120,3.0,10,5,LONG,-0.07857847213745117,-0.00572357920185635,-0.009236693785842503,-0.9773276,728,-0.9099816
60,3.0,10,10,LONG,-0.07201904058456421,-0.007042429453734234,-0.010751779250532292,-0.9956096,733,-0.8890904
40,3.5,2,20,LONG,-0.16628426313400269,-0.007332150211950169,-0.011248561421443775,-0.9988808,3505,-0.9952546
40,3.5,2,10,LONG,-0.16631633043289185,-0.007392589936995246,-0.011341275649624389,-0.9988821,3505,-0.99525994
120,3.0,3,20,LONG,-0.11711913347244263,-0.008571310623597473,-0.013262264478275174,-0.9954999,2411,-0.9743912
120,3.0,3,10,LONG,-0.1173507571220398,-0.009043240138589549,-0.013992934116179771,-0.99551886,2411,-0.97458816
60,1.5,2,20,LONG,-0.016602396965026855,-0.011109895547002204,-0.015233543815468029,-0.894508,3672,-0.38893926
40,3.5,2,5,LONG,-0.169286847114563,-0.01172981746528544,-0.01803805588863638,-0.9991665,3505,-0.9957325
120,1.5,2,20,LONG,-0.017862975597381592,-0.014054895307982344,-0.019502782393716812,-0.8616252,3642,-0.41156965
120,3.0,10,20,LONG,-0.07979339361190796,-0.014505092817718222,-0.022958955050752877,-0.981272,728,-0.91340905
10,2.0,2,20,LONG,-0.0294683575630188,-0.015107817606465328,-0.021120038876084095,-0.9096023,3697,-0.58522487
120,3.0,10,10,LONG,-0.08022618293762207,-0.01551697608359521,-0.024568731064662015,-0.98152936,728,-0.91459924
60,2.0,2,10,LONG,-0.03942239284515381,-0.018096643478007577,-0.026296316250837778,-0.94953245,3671,-0.693741
60,3.0,10,5,LONG,-0.08442825078964233,-0.018726699872296828,-0.028782254519651253,-0.9978703,733,-0.9253631
10,2.5,10,20,LONG,-0.11857795715332031,-0.019595680420227562,-0.03308748117613481,-0.9956947,735,-0.97560734
60,2.0,2,20,LONG,-0.03526085615158081,-0.025831408183173244,-0.036724738643338015,-0.9414467,3671,-0.65220433
40,2.5,3,20,LONG,-0.05869603157043457,-0.026572674450706445,-0.03898391376359651,-0.95802104,2451,-0.8313025
40,2.5,3,10,LONG,-0.06160414218902588,-0.027760697367350543,-0.04071722125871596,-0.95201945,2451,-0.8459816
10,2.5,10,10,LONG,-0.12389439344406128,-0.029504350455683892,-0.04962184435720685,-0.9956947,735,-0.97958463
10,1.5,3,10,LONG,-0.029131770133972168,-0.03286791849517491,-0.045442801618181136,-0.8250132,2465,-0.5809717
40,3.0,2,5,LONG,-0.11478734016418457,-0.03456493454352606,-0.05002951911027779,-0.98711145,3641,-0.9723248
40,2.5,2,5,LONG,-0.08990806341171265,-0.03722504728527402,-0.055129231440052634,-0.98633564,3677,-0.9374468
20,3.5,2,5,LONG,-0.22731029987335205,-0.03739589992377299,-0.06184548038507934,-0.9998274,3111,-0.999493
120,3.0,3,5,LONG,-0.13392651081085205,-0.03769252104747295,-0.059060666805738606,-0.99595124,2411,-0.98545206
10,2.0,2,10,LONG,-0.04374992847442627,-0.0376982309821276,-0.05381158240006438,-0.93389475,3697,-0.73183966
20,3.5,2,10,LONG,-0.22786235809326172,-0.03856568590510702,-0.06376395429422811,-0.9998289,3111,-0.99950355
20,3.5,2,20,LONG,-0.22786235809326172,-0.03856568590510702,-0.06376395429422811,-0.9998289,3111,-0.99950355
120,5.0,2,20,SHORT,-1.0,-0.03859589836411284,-0.0414656232816929,-1.0000309,2720,-1.0000306
120,5.0,2,10,SHORT,-1.0,-0.03859589836411284,-0.0414656232816929,-1.0000309,2720,-1.0000306
120,5.0,2,5,SHORT,-1.0,-0.03859589836411284,-0.0414656232816929,-1.0000309,2720,-1.0000306
10,2.0,3,20,LONG,-0.034437596797943115,-0.039544720395148926,-0.05295802709400566,-0.8970416,2465,-0.64336514
40,5.0,10,20,LONG,-0.2697051167488098,-0.04077319971481266,-0.07142925591609649,-0.99999154,608,-0.9999036
40,5.0,10,5,LONG,-0.2697051167488098,-0.04077319971481266,-0.07142925591609649,-0.99999154,608,-0.9999036
40,5.0,10,10,LONG,-0.2697051167488098,-0.04077319971481266,-0.07142925591609649,-0.99999154,608,-0.9999036
40,3.0,3,20,LONG,-0.09621864557266235,-0.04183570746444407,-0.058104022876522714,-0.9824255,2439,-0.94902664
10,1.0,3,10,LONG,-0.03161430358886719,-0.041998255077309324,-0.0580794165242169,-0.82663774,2465,-0.6113757
10,1.0,2,20,LONG,-0.021743714809417725,-0.043144538927714186,-0.05883831317095368,-0.84109616,3697,-0.47626907
20,2.5,2,5,LONG,-0.08713036775588989,-0.043739299590009474,-0.06254143488813727,-0.97051436,3686,-0.9315792
120,3.0,2,5,LONG,-0.13154906034469604,-0.046535899670383477,-0.07148818903898167,-0.99851686,3599,-0.9842301
40,3.0,3,10,LONG,-0.09835797548294067,-0.047259653699447485,-0.0655913468225338,-0.9832646,2439,-0.95245963
20,1.5,2,5,LONG,-0.07271146774291992,-0.048581013178111795,-0.07355452669756878,-0.9757388,3692,-0.89149976
40,4.0,5,20,LONG,-0.20340973138809204,-0.048650992140135685,-0.07353479938308011,-0.9992985,1388,-0.99875766
40,4.0,5,10,LONG,-0.20340973138809204,-0.048650992140135685,-0.07353479938308011,-0.9992985,1388,-0.99875766
10,1.5,2,20,LONG,-0.023442208766937256,-0.04874251259417276,-0.0664266260288431,-0.8543192,3697,-0.5023731
120,2.5,3,5,LONG,-0.1059868335723877,-0.04968276130290886,-0.07645319607319459,-0.98800623,2426,-0.96297526
20,1.0,2,5,LONG,-0.07314330339431763,-0.04978351830754226,-0.07537305468914242,-0.97606903,3692,-0.8929765
40,4.0,5,5,LONG,-0.20447951555252075,-0.05048812113469747,-0.07632659193112572,-0.99932575,1388,-0.9988058
60,3.5,5,20,LONG,-0.17032819986343384,-0.05185904236851845,-0.07266949915437476,-0.9996314,1445,-0.9958871
60,3.5,5,10,LONG,-0.17032819986343384,-0.05185904236851845,-0.07266949915437476,-0.9996314,1445,-0.9958871
60,5.0,3,20,LONG,-0.2651062607765198,-0.051895943995681856,-0.08978436001742979,-0.99998003,1830,-0.99988407
60,5.0,3,5,LONG,-0.2651062607765198,-0.051895943995681856,-0.08978436001742979,-0.99998003,1830,-0.99988407
60,5.0,3,10,LONG,-0.2651062607765198,-0.051895943995681856,-0.08978436001742979,-0.99998003,1830,-0.99988407
40,1.0,2,5,LONG,-0.07693582773208618,-0.052372368201044815,-0.07898639118837229,-0.96896523,3682,-0.90513855
20,4.0,1,10,SHORT,-0.21009796857833862,-0.053291955621812166,-0.056829141826533106,-0.99964255,1595,-0.9990306
20,4.0,1,20,SHORT,-0.21009796857833862,-0.053291955621812166,-0.056829141826533106,-0.99964255,1595,-0.9990306
20,4.0,1,5,SHORT,-0.21009796857833862,-0.053291955621812166,-0.056829141826533106,-0.99964255,1595,-0.9990306
40,1.5,2,5,LONG,-0.07733035087585449,-0.05341286337199415,-0.0805618555741125,-0.96935314,3682,-0.90632415
20,4.0,5,10,SHORT,-1.0,-0.05564357522112101,-0.06174052722957771,-1.0002809,814,-1.0001388
20,4.0,5,5,SHORT,-1.0,-0.05564357522112101,-0.06174052722957771,-1.0002809,814,-1.0001388
20,4.0,5,20,SHORT,-1.0,-0.05564357522112101,-0.06174052722957771,-1.0002809,814,-1.0001388
20,3.0,5,10,LONG,-0.12105923891067505,-0.055829123061942036,-0.07031353406415164,-0.9969002,1461,-0.97754884
40,3.0,3,5,LONG,-0.10596728324890137,-0.05587121335789484,-0.07849888171946559,-0.981892,2439,-0.9629514
20,2.0,2,20,LONG,-0.037900567054748535,-0.05659008241635256,-0.07806582362266881,-0.8910886,3692,-0.67914003
40,2.0,3,20,LONG,-0.04034918546676636,-0.05699478810880655,-0.07409409509792433,-0.84660804,2454,-0.70231664
20,3.0,5,20,LONG,-0.12179374694824219,-0.05763647829648921,-0.07255999440702866,-0.9968752,1461,-0.97809434
40,5.0,10,10,SHORT,-1.0,-0.05934771889294567,-0.06352674078648803,-1.2207986,608,-1.0000155
40,5.0,10,5,SHORT,-1.0,-0.05934771889294567,-0.06352674078648803,-1.2207986,608,-1.0000155
40,5.0,10,20,SHORT,-1.0,-0.05934771889294567,-0.06352674078648803,-1.2207986,608,-1.0000155
20,3.5,5,5,LONG,-0.2270735502243042,-0.05940623424572743,-0.08323180522784791,-0.99991494,1372,-0.9994884
40,2.0,3,10,LONG,-0.048051536083221436,-0.06045657060723354,-0.08113019876338283,-0.8564362,2454,-0.76515174
10,2.5,10,5,LONG,-0.1422300934791565,-0.06204882414007412,-0.10380219311869171,-0.9968233,735,-0.98904264
60,3.5,5,5,LONG,-0.17789965867996216,-0.06294952318646382,-0.08872462976937898,-0.9997025,1445,-0.99685943
20,3.5,5,20,LONG,-0.22947204113006592,-0.0647446724898809,-0.09060235849584619,-0.99992144,1372,-0.9995331
20,3.5,5,10,LONG,-0.22947204113006592,-0.0647446724898809,-0.09060235849584619,-0.99992144,1372,-0.9995331
20,1.5,2,10,LONG,-0.04334157705307007,-0.06504048177770615,-0.09318091607777076,-0.9000904,3692,-0.7284498
60,5.0,1,5,SHORT,-0.2848183512687683,-0.06726922673061468,-0.07351728161023136,-0.99998766,3807,-0.9999479
60,5.0,1,20,SHORT,-0.2848183512687683,-0.06726922673061468,-0.07351728161023136,-0.99998766,3807,-0.9999479
60,5.0,1,10,SHORT,-0.2848183512687683,-0.06726922673061468,-0.07351728161023136,-0.99998766,3807,-0.9999479
60,1.0,2,5,LONG,-0.08507686853408813,-0.06823780283052881,-0.1044499013395086,-0.9803215,3672,-0.9269032
20,1.0,2,10,LONG,-0.04445505142211914,-0.069025180954139,-0.09888104589159541,-0.90345585,3692,-0.73759687
60,1.5,2,5,LONG,-0.08588778972625732,-0.07015313419976194,-0.1072436469617478,-0.9808282,3672,-0.92878544
40,3.0,2,10,LONG,-0.12267792224884033,-0.0705965737027685,-0.10077586288565774,-0.989466,3641,-0.978734
60,3.0,2,20,LONG,-0.1366339921951294,-0.0708069825622593,-0.10603074722994009,-0.9983405,3639,-0.9867323
60,3.0,2,10,LONG,-0.1369207501411438,-0.07144071774228858,-0.1069702931673505,-0.99835896,3639,-0.98686135
40,3.0,2,20,LONG,-0.12377703189849854,-0.07335895640996046,-0.10472913205752327,-0.9898609,3641,-0.97950405
10,2.5,5,20,LONG,-0.137426495552063,-0.07362010243979833,-0.10986632030792812,-0.9981878,1461,-0.987086
10,2.5,5,10,LONG,-0.13790732622146606,-0.07433168018600658,-0.1109488603920567,-0.9981637,1461,-0.9872961
60,4.0,5,5,LONG,-0.19783270359039307,-0.07862569488245649,-0.11168903177788529,-0.99973875,1408,-0.9984746
10,2.0,3,10,LONG,-0.05213451385498047,-0.07958146223904689,-0.1077254693101456,-0.91762686,2465,-0.7930496
10,2.5,5,5,LONG,-0.14665764570236206,-0.08007419345304838,-0.12067656081023241,-0.9983853,1461,-0.99059016
40,2.5,2,10,LONG,-0.08536332845687866,-0.08019226354092616,-0.11545455237788997,-0.98724276,3677,-0.92757344
40,2.5,2,20,LONG,-0.08345770835876465,-0.08070800352977085,-0.11603588562260872,-0.98657817,3677,-0.923
60,4.0,5,10,LONG,-0.1988832950592041,-0.08087828327488628,-0.11493282864498411,-0.9997442,1408,-0.9985323
60,4.0,5,20,LONG,-0.1988832950592041,-0.08087828327488628,-0.11493282864498411,-0.9997442,1408,-0.9985323
60,2.5,3,10,LONG,-0.08652281761169434,-0.08316917850056278,-0.1171313063774904,-0.9777318,2446,-0.9302267
60,3.0,2,5,LONG,-0.1479467749595642,-0.08346320286744956,-0.12588985440858744,-0.99834263,3639,-0.9909995
20,4.0,5,5,LONG,-0.222231924533844,-0.0852817504208848,-0.14263900143553443,-0.99995047,814,-0.99938524
20,4.0,5,10,LONG,-0.222231924533844,-0.0852817504208848,-0.14263900143553443,-0.99995047,814,-0.99938524
20,4.0,5,20,LONG,-0.222231924533844,-0.0852817504208848,-0.14263900143553443,-0.99995047,814,-0.99938524
20,2.0,2,5,LONG,-0.08854329586029053,-0.08701124051703399,-0.13084965542508636,-0.9849201,3692,-0.9346273
120,2.0,2,10,LONG,-0.0668073296546936,-0.09041538012883811,-0.126115689392868,-0.94873226,3641,-0.86922395
120,2.5,3,10,LONG,-0.10589289665222168,-0.0905952319426677,-0.13157444536350082,-0.9897655,2426,-0.96286064
120,5.0,3,10,SHORT,-1.0,-0.09181621076244899,-0.09768884358331188,-1.2588985,1975,-1.0000042
120,5.0,3,20,SHORT,-1.0,-0.09181621076244899,-0.09768884358331188,-1.2588985,1975,-1.0000042
120,5.0,3,5,SHORT,-1.0,-0.09181621076244899,-0.09768884358331188,-1.2588985,1975,-1.0000042
40,5.0,2,10,LONG,-0.24488294124603271,-0.09413758147165315,-0.160289545244787,-0.99980134,1857,-0.9997423
40,5.0,2,20,LONG,-0.24488294124603271,-0.09413758147165315,-0.160289545244787,-0.99980134,1857,-0.9997423
40,5.0,2,5,LONG,-0.24488294124603271,-0.09413758147165315,-0.160289545244787,-0.99980134,1857,-0.9997423
10,2.5,10,5,SHORT,-1.0,-0.09640750837738311,-0.10101227372518055,-1.0686,735,-1.0486753
120,2.5,3,20,LONG,-0.10866731405258179,-0.09869729983544258,-0.1430767839446458,-0.99050397,2426,-0.9661058
20,3.0,3,10,LONG,-0.18834006786346436,-0.0990365883176577,-0.16037642486546128,-0.9984526,2431,-0.99784374
20,3.0,3,20,LONG,-0.18858051300048828,-0.09949669216132598,-0.1610941662052078,-0.998445,2431,-0.99786246
60,2.5,3,20,LONG,-0.09174501895904541,-0.10087969704390631,-0.14092640753694827,-0.9805137,2446,-0.9410568
60,3.0,3,5,SHORT,-0.1496274471282959,-0.10173650954086726,-0.1284977367773795,-0.99921185,2438,-0.9915075
20,3.5,3,10,SHORT,-0.2764440178871155,-0.10259820760190541,-0.11746508640561854,-0.9999761,2175,-0.9999266
20,3.5,3,20,SHORT,-0.2764440178871155,-0.10259820760190541,-0.11746508640561854,-0.9999761,2175,-0.9999266
10,2.5,2,20,LONG,-0.17038297653198242,-0.10353708807671147,-0.15285805092114682,-0.99693406,3584,-0.9958951
120,2.0,2,20,LONG,-0.06663936376571655,-0.10483289281113659,-0.1437665591426311,-0.9417648,3641,-0.8685297
20,3.5,3,5,SHORT,-0.2783733010292053,-0.10588343067931927,-0.1212662140401189,-0.9999776,2175,-0.99993217
10,2.5,2,10,LONG,-0.1718813180923462,-0.10623497605757731,-0.15667721586149566,-0.9970696,3584,-0.9961077
60,2.5,3,5,LONG,-0.11382299661636353,-0.10661039214760802,-0.15522959751888527,-0.99097407,2446,-0.9714239
10,2.5,2,5,LONG,-0.17649602890014648,-0.10804916831860822,-0.16055271036500254,-0.9975038,3584,-0.9966978
60,5.0,2,5,SHORT,-0.3068569302558899,-0.10847880639082655,-0.11920691913681392,-0.9999938,2481,-0.99997926
60,5.0,2,10,SHORT,-0.3068569302558899,-0.10847880639082655,-0.11920691913681392,-0.9999938,2481,-0.99997926
60,5.0,2,20,SHORT,-0.3068569302558899,-0.10847880639082655,-0.11920691913681392,-0.9999938,2481,-0.99997926
120,1.5,2,5,LONG,-0.09763509035110474,-0.10883818545227004,-0.16918087753919078,-0.9859088,3642,-0.9513254
120,1.0,2,5,LONG,-0.09820514917373657,-0.11050503061480269,-0.1717723408684944,-0.9861683,3642,-0.95222205
10,1.5,3,5,LONG,-0.08466547727584839,-0.11301430987811134,-0.1631531257637072,-0.96253455,2465,-0.9259299
10,1.0,3,5,LONG,-0.08466547727584839,-0.11301430987811134,-0.1631531257637072,-0.96253455,2465,-0.9259299
20,3.0,3,5,LONG,-0.2012767791748047,-0.11837841454830844,-0.1921741897340144,-0.99895453,2431,-0.998656
40,1.5,3,5,LONG,-0.09129160642623901,-0.11966797502136332,-0.17255747950903536,-0.9734079,2455,-0.9401849
40,2.5,3,5,LONG,-0.11255121231079102,-0.12014854677694647,-0.1745669234008767,-0.98907757,2451,-0.97019243
120,4.0,1,5,LONG,-0.2729054093360901,-0.12096092154599337,-0.1915273114283415,-0.9999594,6156,-0.9999153
40,1.0,3,5,LONG,-0.09174239635467529,-0.12103582258200819,-0.17451768980579127,-0.9737933,2455,-0.9410518
120,4.0,1,10,LONG,-0.27299249172210693,-0.12129814415180867,-0.19203055877824707,-0.999959,6156,-0.9999156
120,4.0,1,20,LONG,-0.27299249172210693,-0.12129814415180867,-0.19203055877824707,-0.999959,6156,-0.9999156
60,4.0,2,20,LONG,-0.26583564281463623,-0.12786129850912803,-0.2070860190049366,-0.9999436,3326,-0.9998874
60,4.0,2,10,LONG,-0.26583564281463623,-0.12786129850912803,-0.2070860190049366,-0.9999436,3326,-0.9998874
120,5.0,3,5,LONG,-0.31342339515686035,-0.12804619860584734,-0.2034570421462377,-0.9999987,1975,-0.9999843
120,5.0,3,10,LONG,-0.31342339515686035,-0.12804619860584734,-0.2034570421462377,-0.9999987,1975,-0.9999843
120,5.0,3,20,LONG,-0.31342339515686035,-0.12804619860584734,-0.2034570421462377,-0.9999987,1975,-0.9999843
60,4.0,2,5,LONG,-0.2666543126106262,-0.12946037969390328,-0.20980299247944928,-0.99994564,3326,-0.99989104
20,2.0,2,10,LONG,-0.06796014308929443,-0.12972595477499332,-0.18294061082765775,-0.9533602,3692,-0.8738947
10,2.5,10,10,SHORT,-1.0,-0.1299697251466785,-0.13617312309551302,-1.0490756,735,-1.0296061
20,3.5,5,20,SHORT,-0.29459333419799805,-0.13114197236004704,-0.1606893741958285,-0.99998814,1372,-0.99996525
20,3.5,5,10,SHORT,-0.29459333419799805,-0.13114197236004704,-0.1606893741958285,-0.99998814,1372,-0.99996525
40,3.5,3,10,SHORT,-1.0,-0.13137824192046516,-0.14367650830013837,-1.1416613,2382,-1.0044724
40,3.5,3,20,SHORT,-1.0,-0.13137824192046516,-0.14367650830013837,-1.1416613,2382,-1.0044724
120,3.5,3,5,LONG,-0.2080736756324768,-0.13314895661447013,-0.2170001768478805,-0.99926627,2365,-0.9989548
40,4.0,2,5,LONG,-0.25212299823760986,-0.13320930549928459,-0.21854864139794056,-0.9998265,3201,-0.9998059
40,3.5,3,5,SHORT,-1.0,-0.13479815145909038,-0.14729721041041793,-1.1449733,2382,-1.0038937
60,5.0,10,5,SHORT,-0.40447527170181274,-0.13595596484304642,-0.1422000384355414,-1.0036012,666,-0.99999976
60,5.0,10,20,SHORT,-0.40447527170181274,-0.13595596484304642,-0.1422000384355414,-1.0036012,666,-0.99999976
60,5.0,10,10,SHORT,-0.40447527170181274,-0.13595596484304642,-0.1422000384355414,-1.0036012,666,-0.99999976
20,4.0,10,5,SHORT,-1.0,-0.1362136669199649,-0.15998205208320282,-1.0069621,520,-1.0000093
20,4.0,10,10,SHORT,-1.0,-0.1362136669199649,-0.15998205208320282,-1.0069621,520,-1.0000093
20,4.0,10,20,SHORT,-1.0,-0.1362136669199649,-0.15998205208320282,-1.0069621,520,-1.0000093
20,3.5,5,5,SHORT,-0.29770010709762573,-0.13622841310297273,-0.16667681905249973,-0.99998957,1372,-0.9999695
40,4.0,2,20,LONG,-0.254447877407074,-0.13839061069915262,-0.22694383920609587,-0.9998417,3201,-0.9998229
40,4.0,2,10,LONG,-0.254447877407074,-0.13839061069915262,-0.22694383920609587,-0.9998417,3201,-0.9998229
60,4.0,5,20,SHORT,-0.2387526035308838,-0.13886169185691594,-0.17646049303551053,-0.9998847,1408,-0.9996731
60,4.0,5,10,SHORT,-0.2387526035308838,-0.13886169185691594,-0.17646049303551053,-0.9998847,1408,-0.9996731
10,2.5,10,20,SHORT,-1.0,-0.1400455429814329,-0.14659917974998996,-1.043556,735,-1.0252817
40,5.0,2,5,SHORT,-0.3239404559135437,-0.14090176314523428,-0.15150359541288683,-0.9999978,1857,-0.99999005
40,5.0,2,20,SHORT,-0.3239404559135437,-0.14090176314523428,-0.15150359541288683,-0.9999978,1857,-0.99999005
40,5.0,2,10,SHORT,-0.3239404559135437,-0.14090176314523428,-0.15150359541288683,-0.9999978,1857,-0.99999005
60,4.0,5,5,SHORT,-0.23986530303955078,-0.14107139712049518,-0.17930103644185888,-0.99988836,1408,-0.9996869
120,5.0,10,5,SHORT,-1.0,-0.14235625657306836,-0.14720736259489733,-1.0144677,680,-1.000378
120,5.0,10,20,SHORT,-1.0,-0.14235625657306836,-0.14720736259489733,-1.0144677,680,-1.000378
120,5.0,10,10,SHORT,-1.0,-0.14235625657306836,-0.14720736259489733,-1.0144677,680,-1.000378
10,2.0,3,5,LONG,-0.1010085940361023,-0.1451405220444649,-0.20364637932187793,-0.97901046,2465,-0.95640427
120,3.5,3,10,LONG,-0.2132500410079956,-0.14514558571432393,-0.23598940303194918,-0.99940103,2365,-0.9991382
120,3.5,3,20,LONG,-0.2132500410079956,-0.14514558571432393,-0.23598940303194918,-0.99940103,2365,-0.9991382
10,2.5,3,5,SHORT,-0.21915149688720703,-0.14865071230552296,-0.17393959405491585,-0.99993855,2413,-0.9993094
40,4.0,5,5,SHORT,-1.0,-0.15017172837399037,-0.17577435029739794,-1.0007491,1388,-1.0002224
40,4.0,5,10,SHORT,-1.0,-0.15205456610130333,-0.1779728344747667,-1.0007256,1388,-1.0002152
40,4.0,5,20,SHORT,-1.0,-0.15205456610130333,-0.1779728344747667,-1.0007256,1388,-1.0002152
60,5.0,3,20,SHORT,-1.0,-0.15208076273599286,-0.15471853296019628,-1.029026,1830,-1.0000026
60,5.0,3,5,SHORT,-1.0,-0.15208076273599286,-0.15471853296019628,-1.029026,1830,-1.0000026
60,5.0,3,10,SHORT,-1.0,-0.15208076273599286,-0.15471853296019628,-1.029026,1830,-1.0000026
60,4.0,1,5,SHORT,-0.30853843688964844,-0.15477927202694144,-0.17389884180918994,-0.9999915,6141,-0.9999807
40,5.0,1,5,SHORT,-0.305927038192749,-0.1562026813577366,-0.16718505278481174,-0.9999926,2557,-0.9999784
40,5.0,1,20,SHORT,-0.305927038192749,-0.1562026813577366,-0.16718505278481174,-0.9999926,2557,-0.9999784
40,5.0,1,10,SHORT,-0.305927038192749,-0.1562026813577366,-0.16718505278481174,-0.9999926,2557,-0.9999784
60,4.0,1,20,SHORT,-0.31003427505493164,-0.1582543966218471,-0.17777864613181157,-0.9999922,6141,-0.9999819
60,4.0,1,10,SHORT,-0.31003427505493164,-0.1582543966218471,-0.17777864613181157,-0.9999922,6141,-0.9999819
10,2.5,3,10,SHORT,-0.21863633394241333,-0.15858935328899362,-0.18501327629222625,-0.99992466,2413,-0.9992959
10,2.5,3,20,SHORT,-0.219779372215271,-0.16154602383171382,-0.18846043674440738,-0.9999289,2413,-0.9993256
20,2.5,2,10,LONG,-0.11122578382492065,-0.16317369747479793,-0.22372278136363402,-0.9852753,3686,-0.9688544
60,3.0,3,10,SHORT,-0.1707770824432373,-0.16381677581399473,-0.2069608471919814,-0.9995634,2438,-0.99595207
40,2.0,3,5,LONG,-0.11059629917144775,-0.1648138710831421,-0.2302370705795651,-0.9749584,2454,-0.9681989
40,5.0,1,20,LONG,-0.25844883918762207,-0.165268858584162,-0.26952371485628734,-0.9998862,2557,-0.99984884
40,5.0,1,5,LONG,-0.25844883918762207,-0.165268858584162,-0.26952371485628734,-0.9998862,2557,-0.99984884
40,5.0,1,10,LONG,-0.25844883918762207,-0.165268858584162,-0.26952371485628734,-0.9998862,2557,-0.99984884
20,3.5,3,5,LONG,-0.2790282964706421,-0.16574337351968804,-0.25516591187848736,-0.99996084,2175,-0.99993396
60,3.5,5,5,SHORT,-0.33226239681243896,-0.16603999602337946,-0.19588720458064884,-0.9999936,1445,-0.9999931
60,3.0,3,20,SHORT,-0.17178791761398315,-0.1663341548060464,-0.20998708714930123,-0.9995712,2438,-0.99609476
20,3.5,3,20,LONG,-0.2804614305496216,-0.16922052234910415,-0.2603989475172973,-0.9999626,2175,-0.9999377
20,3.5,3,10,LONG,-0.2804614305496216,-0.16922052234910415,-0.2603989475172973,-0.9999626,2175,-0.9999377
40,3.5,3,5,LONG,-0.2477186918258667,-0.17775094318407725,-0.26818417663653066,-0.9998039,2382,-0.99976933
20,2.5,2,20,LONG,-0.11433196067810059,-0.17859202749257885,-0.2424362835227788,-0.98735595,3686,-0.97190285
40,5.0,5,5,SHORT,-0.35022640228271484,-0.17866500920960626,-0.21409157659532313,-0.9999988,1034,-0.9999969
40,5.0,5,10,SHORT,-0.35022640228271484,-0.17866500920960626,-0.21409157659532313,-0.9999988,1034,-0.9999969
40,5.0,5,20,SHORT,-0.35022640228271484,-0.17866500920960626,-0.21409157659532313,-0.9999988,1034,-0.9999969
60,3.5,5,10,SHORT,-0.3343053460121155,-0.17881362585645952,-0.211993173077993,-0.9999943,1445,-0.9999937
60,3.5,5,20,SHORT,-0.3343053460121155,-0.17881362585645952,-0.211993173077993,-0.9999943,1445,-0.9999937
60,3.0,10,5,SHORT,-0.15917015075683594,-0.1810495936982006,-0.23296598600465968,-0.9939823,733,-0.99390686
10,2.5,5,5,SHORT,-0.23385798931121826,-0.18121541709411731,-0.21066201947856272,-0.9997877,1461,-0.9996053
40,3.5,3,10,LONG,-0.24830657243728638,-0.18263199347585235,-0.27389440865611575,-0.999816,2382,-0.9997746
40,3.5,3,20,LONG,-0.24830657243728638,-0.18263199347585235,-0.27389440865611575,-0.999816,2382,-0.9997746
120,3.5,3,10,SHORT,-1.0,-0.18279399528230286,-0.19971026276876155,-1.0072579,2365,-1.000953
120,3.5,3,20,SHORT,-1.0,-0.18279399528230286,-0.19971026276876155,-1.0072579,2365,-1.000953
20,3.0,2,20,SHORT,-0.22606110572814941,-0.1828006646976555,-0.21795165646367168,-0.9999725,3610,-0.9994683
20,3.0,2,10,SHORT,-0.22611719369888306,-0.18291224617413265,-0.21811599567597575,-0.9999726,3610,-0.99946946
60,5.0,2,20,LONG,-0.297934353351593,-0.18363143387253486,-0.2947930680941056,-0.99997455,2481,-0.9999698
60,5.0,2,10,LONG,-0.297934353351593,-0.18363143387253486,-0.2947930680941056,-0.99997455,2481,-0.9999698
60,5.0,2,5,LONG,-0.297934353351593,-0.18363143387253486,-0.2947930680941056,-0.99997455,2481,-0.9999698
120,2.0,2,5,LONG,-0.13216447830200195,-0.18472758523726165,-0.274260506834995,-0.9913059,3641,-0.9845556
120,3.0,10,10,SHORT,-0.1596214771270752,-0.18528333205609887,-0.22922770142875584,-0.9961961,728,-0.99400234
120,3.0,10,20,SHORT,-0.15998709201812744,-0.1863138192299237,-0.23048124555579563,-0.9962445,728,-0.99407864
40,4.0,1,10,SHORT,-0.3157503604888916,-0.1875906084909004,-0.21407626475160013,-0.9999958,5748,-0.9999858
40,4.0,1,20,SHORT,-0.3157503604888916,-0.1875906084909004,-0.21407626475160013,-0.9999958,5748,-0.9999858
120,3.0,10,5,SHORT,-0.16995739936828613,-0.19143608672488205,-0.23139189312536348,-0.99743986,728,-0.9958327
120,5.0,1,10,SHORT,-0.37574291229248047,-0.19178373646792526,-0.2083956295843952,-0.99999964,4428,-0.99999905
120,5.0,1,5,SHORT,-0.37574291229248047,-0.19178373646792526,-0.2083956295843952,-0.99999964,4428,-0.99999905
120,5.0,1,20,SHORT,-0.37574291229248047,-0.19178373646792526,-0.2083956295843952,-0.99999964,4428,-0.99999905
10,2.5,5,10,SHORT,-0.231087327003479,-0.19321926849307167,-0.2253532542568183,-0.999735,1461,-0.9995611
10,2.5,5,20,SHORT,-0.23124396800994873,-0.19410291280526243,-0.2264552205761787,-0.99973917,1461,-0.9995637
120,3.5,3,5,SHORT,-1.0,-0.19411137549118648,-0.21171808924236968,-1.0059078,2365,-1.0007473
60,3.5,10,5,SHORT,-0.21604835987091064,-0.19444721661121603,-0.26806781538243063,-0.9991978,728,-0.99922395
40,4.0,1,5,SHORT,-0.31955403089523315,-0.19498597292031652,-0.22266104532503825,-0.9999965,5748,-0.99998796
60,3.5,10,10,SHORT,-0.21783208847045898,-0.19956587057241373,-0.2747696048115239,-0.99925065,728,-0.99927425
60,3.5,10,20,SHORT,-0.21783208847045898,-0.19956587057241373,-0.2747696048115239,-0.99925065,728,-0.99927425
60,3.0,10,10,SHORT,-0.15542197227478027,-0.20142740347537186,-0.26092539339155985,-0.9931192,733,-0.993055
20,4.0,1,20,LONG,-0.2267661690711975,-0.20182177327334475,-0.31809823672014975,-0.9995244,1595,-0.9994824
20,4.0,1,5,LONG,-0.2267661690711975,-0.20182177327334475,-0.31809823672014975,-0.9995244,1595,-0.9994824
20,4.0,1,10,LONG,-0.2267661690711975,-0.20182177327334475,-0.31809823672014975,-0.9995244,1595,-0.9994824
60,3.0,10,20,SHORT,-0.15628129243850708,-0.20387240892328856,-0.2640327896424299,-0.9933222,733,-0.9932599
20,3.0,2,5,SHORT,-0.24067926406860352,-0.20627179113581695,-0.24689989007318458,-0.99998224,3610,-0.9996966
60,2.5,2,5,LONG,-0.15613454580307007,-0.20831083372142767,-0.3098611668533008,-0.99891007,3667,-0.99322534
40,4.0,10,5,LONG,-0.24179232120513916,-0.20864299063635336,-0.3096781386659684,-0.999787,714,-0.9997094
40,4.0,10,20,LONG,-0.2420365810394287,-0.20925159453826303,-0.3105451923085708,-0.9997891,714,-0.99971217
40,4.0,10,10,LONG,-0.2420365810394287,-0.20925159453826303,-0.3105451923085708,-0.9997891,714,-0.99971217
120,2.5,2,10,LONG,-0.140184223651886,-0.21119254266874812,-0.3040765538914793,-0.9960031,3634,-0.9882471
20,3.0,3,5,SHORT,-1.0,-0.2116228788474896,-0.21766469950930817,-1.0199561,2431,-1.0001597
10,2.5,3,20,LONG,-0.211128830909729,-0.2161163114299921,-0.31332496091110934,-0.99923027,2413,-0.9990671
10,2.5,3,10,LONG,-0.2124372124671936,-0.21894812018126786,-0.317695865832527,-0.999265,2413,-0.9991116
20,3.5,1,5,LONG,-0.31898826360702515,-0.21898207703744607,-0.3396367129495821,-0.9999956,5434,-0.99998766
60,2.5,2,20,LONG,-0.13413161039352417,-0.21990462602907543,-0.31174851388367064,-0.9975689,3667,-0.9855531
120,2.5,2,20,LONG,-0.14289623498916626,-0.22034408233816682,-0.31665380116215047,-0.99619955,3634,-0.98929024
10,2.5,3,5,LONG,-0.2194231152534485,-0.22293057369314992,-0.3263354853575333,-0.9994573,2413,-0.99931645
20,3.5,1,20,LONG,-0.32145988941192627,-0.22443938123527998,-0.3483014845058236,-0.99999565,5434,-0.9999889
20,3.5,1,10,LONG,-0.32145988941192627,-0.22443938123527998,-0.3483014845058236,-0.99999565,5434,-0.9999889
20,4.0,3,5,LONG,-0.28175783157348633,-0.22910610689730077,-0.35887962752371333,-0.99995995,1084,-0.99994093
20,4.0,3,20,LONG,-0.28175783157348633,-0.22910610689730077,-0.35887962752371333,-0.99995995,1084,-0.99994093
20,4.0,3,10,LONG,-0.28175783157348633,-0.22910610689730077,-0.35887962752371333,-0.99995995,1084,-0.99994093
40,3.5,5,5,SHORT,-0.2673032879829407,-0.22952491204745828,-0.28411951623133896,-0.9999285,1446,-0.99989384
20,3.0,5,20,SHORT,-0.18768495321273804,-0.2319329201298406,-0.33581256039519813,-0.99869007,1461,-0.99779195
20,3.0,3,20,SHORT,-1.0,-0.23343228697014545,-0.23827121235980034,-1.0176485,2431,-1.0001227
20,3.0,5,10,SHORT,-0.18843477964401245,-0.2336888680331138,-0.3381217884792094,-0.998732,1461,-0.99785113
20,3.0,3,10,SHORT,-1.0,-0.2339003232008221,-0.23874214386940637,-1.0173435,2431,-1.0001216
60,4.0,10,20,SHORT,-0.2643469572067261,-0.23457374465429157,-0.3117198089112651,-0.99989146,719,-0.9998805
60,4.0,10,10,SHORT,-0.2643469572067261,-0.23457374465429157,-0.3117198089112651,-0.99989146,719,-0.9998805
120,3.5,5,10,SHORT,-0.2971925139427185,-0.23460579232520015,-0.26787375426623045,-0.9999757,1436,-0.9999688
120,3.5,5,20,SHORT,-0.2971925139427185,-0.23460579232520015,-0.26787375426623045,-0.9999757,1436,-0.9999688
120,3.5,5,5,SHORT,-0.2984575629234314,-0.2357952890391184,-0.26977946312942047,-0.99997765,1436,-0.99997044
60,2.5,2,10,LONG,-0.14125484228134155,-0.2363007765985851,-0.3354014888310472,-0.99812955,3667,-0.9886701
60,4.0,10,5,SHORT,-0.26529961824417114,-0.23698948717965287,-0.3149760963559908,-0.9998955,719,-0.99988496
40,4.0,2,10,SHORT,-0.3470582365989685,-0.2397976610525623,-0.2640421845531824,-0.9999989,3201,-0.9999964
40,4.0,2,20,SHORT,-0.3470582365989685,-0.2397976610525623,-0.2640421845531824,-0.9999989,3201,-0.9999964
40,3.5,5,10,SHORT,-0.27145177125930786,-0.24248904154283624,-0.29999908948386195,-0.99993795,1446,-0.9999102
40,3.5,5,20,SHORT,-0.27145177125930786,-0.24248904154283624,-0.29999908948386195,-0.99993795,1446,-0.9999102
60,4.0,2,5,SHORT,-1.0,-0.24295042534873282,-0.25927894279957153,-1.0000035,3326,-1.0000017
60,4.0,2,20,SHORT,-1.0,-0.24453501957311297,-0.2609678867086022,-1.0000033,3326,-1.0000017
60,4.0,2,10,SHORT,-1.0,-0.24453501957311297,-0.2609678867086022,-1.0000033,3326,-1.0000017
40,4.0,2,5,SHORT,-0.3493923544883728,-0.24468262938157834,-0.2695383616427382,-0.99999905,3201,-0.9999968
120,2.5,2,5,LONG,-0.17068713903427124,-0.24533774971583092,-0.3611062718741459,-0.9983649,3634,-0.99593914
60,5.0,5,10,LONG,-0.3370182514190674,-0.2546482419752711,-0.3757738911731753,-0.9999967,1221,-0.9999944
60,5.0,5,5,LONG,-0.3370182514190674,-0.2546482419752711,-0.3757738911731753,-0.9999967,1221,-0.9999944
60,5.0,5,20,LONG,-0.3370182514190674,-0.2546482419752711,-0.3757738911731753,-0.9999967,1221,-0.9999944
120,5.0,2,20,LONG,-0.36454129219055176,-0.2548314473137979,-0.4089191560058763,-0.9999998,2720,-0.9999984
120,5.0,2,5,LONG,-0.36454129219055176,-0.2548314473137979,-0.4089191560058763,-0.9999998,2720,-0.9999984
120,5.0,2,10,LONG,-0.36454129219055176,-0.2548314473137979,-0.4089191560058763,-0.9999998,2720,-0.9999984
60,3.0,3,20,LONG,-0.19904744625091553,-0.25962340446089377,-0.35404840547479466,-0.9990379,2438,-0.9985411
60,3.0,3,10,LONG,-0.20002985000610352,-0.26213518803398117,-0.357438008548495,-0.99906784,2438,-0.99859285
120,5.0,1,5,LONG,-0.35891133546829224,-0.2642544498323607,-0.41428153143639357,-0.9999996,4428,-0.9999979
120,5.0,1,10,LONG,-0.35891133546829224,-0.2642544498323607,-0.41428153143639357,-0.9999996,4428,-0.9999979
120,5.0,1,20,LONG,-0.35891133546829224,-0.2642544498323607,-0.41428153143639357,-0.9999996,4428,-0.9999979
40,3.5,1,10,SHORT,-0.3147924542427063,-0.2688836818605402,-0.31431715799546117,-0.9999896,6743,-0.9999852
40,3.5,1,20,SHORT,-0.31488656997680664,-0.26890742512835825,-0.31436718241008027,-0.9999896,6743,-0.9999853
20,4.0,2,10,LONG,-0.2880174517631531,-0.27011997191451015,-0.43179717672926166,-0.9999733,1286,-0.99995434
20,4.0,2,5,LONG,-0.2880174517631531,-0.27011997191451015,-0.43179717672926166,-0.9999733,1286,-0.99995434
20,4.0,2,20,LONG,-0.2880174517631531,-0.27011997191451015,-0.43179717672926166,-0.9999733,1286,-0.99995434
10,1.0,1,5,LONG,-0.1536562442779541,-0.27474822667558796,-0.41622938950582294,-0.99574447,7393,-0.99261487
10,1.5,1,5,LONG,-0.15433990955352783,-0.2766637002064558,-0.41902862112175554,-0.9957444,7393,-0.9927884
40,5.0,3,20,SHORT,-1.0,-0.27836628229811305,-0.29634696260131366,-1.0000155,1480,-1.000002
40,5.0,3,10,SHORT,-1.0,-0.27836628229811305,-0.29634696260131366,-1.0000155,1480,-1.000002
40,5.0,3,5,SHORT,-1.0,-0.27836628229811305,-0.29634696260131366,-1.0000155,1480,-1.000002
40,3.5,1,5,SHORT,-0.32196110486984253,-0.2797476368200766,-0.3271170634404868,-0.9999925,6743,-0.99998915
20,3.0,1,10,SHORT,-0.2568957805633545,-0.2812094177254716,-0.35073722180133166,-0.99993706,7056,-0.99983925
20,3.0,1,20,SHORT,-0.2575981616973877,-0.282845055541175,-0.35282916977005363,-0.9999377,7056,-0.99984366
40,1.0,1,5,LONG,-0.16978442668914795,-0.2901669714214478,-0.4354802667182482,-0.99710304,7363,-0.99580705
60,4.0,3,5,SHORT,-1.0,-0.2911642739201847,-0.305747669132271,-1.0086695,2289,-1.0000027
60,4.0,3,20,SHORT,-1.0,-0.2911665411931139,-0.3057513822024305,-1.0089892,2289,-1.0000029
60,4.0,3,10,SHORT,-1.0,-0.2911665411931139,-0.3057513822024305,-1.0089892,2289,-1.0000029
40,1.5,1,5,LONG,-0.17107069492340088,-0.29314008689983523,-0.4398333005087219,-0.99723226,7363,-0.99599403
20,3.0,2,5,LONG,-0.2632123827934265,-0.29691535843393674,-0.4325181108479047,-0.99994,3610,-0.99987495
20,3.5,10,20,SHORT,-1.0,-0.2978027388437638,-0.32718363727300676,-1.0000175,708,-1.0000066
20,3.5,10,10,SHORT,-1.0,-0.2978027388437638,-0.32718363727300676,-1.0000175,708,-1.0000066
20,3.5,10,5,SHORT,-1.0,-0.29847606735623466,-0.3279231016488684,-1.0000173,708,-1.0000066
60,1.0,1,5,LONG,-0.17525821924209595,-0.30163902744921534,-0.458527462170886,-0.99763143,7343,-0.9965486
20,3.5,2,10,SHORT,-1.0,-0.30284500900547423,-0.31696167948231196,-1.0000001,3111,-1.0000001
20,3.5,2,20,SHORT,-1.0,-0.30284500900547423,-0.31696167948231196,-1.0000001,3111,-1.0000001
20,3.5,2,5,SHORT,-1.0,-0.3039238581867447,-0.318113982958405,-1.0000001,3111,-1.0000001
20,3.0,5,5,SHORT,-0.22492891550064087,-0.3070691089711374,-0.43556606829731404,-0.99963033,1461,-0.99944496
40,2.0,1,5,LONG,-0.18189263343811035,-0.30865796741809,-0.4605900848696563,-0.99814737,7361,-0.9972786
60,1.5,1,5,LONG,-0.17811203002929688,-0.3089661078050372,-0.4690645320872423,-0.9978611,7343,-0.9968832
120,3.5,1,10,LONG,-0.3176826238632202,-0.3094698318079248,-0.4647097388819669,-0.9999901,6794,-0.99998695
120,3.5,1,20,LONG,-0.3176826238632202,-0.3094698318079248,-0.4647097388819669,-0.9999901,6794,-0.99998695
120,3.5,1,5,LONG,-0.32001644372940063,-0.31201089325642756,-0.46888740082674285,-0.999991,6794,-0.9999882
120,1.0,1,10,LONG,-0.11648446321487427,-0.31507198967978806,-0.45453835593991077,-0.9822986,7283,-0.97384405
120,1.0,1,5,LONG,-0.18071776628494263,-0.3171703306616173,-0.483464901162122,-0.99788004,7283,-0.9971612
60,3.0,3,5,LONG,-0.2260463833808899,-0.31731136010400557,-0.43768442137656627,-0.99964786,2438,-0.999468
10,1.0,1,10,LONG,-0.11467850208282471,-0.3174340285913992,-0.4488892864958968,-0.98426354,7393,-0.97222453
60,2.0,1,5,LONG,-0.18834388256072998,-0.31919888735513835,-0.48207002585959,-0.9985361,7342,-0.99784404
10,1.5,1,10,LONG,-0.11650383472442627,-0.3237459705031449,-0.4575253193632276,-0.984602,7393,-0.9738609
10,2.5,1,5,LONG,-0.29463452100753784,-0.32485011636834327,-0.4831598564859798,-0.99997413,6962,-0.9999653
120,1.5,1,10,LONG,-0.12061566114425659,-0.32622061853481055,-0.4692173355774092,-0.98407054,7283,-0.9772131
20,3.0,2,10,LONG,-0.27083486318588257,-0.32707444088378573,-0.473759969803905,-0.99995375,3610,-0.9999079
20,3.0,2,20,LONG,-0.2708830237388611,-0.32719889714601025,-0.47398445324770516,-0.9999538,3610,-0.9999081
120,1.5,1,5,LONG,-0.1845088005065918,-0.3275353163014038,-0.49863124006175114,-0.99815047,7283,-0.9975233
10,2.0,1,5,LONG,-0.1779012680053711,-0.32801574061323285,-0.48598787478160727,-0.9978824,7393,-0.9968596
20,1.0,1,5,LONG,-0.17751717567443848,-0.3287824694933161,-0.48844827646743444,-0.99799925,7383,-0.99681616
40,3.0,10,20,SHORT,-0.18979740142822266,-0.33033404563047136,-0.461512690539442,-0.99839896,735,-0.9979548
20,1.5,1,5,LONG,-0.17867958545684814,-0.33181698085610456,-0.49262156315096206,-0.9980808,7383,-0.9969459
40,3.0,10,10,SHORT,-0.19048786163330078,-0.3324756228813595,-0.46425896507418496,-0.9984167,735,-0.99800545
120,3.0,3,5,SHORT,-0.29153984785079956,-0.33327145897056104,-0.37472585936029584,-0.9999764,2411,-0.99996054
20,3.0,1,5,SHORT,-0.2864559292793274,-0.33577039877997045,-0.4176382786014994,-0.99998295,7056,-0.9999513
40,1.0,1,10,LONG,-0.12401223182678223,-0.3360534837475538,-0.4751664286017064,-0.98520356,7363,-0.9796653
40,3.5,10,5,SHORT,-0.2771119475364685,-0.33707283989692444,-0.4377037112401122,-0.9999418,729,-0.9999286
40,3.0,10,5,SHORT,-0.1995038390159607,-0.33842867734634663,-0.46999409316245583,-0.998833,735,-0.9985654
120,3.0,5,5,SHORT,-0.24407023191452026,-0.34077139502962034,-0.4166944149250389,-0.9997812,1450,-0.99973404
40,1.5,1,10,LONG,-0.12663006782531738,-0.3435398720892554,-0.48554528248756135,-0.9864508,7363,-0.9813793
40,3.5,10,10,SHORT,-0.2787642478942871,-0.34395335564087437,-0.44699768502158627,-0.99994564,729,-0.99993324
40,3.5,10,20,SHORT,-0.2787642478942871,-0.34395335564087437,-0.44699768502158627,-0.99994564,729,-0.99993324
20,3.5,1,20,SHORT,-0.41834163665771484,-0.3450453888569861,-0.37615276195490516,-1.0,5434,-0.9999999
20,3.5,1,10,SHORT,-0.41834163665771484,-0.3450453888569861,-0.37615276195490516,-1.0,5434,-0.9999999
120,3.0,1,10,LONG,-0.272835910320282,-0.3456970149612289,-0.5104914649609902,-0.99994445,7130,-0.99991506
120,3.0,1,20,LONG,-0.2731325030326843,-0.3464682366563612,-0.5116142120390638,-0.9999456,7130,-0.9999161
120,2.0,1,5,LONG,-0.1995762586593628,-0.3488587690423043,-0.5262188228775434,-0.9989431,7281,-0.9985692
20,3.5,1,5,SHORT,-0.41834163665771484,-0.35020727808901214,-0.382270940061252,-1.0,5434,-0.9999999
20,2.0,1,5,LONG,-0.1896381378173828,-0.3542804556334102,-0.5240583596652204,-0.9987237,7383,-0.9979429
60,5.0,1,20,LONG,-0.3744552731513977,-0.355599841774739,-0.5597802304702431,-0.99999917,3807,-0.999999
60,5.0,1,10,LONG,-0.3744552731513977,-0.355599841774739,-0.5597802304702431,-0.99999917,3807,-0.999999
60,5.0,1,5,LONG,-0.3744552731513977,-0.355599841774739,-0.5597802304702431,-0.99999917,3807,-0.999999
120,2.0,1,10,LONG,-0.1503470540046692,-0.3558237090780177,-0.516879453485243,-0.9939939,7281,-0.9917164
120,4.0,5,5,SHORT,-0.3962112069129944,-0.3575792188999624,-0.4221780749998769,-0.99999976,1400,-0.99999964
40,2.5,1,5,LONG,-0.2214711308479309,-0.35855872093692,-0.524829786003829,-0.9995724,7344,-0.9993673
120,4.0,5,10,SHORT,-0.3999413251876831,-0.3585986760623904,-0.42326583689719266,-0.99999976,1400,-0.9999997
120,4.0,5,20,SHORT,-0.3999413251876831,-0.3585986760623904,-0.42326583689719266,-0.99999976,1400,-0.9999997
40,3.0,5,5,SHORT,-0.3208478093147278,-0.361423676859438,-0.39011289662377324,-0.9999916,1467,-0.9999886
60,1.0,1,10,LONG,-0.13148760795593262,-0.3620195828798038,-0.5128432457406633,-0.9880211,7343,-0.98419726
120,2.5,1,5,LONG,-0.22948873043060303,-0.3639558899054917,-0.5461398835228577,-0.9996679,7256,-0.9995334
60,2.5,3,5,SHORT,-0.2163715362548828,-0.36470451043325447,-0.4555743046413,-0.9995057,2446,-0.9992333
120,3.0,3,10,SHORT,-0.30025196075439453,-0.3660250047893344,-0.4118941259885223,-0.9999788,2411,-0.9999726
120,2.5,1,10,LONG,-0.20466774702072144,-0.36620741911680327,-0.5347529743985888,-0.99921066,7256,-0.9988141
120,3.0,3,20,SHORT,-0.3004075884819031,-0.3665039097638592,-0.4124281011569348,-0.99997896,2411,-0.99997276
40,2.5,3,5,SHORT,-0.20815515518188477,-0.36662334759671594,-0.46618957872180794,-0.99922025,2451,-0.99895793
120,3.0,1,5,LONG,-0.2874242663383484,-0.36693792825139876,-0.5462082764508632,-0.9999692,7130,-0.9999532
120,2.5,3,20,SHORT,-0.22073811292648315,-0.3711414844068294,-0.43635134651281465,-0.9997296,2426,-0.99934953
120,2.5,1,20,LONG,-0.2063707709312439,-0.3738431836350392,-0.5454308818855688,-0.9992589,7256,-0.9988866
40,2.0,3,5,SHORT,-0.18001997470855713,-0.3745742795672392,-0.5137851995230004,-0.9980074,2454,-0.9970892
40,3.0,5,20,SHORT,-0.3178953528404236,-0.3754735334027041,-0.4024338755505626,-0.99999106,1467,-0.99998707
60,2.5,1,5,LONG,-0.2306193709373474,-0.3761002700427021,-0.552937261357737,-0.9997117,7323,-0.99955314
20,1.0,1,10,LONG,-0.13213998079299927,-0.37633753686528026,-0.5340013547546488,-0.99074167,7383,-0.9845428
40,3.0,5,10,SHORT,-0.31832659244537354,-0.37637036745742686,-0.40351029738258837,-0.9999911,1467,-0.9999873
10,2.5,1,10,LONG,-0.3108980059623718,-0.37713317849100675,-0.5552109379730182,-0.9999875,6962,-0.99998254
120,2.5,3,10,SHORT,-0.2237008810043335,-0.37838126635166824,-0.44510642300171827,-0.9997561,2426,-0.9994185
120,3.0,5,10,SHORT,-0.25012415647506714,-0.37852822120789664,-0.46753434310456227,-0.9998273,1450,-0.9997901
120,3.0,5,20,SHORT,-0.250153124332428,-0.3785676332618845,-0.4676456488124402,-0.9998275,1450,-0.9997903
10,2.5,1,20,LONG,-0.3117108941078186,-0.3794634628585515,-0.5585821254797545,-0.99998796,6962,-0.99998313
120,2.5,3,5,SHORT,-0.2528432011604309,-0.3808526774513754,-0.43588952570834144,-0.999949,2426,-0.99981135
40,1.0,1,20,LONG,-0.10647398233413696,-0.3811573056998473,-0.5182484035545594,-0.97404784,7363,-0.9635642
40,4.0,3,5,SHORT,-0.39027833938598633,-0.38224103400772313,-0.4646407646311198,-0.9999999,2244,-0.9999995
40,4.0,3,20,SHORT,-0.39027833938598633,-0.3831881764201309,-0.4658687768032939,-0.9999999,2244,-0.9999995
40,4.0,3,10,SHORT,-0.39027833938598633,-0.3831881764201309,-0.4658687768032939,-0.9999999,2244,-0.9999995
60,1.5,1,10,LONG,-0.13826018571853638,-0.3838129063295074,-0.5423236533256597,-0.99059236,7343,-0.9874482
60,3.5,1,5,SHORT,-0.3470582365989685,-0.3855884398741872,-0.4521642880430999,-0.99999803,6864,-0.9999964
60,3.0,5,5,SHORT,-0.28175783157348633,-0.38796496268998976,-0.45041234266637875,-0.9999485,1464,-0.99994093
20,1.5,1,10,LONG,-0.1357526183128357,-0.3886365699867962,-0.5510762570751128,-0.991811,7383,-0.986328
60,3.5,1,10,SHORT,-0.3470582365989685,-0.38946863781674457,-0.4568523105133216,-0.99999815,6864,-0.9999964
60,3.5,1,20,SHORT,-0.34743112325668335,-0.39003212913867596,-0.45751375703172925,-0.99999815,6864,-0.9999965
40,3.0,3,5,SHORT,-0.23629283905029297,-0.3905263675468014,-0.5115032051221406,-0.9999297,2439,-0.9996406
10,2.5,2,5,SHORT,-0.3255043625831604,-0.3927359640411105,-0.44434782349347757,-0.9999981,3584,-0.9999907
60,2.0,1,10,LONG,-0.1575695276260376,-0.392899389640172,-0.5585834803906103,-0.9951062,7342,-0.9935562
60,3.0,5,10,SHORT,-0.27468788623809814,-0.3953222108063803,-0.45641390368276086,-0.99993354,1464,-0.9999212
60,3.0,5,20,SHORT,-0.274743914604187,-0.39568850832110275,-0.45649962450154447,-0.9999337,1464,-0.9999214
120,2.0,1,20,LONG,-0.15443861484527588,-0.3992921197524512,-0.5718396416180421,-0.9946186,7281,-0.9928131
120,2.5,2,5,SHORT,-0.22949206829071045,-0.39949993266654443,-0.49970972573558115,-0.9997867,3634,-0.9995335
10,2.5,2,10,SHORT,-0.3239404559135437,-0.4006917541824966,-0.4520420717726387,-0.9999977,3584,-0.99999005
10,2.5,2,20,SHORT,-0.32492369413375854,-0.4037791898741288,-0.45538393617727957,-0.9999979,3584,-0.99999046
10,2.0,3,5,SHORT,-0.1859779953956604,-0.4037979631220006,-0.5462953265415158,-0.9982291,2465,-0.9976513
20,2.5,1,5,LONG,-0.23716789484024048,-0.4045055550173305,-0.5819340773323879,-0.99979234,7359,-0.9996525
20,1.0,1,20,LONG,-0.11133486032485962,-0.40472772433624277,-0.5506611591010194,-0.9766166,7383,-0.9689667
120,4.0,2,20,SHORT,-1.0,-0.4073901602508492,-0.4287797776266915,-1.0,3328,-1.0
120,4.0,2,10,SHORT,-1.0,-0.4073901602508492,-0.4287797776266915,-1.0,3328,-1.0
40,3.0,3,10,SHORT,-0.2363661527633667,-0.4081305536773013,-0.5333579664662013,-0.9999331,2439,-0.9996416
40,2.0,1,10,LONG,-0.1586472988128662,-0.41012068985295735,-0.5797720520417528,-0.99562955,7361,-0.9937944
120,4.0,2,5,SHORT,-1.0,-0.41056794822774206,-0.43233265591936576,-1.0,3328,-1.0
40,3.0,3,20,SHORT,-0.23829883337020874,-0.4133709749329581,-0.540178451047253,-0.9999379,2439,-0.99966735
10,2.0,1,10,LONG,-0.15863025188446045,-0.4178684948673611,-0.5802271174549432,-0.99630696,7393,-0.9937907
60,1.0,1,20,LONG,-0.11441034078598022,-0.41851928344297734,-0.5741368171321511,-0.9814042,7343,-0.9719759
40,4.0,1,5,LONG,-0.40447527170181274,-0.4187288961737068,-0.6245257206722603,-0.9999999,5748,-0.99999976
40,3.5,2,5,SHORT,-0.3962112069129944,-0.41995193136363507,-0.46588101946857857,-0.9999997,3505,-0.99999964
60,2.5,3,20,SHORT,-0.20652276277542114,-0.4226999431124553,-0.5317723305310655,-0.99906594,2446,-0.99889284
60,3.5,1,20,LONG,-0.3524553179740906,-0.4241820475719093,-0.6107344047735614,-0.9999982,6864,-0.9999972
60,3.5,1,10,LONG,-0.3524553179740906,-0.42477489984730094,-0.6115659570484988,-0.9999983,6864,-0.9999972
40,3.5,2,10,SHORT,-0.3962112069129944,-0.42509308182216393,-0.4717137286664198,-0.9999997,3505,-0.99999964
40,3.5,2,20,SHORT,-0.3962112069129944,-0.42515317847178197,-0.471783665227545,-0.9999997,3505,-0.99999964
60,3.5,1,5,LONG,-0.3544100522994995,-0.4253029418010042,-0.614779615826651,-0.99999845,6864,-0.99999744
40,1.5,1,20,LONG,-0.11902928352355957,-0.42634581450306835,-0.5807696941134302,-0.9833681,7363,-0.9759722
40,4.0,1,20,LONG,-0.40447527170181274,-0.4264831812764618,-0.6360867883148088,-0.9999999,5748,-0.99999976
40,4.0,1,10,LONG,-0.40447527170181274,-0.4264831812764618,-0.6360867883148088,-0.9999999,5748,-0.99999976
60,3.5,3,5,SHORT,-1.0,-0.4265258728136064,-0.4390257805771109,-1.0041841,2393,-1.0000049
40,1.0,3,5,SHORT,-0.192429780960083,-0.428956375678484,-0.5797952437114272,-0.9987061,2455,-0.9981415
40,1.5,3,5,SHORT,-0.192854642868042,-0.4302688314659479,-0.58158819824705,-0.998726,2455,-0.9981701
40,2.0,1,20,LONG,-0.14829474687576294,-0.43095064880105904,-0.6040920849038885,-0.99363756,7361,-0.99110705
60,3.5,3,10,SHORT,-1.0,-0.434639665306865,-0.44710614385019415,-1.00358,2393,-1.0000044
60,3.5,3,20,SHORT,-1.0,-0.434639665306865,-0.44710614385019415,-1.00358,2393,-1.0000044
20,2.0,1,10,LONG,-0.15824246406555176,-0.4360603922785239,-0.6179780236341438,-0.99618924,7383,-0.9937059
60,2.5,3,10,SHORT,-0.21287894248962402,-0.436679391492357,-0.5464431477671026,-0.9992733,2446,-0.99912614
20,1.5,1,20,LONG,-0.12118709087371826,-0.4419444680250265,-0.6009040065098146,-0.9832518,7383,-0.97764474
60,2.5,2,5,SHORT,-0.243846595287323,-0.4431171833220232,-0.5526493141627437,-0.9998604,3667,-0.9997317
10,2.0,5,5,SHORT,-0.19175386428833008,-0.4466938769711055,-0.619553925615315,-0.99893034,1479,-0.9980952
120,2.5,5,5,SHORT,-0.24318677186965942,-0.45042997728681633,-0.5820277054015164,-0.9997448,1456,-0.99972475
120,1.0,1,20,LONG,-0.11873745918273926,-0.45063139337886343,-0.6183522296983325,-0.9830314,7283,-0.9757369
40,2.0,5,5,SHORT,-0.2098596692085266,-0.4507741078168197,-0.5909062521791282,-0.9993441,1473,-0.99902195
10,1.0,3,5,SHORT,-0.19348257780075073,-0.45308501423994296,-0.6086831040704966,-0.9987124,2465,-0.9982115
10,1.5,3,5,SHORT,-0.19348257780075073,-0.45308501423994296,-0.6086831040704966,-0.9987124,2465,-0.9982115
60,2.5,1,20,LONG,-0.22034293413162231,-0.4535264019922931,-0.6334885484369368,-0.99956715,7323,-0.99933976
120,4.0,3,10,SHORT,-1.0,-0.4540900264394541,-0.5037665739648265,-1.0,2281,-1.0
120,4.0,3,20,SHORT,-1.0,-0.4540900264394541,-0.5037665739648265,-1.0,2281,-1.0
120,4.0,3,5,SHORT,-1.0,-0.45730425100443767,-0.5072551179505362,-1.0,2281,-1.0
60,3.0,2,5,SHORT,-0.3137809634208679,-0.45887862749123126,-0.5374587653697761,-0.9999895,3639,-0.99998456
120,1.5,1,20,LONG,-0.1290457844734192,-0.46036231377538717,-0.6384455568040913,-0.9867455,7283,-0.9828365
60,2.0,1,20,LONG,-0.1631026268005371,-0.46148738601258954,-0.6525887964459427,-0.99598014,7342,-0.99469185
40,2.5,1,20,LONG,-0.21820580959320068,-0.46385637266810836,-0.6509838878754616,-0.99950886,7344,-0.9992844
120,3.5,1,5,SHORT,-0.3962112069129944,-0.46404142732337983,-0.5291774760579054,-0.9999998,6794,-0.99999964
60,2.5,1,10,LONG,-0.22584962844848633,-0.464481973931554,-0.6511391349766413,-0.999643,7323,-0.99946404
120,3.5,1,10,SHORT,-0.3962112069129944,-0.46887655997599786,-0.5349351283122968,-0.9999998,6794,-0.99999964
120,3.5,1,20,SHORT,-0.3962112069129944,-0.46887655997599786,-0.5349351283122968,-0.9999998,6794,-0.99999964
20,2.0,1,20,LONG,-0.15024125576019287,-0.4698279692284932,-0.6505767285947945,-0.99445057,7383,-0.991686
40,2.5,1,10,LONG,-0.22326624393463135,-0.47077006947246275,-0.6649067475442785,-0.9995713,7344,-0.99940884
120,2.0,5,5,SHORT,-0.21343189477920532,-0.47151079597730267,-0.616415395649631,-0.999282,1457,-0.999144
120,2.5,5,10,SHORT,-0.22820478677749634,-0.4754454350888077,-0.6270181796419914,-0.99952394,1456,-0.99951
10,1.0,1,20,LONG,-0.12489891052246094,-0.4762077780833987,-0.6446895795798926,-0.9875082,7393,-0.9802622
120,2.5,2,20,SHORT,-0.23215508460998535,-0.47781036139444755,-0.6000793730146736,-0.9997631,3634,-0.99957865
60,3.0,2,10,SHORT,-0.3146987557411194,-0.4823593833677404,-0.5626408337531235,-0.9999897,3639,-0.99998516
120,2.5,5,20,SHORT,-0.22900789976119995,-0.48275170859997996,-0.6380326502064855,-0.99953836,1456,-0.9995248
60,3.0,2,20,SHORT,-0.31488656997680664,-0.48299654694271277,-0.5634198562318414,-0.99998957,3639,-0.9999853
120,2.5,2,10,SHORT,-0.2352045774459839,-0.48528413569707124,-0.6096844539801441,-0.9998023,3634,-0.9996252
40,3.5,1,5,LONG,-0.3962112069129944,-0.48640215943666926,-0.6886881463639796,-0.99999976,6743,-0.99999964
10,2.5,1,20,SHORT,-0.37208592891693115,-0.48640720608896176,-0.5373149568876313,-0.9999994,6962,-0.99999887
60,1.5,1,20,LONG,-0.13356786966323853,-0.48649811383716957,-0.668167250109891,-0.9899567,7343,-0.9852738
60,2.5,10,5,SHORT,-0.24171841144561768,-0.48681445945640844,-0.5603959481226832,-0.99973917,734,-0.9997086
10,2.5,1,10,SHORT,-0.37208592891693115,-0.4884831671724429,-0.539819508291417,-0.9999994,6962,-0.99999887
60,4.0,1,10,LONG,-0.43188512325286865,-0.48859638514641296,-0.7240501809041436,-0.99999994,6141,-0.99999994
60,4.0,1,20,LONG,-0.43188512325286865,-0.48859638514641296,-0.7240501809041436,-0.99999994,6141,-0.99999994
10,1.5,1,20,LONG,-0.1288825273513794,-0.4902447418051571,-0.6632991373374489,-0.98891526,7393,-0.9827416
60,2.5,2,10,SHORT,-0.2268783450126648,-0.4910585012331483,-0.624642786324848,-0.99979997,3667,-0.9994846
120,3.0,2,5,SHORT,-0.32380324602127075,-0.4912499596353648,-0.5717452348928469,-0.99999684,3599,-0.99999
60,4.0,1,5,LONG,-0.43188512325286865,-0.49169356557082344,-0.7290359384858294,-0.99999994,6141,-0.99999994
40,3.0,1,20,SHORT,-0.30478131771087646,-0.49423567140574853,-0.6148822086560365,-0.99998736,7216,-0.99997735
40,3.0,1,10,SHORT,-0.30503129959106445,-0.4944172311934212,-0.6150934644372584,-0.99998736,7216,-0.9999776
10,1.5,5,5,SHORT,-0.19987022876739502,-0.4969305575170571,-0.6841194398458639,-0.99920183,1479,-0.99858457
10,1.0,5,5,SHORT,-0.19987022876739502,-0.4969305575170571,-0.6841194398458639,-0.99920183,1479,-0.99858457
40,3.0,1,5,LONG,-0.3152666687965393,-0.49702761987588767,-0.6987061222980548,-0.9999904,7216,-0.9999855
20,2.5,1,10,LONG,-0.2370038628578186,-0.4983205476759674,-0.6903752057267255,-0.9997931,7359,-0.9996503
120,3.5,2,5,SHORT,-0.41834163665771484,-0.498386423534763,-0.5413649429773699,-0.99999994,3511,-0.9999999
60,3.0,1,5,LONG,-0.3151710629463196,-0.4994404500350197,-0.7135220475480777,-0.99999064,7210,-0.99998546
120,4.0,10,10,SHORT,-1.0,-0.49952576301481333,-0.5265311898973628,-1.000064,715,-1.0000006
120,4.0,10,20,SHORT,-1.0,-0.49952576301481333,-0.5265311898973628,-1.000064,715,-1.0000006
40,3.5,1,20,LONG,-0.3999413251876831,-0.5015848230614566,-0.7083008751440576,-0.9999998,6743,-0.9999997
40,3.5,1,10,LONG,-0.3999413251876831,-0.5016085663292746,-0.7083367438336831,-0.9999998,6743,-0.9999997
120,4.0,10,5,SHORT,-1.0,-0.5017188805298382,-0.5287977663812379,-1.0000613,715,-1.0000005
20,2.0,5,5,SHORT,-0.21609342098236084,-0.502523461630592,-0.6850321726705331,-0.99963856,1477,-0.99922526
120,3.5,2,20,SHORT,-0.43188512325286865,-0.5044583666829506,-0.5475555137379338,-0.99999994,3511,-0.99999994
120,3.5,2,10,SHORT,-0.43188512325286865,-0.5044583666829506,-0.5475555137379338,-0.99999994,3511,-0.99999994
60,3.5,2,5,SHORT,-0.41834163665771484,-0.5054555965310049,-0.5460208559793672,-1.0,3544,-0.9999999
40,2.5,3,10,SHORT,-0.2277899980545044,-0.5060965809235835,-0.6253942975975835,-0.9995897,2451,-0.9995022
60,3.0,1,10,SHORT,-0.3108980059623718,-0.5065693068968427,-0.6216483084441421,-0.9999918,7210,-0.99998254
60,3.0,1,20,SHORT,-0.31162840127944946,-0.5090133964166393,-0.6245860562265273,-0.99999183,7210,-0.9999831
10,2.0,1,20,LONG,-0.1676996350288391,-0.509642568902093,-0.6923047443979559,-0.9973931,7393,-0.99548596
120,2.0,2,5,SHORT,-0.24343299865722656,-0.5098970651586169,-0.6509994646419474,-0.9998904,3641,-0.99972737
60,3.0,1,5,SHORT,-0.323128879070282,-0.5105731582466677,-0.6261908975411369,-0.9999951,7210,-0.9999897
120,4.0,1,20,SHORT,-1.0,-0.5114230851208055,-0.5507116741639692,-1.0,6156,-1.0
120,4.0,1,10,SHORT,-1.0,-0.5114230851208055,-0.5507116741639692,-1.0,6156,-1.0
40,3.0,1,5,SHORT,-0.3242172598838806,-0.511627838881169,-0.632089199150071,-0.9999954,7216,-0.99999017
120,4.0,1,5,SHORT,-1.0,-0.5116445592195432,-0.5507926657869383,-1.0,6156,-1.0
20,2.5,1,20,LONG,-0.2386302351951599,-0.5120337337932699,-0.7034882624636916,-0.99981254,7359,-0.9996716
60,2.5,2,20,SHORT,-0.23151302337646484,-0.5126413417945254,-0.6514228599030417,-0.9998089,3667,-0.99956816
40,1.0,5,5,SHORT,-0.22251790761947632,-0.5139246703772048,-0.6658709289583238,-0.9995839,1473,-0.99939185
120,5.0,5,10,LONG,-0.43188512325286865,-0.5140278727473979,-0.6927917420496447,-0.99999994,1274,-0.99999994
120,5.0,5,20,LONG,-0.43188512325286865,-0.5140278727473979,-0.6927917420496447,-0.99999994,1274,-0.99999994
120,5.0,5,5,LONG,-0.43188512325286865,-0.5140278727473979,-0.6927917420496447,-0.99999994,1274,-0.99999994
40,1.5,5,5,SHORT,-0.22271287441253662,-0.5145274539003861,-0.6666929160751195,-0.9995869,1473,-0.9993963
40,3.0,2,20,SHORT,-0.3047192096710205,-0.5163010773383921,-0.6385082654292262,-0.99998903,3641,-0.9999773
40,2.5,3,20,SHORT,-0.22617048025131226,-0.5163743419921051,-0.6405530346193464,-0.99956363,2451,-0.99947053
40,3.0,2,10,SHORT,-0.3056677579879761,-0.5188549905494453,-0.641862509213931,-0.9999898,3641,-0.9999782
60,3.5,2,10,SHORT,-0.43188512325286865,-0.5210882999071049,-0.5614389058547689,-1.0,3544,-0.99999994
60,3.5,2,20,SHORT,-0.43188512325286865,-0.5210882999071049,-0.5614389058547689,-1.0,3544,-0.99999994
40,2.0,10,5,SHORT,-0.22072356939315796,-0.5217204812909345,-0.772966860887758,-0.99956244,737,-0.9993492
60,2.5,10,10,SHORT,-0.23057061433792114,-0.5231273907991301,-0.59944431650427,-0.99956983,734,-0.9995523
20,1.5,5,5,SHORT,-0.2194138765335083,-0.5233724160750489,-0.7130810034251632,-0.999681,1477,-0.9993162
60,2.0,5,5,SHORT,-0.22936522960662842,-0.5237315629767959,-0.6903973447556739,-0.9996405,1469,-0.9995312
20,1.0,5,5,SHORT,-0.21958786249160767,-0.5240328195786106,-0.7139227935344993,-0.999683,1477,-0.9993207
40,1.0,10,5,SHORT,-0.2130345106124878,-0.5266426853696425,-0.8012600346434493,-0.9994159,737,-0.9991312
40,1.5,10,5,SHORT,-0.21347284317016602,-0.5279842029172499,-0.8034257045001509,-0.9994254,737,-0.9991453
10,2.5,1,5,SHORT,-0.393039345741272,-0.5286409168765885,-0.5854311113681675,-0.99999976,6962,-0.9999996
120,1.0,5,5,SHORT,-0.22307521104812622,-0.5303946318111759,-0.688317585068607,-0.9995005,1457,-0.99940455
60,3.0,1,20,LONG,-0.3157503604888916,-0.5315730833175516,-0.7497496242307788,-0.99999064,7210,-0.9999858
120,1.5,5,5,SHORT,-0.22422516345977783,-0.5335038147828931,-0.6917512136428366,-0.9995218,1457,-0.99942994
60,3.0,1,10,LONG,-0.3166463375091553,-0.5336375837491986,-0.7529915564783336,-0.99999106,7210,-0.99998635
20,3.0,10,20,SHORT,-0.34633010625839233,-0.5347508676956961,-0.6292619385498086,-0.999997,734,-0.9999963
40,3.0,2,5,SHORT,-0.323128879070282,-0.535614149810742,-0.6617639771649835,-0.9999953,3641,-0.9999897
20,3.0,10,10,SHORT,-0.34633010625839233,-0.5357309806851879,-0.6305756033001241,-0.9999971,734,-0.9999963
60,2.0,3,5,SHORT,-0.23411482572555542,-0.5363626176982701,-0.6939686908706644,-0.9998163,2448,-0.9996092
60,2.5,10,20,SHORT,-0.2326958179473877,-0.5395309699576939,-0.6134191416610041,-0.99960685,734,-0.9995873
120,3.0,2,10,SHORT,-0.33654361963272095,-0.5423423629773264,-0.6293496809273452,-0.99999774,3599,-0.9999943
120,3.0,2,20,SHORT,-0.33654361963272095,-0.5429269429312759,-0.6299605480261086,-0.99999774,3599,-0.9999943
40,2.0,5,10,SHORT,-0.18229496479034424,-0.5482256044224418,-0.795346446860696,-0.99822587,1473,-0.9973177
40,3.0,1,10,LONG,-0.32133620977401733,-0.5501732385081355,-0.759926250767671,-0.9999928,7216,-0.99998885
40,3.0,1,20,LONG,-0.32145988941192627,-0.550821241259318,-0.7604966005376862,-0.99999297,7216,-0.9999889
60,1.0,3,5,SHORT,-0.23515909910202026,-0.5615235545604631,-0.7265201447061955,-0.99983907,2448,-0.99962455
10,2.0,5,10,SHORT,-0.18417054414749146,-0.5624737712386032,-0.8243522808922482,-0.99829924,1479,-0.9974929
60,1.5,3,5,SHORT,-0.23705697059631348,-0.566414183437495,-0.731677729159567,-0.9998368,2448,-0.999651
40,2.0,5,20,SHORT,-0.16830003261566162,-0.5665361160520083,-0.8757522017776859,-0.9969814,1473,-0.9955808
20,3.0,10,5,SHORT,-0.36799508333206177,-0.5677730130174292,-0.6706561474753298,-0.9999989,734,-0.9999986
120,3.0,1,5,SHORT,-0.37208592891693115,-0.5697792378868409,-0.6634159382462361,-0.99999946,7130,-0.99999887
120,2.0,3,5,SHORT,-0.25227177143096924,-0.5756646475793743,-0.7349051825432789,-0.9999148,2428,-0.99980706
20,3.0,1,5,LONG,-0.3744552731513977,-0.577944976625603,-0.7966211825272154,-0.9999993,7056,-0.999999
20,2.5,2,20,SHORT,-0.24151360988616943,-0.5822432812708944,-0.7900564845515226,-0.9998666,3686,-0.99970627
20,2.0,5,10,SHORT,-0.18861287832260132,-0.5849685834295514,-0.8425662814154693,-0.99861753,1477,-0.99786496
10,2.0,3,10,SHORT,-0.19103240966796875,-0.587073817337851,-0.816380551201613,-0.99836576,2465,-0.99804455
20,2.5,2,10,SHORT,-0.2467520833015442,-0.588927840938524,-0.796399166838842,-0.999903,3686,-0.99976045
60,1.5,5,5,SHORT,-0.24279415607452393,-0.591347751909959,-0.768402975965105,-0.99978566,1469,-0.9997205
120,3.5,10,20,SHORT,-1.0,-0.5913560740461257,-0.6593784409058001,-1.0000068,722,-1.0000002
120,3.5,10,10,SHORT,-1.0,-0.5913560740461257,-0.6593784409058001,-1.0000068,722,-1.0000002
60,1.0,5,5,SHORT,-0.24310332536697388,-0.5926532894517236,-0.7698979896586886,-0.9997882,1469,-0.99972385
120,3.5,10,5,SHORT,-1.0,-0.5941412152021922,-0.663892170730078,-1.0000068,722,-1.0000002
20,2.0,10,5,SHORT,-0.23660027980804443,-0.5948635562046982,-0.8731589776376829,-0.9998338,739,-0.9996448
40,2.0,3,10,SHORT,-0.19610530138015747,-0.5958288914411549,-0.8357555830654049,-0.99863505,2454,-0.99837494
20,1.0,10,5,SHORT,-0.2295926809310913,-0.5985964821837251,-0.9115195166213885,-0.9997826,739,-0.99953526
20,1.5,10,5,SHORT,-0.2295926809310913,-0.5985964821837251,-0.9115195166213885,-0.9997826,739,-0.99953526
120,2.0,10,5,SHORT,-0.24103659391403198,-0.5998332762871329,-0.852510075453148,-0.9997266,729,-0.9997008
120,3.0,1,20,SHORT,-0.3785697817802429,-0.6061481821707706,-0.7057026759231338,-0.9999996,7130,-0.99999917
120,1.0,2,5,SHORT,-0.2645221948623657,-0.6063537593059355,-0.7502242714494074,-0.9999352,3642,-0.9998813
120,3.0,1,10,SHORT,-0.3785697817802429,-0.6068901463297001,-0.706603889228571,-0.9999996,7130,-0.99999917
120,1.5,2,5,SHORT,-0.26502931118011475,-0.6078926342967851,-0.7523269198087534,-0.9999365,3642,-0.9998837
120,1.0,10,5,SHORT,-0.2339407205581665,-0.6095557570861337,-0.8978869436409812,-0.99964046,729,-0.99960655
120,1.5,10,5,SHORT,-0.2339407205581665,-0.6095557570861337,-0.8978869436409812,-0.99964046,729,-0.99960655
10,2.0,5,20,SHORT,-0.1827549934387207,-0.6100551640757276,-0.9030182101452443,-0.9981497,1479,-0.9973617
60,2.0,5,20,SHORT,-0.18443816900253296,-0.6122150305883366,-0.9316314423918657,-0.9981606,1469,-0.997517
40,2.5,2,5,SHORT,-0.3004075884819031,-0.6138919461346338,-0.7635378993601342,-0.99999106,3677,-0.99997276
10,2.0,10,5,SHORT,-0.23481059074401855,-0.6200858766475078,-0.9187606674391727,-0.999773,740,-0.9996195
60,2.0,5,10,SHORT,-0.2035294771194458,-0.623450613657057,-0.9130736247726293,-0.9991104,1469,-0.99876314
20,2.5,2,5,SHORT,-0.29288506507873535,-0.63148371481809,-0.8331300322543048,-0.99998856,3686,-0.9999627
60,2.0,10,5,SHORT,-0.24627232551574707,-0.6353894508339518,-0.9188491043455929,-0.9997932,735,-0.9997559
60,1.0,10,5,SHORT,-0.2382432222366333,-0.6389675844601315,-0.9565085101614823,-0.9997174,735,-0.99966663
60,1.5,10,5,SHORT,-0.23884713649749756,-0.6409166327691839,-0.959684753586445,-0.999724,735,-0.9996743
60,1.5,2,5,SHORT,-0.27893996238708496,-0.6425646560971904,-0.8039474145864308,-0.99995875,3672,-0.9999337
40,2.0,3,20,SHORT,-0.192793071269989,-0.6426288508089751,-0.9248996815992597,-0.998444,2454,-0.99816597
120,1.0,3,5,SHORT,-0.26258736848831177,-0.642634399247531,-0.8102605783269613,-0.9999475,2428,-0.9998718
60,1.0,2,5,SHORT,-0.27945202589035034,-0.6448423778252254,-0.8063871559144445,-0.99995965,3672,-0.9999351
20,2.0,2,5,SHORT,-0.2724742889404297,-0.645040729835145,-0.8364809778265305,-0.99996996,3692,-0.9999138
120,1.5,3,5,SHORT,-0.26419776678085327,-0.646156066551637,-0.813495333065441,-0.9999471,2428,-0.9998798
20,2.5,3,5,SHORT,-0.28808075189590454,-0.6464452829174445,-0.8631572868358224,-0.9999782,2459,-0.99995446
20,3.0,1,20,LONG,-0.393039345741272,-0.6484061987583267,-0.8819552483856096,-0.9999997,7056,-0.9999996
120,2.0,5,20,SHORT,-0.19938653707504272,-0.6491691963927311,-0.9688430157305129,-0.9988493,1457,-0.9985592
20,3.0,1,10,LONG,-0.393039345741272,-0.6500970184011194,-0.8843223843472386,-0.9999997,7056,-0.9999996
40,2.5,2,10,SHORT,-0.2739707827568054,-0.6514627635830154,-0.8071774464884954,-0.99996674,3677,-0.9999189
40,2.5,2,20,SHORT,-0.27266305685043335,-0.6600247866234193,-0.8175517591305601,-0.9999621,3677,-0.99991447
20,2.0,3,5,SHORT,-0.2739707827568054,-0.6603634531470566,-0.8760344492198576,-0.9999518,2461,-0.9999189
10,1.5,10,5,SHORT,-0.23366600275039673,-0.6654187175942388,-1.0053894662882426,-0.99975824,740,-0.9996024
10,1.0,10,5,SHORT,-0.23366600275039673,-0.6654187175942388,-1.0053894662882426,-0.99975824,740,-0.9996024
10,2.0,3,20,SHORT,-0.19746750593185425,-0.6662589481460328,-0.9219597935761192,-0.99863964,2465,-0.99845403
20,2.0,5,20,SHORT,-0.18635326623916626,-0.6706958736881785,-1.0132844935497356,-0.99836284,1477,-0.9976829
40,1.5,2,5,SHORT,-0.28245723247528076,-0.6719756360646707,-0.8607384300606049,-0.99997246,3682,-0.9999426
40,1.0,2,5,SHORT,-0.2827373147010803,-0.6730596397451915,-0.862075274859488,-0.99997276,3682,-0.99994326
120,2.0,5,10,SHORT,-0.21229928731918335,-0.6730704244186689,-0.985515262268668,-0.99925095,1457,-0.999107
20,2.0,3,10,SHORT,-0.22367656230926514,-0.6879160270972501,-0.9670693288719333,-0.999584,2461,-0.99941796
20,2.5,3,10,SHORT,-0.27316761016845703,-0.6886102796261762,-0.9154497186738415,-0.99995726,2459,-0.9999162
60,2.5,5,5,SHORT,-0.33875977993011475,-0.6888864844673014,-0.786439641444547,-0.9999957,1468,-0.9999948
20,1.0,2,5,SHORT,-0.28210508823394775,-0.6903056221454043,-0.8932428213530402,-0.99997884,3692,-0.99994177
10,1.0,3,10,SHORT,-0.19459211826324463,-0.6908464321747083,-0.9750772074197352,-0.9985864,2465,-0.9982825
20,1.5,2,5,SHORT,-0.28245723247528076,-0.6914771052162778,-0.8947683533827799,-0.9999791,3692,-0.9999426
60,2.0,2,5,SHORT,-0.3028106689453125,-0.6975913552678308,-0.8673611121256105,-0.99998754,3671,-0.9999754
10,1.5,3,10,SHORT,-0.19669467210769653,-0.6997564046622058,-0.987764109667909,-0.9986911,2465,-0.9984096
20,1.5,5,10,SHORT,-0.20628422498703003,-0.7041742136949929,-0.9995035458749325,-0.9992704,1477,-0.998883
20,1.0,5,10,SHORT,-0.2066231369972229,-0.7064266594735676,-1.0022031233621538,-0.99927944,1477,-0.99889696
20,2.0,3,20,SHORT,-0.20907855033874512,-0.7123393643668922,-1.0170006946154555,-0.9991355,2461,-0.9989931
40,2.0,10,10,SHORT,-0.22758334875106812,-0.7137745199838256,-1.0486584683272762,-0.99965286,737,-0.99949825
20,2.0,10,10,SHORT,-0.22172653675079346,-0.7171111782052112,-1.046573252820895,-0.9995752,739,-0.9993734
20,1.0,3,5,SHORT,-0.28549492359161377,-0.7173070156723422,-0.9411855630378215,-0.99996674,2461,-0.99994934
20,1.5,3,5,SHORT,-0.28566694259643555,-0.7176281709459679,-0.9421240205868079,-0.99996704,2461,-0.9999497
20,2.5,3,20,SHORT,-0.27986013889312744,-0.7177568474794643,-0.9524358157999069,-0.9999644,2459,-0.99993616
40,1.0,5,10,SHORT,-0.21029680967330933,-0.7252608161097411,-1.0192324991535717,-0.999368,1473,-0.99903774
10,1.0,5,10,SHORT,-0.2052443027496338,-0.7272526909097047,-1.048606581345983,-0.99919426,1479,-0.99883914
40,1.5,5,10,SHORT,-0.21106719970703125,-0.7280935929012946,-1.023750897807133,-0.9993859,1473,-0.999065
40,2.0,10,20,SHORT,-0.21294653415679932,-0.7282364334046195,-1.083385034448452,-0.9992934,737,-0.99912834
10,1.5,5,10,SHORT,-0.20688670873641968,-0.7329932153308836,-1.056098755725125,-0.9992418,1479,-0.9989077
60,2.5,5,10,SHORT,-0.30846595764160156,-0.7350591395960211,-0.8708778705645172,-0.9999847,1468,-0.9999806
40,1.0,3,10,SHORT,-0.2166692614555359,-0.7456419728923346,-1.030601142954117,-0.9993623,2455,-0.9992418
40,2.0,2,5,SHORT,-0.31146419048309326,-0.7481286451888065,-0.9313737675695287,-0.99999225,3681,-0.99998295
40,1.5,3,10,SHORT,-0.21739667654037476,-0.7483233736968617,-1.0341402952774894,-0.9993681,2455,-0.9992623
120,2.0,2,10,SHORT,-0.25583142042160034,-0.7538425235461224,-1.0076759517907927,-0.9999184,3641,-0.99983233
60,2.5,5,20,SHORT,-0.3126377463340759,-0.7598750128760973,-0.9000141609365991,-0.99998707,1468,-0.9999838
120,2.0,10,10,SHORT,-0.23908019065856934,-0.7618858480358686,-1.1105116510199236,-0.9997555,729,-0.99967724
40,2.5,10,5,SHORT,-0.3262507915496826,-0.7620253082235632,-0.8911152463555221,-0.9999938,736,-0.999991
10,2.0,10,20,SHORT,-0.21805572509765625,-0.7649212558939035,-1.1323329894809693,-0.99942285,740,-0.99928033
10,2.0,10,10,SHORT,-0.23605716228485107,-0.7672201672977242,-1.1235287163064183,-0.9997494,740,-0.9996373
120,2.5,1,5,SHORT,-0.3670801520347595,-0.7677129284936592,-0.9223198649463475,-0.9999992,7256,-0.99999857
120,2.0,2,20,SHORT,-0.2500590682029724,-0.7695127906252164,-1.0358711105409955,-0.99988145,3641,-0.99978954
20,2.5,1,5,SHORT,-0.3582971692085266,-0.7706374729363642,-0.9637056226031196,-0.99999905,7359,-0.99999785
60,2.5,1,5,SHORT,-0.365355908870697,-0.778784121038858,-0.9471731110312421,-0.99999917,7323,-0.99999845
60,2.0,10,10,SHORT,-0.2389848232269287,-0.7816564809196345,-1.1424959367317118,-0.99976635,735,-0.99967605
20,1.5,10,10,SHORT,-0.21740317344665527,-0.7818879684557977,-1.1674741402500952,-0.9995047,739,-0.99926245
20,1.0,10,10,SHORT,-0.21747851371765137,-0.7823952063645403,-1.1680376134570245,-0.99949795,739,-0.99926454
10,2.0,2,5,SHORT,-0.3105015754699707,-0.7835129543933849,-0.985918660116112,-0.99999225,3697,-0.99998224
40,2.5,10,10,SHORT,-0.30315738916397095,-0.7835371055468824,-0.8845093605283468,-0.99998003,736,-0.99997574
120,2.0,10,20,SHORT,-0.23423421382904053,-0.7836382349932647,-1.1539364646499843,-0.9997097,729,-0.99961096
60,1.0,5,10,SHORT,-0.22493457794189453,-0.787734913433285,-1.120692210260482,-0.99959165,1469,-0.9994451
60,2.0,10,20,SHORT,-0.2247653603553772,-0.7900068000077815,-1.1655856310849877,-0.9995319,735,-0.9994415
60,1.5,5,10,SHORT,-0.226274311542511,-0.7912938957447949,-1.1273454081515597,-0.9996119,1469,-0.9994726
20,2.0,2,10,SHORT,-0.24442964792251587,-0.7953006269998809,-1.1018241468734638,-0.99988085,3692,-0.99973774
20,2.5,10,5,SHORT,-0.3565490245819092,-0.7987624516080619,-0.91076324655749,-0.9999988,738,-0.9999977
20,2.0,10,20,SHORT,-0.22143620252609253,-0.8006173847004361,-1.1920230510178296,-0.9995074,739,-0.99936646
40,2.5,5,5,SHORT,-0.3549261689186096,-0.8006212689187499,-0.9557764234978109,-0.99999815,1472,-0.9999975
40,2.5,10,20,SHORT,-0.3036274313926697,-0.8014966573403279,-0.8979676771915686,-0.99997973,736,-0.9999762
40,2.5,5,20,SHORT,-0.3071292042732239,-0.8046854879551444,-1.0090204912774479,-0.9999856,1472,-0.9999795
20,2.5,5,10,SHORT,-0.3256518244743347,-0.805579751058223,-0.9751537932044184,-0.99999326,1476,-0.99999076
20,2.5,5,20,SHORT,-0.3206073045730591,-0.8058816606686537,-0.9807005709239014,-0.9999915,1476,-0.9999885
20,2.5,1,20,SHORT,-0.327656626701355,-0.8085335870985106,-1.0202063956435814,-0.9999936,7359,-0.99999154
40,2.5,5,10,SHORT,-0.31204384565353394,-0.8090889935766387,-1.010238191779982,-0.9999882,1472,-0.9999834
20,2.5,1,10,SHORT,-0.33111685514450073,-0.8098689427244018,-1.0198143613910036,-0.9999957,7359,-0.9999927
40,2.5,1,5,SHORT,-0.37099021673202515,-0.8110887695143438,-0.9956780470057947,-0.9999994,7344,-0.9999988
40,1.0,10,10,SHORT,-0.2271931767463684,-0.8116734923568483,-1.197086356371978,-0.9996544,737,-0.99949074
40,1.5,10,10,SHORT,-0.22861313819885254,-0.817399339094861,-1.2069359851675223,-0.99967444,737,-0.99951756
60,2.0,3,10,SHORT,-0.24985772371292114,-0.821265859380766,-1.1221657071683933,-0.9998321,2448,-0.99978787
20,2.5,5,5,SHORT,-0.37574291229248047,-0.8225831040051974,-0.9589512580057901,-0.99999934,1476,-0.99999905
10,1.5,2,5,SHORT,-0.3143274188041687,-0.8230511299045133,-1.032945254253489,-0.9999932,3697,-0.9999849
10,1.0,2,5,SHORT,-0.3146987557411194,-0.8244739636863893,-1.0346464576640917,-0.9999932,3697,-0.99998516
20,2.5,10,10,SHORT,-0.3273369073867798,-0.833690713645325,-0.9419024863824341,-0.99999344,738,-0.9999914
60,2.5,1,10,SHORT,-0.3390195965766907,-0.8392386979172379,-1.0435866460927121,-0.99999756,7323,-0.9999949
20,2.5,10,20,SHORT,-0.3258001208305359,-0.8416814681907849,-0.9472859279475989,-0.9999927,738,-0.9999908
60,2.0,3,20,SHORT,-0.2375621795654297,-0.8428505226023381,-1.1730483371199634,-0.99972516,2448,-0.99965775
10,1.0,5,20,SHORT,-0.19839656352996826,-0.8528508370194455,-1.2775727298545585,-0.99891776,1479,-0.99850583
10,1.5,5,20,SHORT,-0.1997947096824646,-0.8546826765077377,-1.2800237402815786,-0.9989761,1479,-0.99858063
60,2.0,2,10,SHORT,-0.2739707827568054,-0.8566425594473687,-1.094867823155041,-0.9999591,3671,-0.9999189
40,2.5,1,10,SHORT,-0.3385028839111328,-0.8578993337483924,-1.0642170278910779,-0.9999965,7344,-0.99999475
60,2.5,1,20,SHORT,-0.34208714962005615,-0.8596809333704292,-1.0692433213215276,-0.9999976,7323,-0.9999955
10,2.0,2,10,SHORT,-0.26859354972839355,-0.8602849260498437,-1.1492708524805766,-0.99994457,3697,-0.9998992
20,1.5,3,10,SHORT,-0.24927669763565063,-0.8617554755370298,-1.1748550873469954,-0.99983484,2461,-0.999783
120,2.5,1,20,SHORT,-0.36155039072036743,-0.8693329473041556,-1.0555568871269008,-0.9999988,7256,-0.99999815
20,1.0,3,10,SHORT,-0.25085049867630005,-0.8698019381246685,-1.1845937309042813,-0.99984473,2461,-0.999796
120,1.5,5,10,SHORT,-0.23303312063217163,-0.8715627625897413,-1.2567156082919766,-0.999669,1457,-0.9995926
120,2.5,1,10,SHORT,-0.3637552857398987,-0.8728375297020563,-1.0613359612860458,-0.999999,7256,-0.99999833
120,1.5,10,10,SHORT,-0.23210716247558594,-0.8734124207936398,-1.3222869101792507,-0.99969786,729,-0.9995779
60,1.0,10,10,SHORT,-0.2363014817237854,-0.8741018032574623,-1.3208212327718458,-0.9997155,735,-0.9996407
120,2.0,3,10,SHORT,-0.26906830072402954,-0.8749340142097898,-1.190917137653285,-0.99991566,2428,-0.9999011
120,1.0,10,10,SHORT,-0.2320372462272644,-0.8763332706008352,-1.3216595408951515,-0.9996866,729,-0.99957675
120,2.0,3,20,SHORT,-0.25955528020858765,-0.8789312294464485,-1.222659995993188,-0.9998771,2428,-0.99985534
40,2.5,1,20,SHORT,-0.34036391973495483,-0.8790179918406134,-1.0919615131822344,-0.99999654,7344,-0.9999952
120,1.0,5,10,SHORT,-0.23376774787902832,-0.8799063311198979,-1.268722087978746,-0.99966925,1457,-0.9996039
10,1.0,3,20,SHORT,-0.20449167490005493,-0.8804501884195347,-1.2595383547844323,-0.99895054,2465,-0.99880636
10,1.5,3,20,SHORT,-0.20591384172439575,-0.8822555201992577,-1.2606907609650668,-0.9990031,2465,-0.9988676
10,1.0,10,10,SHORT,-0.23518800735473633,-0.8824652640769765,-1.3001926068914365,-0.99973255,740,-0.99962497
120,2.5,10,20,SHORT,-0.3452794551849365,-0.8834537081462869,-1.0503335165997743,-0.9999966,728,-0.9999961
10,1.5,10,10,SHORT,-0.23554152250289917,-0.8839623738927473,-1.3029245165617462,-0.99973613,740,-0.99963003
40,1.5,5,20,SHORT,-0.20615065097808838,-0.8841653917474193,-1.3577503273960418,-0.99918795,1473,-0.99887747
60,1.5,10,10,SHORT,-0.2392815351486206,-0.8858939588872398,-1.3441226717215002,-0.9997464,735,-0.99967974
120,2.0,1,5,SHORT,-0.3689492344856262,-0.8902519281359842,-1.0832137758336753,-0.99999917,7281,-0.9999987
40,1.0,3,20,SHORT,-0.21684139966964722,-0.8950771516290453,-1.2571884947659486,-0.9993499,2455,-0.9992467
40,1.0,5,20,SHORT,-0.20670777559280396,-0.8960101354245967,-1.3619354395852379,-0.9992012,1473,-0.9989004
40,1.5,3,20,SHORT,-0.2188190221786499,-0.8962065278651569,-1.2450405880295647,-0.9993964,2455,-0.9993007
60,1.5,5,20,SHORT,-0.21151351928710938,-0.9017720225056923,-1.3615572005611905,-0.9992725,1469,-0.9990804
20,1.0,2,10,SHORT,-0.25605714321136475,-0.9029805865885031,-1.2433139458534428,-0.99991804,3692,-0.9998338
60,1.5,3,10,SHORT,-0.2502329349517822,-0.9041062252669244,-1.2437411368872426,-0.9998311,2448,-0.99979097
60,2.0,2,20,SHORT,-0.2674575448036194,-0.9061683648936472,-1.1778615790394191,-0.9999285,3671,-0.9998945
20,1.5,2,10,SHORT,-0.2569614052772522,-0.9067109539191309,-1.2489688805915422,-0.9999223,3692,-0.99983966
120,2.5,10,10,SHORT,-0.3529284596443176,-0.9090175137539194,-1.0820604171420283,-0.9999976,728,-0.99999726
120,2.5,10,5,SHORT,-0.3771108388900757,-0.9122676186729575,-1.0727754514095158,-0.9999991,728,-0.9999991
60,1.0,3,10,SHORT,-0.2517586350440979,-0.9182981627432054,-1.2648370158661886,-0.99983907,2448,-0.9998031
60,1.0,5,20,SHORT,-0.21371817588806152,-0.9298195470762206,-1.39600711324584,-0.9993261,1469,-0.99915314
10,1.5,10,20,SHORT,-0.20742285251617432,-0.9333833641611939,-1.4297281411084828,-0.9991222,740,-0.9989292
60,2.0,1,5,SHORT,-0.38013315200805664,-0.9344645663203272,-1.143754345486381,-0.9999994,7342,-0.9999992
10,1.0,10,20,SHORT,-0.20696622133255005,-0.9406639975951201,-1.440054335183457,-0.9991051,740,-0.9989109
20,2.0,2,20,SHORT,-0.2571026682853699,-0.9463837172059409,-1.3265435781316255,-0.99988514,3692,-0.99984056
40,2.0,2,10,SHORT,-0.28651535511016846,-0.9492880886167486,-1.2203783796814176,-0.9999707,3681,-0.9999514
120,1.5,1,5,SHORT,-0.3744552731513977,-0.9493409098440512,-1.158886050581119,-0.9999993,7283,-0.999999
10,2.0,2,20,SHORT,-0.2688446640968323,-0.9514998799732542,-1.2798227840646494,-0.9999301,3697,-0.9999002
40,1.5,10,20,SHORT,-0.21822130680084229,-0.9562903891484472,-1.4892478838175176,-0.99940085,737,-0.9992848
40,1.5,2,10,SHORT,-0.2719160318374634,-0.9577368180669971,-1.2854098223542003,-0.9999454,3682,-0.99991184
40,1.0,10,20,SHORT,-0.21601355075836182,-0.9578521803347958,-1.4766592845182414,-0.9993514,737,-0.99922293
120,1.5,5,20,SHORT,-0.22066783905029297,-0.9600149284846458,-1.4411337814529634,-0.9994949,1457,-0.9993478
120,1.0,1,5,SHORT,-0.3771108388900757,-0.9608878955511568,-1.1718986307980956,-0.99999934,7283,-0.9999991
20,2.0,1,5,SHORT,-0.37099021673202515,-0.9611735811643771,-1.2283257746134224,-0.9999994,7383,-0.9999988
20,1.5,5,20,SHORT,-0.22013795375823975,-0.9625137702289166,-1.434968125958491,-0.9995278,1477,-0.99933463
40,2.0,1,5,SHORT,-0.3818172812461853,-0.9626814023791299,-1.1994711530529347,-0.9999996,7361,-0.9999993
40,1.0,2,10,SHORT,-0.2730449438095093,-0.9641290682893263,-1.292269163932159,-0.9999472,3682,-0.9999158
20,1.5,3,20,SHORT,-0.23012173175811768,-0.965813055028402,-1.348853239506757,-0.9996142,2461,-0.99954456
20,1.0,5,20,SHORT,-0.2199416160583496,-0.9677391403645321,-1.4412258582776118,-0.9995174,1477,-0.9993297
60,1.5,2,10,SHORT,-0.2786986827850342,-0.9782133324106413,-1.315214516548421,-0.99996203,3672,-0.99993306
60,1.5,1,5,SHORT,-0.3818172812461853,-0.978626223023651,-1.2106965358052533,-0.9999994,7343,-0.9999993
20,1.0,3,20,SHORT,-0.2323477864265442,-0.9842631631498412,-1.372651983261005,-0.99965316,2461,-0.99958175
10,1.5,2,10,SHORT,-0.27264583110809326,-0.9848280658731127,-1.3389004529390918,-0.9999523,3697,-0.9999144
10,1.0,2,10,SHORT,-0.27261143922805786,-0.98489696924656,-1.3384078564583743,-0.9999515,3697,-0.9999143
60,1.5,10,20,SHORT,-0.22428035736083984,-0.9862312548168674,-1.5431846381847678,-0.99949914,735,-0.99943113
60,1.0,1,5,SHORT,-0.3836427927017212,-0.9876150765880946,-1.2208652742431367,-0.99999946,7343,-0.99999934
60,1.0,2,10,SHORT,-0.2797916531562805,-0.9889906947459385,-1.3260864354034076,-0.99996346,3672,-0.999936
60,1.0,10,20,SHORT,-0.22093051671981812,-0.9903405746763826,-1.5454434458242243,-0.9994319,735,-0.99935424
120,1.5,2,10,SHORT,-0.2784164547920227,-0.9975966025240091,-1.3422780738638322,-0.99995905,3642,-0.9999323
120,1.5,10,20,SHORT,-0.22466987371444702,-1.0001875236942324,-1.565875607335844,-0.9995732,729,-0.9994395
20,1.5,1,5,SHORT,-0.37574291229248047,-1.001984545731913,-1.283813409120248,-0.9999995,7383,-0.99999905
20,1.0,10,20,SHORT,-0.22725164890289307,-1.0021305638775435,-1.531366929645134,-0.9995963,739,-0.9994919
20,1.5,10,20,SHORT,-0.22845804691314697,-1.0035156101460274,-1.5366820241629813,-0.9996138,739,-0.9995147
10,2.0,1,5,SHORT,-0.3771108388900757,-1.0044660167314081,-1.261877337447992,-0.99999934,7393,-0.9999991
20,1.0,1,5,SHORT,-0.3771108388900757,-1.005809773295281,-1.2881359988851597,-0.9999995,7383,-0.9999991
40,1.5,1,5,SHORT,-0.38563627004623413,-1.006922532211932,-1.2643822277835075,-0.99999964,7363,-0.9999994
120,1.0,2,10,SHORT,-0.27925044298171997,-1.0092296817615596,-1.3550871937981712,-0.99995977,3642,-0.99993455
120,1.5,3,10,SHORT,-0.2695063352584839,-1.0102244229241018,-1.3648531596037976,-0.9999168,2428,-0.99990284
40,1.0,1,5,SHORT,-0.38563627004623413,-1.011279573452554,-1.2695033954744608,-0.9999996,7363,-0.9999994
120,1.0,5,20,SHORT,-0.2239290475845337,-1.0114155428943137,-1.521313580680706,-0.9995067,1457,-0.9994235
120,1.0,3,10,SHORT,-0.26822859048843384,-1.0189354918132845,-1.383458684807832,-0.99991506,2428,-0.9998977
60,1.5,3,20,SHORT,-0.239166259765625,-1.0425225556746291,-1.4784523126739697,-0.9997354,2448,-0.9996783
120,1.0,10,20,SHORT,-0.22662729024887085,-1.0563021383557067,-1.6657884308716633,-0.99953055,729,-0.99947965
40,2.0,2,20,SHORT,-0.2922033667564392,-1.07479842586259,-1.4003503897052272,-0.9999703,3681,-0.9999616
120,1.5,3,20,SHORT,-0.24641656875610352,-1.078694729341005,-1.5375492102869655,-0.99979776,2428,-0.9997573
120,1.5,2,20,SHORT,-0.2582113742828369,-1.084226129407355,-1.5028084164842224,-0.99988616,3642,-0.9998474
10,1.5,1,5,SHORT,-0.39027833938598633,-1.0914577403761843,-1.3662217932631784,-0.99999964,7393,-0.9999995
10,1.0,1,5,SHORT,-0.39027833938598633,-1.0936147112635637,-1.3686801708036043,-0.99999964,7393,-0.9999995
60,1.5,2,20,SHORT,-0.25988924503326416,-1.1035766325715857,-1.5430380461940354,-0.9998797,3672,-0.99985725
10,1.5,2,20,SHORT,-0.25243717432022095,-1.1135801578235027,-1.5649168809245997,-0.9998634,3697,-0.9998083
60,1.0,3,20,SHORT,-0.247195303440094,-1.1145580849026373,-1.606712641679969,-0.9998016,2448,-0.99976456
10,1.0,2,20,SHORT,-0.25332093238830566,-1.1244006600704202,-1.5771813473212504,-0.9998651,3697,-0.99981487
120,1.0,2,20,SHORT,-0.25810325145721436,-1.1431816041093172,-1.6044093136391904,-0.9998808,3642,-0.99984676
40,1.5,2,20,SHORT,-0.267897367477417,-1.1546787534393756,-1.609903371457278,-0.99991745,3682,-0.99989635
60,1.0,2,20,SHORT,-0.26558583974838257,-1.1666224417837854,-1.6336185308198432,-0.99990064,3672,-0.9998863
120,1.0,3,20,SHORT,-0.24982190132141113,-1.1688192523262995,-1.716837684629489,-0.99982023,2428,-0.99978757
20,1.5,2,20,SHORT,-0.26825761795043945,-1.1695645962463423,-1.6455709854930858,-0.9999233,3692,-0.99989784
120,2.0,1,10,SHORT,-0.36454129219055176,-1.1879213254417782,-1.492130988827428,-0.99999875,7281,-0.9999984
60,2.0,1,10,SHORT,-0.35891133546829224,-1.190648750798925,-1.5179505848632553,-0.9999987,7342,-0.9999979
20,1.0,2,20,SHORT,-0.2717326879501343,-1.1943420140494259,-1.673387448720553,-0.9999333,3692,-0.9999112
40,2.0,1,10,SHORT,-0.3559950590133667,-1.207014389002067,-1.5581650036306005,-0.9999983,7361,-0.9999976
120,2.0,1,20,SHORT,-0.35545432567596436,-1.2091042135583048,-1.5229191913320022,-0.999998,7281,-0.99999756
40,1.0,2,20,SHORT,-0.27493149042129517,-1.2099328936024494,-1.6906418292803107,-0.99993443,3682,-0.999922
10,2.0,1,10,SHORT,-0.3559950590133667,-1.2242241821797655,-1.604841259525898,-0.9999981,7393,-0.9999976
60,2.0,1,20,SHORT,-0.3456243872642517,-1.22704167173628,-1.5545132262846622,-0.99999684,7342,-0.9999962
20,2.0,1,10,SHORT,-0.35199177265167236,-1.246673057857888,-1.6485990774147652,-0.99999833,7383,-0.99999714
10,2.0,1,20,SHORT,-0.3390195965766907,-1.2586298933523132,-1.6575009701766144,-0.999995,7393,-0.9999949
40,2.0,1,20,SHORT,-0.3534116744995117,-1.319728768205982,-1.698440295422324,-0.99999785,7361,-0.9999973
60,1.5,1,10,SHORT,-0.36155039072036743,-1.3413013400047522,-1.7771809920700352,-0.99999875,7343,-0.99999815
20,2.0,1,20,SHORT,-0.34781020879745483,-1.361563726414494,-1.8090561022006062,-0.999997,7383,-0.99999654
60,1.0,1,10,SHORT,-0.36620140075683594,-1.3713348480506717,-1.8110790232768463,-0.99999887,7343,-0.9999985
20,1.5,1,10,SHORT,-0.362995982170105,-1.3811315180894683,-1.8430645115122866,-0.9999988,7383,-0.9999983
40,1.5,1,10,SHORT,-0.37099021673202515,-1.3928063896293084,-1.843994476001171,-0.99999905,7363,-0.9999988
20,1.0,1,10,SHORT,-0.365355908870697,-1.3968222687206573,-1.8624643519739723,-0.9999988,7383,-0.99999845
120,1.5,1,10,SHORT,-0.37099021673202515,-1.4048683149564003,-1.839215197899459,-0.999999,7283,-0.9999988
40,1.0,1,10,SHORT,-0.37208592891693115,-1.40599031128623,-1.8596832897331264,-0.99999905,7363,-0.99999887
120,1.0,1,10,SHORT,-0.37323880195617676,-1.4270834571732107,-1.861089335162923,-0.999999,7283,-0.9999989
10,1.5,1,10,SHORT,-0.37574291229248047,-1.468313376074107,-1.9473792911685037,-0.99999917,7393,-0.99999905
10,1.0,1,10,SHORT,-0.3771108388900757,-1.476062550572422,-1.9563332655366188,-0.99999917,7393,-0.9999991
120,1.5,1,20,SHORT,-0.34858763217926025,-1.5481610815038722,-2.0604234348304975,-0.9999972,7283,-0.99999666
60,1.5,1,20,SHORT,-0.3470582365989685,-1.555527071135506,-2.0934133262325334,-0.99999666,7343,-0.9999964
40,1.5,1,20,SHORT,-0.3582971692085266,-1.629419093797194,-2.1915264461686483,-0.99999803,7363,-0.99999785
10,1.5,1,20,SHORT,-0.3498055338859558,-1.633331392708183,-2.210118848462497,-0.9999969,7393,-0.99999684
20,1.5,1,20,SHORT,-0.3565490245819092,-1.6376069478665038,-2.2137362619978784,-0.9999979,7383,-0.9999977
10,1.0,1,20,SHORT,-0.3524553179740906,-1.658441448694722,-2.2369109708881783,-0.99999726,7393,-0.9999972
120,1.0,1,20,SHORT,-0.35199177265167236,-1.6603636680147105,-2.2208713646290863,-0.99999726,7283,-0.99999714
60,1.0,1,20,SHORT,-0.35891133546829224,-1.6688442784428474,-2.23099044492507,-0.9999981,7343,-0.9999979
20,1.0,1,20,SHORT,-0.362995982170105,-1.6922543542022828,-2.281362886165068,-0.99999845,7383,-0.9999983
40,1.0,1,20,SHORT,-0.36620140075683594,-1.7024565228760433,-2.2815014811653644,-0.9999986,7363,-0.9999985
